feature_id,feature_name,module,dossier_path,schema_version,mandatory_sections,nested_requirement_types,requirement_contract,ux_contract,working_status,readiness_gate,current_code_evidence,semantic_research,note
F001,Leads,CRM,docs/03-modules/crm/features/F001-leads.md,3.0.0,54,21,PASS,PASS,UNSPECIFIED,NONE,PENDING_MODULE_PASS,PENDING_MODULE_PASS,Framework contract only; does not claim researched subfeature completeness.
F002,Accounts / companies,CRM,docs/03-modules/crm/features/F002-accounts-companies.md,3.0.0,54,21,PASS,PASS,UNSPECIFIED,NONE,PENDING_MODULE_PASS,PENDING_MODULE_PASS,Framework contract only; does not claim researched subfeature completeness.
F003,Contacts,CRM,docs/03-modules/crm/features/F003-contacts.md,3.0.0,54,21,PASS,PASS,UNSPECIFIED,NONE,PENDING_MODULE_PASS,PENDING_MODULE_PASS,Framework contract only; does not claim researched subfeature completeness.
F004,Lead sources,CRM,docs/03-modules/crm/features/F004-lead-sources.md,3.0.0,54,21,PASS,PASS,UNSPECIFIED,NONE,PENDING_MODULE_PASS,PENDING_MODULE_PASS,Framework contract only; does not claim researched subfeature completeness.
F005,Lead assignment,CRM,docs/03-modules/crm/features/F005-lead-assignment.md,3.0.0,54,21,PASS,PASS,UNSPECIFIED,NONE,PENDING_MODULE_PASS,PENDING_MODULE_PASS,Framework contract only; does not claim researched subfeature completeness.
F006,Lead qualification,CRM,docs/03-modules/crm/features/F006-lead-qualification.md,3.0.0,54,21,PASS,PASS,UNSPECIFIED,NONE,PENDING_MODULE_PASS,PENDING_MODULE_PASS,Framework contract only; does not claim researched subfeature completeness.
F007,Lead stages and statuses,CRM,docs/03-modules/crm/features/F007-lead-stages-and-statuses.md,3.0.0,54,21,PASS,PASS,UNSPECIFIED,NONE,PENDING_MODULE_PASS,PENDING_MODULE_PASS,Framework contract only; does not claim researched subfeature completeness.
F008,Duplicate detection,CRM,docs/03-modules/crm/features/F008-duplicate-detection.md,3.0.0,54,21,PASS,PASS,UNSPECIFIED,NONE,PENDING_MODULE_PASS,PENDING_MODULE_PASS,Framework contract only; does not claim researched subfeature completeness.
F009,Opportunities,CRM,docs/03-modules/crm/features/F009-opportunities.md,3.0.0,54,21,PASS,PASS,UNSPECIFIED,NONE,PENDING_MODULE_PASS,PENDING_MODULE_PASS,Framework contract only; does not claim researched subfeature completeness.
F010,Opportunity pipeline,CRM,docs/03-modules/crm/features/F010-opportunity-pipeline.md,3.0.0,54,21,PASS,PASS,UNSPECIFIED,NONE,PENDING_MODULE_PASS,PENDING_MODULE_PASS,Framework contract only; does not claim researched subfeature completeness.
F011,Probability and expected revenue,CRM,docs/03-modules/crm/features/F011-probability-and-expected-revenue.md,3.0.0,54,21,PASS,PASS,UNSPECIFIED,NONE,PENDING_MODULE_PASS,PENDING_MODULE_PASS,Framework contract only; does not claim researched subfeature completeness.
F012,Sales stages,CRM,docs/03-modules/crm/features/F012-sales-stages.md,3.0.0,54,21,PASS,PASS,UNSPECIFIED,NONE,PENDING_MODULE_PASS,PENDING_MODULE_PASS,Framework contract only; does not claim researched subfeature completeness.
F013,Calls,CRM,docs/03-modules/crm/features/F013-calls.md,3.0.0,54,21,PASS,PASS,UNSPECIFIED,NONE,PENDING_MODULE_PASS,PENDING_MODULE_PASS,Framework contract only; does not claim researched subfeature completeness.
F014,Meetings,CRM,docs/03-modules/crm/features/F014-meetings.md,3.0.0,54,21,PASS,PASS,UNSPECIFIED,NONE,PENDING_MODULE_PASS,PENDING_MODULE_PASS,Framework contract only; does not claim researched subfeature completeness.
F015,Tasks,CRM,docs/03-modules/crm/features/F015-tasks.md,3.0.0,54,21,PASS,PASS,UNSPECIFIED,NONE,PENDING_MODULE_PASS,PENDING_MODULE_PASS,Framework contract only; does not claim researched subfeature completeness.
F016,Follow-ups and reminders,CRM,docs/03-modules/crm/features/F016-follow-ups-and-reminders.md,3.0.0,54,21,PASS,PASS,UNSPECIFIED,NONE,PENDING_MODULE_PASS,PENDING_MODULE_PASS,Framework contract only; does not claim researched subfeature completeness.
F017,Notes and attachments,CRM,docs/03-modules/crm/features/F017-notes-and-attachments.md,3.0.0,54,21,PASS,PASS,UNSPECIFIED,NONE,PENDING_MODULE_PASS,PENDING_MODULE_PASS,Framework contract only; does not claim researched subfeature completeness.
F018,Email history,CRM,docs/03-modules/crm/features/F018-email-history.md,3.0.0,54,21,PASS,PASS,UNSPECIFIED,NONE,PENDING_MODULE_PASS,PENDING_MODULE_PASS,Framework contract only; does not claim researched subfeature completeness.
F019,Activity timeline,CRM,docs/03-modules/crm/features/F019-activity-timeline.md,3.0.0,54,21,PASS,PASS,UNSPECIFIED,NONE,PENDING_MODULE_PASS,PENDING_MODULE_PASS,Framework contract only; does not claim researched subfeature completeness.
F020,Territories and sales teams,CRM,docs/03-modules/crm/features/F020-territories-and-sales-teams.md,3.0.0,54,21,PASS,PASS,UNSPECIFIED,NONE,PENDING_MODULE_PASS,PENDING_MODULE_PASS,Framework contract only; does not claim researched subfeature completeness.
F021,Lead import and export,CRM,docs/03-modules/crm/features/F021-lead-import-and-export.md,3.0.0,54,21,PASS,PASS,UNSPECIFIED,NONE,PENDING_MODULE_PASS,PENDING_MODULE_PASS,Framework contract only; does not claim researched subfeature completeness.
F022,Lead-to-opportunity conversion,CRM,docs/03-modules/crm/features/F022-lead-to-opportunity-conversion.md,3.0.0,54,21,PASS,PASS,UNSPECIFIED,NONE,PENDING_MODULE_PASS,PENDING_MODULE_PASS,Framework contract only; does not claim researched subfeature completeness.
F023,Opportunity-to-quotation conversion,CRM,docs/03-modules/crm/features/F023-opportunity-to-quotation-conversion.md,3.0.0,54,21,PASS,PASS,UNSPECIFIED,NONE,PENDING_MODULE_PASS,PENDING_MODULE_PASS,Framework contract only; does not claim researched subfeature completeness.
F024,Pipeline dashboard,CRM,docs/03-modules/crm/features/F024-pipeline-dashboard.md,3.0.0,54,21,PASS,PASS,UNSPECIFIED,NONE,PENDING_MODULE_PASS,PENDING_MODULE_PASS,Framework contract only; does not claim researched subfeature completeness.
F025,Sales forecast,CRM,docs/03-modules/crm/features/F025-sales-forecast.md,3.0.0,54,21,PASS,PASS,UNSPECIFIED,NONE,PENDING_MODULE_PASS,PENDING_MODULE_PASS,Framework contract only; does not claim researched subfeature completeness.
F026,Won / lost reasons,CRM,docs/03-modules/crm/features/F026-won-lost-reasons.md,3.0.0,54,21,PASS,PASS,UNSPECIFIED,NONE,PENDING_MODULE_PASS,PENDING_MODULE_PASS,Framework contract only; does not claim researched subfeature completeness.
F027,Basic lead scoring,CRM,docs/03-modules/crm/features/F027-basic-lead-scoring.md,3.0.0,54,21,PASS,PASS,UNSPECIFIED,NONE,PENDING_MODULE_PASS,PENDING_MODULE_PASS,Framework contract only; does not claim researched subfeature completeness.
F028,Custom fields and tags,CRM,docs/03-modules/crm/features/F028-custom-fields-and-tags.md,3.0.0,54,21,PASS,PASS,UNSPECIFIED,NONE,PENDING_MODULE_PASS,PENDING_MODULE_PASS,Framework contract only; does not claim researched subfeature completeness.
F029,Bulk actions,CRM,docs/03-modules/crm/features/F029-bulk-actions.md,3.0.0,54,21,PASS,PASS,UNSPECIFIED,NONE,PENDING_MODULE_PASS,PENDING_MODULE_PASS,Framework contract only; does not claim researched subfeature completeness.
F030,CRM reports,CRM,docs/03-modules/crm/features/F030-crm-reports.md,3.0.0,54,21,PASS,PASS,UNSPECIFIED,NONE,PENDING_MODULE_PASS,PENDING_MODULE_PASS,Framework contract only; does not claim researched subfeature completeness.
F031,Customer master,Sales,docs/03-modules/sales/features/F031-customer-master.md,3.0.0,54,21,PASS,PASS,UNSPECIFIED,NONE,PENDING_MODULE_PASS,PENDING_MODULE_PASS,Framework contract only; does not claim researched subfeature completeness.
F032,Customer addresses and contacts,Sales,docs/03-modules/sales/features/F032-customer-addresses-and-contacts.md,3.0.0,54,21,PASS,PASS,UNSPECIFIED,NONE,PENDING_MODULE_PASS,PENDING_MODULE_PASS,Framework contract only; does not claim researched subfeature completeness.
F033,Products and services,Sales,docs/03-modules/sales/features/F033-products-and-services.md,3.0.0,54,21,PASS,PASS,UNSPECIFIED,NONE,PENDING_MODULE_PASS,PENDING_MODULE_PASS,Framework contract only; does not claim researched subfeature completeness.
F034,Price lists,Sales,docs/03-modules/sales/features/F034-price-lists.md,3.0.0,54,21,PASS,PASS,UNSPECIFIED,NONE,PENDING_MODULE_PASS,PENDING_MODULE_PASS,Framework contract only; does not claim researched subfeature completeness.
F035,Customer-specific prices,Sales,docs/03-modules/sales/features/F035-customer-specific-prices.md,3.0.0,54,21,PASS,PASS,UNSPECIFIED,NONE,PENDING_MODULE_PASS,PENDING_MODULE_PASS,Framework contract only; does not claim researched subfeature completeness.
F036,Quotations,Sales,docs/03-modules/sales/features/F036-quotations.md,3.0.0,54,21,PASS,PASS,UNSPECIFIED,NONE,PENDING_MODULE_PASS,PENDING_MODULE_PASS,Framework contract only; does not claim researched subfeature completeness.
F037,Quotation versions and revisions,Sales,docs/03-modules/sales/features/F037-quotation-versions-and-revisions.md,3.0.0,54,21,PASS,PASS,UNSPECIFIED,NONE,PENDING_MODULE_PASS,PENDING_MODULE_PASS,Framework contract only; does not claim researched subfeature completeness.
F038,Quotation expiry,Sales,docs/03-modules/sales/features/F038-quotation-expiry.md,3.0.0,54,21,PASS,PASS,UNSPECIFIED,NONE,PENDING_MODULE_PASS,PENDING_MODULE_PASS,Framework contract only; does not claim researched subfeature completeness.
F039,Discounts,Sales,docs/03-modules/sales/features/F039-discounts.md,3.0.0,54,21,PASS,PASS,UNSPECIFIED,NONE,PENDING_MODULE_PASS,PENDING_MODULE_PASS,Framework contract only; does not claim researched subfeature completeness.
F040,Taxes,Sales,docs/03-modules/sales/features/F040-taxes.md,3.0.0,54,21,PASS,PASS,UNSPECIFIED,NONE,PENDING_MODULE_PASS,PENDING_MODULE_PASS,Framework contract only; does not claim researched subfeature completeness.
F041,Approval workflow,Sales,docs/03-modules/sales/features/F041-approval-workflow.md,3.0.0,54,21,PASS,PASS,UNSPECIFIED,NONE,PENDING_MODULE_PASS,PENDING_MODULE_PASS,Framework contract only; does not claim researched subfeature completeness.
F042,Sales orders,Sales,docs/03-modules/sales/features/F042-sales-orders.md,3.0.0,54,21,PASS,PASS,UNSPECIFIED,NONE,PENDING_MODULE_PASS,PENDING_MODULE_PASS,Framework contract only; does not claim researched subfeature completeness.
F043,Order confirmation,Sales,docs/03-modules/sales/features/F043-order-confirmation.md,3.0.0,54,21,PASS,PASS,UNSPECIFIED,NONE,PENDING_MODULE_PASS,PENDING_MODULE_PASS,Framework contract only; does not claim researched subfeature completeness.
F044,Order amendments,Sales,docs/03-modules/sales/features/F044-order-amendments.md,3.0.0,54,21,PASS,PASS,UNSPECIFIED,NONE,PENDING_MODULE_PASS,PENDING_MODULE_PASS,Framework contract only; does not claim researched subfeature completeness.
F045,Availability check,Sales,docs/03-modules/sales/features/F045-availability-check.md,3.0.0,54,21,PASS,PASS,UNSPECIFIED,NONE,PENDING_MODULE_PASS,PENDING_MODULE_PASS,Framework contract only; does not claim researched subfeature completeness.
F046,Stock reservation,Sales,docs/03-modules/sales/features/F046-stock-reservation.md,3.0.0,54,21,PASS,PASS,UNSPECIFIED,NONE,PENDING_MODULE_PASS,PENDING_MODULE_PASS,Framework contract only; does not claim researched subfeature completeness.
F047,Partial fulfilment,Sales,docs/03-modules/sales/features/F047-partial-fulfilment.md,3.0.0,54,21,PASS,PASS,UNSPECIFIED,NONE,PENDING_MODULE_PASS,PENDING_MODULE_PASS,Framework contract only; does not claim researched subfeature completeness.
F048,Backorders,Sales,docs/03-modules/sales/features/F048-backorders.md,3.0.0,54,21,PASS,PASS,UNSPECIFIED,NONE,PENDING_MODULE_PASS,PENDING_MODULE_PASS,Framework contract only; does not claim researched subfeature completeness.
F049,Delivery and shipment,Sales,docs/03-modules/sales/features/F049-delivery-and-shipment.md,3.0.0,54,21,PASS,PASS,UNSPECIFIED,NONE,PENDING_MODULE_PASS,PENDING_MODULE_PASS,Framework contract only; does not claim researched subfeature completeness.
F050,Sales invoices,Sales,docs/03-modules/sales/features/F050-sales-invoices.md,3.0.0,54,21,PASS,PASS,UNSPECIFIED,NONE,PENDING_MODULE_PASS,PENDING_MODULE_PASS,Framework contract only; does not claim researched subfeature completeness.
F051,Partial invoicing,Sales,docs/03-modules/sales/features/F051-partial-invoicing.md,3.0.0,54,21,PASS,PASS,UNSPECIFIED,NONE,PENDING_MODULE_PASS,PENDING_MODULE_PASS,Framework contract only; does not claim researched subfeature completeness.
F052,Advance payments,Sales,docs/03-modules/sales/features/F052-advance-payments.md,3.0.0,54,21,PASS,PASS,UNSPECIFIED,NONE,PENDING_MODULE_PASS,PENDING_MODULE_PASS,Framework contract only; does not claim researched subfeature completeness.
F053,Credit limits,Sales,docs/03-modules/sales/features/F053-credit-limits.md,3.0.0,54,21,PASS,PASS,UNSPECIFIED,NONE,PENDING_MODULE_PASS,PENDING_MODULE_PASS,Framework contract only; does not claim researched subfeature completeness.
F054,Customer returns,Sales,docs/03-modules/sales/features/F054-customer-returns.md,3.0.0,54,21,PASS,PASS,UNSPECIFIED,NONE,PENDING_MODULE_PASS,PENDING_MODULE_PASS,Framework contract only; does not claim researched subfeature completeness.
F055,Credit notes and refunds,Sales,docs/03-modules/sales/features/F055-credit-notes-and-refunds.md,3.0.0,54,21,PASS,PASS,UNSPECIFIED,NONE,PENDING_MODULE_PASS,PENDING_MODULE_PASS,Framework contract only; does not claim researched subfeature completeness.
F056,Drop shipping,Sales,docs/03-modules/sales/features/F056-drop-shipping.md,3.0.0,54,21,PASS,PASS,UNSPECIFIED,NONE,PENDING_MODULE_PASS,PENDING_MODULE_PASS,Framework contract only; does not claim researched subfeature completeness.
F057,Sales commissions,Sales,docs/03-modules/sales/features/F057-sales-commissions.md,3.0.0,54,21,PASS,PASS,UNSPECIFIED,NONE,PENDING_MODULE_PASS,PENDING_MODULE_PASS,Framework contract only; does not claim researched subfeature completeness.
F058,Payment terms,Sales,docs/03-modules/sales/features/F058-payment-terms.md,3.0.0,54,21,PASS,PASS,UNSPECIFIED,NONE,PENDING_MODULE_PASS,PENDING_MODULE_PASS,Framework contract only; does not claim researched subfeature completeness.
F059,Order status tracking,Sales,docs/03-modules/sales/features/F059-order-status-tracking.md,3.0.0,54,21,PASS,PASS,UNSPECIFIED,NONE,PENDING_MODULE_PASS,PENDING_MODULE_PASS,Framework contract only; does not claim researched subfeature completeness.
F060,Sales analytics,Sales,docs/03-modules/sales/features/F060-sales-analytics.md,3.0.0,54,21,PASS,PASS,UNSPECIFIED,NONE,PENDING_MODULE_PASS,PENDING_MODULE_PASS,Framework contract only; does not claim researched subfeature completeness.
F061,Margin and profitability,Sales,docs/03-modules/sales/features/F061-margin-and-profitability.md,3.0.0,54,21,PASS,PASS,UNSPECIFIED,NONE,PENDING_MODULE_PASS,PENDING_MODULE_PASS,Framework contract only; does not claim researched subfeature completeness.
F062,Order-to-cash reporting,Sales,docs/03-modules/sales/features/F062-order-to-cash-reporting.md,3.0.0,54,21,PASS,PASS,UNSPECIFIED,NONE,PENDING_MODULE_PASS,PENDING_MODULE_PASS,Framework contract only; does not claim researched subfeature completeness.
F063,Supplier master,Procurement,docs/03-modules/procurement/features/F063-supplier-master.md,3.0.0,54,21,PASS,PASS,UNSPECIFIED,NONE,PENDING_MODULE_PASS,PENDING_MODULE_PASS,Framework contract only; does not claim researched subfeature completeness.
F064,Supplier contacts and addresses,Procurement,docs/03-modules/procurement/features/F064-supplier-contacts-and-addresses.md,3.0.0,54,21,PASS,PASS,UNSPECIFIED,NONE,PENDING_MODULE_PASS,PENDING_MODULE_PASS,Framework contract only; does not claim researched subfeature completeness.
F065,Supplier onboarding,Procurement,docs/03-modules/procurement/features/F065-supplier-onboarding.md,3.0.0,54,21,PASS,PASS,UNSPECIFIED,NONE,PENDING_MODULE_PASS,PENDING_MODULE_PASS,Framework contract only; does not claim researched subfeature completeness.
F066,Supplier categories,Procurement,docs/03-modules/procurement/features/F066-supplier-categories.md,3.0.0,54,21,PASS,PASS,UNSPECIFIED,NONE,PENDING_MODULE_PASS,PENDING_MODULE_PASS,Framework contract only; does not claim researched subfeature completeness.
F067,Purchase requisitions,Procurement,docs/03-modules/procurement/features/F067-purchase-requisitions.md,3.0.0,54,21,PASS,PASS,UNSPECIFIED,NONE,PENDING_MODULE_PASS,PENDING_MODULE_PASS,Framework contract only; does not claim researched subfeature completeness.
F068,Requisition approvals,Procurement,docs/03-modules/procurement/features/F068-requisition-approvals.md,3.0.0,54,21,PASS,PASS,UNSPECIFIED,NONE,PENDING_MODULE_PASS,PENDING_MODULE_PASS,Framework contract only; does not claim researched subfeature completeness.
F069,RFQ creation,Procurement,docs/03-modules/procurement/features/F069-rfq-creation.md,3.0.0,54,21,PASS,PASS,UNSPECIFIED,NONE,PENDING_MODULE_PASS,PENDING_MODULE_PASS,Framework contract only; does not claim researched subfeature completeness.
F070,RFQ to multiple vendors,Procurement,docs/03-modules/procurement/features/F070-rfq-to-multiple-vendors.md,3.0.0,54,21,PASS,PASS,UNSPECIFIED,NONE,PENDING_MODULE_PASS,PENDING_MODULE_PASS,Framework contract only; does not claim researched subfeature completeness.
F071,Supplier quotations,Procurement,docs/03-modules/procurement/features/F071-supplier-quotations.md,3.0.0,54,21,PASS,PASS,UNSPECIFIED,NONE,PENDING_MODULE_PASS,PENDING_MODULE_PASS,Framework contract only; does not claim researched subfeature completeness.
F072,Bid comparison,Procurement,docs/03-modules/procurement/features/F072-bid-comparison.md,3.0.0,54,21,PASS,PASS,UNSPECIFIED,NONE,PENDING_MODULE_PASS,PENDING_MODULE_PASS,Framework contract only; does not claim researched subfeature completeness.
F073,Supplier selection,Procurement,docs/03-modules/procurement/features/F073-supplier-selection.md,3.0.0,54,21,PASS,PASS,UNSPECIFIED,NONE,PENDING_MODULE_PASS,PENDING_MODULE_PASS,Framework contract only; does not claim researched subfeature completeness.
F074,Purchase orders,Procurement,docs/03-modules/procurement/features/F074-purchase-orders.md,3.0.0,54,21,PASS,PASS,UNSPECIFIED,NONE,PENDING_MODULE_PASS,PENDING_MODULE_PASS,Framework contract only; does not claim researched subfeature completeness.
F075,PO approvals,Procurement,docs/03-modules/procurement/features/F075-po-approvals.md,3.0.0,54,21,PASS,PASS,UNSPECIFIED,NONE,PENDING_MODULE_PASS,PENDING_MODULE_PASS,Framework contract only; does not claim researched subfeature completeness.
F076,PO amendments,Procurement,docs/03-modules/procurement/features/F076-po-amendments.md,3.0.0,54,21,PASS,PASS,UNSPECIFIED,NONE,PENDING_MODULE_PASS,PENDING_MODULE_PASS,Framework contract only; does not claim researched subfeature completeness.
F077,Blanket purchase orders,Procurement,docs/03-modules/procurement/features/F077-blanket-purchase-orders.md,3.0.0,54,21,PASS,PASS,UNSPECIFIED,NONE,PENDING_MODULE_PASS,PENDING_MODULE_PASS,Framework contract only; does not claim researched subfeature completeness.
F078,Purchase agreements and contracts,Procurement,docs/03-modules/procurement/features/F078-purchase-agreements-and-contracts.md,3.0.0,54,21,PASS,PASS,UNSPECIFIED,NONE,PENDING_MODULE_PASS,PENDING_MODULE_PASS,Framework contract only; does not claim researched subfeature completeness.
F079,Supplier price lists,Procurement,docs/03-modules/procurement/features/F079-supplier-price-lists.md,3.0.0,54,21,PASS,PASS,UNSPECIFIED,NONE,PENDING_MODULE_PASS,PENDING_MODULE_PASS,Framework contract only; does not claim researched subfeature completeness.
F080,Goods receipt / GRN,Procurement,docs/03-modules/procurement/features/F080-goods-receipt-grn.md,3.0.0,54,21,PASS,PASS,UNSPECIFIED,NONE,PENDING_MODULE_PASS,PENDING_MODULE_PASS,Framework contract only; does not claim researched subfeature completeness.
F081,Partial receipts,Procurement,docs/03-modules/procurement/features/F081-partial-receipts.md,3.0.0,54,21,PASS,PASS,UNSPECIFIED,NONE,PENDING_MODULE_PASS,PENDING_MODULE_PASS,Framework contract only; does not claim researched subfeature completeness.
F082,Rejected receipts,Procurement,docs/03-modules/procurement/features/F082-rejected-receipts.md,3.0.0,54,21,PASS,PASS,UNSPECIFIED,NONE,PENDING_MODULE_PASS,PENDING_MODULE_PASS,Framework contract only; does not claim researched subfeature completeness.
F083,Purchase returns,Procurement,docs/03-modules/procurement/features/F083-purchase-returns.md,3.0.0,54,21,PASS,PASS,UNSPECIFIED,NONE,PENDING_MODULE_PASS,PENDING_MODULE_PASS,Framework contract only; does not claim researched subfeature completeness.
F084,Supplier invoices,Procurement,docs/03-modules/procurement/features/F084-supplier-invoices.md,3.0.0,54,21,PASS,PASS,UNSPECIFIED,NONE,PENDING_MODULE_PASS,PENDING_MODULE_PASS,Framework contract only; does not claim researched subfeature completeness.
F085,2-way matching,Procurement,docs/03-modules/procurement/features/F085-2-way-matching.md,3.0.0,54,21,PASS,PASS,UNSPECIFIED,NONE,PENDING_MODULE_PASS,PENDING_MODULE_PASS,Framework contract only; does not claim researched subfeature completeness.
F086,3-way matching: PO – GRN – Invoice,Procurement,docs/03-modules/procurement/features/F086-3-way-matching-po-grn-invoice.md,3.0.0,54,21,PASS,PASS,UNSPECIFIED,NONE,PENDING_MODULE_PASS,PENDING_MODULE_PASS,Framework contract only; does not claim researched subfeature completeness.
F087,Landed costs,Procurement,docs/03-modules/procurement/features/F087-landed-costs.md,3.0.0,54,21,PASS,PASS,UNSPECIFIED,NONE,PENDING_MODULE_PASS,PENDING_MODULE_PASS,Framework contract only; does not claim researched subfeature completeness.
F088,Payment terms,Procurement,docs/03-modules/procurement/features/F088-payment-terms.md,3.0.0,54,21,PASS,PASS,UNSPECIFIED,NONE,PENDING_MODULE_PASS,PENDING_MODULE_PASS,Framework contract only; does not claim researched subfeature completeness.
F089,Supplier performance,Procurement,docs/03-modules/procurement/features/F089-supplier-performance.md,3.0.0,54,21,PASS,PASS,UNSPECIFIED,NONE,PENDING_MODULE_PASS,PENDING_MODULE_PASS,Framework contract only; does not claim researched subfeature completeness.
F090,Supplier rating,Procurement,docs/03-modules/procurement/features/F090-supplier-rating.md,3.0.0,54,21,PASS,PASS,UNSPECIFIED,NONE,PENDING_MODULE_PASS,PENDING_MODULE_PASS,Framework contract only; does not claim researched subfeature completeness.
F091,Supplier lead times,Procurement,docs/03-modules/procurement/features/F091-supplier-lead-times.md,3.0.0,54,21,PASS,PASS,UNSPECIFIED,NONE,PENDING_MODULE_PASS,PENDING_MODULE_PASS,Framework contract only; does not claim researched subfeature completeness.
F092,Spend analysis,Procurement,docs/03-modules/procurement/features/F092-spend-analysis.md,3.0.0,54,21,PASS,PASS,UNSPECIFIED,NONE,PENDING_MODULE_PASS,PENDING_MODULE_PASS,Framework contract only; does not claim researched subfeature completeness.
F093,Purchase history,Procurement,docs/03-modules/procurement/features/F093-purchase-history.md,3.0.0,54,21,PASS,PASS,UNSPECIFIED,NONE,PENDING_MODULE_PASS,PENDING_MODULE_PASS,Framework contract only; does not claim researched subfeature completeness.
F094,Reorder-generated purchasing,Procurement,docs/03-modules/procurement/features/F094-reorder-generated-purchasing.md,3.0.0,54,21,PASS,PASS,UNSPECIFIED,NONE,PENDING_MODULE_PASS,PENDING_MODULE_PASS,Framework contract only; does not claim researched subfeature completeness.
F095,Subcontract purchasing,Procurement,docs/03-modules/procurement/features/F095-subcontract-purchasing.md,3.0.0,54,21,PASS,PASS,UNSPECIFIED,NONE,PENDING_MODULE_PASS,PENDING_MODULE_PASS,Framework contract only; does not claim researched subfeature completeness.
F096,Procurement dashboard,Procurement,docs/03-modules/procurement/features/F096-procurement-dashboard.md,3.0.0,54,21,PASS,PASS,UNSPECIFIED,NONE,PENDING_MODULE_PASS,PENDING_MODULE_PASS,Framework contract only; does not claim researched subfeature completeness.
F097,Item master,Stock / Inventory,docs/03-modules/stock/features/F097-item-master.md,3.0.0,54,21,PASS,PASS,UNSPECIFIED,NONE,PENDING_MODULE_PASS,PENDING_MODULE_PASS,Framework contract only; does not claim researched subfeature completeness.
F098,Item categories,Stock / Inventory,docs/03-modules/stock/features/F098-item-categories.md,3.0.0,54,21,PASS,PASS,UNSPECIFIED,NONE,PENDING_MODULE_PASS,PENDING_MODULE_PASS,Framework contract only; does not claim researched subfeature completeness.
F099,SKUs,Stock / Inventory,docs/03-modules/stock/features/F099-skus.md,3.0.0,54,21,PASS,PASS,UNSPECIFIED,NONE,PENDING_MODULE_PASS,PENDING_MODULE_PASS,Framework contract only; does not claim researched subfeature completeness.
F100,Variants,Stock / Inventory,docs/03-modules/stock/features/F100-variants.md,3.0.0,54,21,PASS,PASS,UNSPECIFIED,NONE,PENDING_MODULE_PASS,PENDING_MODULE_PASS,Framework contract only; does not claim researched subfeature completeness.
F101,Multiple units of measure,Stock / Inventory,docs/03-modules/stock/features/F101-multiple-units-of-measure.md,3.0.0,54,21,PASS,PASS,UNSPECIFIED,NONE,PENDING_MODULE_PASS,PENDING_MODULE_PASS,Framework contract only; does not claim researched subfeature completeness.
F102,UOM conversions,Stock / Inventory,docs/03-modules/stock/features/F102-uom-conversions.md,3.0.0,54,21,PASS,PASS,UNSPECIFIED,NONE,PENDING_MODULE_PASS,PENDING_MODULE_PASS,Framework contract only; does not claim researched subfeature completeness.
F103,Warehouses,Stock / Inventory,docs/03-modules/stock/features/F103-warehouses.md,3.0.0,54,21,PASS,PASS,UNSPECIFIED,NONE,PENDING_MODULE_PASS,PENDING_MODULE_PASS,Framework contract only; does not claim researched subfeature completeness.
F104,Warehouse locations and bins,Stock / Inventory,docs/03-modules/stock/features/F104-warehouse-locations-and-bins.md,3.0.0,54,21,PASS,PASS,UNSPECIFIED,NONE,PENDING_MODULE_PASS,PENDING_MODULE_PASS,Framework contract only; does not claim researched subfeature completeness.
F105,Multi-warehouse inventory,Stock / Inventory,docs/03-modules/stock/features/F105-multi-warehouse-inventory.md,3.0.0,54,21,PASS,PASS,UNSPECIFIED,NONE,PENDING_MODULE_PASS,PENDING_MODULE_PASS,Framework contract only; does not claim researched subfeature completeness.
F106,Real-time stock balance,Stock / Inventory,docs/03-modules/stock/features/F106-real-time-stock-balance.md,3.0.0,54,21,PASS,PASS,UNSPECIFIED,NONE,PENDING_MODULE_PASS,PENDING_MODULE_PASS,Framework contract only; does not claim researched subfeature completeness.
F107,Stock ledger,Stock / Inventory,docs/03-modules/stock/features/F107-stock-ledger.md,3.0.0,54,21,PASS,PASS,UNSPECIFIED,NONE,PENDING_MODULE_PASS,PENDING_MODULE_PASS,Framework contract only; does not claim researched subfeature completeness.
F108,Goods receipts,Stock / Inventory,docs/03-modules/stock/features/F108-goods-receipts.md,3.0.0,54,21,PASS,PASS,UNSPECIFIED,NONE,PENDING_MODULE_PASS,PENDING_MODULE_PASS,Framework contract only; does not claim researched subfeature completeness.
F109,Goods issues,Stock / Inventory,docs/03-modules/stock/features/F109-goods-issues.md,3.0.0,54,21,PASS,PASS,UNSPECIFIED,NONE,PENDING_MODULE_PASS,PENDING_MODULE_PASS,Framework contract only; does not claim researched subfeature completeness.
F110,Internal transfers,Stock / Inventory,docs/03-modules/stock/features/F110-internal-transfers.md,3.0.0,54,21,PASS,PASS,UNSPECIFIED,NONE,PENDING_MODULE_PASS,PENDING_MODULE_PASS,Framework contract only; does not claim researched subfeature completeness.
F111,Stock adjustments,Stock / Inventory,docs/03-modules/stock/features/F111-stock-adjustments.md,3.0.0,54,21,PASS,PASS,UNSPECIFIED,NONE,PENDING_MODULE_PASS,PENDING_MODULE_PASS,Framework contract only; does not claim researched subfeature completeness.
F112,Stock reservations,Stock / Inventory,docs/03-modules/stock/features/F112-stock-reservations.md,3.0.0,54,21,PASS,PASS,UNSPECIFIED,NONE,PENDING_MODULE_PASS,PENDING_MODULE_PASS,Framework contract only; does not claim researched subfeature completeness.
F113,Available stock,Stock / Inventory,docs/03-modules/stock/features/F113-available-stock.md,3.0.0,54,21,PASS,PASS,UNSPECIFIED,NONE,PENDING_MODULE_PASS,PENDING_MODULE_PASS,Framework contract only; does not claim researched subfeature completeness.
F114,Available-to-promise,Stock / Inventory,docs/03-modules/stock/features/F114-available-to-promise.md,3.0.0,54,21,PASS,PASS,UNSPECIFIED,NONE,PENDING_MODULE_PASS,PENDING_MODULE_PASS,Framework contract only; does not claim researched subfeature completeness.
F115,Batch tracking,Stock / Inventory,docs/03-modules/stock/features/F115-batch-tracking.md,3.0.0,54,21,PASS,PASS,UNSPECIFIED,NONE,PENDING_MODULE_PASS,PENDING_MODULE_PASS,Framework contract only; does not claim researched subfeature completeness.
F116,Lot tracking,Stock / Inventory,docs/03-modules/stock/features/F116-lot-tracking.md,3.0.0,54,21,PASS,PASS,UNSPECIFIED,NONE,PENDING_MODULE_PASS,PENDING_MODULE_PASS,Framework contract only; does not claim researched subfeature completeness.
F117,Serial-number tracking,Stock / Inventory,docs/03-modules/stock/features/F117-serial-number-tracking.md,3.0.0,54,21,PASS,PASS,UNSPECIFIED,NONE,PENDING_MODULE_PASS,PENDING_MODULE_PASS,Framework contract only; does not claim researched subfeature completeness.
F118,Expiry dates,Stock / Inventory,docs/03-modules/stock/features/F118-expiry-dates.md,3.0.0,54,21,PASS,PASS,UNSPECIFIED,NONE,PENDING_MODULE_PASS,PENDING_MODULE_PASS,Framework contract only; does not claim researched subfeature completeness.
F119,Barcode scanning,Stock / Inventory,docs/03-modules/stock/features/F119-barcode-scanning.md,3.0.0,54,21,PASS,PASS,UNSPECIFIED,NONE,PENDING_MODULE_PASS,PENDING_MODULE_PASS,Framework contract only; does not claim researched subfeature completeness.
F120,Cycle counting,Stock / Inventory,docs/03-modules/stock/features/F120-cycle-counting.md,3.0.0,54,21,PASS,PASS,UNSPECIFIED,NONE,PENDING_MODULE_PASS,PENDING_MODULE_PASS,Framework contract only; does not claim researched subfeature completeness.
F121,Physical inventory,Stock / Inventory,docs/03-modules/stock/features/F121-physical-inventory.md,3.0.0,54,21,PASS,PASS,UNSPECIFIED,NONE,PENDING_MODULE_PASS,PENDING_MODULE_PASS,Framework contract only; does not claim researched subfeature completeness.
F122,Reorder point,Stock / Inventory,docs/03-modules/stock/features/F122-reorder-point.md,3.0.0,54,21,PASS,PASS,UNSPECIFIED,NONE,PENDING_MODULE_PASS,PENDING_MODULE_PASS,Framework contract only; does not claim researched subfeature completeness.
F123,Minimum / maximum stock,Stock / Inventory,docs/03-modules/stock/features/F123-minimum-maximum-stock.md,3.0.0,54,21,PASS,PASS,UNSPECIFIED,NONE,PENDING_MODULE_PASS,PENDING_MODULE_PASS,Framework contract only; does not claim researched subfeature completeness.
F124,Safety stock,Stock / Inventory,docs/03-modules/stock/features/F124-safety-stock.md,3.0.0,54,21,PASS,PASS,UNSPECIFIED,NONE,PENDING_MODULE_PASS,PENDING_MODULE_PASS,Framework contract only; does not claim researched subfeature completeness.
F125,Automatic replenishment,Stock / Inventory,docs/03-modules/stock/features/F125-automatic-replenishment.md,3.0.0,54,21,PASS,PASS,UNSPECIFIED,NONE,PENDING_MODULE_PASS,PENDING_MODULE_PASS,Framework contract only; does not claim researched subfeature completeness.
F126,Negative-stock control,Stock / Inventory,docs/03-modules/stock/features/F126-negative-stock-control.md,3.0.0,54,21,PASS,PASS,UNSPECIFIED,NONE,PENDING_MODULE_PASS,PENDING_MODULE_PASS,Framework contract only; does not claim researched subfeature completeness.
F127,FIFO valuation,Stock / Inventory,docs/03-modules/stock/features/F127-fifo-valuation.md,3.0.0,54,21,PASS,PASS,UNSPECIFIED,NONE,PENDING_MODULE_PASS,PENDING_MODULE_PASS,Framework contract only; does not claim researched subfeature completeness.
F128,Weighted / moving-average valuation,Stock / Inventory,docs/03-modules/stock/features/F128-weighted-moving-average-valuation.md,3.0.0,54,21,PASS,PASS,UNSPECIFIED,NONE,PENDING_MODULE_PASS,PENDING_MODULE_PASS,Framework contract only; does not claim researched subfeature completeness.
F129,Standard costing,Stock / Inventory,docs/03-modules/stock/features/F129-standard-costing.md,3.0.0,54,21,PASS,PASS,UNSPECIFIED,NONE,PENDING_MODULE_PASS,PENDING_MODULE_PASS,Framework contract only; does not claim researched subfeature completeness.
F130,Inventory valuation,Stock / Inventory,docs/03-modules/stock/features/F130-inventory-valuation.md,3.0.0,54,21,PASS,PASS,UNSPECIFIED,NONE,PENDING_MODULE_PASS,PENDING_MODULE_PASS,Framework contract only; does not claim researched subfeature completeness.
F131,Landed cost allocation,Stock / Inventory,docs/03-modules/stock/features/F131-landed-cost-allocation.md,3.0.0,54,21,PASS,PASS,UNSPECIFIED,NONE,PENDING_MODULE_PASS,PENDING_MODULE_PASS,Framework contract only; does not claim researched subfeature completeness.
F132,Stock aging,Stock / Inventory,docs/03-modules/stock/features/F132-stock-aging.md,3.0.0,54,21,PASS,PASS,UNSPECIFIED,NONE,PENDING_MODULE_PASS,PENDING_MODULE_PASS,Framework contract only; does not claim researched subfeature completeness.
F133,Slow-moving inventory,Stock / Inventory,docs/03-modules/stock/features/F133-slow-moving-inventory.md,3.0.0,54,21,PASS,PASS,UNSPECIFIED,NONE,PENDING_MODULE_PASS,PENDING_MODULE_PASS,Framework contract only; does not claim researched subfeature completeness.
F134,Dead-stock reporting,Stock / Inventory,docs/03-modules/stock/features/F134-dead-stock-reporting.md,3.0.0,54,21,PASS,PASS,UNSPECIFIED,NONE,PENDING_MODULE_PASS,PENDING_MODULE_PASS,Framework contract only; does not claim researched subfeature completeness.
F135,Picking,Stock / Inventory,docs/03-modules/stock/features/F135-picking.md,3.0.0,54,21,PASS,PASS,UNSPECIFIED,NONE,PENDING_MODULE_PASS,PENDING_MODULE_PASS,Framework contract only; does not claim researched subfeature completeness.
F136,Packing,Stock / Inventory,docs/03-modules/stock/features/F136-packing.md,3.0.0,54,21,PASS,PASS,UNSPECIFIED,NONE,PENDING_MODULE_PASS,PENDING_MODULE_PASS,Framework contract only; does not claim researched subfeature completeness.
F137,Shipping,Stock / Inventory,docs/03-modules/stock/features/F137-shipping.md,3.0.0,54,21,PASS,PASS,UNSPECIFIED,NONE,PENDING_MODULE_PASS,PENDING_MODULE_PASS,Framework contract only; does not claim researched subfeature completeness.
F138,Returns,Stock / Inventory,docs/03-modules/stock/features/F138-returns.md,3.0.0,54,21,PASS,PASS,UNSPECIFIED,NONE,PENDING_MODULE_PASS,PENDING_MODULE_PASS,Framework contract only; does not claim researched subfeature completeness.
F139,Damaged stock,Stock / Inventory,docs/03-modules/stock/features/F139-damaged-stock.md,3.0.0,54,21,PASS,PASS,UNSPECIFIED,NONE,PENDING_MODULE_PASS,PENDING_MODULE_PASS,Framework contract only; does not claim researched subfeature completeness.
F140,Quarantine and quality-held stock,Stock / Inventory,docs/03-modules/stock/features/F140-quarantine-and-quality-held-stock.md,3.0.0,54,21,PASS,PASS,UNSPECIFIED,NONE,PENDING_MODULE_PASS,PENDING_MODULE_PASS,Framework contract only; does not claim researched subfeature completeness.
F141,Batch / serial traceability,Stock / Inventory,docs/03-modules/stock/features/F141-batch-serial-traceability.md,3.0.0,54,21,PASS,PASS,UNSPECIFIED,NONE,PENDING_MODULE_PASS,PENDING_MODULE_PASS,Framework contract only; does not claim researched subfeature completeness.
F142,Inventory movement history,Stock / Inventory,docs/03-modules/stock/features/F142-inventory-movement-history.md,3.0.0,54,21,PASS,PASS,UNSPECIFIED,NONE,PENDING_MODULE_PASS,PENDING_MODULE_PASS,Framework contract only; does not claim researched subfeature completeness.
F143,Stock reports,Stock / Inventory,docs/03-modules/stock/features/F143-stock-reports.md,3.0.0,54,21,PASS,PASS,UNSPECIFIED,NONE,PENDING_MODULE_PASS,PENDING_MODULE_PASS,Framework contract only; does not claim researched subfeature completeness.
F144,Inventory dashboard,Stock / Inventory,docs/03-modules/stock/features/F144-inventory-dashboard.md,3.0.0,54,21,PASS,PASS,UNSPECIFIED,NONE,PENDING_MODULE_PASS,PENDING_MODULE_PASS,Framework contract only; does not claim researched subfeature completeness.
F145,Bill of Materials (BOM),Manufacturing,docs/03-modules/manufacturing/features/F145-bill-of-materials-bom.md,3.0.0,54,21,PASS,PASS,UNSPECIFIED,NONE,PENDING_MODULE_PASS,PENDING_MODULE_PASS,Framework contract only; does not claim researched subfeature completeness.
F146,Multi-level BOM,Manufacturing,docs/03-modules/manufacturing/features/F146-multi-level-bom.md,3.0.0,54,21,PASS,PASS,UNSPECIFIED,NONE,PENDING_MODULE_PASS,PENDING_MODULE_PASS,Framework contract only; does not claim researched subfeature completeness.
F147,BOM versions,Manufacturing,docs/03-modules/manufacturing/features/F147-bom-versions.md,3.0.0,54,21,PASS,PASS,UNSPECIFIED,NONE,PENDING_MODULE_PASS,PENDING_MODULE_PASS,Framework contract only; does not claim researched subfeature completeness.
F148,BOM revisions,Manufacturing,docs/03-modules/manufacturing/features/F148-bom-revisions.md,3.0.0,54,21,PASS,PASS,UNSPECIFIED,NONE,PENDING_MODULE_PASS,PENDING_MODULE_PASS,Framework contract only; does not claim researched subfeature completeness.
F149,Alternate BOM,Manufacturing,docs/03-modules/manufacturing/features/F149-alternate-bom.md,3.0.0,54,21,PASS,PASS,UNSPECIFIED,NONE,PENDING_MODULE_PASS,PENDING_MODULE_PASS,Framework contract only; does not claim researched subfeature completeness.
F150,Routings,Manufacturing,docs/03-modules/manufacturing/features/F150-routings.md,3.0.0,54,21,PASS,PASS,UNSPECIFIED,NONE,PENDING_MODULE_PASS,PENDING_MODULE_PASS,Framework contract only; does not claim researched subfeature completeness.
F151,Operations,Manufacturing,docs/03-modules/manufacturing/features/F151-operations.md,3.0.0,54,21,PASS,PASS,UNSPECIFIED,NONE,PENDING_MODULE_PASS,PENDING_MODULE_PASS,Framework contract only; does not claim researched subfeature completeness.
F152,Work centres,Manufacturing,docs/03-modules/manufacturing/features/F152-work-centres.md,3.0.0,54,21,PASS,PASS,UNSPECIFIED,NONE,PENDING_MODULE_PASS,PENDING_MODULE_PASS,Framework contract only; does not claim researched subfeature completeness.
F153,Machine / work-centre capacity,Manufacturing,docs/03-modules/manufacturing/features/F153-machine-work-centre-capacity.md,3.0.0,54,21,PASS,PASS,UNSPECIFIED,NONE,PENDING_MODULE_PASS,PENDING_MODULE_PASS,Framework contract only; does not claim researched subfeature completeness.
F154,Shift calendars,Manufacturing,docs/03-modules/manufacturing/features/F154-shift-calendars.md,3.0.0,54,21,PASS,PASS,UNSPECIFIED,NONE,PENDING_MODULE_PASS,PENDING_MODULE_PASS,Framework contract only; does not claim researched subfeature completeness.
F155,Manufacturing orders,Manufacturing,docs/03-modules/manufacturing/features/F155-manufacturing-orders.md,3.0.0,54,21,PASS,PASS,UNSPECIFIED,NONE,PENDING_MODULE_PASS,PENDING_MODULE_PASS,Framework contract only; does not claim researched subfeature completeness.
F156,Work orders,Manufacturing,docs/03-modules/manufacturing/features/F156-work-orders.md,3.0.0,54,21,PASS,PASS,UNSPECIFIED,NONE,PENDING_MODULE_PASS,PENDING_MODULE_PASS,Framework contract only; does not claim researched subfeature completeness.
F157,Job cards,Manufacturing,docs/03-modules/manufacturing/features/F157-job-cards.md,3.0.0,54,21,PASS,PASS,UNSPECIFIED,NONE,PENDING_MODULE_PASS,PENDING_MODULE_PASS,Framework contract only; does not claim researched subfeature completeness.
F158,Production planning,Manufacturing,docs/03-modules/manufacturing/features/F158-production-planning.md,3.0.0,54,21,PASS,PASS,UNSPECIFIED,NONE,PENDING_MODULE_PASS,PENDING_MODULE_PASS,Framework contract only; does not claim researched subfeature completeness.
F159,MRP,Manufacturing,docs/03-modules/manufacturing/features/F159-mrp.md,3.0.0,54,21,PASS,PASS,UNSPECIFIED,NONE,PENDING_MODULE_PASS,PENDING_MODULE_PASS,Framework contract only; does not claim researched subfeature completeness.
F160,Material requirements,Manufacturing,docs/03-modules/manufacturing/features/F160-material-requirements.md,3.0.0,54,21,PASS,PASS,UNSPECIFIED,NONE,PENDING_MODULE_PASS,PENDING_MODULE_PASS,Framework contract only; does not claim researched subfeature completeness.
F161,Material availability,Manufacturing,docs/03-modules/manufacturing/features/F161-material-availability.md,3.0.0,54,21,PASS,PASS,UNSPECIFIED,NONE,PENDING_MODULE_PASS,PENDING_MODULE_PASS,Framework contract only; does not claim researched subfeature completeness.
F162,Raw-material reservations,Manufacturing,docs/03-modules/manufacturing/features/F162-raw-material-reservations.md,3.0.0,54,21,PASS,PASS,UNSPECIFIED,NONE,PENDING_MODULE_PASS,PENDING_MODULE_PASS,Framework contract only; does not claim researched subfeature completeness.
F163,Material issue,Manufacturing,docs/03-modules/manufacturing/features/F163-material-issue.md,3.0.0,54,21,PASS,PASS,UNSPECIFIED,NONE,PENDING_MODULE_PASS,PENDING_MODULE_PASS,Framework contract only; does not claim researched subfeature completeness.
F164,Material consumption,Manufacturing,docs/03-modules/manufacturing/features/F164-material-consumption.md,3.0.0,54,21,PASS,PASS,UNSPECIFIED,NONE,PENDING_MODULE_PASS,PENDING_MODULE_PASS,Framework contract only; does not claim researched subfeature completeness.
F165,Backflushing,Manufacturing,docs/03-modules/manufacturing/features/F165-backflushing.md,3.0.0,54,21,PASS,PASS,UNSPECIFIED,NONE,PENDING_MODULE_PASS,PENDING_MODULE_PASS,Framework contract only; does not claim researched subfeature completeness.
F166,Work in progress,Manufacturing,docs/03-modules/manufacturing/features/F166-work-in-progress.md,3.0.0,54,21,PASS,PASS,UNSPECIFIED,NONE,PENDING_MODULE_PASS,PENDING_MODULE_PASS,Framework contract only; does not claim researched subfeature completeness.
F167,Finished-goods receipt,Manufacturing,docs/03-modules/manufacturing/features/F167-finished-goods-receipt.md,3.0.0,54,21,PASS,PASS,UNSPECIFIED,NONE,PENDING_MODULE_PASS,PENDING_MODULE_PASS,Framework contract only; does not claim researched subfeature completeness.
F168,Production scheduling,Manufacturing,docs/03-modules/manufacturing/features/F168-production-scheduling.md,3.0.0,54,21,PASS,PASS,UNSPECIFIED,NONE,PENDING_MODULE_PASS,PENDING_MODULE_PASS,Framework contract only; does not claim researched subfeature completeness.
F169,Labor time,Manufacturing,docs/03-modules/manufacturing/features/F169-labor-time.md,3.0.0,54,21,PASS,PASS,UNSPECIFIED,NONE,PENDING_MODULE_PASS,PENDING_MODULE_PASS,Framework contract only; does not claim researched subfeature completeness.
F170,Machine time,Manufacturing,docs/03-modules/manufacturing/features/F170-machine-time.md,3.0.0,54,21,PASS,PASS,UNSPECIFIED,NONE,PENDING_MODULE_PASS,PENDING_MODULE_PASS,Framework contract only; does not claim researched subfeature completeness.
F171,Setup time,Manufacturing,docs/03-modules/manufacturing/features/F171-setup-time.md,3.0.0,54,21,PASS,PASS,UNSPECIFIED,NONE,PENDING_MODULE_PASS,PENDING_MODULE_PASS,Framework contract only; does not claim researched subfeature completeness.
F172,Scrap,Manufacturing,docs/03-modules/manufacturing/features/F172-scrap.md,3.0.0,54,21,PASS,PASS,UNSPECIFIED,NONE,PENDING_MODULE_PASS,PENDING_MODULE_PASS,Framework contract only; does not claim researched subfeature completeness.
F173,Waste,Manufacturing,docs/03-modules/manufacturing/features/F173-waste.md,3.0.0,54,21,PASS,PASS,UNSPECIFIED,NONE,PENDING_MODULE_PASS,PENDING_MODULE_PASS,Framework contract only; does not claim researched subfeature completeness.
F174,By-products and co-products,Manufacturing,docs/03-modules/manufacturing/features/F174-by-products-and-co-products.md,3.0.0,54,21,PASS,PASS,UNSPECIFIED,NONE,PENDING_MODULE_PASS,PENDING_MODULE_PASS,Framework contract only; does not claim researched subfeature completeness.
F175,Rework,Manufacturing,docs/03-modules/manufacturing/features/F175-rework.md,3.0.0,54,21,PASS,PASS,UNSPECIFIED,NONE,PENDING_MODULE_PASS,PENDING_MODULE_PASS,Framework contract only; does not claim researched subfeature completeness.
F176,Batch manufacturing,Manufacturing,docs/03-modules/manufacturing/features/F176-batch-manufacturing.md,3.0.0,54,21,PASS,PASS,UNSPECIFIED,NONE,PENDING_MODULE_PASS,PENDING_MODULE_PASS,Framework contract only; does not claim researched subfeature completeness.
F177,Serial tracking,Manufacturing,docs/03-modules/manufacturing/features/F177-serial-tracking.md,3.0.0,54,21,PASS,PASS,UNSPECIFIED,NONE,PENDING_MODULE_PASS,PENDING_MODULE_PASS,Framework contract only; does not claim researched subfeature completeness.
F178,Make-to-stock,Manufacturing,docs/03-modules/manufacturing/features/F178-make-to-stock.md,3.0.0,54,21,PASS,PASS,UNSPECIFIED,NONE,PENDING_MODULE_PASS,PENDING_MODULE_PASS,Framework contract only; does not claim researched subfeature completeness.
F179,Make-to-order,Manufacturing,docs/03-modules/manufacturing/features/F179-make-to-order.md,3.0.0,54,21,PASS,PASS,UNSPECIFIED,NONE,PENDING_MODULE_PASS,PENDING_MODULE_PASS,Framework contract only; does not claim researched subfeature completeness.
F180,Subcontract manufacturing,Manufacturing,docs/03-modules/manufacturing/features/F180-subcontract-manufacturing.md,3.0.0,54,21,PASS,PASS,UNSPECIFIED,NONE,PENDING_MODULE_PASS,PENDING_MODULE_PASS,Framework contract only; does not claim researched subfeature completeness.
F181,Production quality inspections,Manufacturing,docs/03-modules/manufacturing/features/F181-production-quality-inspections.md,3.0.0,54,21,PASS,PASS,UNSPECIFIED,NONE,PENDING_MODULE_PASS,PENDING_MODULE_PASS,Framework contract only; does not claim researched subfeature completeness.
F182,Production hold,Manufacturing,docs/03-modules/manufacturing/features/F182-production-hold.md,3.0.0,54,21,PASS,PASS,UNSPECIFIED,NONE,PENDING_MODULE_PASS,PENDING_MODULE_PASS,Framework contract only; does not claim researched subfeature completeness.
F183,Production costing,Manufacturing,docs/03-modules/manufacturing/features/F183-production-costing.md,3.0.0,54,21,PASS,PASS,UNSPECIFIED,NONE,PENDING_MODULE_PASS,PENDING_MODULE_PASS,Framework contract only; does not claim researched subfeature completeness.
F184,Standard vs actual costing,Manufacturing,docs/03-modules/manufacturing/features/F184-standard-vs-actual-costing.md,3.0.0,54,21,PASS,PASS,UNSPECIFIED,NONE,PENDING_MODULE_PASS,PENDING_MODULE_PASS,Framework contract only; does not claim researched subfeature completeness.
F185,Cost variance,Manufacturing,docs/03-modules/manufacturing/features/F185-cost-variance.md,3.0.0,54,21,PASS,PASS,UNSPECIFIED,NONE,PENDING_MODULE_PASS,PENDING_MODULE_PASS,Framework contract only; does not claim researched subfeature completeness.
F186,Yield analysis,Manufacturing,docs/03-modules/manufacturing/features/F186-yield-analysis.md,3.0.0,54,21,PASS,PASS,UNSPECIFIED,NONE,PENDING_MODULE_PASS,PENDING_MODULE_PASS,Framework contract only; does not claim researched subfeature completeness.
F187,Production efficiency,Manufacturing,docs/03-modules/manufacturing/features/F187-production-efficiency.md,3.0.0,54,21,PASS,PASS,UNSPECIFIED,NONE,PENDING_MODULE_PASS,PENDING_MODULE_PASS,Framework contract only; does not claim researched subfeature completeness.
F188,Downtime,Manufacturing,docs/03-modules/manufacturing/features/F188-downtime.md,3.0.0,54,21,PASS,PASS,UNSPECIFIED,NONE,PENDING_MODULE_PASS,PENDING_MODULE_PASS,Framework contract only; does not claim researched subfeature completeness.
F189,Maintenance integration,Manufacturing,docs/03-modules/manufacturing/features/F189-maintenance-integration.md,3.0.0,54,21,PASS,PASS,UNSPECIFIED,NONE,PENDING_MODULE_PASS,PENDING_MODULE_PASS,Framework contract only; does not claim researched subfeature completeness.
F190,Engineering change and revision control,Manufacturing,docs/03-modules/manufacturing/features/F190-engineering-change-and-revision-control.md,3.0.0,54,21,PASS,PASS,UNSPECIFIED,NONE,PENDING_MODULE_PASS,PENDING_MODULE_PASS,Framework contract only; does not claim researched subfeature completeness.
F191,Production reports,Manufacturing,docs/03-modules/manufacturing/features/F191-production-reports.md,3.0.0,54,21,PASS,PASS,UNSPECIFIED,NONE,PENDING_MODULE_PASS,PENDING_MODULE_PASS,Framework contract only; does not claim researched subfeature completeness.
F192,Production dashboard,Manufacturing,docs/03-modules/manufacturing/features/F192-production-dashboard.md,3.0.0,54,21,PASS,PASS,UNSPECIFIED,NONE,PENDING_MODULE_PASS,PENDING_MODULE_PASS,Framework contract only; does not claim researched subfeature completeness.
F193,Projects,Projects,docs/03-modules/projects/features/F193-projects.md,3.0.0,54,21,PASS,PASS,UNSPECIFIED,NONE,PENDING_MODULE_PASS,PENDING_MODULE_PASS,Framework contract only; does not claim researched subfeature completeness.
F194,Customer projects,Projects,docs/03-modules/projects/features/F194-customer-projects.md,3.0.0,54,21,PASS,PASS,UNSPECIFIED,NONE,PENDING_MODULE_PASS,PENDING_MODULE_PASS,Framework contract only; does not claim researched subfeature completeness.
F195,Internal projects,Projects,docs/03-modules/projects/features/F195-internal-projects.md,3.0.0,54,21,PASS,PASS,UNSPECIFIED,NONE,PENDING_MODULE_PASS,PENDING_MODULE_PASS,Framework contract only; does not claim researched subfeature completeness.
F196,Project templates,Projects,docs/03-modules/projects/features/F196-project-templates.md,3.0.0,54,21,PASS,PASS,UNSPECIFIED,NONE,PENDING_MODULE_PASS,PENDING_MODULE_PASS,Framework contract only; does not claim researched subfeature completeness.
F197,Work Breakdown Structure (WBS),Projects,docs/03-modules/projects/features/F197-work-breakdown-structure-wbs.md,3.0.0,54,21,PASS,PASS,UNSPECIFIED,NONE,PENDING_MODULE_PASS,PENDING_MODULE_PASS,Framework contract only; does not claim researched subfeature completeness.
F198,Milestones,Projects,docs/03-modules/projects/features/F198-milestones.md,3.0.0,54,21,PASS,PASS,UNSPECIFIED,NONE,PENDING_MODULE_PASS,PENDING_MODULE_PASS,Framework contract only; does not claim researched subfeature completeness.
F199,Tasks,Projects,docs/03-modules/projects/features/F199-tasks.md,3.0.0,54,21,PASS,PASS,UNSPECIFIED,NONE,PENDING_MODULE_PASS,PENDING_MODULE_PASS,Framework contract only; does not claim researched subfeature completeness.
F200,Subtasks,Projects,docs/03-modules/projects/features/F200-subtasks.md,3.0.0,54,21,PASS,PASS,UNSPECIFIED,NONE,PENDING_MODULE_PASS,PENDING_MODULE_PASS,Framework contract only; does not claim researched subfeature completeness.
F201,Task dependencies,Projects,docs/03-modules/projects/features/F201-task-dependencies.md,3.0.0,54,21,PASS,PASS,UNSPECIFIED,NONE,PENDING_MODULE_PASS,PENDING_MODULE_PASS,Framework contract only; does not claim researched subfeature completeness.
F202,Assignees,Projects,docs/03-modules/projects/features/F202-assignees.md,3.0.0,54,21,PASS,PASS,UNSPECIFIED,NONE,PENDING_MODULE_PASS,PENDING_MODULE_PASS,Framework contract only; does not claim researched subfeature completeness.
F203,Priority,Projects,docs/03-modules/projects/features/F203-priority.md,3.0.0,54,21,PASS,PASS,UNSPECIFIED,NONE,PENDING_MODULE_PASS,PENDING_MODULE_PASS,Framework contract only; does not claim researched subfeature completeness.
F204,Project status,Projects,docs/03-modules/projects/features/F204-project-status.md,3.0.0,54,21,PASS,PASS,UNSPECIFIED,NONE,PENDING_MODULE_PASS,PENDING_MODULE_PASS,Framework contract only; does not claim researched subfeature completeness.
F205,Gantt chart,Projects,docs/03-modules/projects/features/F205-gantt-chart.md,3.0.0,54,21,PASS,PASS,UNSPECIFIED,NONE,PENDING_MODULE_PASS,PENDING_MODULE_PASS,Framework contract only; does not claim researched subfeature completeness.
F206,Kanban / task board,Projects,docs/03-modules/projects/features/F206-kanban-task-board.md,3.0.0,54,21,PASS,PASS,UNSPECIFIED,NONE,PENDING_MODULE_PASS,PENDING_MODULE_PASS,Framework contract only; does not claim researched subfeature completeness.
F207,Project calendar,Projects,docs/03-modules/projects/features/F207-project-calendar.md,3.0.0,54,21,PASS,PASS,UNSPECIFIED,NONE,PENDING_MODULE_PASS,PENDING_MODULE_PASS,Framework contract only; does not claim researched subfeature completeness.
F208,Resource allocation,Projects,docs/03-modules/projects/features/F208-resource-allocation.md,3.0.0,54,21,PASS,PASS,UNSPECIFIED,NONE,PENDING_MODULE_PASS,PENDING_MODULE_PASS,Framework contract only; does not claim researched subfeature completeness.
F209,Resource availability,Projects,docs/03-modules/projects/features/F209-resource-availability.md,3.0.0,54,21,PASS,PASS,UNSPECIFIED,NONE,PENDING_MODULE_PASS,PENDING_MODULE_PASS,Framework contract only; does not claim researched subfeature completeness.
F210,Timesheets,Projects,docs/03-modules/projects/features/F210-timesheets.md,3.0.0,54,21,PASS,PASS,UNSPECIFIED,NONE,PENDING_MODULE_PASS,PENDING_MODULE_PASS,Framework contract only; does not claim researched subfeature completeness.
F211,Project expenses,Projects,docs/03-modules/projects/features/F211-project-expenses.md,3.0.0,54,21,PASS,PASS,UNSPECIFIED,NONE,PENDING_MODULE_PASS,PENDING_MODULE_PASS,Framework contract only; does not claim researched subfeature completeness.
F212,Materials consumed,Projects,docs/03-modules/projects/features/F212-materials-consumed.md,3.0.0,54,21,PASS,PASS,UNSPECIFIED,NONE,PENDING_MODULE_PASS,PENDING_MODULE_PASS,Framework contract only; does not claim researched subfeature completeness.
F213,Project procurement,Projects,docs/03-modules/projects/features/F213-project-procurement.md,3.0.0,54,21,PASS,PASS,UNSPECIFIED,NONE,PENDING_MODULE_PASS,PENDING_MODULE_PASS,Framework contract only; does not claim researched subfeature completeness.
F214,Project budget,Projects,docs/03-modules/projects/features/F214-project-budget.md,3.0.0,54,21,PASS,PASS,UNSPECIFIED,NONE,PENDING_MODULE_PASS,PENDING_MODULE_PASS,Framework contract only; does not claim researched subfeature completeness.
F215,Budget revisions,Projects,docs/03-modules/projects/features/F215-budget-revisions.md,3.0.0,54,21,PASS,PASS,UNSPECIFIED,NONE,PENDING_MODULE_PASS,PENDING_MODULE_PASS,Framework contract only; does not claim researched subfeature completeness.
F216,Cost tracking,Projects,docs/03-modules/projects/features/F216-cost-tracking.md,3.0.0,54,21,PASS,PASS,UNSPECIFIED,NONE,PENDING_MODULE_PASS,PENDING_MODULE_PASS,Framework contract only; does not claim researched subfeature completeness.
F217,Revenue tracking,Projects,docs/03-modules/projects/features/F217-revenue-tracking.md,3.0.0,54,21,PASS,PASS,UNSPECIFIED,NONE,PENDING_MODULE_PASS,PENDING_MODULE_PASS,Framework contract only; does not claim researched subfeature completeness.
F218,Fixed-price billing,Projects,docs/03-modules/projects/features/F218-fixed-price-billing.md,3.0.0,54,21,PASS,PASS,UNSPECIFIED,NONE,PENDING_MODULE_PASS,PENDING_MODULE_PASS,Framework contract only; does not claim researched subfeature completeness.
F219,Time-and-material billing,Projects,docs/03-modules/projects/features/F219-time-and-material-billing.md,3.0.0,54,21,PASS,PASS,UNSPECIFIED,NONE,PENDING_MODULE_PASS,PENDING_MODULE_PASS,Framework contract only; does not claim researched subfeature completeness.
F220,Milestone billing,Projects,docs/03-modules/projects/features/F220-milestone-billing.md,3.0.0,54,21,PASS,PASS,UNSPECIFIED,NONE,PENDING_MODULE_PASS,PENDING_MODULE_PASS,Framework contract only; does not claim researched subfeature completeness.
F221,Project invoices,Projects,docs/03-modules/projects/features/F221-project-invoices.md,3.0.0,54,21,PASS,PASS,UNSPECIFIED,NONE,PENDING_MODULE_PASS,PENDING_MODULE_PASS,Framework contract only; does not claim researched subfeature completeness.
F222,Project profitability,Projects,docs/03-modules/projects/features/F222-project-profitability.md,3.0.0,54,21,PASS,PASS,UNSPECIFIED,NONE,PENDING_MODULE_PASS,PENDING_MODULE_PASS,Framework contract only; does not claim researched subfeature completeness.
F223,Cost variance,Projects,docs/03-modules/projects/features/F223-cost-variance.md,3.0.0,54,21,PASS,PASS,UNSPECIFIED,NONE,PENDING_MODULE_PASS,PENDING_MODULE_PASS,Framework contract only; does not claim researched subfeature completeness.
F224,Issues,Projects,docs/03-modules/projects/features/F224-issues.md,3.0.0,54,21,PASS,PASS,UNSPECIFIED,NONE,PENDING_MODULE_PASS,PENDING_MODULE_PASS,Framework contract only; does not claim researched subfeature completeness.
F225,Risks,Projects,docs/03-modules/projects/features/F225-risks.md,3.0.0,54,21,PASS,PASS,UNSPECIFIED,NONE,PENDING_MODULE_PASS,PENDING_MODULE_PASS,Framework contract only; does not claim researched subfeature completeness.
F226,Documents,Projects,docs/03-modules/projects/features/F226-documents.md,3.0.0,54,21,PASS,PASS,UNSPECIFIED,NONE,PENDING_MODULE_PASS,PENDING_MODULE_PASS,Framework contract only; does not claim researched subfeature completeness.
F227,Comments and collaboration,Projects,docs/03-modules/projects/features/F227-comments-and-collaboration.md,3.0.0,54,21,PASS,PASS,UNSPECIFIED,NONE,PENDING_MODULE_PASS,PENDING_MODULE_PASS,Framework contract only; does not claim researched subfeature completeness.
F228,Progress tracking,Projects,docs/03-modules/projects/features/F228-progress-tracking.md,3.0.0,54,21,PASS,PASS,UNSPECIFIED,NONE,PENDING_MODULE_PASS,PENDING_MODULE_PASS,Framework contract only; does not claim researched subfeature completeness.
F229,Project dashboard,Projects,docs/03-modules/projects/features/F229-project-dashboard.md,3.0.0,54,21,PASS,PASS,UNSPECIFIED,NONE,PENDING_MODULE_PASS,PENDING_MODULE_PASS,Framework contract only; does not claim researched subfeature completeness.
F230,Project reports,Projects,docs/03-modules/projects/features/F230-project-reports.md,3.0.0,54,21,PASS,PASS,UNSPECIFIED,NONE,PENDING_MODULE_PASS,PENDING_MODULE_PASS,Framework contract only; does not claim researched subfeature completeness.
F231,Asset register,Assets,docs/03-modules/assets/features/F231-asset-register.md,3.0.0,54,21,PASS,PASS,UNSPECIFIED,NONE,PENDING_MODULE_PASS,PENDING_MODULE_PASS,Framework contract only; does not claim researched subfeature completeness.
F232,Asset categories,Assets,docs/03-modules/assets/features/F232-asset-categories.md,3.0.0,54,21,PASS,PASS,UNSPECIFIED,NONE,PENDING_MODULE_PASS,PENDING_MODULE_PASS,Framework contract only; does not claim researched subfeature completeness.
F233,Asset identification and code,Assets,docs/03-modules/assets/features/F233-asset-identification-and-code.md,3.0.0,54,21,PASS,PASS,UNSPECIFIED,NONE,PENDING_MODULE_PASS,PENDING_MODULE_PASS,Framework contract only; does not claim researched subfeature completeness.
F234,Asset location,Assets,docs/03-modules/assets/features/F234-asset-location.md,3.0.0,54,21,PASS,PASS,UNSPECIFIED,NONE,PENDING_MODULE_PASS,PENDING_MODULE_PASS,Framework contract only; does not claim researched subfeature completeness.
F235,Custodian,Assets,docs/03-modules/assets/features/F235-custodian.md,3.0.0,54,21,PASS,PASS,UNSPECIFIED,NONE,PENDING_MODULE_PASS,PENDING_MODULE_PASS,Framework contract only; does not claim researched subfeature completeness.
F236,Department,Assets,docs/03-modules/assets/features/F236-department.md,3.0.0,54,21,PASS,PASS,UNSPECIFIED,NONE,PENDING_MODULE_PASS,PENDING_MODULE_PASS,Framework contract only; does not claim researched subfeature completeness.
F237,Purchase and capitalization,Assets,docs/03-modules/assets/features/F237-purchase-and-capitalization.md,3.0.0,54,21,PASS,PASS,UNSPECIFIED,NONE,PENDING_MODULE_PASS,PENDING_MODULE_PASS,Framework contract only; does not claim researched subfeature completeness.
F238,Asset creation from procurement,Assets,docs/03-modules/assets/features/F238-asset-creation-from-procurement.md,3.0.0,54,21,PASS,PASS,UNSPECIFIED,NONE,PENDING_MODULE_PASS,PENDING_MODULE_PASS,Framework contract only; does not claim researched subfeature completeness.
F239,Asset transfers,Assets,docs/03-modules/assets/features/F239-asset-transfers.md,3.0.0,54,21,PASS,PASS,UNSPECIFIED,NONE,PENDING_MODULE_PASS,PENDING_MODULE_PASS,Framework contract only; does not claim researched subfeature completeness.
F240,Asset assignment,Assets,docs/03-modules/assets/features/F240-asset-assignment.md,3.0.0,54,21,PASS,PASS,UNSPECIFIED,NONE,PENDING_MODULE_PASS,PENDING_MODULE_PASS,Framework contract only; does not claim researched subfeature completeness.
F241,Asset movement history,Assets,docs/03-modules/assets/features/F241-asset-movement-history.md,3.0.0,54,21,PASS,PASS,UNSPECIFIED,NONE,PENDING_MODULE_PASS,PENDING_MODULE_PASS,Framework contract only; does not claim researched subfeature completeness.
F242,Asset value,Assets,docs/03-modules/assets/features/F242-asset-value.md,3.0.0,54,21,PASS,PASS,UNSPECIFIED,NONE,PENDING_MODULE_PASS,PENDING_MODULE_PASS,Framework contract only; does not claim researched subfeature completeness.
F243,Useful life,Assets,docs/03-modules/assets/features/F243-useful-life.md,3.0.0,54,21,PASS,PASS,UNSPECIFIED,NONE,PENDING_MODULE_PASS,PENDING_MODULE_PASS,Framework contract only; does not claim researched subfeature completeness.
F244,Salvage value,Assets,docs/03-modules/assets/features/F244-salvage-value.md,3.0.0,54,21,PASS,PASS,UNSPECIFIED,NONE,PENDING_MODULE_PASS,PENDING_MODULE_PASS,Framework contract only; does not claim researched subfeature completeness.
F245,Straight-line depreciation,Assets,docs/03-modules/assets/features/F245-straight-line-depreciation.md,3.0.0,54,21,PASS,PASS,UNSPECIFIED,NONE,PENDING_MODULE_PASS,PENDING_MODULE_PASS,Framework contract only; does not claim researched subfeature completeness.
F246,Declining-balance depreciation,Assets,docs/03-modules/assets/features/F246-declining-balance-depreciation.md,3.0.0,54,21,PASS,PASS,UNSPECIFIED,NONE,PENDING_MODULE_PASS,PENDING_MODULE_PASS,Framework contract only; does not claim researched subfeature completeness.
F247,Units-of-production depreciation,Assets,docs/03-modules/assets/features/F247-units-of-production-depreciation.md,3.0.0,54,21,PASS,PASS,UNSPECIFIED,NONE,PENDING_MODULE_PASS,PENDING_MODULE_PASS,Framework contract only; does not claim researched subfeature completeness.
F248,Depreciation schedule,Assets,docs/03-modules/assets/features/F248-depreciation-schedule.md,3.0.0,54,21,PASS,PASS,UNSPECIFIED,NONE,PENDING_MODULE_PASS,PENDING_MODULE_PASS,Framework contract only; does not claim researched subfeature completeness.
F249,Depreciation posting,Assets,docs/03-modules/assets/features/F249-depreciation-posting.md,3.0.0,54,21,PASS,PASS,UNSPECIFIED,NONE,PENDING_MODULE_PASS,PENDING_MODULE_PASS,Framework contract only; does not claim researched subfeature completeness.
F250,Asset revaluation,Assets,docs/03-modules/assets/features/F250-asset-revaluation.md,3.0.0,54,21,PASS,PASS,UNSPECIFIED,NONE,PENDING_MODULE_PASS,PENDING_MODULE_PASS,Framework contract only; does not claim researched subfeature completeness.
F251,Asset impairment,Assets,docs/03-modules/assets/features/F251-asset-impairment.md,3.0.0,54,21,PASS,PASS,UNSPECIFIED,NONE,PENDING_MODULE_PASS,PENDING_MODULE_PASS,Framework contract only; does not claim researched subfeature completeness.
F252,Asset maintenance,Assets,docs/03-modules/assets/features/F252-asset-maintenance.md,3.0.0,54,21,PASS,PASS,UNSPECIFIED,NONE,PENDING_MODULE_PASS,PENDING_MODULE_PASS,Framework contract only; does not claim researched subfeature completeness.
F253,Preventive maintenance,Assets,docs/03-modules/assets/features/F253-preventive-maintenance.md,3.0.0,54,21,PASS,PASS,UNSPECIFIED,NONE,PENDING_MODULE_PASS,PENDING_MODULE_PASS,Framework contract only; does not claim researched subfeature completeness.
F254,Maintenance schedule,Assets,docs/03-modules/assets/features/F254-maintenance-schedule.md,3.0.0,54,21,PASS,PASS,UNSPECIFIED,NONE,PENDING_MODULE_PASS,PENDING_MODULE_PASS,Framework contract only; does not claim researched subfeature completeness.
F255,Repair history,Assets,docs/03-modules/assets/features/F255-repair-history.md,3.0.0,54,21,PASS,PASS,UNSPECIFIED,NONE,PENDING_MODULE_PASS,PENDING_MODULE_PASS,Framework contract only; does not claim researched subfeature completeness.
F256,Downtime,Assets,docs/03-modules/assets/features/F256-downtime.md,3.0.0,54,21,PASS,PASS,UNSPECIFIED,NONE,PENDING_MODULE_PASS,PENDING_MODULE_PASS,Framework contract only; does not claim researched subfeature completeness.
F257,Warranty,Assets,docs/03-modules/assets/features/F257-warranty.md,3.0.0,54,21,PASS,PASS,UNSPECIFIED,NONE,PENDING_MODULE_PASS,PENDING_MODULE_PASS,Framework contract only; does not claim researched subfeature completeness.
F258,Inspection,Assets,docs/03-modules/assets/features/F258-inspection.md,3.0.0,54,21,PASS,PASS,UNSPECIFIED,NONE,PENDING_MODULE_PASS,PENDING_MODULE_PASS,Framework contract only; does not claim researched subfeature completeness.
F259,Calibration,Assets,docs/03-modules/assets/features/F259-calibration.md,3.0.0,54,21,PASS,PASS,UNSPECIFIED,NONE,PENDING_MODULE_PASS,PENDING_MODULE_PASS,Framework contract only; does not claim researched subfeature completeness.
F260,Physical verification and audit,Assets,docs/03-modules/assets/features/F260-physical-verification-and-audit.md,3.0.0,54,21,PASS,PASS,UNSPECIFIED,NONE,PENDING_MODULE_PASS,PENDING_MODULE_PASS,Framework contract only; does not claim researched subfeature completeness.
F261,Barcode / QR identification,Assets,docs/03-modules/assets/features/F261-barcode-qr-identification.md,3.0.0,54,21,PASS,PASS,UNSPECIFIED,NONE,PENDING_MODULE_PASS,PENDING_MODULE_PASS,Framework contract only; does not claim researched subfeature completeness.
F262,Asset disposal,Assets,docs/03-modules/assets/features/F262-asset-disposal.md,3.0.0,54,21,PASS,PASS,UNSPECIFIED,NONE,PENDING_MODULE_PASS,PENDING_MODULE_PASS,Framework contract only; does not claim researched subfeature completeness.
F263,Asset sale,Assets,docs/03-modules/assets/features/F263-asset-sale.md,3.0.0,54,21,PASS,PASS,UNSPECIFIED,NONE,PENDING_MODULE_PASS,PENDING_MODULE_PASS,Framework contract only; does not claim researched subfeature completeness.
F264,Asset scrap,Assets,docs/03-modules/assets/features/F264-asset-scrap.md,3.0.0,54,21,PASS,PASS,UNSPECIFIED,NONE,PENDING_MODULE_PASS,PENDING_MODULE_PASS,Framework contract only; does not claim researched subfeature completeness.
F265,Gain / loss on disposal,Assets,docs/03-modules/assets/features/F265-gain-loss-on-disposal.md,3.0.0,54,21,PASS,PASS,UNSPECIFIED,NONE,PENDING_MODULE_PASS,PENDING_MODULE_PASS,Framework contract only; does not claim researched subfeature completeness.
F266,Asset accounting integration,Assets,docs/03-modules/assets/features/F266-asset-accounting-integration.md,3.0.0,54,21,PASS,PASS,UNSPECIFIED,NONE,PENDING_MODULE_PASS,PENDING_MODULE_PASS,Framework contract only; does not claim researched subfeature completeness.
F267,Asset reports,Assets,docs/03-modules/assets/features/F267-asset-reports.md,3.0.0,54,21,PASS,PASS,UNSPECIFIED,NONE,PENDING_MODULE_PASS,PENDING_MODULE_PASS,Framework contract only; does not claim researched subfeature completeness.
F268,Stores and outlets,Point of Sale,docs/03-modules/point-of-sale/features/F268-stores-and-outlets.md,3.0.0,54,21,PASS,PASS,UNSPECIFIED,NONE,PENDING_MODULE_PASS,PENDING_MODULE_PASS,Framework contract only; does not claim researched subfeature completeness.
F269,POS terminals,Point of Sale,docs/03-modules/point-of-sale/features/F269-pos-terminals.md,3.0.0,54,21,PASS,PASS,UNSPECIFIED,NONE,PENDING_MODULE_PASS,PENDING_MODULE_PASS,Framework contract only; does not claim researched subfeature completeness.
F270,Cashiers,Point of Sale,docs/03-modules/point-of-sale/features/F270-cashiers.md,3.0.0,54,21,PASS,PASS,UNSPECIFIED,NONE,PENDING_MODULE_PASS,PENDING_MODULE_PASS,Framework contract only; does not claim researched subfeature completeness.
F271,Cashier permissions,Point of Sale,docs/03-modules/point-of-sale/features/F271-cashier-permissions.md,3.0.0,54,21,PASS,PASS,UNSPECIFIED,NONE,PENDING_MODULE_PASS,PENDING_MODULE_PASS,Framework contract only; does not claim researched subfeature completeness.
F272,Product search,Point of Sale,docs/03-modules/point-of-sale/features/F272-product-search.md,3.0.0,54,21,PASS,PASS,UNSPECIFIED,NONE,PENDING_MODULE_PASS,PENDING_MODULE_PASS,Framework contract only; does not claim researched subfeature completeness.
F273,Barcode scanning,Point of Sale,docs/03-modules/point-of-sale/features/F273-barcode-scanning.md,3.0.0,54,21,PASS,PASS,UNSPECIFIED,NONE,PENDING_MODULE_PASS,PENDING_MODULE_PASS,Framework contract only; does not claim researched subfeature completeness.
F274,Product variants,Point of Sale,docs/03-modules/point-of-sale/features/F274-product-variants.md,3.0.0,54,21,PASS,PASS,UNSPECIFIED,NONE,PENDING_MODULE_PASS,PENDING_MODULE_PASS,Framework contract only; does not claim researched subfeature completeness.
F275,Price lists,Point of Sale,docs/03-modules/point-of-sale/features/F275-price-lists.md,3.0.0,54,21,PASS,PASS,UNSPECIFIED,NONE,PENDING_MODULE_PASS,PENDING_MODULE_PASS,Framework contract only; does not claim researched subfeature completeness.
F276,Customer selection,Point of Sale,docs/03-modules/point-of-sale/features/F276-customer-selection.md,3.0.0,54,21,PASS,PASS,UNSPECIFIED,NONE,PENDING_MODULE_PASS,PENDING_MODULE_PASS,Framework contract only; does not claim researched subfeature completeness.
F277,Cart,Point of Sale,docs/03-modules/point-of-sale/features/F277-cart.md,3.0.0,54,21,PASS,PASS,UNSPECIFIED,NONE,PENDING_MODULE_PASS,PENDING_MODULE_PASS,Framework contract only; does not claim researched subfeature completeness.
F278,Taxes,Point of Sale,docs/03-modules/point-of-sale/features/F278-taxes.md,3.0.0,54,21,PASS,PASS,UNSPECIFIED,NONE,PENDING_MODULE_PASS,PENDING_MODULE_PASS,Framework contract only; does not claim researched subfeature completeness.
F279,Discounts,Point of Sale,docs/03-modules/point-of-sale/features/F279-discounts.md,3.0.0,54,21,PASS,PASS,UNSPECIFIED,NONE,PENDING_MODULE_PASS,PENDING_MODULE_PASS,Framework contract only; does not claim researched subfeature completeness.
F280,Promotions,Point of Sale,docs/03-modules/point-of-sale/features/F280-promotions.md,3.0.0,54,21,PASS,PASS,UNSPECIFIED,NONE,PENDING_MODULE_PASS,PENDING_MODULE_PASS,Framework contract only; does not claim researched subfeature completeness.
F281,Coupons,Point of Sale,docs/03-modules/point-of-sale/features/F281-coupons.md,3.0.0,54,21,PASS,PASS,UNSPECIFIED,NONE,PENDING_MODULE_PASS,PENDING_MODULE_PASS,Framework contract only; does not claim researched subfeature completeness.
F282,Cash payments,Point of Sale,docs/03-modules/point-of-sale/features/F282-cash-payments.md,3.0.0,54,21,PASS,PASS,UNSPECIFIED,NONE,PENDING_MODULE_PASS,PENDING_MODULE_PASS,Framework contract only; does not claim researched subfeature completeness.
F283,Card payments,Point of Sale,docs/03-modules/point-of-sale/features/F283-card-payments.md,3.0.0,54,21,PASS,PASS,UNSPECIFIED,NONE,PENDING_MODULE_PASS,PENDING_MODULE_PASS,Framework contract only; does not claim researched subfeature completeness.
F284,UPI and digital payments,Point of Sale,docs/03-modules/point-of-sale/features/F284-upi-and-digital-payments.md,3.0.0,54,21,PASS,PASS,UNSPECIFIED,NONE,PENDING_MODULE_PASS,PENDING_MODULE_PASS,Framework contract only; does not claim researched subfeature completeness.
F285,Split payments,Point of Sale,docs/03-modules/point-of-sale/features/F285-split-payments.md,3.0.0,54,21,PASS,PASS,UNSPECIFIED,NONE,PENDING_MODULE_PASS,PENDING_MODULE_PASS,Framework contract only; does not claim researched subfeature completeness.
F286,Multiple payment methods,Point of Sale,docs/03-modules/point-of-sale/features/F286-multiple-payment-methods.md,3.0.0,54,21,PASS,PASS,UNSPECIFIED,NONE,PENDING_MODULE_PASS,PENDING_MODULE_PASS,Framework contract only; does not claim researched subfeature completeness.
F287,Hold / suspend sale,Point of Sale,docs/03-modules/point-of-sale/features/F287-hold-suspend-sale.md,3.0.0,54,21,PASS,PASS,UNSPECIFIED,NONE,PENDING_MODULE_PASS,PENDING_MODULE_PASS,Framework contract only; does not claim researched subfeature completeness.
F288,Resume sale,Point of Sale,docs/03-modules/point-of-sale/features/F288-resume-sale.md,3.0.0,54,21,PASS,PASS,UNSPECIFIED,NONE,PENDING_MODULE_PASS,PENDING_MODULE_PASS,Framework contract only; does not claim researched subfeature completeness.
F289,Receipt printing,Point of Sale,docs/03-modules/point-of-sale/features/F289-receipt-printing.md,3.0.0,54,21,PASS,PASS,UNSPECIFIED,NONE,PENDING_MODULE_PASS,PENDING_MODULE_PASS,Framework contract only; does not claim researched subfeature completeness.
F290,Invoice generation,Point of Sale,docs/03-modules/point-of-sale/features/F290-invoice-generation.md,3.0.0,54,21,PASS,PASS,UNSPECIFIED,NONE,PENDING_MODULE_PASS,PENDING_MODULE_PASS,Framework contract only; does not claim researched subfeature completeness.
F291,Returns,Point of Sale,docs/03-modules/point-of-sale/features/F291-returns.md,3.0.0,54,21,PASS,PASS,UNSPECIFIED,NONE,PENDING_MODULE_PASS,PENDING_MODULE_PASS,Framework contract only; does not claim researched subfeature completeness.
F292,Refunds,Point of Sale,docs/03-modules/point-of-sale/features/F292-refunds.md,3.0.0,54,21,PASS,PASS,UNSPECIFIED,NONE,PENDING_MODULE_PASS,PENDING_MODULE_PASS,Framework contract only; does not claim researched subfeature completeness.
F293,Exchanges,Point of Sale,docs/03-modules/point-of-sale/features/F293-exchanges.md,3.0.0,54,21,PASS,PASS,UNSPECIFIED,NONE,PENDING_MODULE_PASS,PENDING_MODULE_PASS,Framework contract only; does not claim researched subfeature completeness.
F294,Stock reduction,Point of Sale,docs/03-modules/point-of-sale/features/F294-stock-reduction.md,3.0.0,54,21,PASS,PASS,UNSPECIFIED,NONE,PENDING_MODULE_PASS,PENDING_MODULE_PASS,Framework contract only; does not claim researched subfeature completeness.
F295,Lot / serial support where required,Point of Sale,docs/03-modules/point-of-sale/features/F295-lot-serial-support-where-required.md,3.0.0,54,21,PASS,PASS,UNSPECIFIED,NONE,PENDING_MODULE_PASS,PENDING_MODULE_PASS,Framework contract only; does not claim researched subfeature completeness.
F296,Real-time inventory,Point of Sale,docs/03-modules/point-of-sale/features/F296-real-time-inventory.md,3.0.0,54,21,PASS,PASS,UNSPECIFIED,NONE,PENDING_MODULE_PASS,PENDING_MODULE_PASS,Framework contract only; does not claim researched subfeature completeness.
F297,Offline POS,Point of Sale,docs/03-modules/point-of-sale/features/F297-offline-pos.md,3.0.0,54,21,PASS,PASS,UNSPECIFIED,NONE,PENDING_MODULE_PASS,PENDING_MODULE_PASS,Framework contract only; does not claim researched subfeature completeness.
F298,Offline-to-online synchronization,Point of Sale,docs/03-modules/point-of-sale/features/F298-offline-to-online-synchronization.md,3.0.0,54,21,PASS,PASS,UNSPECIFIED,NONE,PENDING_MODULE_PASS,PENDING_MODULE_PASS,Framework contract only; does not claim researched subfeature completeness.
F299,Cash drawer opening balance,Point of Sale,docs/03-modules/point-of-sale/features/F299-cash-drawer-opening-balance.md,3.0.0,54,21,PASS,PASS,UNSPECIFIED,NONE,PENDING_MODULE_PASS,PENDING_MODULE_PASS,Framework contract only; does not claim researched subfeature completeness.
F300,Cash movements,Point of Sale,docs/03-modules/point-of-sale/features/F300-cash-movements.md,3.0.0,54,21,PASS,PASS,UNSPECIFIED,NONE,PENDING_MODULE_PASS,PENDING_MODULE_PASS,Framework contract only; does not claim researched subfeature completeness.
F301,Shift opening,Point of Sale,docs/03-modules/point-of-sale/features/F301-shift-opening.md,3.0.0,54,21,PASS,PASS,UNSPECIFIED,NONE,PENDING_MODULE_PASS,PENDING_MODULE_PASS,Framework contract only; does not claim researched subfeature completeness.
F302,Shift closing,Point of Sale,docs/03-modules/point-of-sale/features/F302-shift-closing.md,3.0.0,54,21,PASS,PASS,UNSPECIFIED,NONE,PENDING_MODULE_PASS,PENDING_MODULE_PASS,Framework contract only; does not claim researched subfeature completeness.
F303,Day-end / Z report,Point of Sale,docs/03-modules/point-of-sale/features/F303-day-end-z-report.md,3.0.0,54,21,PASS,PASS,UNSPECIFIED,NONE,PENDING_MODULE_PASS,PENDING_MODULE_PASS,Framework contract only; does not claim researched subfeature completeness.
F304,Payment reconciliation,Point of Sale,docs/03-modules/point-of-sale/features/F304-payment-reconciliation.md,3.0.0,54,21,PASS,PASS,UNSPECIFIED,NONE,PENDING_MODULE_PASS,PENDING_MODULE_PASS,Framework contract only; does not claim researched subfeature completeness.
F305,POS accounting posting,Point of Sale,docs/03-modules/point-of-sale/features/F305-pos-accounting-posting.md,3.0.0,54,21,PASS,PASS,UNSPECIFIED,NONE,PENDING_MODULE_PASS,PENDING_MODULE_PASS,Framework contract only; does not claim researched subfeature completeness.
F306,Loyalty,Point of Sale,docs/03-modules/point-of-sale/features/F306-loyalty.md,3.0.0,54,21,PASS,PASS,UNSPECIFIED,NONE,PENDING_MODULE_PASS,PENDING_MODULE_PASS,Framework contract only; does not claim researched subfeature completeness.
F307,POS sales analytics,Point of Sale,docs/03-modules/point-of-sale/features/F307-pos-sales-analytics.md,3.0.0,54,21,PASS,PASS,UNSPECIFIED,NONE,PENDING_MODULE_PASS,PENDING_MODULE_PASS,Framework contract only; does not claim researched subfeature completeness.
F308,Quality standards,Quality,docs/03-modules/quality/features/F308-quality-standards.md,3.0.0,54,21,PASS,PASS,UNSPECIFIED,NONE,PENDING_MODULE_PASS,PENDING_MODULE_PASS,Framework contract only; does not claim researched subfeature completeness.
F309,Inspection specifications,Quality,docs/03-modules/quality/features/F309-inspection-specifications.md,3.0.0,54,21,PASS,PASS,UNSPECIFIED,NONE,PENDING_MODULE_PASS,PENDING_MODULE_PASS,Framework contract only; does not claim researched subfeature completeness.
F310,Quality plans,Quality,docs/03-modules/quality/features/F310-quality-plans.md,3.0.0,54,21,PASS,PASS,UNSPECIFIED,NONE,PENDING_MODULE_PASS,PENDING_MODULE_PASS,Framework contract only; does not claim researched subfeature completeness.
F311,Quality control points,Quality,docs/03-modules/quality/features/F311-quality-control-points.md,3.0.0,54,21,PASS,PASS,UNSPECIFIED,NONE,PENDING_MODULE_PASS,PENDING_MODULE_PASS,Framework contract only; does not claim researched subfeature completeness.
F312,Incoming inspection,Quality,docs/03-modules/quality/features/F312-incoming-inspection.md,3.0.0,54,21,PASS,PASS,UNSPECIFIED,NONE,PENDING_MODULE_PASS,PENDING_MODULE_PASS,Framework contract only; does not claim researched subfeature completeness.
F313,In-process inspection,Quality,docs/03-modules/quality/features/F313-in-process-inspection.md,3.0.0,54,21,PASS,PASS,UNSPECIFIED,NONE,PENDING_MODULE_PASS,PENDING_MODULE_PASS,Framework contract only; does not claim researched subfeature completeness.
F314,Final inspection,Quality,docs/03-modules/quality/features/F314-final-inspection.md,3.0.0,54,21,PASS,PASS,UNSPECIFIED,NONE,PENDING_MODULE_PASS,PENDING_MODULE_PASS,Framework contract only; does not claim researched subfeature completeness.
F315,Sampling plans,Quality,docs/03-modules/quality/features/F315-sampling-plans.md,3.0.0,54,21,PASS,PASS,UNSPECIFIED,NONE,PENDING_MODULE_PASS,PENDING_MODULE_PASS,Framework contract only; does not claim researched subfeature completeness.
F316,Measurement checks,Quality,docs/03-modules/quality/features/F316-measurement-checks.md,3.0.0,54,21,PASS,PASS,UNSPECIFIED,NONE,PENDING_MODULE_PASS,PENDING_MODULE_PASS,Framework contract only; does not claim researched subfeature completeness.
F317,Pass / fail checks,Quality,docs/03-modules/quality/features/F317-pass-fail-checks.md,3.0.0,54,21,PASS,PASS,UNSPECIFIED,NONE,PENDING_MODULE_PASS,PENDING_MODULE_PASS,Framework contract only; does not claim researched subfeature completeness.
F318,Tolerances,Quality,docs/03-modules/quality/features/F318-tolerances.md,3.0.0,54,21,PASS,PASS,UNSPECIFIED,NONE,PENDING_MODULE_PASS,PENDING_MODULE_PASS,Framework contract only; does not claim researched subfeature completeness.
F319,Inspection results,Quality,docs/03-modules/quality/features/F319-inspection-results.md,3.0.0,54,21,PASS,PASS,UNSPECIFIED,NONE,PENDING_MODULE_PASS,PENDING_MODULE_PASS,Framework contract only; does not claim researched subfeature completeness.
F320,Defect recording,Quality,docs/03-modules/quality/features/F320-defect-recording.md,3.0.0,54,21,PASS,PASS,UNSPECIFIED,NONE,PENDING_MODULE_PASS,PENDING_MODULE_PASS,Framework contract only; does not claim researched subfeature completeness.
F321,Non-conformance / NCR,Quality,docs/03-modules/quality/features/F321-non-conformance-ncr.md,3.0.0,54,21,PASS,PASS,UNSPECIFIED,NONE,PENDING_MODULE_PASS,PENDING_MODULE_PASS,Framework contract only; does not claim researched subfeature completeness.
F322,Quality hold,Quality,docs/03-modules/quality/features/F322-quality-hold.md,3.0.0,54,21,PASS,PASS,UNSPECIFIED,NONE,PENDING_MODULE_PASS,PENDING_MODULE_PASS,Framework contract only; does not claim researched subfeature completeness.
F323,Quality hold must block stock movement,Quality,docs/03-modules/quality/features/F323-quality-hold-must-block-stock-movement.md,3.0.0,54,21,PASS,PASS,UNSPECIFIED,NONE,PENDING_MODULE_PASS,PENDING_MODULE_PASS,Framework contract only; does not claim researched subfeature completeness.
F324,Hold release,Quality,docs/03-modules/quality/features/F324-hold-release.md,3.0.0,54,21,PASS,PASS,UNSPECIFIED,NONE,PENDING_MODULE_PASS,PENDING_MODULE_PASS,Framework contract only; does not claim researched subfeature completeness.
F325,Disposition,Quality,docs/03-modules/quality/features/F325-disposition.md,3.0.0,54,21,PASS,PASS,UNSPECIFIED,NONE,PENDING_MODULE_PASS,PENDING_MODULE_PASS,Framework contract only; does not claim researched subfeature completeness.
F326,Rework,Quality,docs/03-modules/quality/features/F326-rework.md,3.0.0,54,21,PASS,PASS,UNSPECIFIED,NONE,PENDING_MODULE_PASS,PENDING_MODULE_PASS,Framework contract only; does not claim researched subfeature completeness.
F327,Scrap,Quality,docs/03-modules/quality/features/F327-scrap.md,3.0.0,54,21,PASS,PASS,UNSPECIFIED,NONE,PENDING_MODULE_PASS,PENDING_MODULE_PASS,Framework contract only; does not claim researched subfeature completeness.
F328,Return to supplier,Quality,docs/03-modules/quality/features/F328-return-to-supplier.md,3.0.0,54,21,PASS,PASS,UNSPECIFIED,NONE,PENDING_MODULE_PASS,PENDING_MODULE_PASS,Framework contract only; does not claim researched subfeature completeness.
F329,Use-as-is approval,Quality,docs/03-modules/quality/features/F329-use-as-is-approval.md,3.0.0,54,21,PASS,PASS,UNSPECIFIED,NONE,PENDING_MODULE_PASS,PENDING_MODULE_PASS,Framework contract only; does not claim researched subfeature completeness.
F330,Root-cause analysis,Quality,docs/03-modules/quality/features/F330-root-cause-analysis.md,3.0.0,54,21,PASS,PASS,UNSPECIFIED,NONE,PENDING_MODULE_PASS,PENDING_MODULE_PASS,Framework contract only; does not claim researched subfeature completeness.
F331,CAPA,Quality,docs/03-modules/quality/features/F331-capa.md,3.0.0,54,21,PASS,PASS,UNSPECIFIED,NONE,PENDING_MODULE_PASS,PENDING_MODULE_PASS,Framework contract only; does not claim researched subfeature completeness.
F332,Corrective actions,Quality,docs/03-modules/quality/features/F332-corrective-actions.md,3.0.0,54,21,PASS,PASS,UNSPECIFIED,NONE,PENDING_MODULE_PASS,PENDING_MODULE_PASS,Framework contract only; does not claim researched subfeature completeness.
F333,Preventive actions,Quality,docs/03-modules/quality/features/F333-preventive-actions.md,3.0.0,54,21,PASS,PASS,UNSPECIFIED,NONE,PENDING_MODULE_PASS,PENDING_MODULE_PASS,Framework contract only; does not claim researched subfeature completeness.
F334,Supplier quality,Quality,docs/03-modules/quality/features/F334-supplier-quality.md,3.0.0,54,21,PASS,PASS,UNSPECIFIED,NONE,PENDING_MODULE_PASS,PENDING_MODULE_PASS,Framework contract only; does not claim researched subfeature completeness.
F335,Customer quality complaints,Quality,docs/03-modules/quality/features/F335-customer-quality-complaints.md,3.0.0,54,21,PASS,PASS,UNSPECIFIED,NONE,PENDING_MODULE_PASS,PENDING_MODULE_PASS,Framework contract only; does not claim researched subfeature completeness.
F336,Calibration,Quality,docs/03-modules/quality/features/F336-calibration.md,3.0.0,54,21,PASS,PASS,UNSPECIFIED,NONE,PENDING_MODULE_PASS,PENDING_MODULE_PASS,Framework contract only; does not claim researched subfeature completeness.
F337,Quality audits,Quality,docs/03-modules/quality/features/F337-quality-audits.md,3.0.0,54,21,PASS,PASS,UNSPECIFIED,NONE,PENDING_MODULE_PASS,PENDING_MODULE_PASS,Framework contract only; does not claim researched subfeature completeness.
F338,Certificate of Analysis,Quality,docs/03-modules/quality/features/F338-certificate-of-analysis.md,3.0.0,54,21,PASS,PASS,UNSPECIFIED,NONE,PENDING_MODULE_PASS,PENDING_MODULE_PASS,Framework contract only; does not claim researched subfeature completeness.
F339,Lot / batch traceability,Quality,docs/03-modules/quality/features/F339-lot-batch-traceability.md,3.0.0,54,21,PASS,PASS,UNSPECIFIED,NONE,PENDING_MODULE_PASS,PENDING_MODULE_PASS,Framework contract only; does not claim researched subfeature completeness.
F340,Quality documents,Quality,docs/03-modules/quality/features/F340-quality-documents.md,3.0.0,54,21,PASS,PASS,UNSPECIFIED,NONE,PENDING_MODULE_PASS,PENDING_MODULE_PASS,Framework contract only; does not claim researched subfeature completeness.
F341,Quality cost reporting,Quality,docs/03-modules/quality/features/F341-quality-cost-reporting.md,3.0.0,54,21,PASS,PASS,UNSPECIFIED,NONE,PENDING_MODULE_PASS,PENDING_MODULE_PASS,Framework contract only; does not claim researched subfeature completeness.
F342,Quality KPI dashboard,Quality,docs/03-modules/quality/features/F342-quality-kpi-dashboard.md,3.0.0,54,21,PASS,PASS,UNSPECIFIED,NONE,PENDING_MODULE_PASS,PENDING_MODULE_PASS,Framework contract only; does not claim researched subfeature completeness.
F343,Tickets and cases,Support / Customer Service,docs/03-modules/support/features/F343-tickets-and-cases.md,3.0.0,54,21,PASS,PASS,UNSPECIFIED,NONE,PENDING_MODULE_PASS,PENDING_MODULE_PASS,Framework contract only; does not claim researched subfeature completeness.
F344,Ticket number,Support / Customer Service,docs/03-modules/support/features/F344-ticket-number.md,3.0.0,54,21,PASS,PASS,UNSPECIFIED,NONE,PENDING_MODULE_PASS,PENDING_MODULE_PASS,Framework contract only; does not claim researched subfeature completeness.
F345,Customer,Support / Customer Service,docs/03-modules/support/features/F345-customer.md,3.0.0,54,21,PASS,PASS,UNSPECIFIED,NONE,PENDING_MODULE_PASS,PENDING_MODULE_PASS,Framework contract only; does not claim researched subfeature completeness.
F346,Contact,Support / Customer Service,docs/03-modules/support/features/F346-contact.md,3.0.0,54,21,PASS,PASS,UNSPECIFIED,NONE,PENDING_MODULE_PASS,PENDING_MODULE_PASS,Framework contract only; does not claim researched subfeature completeness.
F347,Category,Support / Customer Service,docs/03-modules/support/features/F347-category.md,3.0.0,54,21,PASS,PASS,UNSPECIFIED,NONE,PENDING_MODULE_PASS,PENDING_MODULE_PASS,Framework contract only; does not claim researched subfeature completeness.
F348,Priority,Support / Customer Service,docs/03-modules/support/features/F348-priority.md,3.0.0,54,21,PASS,PASS,UNSPECIFIED,NONE,PENDING_MODULE_PASS,PENDING_MODULE_PASS,Framework contract only; does not claim researched subfeature completeness.
F349,Status,Support / Customer Service,docs/03-modules/support/features/F349-status.md,3.0.0,54,21,PASS,PASS,UNSPECIFIED,NONE,PENDING_MODULE_PASS,PENDING_MODULE_PASS,Framework contract only; does not claim researched subfeature completeness.
F350,Queues,Support / Customer Service,docs/03-modules/support/features/F350-queues.md,3.0.0,54,21,PASS,PASS,UNSPECIFIED,NONE,PENDING_MODULE_PASS,PENDING_MODULE_PASS,Framework contract only; does not claim researched subfeature completeness.
F351,Agent assignment,Support / Customer Service,docs/03-modules/support/features/F351-agent-assignment.md,3.0.0,54,21,PASS,PASS,UNSPECIFIED,NONE,PENDING_MODULE_PASS,PENDING_MODULE_PASS,Framework contract only; does not claim researched subfeature completeness.
F352,Automatic routing,Support / Customer Service,docs/03-modules/support/features/F352-automatic-routing.md,3.0.0,54,21,PASS,PASS,UNSPECIFIED,NONE,PENDING_MODULE_PASS,PENDING_MODULE_PASS,Framework contract only; does not claim researched subfeature completeness.
F353,Email-to-ticket,Support / Customer Service,docs/03-modules/support/features/F353-email-to-ticket.md,3.0.0,54,21,PASS,PASS,UNSPECIFIED,NONE,PENDING_MODULE_PASS,PENDING_MODULE_PASS,Framework contract only; does not claim researched subfeature completeness.
F354,Web ticket creation,Support / Customer Service,docs/03-modules/support/features/F354-web-ticket-creation.md,3.0.0,54,21,PASS,PASS,UNSPECIFIED,NONE,PENDING_MODULE_PASS,PENDING_MODULE_PASS,Framework contract only; does not claim researched subfeature completeness.
F355,Manual ticket creation,Support / Customer Service,docs/03-modules/support/features/F355-manual-ticket-creation.md,3.0.0,54,21,PASS,PASS,UNSPECIFIED,NONE,PENDING_MODULE_PASS,PENDING_MODULE_PASS,Framework contract only; does not claim researched subfeature completeness.
F356,Customer replies,Support / Customer Service,docs/03-modules/support/features/F356-customer-replies.md,3.0.0,54,21,PASS,PASS,UNSPECIFIED,NONE,PENDING_MODULE_PASS,PENDING_MODULE_PASS,Framework contract only; does not claim researched subfeature completeness.
F357,Internal / private notes,Support / Customer Service,docs/03-modules/support/features/F357-internal-private-notes.md,3.0.0,54,21,PASS,PASS,UNSPECIFIED,NONE,PENDING_MODULE_PASS,PENDING_MODULE_PASS,Framework contract only; does not claim researched subfeature completeness.
F358,Attachments,Support / Customer Service,docs/03-modules/support/features/F358-attachments.md,3.0.0,54,21,PASS,PASS,UNSPECIFIED,NONE,PENDING_MODULE_PASS,PENDING_MODULE_PASS,Framework contract only; does not claim researched subfeature completeness.
F359,SLA policies,Support / Customer Service,docs/03-modules/support/features/F359-sla-policies.md,3.0.0,54,21,PASS,PASS,UNSPECIFIED,NONE,PENDING_MODULE_PASS,PENDING_MODULE_PASS,Framework contract only; does not claim researched subfeature completeness.
F360,First-response SLA,Support / Customer Service,docs/03-modules/support/features/F360-first-response-sla.md,3.0.0,54,21,PASS,PASS,UNSPECIFIED,NONE,PENDING_MODULE_PASS,PENDING_MODULE_PASS,Framework contract only; does not claim researched subfeature completeness.
F361,Resolution SLA,Support / Customer Service,docs/03-modules/support/features/F361-resolution-sla.md,3.0.0,54,21,PASS,PASS,UNSPECIFIED,NONE,PENDING_MODULE_PASS,PENDING_MODULE_PASS,Framework contract only; does not claim researched subfeature completeness.
F362,SLA breach handling,Support / Customer Service,docs/03-modules/support/features/F362-sla-breach-handling.md,3.0.0,54,21,PASS,PASS,UNSPECIFIED,NONE,PENDING_MODULE_PASS,PENDING_MODULE_PASS,Framework contract only; does not claim researched subfeature completeness.
F363,Escalations,Support / Customer Service,docs/03-modules/support/features/F363-escalations.md,3.0.0,54,21,PASS,PASS,UNSPECIFIED,NONE,PENDING_MODULE_PASS,PENDING_MODULE_PASS,Framework contract only; does not claim researched subfeature completeness.
F364,Reassignment,Support / Customer Service,docs/03-modules/support/features/F364-reassignment.md,3.0.0,54,21,PASS,PASS,UNSPECIFIED,NONE,PENDING_MODULE_PASS,PENDING_MODULE_PASS,Framework contract only; does not claim researched subfeature completeness.
F365,Ticket history,Support / Customer Service,docs/03-modules/support/features/F365-ticket-history.md,3.0.0,54,21,PASS,PASS,UNSPECIFIED,NONE,PENDING_MODULE_PASS,PENDING_MODULE_PASS,Framework contract only; does not claim researched subfeature completeness.
F366,Reopen ticket,Support / Customer Service,docs/03-modules/support/features/F366-reopen-ticket.md,3.0.0,54,21,PASS,PASS,UNSPECIFIED,NONE,PENDING_MODULE_PASS,PENDING_MODULE_PASS,Framework contract only; does not claim researched subfeature completeness.
F367,Merge duplicate tickets,Support / Customer Service,docs/03-modules/support/features/F367-merge-duplicate-tickets.md,3.0.0,54,21,PASS,PASS,UNSPECIFIED,NONE,PENDING_MODULE_PASS,PENDING_MODULE_PASS,Framework contract only; does not claim researched subfeature completeness.
F368,Tags,Support / Customer Service,docs/03-modules/support/features/F368-tags.md,3.0.0,54,21,PASS,PASS,UNSPECIFIED,NONE,PENDING_MODULE_PASS,PENDING_MODULE_PASS,Framework contract only; does not claim researched subfeature completeness.
F369,Knowledge base,Support / Customer Service,docs/03-modules/support/features/F369-knowledge-base.md,3.0.0,54,21,PASS,PASS,UNSPECIFIED,NONE,PENDING_MODULE_PASS,PENDING_MODULE_PASS,Framework contract only; does not claim researched subfeature completeness.
F370,Canned responses,Support / Customer Service,docs/03-modules/support/features/F370-canned-responses.md,3.0.0,54,21,PASS,PASS,UNSPECIFIED,NONE,PENDING_MODULE_PASS,PENDING_MODULE_PASS,Framework contract only; does not claim researched subfeature completeness.
F371,Customer portal,Support / Customer Service,docs/03-modules/support/features/F371-customer-portal.md,3.0.0,54,21,PASS,PASS,UNSPECIFIED,NONE,PENDING_MODULE_PASS,PENDING_MODULE_PASS,Framework contract only; does not claim researched subfeature completeness.
F372,Customer order history,Support / Customer Service,docs/03-modules/support/features/F372-customer-order-history.md,3.0.0,54,21,PASS,PASS,UNSPECIFIED,NONE,PENDING_MODULE_PASS,PENDING_MODULE_PASS,Framework contract only; does not claim researched subfeature completeness.
F373,Product linkage,Support / Customer Service,docs/03-modules/support/features/F373-product-linkage.md,3.0.0,54,21,PASS,PASS,UNSPECIFIED,NONE,PENDING_MODULE_PASS,PENDING_MODULE_PASS,Framework contract only; does not claim researched subfeature completeness.
F374,Asset linkage,Support / Customer Service,docs/03-modules/support/features/F374-asset-linkage.md,3.0.0,54,21,PASS,PASS,UNSPECIFIED,NONE,PENDING_MODULE_PASS,PENDING_MODULE_PASS,Framework contract only; does not claim researched subfeature completeness.
F375,Warranty and service entitlement,Support / Customer Service,docs/03-modules/support/features/F375-warranty-and-service-entitlement.md,3.0.0,54,21,PASS,PASS,UNSPECIFIED,NONE,PENDING_MODULE_PASS,PENDING_MODULE_PASS,Framework contract only; does not claim researched subfeature completeness.
F376,CSAT / customer rating,Support / Customer Service,docs/03-modules/support/features/F376-csat-customer-rating.md,3.0.0,54,21,PASS,PASS,UNSPECIFIED,NONE,PENDING_MODULE_PASS,PENDING_MODULE_PASS,Framework contract only; does not claim researched subfeature completeness.
F377,Agent performance,Support / Customer Service,docs/03-modules/support/features/F377-agent-performance.md,3.0.0,54,21,PASS,PASS,UNSPECIFIED,NONE,PENDING_MODULE_PASS,PENDING_MODULE_PASS,Framework contract only; does not claim researched subfeature completeness.
F378,SLA reporting,Support / Customer Service,docs/03-modules/support/features/F378-sla-reporting.md,3.0.0,54,21,PASS,PASS,UNSPECIFIED,NONE,PENDING_MODULE_PASS,PENDING_MODULE_PASS,Framework contract only; does not claim researched subfeature completeness.
F379,Ticket dashboards,Support / Customer Service,docs/03-modules/support/features/F379-ticket-dashboards.md,3.0.0,54,21,PASS,PASS,UNSPECIFIED,NONE,PENDING_MODULE_PASS,PENDING_MODULE_PASS,Framework contract only; does not claim researched subfeature completeness.
F380,Complete audit trail,Support / Customer Service,docs/03-modules/support/features/F380-complete-audit-trail.md,3.0.0,54,21,PASS,PASS,UNSPECIFIED,NONE,PENDING_MODULE_PASS,PENDING_MODULE_PASS,Framework contract only; does not claim researched subfeature completeness.
F381,Employee master,HR & Payroll,docs/03-modules/hr-payroll/features/F381-employee-master.md,3.0.0,54,21,PASS,PASS,UNSPECIFIED,NONE,PENDING_MODULE_PASS,PENDING_MODULE_PASS,Framework contract only; does not claim researched subfeature completeness.
F382,Employee number,HR & Payroll,docs/03-modules/hr-payroll/features/F382-employee-number.md,3.0.0,54,21,PASS,PASS,UNSPECIFIED,NONE,PENDING_MODULE_PASS,PENDING_MODULE_PASS,Framework contract only; does not claim researched subfeature completeness.
F383,Departments,HR & Payroll,docs/03-modules/hr-payroll/features/F383-departments.md,3.0.0,54,21,PASS,PASS,UNSPECIFIED,NONE,PENDING_MODULE_PASS,PENDING_MODULE_PASS,Framework contract only; does not claim researched subfeature completeness.
F384,Designations,HR & Payroll,docs/03-modules/hr-payroll/features/F384-designations.md,3.0.0,54,21,PASS,PASS,UNSPECIFIED,NONE,PENDING_MODULE_PASS,PENDING_MODULE_PASS,Framework contract only; does not claim researched subfeature completeness.
F385,Reporting manager,HR & Payroll,docs/03-modules/hr-payroll/features/F385-reporting-manager.md,3.0.0,54,21,PASS,PASS,UNSPECIFIED,NONE,PENDING_MODULE_PASS,PENDING_MODULE_PASS,Framework contract only; does not claim researched subfeature completeness.
F386,Branch and location,HR & Payroll,docs/03-modules/hr-payroll/features/F386-branch-and-location.md,3.0.0,54,21,PASS,PASS,UNSPECIFIED,NONE,PENDING_MODULE_PASS,PENDING_MODULE_PASS,Framework contract only; does not claim researched subfeature completeness.
F387,Employment type,HR & Payroll,docs/03-modules/hr-payroll/features/F387-employment-type.md,3.0.0,54,21,PASS,PASS,UNSPECIFIED,NONE,PENDING_MODULE_PASS,PENDING_MODULE_PASS,Framework contract only; does not claim researched subfeature completeness.
F388,Employee documents,HR & Payroll,docs/03-modules/hr-payroll/features/F388-employee-documents.md,3.0.0,54,21,PASS,PASS,UNSPECIFIED,NONE,PENDING_MODULE_PASS,PENDING_MODULE_PASS,Framework contract only; does not claim researched subfeature completeness.
F389,Joining,HR & Payroll,docs/03-modules/hr-payroll/features/F389-joining.md,3.0.0,54,21,PASS,PASS,UNSPECIFIED,NONE,PENDING_MODULE_PASS,PENDING_MODULE_PASS,Framework contract only; does not claim researched subfeature completeness.
F390,Probation,HR & Payroll,docs/03-modules/hr-payroll/features/F390-probation.md,3.0.0,54,21,PASS,PASS,UNSPECIFIED,NONE,PENDING_MODULE_PASS,PENDING_MODULE_PASS,Framework contract only; does not claim researched subfeature completeness.
F391,Confirmation,HR & Payroll,docs/03-modules/hr-payroll/features/F391-confirmation.md,3.0.0,54,21,PASS,PASS,UNSPECIFIED,NONE,PENDING_MODULE_PASS,PENDING_MODULE_PASS,Framework contract only; does not claim researched subfeature completeness.
F392,Transfers,HR & Payroll,docs/03-modules/hr-payroll/features/F392-transfers.md,3.0.0,54,21,PASS,PASS,UNSPECIFIED,NONE,PENDING_MODULE_PASS,PENDING_MODULE_PASS,Framework contract only; does not claim researched subfeature completeness.
F393,Promotions,HR & Payroll,docs/03-modules/hr-payroll/features/F393-promotions.md,3.0.0,54,21,PASS,PASS,UNSPECIFIED,NONE,PENDING_MODULE_PASS,PENDING_MODULE_PASS,Framework contract only; does not claim researched subfeature completeness.
F394,Separation,HR & Payroll,docs/03-modules/hr-payroll/features/F394-separation.md,3.0.0,54,21,PASS,PASS,UNSPECIFIED,NONE,PENDING_MODULE_PASS,PENDING_MODULE_PASS,Framework contract only; does not claim researched subfeature completeness.
F395,Offboarding,HR & Payroll,docs/03-modules/hr-payroll/features/F395-offboarding.md,3.0.0,54,21,PASS,PASS,UNSPECIFIED,NONE,PENDING_MODULE_PASS,PENDING_MODULE_PASS,Framework contract only; does not claim researched subfeature completeness.
F396,Employee self-service,HR & Payroll,docs/03-modules/hr-payroll/features/F396-employee-self-service.md,3.0.0,54,21,PASS,PASS,UNSPECIFIED,NONE,PENDING_MODULE_PASS,PENDING_MODULE_PASS,Framework contract only; does not claim researched subfeature completeness.
F397,Job openings,HR & Payroll,docs/03-modules/hr-payroll/features/F397-job-openings.md,3.0.0,54,21,PASS,PASS,UNSPECIFIED,NONE,PENDING_MODULE_PASS,PENDING_MODULE_PASS,Framework contract only; does not claim researched subfeature completeness.
F398,Candidates,HR & Payroll,docs/03-modules/hr-payroll/features/F398-candidates.md,3.0.0,54,21,PASS,PASS,UNSPECIFIED,NONE,PENDING_MODULE_PASS,PENDING_MODULE_PASS,Framework contract only; does not claim researched subfeature completeness.
F399,Recruitment pipeline,HR & Payroll,docs/03-modules/hr-payroll/features/F399-recruitment-pipeline.md,3.0.0,54,21,PASS,PASS,UNSPECIFIED,NONE,PENDING_MODULE_PASS,PENDING_MODULE_PASS,Framework contract only; does not claim researched subfeature completeness.
F400,Interviews,HR & Payroll,docs/03-modules/hr-payroll/features/F400-interviews.md,3.0.0,54,21,PASS,PASS,UNSPECIFIED,NONE,PENDING_MODULE_PASS,PENDING_MODULE_PASS,Framework contract only; does not claim researched subfeature completeness.
F401,Offers,HR & Payroll,docs/03-modules/hr-payroll/features/F401-offers.md,3.0.0,54,21,PASS,PASS,UNSPECIFIED,NONE,PENDING_MODULE_PASS,PENDING_MODULE_PASS,Framework contract only; does not claim researched subfeature completeness.
F402,Candidate-to-employee conversion,HR & Payroll,docs/03-modules/hr-payroll/features/F402-candidate-to-employee-conversion.md,3.0.0,54,21,PASS,PASS,UNSPECIFIED,NONE,PENDING_MODULE_PASS,PENDING_MODULE_PASS,Framework contract only; does not claim researched subfeature completeness.
F403,Shifts,HR & Payroll,docs/03-modules/hr-payroll/features/F403-shifts.md,3.0.0,54,21,PASS,PASS,UNSPECIFIED,NONE,PENDING_MODULE_PASS,PENDING_MODULE_PASS,Framework contract only; does not claim researched subfeature completeness.
F404,Attendance,HR & Payroll,docs/03-modules/hr-payroll/features/F404-attendance.md,3.0.0,54,21,PASS,PASS,UNSPECIFIED,NONE,PENDING_MODULE_PASS,PENDING_MODULE_PASS,Framework contract only; does not claim researched subfeature completeness.
F405,Check-in and check-out,HR & Payroll,docs/03-modules/hr-payroll/features/F405-check-in-and-check-out.md,3.0.0,54,21,PASS,PASS,UNSPECIFIED,NONE,PENDING_MODULE_PASS,PENDING_MODULE_PASS,Framework contract only; does not claim researched subfeature completeness.
F406,Late arrival,HR & Payroll,docs/03-modules/hr-payroll/features/F406-late-arrival.md,3.0.0,54,21,PASS,PASS,UNSPECIFIED,NONE,PENDING_MODULE_PASS,PENDING_MODULE_PASS,Framework contract only; does not claim researched subfeature completeness.
F407,Early exit,HR & Payroll,docs/03-modules/hr-payroll/features/F407-early-exit.md,3.0.0,54,21,PASS,PASS,UNSPECIFIED,NONE,PENDING_MODULE_PASS,PENDING_MODULE_PASS,Framework contract only; does not claim researched subfeature completeness.
F408,Overtime,HR & Payroll,docs/03-modules/hr-payroll/features/F408-overtime.md,3.0.0,54,21,PASS,PASS,UNSPECIFIED,NONE,PENDING_MODULE_PASS,PENDING_MODULE_PASS,Framework contract only; does not claim researched subfeature completeness.
F409,Attendance regularization,HR & Payroll,docs/03-modules/hr-payroll/features/F409-attendance-regularization.md,3.0.0,54,21,PASS,PASS,UNSPECIFIED,NONE,PENDING_MODULE_PASS,PENDING_MODULE_PASS,Framework contract only; does not claim researched subfeature completeness.
F410,Leave types,HR & Payroll,docs/03-modules/hr-payroll/features/F410-leave-types.md,3.0.0,54,21,PASS,PASS,UNSPECIFIED,NONE,PENDING_MODULE_PASS,PENDING_MODULE_PASS,Framework contract only; does not claim researched subfeature completeness.
F411,Leave policies,HR & Payroll,docs/03-modules/hr-payroll/features/F411-leave-policies.md,3.0.0,54,21,PASS,PASS,UNSPECIFIED,NONE,PENDING_MODULE_PASS,PENDING_MODULE_PASS,Framework contract only; does not claim researched subfeature completeness.
F412,Leave balances,HR & Payroll,docs/03-modules/hr-payroll/features/F412-leave-balances.md,3.0.0,54,21,PASS,PASS,UNSPECIFIED,NONE,PENDING_MODULE_PASS,PENDING_MODULE_PASS,Framework contract only; does not claim researched subfeature completeness.
F413,Leave accrual,HR & Payroll,docs/03-modules/hr-payroll/features/F413-leave-accrual.md,3.0.0,54,21,PASS,PASS,UNSPECIFIED,NONE,PENDING_MODULE_PASS,PENDING_MODULE_PASS,Framework contract only; does not claim researched subfeature completeness.
F414,Carry-forward,HR & Payroll,docs/03-modules/hr-payroll/features/F414-carry-forward.md,3.0.0,54,21,PASS,PASS,UNSPECIFIED,NONE,PENDING_MODULE_PASS,PENDING_MODULE_PASS,Framework contract only; does not claim researched subfeature completeness.
F415,Holiday calendars,HR & Payroll,docs/03-modules/hr-payroll/features/F415-holiday-calendars.md,3.0.0,54,21,PASS,PASS,UNSPECIFIED,NONE,PENDING_MODULE_PASS,PENDING_MODULE_PASS,Framework contract only; does not claim researched subfeature completeness.
F416,Leave requests,HR & Payroll,docs/03-modules/hr-payroll/features/F416-leave-requests.md,3.0.0,54,21,PASS,PASS,UNSPECIFIED,NONE,PENDING_MODULE_PASS,PENDING_MODULE_PASS,Framework contract only; does not claim researched subfeature completeness.
F417,Leave approval,HR & Payroll,docs/03-modules/hr-payroll/features/F417-leave-approval.md,3.0.0,54,21,PASS,PASS,UNSPECIFIED,NONE,PENDING_MODULE_PASS,PENDING_MODULE_PASS,Framework contract only; does not claim researched subfeature completeness.
F418,Salary components,HR & Payroll,docs/03-modules/hr-payroll/features/F418-salary-components.md,3.0.0,54,21,PASS,PASS,UNSPECIFIED,NONE,PENDING_MODULE_PASS,PENDING_MODULE_PASS,Framework contract only; does not claim researched subfeature completeness.
F419,Earnings,HR & Payroll,docs/03-modules/hr-payroll/features/F419-earnings.md,3.0.0,54,21,PASS,PASS,UNSPECIFIED,NONE,PENDING_MODULE_PASS,PENDING_MODULE_PASS,Framework contract only; does not claim researched subfeature completeness.
F420,Deductions,HR & Payroll,docs/03-modules/hr-payroll/features/F420-deductions.md,3.0.0,54,21,PASS,PASS,UNSPECIFIED,NONE,PENDING_MODULE_PASS,PENDING_MODULE_PASS,Framework contract only; does not claim researched subfeature completeness.
F421,Salary structures,HR & Payroll,docs/03-modules/hr-payroll/features/F421-salary-structures.md,3.0.0,54,21,PASS,PASS,UNSPECIFIED,NONE,PENDING_MODULE_PASS,PENDING_MODULE_PASS,Framework contract only; does not claim researched subfeature completeness.
F422,Employee compensation assignment,HR & Payroll,docs/03-modules/hr-payroll/features/F422-employee-compensation-assignment.md,3.0.0,54,21,PASS,PASS,UNSPECIFIED,NONE,PENDING_MODULE_PASS,PENDING_MODULE_PASS,Framework contract only; does not claim researched subfeature completeness.
F423,Payroll periods,HR & Payroll,docs/03-modules/hr-payroll/features/F423-payroll-periods.md,3.0.0,54,21,PASS,PASS,UNSPECIFIED,NONE,PENDING_MODULE_PASS,PENDING_MODULE_PASS,Framework contract only; does not claim researched subfeature completeness.
F424,Payroll calculation,HR & Payroll,docs/03-modules/hr-payroll/features/F424-payroll-calculation.md,3.0.0,54,21,PASS,PASS,UNSPECIFIED,NONE,PENDING_MODULE_PASS,PENDING_MODULE_PASS,Framework contract only; does not claim researched subfeature completeness.
F425,Attendance-based payroll,HR & Payroll,docs/03-modules/hr-payroll/features/F425-attendance-based-payroll.md,3.0.0,54,21,PASS,PASS,UNSPECIFIED,NONE,PENDING_MODULE_PASS,PENDING_MODULE_PASS,Framework contract only; does not claim researched subfeature completeness.
F426,Joining / separation proration,HR & Payroll,docs/03-modules/hr-payroll/features/F426-joining-separation-proration.md,3.0.0,54,21,PASS,PASS,UNSPECIFIED,NONE,PENDING_MODULE_PASS,PENDING_MODULE_PASS,Framework contract only; does not claim researched subfeature completeness.
F427,Overtime calculation,HR & Payroll,docs/03-modules/hr-payroll/features/F427-overtime-calculation.md,3.0.0,54,21,PASS,PASS,UNSPECIFIED,NONE,PENDING_MODULE_PASS,PENDING_MODULE_PASS,Framework contract only; does not claim researched subfeature completeness.
F428,Bonus,HR & Payroll,docs/03-modules/hr-payroll/features/F428-bonus.md,3.0.0,54,21,PASS,PASS,UNSPECIFIED,NONE,PENDING_MODULE_PASS,PENDING_MODULE_PASS,Framework contract only; does not claim researched subfeature completeness.
F429,Incentives,HR & Payroll,docs/03-modules/hr-payroll/features/F429-incentives.md,3.0.0,54,21,PASS,PASS,UNSPECIFIED,NONE,PENDING_MODULE_PASS,PENDING_MODULE_PASS,Framework contract only; does not claim researched subfeature completeness.
F430,Reimbursements,HR & Payroll,docs/03-modules/hr-payroll/features/F430-reimbursements.md,3.0.0,54,21,PASS,PASS,UNSPECIFIED,NONE,PENDING_MODULE_PASS,PENDING_MODULE_PASS,Framework contract only; does not claim researched subfeature completeness.
F431,Loans and salary advances,HR & Payroll,docs/03-modules/hr-payroll/features/F431-loans-and-salary-advances.md,3.0.0,54,21,PASS,PASS,UNSPECIFIED,NONE,PENDING_MODULE_PASS,PENDING_MODULE_PASS,Framework contract only; does not claim researched subfeature completeness.
F432,Arrears,HR & Payroll,docs/03-modules/hr-payroll/features/F432-arrears.md,3.0.0,54,21,PASS,PASS,UNSPECIFIED,NONE,PENDING_MODULE_PASS,PENDING_MODULE_PASS,Framework contract only; does not claim researched subfeature completeness.
F433,Final settlement,HR & Payroll,docs/03-modules/hr-payroll/features/F433-final-settlement.md,3.0.0,54,21,PASS,PASS,UNSPECIFIED,NONE,PENDING_MODULE_PASS,PENDING_MODULE_PASS,Framework contract only; does not claim researched subfeature completeness.
F434,Payroll approval,HR & Payroll,docs/03-modules/hr-payroll/features/F434-payroll-approval.md,3.0.0,54,21,PASS,PASS,UNSPECIFIED,NONE,PENDING_MODULE_PASS,PENDING_MODULE_PASS,Framework contract only; does not claim researched subfeature completeness.
F435,Payslips,HR & Payroll,docs/03-modules/hr-payroll/features/F435-payslips.md,3.0.0,54,21,PASS,PASS,UNSPECIFIED,NONE,PENDING_MODULE_PASS,PENDING_MODULE_PASS,Framework contract only; does not claim researched subfeature completeness.
F436,Bank-transfer file,HR & Payroll,docs/03-modules/hr-payroll/features/F436-bank-transfer-file.md,3.0.0,54,21,PASS,PASS,UNSPECIFIED,NONE,PENDING_MODULE_PASS,PENDING_MODULE_PASS,Framework contract only; does not claim researched subfeature completeness.
F437,Payroll accounting posting,HR & Payroll,docs/03-modules/hr-payroll/features/F437-payroll-accounting-posting.md,3.0.0,54,21,PASS,PASS,UNSPECIFIED,NONE,PENDING_MODULE_PASS,PENDING_MODULE_PASS,Framework contract only; does not claim researched subfeature completeness.
F438,Payroll reconciliation,HR & Payroll,docs/03-modules/hr-payroll/features/F438-payroll-reconciliation.md,3.0.0,54,21,PASS,PASS,UNSPECIFIED,NONE,PENDING_MODULE_PASS,PENDING_MODULE_PASS,Framework contract only; does not claim researched subfeature completeness.
F439,Provident Fund (PF),HR & Payroll,docs/03-modules/hr-payroll/features/F439-provident-fund-pf.md,3.0.0,54,21,PASS,PASS,UNSPECIFIED,NONE,PENDING_MODULE_PASS,PENDING_MODULE_PASS,Framework contract only; does not claim researched subfeature completeness.
F440,ESIC,HR & Payroll,docs/03-modules/hr-payroll/features/F440-esic.md,3.0.0,54,21,PASS,PASS,UNSPECIFIED,NONE,PENDING_MODULE_PASS,PENDING_MODULE_PASS,Framework contract only; does not claim researched subfeature completeness.
F441,Professional Tax,HR & Payroll,docs/03-modules/hr-payroll/features/F441-professional-tax.md,3.0.0,54,21,PASS,PASS,UNSPECIFIED,NONE,PENDING_MODULE_PASS,PENDING_MODULE_PASS,Framework contract only; does not claim researched subfeature completeness.
F442,TDS,HR & Payroll,docs/03-modules/hr-payroll/features/F442-tds.md,3.0.0,54,21,PASS,PASS,UNSPECIFIED,NONE,PENDING_MODULE_PASS,PENDING_MODULE_PASS,Framework contract only; does not claim researched subfeature completeness.
F443,Labour Welfare Fund where applicable,HR & Payroll,docs/03-modules/hr-payroll/features/F443-labour-welfare-fund-where-applicable.md,3.0.0,54,21,PASS,PASS,UNSPECIFIED,NONE,PENDING_MODULE_PASS,PENDING_MODULE_PASS,Framework contract only; does not claim researched subfeature completeness.
F444,Gratuity,HR & Payroll,docs/03-modules/hr-payroll/features/F444-gratuity.md,3.0.0,54,21,PASS,PASS,UNSPECIFIED,NONE,PENDING_MODULE_PASS,PENDING_MODULE_PASS,Framework contract only; does not claim researched subfeature completeness.
F445,Statutory reports,HR & Payroll,docs/03-modules/hr-payroll/features/F445-statutory-reports.md,3.0.0,54,21,PASS,PASS,UNSPECIFIED,NONE,PENDING_MODULE_PASS,PENDING_MODULE_PASS,Framework contract only; does not claim researched subfeature completeness.
F446,State-specific statutory configuration,HR & Payroll,docs/03-modules/hr-payroll/features/F446-state-specific-statutory-configuration.md,3.0.0,54,21,PASS,PASS,UNSPECIFIED,NONE,PENDING_MODULE_PASS,PENDING_MODULE_PASS,Framework contract only; does not claim researched subfeature completeness.
F447,Payroll compliance reports,HR & Payroll,docs/03-modules/hr-payroll/features/F447-payroll-compliance-reports.md,3.0.0,54,21,PASS,PASS,UNSPECIFIED,NONE,PENDING_MODULE_PASS,PENDING_MODULE_PASS,Framework contract only; does not claim researched subfeature completeness.
F448,Goals,HR & Payroll,docs/03-modules/hr-payroll/features/F448-goals.md,3.0.0,54,21,PASS,PASS,UNSPECIFIED,NONE,PENDING_MODULE_PASS,PENDING_MODULE_PASS,Framework contract only; does not claim researched subfeature completeness.
F449,Appraisals,HR & Payroll,docs/03-modules/hr-payroll/features/F449-appraisals.md,3.0.0,54,21,PASS,PASS,UNSPECIFIED,NONE,PENDING_MODULE_PASS,PENDING_MODULE_PASS,Framework contract only; does not claim researched subfeature completeness.
F450,Performance reviews,HR & Payroll,docs/03-modules/hr-payroll/features/F450-performance-reviews.md,3.0.0,54,21,PASS,PASS,UNSPECIFIED,NONE,PENDING_MODULE_PASS,PENDING_MODULE_PASS,Framework contract only; does not claim researched subfeature completeness.
F451,Skills,HR & Payroll,docs/03-modules/hr-payroll/features/F451-skills.md,3.0.0,54,21,PASS,PASS,UNSPECIFIED,NONE,PENDING_MODULE_PASS,PENDING_MODULE_PASS,Framework contract only; does not claim researched subfeature completeness.
F452,Training,HR & Payroll,docs/03-modules/hr-payroll/features/F452-training.md,3.0.0,54,21,PASS,PASS,UNSPECIFIED,NONE,PENDING_MODULE_PASS,PENDING_MODULE_PASS,Framework contract only; does not claim researched subfeature completeness.
F453,Chart of Accounts,Accounting / Finance,docs/03-modules/accounting/features/F453-chart-of-accounts.md,3.0.0,54,21,PASS,PASS,UNSPECIFIED,NONE,PENDING_MODULE_PASS,PENDING_MODULE_PASS,Framework contract only; does not claim researched subfeature completeness.
F454,General Ledger,Accounting / Finance,docs/03-modules/accounting/features/F454-general-ledger.md,3.0.0,54,21,PASS,PASS,UNSPECIFIED,NONE,PENDING_MODULE_PASS,PENDING_MODULE_PASS,Framework contract only; does not claim researched subfeature completeness.
F455,Journal entries,Accounting / Finance,docs/03-modules/accounting/features/F455-journal-entries.md,3.0.0,54,21,PASS,PASS,UNSPECIFIED,NONE,PENDING_MODULE_PASS,PENDING_MODULE_PASS,Framework contract only; does not claim researched subfeature completeness.
F456,Double-entry enforcement,Accounting / Finance,docs/03-modules/accounting/features/F456-double-entry-enforcement.md,3.0.0,54,21,PASS,PASS,UNSPECIFIED,NONE,PENDING_MODULE_PASS,PENDING_MODULE_PASS,Framework contract only; does not claim researched subfeature completeness.
F457,Fiscal years,Accounting / Finance,docs/03-modules/accounting/features/F457-fiscal-years.md,3.0.0,54,21,PASS,PASS,UNSPECIFIED,NONE,PENDING_MODULE_PASS,PENDING_MODULE_PASS,Framework contract only; does not claim researched subfeature completeness.
F458,Accounting periods,Accounting / Finance,docs/03-modules/accounting/features/F458-accounting-periods.md,3.0.0,54,21,PASS,PASS,UNSPECIFIED,NONE,PENDING_MODULE_PASS,PENDING_MODULE_PASS,Framework contract only; does not claim researched subfeature completeness.
F459,Period locks,Accounting / Finance,docs/03-modules/accounting/features/F459-period-locks.md,3.0.0,54,21,PASS,PASS,UNSPECIFIED,NONE,PENDING_MODULE_PASS,PENDING_MODULE_PASS,Framework contract only; does not claim researched subfeature completeness.
F460,Cost centres,Accounting / Finance,docs/03-modules/accounting/features/F460-cost-centres.md,3.0.0,54,21,PASS,PASS,UNSPECIFIED,NONE,PENDING_MODULE_PASS,PENDING_MODULE_PASS,Framework contract only; does not claim researched subfeature completeness.
F461,Departments / financial dimensions,Accounting / Finance,docs/03-modules/accounting/features/F461-departments-financial-dimensions.md,3.0.0,54,21,PASS,PASS,UNSPECIFIED,NONE,PENDING_MODULE_PASS,PENDING_MODULE_PASS,Framework contract only; does not claim researched subfeature completeness.
F462,Custom accounting dimensions,Accounting / Finance,docs/03-modules/accounting/features/F462-custom-accounting-dimensions.md,3.0.0,54,21,PASS,PASS,UNSPECIFIED,NONE,PENDING_MODULE_PASS,PENDING_MODULE_PASS,Framework contract only; does not claim researched subfeature completeness.
F463,Customer invoices,Accounting / Finance,docs/03-modules/accounting/features/F463-customer-invoices.md,3.0.0,54,21,PASS,PASS,UNSPECIFIED,NONE,PENDING_MODULE_PASS,PENDING_MODULE_PASS,Framework contract only; does not claim researched subfeature completeness.
F464,Credit notes,Accounting / Finance,docs/03-modules/accounting/features/F464-credit-notes.md,3.0.0,54,21,PASS,PASS,UNSPECIFIED,NONE,PENDING_MODULE_PASS,PENDING_MODULE_PASS,Framework contract only; does not claim researched subfeature completeness.
F465,Customer receipts,Accounting / Finance,docs/03-modules/accounting/features/F465-customer-receipts.md,3.0.0,54,21,PASS,PASS,UNSPECIFIED,NONE,PENDING_MODULE_PASS,PENDING_MODULE_PASS,Framework contract only; does not claim researched subfeature completeness.
F466,Payment allocation,Accounting / Finance,docs/03-modules/accounting/features/F466-payment-allocation.md,3.0.0,54,21,PASS,PASS,UNSPECIFIED,NONE,PENDING_MODULE_PASS,PENDING_MODULE_PASS,Framework contract only; does not claim researched subfeature completeness.
F467,Outstanding balances,Accounting / Finance,docs/03-modules/accounting/features/F467-outstanding-balances.md,3.0.0,54,21,PASS,PASS,UNSPECIFIED,NONE,PENDING_MODULE_PASS,PENDING_MODULE_PASS,Framework contract only; does not claim researched subfeature completeness.
F468,AR aging,Accounting / Finance,docs/03-modules/accounting/features/F468-ar-aging.md,3.0.0,54,21,PASS,PASS,UNSPECIFIED,NONE,PENDING_MODULE_PASS,PENDING_MODULE_PASS,Framework contract only; does not claim researched subfeature completeness.
F469,Customer statements,Accounting / Finance,docs/03-modules/accounting/features/F469-customer-statements.md,3.0.0,54,21,PASS,PASS,UNSPECIFIED,NONE,PENDING_MODULE_PASS,PENDING_MODULE_PASS,Framework contract only; does not claim researched subfeature completeness.
F470,Credit control,Accounting / Finance,docs/03-modules/accounting/features/F470-credit-control.md,3.0.0,54,21,PASS,PASS,UNSPECIFIED,NONE,PENDING_MODULE_PASS,PENDING_MODULE_PASS,Framework contract only; does not claim researched subfeature completeness.
F471,Supplier invoices,Accounting / Finance,docs/03-modules/accounting/features/F471-supplier-invoices.md,3.0.0,54,21,PASS,PASS,UNSPECIFIED,NONE,PENDING_MODULE_PASS,PENDING_MODULE_PASS,Framework contract only; does not claim researched subfeature completeness.
F472,Debit notes,Accounting / Finance,docs/03-modules/accounting/features/F472-debit-notes.md,3.0.0,54,21,PASS,PASS,UNSPECIFIED,NONE,PENDING_MODULE_PASS,PENDING_MODULE_PASS,Framework contract only; does not claim researched subfeature completeness.
F473,Supplier payments,Accounting / Finance,docs/03-modules/accounting/features/F473-supplier-payments.md,3.0.0,54,21,PASS,PASS,UNSPECIFIED,NONE,PENDING_MODULE_PASS,PENDING_MODULE_PASS,Framework contract only; does not claim researched subfeature completeness.
F474,Supplier payment allocation,Accounting / Finance,docs/03-modules/accounting/features/F474-supplier-payment-allocation.md,3.0.0,54,21,PASS,PASS,UNSPECIFIED,NONE,PENDING_MODULE_PASS,PENDING_MODULE_PASS,Framework contract only; does not claim researched subfeature completeness.
F475,AP aging,Accounting / Finance,docs/03-modules/accounting/features/F475-ap-aging.md,3.0.0,54,21,PASS,PASS,UNSPECIFIED,NONE,PENDING_MODULE_PASS,PENDING_MODULE_PASS,Framework contract only; does not claim researched subfeature completeness.
F476,Bank accounts,Accounting / Finance,docs/03-modules/accounting/features/F476-bank-accounts.md,3.0.0,54,21,PASS,PASS,UNSPECIFIED,NONE,PENDING_MODULE_PASS,PENDING_MODULE_PASS,Framework contract only; does not claim researched subfeature completeness.
F477,Cash accounts,Accounting / Finance,docs/03-modules/accounting/features/F477-cash-accounts.md,3.0.0,54,21,PASS,PASS,UNSPECIFIED,NONE,PENDING_MODULE_PASS,PENDING_MODULE_PASS,Framework contract only; does not claim researched subfeature completeness.
F478,Bank transactions,Accounting / Finance,docs/03-modules/accounting/features/F478-bank-transactions.md,3.0.0,54,21,PASS,PASS,UNSPECIFIED,NONE,PENDING_MODULE_PASS,PENDING_MODULE_PASS,Framework contract only; does not claim researched subfeature completeness.
F479,Bank reconciliation,Accounting / Finance,docs/03-modules/accounting/features/F479-bank-reconciliation.md,3.0.0,54,21,PASS,PASS,UNSPECIFIED,NONE,PENDING_MODULE_PASS,PENDING_MODULE_PASS,Framework contract only; does not claim researched subfeature completeness.
F480,Payment reconciliation,Accounting / Finance,docs/03-modules/accounting/features/F480-payment-reconciliation.md,3.0.0,54,21,PASS,PASS,UNSPECIFIED,NONE,PENDING_MODULE_PASS,PENDING_MODULE_PASS,Framework contract only; does not claim researched subfeature completeness.
F481,Tax codes,Accounting / Finance,docs/03-modules/accounting/features/F481-tax-codes.md,3.0.0,54,21,PASS,PASS,UNSPECIFIED,NONE,PENDING_MODULE_PASS,PENDING_MODULE_PASS,Framework contract only; does not claim researched subfeature completeness.
F482,Tax calculation,Accounting / Finance,docs/03-modules/accounting/features/F482-tax-calculation.md,3.0.0,54,21,PASS,PASS,UNSPECIFIED,NONE,PENDING_MODULE_PASS,PENDING_MODULE_PASS,Framework contract only; does not claim researched subfeature completeness.
F483,GST,Accounting / Finance,docs/03-modules/accounting/features/F483-gst.md,3.0.0,54,21,PASS,PASS,UNSPECIFIED,NONE,PENDING_MODULE_PASS,PENDING_MODULE_PASS,Framework contract only; does not claim researched subfeature completeness.
F484,CGST / SGST / IGST,Accounting / Finance,docs/03-modules/accounting/features/F484-cgst-sgst-igst.md,3.0.0,54,21,PASS,PASS,UNSPECIFIED,NONE,PENDING_MODULE_PASS,PENDING_MODULE_PASS,Framework contract only; does not claim researched subfeature completeness.
F485,TDS,Accounting / Finance,docs/03-modules/accounting/features/F485-tds.md,3.0.0,54,21,PASS,PASS,UNSPECIFIED,NONE,PENDING_MODULE_PASS,PENDING_MODULE_PASS,Framework contract only; does not claim researched subfeature completeness.
F486,TCS,Accounting / Finance,docs/03-modules/accounting/features/F486-tcs.md,3.0.0,54,21,PASS,PASS,UNSPECIFIED,NONE,PENDING_MODULE_PASS,PENDING_MODULE_PASS,Framework contract only; does not claim researched subfeature completeness.
F487,Tax reports,Accounting / Finance,docs/03-modules/accounting/features/F487-tax-reports.md,3.0.0,54,21,PASS,PASS,UNSPECIFIED,NONE,PENDING_MODULE_PASS,PENDING_MODULE_PASS,Framework contract only; does not claim researched subfeature completeness.
F488,Budgets,Accounting / Finance,docs/03-modules/accounting/features/F488-budgets.md,3.0.0,54,21,PASS,PASS,UNSPECIFIED,NONE,PENDING_MODULE_PASS,PENDING_MODULE_PASS,Framework contract only; does not claim researched subfeature completeness.
F489,Budget vs actual,Accounting / Finance,docs/03-modules/accounting/features/F489-budget-vs-actual.md,3.0.0,54,21,PASS,PASS,UNSPECIFIED,NONE,PENDING_MODULE_PASS,PENDING_MODULE_PASS,Framework contract only; does not claim researched subfeature completeness.
F490,Recurring journals,Accounting / Finance,docs/03-modules/accounting/features/F490-recurring-journals.md,3.0.0,54,21,PASS,PASS,UNSPECIFIED,NONE,PENDING_MODULE_PASS,PENDING_MODULE_PASS,Framework contract only; does not claim researched subfeature completeness.
F491,Accruals,Accounting / Finance,docs/03-modules/accounting/features/F491-accruals.md,3.0.0,54,21,PASS,PASS,UNSPECIFIED,NONE,PENDING_MODULE_PASS,PENDING_MODULE_PASS,Framework contract only; does not claim researched subfeature completeness.
F492,Deferrals and prepayments,Accounting / Finance,docs/03-modules/accounting/features/F492-deferrals-and-prepayments.md,3.0.0,54,21,PASS,PASS,UNSPECIFIED,NONE,PENDING_MODULE_PASS,PENDING_MODULE_PASS,Framework contract only; does not claim researched subfeature completeness.
F493,Revenue recognition,Accounting / Finance,docs/03-modules/accounting/features/F493-revenue-recognition.md,3.0.0,54,21,PASS,PASS,UNSPECIFIED,NONE,PENDING_MODULE_PASS,PENDING_MODULE_PASS,Framework contract only; does not claim researched subfeature completeness.
F494,Multi-currency,Accounting / Finance,docs/03-modules/accounting/features/F494-multi-currency.md,3.0.0,54,21,PASS,PASS,UNSPECIFIED,NONE,PENDING_MODULE_PASS,PENDING_MODULE_PASS,Framework contract only; does not claim researched subfeature completeness.
F495,Exchange rates,Accounting / Finance,docs/03-modules/accounting/features/F495-exchange-rates.md,3.0.0,54,21,PASS,PASS,UNSPECIFIED,NONE,PENDING_MODULE_PASS,PENDING_MODULE_PASS,Framework contract only; does not claim researched subfeature completeness.
F496,FX gains and losses,Accounting / Finance,docs/03-modules/accounting/features/F496-fx-gains-and-losses.md,3.0.0,54,21,PASS,PASS,UNSPECIFIED,NONE,PENDING_MODULE_PASS,PENDING_MODULE_PASS,Framework contract only; does not claim researched subfeature completeness.
F497,Intercompany,Accounting / Finance,docs/03-modules/accounting/features/F497-intercompany.md,3.0.0,54,21,PASS,PASS,UNSPECIFIED,NONE,PENDING_MODULE_PASS,PENDING_MODULE_PASS,Framework contract only; does not claim researched subfeature completeness.
F498,Multi-company,Accounting / Finance,docs/03-modules/accounting/features/F498-multi-company.md,3.0.0,54,21,PASS,PASS,UNSPECIFIED,NONE,PENDING_MODULE_PASS,PENDING_MODULE_PASS,Framework contract only; does not claim researched subfeature completeness.
F499,Consolidation,Accounting / Finance,docs/03-modules/accounting/features/F499-consolidation.md,3.0.0,54,21,PASS,PASS,UNSPECIFIED,NONE,PENDING_MODULE_PASS,PENDING_MODULE_PASS,Framework contract only; does not claim researched subfeature completeness.
F500,Financial close,Accounting / Finance,docs/03-modules/accounting/features/F500-financial-close.md,3.0.0,54,21,PASS,PASS,UNSPECIFIED,NONE,PENDING_MODULE_PASS,PENDING_MODULE_PASS,Framework contract only; does not claim researched subfeature completeness.
F501,Trial balance,Accounting / Finance,docs/03-modules/accounting/features/F501-trial-balance.md,3.0.0,54,21,PASS,PASS,UNSPECIFIED,NONE,PENDING_MODULE_PASS,PENDING_MODULE_PASS,Framework contract only; does not claim researched subfeature completeness.
F502,Profit & Loss,Accounting / Finance,docs/03-modules/accounting/features/F502-profit-and-loss.md,3.0.0,54,21,PASS,PASS,UNSPECIFIED,NONE,PENDING_MODULE_PASS,PENDING_MODULE_PASS,Framework contract only; does not claim researched subfeature completeness.
F503,Balance Sheet,Accounting / Finance,docs/03-modules/accounting/features/F503-balance-sheet.md,3.0.0,54,21,PASS,PASS,UNSPECIFIED,NONE,PENDING_MODULE_PASS,PENDING_MODULE_PASS,Framework contract only; does not claim researched subfeature completeness.
F504,Cash Flow Statement,Accounting / Finance,docs/03-modules/accounting/features/F504-cash-flow-statement.md,3.0.0,54,21,PASS,PASS,UNSPECIFIED,NONE,PENDING_MODULE_PASS,PENDING_MODULE_PASS,Framework contract only; does not claim researched subfeature completeness.
F505,General Ledger report,Accounting / Finance,docs/03-modules/accounting/features/F505-general-ledger-report.md,3.0.0,54,21,PASS,PASS,UNSPECIFIED,NONE,PENDING_MODULE_PASS,PENDING_MODULE_PASS,Framework contract only; does not claim researched subfeature completeness.
F506,AR aging report,Accounting / Finance,docs/03-modules/accounting/features/F506-ar-aging-report.md,3.0.0,54,21,PASS,PASS,UNSPECIFIED,NONE,PENDING_MODULE_PASS,PENDING_MODULE_PASS,Framework contract only; does not claim researched subfeature completeness.
F507,AP aging report,Accounting / Finance,docs/03-modules/accounting/features/F507-ap-aging-report.md,3.0.0,54,21,PASS,PASS,UNSPECIFIED,NONE,PENDING_MODULE_PASS,PENDING_MODULE_PASS,Framework contract only; does not claim researched subfeature completeness.
F508,Cost-centre / dimension reports,Accounting / Finance,docs/03-modules/accounting/features/F508-cost-centre-dimension-reports.md,3.0.0,54,21,PASS,PASS,UNSPECIFIED,NONE,PENDING_MODULE_PASS,PENDING_MODULE_PASS,Framework contract only; does not claim researched subfeature completeness.
F509,Financial dashboards,Accounting / Finance,docs/03-modules/accounting/features/F509-financial-dashboards.md,3.0.0,54,21,PASS,PASS,UNSPECIFIED,NONE,PENDING_MODULE_PASS,PENDING_MODULE_PASS,Framework contract only; does not claim researched subfeature completeness.
F510,Audit trail,Accounting / Finance,docs/03-modules/accounting/features/F510-audit-trail.md,3.0.0,54,21,PASS,PASS,UNSPECIFIED,NONE,PENDING_MODULE_PASS,PENDING_MODULE_PASS,Framework contract only; does not claim researched subfeature completeness.
