requirement_id,sp_id,type,priority,requirement,test_ids,status
SP001-CAP-001,SP001,CAP,P0,Provide a reusable platform capability for Organization and tenant lifecycle.,PVT-SP001-CAP-001,APPROVED
SP001-CAP-002,SP001,CAP,P0,Expose Organization and tenant lifecycle through stable public contracts rather than module-private shortcuts.,PVT-SP001-CAP-002,APPROVED
SP001-CAP-003,SP001,CAP,P0,"Make Organization and tenant lifecycle observable, testable and independently governable across all applicable modules.",PVT-SP001-CAP-003,APPROVED
SP001-FR-001,SP001,FR,P0,"Create, activate, suspend, recover and close an organization/tenant with explicit tenant identity, lifecycle state, isolation and ownership.",PVT-SP001-FR-001,APPROVED
SP001-FR-002,SP001,FR,P0,Admin creates or changes tenant lifecycle; protected requests resolve tenant context; suspension/recovery are audited and reversible by authorized operators.,PVT-SP001-FR-002,APPROVED
SP001-FR-003,SP001,FR,P0,"Support administrative configuration, normal operation, failure/recovery and auditable lifecycle for Organization and tenant lifecycle.",PVT-SP001-FR-003,APPROVED
SP001-US-001,SP001,US,P1,"As an authorized operator, I can use Organization and tenant lifecycle without requiring module-specific duplicate implementations.",PVT-SP001-US-001,APPROVED
SP001-US-002,SP001,US,P1,"As a security/operations reviewer, I can prove Organization and tenant lifecycle respects tenant scope, policy, audit and recovery controls.",PVT-SP001-US-002,APPROVED
SP001-FLOW-001,SP001,FLOW,P1,Admin creates or changes tenant lifecycle; protected requests resolve tenant context; suspension/recovery are audited and reversible by authorized operators.,PVT-SP001-FLOW-001,APPROVED
SP001-FLOW-002,SP001,FLOW,P1,Failure/retry flow: detect invalid/stale/duplicate/concurrent state -> reject or queue recovery -> preserve evidence -> reconcile -> retry only under documented semantics.,PVT-SP001-FLOW-002,APPROVED
SP001-BR-001,SP001,BR,P0,Tenant identity is immutable after creation except controlled display metadata.,SP001-TEST-BR-01;PVT-SP001-BR-001,APPROVED
SP001-BR-002,SP001,BR,P0,"All tenant-owned access derives organization context from authenticated server state, never client-controlled payload.",SP001-TEST-BR-02;PVT-SP001-BR-002,APPROVED
SP001-DATA-001,SP001,DATA,P1,"Persist only the authoritative identifiers/configuration/evidence needed by Organization and tenant lifecycle, with organization/company scope and lifecycle metadata where applicable.",PVT-SP001-DATA-001,APPROVED
SP001-DATA-002,SP001,DATA,P1,"Define retention, archival, effective-dating/version and deletion semantics for Organization and tenant lifecycle; never infer historical truth from current configuration alone.",PVT-SP001-DATA-002,APPROVED
SP001-VAL-001,SP001,VAL,P1,"Validate organization/company/scope, lifecycle state and all required identifiers before executing Organization and tenant lifecycle.",SP001-TEST-VAL-01;PVT-SP001-VAL-001,APPROVED
SP001-VAL-002,SP001,VAL,P1,"Reject malformed, stale, unauthorized, duplicate or policy-incompatible input with typed actionable errors.",SP001-TEST-VAL-02;PVT-SP001-VAL-002,APPROVED
SP001-CALC-001,SP001,CALC,P1,"Any counts, quotas, time windows, retry schedules, usage metrics or derived values in Organization and tenant lifecycle use explicit deterministic precision/rounding/timezone rules; otherwise mark calculation not applicable.",PVT-SP001-CALC-001,APPROVED
SP001-UX-001,SP001,UX,P1,Provide discoverable administration/operation UX for Organization and tenant lifecycle with role-appropriate views and safe defaults.,PVT-SP001-UX-001,APPROVED
SP001-UX-002,SP001,UX,P1,"Define loading, empty, error, forbidden, stale, conflict, retry and partial-failure states for Organization and tenant lifecycle.",PVT-SP001-UX-002,APPROVED
SP001-UX-003,SP001,UX,P1,"Preserve keyboard, responsive and mobile parity for critical Organization and tenant lifecycle actions or explicitly classify them as not applicable.",PVT-SP001-UX-003,APPROVED
SP001-SEC-001,SP001,SEC,P0,"Tenant escape, stale tenant context, cross-org cache/search leakage and administrative takeover are primary threats.",SP001-TEST-SEC-01;PVT-SP001-SEC-001,APPROVED
SP001-SEC-002,SP001,SEC,P0,"Enforce least privilege, tenant/company/record scope, sensitive-field minimization and security-negative tests for Organization and tenant lifecycle.",SP001-TEST-SEC-02;PVT-SP001-SEC-002,APPROVED
SP001-AUTO-001,SP001,AUTO,P1,"Automation involving Organization and tenant lifecycle executes through the same public commands, authorization and idempotency controls as human-triggered actions.",PVT-SP001-AUTO-001,APPROVED
SP001-APP-001,SP001,APP,P1,Changes to high-impact Organization and tenant lifecycle policy/configuration require maker-checker or privileged approval where the risk classification demands it; self-approval is explicitly governed.,PVT-SP001-APP-001,APPROVED
SP001-NOTIF-001,SP001,NOTIF,P1,"Generate notifications for actionable failures, approvals, expirations or security events from Organization and tenant lifecycle according to centralized preference/mandatory-notice policy.",PVT-SP001-NOTIF-001,APPROVED
SP001-REP-001,SP001,REP,P1,"Expose authorized operational reporting for Organization and tenant lifecycle: health, usage, exceptions, policy state, SLA/SLO or audit evidence as applicable, with drill-down to source.",PVT-SP001-REP-001,APPROVED
SP001-AI-001,SP001,AI,P1,AI may explain or assist with Organization and tenant lifecycle only from authorized context; it cannot bypass its deterministic security/policy controls or directly mutate authoritative storage.,PVT-SP001-AI-001,APPROVED
SP001-INT-001,SP001,INT,P0,Business modules consume Organization and tenant lifecycle through documented public contracts and never reimplement a weaker local variant.,SP001-TEST-INT-01;PVT-SP001-INT-001,APPROVED
SP001-INT-002,SP001,INT,P0,"Cross-service/job/integration use of Organization and tenant lifecycle carries trusted tenant context, correlation, retry and reconciliation semantics.",SP001-TEST-INT-02;PVT-SP001-INT-002,APPROVED
SP001-API-001,SP001,API,P0,"Define authenticated/versioned command and query contracts for Organization and tenant lifecycle where externally or cross-layer accessible, with object/function/property authorization.",SP001-TEST-API-01;PVT-SP001-API-001,APPROVED
SP001-API-002,SP001,API,P0,API errors for Organization and tenant lifecycle are typed/actionable and unsafe retries use explicit idempotency keys or preconditions when needed.,SP001-TEST-API-02;PVT-SP001-API-002,APPROVED
SP001-PERF-001,SP001,PERF,P1,"Define latency/throughput/cardinality/volume budgets for Organization and tenant lifecycle; expensive global operations use pagination, batching, asynchronous execution or read models as appropriate.",SP001-TEST-PERF-01;PVT-SP001-PERF-001,APPROVED
SP001-OBS-001,SP001,OBS,P1,Emit correlation-aware logs/metrics/traces and business diagnostics for Organization and tenant lifecycle without secrets/PII leakage; failures are alertable and reconcilable.,SP001-TEST-OBS-01;PVT-SP001-OBS-001,APPROVED
SP001-E2E-001,SP001,E2E,P1,E2E happy-path proves Organization and tenant lifecycle works for an authorized tenant/user and produces expected visible/data/audit outcomes.,SP001-TEST-E2E-01;PVT-SP001-E2E-001,APPROVED
SP001-E2E-002,SP001,E2E,P1,"E2E negative/recovery path proves unauthorized, duplicate, stale or dependency-failure behavior for Organization and tenant lifecycle without cross-tenant or partial-state leakage.",SP001-TEST-E2E-02;PVT-SP001-E2E-002,APPROVED
SP001-UAT-001,SP001,UAT,P1,"Human UAT validates primary operator/admin workflow, visible states and evidence for Organization and tenant lifecycle.",SP001-UAT-01;PVT-SP001-UAT-001,APPROVED
SP001-UAT-002,SP001,UAT,P1,Human UAT validates at least one failure/recovery/permission scenario and confirms documentation matches actual operator expectations for Organization and tenant lifecycle.,SP001-UAT-02;PVT-SP001-UAT-002,APPROVED
SP002-CAP-001,SP002,CAP,P0,Provide a reusable platform capability for Company and legal-entity structure.,PVT-SP002-CAP-001,APPROVED
SP002-CAP-002,SP002,CAP,P0,Expose Company and legal-entity structure through stable public contracts rather than module-private shortcuts.,PVT-SP002-CAP-002,APPROVED
SP002-CAP-003,SP002,CAP,P0,"Make Company and legal-entity structure observable, testable and independently governable across all applicable modules.",PVT-SP002-CAP-003,APPROVED
SP002-FR-001,SP002,FR,P0,"Model legal/business companies inside a tenant, including active state, base currency, fiscal/tax context and controlled access boundaries.",PVT-SP002-FR-001,APPROVED
SP002-FR-002,SP002,FR,P0,Admin configures company; user selects/receives active company scope; commands validate company membership and legal-entity rules.,PVT-SP002-FR-002,APPROVED
SP002-FR-003,SP002,FR,P0,"Support administrative configuration, normal operation, failure/recovery and auditable lifecycle for Company and legal-entity structure.",PVT-SP002-FR-003,APPROVED
SP002-US-001,SP002,US,P1,"As an authorized operator, I can use Company and legal-entity structure without requiring module-specific duplicate implementations.",PVT-SP002-US-001,APPROVED
SP002-US-002,SP002,US,P1,"As a security/operations reviewer, I can prove Company and legal-entity structure respects tenant scope, policy, audit and recovery controls.",PVT-SP002-US-002,APPROVED
SP002-FLOW-001,SP002,FLOW,P1,Admin configures company; user selects/receives active company scope; commands validate company membership and legal-entity rules.,PVT-SP002-FLOW-001,APPROVED
SP002-FLOW-002,SP002,FLOW,P1,Failure/retry flow: detect invalid/stale/duplicate/concurrent state -> reject or queue recovery -> preserve evidence -> reconcile -> retry only under documented semantics.,PVT-SP002-FLOW-002,APPROVED
SP002-BR-001,SP002,BR,P0,A record never silently changes company ownership.,SP002-TEST-BR-01;PVT-SP002-BR-001,APPROVED
SP002-BR-002,SP002,BR,P0,Cross-company actions require explicit scope and public contracts.,SP002-TEST-BR-02;PVT-SP002-BR-002,APPROVED
SP002-DATA-001,SP002,DATA,P1,"Persist only the authoritative identifiers/configuration/evidence needed by Company and legal-entity structure, with organization/company scope and lifecycle metadata where applicable.",PVT-SP002-DATA-001,APPROVED
SP002-DATA-002,SP002,DATA,P1,"Define retention, archival, effective-dating/version and deletion semantics for Company and legal-entity structure; never infer historical truth from current configuration alone.",PVT-SP002-DATA-002,APPROVED
SP002-VAL-001,SP002,VAL,P1,"Validate organization/company/scope, lifecycle state and all required identifiers before executing Company and legal-entity structure.",SP002-TEST-VAL-01;PVT-SP002-VAL-001,APPROVED
SP002-VAL-002,SP002,VAL,P1,"Reject malformed, stale, unauthorized, duplicate or policy-incompatible input with typed actionable errors.",SP002-TEST-VAL-02;PVT-SP002-VAL-002,APPROVED
SP002-CALC-001,SP002,CALC,P1,"Any counts, quotas, time windows, retry schedules, usage metrics or derived values in Company and legal-entity structure use explicit deterministic precision/rounding/timezone rules; otherwise mark calculation not applicable.",PVT-SP002-CALC-001,APPROVED
SP002-UX-001,SP002,UX,P1,Provide discoverable administration/operation UX for Company and legal-entity structure with role-appropriate views and safe defaults.,PVT-SP002-UX-001,APPROVED
SP002-UX-002,SP002,UX,P1,"Define loading, empty, error, forbidden, stale, conflict, retry and partial-failure states for Company and legal-entity structure.",PVT-SP002-UX-002,APPROVED
SP002-UX-003,SP002,UX,P1,"Preserve keyboard, responsive and mobile parity for critical Company and legal-entity structure actions or explicitly classify them as not applicable.",PVT-SP002-UX-003,APPROVED
SP002-SEC-001,SP002,SEC,P0,"Cross-company IDOR, hidden company-switch persistence and invalid consolidation scope are primary threats.",SP002-TEST-SEC-01;PVT-SP002-SEC-001,APPROVED
SP002-SEC-002,SP002,SEC,P0,"Enforce least privilege, tenant/company/record scope, sensitive-field minimization and security-negative tests for Company and legal-entity structure.",SP002-TEST-SEC-02;PVT-SP002-SEC-002,APPROVED
SP002-AUTO-001,SP002,AUTO,P1,"Automation involving Company and legal-entity structure executes through the same public commands, authorization and idempotency controls as human-triggered actions.",PVT-SP002-AUTO-001,APPROVED
SP002-APP-001,SP002,APP,P1,Changes to high-impact Company and legal-entity structure policy/configuration require maker-checker or privileged approval where the risk classification demands it; self-approval is explicitly governed.,PVT-SP002-APP-001,APPROVED
SP002-NOTIF-001,SP002,NOTIF,P1,"Generate notifications for actionable failures, approvals, expirations or security events from Company and legal-entity structure according to centralized preference/mandatory-notice policy.",PVT-SP002-NOTIF-001,APPROVED
SP002-REP-001,SP002,REP,P1,"Expose authorized operational reporting for Company and legal-entity structure: health, usage, exceptions, policy state, SLA/SLO or audit evidence as applicable, with drill-down to source.",PVT-SP002-REP-001,APPROVED
SP002-AI-001,SP002,AI,P1,AI may explain or assist with Company and legal-entity structure only from authorized context; it cannot bypass its deterministic security/policy controls or directly mutate authoritative storage.,PVT-SP002-AI-001,APPROVED
SP002-INT-001,SP002,INT,P0,Business modules consume Company and legal-entity structure through documented public contracts and never reimplement a weaker local variant.,SP002-TEST-INT-01;PVT-SP002-INT-001,APPROVED
SP002-INT-002,SP002,INT,P0,"Cross-service/job/integration use of Company and legal-entity structure carries trusted tenant context, correlation, retry and reconciliation semantics.",SP002-TEST-INT-02;PVT-SP002-INT-002,APPROVED
SP002-API-001,SP002,API,P0,"Define authenticated/versioned command and query contracts for Company and legal-entity structure where externally or cross-layer accessible, with object/function/property authorization.",SP002-TEST-API-01;PVT-SP002-API-001,APPROVED
SP002-API-002,SP002,API,P0,API errors for Company and legal-entity structure are typed/actionable and unsafe retries use explicit idempotency keys or preconditions when needed.,SP002-TEST-API-02;PVT-SP002-API-002,APPROVED
SP002-PERF-001,SP002,PERF,P1,"Define latency/throughput/cardinality/volume budgets for Company and legal-entity structure; expensive global operations use pagination, batching, asynchronous execution or read models as appropriate.",SP002-TEST-PERF-01;PVT-SP002-PERF-001,APPROVED
SP002-OBS-001,SP002,OBS,P1,Emit correlation-aware logs/metrics/traces and business diagnostics for Company and legal-entity structure without secrets/PII leakage; failures are alertable and reconcilable.,SP002-TEST-OBS-01;PVT-SP002-OBS-001,APPROVED
SP002-E2E-001,SP002,E2E,P1,E2E happy-path proves Company and legal-entity structure works for an authorized tenant/user and produces expected visible/data/audit outcomes.,SP002-TEST-E2E-01;PVT-SP002-E2E-001,APPROVED
SP002-E2E-002,SP002,E2E,P1,"E2E negative/recovery path proves unauthorized, duplicate, stale or dependency-failure behavior for Company and legal-entity structure without cross-tenant or partial-state leakage.",SP002-TEST-E2E-02;PVT-SP002-E2E-002,APPROVED
SP002-UAT-001,SP002,UAT,P1,"Human UAT validates primary operator/admin workflow, visible states and evidence for Company and legal-entity structure.",SP002-UAT-01;PVT-SP002-UAT-001,APPROVED
SP002-UAT-002,SP002,UAT,P1,Human UAT validates at least one failure/recovery/permission scenario and confirms documentation matches actual operator expectations for Company and legal-entity structure.,SP002-UAT-02;PVT-SP002-UAT-002,APPROVED
SP003-CAP-001,SP003,CAP,P0,"Provide a reusable platform capability for Branch, site and operating-unit context.",PVT-SP003-CAP-001,APPROVED
SP003-CAP-002,SP003,CAP,P0,"Expose Branch, site and operating-unit context through stable public contracts rather than module-private shortcuts.",PVT-SP003-CAP-002,APPROVED
SP003-CAP-003,SP003,CAP,P0,"Make Branch, site and operating-unit context observable, testable and independently governable across all applicable modules.",PVT-SP003-CAP-003,APPROVED
SP003-FR-001,SP003,FR,P0,Represent branches/sites/operating units and provide authoritative contextual scope for business modules without duplicating module-specific warehouse/plant/project entities.,PVT-SP003-FR-001,APPROVED
SP003-FR-002,SP003,FR,P0,Admin configures branch/site; user obtains allowed scopes; module commands validate active context and record scope.,PVT-SP003-FR-002,APPROVED
SP003-FR-003,SP003,FR,P0,"Support administrative configuration, normal operation, failure/recovery and auditable lifecycle for Branch, site and operating-unit context.",PVT-SP003-FR-003,APPROVED
SP003-US-001,SP003,US,P1,"As an authorized operator, I can use Branch, site and operating-unit context without requiring module-specific duplicate implementations.",PVT-SP003-US-001,APPROVED
SP003-US-002,SP003,US,P1,"As a security/operations reviewer, I can prove Branch, site and operating-unit context respects tenant scope, policy, audit and recovery controls.",PVT-SP003-US-002,APPROVED
SP003-FLOW-001,SP003,FLOW,P1,Admin configures branch/site; user obtains allowed scopes; module commands validate active context and record scope.,PVT-SP003-FLOW-001,APPROVED
SP003-FLOW-002,SP003,FLOW,P1,Failure/retry flow: detect invalid/stale/duplicate/concurrent state -> reject or queue recovery -> preserve evidence -> reconcile -> retry only under documented semantics.,PVT-SP003-FLOW-002,APPROVED
SP003-BR-001,SP003,BR,P0,Branch/site scope is server-authoritative.,SP003-TEST-BR-01;PVT-SP003-BR-001,APPROVED
SP003-BR-002,SP003,BR,P0,Inactive scope cannot receive new business writes unless an approved historical correction path exists.,SP003-TEST-BR-02;PVT-SP003-BR-002,APPROVED
SP003-DATA-001,SP003,DATA,P1,"Persist only the authoritative identifiers/configuration/evidence needed by Branch, site and operating-unit context, with organization/company scope and lifecycle metadata where applicable.",PVT-SP003-DATA-001,APPROVED
SP003-DATA-002,SP003,DATA,P1,"Define retention, archival, effective-dating/version and deletion semantics for Branch, site and operating-unit context; never infer historical truth from current configuration alone.",PVT-SP003-DATA-002,APPROVED
SP003-VAL-001,SP003,VAL,P1,"Validate organization/company/scope, lifecycle state and all required identifiers before executing Branch, site and operating-unit context.",SP003-TEST-VAL-01;PVT-SP003-VAL-001,APPROVED
SP003-VAL-002,SP003,VAL,P1,"Reject malformed, stale, unauthorized, duplicate or policy-incompatible input with typed actionable errors.",SP003-TEST-VAL-02;PVT-SP003-VAL-002,APPROVED
SP003-CALC-001,SP003,CALC,P1,"Any counts, quotas, time windows, retry schedules, usage metrics or derived values in Branch, site and operating-unit context use explicit deterministic precision/rounding/timezone rules; otherwise mark calculation not applicable.",PVT-SP003-CALC-001,APPROVED
SP003-UX-001,SP003,UX,P1,"Provide discoverable administration/operation UX for Branch, site and operating-unit context with role-appropriate views and safe defaults.",PVT-SP003-UX-001,APPROVED
SP003-UX-002,SP003,UX,P1,"Define loading, empty, error, forbidden, stale, conflict, retry and partial-failure states for Branch, site and operating-unit context.",PVT-SP003-UX-002,APPROVED
SP003-UX-003,SP003,UX,P1,"Preserve keyboard, responsive and mobile parity for critical Branch, site and operating-unit context actions or explicitly classify them as not applicable.",PVT-SP003-UX-003,APPROVED
SP003-SEC-001,SP003,SEC,P0,"Branch-switch IDOR, stale membership, and scope confusion between branch/site/warehouse/plant are primary threats.",SP003-TEST-SEC-01;PVT-SP003-SEC-001,APPROVED
SP003-SEC-002,SP003,SEC,P0,"Enforce least privilege, tenant/company/record scope, sensitive-field minimization and security-negative tests for Branch, site and operating-unit context.",SP003-TEST-SEC-02;PVT-SP003-SEC-002,APPROVED
SP003-AUTO-001,SP003,AUTO,P1,"Automation involving Branch, site and operating-unit context executes through the same public commands, authorization and idempotency controls as human-triggered actions.",PVT-SP003-AUTO-001,APPROVED
SP003-APP-001,SP003,APP,P1,"Changes to high-impact Branch, site and operating-unit context policy/configuration require maker-checker or privileged approval where the risk classification demands it; self-approval is explicitly governed.",PVT-SP003-APP-001,APPROVED
SP003-NOTIF-001,SP003,NOTIF,P1,"Generate notifications for actionable failures, approvals, expirations or security events from Branch, site and operating-unit context according to centralized preference/mandatory-notice policy.",PVT-SP003-NOTIF-001,APPROVED
SP003-REP-001,SP003,REP,P1,"Expose authorized operational reporting for Branch, site and operating-unit context: health, usage, exceptions, policy state, SLA/SLO or audit evidence as applicable, with drill-down to source.",PVT-SP003-REP-001,APPROVED
SP003-AI-001,SP003,AI,P1,"AI may explain or assist with Branch, site and operating-unit context only from authorized context; it cannot bypass its deterministic security/policy controls or directly mutate authoritative storage.",PVT-SP003-AI-001,APPROVED
SP003-INT-001,SP003,INT,P0,"Business modules consume Branch, site and operating-unit context through documented public contracts and never reimplement a weaker local variant.",SP003-TEST-INT-01;PVT-SP003-INT-001,APPROVED
SP003-INT-002,SP003,INT,P0,"Cross-service/job/integration use of Branch, site and operating-unit context carries trusted tenant context, correlation, retry and reconciliation semantics.",SP003-TEST-INT-02;PVT-SP003-INT-002,APPROVED
SP003-API-001,SP003,API,P0,"Define authenticated/versioned command and query contracts for Branch, site and operating-unit context where externally or cross-layer accessible, with object/function/property authorization.",SP003-TEST-API-01;PVT-SP003-API-001,APPROVED
SP003-API-002,SP003,API,P0,"API errors for Branch, site and operating-unit context are typed/actionable and unsafe retries use explicit idempotency keys or preconditions when needed.",SP003-TEST-API-02;PVT-SP003-API-002,APPROVED
SP003-PERF-001,SP003,PERF,P1,"Define latency/throughput/cardinality/volume budgets for Branch, site and operating-unit context; expensive global operations use pagination, batching, asynchronous execution or read models as appropriate.",SP003-TEST-PERF-01;PVT-SP003-PERF-001,APPROVED
SP003-OBS-001,SP003,OBS,P1,"Emit correlation-aware logs/metrics/traces and business diagnostics for Branch, site and operating-unit context without secrets/PII leakage; failures are alertable and reconcilable.",SP003-TEST-OBS-01;PVT-SP003-OBS-001,APPROVED
SP003-E2E-001,SP003,E2E,P1,"E2E happy-path proves Branch, site and operating-unit context works for an authorized tenant/user and produces expected visible/data/audit outcomes.",SP003-TEST-E2E-01;PVT-SP003-E2E-001,APPROVED
SP003-E2E-002,SP003,E2E,P1,"E2E negative/recovery path proves unauthorized, duplicate, stale or dependency-failure behavior for Branch, site and operating-unit context without cross-tenant or partial-state leakage.",SP003-TEST-E2E-02;PVT-SP003-E2E-002,APPROVED
SP003-UAT-001,SP003,UAT,P1,"Human UAT validates primary operator/admin workflow, visible states and evidence for Branch, site and operating-unit context.",SP003-UAT-01;PVT-SP003-UAT-001,APPROVED
SP003-UAT-002,SP003,UAT,P1,"Human UAT validates at least one failure/recovery/permission scenario and confirms documentation matches actual operator expectations for Branch, site and operating-unit context.",SP003-UAT-02;PVT-SP003-UAT-002,APPROVED
SP004-CAP-001,SP004,CAP,P0,Provide a reusable platform capability for Identity and user lifecycle.,PVT-SP004-CAP-001,APPROVED
SP004-CAP-002,SP004,CAP,P0,Expose Identity and user lifecycle through stable public contracts rather than module-private shortcuts.,PVT-SP004-CAP-002,APPROVED
SP004-CAP-003,SP004,CAP,P0,"Make Identity and user lifecycle observable, testable and independently governable across all applicable modules.",PVT-SP004-CAP-003,APPROVED
SP004-FR-001,SP004,FR,P0,"Manage user identity, invitation, activation, deactivation, profile linkage and lifecycle across tenants without sharing credentials or permissions between organizations.",PVT-SP004-FR-001,APPROVED
SP004-FR-002,SP004,FR,P0,Invite -> verify -> join organization -> assign access -> active use -> suspend/deactivate -> preserve audit attribution.,PVT-SP004-FR-002,APPROVED
SP004-FR-003,SP004,FR,P0,"Support administrative configuration, normal operation, failure/recovery and auditable lifecycle for Identity and user lifecycle.",PVT-SP004-FR-003,APPROVED
SP004-US-001,SP004,US,P1,"As an authorized operator, I can use Identity and user lifecycle without requiring module-specific duplicate implementations.",PVT-SP004-US-001,APPROVED
SP004-US-002,SP004,US,P1,"As a security/operations reviewer, I can prove Identity and user lifecycle respects tenant scope, policy, audit and recovery controls.",PVT-SP004-US-002,APPROVED
SP004-FLOW-001,SP004,FLOW,P1,Invite -> verify -> join organization -> assign access -> active use -> suspend/deactivate -> preserve audit attribution.,PVT-SP004-FLOW-001,APPROVED
SP004-FLOW-002,SP004,FLOW,P1,Failure/retry flow: detect invalid/stale/duplicate/concurrent state -> reject or queue recovery -> preserve evidence -> reconcile -> retry only under documented semantics.,PVT-SP004-FLOW-002,APPROVED
SP004-BR-001,SP004,BR,P0,User identity and organization membership are separate concepts.,SP004-TEST-BR-01;PVT-SP004-BR-001,APPROVED
SP004-BR-002,SP004,BR,P0,Deactivation terminates future access without deleting historical actor attribution.,SP004-TEST-BR-02;PVT-SP004-BR-002,APPROVED
SP004-DATA-001,SP004,DATA,P1,"Persist only the authoritative identifiers/configuration/evidence needed by Identity and user lifecycle, with organization/company scope and lifecycle metadata where applicable.",PVT-SP004-DATA-001,APPROVED
SP004-DATA-002,SP004,DATA,P1,"Define retention, archival, effective-dating/version and deletion semantics for Identity and user lifecycle; never infer historical truth from current configuration alone.",PVT-SP004-DATA-002,APPROVED
SP004-VAL-001,SP004,VAL,P1,"Validate organization/company/scope, lifecycle state and all required identifiers before executing Identity and user lifecycle.",SP004-TEST-VAL-01;PVT-SP004-VAL-001,APPROVED
SP004-VAL-002,SP004,VAL,P1,"Reject malformed, stale, unauthorized, duplicate or policy-incompatible input with typed actionable errors.",SP004-TEST-VAL-02;PVT-SP004-VAL-002,APPROVED
SP004-CALC-001,SP004,CALC,P1,"Any counts, quotas, time windows, retry schedules, usage metrics or derived values in Identity and user lifecycle use explicit deterministic precision/rounding/timezone rules; otherwise mark calculation not applicable.",PVT-SP004-CALC-001,APPROVED
SP004-UX-001,SP004,UX,P1,Provide discoverable administration/operation UX for Identity and user lifecycle with role-appropriate views and safe defaults.,PVT-SP004-UX-001,APPROVED
SP004-UX-002,SP004,UX,P1,"Define loading, empty, error, forbidden, stale, conflict, retry and partial-failure states for Identity and user lifecycle.",PVT-SP004-UX-002,APPROVED
SP004-UX-003,SP004,UX,P1,"Preserve keyboard, responsive and mobile parity for critical Identity and user lifecycle actions or explicitly classify them as not applicable.",PVT-SP004-UX-003,APPROVED
SP004-SEC-001,SP004,SEC,P0,"Account enumeration, invitation replay, orphaned privileged memberships and identity collision are primary threats.",SP004-TEST-SEC-01;PVT-SP004-SEC-001,APPROVED
SP004-SEC-002,SP004,SEC,P0,"Enforce least privilege, tenant/company/record scope, sensitive-field minimization and security-negative tests for Identity and user lifecycle.",SP004-TEST-SEC-02;PVT-SP004-SEC-002,APPROVED
SP004-AUTO-001,SP004,AUTO,P1,"Automation involving Identity and user lifecycle executes through the same public commands, authorization and idempotency controls as human-triggered actions.",PVT-SP004-AUTO-001,APPROVED
SP004-APP-001,SP004,APP,P1,Changes to high-impact Identity and user lifecycle policy/configuration require maker-checker or privileged approval where the risk classification demands it; self-approval is explicitly governed.,PVT-SP004-APP-001,APPROVED
SP004-NOTIF-001,SP004,NOTIF,P1,"Generate notifications for actionable failures, approvals, expirations or security events from Identity and user lifecycle according to centralized preference/mandatory-notice policy.",PVT-SP004-NOTIF-001,APPROVED
SP004-REP-001,SP004,REP,P1,"Expose authorized operational reporting for Identity and user lifecycle: health, usage, exceptions, policy state, SLA/SLO or audit evidence as applicable, with drill-down to source.",PVT-SP004-REP-001,APPROVED
SP004-AI-001,SP004,AI,P1,AI may explain or assist with Identity and user lifecycle only from authorized context; it cannot bypass its deterministic security/policy controls or directly mutate authoritative storage.,PVT-SP004-AI-001,APPROVED
SP004-INT-001,SP004,INT,P0,Business modules consume Identity and user lifecycle through documented public contracts and never reimplement a weaker local variant.,SP004-TEST-INT-01;PVT-SP004-INT-001,APPROVED
SP004-INT-002,SP004,INT,P0,"Cross-service/job/integration use of Identity and user lifecycle carries trusted tenant context, correlation, retry and reconciliation semantics.",SP004-TEST-INT-02;PVT-SP004-INT-002,APPROVED
SP004-API-001,SP004,API,P0,"Define authenticated/versioned command and query contracts for Identity and user lifecycle where externally or cross-layer accessible, with object/function/property authorization.",SP004-TEST-API-01;PVT-SP004-API-001,APPROVED
SP004-API-002,SP004,API,P0,API errors for Identity and user lifecycle are typed/actionable and unsafe retries use explicit idempotency keys or preconditions when needed.,SP004-TEST-API-02;PVT-SP004-API-002,APPROVED
SP004-PERF-001,SP004,PERF,P1,"Define latency/throughput/cardinality/volume budgets for Identity and user lifecycle; expensive global operations use pagination, batching, asynchronous execution or read models as appropriate.",SP004-TEST-PERF-01;PVT-SP004-PERF-001,APPROVED
SP004-OBS-001,SP004,OBS,P1,Emit correlation-aware logs/metrics/traces and business diagnostics for Identity and user lifecycle without secrets/PII leakage; failures are alertable and reconcilable.,SP004-TEST-OBS-01;PVT-SP004-OBS-001,APPROVED
SP004-E2E-001,SP004,E2E,P1,E2E happy-path proves Identity and user lifecycle works for an authorized tenant/user and produces expected visible/data/audit outcomes.,SP004-TEST-E2E-01;PVT-SP004-E2E-001,APPROVED
SP004-E2E-002,SP004,E2E,P1,"E2E negative/recovery path proves unauthorized, duplicate, stale or dependency-failure behavior for Identity and user lifecycle without cross-tenant or partial-state leakage.",SP004-TEST-E2E-02;PVT-SP004-E2E-002,APPROVED
SP004-UAT-001,SP004,UAT,P1,"Human UAT validates primary operator/admin workflow, visible states and evidence for Identity and user lifecycle.",SP004-UAT-01;PVT-SP004-UAT-001,APPROVED
SP004-UAT-002,SP004,UAT,P1,Human UAT validates at least one failure/recovery/permission scenario and confirms documentation matches actual operator expectations for Identity and user lifecycle.,SP004-UAT-02;PVT-SP004-UAT-002,APPROVED
SP005-CAP-001,SP005,CAP,P0,Provide a reusable platform capability for Authentication and credential security.,PVT-SP005-CAP-001,APPROVED
SP005-CAP-002,SP005,CAP,P0,Expose Authentication and credential security through stable public contracts rather than module-private shortcuts.,PVT-SP005-CAP-002,APPROVED
SP005-CAP-003,SP005,CAP,P0,"Make Authentication and credential security observable, testable and independently governable across all applicable modules.",PVT-SP005-CAP-003,APPROVED
SP005-FR-001,SP005,FR,P0,"Provide password and approved authenticator login, credential lifecycle, brute-force protections and secure authentication responses.",PVT-SP005-FR-001,APPROVED
SP005-FR-002,SP005,FR,P0,"Login, password setup/change/reset, authenticator verification, lock/risk handling and recovery are explicit flows.",PVT-SP005-FR-002,APPROVED
SP005-FR-003,SP005,FR,P0,"Support administrative configuration, normal operation, failure/recovery and auditable lifecycle for Authentication and credential security.",PVT-SP005-FR-003,APPROVED
SP005-US-001,SP005,US,P1,"As an authorized operator, I can use Authentication and credential security without requiring module-specific duplicate implementations.",PVT-SP005-US-001,APPROVED
SP005-US-002,SP005,US,P1,"As a security/operations reviewer, I can prove Authentication and credential security respects tenant scope, policy, audit and recovery controls.",PVT-SP005-US-002,APPROVED
SP005-FLOW-001,SP005,FLOW,P1,"Login, password setup/change/reset, authenticator verification, lock/risk handling and recovery are explicit flows.",PVT-SP005-FLOW-001,APPROVED
SP005-FLOW-002,SP005,FLOW,P1,Failure/retry flow: detect invalid/stale/duplicate/concurrent state -> reject or queue recovery -> preserve evidence -> reconcile -> retry only under documented semantics.,PVT-SP005-FLOW-002,APPROVED
SP005-BR-001,SP005,BR,P0,Authentication failure never reveals sensitive account state.,SP005-TEST-BR-01;PVT-SP005-BR-001,APPROVED
SP005-BR-002,SP005,BR,P0,Credential changes invalidate or step-up affected sessions according to policy.,SP005-TEST-BR-02;PVT-SP005-BR-002,APPROVED
SP005-DATA-001,SP005,DATA,P1,"Persist only the authoritative identifiers/configuration/evidence needed by Authentication and credential security, with organization/company scope and lifecycle metadata where applicable.",PVT-SP005-DATA-001,APPROVED
SP005-DATA-002,SP005,DATA,P1,"Define retention, archival, effective-dating/version and deletion semantics for Authentication and credential security; never infer historical truth from current configuration alone.",PVT-SP005-DATA-002,APPROVED
SP005-VAL-001,SP005,VAL,P1,"Validate organization/company/scope, lifecycle state and all required identifiers before executing Authentication and credential security.",SP005-TEST-VAL-01;PVT-SP005-VAL-001,APPROVED
SP005-VAL-002,SP005,VAL,P1,"Reject malformed, stale, unauthorized, duplicate or policy-incompatible input with typed actionable errors.",SP005-TEST-VAL-02;PVT-SP005-VAL-002,APPROVED
SP005-CALC-001,SP005,CALC,P1,"Any counts, quotas, time windows, retry schedules, usage metrics or derived values in Authentication and credential security use explicit deterministic precision/rounding/timezone rules; otherwise mark calculation not applicable.",PVT-SP005-CALC-001,APPROVED
SP005-UX-001,SP005,UX,P1,Provide discoverable administration/operation UX for Authentication and credential security with role-appropriate views and safe defaults.,PVT-SP005-UX-001,APPROVED
SP005-UX-002,SP005,UX,P1,"Define loading, empty, error, forbidden, stale, conflict, retry and partial-failure states for Authentication and credential security.",PVT-SP005-UX-002,APPROVED
SP005-UX-003,SP005,UX,P1,"Preserve keyboard, responsive and mobile parity for critical Authentication and credential security actions or explicitly classify them as not applicable.",PVT-SP005-UX-003,APPROVED
SP005-SEC-001,SP005,SEC,P0,"Credential stuffing, brute force, reset-token replay, enumeration and secret leakage are primary threats.",SP005-TEST-SEC-01;PVT-SP005-SEC-001,APPROVED
SP005-SEC-002,SP005,SEC,P0,"Enforce least privilege, tenant/company/record scope, sensitive-field minimization and security-negative tests for Authentication and credential security.",SP005-TEST-SEC-02;PVT-SP005-SEC-002,APPROVED
SP005-AUTO-001,SP005,AUTO,P1,"Automation involving Authentication and credential security executes through the same public commands, authorization and idempotency controls as human-triggered actions.",PVT-SP005-AUTO-001,APPROVED
SP005-APP-001,SP005,APP,P1,Changes to high-impact Authentication and credential security policy/configuration require maker-checker or privileged approval where the risk classification demands it; self-approval is explicitly governed.,PVT-SP005-APP-001,APPROVED
SP005-NOTIF-001,SP005,NOTIF,P1,"Generate notifications for actionable failures, approvals, expirations or security events from Authentication and credential security according to centralized preference/mandatory-notice policy.",PVT-SP005-NOTIF-001,APPROVED
SP005-REP-001,SP005,REP,P1,"Expose authorized operational reporting for Authentication and credential security: health, usage, exceptions, policy state, SLA/SLO or audit evidence as applicable, with drill-down to source.",PVT-SP005-REP-001,APPROVED
SP005-AI-001,SP005,AI,P1,AI may explain or assist with Authentication and credential security only from authorized context; it cannot bypass its deterministic security/policy controls or directly mutate authoritative storage.,PVT-SP005-AI-001,APPROVED
SP005-INT-001,SP005,INT,P0,Business modules consume Authentication and credential security through documented public contracts and never reimplement a weaker local variant.,SP005-TEST-INT-01;PVT-SP005-INT-001,APPROVED
SP005-INT-002,SP005,INT,P0,"Cross-service/job/integration use of Authentication and credential security carries trusted tenant context, correlation, retry and reconciliation semantics.",SP005-TEST-INT-02;PVT-SP005-INT-002,APPROVED
SP005-API-001,SP005,API,P0,"Define authenticated/versioned command and query contracts for Authentication and credential security where externally or cross-layer accessible, with object/function/property authorization.",SP005-TEST-API-01;PVT-SP005-API-001,APPROVED
SP005-API-002,SP005,API,P0,API errors for Authentication and credential security are typed/actionable and unsafe retries use explicit idempotency keys or preconditions when needed.,SP005-TEST-API-02;PVT-SP005-API-002,APPROVED
SP005-PERF-001,SP005,PERF,P1,"Define latency/throughput/cardinality/volume budgets for Authentication and credential security; expensive global operations use pagination, batching, asynchronous execution or read models as appropriate.",SP005-TEST-PERF-01;PVT-SP005-PERF-001,APPROVED
SP005-OBS-001,SP005,OBS,P1,Emit correlation-aware logs/metrics/traces and business diagnostics for Authentication and credential security without secrets/PII leakage; failures are alertable and reconcilable.,SP005-TEST-OBS-01;PVT-SP005-OBS-001,APPROVED
SP005-E2E-001,SP005,E2E,P1,E2E happy-path proves Authentication and credential security works for an authorized tenant/user and produces expected visible/data/audit outcomes.,SP005-TEST-E2E-01;PVT-SP005-E2E-001,APPROVED
SP005-E2E-002,SP005,E2E,P1,"E2E negative/recovery path proves unauthorized, duplicate, stale or dependency-failure behavior for Authentication and credential security without cross-tenant or partial-state leakage.",SP005-TEST-E2E-02;PVT-SP005-E2E-002,APPROVED
SP005-UAT-001,SP005,UAT,P1,"Human UAT validates primary operator/admin workflow, visible states and evidence for Authentication and credential security.",SP005-UAT-01;PVT-SP005-UAT-001,APPROVED
SP005-UAT-002,SP005,UAT,P1,Human UAT validates at least one failure/recovery/permission scenario and confirms documentation matches actual operator expectations for Authentication and credential security.,SP005-UAT-02;PVT-SP005-UAT-002,APPROVED
SP006-CAP-001,SP006,CAP,P0,Provide a reusable platform capability for Session and device security.,PVT-SP006-CAP-001,APPROVED
SP006-CAP-002,SP006,CAP,P0,Expose Session and device security through stable public contracts rather than module-private shortcuts.,PVT-SP006-CAP-002,APPROVED
SP006-CAP-003,SP006,CAP,P0,"Make Session and device security observable, testable and independently governable across all applicable modules.",PVT-SP006-CAP-003,APPROVED
SP006-FR-001,SP006,FR,P0,"Issue, rotate, expire and revoke authenticated sessions with device/session visibility and risk-aware controls.",PVT-SP006-FR-001,APPROVED
SP006-FR-002,SP006,FR,P0,Authenticate -> create session -> rotate/refresh -> activity/idle/absolute timeout -> revoke/logout -> audit.,PVT-SP006-FR-002,APPROVED
SP006-FR-003,SP006,FR,P0,"Support administrative configuration, normal operation, failure/recovery and auditable lifecycle for Session and device security.",PVT-SP006-FR-003,APPROVED
SP006-US-001,SP006,US,P1,"As an authorized operator, I can use Session and device security without requiring module-specific duplicate implementations.",PVT-SP006-US-001,APPROVED
SP006-US-002,SP006,US,P1,"As a security/operations reviewer, I can prove Session and device security respects tenant scope, policy, audit and recovery controls.",PVT-SP006-US-002,APPROVED
SP006-FLOW-001,SP006,FLOW,P1,Authenticate -> create session -> rotate/refresh -> activity/idle/absolute timeout -> revoke/logout -> audit.,PVT-SP006-FLOW-001,APPROVED
SP006-FLOW-002,SP006,FLOW,P1,Failure/retry flow: detect invalid/stale/duplicate/concurrent state -> reject or queue recovery -> preserve evidence -> reconcile -> retry only under documented semantics.,PVT-SP006-FLOW-002,APPROVED
SP006-BR-001,SP006,BR,P0,Session identifiers are unpredictable and protected.,SP006-TEST-BR-01;PVT-SP006-BR-001,APPROVED
SP006-BR-002,SP006,BR,P0,Logout/revocation is effective server-side.,SP006-TEST-BR-02;PVT-SP006-BR-002,APPROVED
SP006-DATA-001,SP006,DATA,P1,"Persist only the authoritative identifiers/configuration/evidence needed by Session and device security, with organization/company scope and lifecycle metadata where applicable.",PVT-SP006-DATA-001,APPROVED
SP006-DATA-002,SP006,DATA,P1,"Define retention, archival, effective-dating/version and deletion semantics for Session and device security; never infer historical truth from current configuration alone.",PVT-SP006-DATA-002,APPROVED
SP006-VAL-001,SP006,VAL,P1,"Validate organization/company/scope, lifecycle state and all required identifiers before executing Session and device security.",SP006-TEST-VAL-01;PVT-SP006-VAL-001,APPROVED
SP006-VAL-002,SP006,VAL,P1,"Reject malformed, stale, unauthorized, duplicate or policy-incompatible input with typed actionable errors.",SP006-TEST-VAL-02;PVT-SP006-VAL-002,APPROVED
SP006-CALC-001,SP006,CALC,P1,"Any counts, quotas, time windows, retry schedules, usage metrics or derived values in Session and device security use explicit deterministic precision/rounding/timezone rules; otherwise mark calculation not applicable.",PVT-SP006-CALC-001,APPROVED
SP006-UX-001,SP006,UX,P1,Provide discoverable administration/operation UX for Session and device security with role-appropriate views and safe defaults.,PVT-SP006-UX-001,APPROVED
SP006-UX-002,SP006,UX,P1,"Define loading, empty, error, forbidden, stale, conflict, retry and partial-failure states for Session and device security.",PVT-SP006-UX-002,APPROVED
SP006-UX-003,SP006,UX,P1,"Preserve keyboard, responsive and mobile parity for critical Session and device security actions or explicitly classify them as not applicable.",PVT-SP006-UX-003,APPROVED
SP006-SEC-001,SP006,SEC,P0,"Session fixation, theft, replay, CSRF, stale privilege and device-loss scenarios are primary threats.",SP006-TEST-SEC-01;PVT-SP006-SEC-001,APPROVED
SP006-SEC-002,SP006,SEC,P0,"Enforce least privilege, tenant/company/record scope, sensitive-field minimization and security-negative tests for Session and device security.",SP006-TEST-SEC-02;PVT-SP006-SEC-002,APPROVED
SP006-AUTO-001,SP006,AUTO,P1,"Automation involving Session and device security executes through the same public commands, authorization and idempotency controls as human-triggered actions.",PVT-SP006-AUTO-001,APPROVED
SP006-APP-001,SP006,APP,P1,Changes to high-impact Session and device security policy/configuration require maker-checker or privileged approval where the risk classification demands it; self-approval is explicitly governed.,PVT-SP006-APP-001,APPROVED
SP006-NOTIF-001,SP006,NOTIF,P1,"Generate notifications for actionable failures, approvals, expirations or security events from Session and device security according to centralized preference/mandatory-notice policy.",PVT-SP006-NOTIF-001,APPROVED
SP006-REP-001,SP006,REP,P1,"Expose authorized operational reporting for Session and device security: health, usage, exceptions, policy state, SLA/SLO or audit evidence as applicable, with drill-down to source.",PVT-SP006-REP-001,APPROVED
SP006-AI-001,SP006,AI,P1,AI may explain or assist with Session and device security only from authorized context; it cannot bypass its deterministic security/policy controls or directly mutate authoritative storage.,PVT-SP006-AI-001,APPROVED
SP006-INT-001,SP006,INT,P0,Business modules consume Session and device security through documented public contracts and never reimplement a weaker local variant.,SP006-TEST-INT-01;PVT-SP006-INT-001,APPROVED
SP006-INT-002,SP006,INT,P0,"Cross-service/job/integration use of Session and device security carries trusted tenant context, correlation, retry and reconciliation semantics.",SP006-TEST-INT-02;PVT-SP006-INT-002,APPROVED
SP006-API-001,SP006,API,P0,"Define authenticated/versioned command and query contracts for Session and device security where externally or cross-layer accessible, with object/function/property authorization.",SP006-TEST-API-01;PVT-SP006-API-001,APPROVED
SP006-API-002,SP006,API,P0,API errors for Session and device security are typed/actionable and unsafe retries use explicit idempotency keys or preconditions when needed.,SP006-TEST-API-02;PVT-SP006-API-002,APPROVED
SP006-PERF-001,SP006,PERF,P1,"Define latency/throughput/cardinality/volume budgets for Session and device security; expensive global operations use pagination, batching, asynchronous execution or read models as appropriate.",SP006-TEST-PERF-01;PVT-SP006-PERF-001,APPROVED
SP006-OBS-001,SP006,OBS,P1,Emit correlation-aware logs/metrics/traces and business diagnostics for Session and device security without secrets/PII leakage; failures are alertable and reconcilable.,SP006-TEST-OBS-01;PVT-SP006-OBS-001,APPROVED
SP006-E2E-001,SP006,E2E,P1,E2E happy-path proves Session and device security works for an authorized tenant/user and produces expected visible/data/audit outcomes.,SP006-TEST-E2E-01;PVT-SP006-E2E-001,APPROVED
SP006-E2E-002,SP006,E2E,P1,"E2E negative/recovery path proves unauthorized, duplicate, stale or dependency-failure behavior for Session and device security without cross-tenant or partial-state leakage.",SP006-TEST-E2E-02;PVT-SP006-E2E-002,APPROVED
SP006-UAT-001,SP006,UAT,P1,"Human UAT validates primary operator/admin workflow, visible states and evidence for Session and device security.",SP006-UAT-01;PVT-SP006-UAT-001,APPROVED
SP006-UAT-002,SP006,UAT,P1,Human UAT validates at least one failure/recovery/permission scenario and confirms documentation matches actual operator expectations for Session and device security.,SP006-UAT-02;PVT-SP006-UAT-002,APPROVED
SP007-CAP-001,SP007,CAP,P0,"Provide a reusable platform capability for MFA, account recovery and step-up authentication.",PVT-SP007-CAP-001,APPROVED
SP007-CAP-002,SP007,CAP,P0,"Expose MFA, account recovery and step-up authentication through stable public contracts rather than module-private shortcuts.",PVT-SP007-CAP-002,APPROVED
SP007-CAP-003,SP007,CAP,P0,"Make MFA, account recovery and step-up authentication observable, testable and independently governable across all applicable modules.",PVT-SP007-CAP-003,APPROVED
SP007-FR-001,SP007,FR,P0,"Support configurable multi-factor authentication, recovery and high-risk-action step-up without weakening normal authorization.",PVT-SP007-FR-001,APPROVED
SP007-FR-002,SP007,FR,P0,Enroll -> verify -> challenge -> recover backup factor -> rotate/remove -> step-up for sensitive action.,PVT-SP007-FR-002,APPROVED
SP007-FR-003,SP007,FR,P0,"Support administrative configuration, normal operation, failure/recovery and auditable lifecycle for MFA, account recovery and step-up authentication.",PVT-SP007-FR-003,APPROVED
SP007-US-001,SP007,US,P1,"As an authorized operator, I can use MFA, account recovery and step-up authentication without requiring module-specific duplicate implementations.",PVT-SP007-US-001,APPROVED
SP007-US-002,SP007,US,P1,"As a security/operations reviewer, I can prove MFA, account recovery and step-up authentication respects tenant scope, policy, audit and recovery controls.",PVT-SP007-US-002,APPROVED
SP007-FLOW-001,SP007,FLOW,P1,Enroll -> verify -> challenge -> recover backup factor -> rotate/remove -> step-up for sensitive action.,PVT-SP007-FLOW-001,APPROVED
SP007-FLOW-002,SP007,FLOW,P1,Failure/retry flow: detect invalid/stale/duplicate/concurrent state -> reject or queue recovery -> preserve evidence -> reconcile -> retry only under documented semantics.,PVT-SP007-FLOW-002,APPROVED
SP007-BR-001,SP007,BR,P0,Recovery cannot bypass tenant/role authorization.,SP007-TEST-BR-01;PVT-SP007-BR-001,APPROVED
SP007-BR-002,SP007,BR,P0,MFA enrollment/removal is itself protected by strong verification.,SP007-TEST-BR-02;PVT-SP007-BR-002,APPROVED
SP007-DATA-001,SP007,DATA,P1,"Persist only the authoritative identifiers/configuration/evidence needed by MFA, account recovery and step-up authentication, with organization/company scope and lifecycle metadata where applicable.",PVT-SP007-DATA-001,APPROVED
SP007-DATA-002,SP007,DATA,P1,"Define retention, archival, effective-dating/version and deletion semantics for MFA, account recovery and step-up authentication; never infer historical truth from current configuration alone.",PVT-SP007-DATA-002,APPROVED
SP007-VAL-001,SP007,VAL,P1,"Validate organization/company/scope, lifecycle state and all required identifiers before executing MFA, account recovery and step-up authentication.",SP007-TEST-VAL-01;PVT-SP007-VAL-001,APPROVED
SP007-VAL-002,SP007,VAL,P1,"Reject malformed, stale, unauthorized, duplicate or policy-incompatible input with typed actionable errors.",SP007-TEST-VAL-02;PVT-SP007-VAL-002,APPROVED
SP007-CALC-001,SP007,CALC,P1,"Any counts, quotas, time windows, retry schedules, usage metrics or derived values in MFA, account recovery and step-up authentication use explicit deterministic precision/rounding/timezone rules; otherwise mark calculation not applicable.",PVT-SP007-CALC-001,APPROVED
SP007-UX-001,SP007,UX,P1,"Provide discoverable administration/operation UX for MFA, account recovery and step-up authentication with role-appropriate views and safe defaults.",PVT-SP007-UX-001,APPROVED
SP007-UX-002,SP007,UX,P1,"Define loading, empty, error, forbidden, stale, conflict, retry and partial-failure states for MFA, account recovery and step-up authentication.",PVT-SP007-UX-002,APPROVED
SP007-UX-003,SP007,UX,P1,"Preserve keyboard, responsive and mobile parity for critical MFA, account recovery and step-up authentication actions or explicitly classify them as not applicable.",PVT-SP007-UX-003,APPROVED
SP007-SEC-001,SP007,SEC,P0,"MFA fatigue, recovery-channel takeover, backup-code replay and privileged downgrade are primary threats.",SP007-TEST-SEC-01;PVT-SP007-SEC-001,APPROVED
SP007-SEC-002,SP007,SEC,P0,"Enforce least privilege, tenant/company/record scope, sensitive-field minimization and security-negative tests for MFA, account recovery and step-up authentication.",SP007-TEST-SEC-02;PVT-SP007-SEC-002,APPROVED
SP007-AUTO-001,SP007,AUTO,P1,"Automation involving MFA, account recovery and step-up authentication executes through the same public commands, authorization and idempotency controls as human-triggered actions.",PVT-SP007-AUTO-001,APPROVED
SP007-APP-001,SP007,APP,P1,"Changes to high-impact MFA, account recovery and step-up authentication policy/configuration require maker-checker or privileged approval where the risk classification demands it; self-approval is explicitly governed.",PVT-SP007-APP-001,APPROVED
SP007-NOTIF-001,SP007,NOTIF,P1,"Generate notifications for actionable failures, approvals, expirations or security events from MFA, account recovery and step-up authentication according to centralized preference/mandatory-notice policy.",PVT-SP007-NOTIF-001,APPROVED
SP007-REP-001,SP007,REP,P1,"Expose authorized operational reporting for MFA, account recovery and step-up authentication: health, usage, exceptions, policy state, SLA/SLO or audit evidence as applicable, with drill-down to source.",PVT-SP007-REP-001,APPROVED
SP007-AI-001,SP007,AI,P1,"AI may explain or assist with MFA, account recovery and step-up authentication only from authorized context; it cannot bypass its deterministic security/policy controls or directly mutate authoritative storage.",PVT-SP007-AI-001,APPROVED
SP007-INT-001,SP007,INT,P0,"Business modules consume MFA, account recovery and step-up authentication through documented public contracts and never reimplement a weaker local variant.",SP007-TEST-INT-01;PVT-SP007-INT-001,APPROVED
SP007-INT-002,SP007,INT,P0,"Cross-service/job/integration use of MFA, account recovery and step-up authentication carries trusted tenant context, correlation, retry and reconciliation semantics.",SP007-TEST-INT-02;PVT-SP007-INT-002,APPROVED
SP007-API-001,SP007,API,P0,"Define authenticated/versioned command and query contracts for MFA, account recovery and step-up authentication where externally or cross-layer accessible, with object/function/property authorization.",SP007-TEST-API-01;PVT-SP007-API-001,APPROVED
SP007-API-002,SP007,API,P0,"API errors for MFA, account recovery and step-up authentication are typed/actionable and unsafe retries use explicit idempotency keys or preconditions when needed.",SP007-TEST-API-02;PVT-SP007-API-002,APPROVED
SP007-PERF-001,SP007,PERF,P1,"Define latency/throughput/cardinality/volume budgets for MFA, account recovery and step-up authentication; expensive global operations use pagination, batching, asynchronous execution or read models as appropriate.",SP007-TEST-PERF-01;PVT-SP007-PERF-001,APPROVED
SP007-OBS-001,SP007,OBS,P1,"Emit correlation-aware logs/metrics/traces and business diagnostics for MFA, account recovery and step-up authentication without secrets/PII leakage; failures are alertable and reconcilable.",SP007-TEST-OBS-01;PVT-SP007-OBS-001,APPROVED
SP007-E2E-001,SP007,E2E,P1,"E2E happy-path proves MFA, account recovery and step-up authentication works for an authorized tenant/user and produces expected visible/data/audit outcomes.",SP007-TEST-E2E-01;PVT-SP007-E2E-001,APPROVED
SP007-E2E-002,SP007,E2E,P1,"E2E negative/recovery path proves unauthorized, duplicate, stale or dependency-failure behavior for MFA, account recovery and step-up authentication without cross-tenant or partial-state leakage.",SP007-TEST-E2E-02;PVT-SP007-E2E-002,APPROVED
SP007-UAT-001,SP007,UAT,P1,"Human UAT validates primary operator/admin workflow, visible states and evidence for MFA, account recovery and step-up authentication.",SP007-UAT-01;PVT-SP007-UAT-001,APPROVED
SP007-UAT-002,SP007,UAT,P1,"Human UAT validates at least one failure/recovery/permission scenario and confirms documentation matches actual operator expectations for MFA, account recovery and step-up authentication.",SP007-UAT-02;PVT-SP007-UAT-002,APPROVED
SP008-CAP-001,SP008,CAP,P0,Provide a reusable platform capability for Roles and permission model.,PVT-SP008-CAP-001,APPROVED
SP008-CAP-002,SP008,CAP,P0,Expose Roles and permission model through stable public contracts rather than module-private shortcuts.,PVT-SP008-CAP-002,APPROVED
SP008-CAP-003,SP008,CAP,P0,"Make Roles and permission model observable, testable and independently governable across all applicable modules.",PVT-SP008-CAP-003,APPROVED
SP008-FR-001,SP008,FR,P0,"Provide explicit permission vocabulary, roles, grants and deny/least-privilege semantics used consistently by web, API, worker and mobile.",PVT-SP008-FR-001,APPROVED
SP008-FR-002,SP008,FR,P0,Define permission -> compose role -> assign membership -> evaluate permission -> audit changes -> revoke.,PVT-SP008-FR-002,APPROVED
SP008-FR-003,SP008,FR,P0,"Support administrative configuration, normal operation, failure/recovery and auditable lifecycle for Roles and permission model.",PVT-SP008-FR-003,APPROVED
SP008-US-001,SP008,US,P1,"As an authorized operator, I can use Roles and permission model without requiring module-specific duplicate implementations.",PVT-SP008-US-001,APPROVED
SP008-US-002,SP008,US,P1,"As a security/operations reviewer, I can prove Roles and permission model respects tenant scope, policy, audit and recovery controls.",PVT-SP008-US-002,APPROVED
SP008-FLOW-001,SP008,FLOW,P1,Define permission -> compose role -> assign membership -> evaluate permission -> audit changes -> revoke.,PVT-SP008-FLOW-001,APPROVED
SP008-FLOW-002,SP008,FLOW,P1,Failure/retry flow: detect invalid/stale/duplicate/concurrent state -> reject or queue recovery -> preserve evidence -> reconcile -> retry only under documented semantics.,PVT-SP008-FLOW-002,APPROVED
SP008-BR-001,SP008,BR,P0,UI visibility never substitutes for server authorization.,SP008-TEST-BR-01;PVT-SP008-BR-001,APPROVED
SP008-BR-002,SP008,BR,P0,"Permission checks are stable identifiers, not display labels.",SP008-TEST-BR-02;PVT-SP008-BR-002,APPROVED
SP008-DATA-001,SP008,DATA,P1,"Persist only the authoritative identifiers/configuration/evidence needed by Roles and permission model, with organization/company scope and lifecycle metadata where applicable.",PVT-SP008-DATA-001,APPROVED
SP008-DATA-002,SP008,DATA,P1,"Define retention, archival, effective-dating/version and deletion semantics for Roles and permission model; never infer historical truth from current configuration alone.",PVT-SP008-DATA-002,APPROVED
SP008-VAL-001,SP008,VAL,P1,"Validate organization/company/scope, lifecycle state and all required identifiers before executing Roles and permission model.",SP008-TEST-VAL-01;PVT-SP008-VAL-001,APPROVED
SP008-VAL-002,SP008,VAL,P1,"Reject malformed, stale, unauthorized, duplicate or policy-incompatible input with typed actionable errors.",SP008-TEST-VAL-02;PVT-SP008-VAL-002,APPROVED
SP008-CALC-001,SP008,CALC,P1,"Any counts, quotas, time windows, retry schedules, usage metrics or derived values in Roles and permission model use explicit deterministic precision/rounding/timezone rules; otherwise mark calculation not applicable.",PVT-SP008-CALC-001,APPROVED
SP008-UX-001,SP008,UX,P1,Provide discoverable administration/operation UX for Roles and permission model with role-appropriate views and safe defaults.,PVT-SP008-UX-001,APPROVED
SP008-UX-002,SP008,UX,P1,"Define loading, empty, error, forbidden, stale, conflict, retry and partial-failure states for Roles and permission model.",PVT-SP008-UX-002,APPROVED
SP008-UX-003,SP008,UX,P1,"Preserve keyboard, responsive and mobile parity for critical Roles and permission model actions or explicitly classify them as not applicable.",PVT-SP008-UX-003,APPROVED
SP008-SEC-001,SP008,SEC,P0,"Privilege escalation, stale permission cache, role-confusion and function-level authorization bypass are primary threats.",SP008-TEST-SEC-01;PVT-SP008-SEC-001,APPROVED
SP008-SEC-002,SP008,SEC,P0,"Enforce least privilege, tenant/company/record scope, sensitive-field minimization and security-negative tests for Roles and permission model.",SP008-TEST-SEC-02;PVT-SP008-SEC-002,APPROVED
SP008-AUTO-001,SP008,AUTO,P1,"Automation involving Roles and permission model executes through the same public commands, authorization and idempotency controls as human-triggered actions.",PVT-SP008-AUTO-001,APPROVED
SP008-APP-001,SP008,APP,P1,Changes to high-impact Roles and permission model policy/configuration require maker-checker or privileged approval where the risk classification demands it; self-approval is explicitly governed.,PVT-SP008-APP-001,APPROVED
SP008-NOTIF-001,SP008,NOTIF,P1,"Generate notifications for actionable failures, approvals, expirations or security events from Roles and permission model according to centralized preference/mandatory-notice policy.",PVT-SP008-NOTIF-001,APPROVED
SP008-REP-001,SP008,REP,P1,"Expose authorized operational reporting for Roles and permission model: health, usage, exceptions, policy state, SLA/SLO or audit evidence as applicable, with drill-down to source.",PVT-SP008-REP-001,APPROVED
SP008-AI-001,SP008,AI,P1,AI may explain or assist with Roles and permission model only from authorized context; it cannot bypass its deterministic security/policy controls or directly mutate authoritative storage.,PVT-SP008-AI-001,APPROVED
SP008-INT-001,SP008,INT,P0,Business modules consume Roles and permission model through documented public contracts and never reimplement a weaker local variant.,SP008-TEST-INT-01;PVT-SP008-INT-001,APPROVED
SP008-INT-002,SP008,INT,P0,"Cross-service/job/integration use of Roles and permission model carries trusted tenant context, correlation, retry and reconciliation semantics.",SP008-TEST-INT-02;PVT-SP008-INT-002,APPROVED
SP008-API-001,SP008,API,P0,"Define authenticated/versioned command and query contracts for Roles and permission model where externally or cross-layer accessible, with object/function/property authorization.",SP008-TEST-API-01;PVT-SP008-API-001,APPROVED
SP008-API-002,SP008,API,P0,API errors for Roles and permission model are typed/actionable and unsafe retries use explicit idempotency keys or preconditions when needed.,SP008-TEST-API-02;PVT-SP008-API-002,APPROVED
SP008-PERF-001,SP008,PERF,P1,"Define latency/throughput/cardinality/volume budgets for Roles and permission model; expensive global operations use pagination, batching, asynchronous execution or read models as appropriate.",SP008-TEST-PERF-01;PVT-SP008-PERF-001,APPROVED
SP008-OBS-001,SP008,OBS,P1,Emit correlation-aware logs/metrics/traces and business diagnostics for Roles and permission model without secrets/PII leakage; failures are alertable and reconcilable.,SP008-TEST-OBS-01;PVT-SP008-OBS-001,APPROVED
SP008-E2E-001,SP008,E2E,P1,E2E happy-path proves Roles and permission model works for an authorized tenant/user and produces expected visible/data/audit outcomes.,SP008-TEST-E2E-01;PVT-SP008-E2E-001,APPROVED
SP008-E2E-002,SP008,E2E,P1,"E2E negative/recovery path proves unauthorized, duplicate, stale or dependency-failure behavior for Roles and permission model without cross-tenant or partial-state leakage.",SP008-TEST-E2E-02;PVT-SP008-E2E-002,APPROVED
SP008-UAT-001,SP008,UAT,P1,"Human UAT validates primary operator/admin workflow, visible states and evidence for Roles and permission model.",SP008-UAT-01;PVT-SP008-UAT-001,APPROVED
SP008-UAT-002,SP008,UAT,P1,Human UAT validates at least one failure/recovery/permission scenario and confirms documentation matches actual operator expectations for Roles and permission model.,SP008-UAT-02;PVT-SP008-UAT-002,APPROVED
SP009-CAP-001,SP009,CAP,P0,"Provide a reusable platform capability for Record, field and contextual access control.",PVT-SP009-CAP-001,APPROVED
SP009-CAP-002,SP009,CAP,P0,"Expose Record, field and contextual access control through stable public contracts rather than module-private shortcuts.",PVT-SP009-CAP-002,APPROVED
SP009-CAP-003,SP009,CAP,P0,"Make Record, field and contextual access control observable, testable and independently governable across all applicable modules.",PVT-SP009-CAP-003,APPROVED
SP009-FR-001,SP009,FR,P0,Enforce company/branch/team/owner/record/field visibility and mutation scope in addition to coarse module permissions.,PVT-SP009-FR-001,APPROVED
SP009-FR-002,SP009,FR,P0,Resolve actor context -> compute allowed record/field scope -> filter/query/write -> deny indistinguishably where IDOR risk exists.,PVT-SP009-FR-002,APPROVED
SP009-FR-003,SP009,FR,P0,"Support administrative configuration, normal operation, failure/recovery and auditable lifecycle for Record, field and contextual access control.",PVT-SP009-FR-003,APPROVED
SP009-US-001,SP009,US,P1,"As an authorized operator, I can use Record, field and contextual access control without requiring module-specific duplicate implementations.",PVT-SP009-US-001,APPROVED
SP009-US-002,SP009,US,P1,"As a security/operations reviewer, I can prove Record, field and contextual access control respects tenant scope, policy, audit and recovery controls.",PVT-SP009-US-002,APPROVED
SP009-FLOW-001,SP009,FLOW,P1,Resolve actor context -> compute allowed record/field scope -> filter/query/write -> deny indistinguishably where IDOR risk exists.,PVT-SP009-FLOW-001,APPROVED
SP009-FLOW-002,SP009,FLOW,P1,Failure/retry flow: detect invalid/stale/duplicate/concurrent state -> reject or queue recovery -> preserve evidence -> reconcile -> retry only under documented semantics.,PVT-SP009-FLOW-002,APPROVED
SP009-BR-001,SP009,BR,P0,Direct-ID reads and writes apply the same scope as list/search.,SP009-TEST-BR-01;PVT-SP009-BR-001,APPROVED
SP009-BR-002,SP009,BR,P0,Sensitive fields have explicit read/write policy.,SP009-TEST-BR-02;PVT-SP009-BR-002,APPROVED
SP009-DATA-001,SP009,DATA,P1,"Persist only the authoritative identifiers/configuration/evidence needed by Record, field and contextual access control, with organization/company scope and lifecycle metadata where applicable.",PVT-SP009-DATA-001,APPROVED
SP009-DATA-002,SP009,DATA,P1,"Define retention, archival, effective-dating/version and deletion semantics for Record, field and contextual access control; never infer historical truth from current configuration alone.",PVT-SP009-DATA-002,APPROVED
SP009-VAL-001,SP009,VAL,P1,"Validate organization/company/scope, lifecycle state and all required identifiers before executing Record, field and contextual access control.",SP009-TEST-VAL-01;PVT-SP009-VAL-001,APPROVED
SP009-VAL-002,SP009,VAL,P1,"Reject malformed, stale, unauthorized, duplicate or policy-incompatible input with typed actionable errors.",SP009-TEST-VAL-02;PVT-SP009-VAL-002,APPROVED
SP009-CALC-001,SP009,CALC,P1,"Any counts, quotas, time windows, retry schedules, usage metrics or derived values in Record, field and contextual access control use explicit deterministic precision/rounding/timezone rules; otherwise mark calculation not applicable.",PVT-SP009-CALC-001,APPROVED
SP009-UX-001,SP009,UX,P1,"Provide discoverable administration/operation UX for Record, field and contextual access control with role-appropriate views and safe defaults.",PVT-SP009-UX-001,APPROVED
SP009-UX-002,SP009,UX,P1,"Define loading, empty, error, forbidden, stale, conflict, retry and partial-failure states for Record, field and contextual access control.",PVT-SP009-UX-002,APPROVED
SP009-UX-003,SP009,UX,P1,"Preserve keyboard, responsive and mobile parity for critical Record, field and contextual access control actions or explicitly classify them as not applicable.",PVT-SP009-UX-003,APPROVED
SP009-SEC-001,SP009,SEC,P0,"BOLA/IDOR, mass assignment, field leakage, list/detail mismatch and cross-tenant access are primary threats.",SP009-TEST-SEC-01;PVT-SP009-SEC-001,APPROVED
SP009-SEC-002,SP009,SEC,P0,"Enforce least privilege, tenant/company/record scope, sensitive-field minimization and security-negative tests for Record, field and contextual access control.",SP009-TEST-SEC-02;PVT-SP009-SEC-002,APPROVED
SP009-AUTO-001,SP009,AUTO,P1,"Automation involving Record, field and contextual access control executes through the same public commands, authorization and idempotency controls as human-triggered actions.",PVT-SP009-AUTO-001,APPROVED
SP009-APP-001,SP009,APP,P1,"Changes to high-impact Record, field and contextual access control policy/configuration require maker-checker or privileged approval where the risk classification demands it; self-approval is explicitly governed.",PVT-SP009-APP-001,APPROVED
SP009-NOTIF-001,SP009,NOTIF,P1,"Generate notifications for actionable failures, approvals, expirations or security events from Record, field and contextual access control according to centralized preference/mandatory-notice policy.",PVT-SP009-NOTIF-001,APPROVED
SP009-REP-001,SP009,REP,P1,"Expose authorized operational reporting for Record, field and contextual access control: health, usage, exceptions, policy state, SLA/SLO or audit evidence as applicable, with drill-down to source.",PVT-SP009-REP-001,APPROVED
SP009-AI-001,SP009,AI,P1,"AI may explain or assist with Record, field and contextual access control only from authorized context; it cannot bypass its deterministic security/policy controls or directly mutate authoritative storage.",PVT-SP009-AI-001,APPROVED
SP009-INT-001,SP009,INT,P0,"Business modules consume Record, field and contextual access control through documented public contracts and never reimplement a weaker local variant.",SP009-TEST-INT-01;PVT-SP009-INT-001,APPROVED
SP009-INT-002,SP009,INT,P0,"Cross-service/job/integration use of Record, field and contextual access control carries trusted tenant context, correlation, retry and reconciliation semantics.",SP009-TEST-INT-02;PVT-SP009-INT-002,APPROVED
SP009-API-001,SP009,API,P0,"Define authenticated/versioned command and query contracts for Record, field and contextual access control where externally or cross-layer accessible, with object/function/property authorization.",SP009-TEST-API-01;PVT-SP009-API-001,APPROVED
SP009-API-002,SP009,API,P0,"API errors for Record, field and contextual access control are typed/actionable and unsafe retries use explicit idempotency keys or preconditions when needed.",SP009-TEST-API-02;PVT-SP009-API-002,APPROVED
SP009-PERF-001,SP009,PERF,P1,"Define latency/throughput/cardinality/volume budgets for Record, field and contextual access control; expensive global operations use pagination, batching, asynchronous execution or read models as appropriate.",SP009-TEST-PERF-01;PVT-SP009-PERF-001,APPROVED
SP009-OBS-001,SP009,OBS,P1,"Emit correlation-aware logs/metrics/traces and business diagnostics for Record, field and contextual access control without secrets/PII leakage; failures are alertable and reconcilable.",SP009-TEST-OBS-01;PVT-SP009-OBS-001,APPROVED
SP009-E2E-001,SP009,E2E,P1,"E2E happy-path proves Record, field and contextual access control works for an authorized tenant/user and produces expected visible/data/audit outcomes.",SP009-TEST-E2E-01;PVT-SP009-E2E-001,APPROVED
SP009-E2E-002,SP009,E2E,P1,"E2E negative/recovery path proves unauthorized, duplicate, stale or dependency-failure behavior for Record, field and contextual access control without cross-tenant or partial-state leakage.",SP009-TEST-E2E-02;PVT-SP009-E2E-002,APPROVED
SP009-UAT-001,SP009,UAT,P1,"Human UAT validates primary operator/admin workflow, visible states and evidence for Record, field and contextual access control.",SP009-UAT-01;PVT-SP009-UAT-001,APPROVED
SP009-UAT-002,SP009,UAT,P1,"Human UAT validates at least one failure/recovery/permission scenario and confirms documentation matches actual operator expectations for Record, field and contextual access control.",SP009-UAT-02;PVT-SP009-UAT-002,APPROVED
SP010-CAP-001,SP010,CAP,P1,Provide a reusable platform capability for Module entitlements and feature access.,PVT-SP010-CAP-001,APPROVED
SP010-CAP-002,SP010,CAP,P1,Expose Module entitlements and feature access through stable public contracts rather than module-private shortcuts.,PVT-SP010-CAP-002,APPROVED
SP010-CAP-003,SP010,CAP,P1,"Make Module entitlements and feature access observable, testable and independently governable across all applicable modules.",PVT-SP010-CAP-003,APPROVED
SP010-FR-001,SP010,FR,P1,Gate modules/features by organization subscription/entitlement while keeping authorization and billing concepts distinct.,PVT-SP010-FR-001,APPROVED
SP010-FR-002,SP010,FR,P1,Plan/contract entitlement -> activate module -> expose navigation/API -> change/suspend -> preserve historical access policy.,PVT-SP010-FR-002,APPROVED
SP010-FR-003,SP010,FR,P1,"Support administrative configuration, normal operation, failure/recovery and auditable lifecycle for Module entitlements and feature access.",PVT-SP010-FR-003,APPROVED
SP010-US-001,SP010,US,P1,"As an authorized operator, I can use Module entitlements and feature access without requiring module-specific duplicate implementations.",PVT-SP010-US-001,APPROVED
SP010-US-002,SP010,US,P1,"As a security/operations reviewer, I can prove Module entitlements and feature access respects tenant scope, policy, audit and recovery controls.",PVT-SP010-US-002,APPROVED
SP010-FLOW-001,SP010,FLOW,P1,Plan/contract entitlement -> activate module -> expose navigation/API -> change/suspend -> preserve historical access policy.,PVT-SP010-FLOW-001,APPROVED
SP010-FLOW-002,SP010,FLOW,P1,Failure/retry flow: detect invalid/stale/duplicate/concurrent state -> reject or queue recovery -> preserve evidence -> reconcile -> retry only under documented semantics.,PVT-SP010-FLOW-002,APPROVED
SP010-BR-001,SP010,BR,P1,Entitlement never grants permission by itself.,SP010-TEST-BR-01;PVT-SP010-BR-001,APPROVED
SP010-BR-002,SP010,BR,P1,Disabled modules reject server commands and hide navigation safely.,SP010-TEST-BR-02;PVT-SP010-BR-002,APPROVED
SP010-DATA-001,SP010,DATA,P1,"Persist only the authoritative identifiers/configuration/evidence needed by Module entitlements and feature access, with organization/company scope and lifecycle metadata where applicable.",PVT-SP010-DATA-001,APPROVED
SP010-DATA-002,SP010,DATA,P1,"Define retention, archival, effective-dating/version and deletion semantics for Module entitlements and feature access; never infer historical truth from current configuration alone.",PVT-SP010-DATA-002,APPROVED
SP010-VAL-001,SP010,VAL,P1,"Validate organization/company/scope, lifecycle state and all required identifiers before executing Module entitlements and feature access.",SP010-TEST-VAL-01;PVT-SP010-VAL-001,APPROVED
SP010-VAL-002,SP010,VAL,P1,"Reject malformed, stale, unauthorized, duplicate or policy-incompatible input with typed actionable errors.",SP010-TEST-VAL-02;PVT-SP010-VAL-002,APPROVED
SP010-CALC-001,SP010,CALC,P1,"Any counts, quotas, time windows, retry schedules, usage metrics or derived values in Module entitlements and feature access use explicit deterministic precision/rounding/timezone rules; otherwise mark calculation not applicable.",PVT-SP010-CALC-001,APPROVED
SP010-UX-001,SP010,UX,P1,Provide discoverable administration/operation UX for Module entitlements and feature access with role-appropriate views and safe defaults.,PVT-SP010-UX-001,APPROVED
SP010-UX-002,SP010,UX,P1,"Define loading, empty, error, forbidden, stale, conflict, retry and partial-failure states for Module entitlements and feature access.",PVT-SP010-UX-002,APPROVED
SP010-UX-003,SP010,UX,P1,"Preserve keyboard, responsive and mobile parity for critical Module entitlements and feature access actions or explicitly classify them as not applicable.",PVT-SP010-UX-003,APPROVED
SP010-SEC-001,SP010,SEC,P1,"Client-side-only gating, stale entitlement cache and billing bypass are primary threats.",SP010-TEST-SEC-01;PVT-SP010-SEC-001,APPROVED
SP010-SEC-002,SP010,SEC,P1,"Enforce least privilege, tenant/company/record scope, sensitive-field minimization and security-negative tests for Module entitlements and feature access.",SP010-TEST-SEC-02;PVT-SP010-SEC-002,APPROVED
SP010-AUTO-001,SP010,AUTO,P1,"Automation involving Module entitlements and feature access executes through the same public commands, authorization and idempotency controls as human-triggered actions.",PVT-SP010-AUTO-001,APPROVED
SP010-APP-001,SP010,APP,P1,Changes to high-impact Module entitlements and feature access policy/configuration require maker-checker or privileged approval where the risk classification demands it; self-approval is explicitly governed.,PVT-SP010-APP-001,APPROVED
SP010-NOTIF-001,SP010,NOTIF,P1,"Generate notifications for actionable failures, approvals, expirations or security events from Module entitlements and feature access according to centralized preference/mandatory-notice policy.",PVT-SP010-NOTIF-001,APPROVED
SP010-REP-001,SP010,REP,P1,"Expose authorized operational reporting for Module entitlements and feature access: health, usage, exceptions, policy state, SLA/SLO or audit evidence as applicable, with drill-down to source.",PVT-SP010-REP-001,APPROVED
SP010-AI-001,SP010,AI,P1,AI may explain or assist with Module entitlements and feature access only from authorized context; it cannot bypass its deterministic security/policy controls or directly mutate authoritative storage.,PVT-SP010-AI-001,APPROVED
SP010-INT-001,SP010,INT,P1,Business modules consume Module entitlements and feature access through documented public contracts and never reimplement a weaker local variant.,SP010-TEST-INT-01;PVT-SP010-INT-001,APPROVED
SP010-INT-002,SP010,INT,P1,"Cross-service/job/integration use of Module entitlements and feature access carries trusted tenant context, correlation, retry and reconciliation semantics.",SP010-TEST-INT-02;PVT-SP010-INT-002,APPROVED
SP010-API-001,SP010,API,P1,"Define authenticated/versioned command and query contracts for Module entitlements and feature access where externally or cross-layer accessible, with object/function/property authorization.",SP010-TEST-API-01;PVT-SP010-API-001,APPROVED
SP010-API-002,SP010,API,P1,API errors for Module entitlements and feature access are typed/actionable and unsafe retries use explicit idempotency keys or preconditions when needed.,SP010-TEST-API-02;PVT-SP010-API-002,APPROVED
SP010-PERF-001,SP010,PERF,P1,"Define latency/throughput/cardinality/volume budgets for Module entitlements and feature access; expensive global operations use pagination, batching, asynchronous execution or read models as appropriate.",SP010-TEST-PERF-01;PVT-SP010-PERF-001,APPROVED
SP010-OBS-001,SP010,OBS,P1,Emit correlation-aware logs/metrics/traces and business diagnostics for Module entitlements and feature access without secrets/PII leakage; failures are alertable and reconcilable.,SP010-TEST-OBS-01;PVT-SP010-OBS-001,APPROVED
SP010-E2E-001,SP010,E2E,P1,E2E happy-path proves Module entitlements and feature access works for an authorized tenant/user and produces expected visible/data/audit outcomes.,SP010-TEST-E2E-01;PVT-SP010-E2E-001,APPROVED
SP010-E2E-002,SP010,E2E,P1,"E2E negative/recovery path proves unauthorized, duplicate, stale or dependency-failure behavior for Module entitlements and feature access without cross-tenant or partial-state leakage.",SP010-TEST-E2E-02;PVT-SP010-E2E-002,APPROVED
SP010-UAT-001,SP010,UAT,P1,"Human UAT validates primary operator/admin workflow, visible states and evidence for Module entitlements and feature access.",SP010-UAT-01;PVT-SP010-UAT-001,APPROVED
SP010-UAT-002,SP010,UAT,P1,Human UAT validates at least one failure/recovery/permission scenario and confirms documentation matches actual operator expectations for Module entitlements and feature access.,SP010-UAT-02;PVT-SP010-UAT-002,APPROVED
SP011-CAP-001,SP011,CAP,P1,"Provide a reusable platform capability for Subscription, billing and usage metering.",PVT-SP011-CAP-001,APPROVED
SP011-CAP-002,SP011,CAP,P1,"Expose Subscription, billing and usage metering through stable public contracts rather than module-private shortcuts.",PVT-SP011-CAP-002,APPROVED
SP011-CAP-003,SP011,CAP,P1,"Make Subscription, billing and usage metering observable, testable and independently governable across all applicable modules.",PVT-SP011-CAP-003,APPROVED
SP011-FR-001,SP011,FR,P1,"Manage SaaS subscription state, seats/usage metrics, invoices/payment provider references and retry-safe entitlement consequences for Vercentlabs itself.",PVT-SP011-FR-001,APPROVED
SP011-FR-002,SP011,FR,P1,Subscribe/change plan -> meter usage -> invoice/payment provider callback -> reconcile -> entitlement update -> dunning/suspension policy.,PVT-SP011-FR-002,APPROVED
SP011-FR-003,SP011,FR,P1,"Support administrative configuration, normal operation, failure/recovery and auditable lifecycle for Subscription, billing and usage metering.",PVT-SP011-FR-003,APPROVED
SP011-US-001,SP011,US,P1,"As an authorized operator, I can use Subscription, billing and usage metering without requiring module-specific duplicate implementations.",PVT-SP011-US-001,APPROVED
SP011-US-002,SP011,US,P1,"As a security/operations reviewer, I can prove Subscription, billing and usage metering respects tenant scope, policy, audit and recovery controls.",PVT-SP011-US-002,APPROVED
SP011-FLOW-001,SP011,FLOW,P1,Subscribe/change plan -> meter usage -> invoice/payment provider callback -> reconcile -> entitlement update -> dunning/suspension policy.,PVT-SP011-FLOW-001,APPROVED
SP011-FLOW-002,SP011,FLOW,P1,Failure/retry flow: detect invalid/stale/duplicate/concurrent state -> reject or queue recovery -> preserve evidence -> reconcile -> retry only under documented semantics.,PVT-SP011-FLOW-002,APPROVED
SP011-BR-001,SP011,BR,P1,Payment callbacks are idempotent and reconciled.,SP011-TEST-BR-01;PVT-SP011-BR-001,APPROVED
SP011-BR-002,SP011,BR,P1,Metering is auditable and cannot be inflated by retry.,SP011-TEST-BR-02;PVT-SP011-BR-002,APPROVED
SP011-DATA-001,SP011,DATA,P1,"Persist only the authoritative identifiers/configuration/evidence needed by Subscription, billing and usage metering, with organization/company scope and lifecycle metadata where applicable.",PVT-SP011-DATA-001,APPROVED
SP011-DATA-002,SP011,DATA,P1,"Define retention, archival, effective-dating/version and deletion semantics for Subscription, billing and usage metering; never infer historical truth from current configuration alone.",PVT-SP011-DATA-002,APPROVED
SP011-VAL-001,SP011,VAL,P1,"Validate organization/company/scope, lifecycle state and all required identifiers before executing Subscription, billing and usage metering.",SP011-TEST-VAL-01;PVT-SP011-VAL-001,APPROVED
SP011-VAL-002,SP011,VAL,P1,"Reject malformed, stale, unauthorized, duplicate or policy-incompatible input with typed actionable errors.",SP011-TEST-VAL-02;PVT-SP011-VAL-002,APPROVED
SP011-CALC-001,SP011,CALC,P1,"Any counts, quotas, time windows, retry schedules, usage metrics or derived values in Subscription, billing and usage metering use explicit deterministic precision/rounding/timezone rules; otherwise mark calculation not applicable.",PVT-SP011-CALC-001,APPROVED
SP011-UX-001,SP011,UX,P1,"Provide discoverable administration/operation UX for Subscription, billing and usage metering with role-appropriate views and safe defaults.",PVT-SP011-UX-001,APPROVED
SP011-UX-002,SP011,UX,P1,"Define loading, empty, error, forbidden, stale, conflict, retry and partial-failure states for Subscription, billing and usage metering.",PVT-SP011-UX-002,APPROVED
SP011-UX-003,SP011,UX,P1,"Preserve keyboard, responsive and mobile parity for critical Subscription, billing and usage metering actions or explicitly classify them as not applicable.",PVT-SP011-UX-003,APPROVED
SP011-SEC-001,SP011,SEC,P1,"Webhook replay, forged callbacks, double charging, usage duplication and entitlement drift are primary threats.",SP011-TEST-SEC-01;PVT-SP011-SEC-001,APPROVED
SP011-SEC-002,SP011,SEC,P1,"Enforce least privilege, tenant/company/record scope, sensitive-field minimization and security-negative tests for Subscription, billing and usage metering.",SP011-TEST-SEC-02;PVT-SP011-SEC-002,APPROVED
SP011-AUTO-001,SP011,AUTO,P1,"Automation involving Subscription, billing and usage metering executes through the same public commands, authorization and idempotency controls as human-triggered actions.",PVT-SP011-AUTO-001,APPROVED
SP011-APP-001,SP011,APP,P1,"Changes to high-impact Subscription, billing and usage metering policy/configuration require maker-checker or privileged approval where the risk classification demands it; self-approval is explicitly governed.",PVT-SP011-APP-001,APPROVED
SP011-NOTIF-001,SP011,NOTIF,P1,"Generate notifications for actionable failures, approvals, expirations or security events from Subscription, billing and usage metering according to centralized preference/mandatory-notice policy.",PVT-SP011-NOTIF-001,APPROVED
SP011-REP-001,SP011,REP,P1,"Expose authorized operational reporting for Subscription, billing and usage metering: health, usage, exceptions, policy state, SLA/SLO or audit evidence as applicable, with drill-down to source.",PVT-SP011-REP-001,APPROVED
SP011-AI-001,SP011,AI,P1,"AI may explain or assist with Subscription, billing and usage metering only from authorized context; it cannot bypass its deterministic security/policy controls or directly mutate authoritative storage.",PVT-SP011-AI-001,APPROVED
SP011-INT-001,SP011,INT,P1,"Business modules consume Subscription, billing and usage metering through documented public contracts and never reimplement a weaker local variant.",SP011-TEST-INT-01;PVT-SP011-INT-001,APPROVED
SP011-INT-002,SP011,INT,P1,"Cross-service/job/integration use of Subscription, billing and usage metering carries trusted tenant context, correlation, retry and reconciliation semantics.",SP011-TEST-INT-02;PVT-SP011-INT-002,APPROVED
SP011-API-001,SP011,API,P1,"Define authenticated/versioned command and query contracts for Subscription, billing and usage metering where externally or cross-layer accessible, with object/function/property authorization.",SP011-TEST-API-01;PVT-SP011-API-001,APPROVED
SP011-API-002,SP011,API,P1,"API errors for Subscription, billing and usage metering are typed/actionable and unsafe retries use explicit idempotency keys or preconditions when needed.",SP011-TEST-API-02;PVT-SP011-API-002,APPROVED
SP011-PERF-001,SP011,PERF,P1,"Define latency/throughput/cardinality/volume budgets for Subscription, billing and usage metering; expensive global operations use pagination, batching, asynchronous execution or read models as appropriate.",SP011-TEST-PERF-01;PVT-SP011-PERF-001,APPROVED
SP011-OBS-001,SP011,OBS,P1,"Emit correlation-aware logs/metrics/traces and business diagnostics for Subscription, billing and usage metering without secrets/PII leakage; failures are alertable and reconcilable.",SP011-TEST-OBS-01;PVT-SP011-OBS-001,APPROVED
SP011-E2E-001,SP011,E2E,P1,"E2E happy-path proves Subscription, billing and usage metering works for an authorized tenant/user and produces expected visible/data/audit outcomes.",SP011-TEST-E2E-01;PVT-SP011-E2E-001,APPROVED
SP011-E2E-002,SP011,E2E,P1,"E2E negative/recovery path proves unauthorized, duplicate, stale or dependency-failure behavior for Subscription, billing and usage metering without cross-tenant or partial-state leakage.",SP011-TEST-E2E-02;PVT-SP011-E2E-002,APPROVED
SP011-UAT-001,SP011,UAT,P1,"Human UAT validates primary operator/admin workflow, visible states and evidence for Subscription, billing and usage metering.",SP011-UAT-01;PVT-SP011-UAT-001,APPROVED
SP011-UAT-002,SP011,UAT,P1,"Human UAT validates at least one failure/recovery/permission scenario and confirms documentation matches actual operator expectations for Subscription, billing and usage metering.",SP011-UAT-02;PVT-SP011-UAT-002,APPROVED
SP012-CAP-001,SP012,CAP,P0,Provide a reusable platform capability for Approval framework and segregation of duties.,PVT-SP012-CAP-001,APPROVED
SP012-CAP-002,SP012,CAP,P0,Expose Approval framework and segregation of duties through stable public contracts rather than module-private shortcuts.,PVT-SP012-CAP-002,APPROVED
SP012-CAP-003,SP012,CAP,P0,"Make Approval framework and segregation of duties observable, testable and independently governable across all applicable modules.",PVT-SP012-CAP-003,APPROVED
SP012-FR-001,SP012,FR,P0,"Provide reusable maker-checker approvals, delegation, thresholds, escalation and separation-of-duties controls without replacing module-owned business invariants.",PVT-SP012-FR-001,APPROVED
SP012-FR-002,SP012,FR,P0,Submit -> route approvers -> approve/reject/request changes -> escalate/delegate -> execute approved command -> preserve evidence.,PVT-SP012-FR-002,APPROVED
SP012-FR-003,SP012,FR,P0,"Support administrative configuration, normal operation, failure/recovery and auditable lifecycle for Approval framework and segregation of duties.",PVT-SP012-FR-003,APPROVED
SP012-US-001,SP012,US,P1,"As an authorized operator, I can use Approval framework and segregation of duties without requiring module-specific duplicate implementations.",PVT-SP012-US-001,APPROVED
SP012-US-002,SP012,US,P1,"As a security/operations reviewer, I can prove Approval framework and segregation of duties respects tenant scope, policy, audit and recovery controls.",PVT-SP012-US-002,APPROVED
SP012-FLOW-001,SP012,FLOW,P1,Submit -> route approvers -> approve/reject/request changes -> escalate/delegate -> execute approved command -> preserve evidence.,PVT-SP012-FLOW-001,APPROVED
SP012-FLOW-002,SP012,FLOW,P1,Failure/retry flow: detect invalid/stale/duplicate/concurrent state -> reject or queue recovery -> preserve evidence -> reconcile -> retry only under documented semantics.,PVT-SP012-FLOW-002,APPROVED
SP012-BR-001,SP012,BR,P0,Self-approval is denied where policy forbids it.,SP012-TEST-BR-01;PVT-SP012-BR-001,APPROVED
SP012-BR-002,SP012,BR,P0,Approval decision records are immutable/auditable.,SP012-TEST-BR-02;PVT-SP012-BR-002,APPROVED
SP012-DATA-001,SP012,DATA,P1,"Persist only the authoritative identifiers/configuration/evidence needed by Approval framework and segregation of duties, with organization/company scope and lifecycle metadata where applicable.",PVT-SP012-DATA-001,APPROVED
SP012-DATA-002,SP012,DATA,P1,"Define retention, archival, effective-dating/version and deletion semantics for Approval framework and segregation of duties; never infer historical truth from current configuration alone.",PVT-SP012-DATA-002,APPROVED
SP012-VAL-001,SP012,VAL,P1,"Validate organization/company/scope, lifecycle state and all required identifiers before executing Approval framework and segregation of duties.",SP012-TEST-VAL-01;PVT-SP012-VAL-001,APPROVED
SP012-VAL-002,SP012,VAL,P1,"Reject malformed, stale, unauthorized, duplicate or policy-incompatible input with typed actionable errors.",SP012-TEST-VAL-02;PVT-SP012-VAL-002,APPROVED
SP012-CALC-001,SP012,CALC,P1,"Any counts, quotas, time windows, retry schedules, usage metrics or derived values in Approval framework and segregation of duties use explicit deterministic precision/rounding/timezone rules; otherwise mark calculation not applicable.",PVT-SP012-CALC-001,APPROVED
SP012-UX-001,SP012,UX,P1,Provide discoverable administration/operation UX for Approval framework and segregation of duties with role-appropriate views and safe defaults.,PVT-SP012-UX-001,APPROVED
SP012-UX-002,SP012,UX,P1,"Define loading, empty, error, forbidden, stale, conflict, retry and partial-failure states for Approval framework and segregation of duties.",PVT-SP012-UX-002,APPROVED
SP012-UX-003,SP012,UX,P1,"Preserve keyboard, responsive and mobile parity for critical Approval framework and segregation of duties actions or explicitly classify them as not applicable.",PVT-SP012-UX-003,APPROVED
SP012-SEC-001,SP012,SEC,P0,"Self-approval, delegated privilege abuse, stale approval after record change and API bypass are primary threats.",SP012-TEST-SEC-01;PVT-SP012-SEC-001,APPROVED
SP012-SEC-002,SP012,SEC,P0,"Enforce least privilege, tenant/company/record scope, sensitive-field minimization and security-negative tests for Approval framework and segregation of duties.",SP012-TEST-SEC-02;PVT-SP012-SEC-002,APPROVED
SP012-AUTO-001,SP012,AUTO,P1,"Automation involving Approval framework and segregation of duties executes through the same public commands, authorization and idempotency controls as human-triggered actions.",PVT-SP012-AUTO-001,APPROVED
SP012-APP-001,SP012,APP,P1,Changes to high-impact Approval framework and segregation of duties policy/configuration require maker-checker or privileged approval where the risk classification demands it; self-approval is explicitly governed.,PVT-SP012-APP-001,APPROVED
SP012-NOTIF-001,SP012,NOTIF,P1,"Generate notifications for actionable failures, approvals, expirations or security events from Approval framework and segregation of duties according to centralized preference/mandatory-notice policy.",PVT-SP012-NOTIF-001,APPROVED
SP012-REP-001,SP012,REP,P1,"Expose authorized operational reporting for Approval framework and segregation of duties: health, usage, exceptions, policy state, SLA/SLO or audit evidence as applicable, with drill-down to source.",PVT-SP012-REP-001,APPROVED
SP012-AI-001,SP012,AI,P1,AI may explain or assist with Approval framework and segregation of duties only from authorized context; it cannot bypass its deterministic security/policy controls or directly mutate authoritative storage.,PVT-SP012-AI-001,APPROVED
SP012-INT-001,SP012,INT,P0,Business modules consume Approval framework and segregation of duties through documented public contracts and never reimplement a weaker local variant.,SP012-TEST-INT-01;PVT-SP012-INT-001,APPROVED
SP012-INT-002,SP012,INT,P0,"Cross-service/job/integration use of Approval framework and segregation of duties carries trusted tenant context, correlation, retry and reconciliation semantics.",SP012-TEST-INT-02;PVT-SP012-INT-002,APPROVED
SP012-API-001,SP012,API,P0,"Define authenticated/versioned command and query contracts for Approval framework and segregation of duties where externally or cross-layer accessible, with object/function/property authorization.",SP012-TEST-API-01;PVT-SP012-API-001,APPROVED
SP012-API-002,SP012,API,P0,API errors for Approval framework and segregation of duties are typed/actionable and unsafe retries use explicit idempotency keys or preconditions when needed.,SP012-TEST-API-02;PVT-SP012-API-002,APPROVED
SP012-PERF-001,SP012,PERF,P1,"Define latency/throughput/cardinality/volume budgets for Approval framework and segregation of duties; expensive global operations use pagination, batching, asynchronous execution or read models as appropriate.",SP012-TEST-PERF-01;PVT-SP012-PERF-001,APPROVED
SP012-OBS-001,SP012,OBS,P1,Emit correlation-aware logs/metrics/traces and business diagnostics for Approval framework and segregation of duties without secrets/PII leakage; failures are alertable and reconcilable.,SP012-TEST-OBS-01;PVT-SP012-OBS-001,APPROVED
SP012-E2E-001,SP012,E2E,P1,E2E happy-path proves Approval framework and segregation of duties works for an authorized tenant/user and produces expected visible/data/audit outcomes.,SP012-TEST-E2E-01;PVT-SP012-E2E-001,APPROVED
SP012-E2E-002,SP012,E2E,P1,"E2E negative/recovery path proves unauthorized, duplicate, stale or dependency-failure behavior for Approval framework and segregation of duties without cross-tenant or partial-state leakage.",SP012-TEST-E2E-02;PVT-SP012-E2E-002,APPROVED
SP012-UAT-001,SP012,UAT,P1,"Human UAT validates primary operator/admin workflow, visible states and evidence for Approval framework and segregation of duties.",SP012-UAT-01;PVT-SP012-UAT-001,APPROVED
SP012-UAT-002,SP012,UAT,P1,Human UAT validates at least one failure/recovery/permission scenario and confirms documentation matches actual operator expectations for Approval framework and segregation of duties.,SP012-UAT-02;PVT-SP012-UAT-002,APPROVED
SP013-CAP-001,SP013,CAP,P1,Provide a reusable platform capability for Workflow and automation engine.,PVT-SP013-CAP-001,APPROVED
SP013-CAP-002,SP013,CAP,P1,Expose Workflow and automation engine through stable public contracts rather than module-private shortcuts.,PVT-SP013-CAP-002,APPROVED
SP013-CAP-003,SP013,CAP,P1,"Make Workflow and automation engine observable, testable and independently governable across all applicable modules.",PVT-SP013-CAP-003,APPROVED
SP013-FR-001,SP013,FR,P1,"Provide configurable triggers, conditions and actions for approved low/medium-risk automation with loop prevention and policy boundaries.",PVT-SP013-FR-001,APPROVED
SP013-FR-002,SP013,FR,P1,Define rule -> validate trigger/action -> activate -> event evaluates -> command executes -> retry/error queue -> audit.,PVT-SP013-FR-002,APPROVED
SP013-FR-003,SP013,FR,P1,"Support administrative configuration, normal operation, failure/recovery and auditable lifecycle for Workflow and automation engine.",PVT-SP013-FR-003,APPROVED
SP013-US-001,SP013,US,P1,"As an authorized operator, I can use Workflow and automation engine without requiring module-specific duplicate implementations.",PVT-SP013-US-001,APPROVED
SP013-US-002,SP013,US,P1,"As a security/operations reviewer, I can prove Workflow and automation engine respects tenant scope, policy, audit and recovery controls.",PVT-SP013-US-002,APPROVED
SP013-FLOW-001,SP013,FLOW,P1,Define rule -> validate trigger/action -> activate -> event evaluates -> command executes -> retry/error queue -> audit.,PVT-SP013-FLOW-001,APPROVED
SP013-FLOW-002,SP013,FLOW,P1,Failure/retry flow: detect invalid/stale/duplicate/concurrent state -> reject or queue recovery -> preserve evidence -> reconcile -> retry only under documented semantics.,PVT-SP013-FLOW-002,APPROVED
SP013-BR-001,SP013,BR,P1,Automation executes through normal public commands and permissions.,SP013-TEST-BR-01;PVT-SP013-BR-001,APPROVED
SP013-BR-002,SP013,BR,P1,Recursive/looping automation is bounded.,SP013-TEST-BR-02;PVT-SP013-BR-002,APPROVED
SP013-DATA-001,SP013,DATA,P1,"Persist only the authoritative identifiers/configuration/evidence needed by Workflow and automation engine, with organization/company scope and lifecycle metadata where applicable.",PVT-SP013-DATA-001,APPROVED
SP013-DATA-002,SP013,DATA,P1,"Define retention, archival, effective-dating/version and deletion semantics for Workflow and automation engine; never infer historical truth from current configuration alone.",PVT-SP013-DATA-002,APPROVED
SP013-VAL-001,SP013,VAL,P1,"Validate organization/company/scope, lifecycle state and all required identifiers before executing Workflow and automation engine.",SP013-TEST-VAL-01;PVT-SP013-VAL-001,APPROVED
SP013-VAL-002,SP013,VAL,P1,"Reject malformed, stale, unauthorized, duplicate or policy-incompatible input with typed actionable errors.",SP013-TEST-VAL-02;PVT-SP013-VAL-002,APPROVED
SP013-CALC-001,SP013,CALC,P1,"Any counts, quotas, time windows, retry schedules, usage metrics or derived values in Workflow and automation engine use explicit deterministic precision/rounding/timezone rules; otherwise mark calculation not applicable.",PVT-SP013-CALC-001,APPROVED
SP013-UX-001,SP013,UX,P1,Provide discoverable administration/operation UX for Workflow and automation engine with role-appropriate views and safe defaults.,PVT-SP013-UX-001,APPROVED
SP013-UX-002,SP013,UX,P1,"Define loading, empty, error, forbidden, stale, conflict, retry and partial-failure states for Workflow and automation engine.",PVT-SP013-UX-002,APPROVED
SP013-UX-003,SP013,UX,P1,"Preserve keyboard, responsive and mobile parity for critical Workflow and automation engine actions or explicitly classify them as not applicable.",PVT-SP013-UX-003,APPROVED
SP013-SEC-001,SP013,SEC,P1,"Automation loops, privilege laundering, stale conditions and uncontrolled bulk side effects are primary threats.",SP013-TEST-SEC-01;PVT-SP013-SEC-001,APPROVED
SP013-SEC-002,SP013,SEC,P1,"Enforce least privilege, tenant/company/record scope, sensitive-field minimization and security-negative tests for Workflow and automation engine.",SP013-TEST-SEC-02;PVT-SP013-SEC-002,APPROVED
SP013-AUTO-001,SP013,AUTO,P1,"Automation involving Workflow and automation engine executes through the same public commands, authorization and idempotency controls as human-triggered actions.",PVT-SP013-AUTO-001,APPROVED
SP013-APP-001,SP013,APP,P1,Changes to high-impact Workflow and automation engine policy/configuration require maker-checker or privileged approval where the risk classification demands it; self-approval is explicitly governed.,PVT-SP013-APP-001,APPROVED
SP013-NOTIF-001,SP013,NOTIF,P1,"Generate notifications for actionable failures, approvals, expirations or security events from Workflow and automation engine according to centralized preference/mandatory-notice policy.",PVT-SP013-NOTIF-001,APPROVED
SP013-REP-001,SP013,REP,P1,"Expose authorized operational reporting for Workflow and automation engine: health, usage, exceptions, policy state, SLA/SLO or audit evidence as applicable, with drill-down to source.",PVT-SP013-REP-001,APPROVED
SP013-AI-001,SP013,AI,P1,AI may explain or assist with Workflow and automation engine only from authorized context; it cannot bypass its deterministic security/policy controls or directly mutate authoritative storage.,PVT-SP013-AI-001,APPROVED
SP013-INT-001,SP013,INT,P1,Business modules consume Workflow and automation engine through documented public contracts and never reimplement a weaker local variant.,SP013-TEST-INT-01;PVT-SP013-INT-001,APPROVED
SP013-INT-002,SP013,INT,P1,"Cross-service/job/integration use of Workflow and automation engine carries trusted tenant context, correlation, retry and reconciliation semantics.",SP013-TEST-INT-02;PVT-SP013-INT-002,APPROVED
SP013-API-001,SP013,API,P1,"Define authenticated/versioned command and query contracts for Workflow and automation engine where externally or cross-layer accessible, with object/function/property authorization.",SP013-TEST-API-01;PVT-SP013-API-001,APPROVED
SP013-API-002,SP013,API,P1,API errors for Workflow and automation engine are typed/actionable and unsafe retries use explicit idempotency keys or preconditions when needed.,SP013-TEST-API-02;PVT-SP013-API-002,APPROVED
SP013-PERF-001,SP013,PERF,P1,"Define latency/throughput/cardinality/volume budgets for Workflow and automation engine; expensive global operations use pagination, batching, asynchronous execution or read models as appropriate.",SP013-TEST-PERF-01;PVT-SP013-PERF-001,APPROVED
SP013-OBS-001,SP013,OBS,P1,Emit correlation-aware logs/metrics/traces and business diagnostics for Workflow and automation engine without secrets/PII leakage; failures are alertable and reconcilable.,SP013-TEST-OBS-01;PVT-SP013-OBS-001,APPROVED
SP013-E2E-001,SP013,E2E,P1,E2E happy-path proves Workflow and automation engine works for an authorized tenant/user and produces expected visible/data/audit outcomes.,SP013-TEST-E2E-01;PVT-SP013-E2E-001,APPROVED
SP013-E2E-002,SP013,E2E,P1,"E2E negative/recovery path proves unauthorized, duplicate, stale or dependency-failure behavior for Workflow and automation engine without cross-tenant or partial-state leakage.",SP013-TEST-E2E-02;PVT-SP013-E2E-002,APPROVED
SP013-UAT-001,SP013,UAT,P1,"Human UAT validates primary operator/admin workflow, visible states and evidence for Workflow and automation engine.",SP013-UAT-01;PVT-SP013-UAT-001,APPROVED
SP013-UAT-002,SP013,UAT,P1,Human UAT validates at least one failure/recovery/permission scenario and confirms documentation matches actual operator expectations for Workflow and automation engine.,SP013-UAT-02;PVT-SP013-UAT-002,APPROVED
SP014-CAP-001,SP014,CAP,P0,Provide a reusable platform capability for Audit trail and change history.,PVT-SP014-CAP-001,APPROVED
SP014-CAP-002,SP014,CAP,P0,Expose Audit trail and change history through stable public contracts rather than module-private shortcuts.,PVT-SP014-CAP-002,APPROVED
SP014-CAP-003,SP014,CAP,P0,"Make Audit trail and change history observable, testable and independently governable across all applicable modules.",PVT-SP014-CAP-003,APPROVED
SP014-FR-001,SP014,FR,P0,"Create tamper-resistant business/security audit evidence for who did what, when, where, through which channel, with before/after or event details as appropriate.",PVT-SP014-FR-001,APPROVED
SP014-FR-002,SP014,FR,P0,Business/security action -> atomic or durable audit write -> searchable authorized view -> retention/export -> investigation.,PVT-SP014-FR-002,APPROVED
SP014-FR-003,SP014,FR,P0,"Support administrative configuration, normal operation, failure/recovery and auditable lifecycle for Audit trail and change history.",PVT-SP014-FR-003,APPROVED
SP014-US-001,SP014,US,P1,"As an authorized operator, I can use Audit trail and change history without requiring module-specific duplicate implementations.",PVT-SP014-US-001,APPROVED
SP014-US-002,SP014,US,P1,"As a security/operations reviewer, I can prove Audit trail and change history respects tenant scope, policy, audit and recovery controls.",PVT-SP014-US-002,APPROVED
SP014-FLOW-001,SP014,FLOW,P1,Business/security action -> atomic or durable audit write -> searchable authorized view -> retention/export -> investigation.,PVT-SP014-FLOW-001,APPROVED
SP014-FLOW-002,SP014,FLOW,P1,Failure/retry flow: detect invalid/stale/duplicate/concurrent state -> reject or queue recovery -> preserve evidence -> reconcile -> retry only under documented semantics.,PVT-SP014-FLOW-002,APPROVED
SP014-BR-001,SP014,BR,P0,Audit events cannot be edited by normal business roles.,SP014-TEST-BR-01;PVT-SP014-BR-001,APPROVED
SP014-BR-002,SP014,BR,P0,"Actor, tenant, correlation and target identity are preserved.",SP014-TEST-BR-02;PVT-SP014-BR-002,APPROVED
SP014-DATA-001,SP014,DATA,P1,"Persist only the authoritative identifiers/configuration/evidence needed by Audit trail and change history, with organization/company scope and lifecycle metadata where applicable.",PVT-SP014-DATA-001,APPROVED
SP014-DATA-002,SP014,DATA,P1,"Define retention, archival, effective-dating/version and deletion semantics for Audit trail and change history; never infer historical truth from current configuration alone.",PVT-SP014-DATA-002,APPROVED
SP014-VAL-001,SP014,VAL,P1,"Validate organization/company/scope, lifecycle state and all required identifiers before executing Audit trail and change history.",SP014-TEST-VAL-01;PVT-SP014-VAL-001,APPROVED
SP014-VAL-002,SP014,VAL,P1,"Reject malformed, stale, unauthorized, duplicate or policy-incompatible input with typed actionable errors.",SP014-TEST-VAL-02;PVT-SP014-VAL-002,APPROVED
SP014-CALC-001,SP014,CALC,P1,"Any counts, quotas, time windows, retry schedules, usage metrics or derived values in Audit trail and change history use explicit deterministic precision/rounding/timezone rules; otherwise mark calculation not applicable.",PVT-SP014-CALC-001,APPROVED
SP014-UX-001,SP014,UX,P1,Provide discoverable administration/operation UX for Audit trail and change history with role-appropriate views and safe defaults.,PVT-SP014-UX-001,APPROVED
SP014-UX-002,SP014,UX,P1,"Define loading, empty, error, forbidden, stale, conflict, retry and partial-failure states for Audit trail and change history.",PVT-SP014-UX-002,APPROVED
SP014-UX-003,SP014,UX,P1,"Preserve keyboard, responsive and mobile parity for critical Audit trail and change history actions or explicitly classify them as not applicable.",PVT-SP014-UX-003,APPROVED
SP014-SEC-001,SP014,SEC,P0,"Audit deletion, sensitive data leakage, missing correlation and forged actor context are primary threats.",SP014-TEST-SEC-01;PVT-SP014-SEC-001,APPROVED
SP014-SEC-002,SP014,SEC,P0,"Enforce least privilege, tenant/company/record scope, sensitive-field minimization and security-negative tests for Audit trail and change history.",SP014-TEST-SEC-02;PVT-SP014-SEC-002,APPROVED
SP014-AUTO-001,SP014,AUTO,P1,"Automation involving Audit trail and change history executes through the same public commands, authorization and idempotency controls as human-triggered actions.",PVT-SP014-AUTO-001,APPROVED
SP014-APP-001,SP014,APP,P1,Changes to high-impact Audit trail and change history policy/configuration require maker-checker or privileged approval where the risk classification demands it; self-approval is explicitly governed.,PVT-SP014-APP-001,APPROVED
SP014-NOTIF-001,SP014,NOTIF,P1,"Generate notifications for actionable failures, approvals, expirations or security events from Audit trail and change history according to centralized preference/mandatory-notice policy.",PVT-SP014-NOTIF-001,APPROVED
SP014-REP-001,SP014,REP,P1,"Expose authorized operational reporting for Audit trail and change history: health, usage, exceptions, policy state, SLA/SLO or audit evidence as applicable, with drill-down to source.",PVT-SP014-REP-001,APPROVED
SP014-AI-001,SP014,AI,P1,AI may explain or assist with Audit trail and change history only from authorized context; it cannot bypass its deterministic security/policy controls or directly mutate authoritative storage.,PVT-SP014-AI-001,APPROVED
SP014-INT-001,SP014,INT,P0,Business modules consume Audit trail and change history through documented public contracts and never reimplement a weaker local variant.,SP014-TEST-INT-01;PVT-SP014-INT-001,APPROVED
SP014-INT-002,SP014,INT,P0,"Cross-service/job/integration use of Audit trail and change history carries trusted tenant context, correlation, retry and reconciliation semantics.",SP014-TEST-INT-02;PVT-SP014-INT-002,APPROVED
SP014-API-001,SP014,API,P0,"Define authenticated/versioned command and query contracts for Audit trail and change history where externally or cross-layer accessible, with object/function/property authorization.",SP014-TEST-API-01;PVT-SP014-API-001,APPROVED
SP014-API-002,SP014,API,P0,API errors for Audit trail and change history are typed/actionable and unsafe retries use explicit idempotency keys or preconditions when needed.,SP014-TEST-API-02;PVT-SP014-API-002,APPROVED
SP014-PERF-001,SP014,PERF,P1,"Define latency/throughput/cardinality/volume budgets for Audit trail and change history; expensive global operations use pagination, batching, asynchronous execution or read models as appropriate.",SP014-TEST-PERF-01;PVT-SP014-PERF-001,APPROVED
SP014-OBS-001,SP014,OBS,P1,Emit correlation-aware logs/metrics/traces and business diagnostics for Audit trail and change history without secrets/PII leakage; failures are alertable and reconcilable.,SP014-TEST-OBS-01;PVT-SP014-OBS-001,APPROVED
SP014-E2E-001,SP014,E2E,P1,E2E happy-path proves Audit trail and change history works for an authorized tenant/user and produces expected visible/data/audit outcomes.,SP014-TEST-E2E-01;PVT-SP014-E2E-001,APPROVED
SP014-E2E-002,SP014,E2E,P1,"E2E negative/recovery path proves unauthorized, duplicate, stale or dependency-failure behavior for Audit trail and change history without cross-tenant or partial-state leakage.",SP014-TEST-E2E-02;PVT-SP014-E2E-002,APPROVED
SP014-UAT-001,SP014,UAT,P1,"Human UAT validates primary operator/admin workflow, visible states and evidence for Audit trail and change history.",SP014-UAT-01;PVT-SP014-UAT-001,APPROVED
SP014-UAT-002,SP014,UAT,P1,Human UAT validates at least one failure/recovery/permission scenario and confirms documentation matches actual operator expectations for Audit trail and change history.,SP014-UAT-02;PVT-SP014-UAT-002,APPROVED
SP015-CAP-001,SP015,CAP,P0,"Provide a reusable platform capability for Domain events, transactional outbox and event delivery.",PVT-SP015-CAP-001,APPROVED
SP015-CAP-002,SP015,CAP,P0,"Expose Domain events, transactional outbox and event delivery through stable public contracts rather than module-private shortcuts.",PVT-SP015-CAP-002,APPROVED
SP015-CAP-003,SP015,CAP,P0,"Make Domain events, transactional outbox and event delivery observable, testable and independently governable across all applicable modules.",PVT-SP015-CAP-003,APPROVED
SP015-FR-001,SP015,FR,P0,"Provide reliable domain-event publication from committed state with transactionally consistent outbox, stable event identity and consumer idempotency.",PVT-SP015-FR-001,APPROVED
SP015-FR-002,SP015,FR,P0,Domain write -> outbox -> dispatcher -> consumer -> acknowledgement -> retry/dead letter -> reconciliation.,PVT-SP015-FR-002,APPROVED
SP015-FR-003,SP015,FR,P0,"Support administrative configuration, normal operation, failure/recovery and auditable lifecycle for Domain events, transactional outbox and event delivery.",PVT-SP015-FR-003,APPROVED
SP015-US-001,SP015,US,P1,"As an authorized operator, I can use Domain events, transactional outbox and event delivery without requiring module-specific duplicate implementations.",PVT-SP015-US-001,APPROVED
SP015-US-002,SP015,US,P1,"As a security/operations reviewer, I can prove Domain events, transactional outbox and event delivery respects tenant scope, policy, audit and recovery controls.",PVT-SP015-US-002,APPROVED
SP015-FLOW-001,SP015,FLOW,P1,Domain write -> outbox -> dispatcher -> consumer -> acknowledgement -> retry/dead letter -> reconciliation.,PVT-SP015-FLOW-001,APPROVED
SP015-FLOW-002,SP015,FLOW,P1,Failure/retry flow: detect invalid/stale/duplicate/concurrent state -> reject or queue recovery -> preserve evidence -> reconcile -> retry only under documented semantics.,PVT-SP015-FLOW-002,APPROVED
SP015-BR-001,SP015,BR,P0,Business commit and required outbox record share a transaction.,SP015-TEST-BR-01;PVT-SP015-BR-001,APPROVED
SP015-BR-002,SP015,BR,P0,Event IDs are stable across retries.,SP015-TEST-BR-02;PVT-SP015-BR-002,APPROVED
SP015-DATA-001,SP015,DATA,P1,"Persist only the authoritative identifiers/configuration/evidence needed by Domain events, transactional outbox and event delivery, with organization/company scope and lifecycle metadata where applicable.",PVT-SP015-DATA-001,APPROVED
SP015-DATA-002,SP015,DATA,P1,"Define retention, archival, effective-dating/version and deletion semantics for Domain events, transactional outbox and event delivery; never infer historical truth from current configuration alone.",PVT-SP015-DATA-002,APPROVED
SP015-VAL-001,SP015,VAL,P1,"Validate organization/company/scope, lifecycle state and all required identifiers before executing Domain events, transactional outbox and event delivery.",SP015-TEST-VAL-01;PVT-SP015-VAL-001,APPROVED
SP015-VAL-002,SP015,VAL,P1,"Reject malformed, stale, unauthorized, duplicate or policy-incompatible input with typed actionable errors.",SP015-TEST-VAL-02;PVT-SP015-VAL-002,APPROVED
SP015-CALC-001,SP015,CALC,P1,"Any counts, quotas, time windows, retry schedules, usage metrics or derived values in Domain events, transactional outbox and event delivery use explicit deterministic precision/rounding/timezone rules; otherwise mark calculation not applicable.",PVT-SP015-CALC-001,APPROVED
SP015-UX-001,SP015,UX,P1,"Provide discoverable administration/operation UX for Domain events, transactional outbox and event delivery with role-appropriate views and safe defaults.",PVT-SP015-UX-001,APPROVED
SP015-UX-002,SP015,UX,P1,"Define loading, empty, error, forbidden, stale, conflict, retry and partial-failure states for Domain events, transactional outbox and event delivery.",PVT-SP015-UX-002,APPROVED
SP015-UX-003,SP015,UX,P1,"Preserve keyboard, responsive and mobile parity for critical Domain events, transactional outbox and event delivery actions or explicitly classify them as not applicable.",PVT-SP015-UX-003,APPROVED
SP015-SEC-001,SP015,SEC,P0,"Lost events, duplicate effects, reordered assumptions and cross-tenant event routing are primary threats.",SP015-TEST-SEC-01;PVT-SP015-SEC-001,APPROVED
SP015-SEC-002,SP015,SEC,P0,"Enforce least privilege, tenant/company/record scope, sensitive-field minimization and security-negative tests for Domain events, transactional outbox and event delivery.",SP015-TEST-SEC-02;PVT-SP015-SEC-002,APPROVED
SP015-AUTO-001,SP015,AUTO,P1,"Automation involving Domain events, transactional outbox and event delivery executes through the same public commands, authorization and idempotency controls as human-triggered actions.",PVT-SP015-AUTO-001,APPROVED
SP015-APP-001,SP015,APP,P1,"Changes to high-impact Domain events, transactional outbox and event delivery policy/configuration require maker-checker or privileged approval where the risk classification demands it; self-approval is explicitly governed.",PVT-SP015-APP-001,APPROVED
SP015-NOTIF-001,SP015,NOTIF,P1,"Generate notifications for actionable failures, approvals, expirations or security events from Domain events, transactional outbox and event delivery according to centralized preference/mandatory-notice policy.",PVT-SP015-NOTIF-001,APPROVED
SP015-REP-001,SP015,REP,P1,"Expose authorized operational reporting for Domain events, transactional outbox and event delivery: health, usage, exceptions, policy state, SLA/SLO or audit evidence as applicable, with drill-down to source.",PVT-SP015-REP-001,APPROVED
SP015-AI-001,SP015,AI,P1,"AI may explain or assist with Domain events, transactional outbox and event delivery only from authorized context; it cannot bypass its deterministic security/policy controls or directly mutate authoritative storage.",PVT-SP015-AI-001,APPROVED
SP015-INT-001,SP015,INT,P0,"Business modules consume Domain events, transactional outbox and event delivery through documented public contracts and never reimplement a weaker local variant.",SP015-TEST-INT-01;PVT-SP015-INT-001,APPROVED
SP015-INT-002,SP015,INT,P0,"Cross-service/job/integration use of Domain events, transactional outbox and event delivery carries trusted tenant context, correlation, retry and reconciliation semantics.",SP015-TEST-INT-02;PVT-SP015-INT-002,APPROVED
SP015-API-001,SP015,API,P0,"Define authenticated/versioned command and query contracts for Domain events, transactional outbox and event delivery where externally or cross-layer accessible, with object/function/property authorization.",SP015-TEST-API-01;PVT-SP015-API-001,APPROVED
SP015-API-002,SP015,API,P0,"API errors for Domain events, transactional outbox and event delivery are typed/actionable and unsafe retries use explicit idempotency keys or preconditions when needed.",SP015-TEST-API-02;PVT-SP015-API-002,APPROVED
SP015-PERF-001,SP015,PERF,P1,"Define latency/throughput/cardinality/volume budgets for Domain events, transactional outbox and event delivery; expensive global operations use pagination, batching, asynchronous execution or read models as appropriate.",SP015-TEST-PERF-01;PVT-SP015-PERF-001,APPROVED
SP015-OBS-001,SP015,OBS,P1,"Emit correlation-aware logs/metrics/traces and business diagnostics for Domain events, transactional outbox and event delivery without secrets/PII leakage; failures are alertable and reconcilable.",SP015-TEST-OBS-01;PVT-SP015-OBS-001,APPROVED
SP015-E2E-001,SP015,E2E,P1,"E2E happy-path proves Domain events, transactional outbox and event delivery works for an authorized tenant/user and produces expected visible/data/audit outcomes.",SP015-TEST-E2E-01;PVT-SP015-E2E-001,APPROVED
SP015-E2E-002,SP015,E2E,P1,"E2E negative/recovery path proves unauthorized, duplicate, stale or dependency-failure behavior for Domain events, transactional outbox and event delivery without cross-tenant or partial-state leakage.",SP015-TEST-E2E-02;PVT-SP015-E2E-002,APPROVED
SP015-UAT-001,SP015,UAT,P1,"Human UAT validates primary operator/admin workflow, visible states and evidence for Domain events, transactional outbox and event delivery.",SP015-UAT-01;PVT-SP015-UAT-001,APPROVED
SP015-UAT-002,SP015,UAT,P1,"Human UAT validates at least one failure/recovery/permission scenario and confirms documentation matches actual operator expectations for Domain events, transactional outbox and event delivery.",SP015-UAT-02;PVT-SP015-UAT-002,APPROVED
SP016-CAP-001,SP016,CAP,P0,"Provide a reusable platform capability for Background jobs, scheduling, retries and dead letters.",PVT-SP016-CAP-001,APPROVED
SP016-CAP-002,SP016,CAP,P0,"Expose Background jobs, scheduling, retries and dead letters through stable public contracts rather than module-private shortcuts.",PVT-SP016-CAP-002,APPROVED
SP016-CAP-003,SP016,CAP,P0,"Make Background jobs, scheduling, retries and dead letters observable, testable and independently governable across all applicable modules.",PVT-SP016-CAP-003,APPROVED
SP016-FR-001,SP016,FR,P0,"Run durable asynchronous and scheduled jobs with tenant-safe context, idempotency classification, bounded retry/backoff and inspectable dead-letter/exception state.",PVT-SP016-FR-001,APPROVED
SP016-FR-002,SP016,FR,P0,Enqueue/schedule -> claim -> establish tenant context -> execute -> success or bounded retry -> dead letter -> operator retry/reconcile.,PVT-SP016-FR-002,APPROVED
SP016-FR-003,SP016,FR,P0,"Support administrative configuration, normal operation, failure/recovery and auditable lifecycle for Background jobs, scheduling, retries and dead letters.",PVT-SP016-FR-003,APPROVED
SP016-US-001,SP016,US,P1,"As an authorized operator, I can use Background jobs, scheduling, retries and dead letters without requiring module-specific duplicate implementations.",PVT-SP016-US-001,APPROVED
SP016-US-002,SP016,US,P1,"As a security/operations reviewer, I can prove Background jobs, scheduling, retries and dead letters respects tenant scope, policy, audit and recovery controls.",PVT-SP016-US-002,APPROVED
SP016-FLOW-001,SP016,FLOW,P1,Enqueue/schedule -> claim -> establish tenant context -> execute -> success or bounded retry -> dead letter -> operator retry/reconcile.,PVT-SP016-FLOW-001,APPROVED
SP016-FLOW-002,SP016,FLOW,P1,Failure/retry flow: detect invalid/stale/duplicate/concurrent state -> reject or queue recovery -> preserve evidence -> reconcile -> retry only under documented semantics.,PVT-SP016-FLOW-002,APPROVED
SP016-BR-001,SP016,BR,P0,Worker tenant scope comes from trusted persisted job metadata.,SP016-TEST-BR-01;PVT-SP016-BR-001,APPROVED
SP016-BR-002,SP016,BR,P0,Every handler declares retry/idempotency behavior.,SP016-TEST-BR-02;PVT-SP016-BR-002,APPROVED
SP016-DATA-001,SP016,DATA,P1,"Persist only the authoritative identifiers/configuration/evidence needed by Background jobs, scheduling, retries and dead letters, with organization/company scope and lifecycle metadata where applicable.",PVT-SP016-DATA-001,APPROVED
SP016-DATA-002,SP016,DATA,P1,"Define retention, archival, effective-dating/version and deletion semantics for Background jobs, scheduling, retries and dead letters; never infer historical truth from current configuration alone.",PVT-SP016-DATA-002,APPROVED
SP016-VAL-001,SP016,VAL,P1,"Validate organization/company/scope, lifecycle state and all required identifiers before executing Background jobs, scheduling, retries and dead letters.",SP016-TEST-VAL-01;PVT-SP016-VAL-001,APPROVED
SP016-VAL-002,SP016,VAL,P1,"Reject malformed, stale, unauthorized, duplicate or policy-incompatible input with typed actionable errors.",SP016-TEST-VAL-02;PVT-SP016-VAL-002,APPROVED
SP016-CALC-001,SP016,CALC,P1,"Any counts, quotas, time windows, retry schedules, usage metrics or derived values in Background jobs, scheduling, retries and dead letters use explicit deterministic precision/rounding/timezone rules; otherwise mark calculation not applicable.",PVT-SP016-CALC-001,APPROVED
SP016-UX-001,SP016,UX,P1,"Provide discoverable administration/operation UX for Background jobs, scheduling, retries and dead letters with role-appropriate views and safe defaults.",PVT-SP016-UX-001,APPROVED
SP016-UX-002,SP016,UX,P1,"Define loading, empty, error, forbidden, stale, conflict, retry and partial-failure states for Background jobs, scheduling, retries and dead letters.",PVT-SP016-UX-002,APPROVED
SP016-UX-003,SP016,UX,P1,"Preserve keyboard, responsive and mobile parity for critical Background jobs, scheduling, retries and dead letters actions or explicitly classify them as not applicable.",PVT-SP016-UX-003,APPROVED
SP016-SEC-001,SP016,SEC,P0,"Poison jobs, infinite retry, duplicate side effects, tenant spoofing and silent failure are primary threats.",SP016-TEST-SEC-01;PVT-SP016-SEC-001,APPROVED
SP016-SEC-002,SP016,SEC,P0,"Enforce least privilege, tenant/company/record scope, sensitive-field minimization and security-negative tests for Background jobs, scheduling, retries and dead letters.",SP016-TEST-SEC-02;PVT-SP016-SEC-002,APPROVED
SP016-AUTO-001,SP016,AUTO,P1,"Automation involving Background jobs, scheduling, retries and dead letters executes through the same public commands, authorization and idempotency controls as human-triggered actions.",PVT-SP016-AUTO-001,APPROVED
SP016-APP-001,SP016,APP,P1,"Changes to high-impact Background jobs, scheduling, retries and dead letters policy/configuration require maker-checker or privileged approval where the risk classification demands it; self-approval is explicitly governed.",PVT-SP016-APP-001,APPROVED
SP016-NOTIF-001,SP016,NOTIF,P1,"Generate notifications for actionable failures, approvals, expirations or security events from Background jobs, scheduling, retries and dead letters according to centralized preference/mandatory-notice policy.",PVT-SP016-NOTIF-001,APPROVED
SP016-REP-001,SP016,REP,P1,"Expose authorized operational reporting for Background jobs, scheduling, retries and dead letters: health, usage, exceptions, policy state, SLA/SLO or audit evidence as applicable, with drill-down to source.",PVT-SP016-REP-001,APPROVED
SP016-AI-001,SP016,AI,P1,"AI may explain or assist with Background jobs, scheduling, retries and dead letters only from authorized context; it cannot bypass its deterministic security/policy controls or directly mutate authoritative storage.",PVT-SP016-AI-001,APPROVED
SP016-INT-001,SP016,INT,P0,"Business modules consume Background jobs, scheduling, retries and dead letters through documented public contracts and never reimplement a weaker local variant.",SP016-TEST-INT-01;PVT-SP016-INT-001,APPROVED
SP016-INT-002,SP016,INT,P0,"Cross-service/job/integration use of Background jobs, scheduling, retries and dead letters carries trusted tenant context, correlation, retry and reconciliation semantics.",SP016-TEST-INT-02;PVT-SP016-INT-002,APPROVED
SP016-API-001,SP016,API,P0,"Define authenticated/versioned command and query contracts for Background jobs, scheduling, retries and dead letters where externally or cross-layer accessible, with object/function/property authorization.",SP016-TEST-API-01;PVT-SP016-API-001,APPROVED
SP016-API-002,SP016,API,P0,"API errors for Background jobs, scheduling, retries and dead letters are typed/actionable and unsafe retries use explicit idempotency keys or preconditions when needed.",SP016-TEST-API-02;PVT-SP016-API-002,APPROVED
SP016-PERF-001,SP016,PERF,P1,"Define latency/throughput/cardinality/volume budgets for Background jobs, scheduling, retries and dead letters; expensive global operations use pagination, batching, asynchronous execution or read models as appropriate.",SP016-TEST-PERF-01;PVT-SP016-PERF-001,APPROVED
SP016-OBS-001,SP016,OBS,P1,"Emit correlation-aware logs/metrics/traces and business diagnostics for Background jobs, scheduling, retries and dead letters without secrets/PII leakage; failures are alertable and reconcilable.",SP016-TEST-OBS-01;PVT-SP016-OBS-001,APPROVED
SP016-E2E-001,SP016,E2E,P1,"E2E happy-path proves Background jobs, scheduling, retries and dead letters works for an authorized tenant/user and produces expected visible/data/audit outcomes.",SP016-TEST-E2E-01;PVT-SP016-E2E-001,APPROVED
SP016-E2E-002,SP016,E2E,P1,"E2E negative/recovery path proves unauthorized, duplicate, stale or dependency-failure behavior for Background jobs, scheduling, retries and dead letters without cross-tenant or partial-state leakage.",SP016-TEST-E2E-02;PVT-SP016-E2E-002,APPROVED
SP016-UAT-001,SP016,UAT,P1,"Human UAT validates primary operator/admin workflow, visible states and evidence for Background jobs, scheduling, retries and dead letters.",SP016-UAT-01;PVT-SP016-UAT-001,APPROVED
SP016-UAT-002,SP016,UAT,P1,"Human UAT validates at least one failure/recovery/permission scenario and confirms documentation matches actual operator expectations for Background jobs, scheduling, retries and dead letters.",SP016-UAT-02;PVT-SP016-UAT-002,APPROVED
SP017-CAP-001,SP017,CAP,P1,Provide a reusable platform capability for Notifications and preference center.,PVT-SP017-CAP-001,APPROVED
SP017-CAP-002,SP017,CAP,P1,Expose Notifications and preference center through stable public contracts rather than module-private shortcuts.,PVT-SP017-CAP-002,APPROVED
SP017-CAP-003,SP017,CAP,P1,"Make Notifications and preference center observable, testable and independently governable across all applicable modules.",PVT-SP017-CAP-003,APPROVED
SP017-FR-001,SP017,FR,P1,"Provide in-app/push/email notification intents, user preferences, mandatory-system notices and delivery status without embedding notification logic in every module.",PVT-SP017-FR-001,APPROVED
SP017-FR-002,SP017,FR,P1,Module emits notification intent -> preference/policy resolution -> channel delivery -> status/bounce/failure -> user read/action.,PVT-SP017-FR-002,APPROVED
SP017-FR-003,SP017,FR,P1,"Support administrative configuration, normal operation, failure/recovery and auditable lifecycle for Notifications and preference center.",PVT-SP017-FR-003,APPROVED
SP017-US-001,SP017,US,P1,"As an authorized operator, I can use Notifications and preference center without requiring module-specific duplicate implementations.",PVT-SP017-US-001,APPROVED
SP017-US-002,SP017,US,P1,"As a security/operations reviewer, I can prove Notifications and preference center respects tenant scope, policy, audit and recovery controls.",PVT-SP017-US-002,APPROVED
SP017-FLOW-001,SP017,FLOW,P1,Module emits notification intent -> preference/policy resolution -> channel delivery -> status/bounce/failure -> user read/action.,PVT-SP017-FLOW-001,APPROVED
SP017-FLOW-002,SP017,FLOW,P1,Failure/retry flow: detect invalid/stale/duplicate/concurrent state -> reject or queue recovery -> preserve evidence -> reconcile -> retry only under documented semantics.,PVT-SP017-FLOW-002,APPROVED
SP017-BR-001,SP017,BR,P1,Business event and delivery are separate states.,SP017-TEST-BR-01;PVT-SP017-BR-001,APPROVED
SP017-BR-002,SP017,BR,P1,Retries never duplicate mandatory side effects beyond delivery semantics.,SP017-TEST-BR-02;PVT-SP017-BR-002,APPROVED
SP017-DATA-001,SP017,DATA,P1,"Persist only the authoritative identifiers/configuration/evidence needed by Notifications and preference center, with organization/company scope and lifecycle metadata where applicable.",PVT-SP017-DATA-001,APPROVED
SP017-DATA-002,SP017,DATA,P1,"Define retention, archival, effective-dating/version and deletion semantics for Notifications and preference center; never infer historical truth from current configuration alone.",PVT-SP017-DATA-002,APPROVED
SP017-VAL-001,SP017,VAL,P1,"Validate organization/company/scope, lifecycle state and all required identifiers before executing Notifications and preference center.",SP017-TEST-VAL-01;PVT-SP017-VAL-001,APPROVED
SP017-VAL-002,SP017,VAL,P1,"Reject malformed, stale, unauthorized, duplicate or policy-incompatible input with typed actionable errors.",SP017-TEST-VAL-02;PVT-SP017-VAL-002,APPROVED
SP017-CALC-001,SP017,CALC,P1,"Any counts, quotas, time windows, retry schedules, usage metrics or derived values in Notifications and preference center use explicit deterministic precision/rounding/timezone rules; otherwise mark calculation not applicable.",PVT-SP017-CALC-001,APPROVED
SP017-UX-001,SP017,UX,P1,Provide discoverable administration/operation UX for Notifications and preference center with role-appropriate views and safe defaults.,PVT-SP017-UX-001,APPROVED
SP017-UX-002,SP017,UX,P1,"Define loading, empty, error, forbidden, stale, conflict, retry and partial-failure states for Notifications and preference center.",PVT-SP017-UX-002,APPROVED
SP017-UX-003,SP017,UX,P1,"Preserve keyboard, responsive and mobile parity for critical Notifications and preference center actions or explicitly classify them as not applicable.",PVT-SP017-UX-003,APPROVED
SP017-SEC-001,SP017,SEC,P1,"Notification spam, private-data leakage, preference bypass and duplicate delivery are primary threats.",SP017-TEST-SEC-01;PVT-SP017-SEC-001,APPROVED
SP017-SEC-002,SP017,SEC,P1,"Enforce least privilege, tenant/company/record scope, sensitive-field minimization and security-negative tests for Notifications and preference center.",SP017-TEST-SEC-02;PVT-SP017-SEC-002,APPROVED
SP017-AUTO-001,SP017,AUTO,P1,"Automation involving Notifications and preference center executes through the same public commands, authorization and idempotency controls as human-triggered actions.",PVT-SP017-AUTO-001,APPROVED
SP017-APP-001,SP017,APP,P1,Changes to high-impact Notifications and preference center policy/configuration require maker-checker or privileged approval where the risk classification demands it; self-approval is explicitly governed.,PVT-SP017-APP-001,APPROVED
SP017-NOTIF-001,SP017,NOTIF,P1,"Generate notifications for actionable failures, approvals, expirations or security events from Notifications and preference center according to centralized preference/mandatory-notice policy.",PVT-SP017-NOTIF-001,APPROVED
SP017-REP-001,SP017,REP,P1,"Expose authorized operational reporting for Notifications and preference center: health, usage, exceptions, policy state, SLA/SLO or audit evidence as applicable, with drill-down to source.",PVT-SP017-REP-001,APPROVED
SP017-AI-001,SP017,AI,P1,AI may explain or assist with Notifications and preference center only from authorized context; it cannot bypass its deterministic security/policy controls or directly mutate authoritative storage.,PVT-SP017-AI-001,APPROVED
SP017-INT-001,SP017,INT,P1,Business modules consume Notifications and preference center through documented public contracts and never reimplement a weaker local variant.,SP017-TEST-INT-01;PVT-SP017-INT-001,APPROVED
SP017-INT-002,SP017,INT,P1,"Cross-service/job/integration use of Notifications and preference center carries trusted tenant context, correlation, retry and reconciliation semantics.",SP017-TEST-INT-02;PVT-SP017-INT-002,APPROVED
SP017-API-001,SP017,API,P1,"Define authenticated/versioned command and query contracts for Notifications and preference center where externally or cross-layer accessible, with object/function/property authorization.",SP017-TEST-API-01;PVT-SP017-API-001,APPROVED
SP017-API-002,SP017,API,P1,API errors for Notifications and preference center are typed/actionable and unsafe retries use explicit idempotency keys or preconditions when needed.,SP017-TEST-API-02;PVT-SP017-API-002,APPROVED
SP017-PERF-001,SP017,PERF,P1,"Define latency/throughput/cardinality/volume budgets for Notifications and preference center; expensive global operations use pagination, batching, asynchronous execution or read models as appropriate.",SP017-TEST-PERF-01;PVT-SP017-PERF-001,APPROVED
SP017-OBS-001,SP017,OBS,P1,Emit correlation-aware logs/metrics/traces and business diagnostics for Notifications and preference center without secrets/PII leakage; failures are alertable and reconcilable.,SP017-TEST-OBS-01;PVT-SP017-OBS-001,APPROVED
SP017-E2E-001,SP017,E2E,P1,E2E happy-path proves Notifications and preference center works for an authorized tenant/user and produces expected visible/data/audit outcomes.,SP017-TEST-E2E-01;PVT-SP017-E2E-001,APPROVED
SP017-E2E-002,SP017,E2E,P1,"E2E negative/recovery path proves unauthorized, duplicate, stale or dependency-failure behavior for Notifications and preference center without cross-tenant or partial-state leakage.",SP017-TEST-E2E-02;PVT-SP017-E2E-002,APPROVED
SP017-UAT-001,SP017,UAT,P1,"Human UAT validates primary operator/admin workflow, visible states and evidence for Notifications and preference center.",SP017-UAT-01;PVT-SP017-UAT-001,APPROVED
SP017-UAT-002,SP017,UAT,P1,Human UAT validates at least one failure/recovery/permission scenario and confirms documentation matches actual operator expectations for Notifications and preference center.,SP017-UAT-02;PVT-SP017-UAT-002,APPROVED
SP018-CAP-001,SP018,CAP,P1,Provide a reusable platform capability for Email delivery and inbound-mail platform.,PVT-SP018-CAP-001,APPROVED
SP018-CAP-002,SP018,CAP,P1,Expose Email delivery and inbound-mail platform through stable public contracts rather than module-private shortcuts.,PVT-SP018-CAP-002,APPROVED
SP018-CAP-003,SP018,CAP,P1,"Make Email delivery and inbound-mail platform observable, testable and independently governable across all applicable modules.",PVT-SP018-CAP-003,APPROVED
SP018-FR-001,SP018,FR,P1,"Provide authenticated outbound email, templates, threading metadata, bounce/delivery handling and safe inbound ingestion for modules such as Support.",PVT-SP018-FR-001,APPROVED
SP018-FR-002,SP018,FR,P1,Compose -> template/render -> enqueue -> SMTP/provider -> delivery/bounce; inbound -> authenticate/parse -> dedupe -> route to module contract.,PVT-SP018-FR-002,APPROVED
SP018-FR-003,SP018,FR,P1,"Support administrative configuration, normal operation, failure/recovery and auditable lifecycle for Email delivery and inbound-mail platform.",PVT-SP018-FR-003,APPROVED
SP018-US-001,SP018,US,P1,"As an authorized operator, I can use Email delivery and inbound-mail platform without requiring module-specific duplicate implementations.",PVT-SP018-US-001,APPROVED
SP018-US-002,SP018,US,P1,"As a security/operations reviewer, I can prove Email delivery and inbound-mail platform respects tenant scope, policy, audit and recovery controls.",PVT-SP018-US-002,APPROVED
SP018-FLOW-001,SP018,FLOW,P1,Compose -> template/render -> enqueue -> SMTP/provider -> delivery/bounce; inbound -> authenticate/parse -> dedupe -> route to module contract.,PVT-SP018-FLOW-001,APPROVED
SP018-FLOW-002,SP018,FLOW,P1,Failure/retry flow: detect invalid/stale/duplicate/concurrent state -> reject or queue recovery -> preserve evidence -> reconcile -> retry only under documented semantics.,PVT-SP018-FLOW-002,APPROVED
SP018-BR-001,SP018,BR,P1,Outbound sender identity and secrets are centrally controlled.,SP018-TEST-BR-01;PVT-SP018-BR-001,APPROVED
SP018-BR-002,SP018,BR,P1,Inbound messages are deduplicated by stable message/thread identifiers.,SP018-TEST-BR-02;PVT-SP018-BR-002,APPROVED
SP018-DATA-001,SP018,DATA,P1,"Persist only the authoritative identifiers/configuration/evidence needed by Email delivery and inbound-mail platform, with organization/company scope and lifecycle metadata where applicable.",PVT-SP018-DATA-001,APPROVED
SP018-DATA-002,SP018,DATA,P1,"Define retention, archival, effective-dating/version and deletion semantics for Email delivery and inbound-mail platform; never infer historical truth from current configuration alone.",PVT-SP018-DATA-002,APPROVED
SP018-VAL-001,SP018,VAL,P1,"Validate organization/company/scope, lifecycle state and all required identifiers before executing Email delivery and inbound-mail platform.",SP018-TEST-VAL-01;PVT-SP018-VAL-001,APPROVED
SP018-VAL-002,SP018,VAL,P1,"Reject malformed, stale, unauthorized, duplicate or policy-incompatible input with typed actionable errors.",SP018-TEST-VAL-02;PVT-SP018-VAL-002,APPROVED
SP018-CALC-001,SP018,CALC,P1,"Any counts, quotas, time windows, retry schedules, usage metrics or derived values in Email delivery and inbound-mail platform use explicit deterministic precision/rounding/timezone rules; otherwise mark calculation not applicable.",PVT-SP018-CALC-001,APPROVED
SP018-UX-001,SP018,UX,P1,Provide discoverable administration/operation UX for Email delivery and inbound-mail platform with role-appropriate views and safe defaults.,PVT-SP018-UX-001,APPROVED
SP018-UX-002,SP018,UX,P1,"Define loading, empty, error, forbidden, stale, conflict, retry and partial-failure states for Email delivery and inbound-mail platform.",PVT-SP018-UX-002,APPROVED
SP018-UX-003,SP018,UX,P1,"Preserve keyboard, responsive and mobile parity for critical Email delivery and inbound-mail platform actions or explicitly classify them as not applicable.",PVT-SP018-UX-003,APPROVED
SP018-SEC-001,SP018,SEC,P1,"Spoofing, mail loops, header injection, content injection, attachment malware and duplicate ingestion are primary threats.",SP018-TEST-SEC-01;PVT-SP018-SEC-001,APPROVED
SP018-SEC-002,SP018,SEC,P1,"Enforce least privilege, tenant/company/record scope, sensitive-field minimization and security-negative tests for Email delivery and inbound-mail platform.",SP018-TEST-SEC-02;PVT-SP018-SEC-002,APPROVED
SP018-AUTO-001,SP018,AUTO,P1,"Automation involving Email delivery and inbound-mail platform executes through the same public commands, authorization and idempotency controls as human-triggered actions.",PVT-SP018-AUTO-001,APPROVED
SP018-APP-001,SP018,APP,P1,Changes to high-impact Email delivery and inbound-mail platform policy/configuration require maker-checker or privileged approval where the risk classification demands it; self-approval is explicitly governed.,PVT-SP018-APP-001,APPROVED
SP018-NOTIF-001,SP018,NOTIF,P1,"Generate notifications for actionable failures, approvals, expirations or security events from Email delivery and inbound-mail platform according to centralized preference/mandatory-notice policy.",PVT-SP018-NOTIF-001,APPROVED
SP018-REP-001,SP018,REP,P1,"Expose authorized operational reporting for Email delivery and inbound-mail platform: health, usage, exceptions, policy state, SLA/SLO or audit evidence as applicable, with drill-down to source.",PVT-SP018-REP-001,APPROVED
SP018-AI-001,SP018,AI,P1,AI may explain or assist with Email delivery and inbound-mail platform only from authorized context; it cannot bypass its deterministic security/policy controls or directly mutate authoritative storage.,PVT-SP018-AI-001,APPROVED
SP018-INT-001,SP018,INT,P1,Business modules consume Email delivery and inbound-mail platform through documented public contracts and never reimplement a weaker local variant.,SP018-TEST-INT-01;PVT-SP018-INT-001,APPROVED
SP018-INT-002,SP018,INT,P1,"Cross-service/job/integration use of Email delivery and inbound-mail platform carries trusted tenant context, correlation, retry and reconciliation semantics.",SP018-TEST-INT-02;PVT-SP018-INT-002,APPROVED
SP018-API-001,SP018,API,P1,"Define authenticated/versioned command and query contracts for Email delivery and inbound-mail platform where externally or cross-layer accessible, with object/function/property authorization.",SP018-TEST-API-01;PVT-SP018-API-001,APPROVED
SP018-API-002,SP018,API,P1,API errors for Email delivery and inbound-mail platform are typed/actionable and unsafe retries use explicit idempotency keys or preconditions when needed.,SP018-TEST-API-02;PVT-SP018-API-002,APPROVED
SP018-PERF-001,SP018,PERF,P1,"Define latency/throughput/cardinality/volume budgets for Email delivery and inbound-mail platform; expensive global operations use pagination, batching, asynchronous execution or read models as appropriate.",SP018-TEST-PERF-01;PVT-SP018-PERF-001,APPROVED
SP018-OBS-001,SP018,OBS,P1,Emit correlation-aware logs/metrics/traces and business diagnostics for Email delivery and inbound-mail platform without secrets/PII leakage; failures are alertable and reconcilable.,SP018-TEST-OBS-01;PVT-SP018-OBS-001,APPROVED
SP018-E2E-001,SP018,E2E,P1,E2E happy-path proves Email delivery and inbound-mail platform works for an authorized tenant/user and produces expected visible/data/audit outcomes.,SP018-TEST-E2E-01;PVT-SP018-E2E-001,APPROVED
SP018-E2E-002,SP018,E2E,P1,"E2E negative/recovery path proves unauthorized, duplicate, stale or dependency-failure behavior for Email delivery and inbound-mail platform without cross-tenant or partial-state leakage.",SP018-TEST-E2E-02;PVT-SP018-E2E-002,APPROVED
SP018-UAT-001,SP018,UAT,P1,"Human UAT validates primary operator/admin workflow, visible states and evidence for Email delivery and inbound-mail platform.",SP018-UAT-01;PVT-SP018-UAT-001,APPROVED
SP018-UAT-002,SP018,UAT,P1,Human UAT validates at least one failure/recovery/permission scenario and confirms documentation matches actual operator expectations for Email delivery and inbound-mail platform.,SP018-UAT-02;PVT-SP018-UAT-002,APPROVED
SP019-CAP-001,SP019,CAP,P0,"Provide a reusable platform capability for Files, attachments and document security.",PVT-SP019-CAP-001,APPROVED
SP019-CAP-002,SP019,CAP,P0,"Expose Files, attachments and document security through stable public contracts rather than module-private shortcuts.",PVT-SP019-CAP-002,APPROVED
SP019-CAP-003,SP019,CAP,P0,"Make Files, attachments and document security observable, testable and independently governable across all applicable modules.",PVT-SP019-CAP-003,APPROVED
SP019-FR-001,SP019,FR,P0,"Store and serve tenant-scoped files with metadata, malware/content validation, signed/authorized retrieval, retention and immutable/versioned document evidence where needed.",PVT-SP019-FR-001,APPROVED
SP019-FR-002,SP019,FR,P0,Upload -> validate size/type -> quarantine/scan -> persist -> link record -> authorized download/preview -> version/archive/delete policy.,PVT-SP019-FR-002,APPROVED
SP019-FR-003,SP019,FR,P0,"Support administrative configuration, normal operation, failure/recovery and auditable lifecycle for Files, attachments and document security.",PVT-SP019-FR-003,APPROVED
SP019-US-001,SP019,US,P1,"As an authorized operator, I can use Files, attachments and document security without requiring module-specific duplicate implementations.",PVT-SP019-US-001,APPROVED
SP019-US-002,SP019,US,P1,"As a security/operations reviewer, I can prove Files, attachments and document security respects tenant scope, policy, audit and recovery controls.",PVT-SP019-US-002,APPROVED
SP019-FLOW-001,SP019,FLOW,P1,Upload -> validate size/type -> quarantine/scan -> persist -> link record -> authorized download/preview -> version/archive/delete policy.,PVT-SP019-FLOW-001,APPROVED
SP019-FLOW-002,SP019,FLOW,P1,Failure/retry flow: detect invalid/stale/duplicate/concurrent state -> reject or queue recovery -> preserve evidence -> reconcile -> retry only under documented semantics.,PVT-SP019-FLOW-002,APPROVED
SP019-BR-001,SP019,BR,P0,Possession of a URL is never sufficient authorization.,SP019-TEST-BR-01;PVT-SP019-BR-001,APPROVED
SP019-BR-002,SP019,BR,P0,File metadata and bytes share tenant/record ownership.,SP019-TEST-BR-02;PVT-SP019-BR-002,APPROVED
SP019-DATA-001,SP019,DATA,P1,"Persist only the authoritative identifiers/configuration/evidence needed by Files, attachments and document security, with organization/company scope and lifecycle metadata where applicable.",PVT-SP019-DATA-001,APPROVED
SP019-DATA-002,SP019,DATA,P1,"Define retention, archival, effective-dating/version and deletion semantics for Files, attachments and document security; never infer historical truth from current configuration alone.",PVT-SP019-DATA-002,APPROVED
SP019-VAL-001,SP019,VAL,P1,"Validate organization/company/scope, lifecycle state and all required identifiers before executing Files, attachments and document security.",SP019-TEST-VAL-01;PVT-SP019-VAL-001,APPROVED
SP019-VAL-002,SP019,VAL,P1,"Reject malformed, stale, unauthorized, duplicate or policy-incompatible input with typed actionable errors.",SP019-TEST-VAL-02;PVT-SP019-VAL-002,APPROVED
SP019-CALC-001,SP019,CALC,P1,"Any counts, quotas, time windows, retry schedules, usage metrics or derived values in Files, attachments and document security use explicit deterministic precision/rounding/timezone rules; otherwise mark calculation not applicable.",PVT-SP019-CALC-001,APPROVED
SP019-UX-001,SP019,UX,P1,"Provide discoverable administration/operation UX for Files, attachments and document security with role-appropriate views and safe defaults.",PVT-SP019-UX-001,APPROVED
SP019-UX-002,SP019,UX,P1,"Define loading, empty, error, forbidden, stale, conflict, retry and partial-failure states for Files, attachments and document security.",PVT-SP019-UX-002,APPROVED
SP019-UX-003,SP019,UX,P1,"Preserve keyboard, responsive and mobile parity for critical Files, attachments and document security actions or explicitly classify them as not applicable.",PVT-SP019-UX-003,APPROVED
SP019-SEC-001,SP019,SEC,P0,"Path traversal, malware, content-type confusion, IDOR, signed-URL leakage and PII retention are primary threats.",SP019-TEST-SEC-01;PVT-SP019-SEC-001,APPROVED
SP019-SEC-002,SP019,SEC,P0,"Enforce least privilege, tenant/company/record scope, sensitive-field minimization and security-negative tests for Files, attachments and document security.",SP019-TEST-SEC-02;PVT-SP019-SEC-002,APPROVED
SP019-AUTO-001,SP019,AUTO,P1,"Automation involving Files, attachments and document security executes through the same public commands, authorization and idempotency controls as human-triggered actions.",PVT-SP019-AUTO-001,APPROVED
SP019-APP-001,SP019,APP,P1,"Changes to high-impact Files, attachments and document security policy/configuration require maker-checker or privileged approval where the risk classification demands it; self-approval is explicitly governed.",PVT-SP019-APP-001,APPROVED
SP019-NOTIF-001,SP019,NOTIF,P1,"Generate notifications for actionable failures, approvals, expirations or security events from Files, attachments and document security according to centralized preference/mandatory-notice policy.",PVT-SP019-NOTIF-001,APPROVED
SP019-REP-001,SP019,REP,P1,"Expose authorized operational reporting for Files, attachments and document security: health, usage, exceptions, policy state, SLA/SLO or audit evidence as applicable, with drill-down to source.",PVT-SP019-REP-001,APPROVED
SP019-AI-001,SP019,AI,P1,"AI may explain or assist with Files, attachments and document security only from authorized context; it cannot bypass its deterministic security/policy controls or directly mutate authoritative storage.",PVT-SP019-AI-001,APPROVED
SP019-INT-001,SP019,INT,P0,"Business modules consume Files, attachments and document security through documented public contracts and never reimplement a weaker local variant.",SP019-TEST-INT-01;PVT-SP019-INT-001,APPROVED
SP019-INT-002,SP019,INT,P0,"Cross-service/job/integration use of Files, attachments and document security carries trusted tenant context, correlation, retry and reconciliation semantics.",SP019-TEST-INT-02;PVT-SP019-INT-002,APPROVED
SP019-API-001,SP019,API,P0,"Define authenticated/versioned command and query contracts for Files, attachments and document security where externally or cross-layer accessible, with object/function/property authorization.",SP019-TEST-API-01;PVT-SP019-API-001,APPROVED
SP019-API-002,SP019,API,P0,"API errors for Files, attachments and document security are typed/actionable and unsafe retries use explicit idempotency keys or preconditions when needed.",SP019-TEST-API-02;PVT-SP019-API-002,APPROVED
SP019-PERF-001,SP019,PERF,P1,"Define latency/throughput/cardinality/volume budgets for Files, attachments and document security; expensive global operations use pagination, batching, asynchronous execution or read models as appropriate.",SP019-TEST-PERF-01;PVT-SP019-PERF-001,APPROVED
SP019-OBS-001,SP019,OBS,P1,"Emit correlation-aware logs/metrics/traces and business diagnostics for Files, attachments and document security without secrets/PII leakage; failures are alertable and reconcilable.",SP019-TEST-OBS-01;PVT-SP019-OBS-001,APPROVED
SP019-E2E-001,SP019,E2E,P1,"E2E happy-path proves Files, attachments and document security works for an authorized tenant/user and produces expected visible/data/audit outcomes.",SP019-TEST-E2E-01;PVT-SP019-E2E-001,APPROVED
SP019-E2E-002,SP019,E2E,P1,"E2E negative/recovery path proves unauthorized, duplicate, stale or dependency-failure behavior for Files, attachments and document security without cross-tenant or partial-state leakage.",SP019-TEST-E2E-02;PVT-SP019-E2E-002,APPROVED
SP019-UAT-001,SP019,UAT,P1,"Human UAT validates primary operator/admin workflow, visible states and evidence for Files, attachments and document security.",SP019-UAT-01;PVT-SP019-UAT-001,APPROVED
SP019-UAT-002,SP019,UAT,P1,"Human UAT validates at least one failure/recovery/permission scenario and confirms documentation matches actual operator expectations for Files, attachments and document security.",SP019-UAT-02;PVT-SP019-UAT-002,APPROVED
SP020-CAP-001,SP020,CAP,P1,Provide a reusable platform capability for Search and indexing.,PVT-SP020-CAP-001,APPROVED
SP020-CAP-002,SP020,CAP,P1,Expose Search and indexing through stable public contracts rather than module-private shortcuts.,PVT-SP020-CAP-002,APPROVED
SP020-CAP-003,SP020,CAP,P1,"Make Search and indexing observable, testable and independently governable across all applicable modules.",PVT-SP020-CAP-003,APPROVED
SP020-FR-001,SP020,FR,P1,"Provide permission-aware global/module search, indexing, filters and durable deep links while respecting tenant, record and field visibility.",PVT-SP020-FR-001,APPROVED
SP020-FR-002,SP020,FR,P1,Authorized query -> parse -> permission-aware search -> ranked result -> deep link; mutation -> index update/rebuild/reconcile.,PVT-SP020-FR-002,APPROVED
SP020-FR-003,SP020,FR,P1,"Support administrative configuration, normal operation, failure/recovery and auditable lifecycle for Search and indexing.",PVT-SP020-FR-003,APPROVED
SP020-US-001,SP020,US,P1,"As an authorized operator, I can use Search and indexing without requiring module-specific duplicate implementations.",PVT-SP020-US-001,APPROVED
SP020-US-002,SP020,US,P1,"As a security/operations reviewer, I can prove Search and indexing respects tenant scope, policy, audit and recovery controls.",PVT-SP020-US-002,APPROVED
SP020-FLOW-001,SP020,FLOW,P1,Authorized query -> parse -> permission-aware search -> ranked result -> deep link; mutation -> index update/rebuild/reconcile.,PVT-SP020-FLOW-001,APPROVED
SP020-FLOW-002,SP020,FLOW,P1,Failure/retry flow: detect invalid/stale/duplicate/concurrent state -> reject or queue recovery -> preserve evidence -> reconcile -> retry only under documented semantics.,PVT-SP020-FLOW-002,APPROVED
SP020-BR-001,SP020,BR,P1,Search cannot reveal records/fields hidden from direct queries.,SP020-TEST-BR-01;PVT-SP020-BR-001,APPROVED
SP020-BR-002,SP020,BR,P1,Index updates are eventually consistent with visible freshness state where necessary.,SP020-TEST-BR-02;PVT-SP020-BR-002,APPROVED
SP020-DATA-001,SP020,DATA,P1,"Persist only the authoritative identifiers/configuration/evidence needed by Search and indexing, with organization/company scope and lifecycle metadata where applicable.",PVT-SP020-DATA-001,APPROVED
SP020-DATA-002,SP020,DATA,P1,"Define retention, archival, effective-dating/version and deletion semantics for Search and indexing; never infer historical truth from current configuration alone.",PVT-SP020-DATA-002,APPROVED
SP020-VAL-001,SP020,VAL,P1,"Validate organization/company/scope, lifecycle state and all required identifiers before executing Search and indexing.",SP020-TEST-VAL-01;PVT-SP020-VAL-001,APPROVED
SP020-VAL-002,SP020,VAL,P1,"Reject malformed, stale, unauthorized, duplicate or policy-incompatible input with typed actionable errors.",SP020-TEST-VAL-02;PVT-SP020-VAL-002,APPROVED
SP020-CALC-001,SP020,CALC,P1,"Any counts, quotas, time windows, retry schedules, usage metrics or derived values in Search and indexing use explicit deterministic precision/rounding/timezone rules; otherwise mark calculation not applicable.",PVT-SP020-CALC-001,APPROVED
SP020-UX-001,SP020,UX,P1,Provide discoverable administration/operation UX for Search and indexing with role-appropriate views and safe defaults.,PVT-SP020-UX-001,APPROVED
SP020-UX-002,SP020,UX,P1,"Define loading, empty, error, forbidden, stale, conflict, retry and partial-failure states for Search and indexing.",PVT-SP020-UX-002,APPROVED
SP020-UX-003,SP020,UX,P1,"Preserve keyboard, responsive and mobile parity for critical Search and indexing actions or explicitly classify them as not applicable.",PVT-SP020-UX-003,APPROVED
SP020-SEC-001,SP020,SEC,P1,"Search-index tenant leakage, stale sensitive fields, enumeration and expensive-query abuse are primary threats.",SP020-TEST-SEC-01;PVT-SP020-SEC-001,APPROVED
SP020-SEC-002,SP020,SEC,P1,"Enforce least privilege, tenant/company/record scope, sensitive-field minimization and security-negative tests for Search and indexing.",SP020-TEST-SEC-02;PVT-SP020-SEC-002,APPROVED
SP020-AUTO-001,SP020,AUTO,P1,"Automation involving Search and indexing executes through the same public commands, authorization and idempotency controls as human-triggered actions.",PVT-SP020-AUTO-001,APPROVED
SP020-APP-001,SP020,APP,P1,Changes to high-impact Search and indexing policy/configuration require maker-checker or privileged approval where the risk classification demands it; self-approval is explicitly governed.,PVT-SP020-APP-001,APPROVED
SP020-NOTIF-001,SP020,NOTIF,P1,"Generate notifications for actionable failures, approvals, expirations or security events from Search and indexing according to centralized preference/mandatory-notice policy.",PVT-SP020-NOTIF-001,APPROVED
SP020-REP-001,SP020,REP,P1,"Expose authorized operational reporting for Search and indexing: health, usage, exceptions, policy state, SLA/SLO or audit evidence as applicable, with drill-down to source.",PVT-SP020-REP-001,APPROVED
SP020-AI-001,SP020,AI,P1,AI may explain or assist with Search and indexing only from authorized context; it cannot bypass its deterministic security/policy controls or directly mutate authoritative storage.,PVT-SP020-AI-001,APPROVED
SP020-INT-001,SP020,INT,P1,Business modules consume Search and indexing through documented public contracts and never reimplement a weaker local variant.,SP020-TEST-INT-01;PVT-SP020-INT-001,APPROVED
SP020-INT-002,SP020,INT,P1,"Cross-service/job/integration use of Search and indexing carries trusted tenant context, correlation, retry and reconciliation semantics.",SP020-TEST-INT-02;PVT-SP020-INT-002,APPROVED
SP020-API-001,SP020,API,P1,"Define authenticated/versioned command and query contracts for Search and indexing where externally or cross-layer accessible, with object/function/property authorization.",SP020-TEST-API-01;PVT-SP020-API-001,APPROVED
SP020-API-002,SP020,API,P1,API errors for Search and indexing are typed/actionable and unsafe retries use explicit idempotency keys or preconditions when needed.,SP020-TEST-API-02;PVT-SP020-API-002,APPROVED
SP020-PERF-001,SP020,PERF,P1,"Define latency/throughput/cardinality/volume budgets for Search and indexing; expensive global operations use pagination, batching, asynchronous execution or read models as appropriate.",SP020-TEST-PERF-01;PVT-SP020-PERF-001,APPROVED
SP020-OBS-001,SP020,OBS,P1,Emit correlation-aware logs/metrics/traces and business diagnostics for Search and indexing without secrets/PII leakage; failures are alertable and reconcilable.,SP020-TEST-OBS-01;PVT-SP020-OBS-001,APPROVED
SP020-E2E-001,SP020,E2E,P1,E2E happy-path proves Search and indexing works for an authorized tenant/user and produces expected visible/data/audit outcomes.,SP020-TEST-E2E-01;PVT-SP020-E2E-001,APPROVED
SP020-E2E-002,SP020,E2E,P1,"E2E negative/recovery path proves unauthorized, duplicate, stale or dependency-failure behavior for Search and indexing without cross-tenant or partial-state leakage.",SP020-TEST-E2E-02;PVT-SP020-E2E-002,APPROVED
SP020-UAT-001,SP020,UAT,P1,"Human UAT validates primary operator/admin workflow, visible states and evidence for Search and indexing.",SP020-UAT-01;PVT-SP020-UAT-001,APPROVED
SP020-UAT-002,SP020,UAT,P1,Human UAT validates at least one failure/recovery/permission scenario and confirms documentation matches actual operator expectations for Search and indexing.,SP020-UAT-02;PVT-SP020-UAT-002,APPROVED
SP021-CAP-001,SP021,CAP,P1,"Provide a reusable platform capability for Custom fields, tags and controlled extensibility.",PVT-SP021-CAP-001,APPROVED
SP021-CAP-002,SP021,CAP,P1,"Expose Custom fields, tags and controlled extensibility through stable public contracts rather than module-private shortcuts.",PVT-SP021-CAP-002,APPROVED
SP021-CAP-003,SP021,CAP,P1,"Make Custom fields, tags and controlled extensibility observable, testable and independently governable across all applicable modules.",PVT-SP021-CAP-003,APPROVED
SP021-FR-001,SP021,FR,P1,"Allow tenant-defined metadata, tags and constrained extensions without bypassing validation, permissions, reporting or upgrade safety.",PVT-SP021-FR-001,APPROVED
SP021-FR-002,SP021,FR,P1,Admin defines field/tag -> validates schema -> deploys metadata -> users edit/view -> search/report/import/export -> retire with compatibility.,PVT-SP021-FR-002,APPROVED
SP021-FR-003,SP021,FR,P1,"Support administrative configuration, normal operation, failure/recovery and auditable lifecycle for Custom fields, tags and controlled extensibility.",PVT-SP021-FR-003,APPROVED
SP021-US-001,SP021,US,P1,"As an authorized operator, I can use Custom fields, tags and controlled extensibility without requiring module-specific duplicate implementations.",PVT-SP021-US-001,APPROVED
SP021-US-002,SP021,US,P1,"As a security/operations reviewer, I can prove Custom fields, tags and controlled extensibility respects tenant scope, policy, audit and recovery controls.",PVT-SP021-US-002,APPROVED
SP021-FLOW-001,SP021,FLOW,P1,Admin defines field/tag -> validates schema -> deploys metadata -> users edit/view -> search/report/import/export -> retire with compatibility.,PVT-SP021-FLOW-001,APPROVED
SP021-FLOW-002,SP021,FLOW,P1,Failure/retry flow: detect invalid/stale/duplicate/concurrent state -> reject or queue recovery -> preserve evidence -> reconcile -> retry only under documented semantics.,PVT-SP021-FLOW-002,APPROVED
SP021-BR-001,SP021,BR,P1,Custom data remains tenant-scoped and typed.,SP021-TEST-BR-01;PVT-SP021-BR-001,APPROVED
SP021-BR-002,SP021,BR,P1,Custom fields obey record/field permissions and audit rules.,SP021-TEST-BR-02;PVT-SP021-BR-002,APPROVED
SP021-DATA-001,SP021,DATA,P1,"Persist only the authoritative identifiers/configuration/evidence needed by Custom fields, tags and controlled extensibility, with organization/company scope and lifecycle metadata where applicable.",PVT-SP021-DATA-001,APPROVED
SP021-DATA-002,SP021,DATA,P1,"Define retention, archival, effective-dating/version and deletion semantics for Custom fields, tags and controlled extensibility; never infer historical truth from current configuration alone.",PVT-SP021-DATA-002,APPROVED
SP021-VAL-001,SP021,VAL,P1,"Validate organization/company/scope, lifecycle state and all required identifiers before executing Custom fields, tags and controlled extensibility.",SP021-TEST-VAL-01;PVT-SP021-VAL-001,APPROVED
SP021-VAL-002,SP021,VAL,P1,"Reject malformed, stale, unauthorized, duplicate or policy-incompatible input with typed actionable errors.",SP021-TEST-VAL-02;PVT-SP021-VAL-002,APPROVED
SP021-CALC-001,SP021,CALC,P1,"Any counts, quotas, time windows, retry schedules, usage metrics or derived values in Custom fields, tags and controlled extensibility use explicit deterministic precision/rounding/timezone rules; otherwise mark calculation not applicable.",PVT-SP021-CALC-001,APPROVED
SP021-UX-001,SP021,UX,P1,"Provide discoverable administration/operation UX for Custom fields, tags and controlled extensibility with role-appropriate views and safe defaults.",PVT-SP021-UX-001,APPROVED
SP021-UX-002,SP021,UX,P1,"Define loading, empty, error, forbidden, stale, conflict, retry and partial-failure states for Custom fields, tags and controlled extensibility.",PVT-SP021-UX-002,APPROVED
SP021-UX-003,SP021,UX,P1,"Preserve keyboard, responsive and mobile parity for critical Custom fields, tags and controlled extensibility actions or explicitly classify them as not applicable.",PVT-SP021-UX-003,APPROVED
SP021-SEC-001,SP021,SEC,P1,"Schema abuse, field-level data leakage, unbounded metadata growth and unsafe expression execution are primary threats.",SP021-TEST-SEC-01;PVT-SP021-SEC-001,APPROVED
SP021-SEC-002,SP021,SEC,P1,"Enforce least privilege, tenant/company/record scope, sensitive-field minimization and security-negative tests for Custom fields, tags and controlled extensibility.",SP021-TEST-SEC-02;PVT-SP021-SEC-002,APPROVED
SP021-AUTO-001,SP021,AUTO,P1,"Automation involving Custom fields, tags and controlled extensibility executes through the same public commands, authorization and idempotency controls as human-triggered actions.",PVT-SP021-AUTO-001,APPROVED
SP021-APP-001,SP021,APP,P1,"Changes to high-impact Custom fields, tags and controlled extensibility policy/configuration require maker-checker or privileged approval where the risk classification demands it; self-approval is explicitly governed.",PVT-SP021-APP-001,APPROVED
SP021-NOTIF-001,SP021,NOTIF,P1,"Generate notifications for actionable failures, approvals, expirations or security events from Custom fields, tags and controlled extensibility according to centralized preference/mandatory-notice policy.",PVT-SP021-NOTIF-001,APPROVED
SP021-REP-001,SP021,REP,P1,"Expose authorized operational reporting for Custom fields, tags and controlled extensibility: health, usage, exceptions, policy state, SLA/SLO or audit evidence as applicable, with drill-down to source.",PVT-SP021-REP-001,APPROVED
SP021-AI-001,SP021,AI,P1,"AI may explain or assist with Custom fields, tags and controlled extensibility only from authorized context; it cannot bypass its deterministic security/policy controls or directly mutate authoritative storage.",PVT-SP021-AI-001,APPROVED
SP021-INT-001,SP021,INT,P1,"Business modules consume Custom fields, tags and controlled extensibility through documented public contracts and never reimplement a weaker local variant.",SP021-TEST-INT-01;PVT-SP021-INT-001,APPROVED
SP021-INT-002,SP021,INT,P1,"Cross-service/job/integration use of Custom fields, tags and controlled extensibility carries trusted tenant context, correlation, retry and reconciliation semantics.",SP021-TEST-INT-02;PVT-SP021-INT-002,APPROVED
SP021-API-001,SP021,API,P1,"Define authenticated/versioned command and query contracts for Custom fields, tags and controlled extensibility where externally or cross-layer accessible, with object/function/property authorization.",SP021-TEST-API-01;PVT-SP021-API-001,APPROVED
SP021-API-002,SP021,API,P1,"API errors for Custom fields, tags and controlled extensibility are typed/actionable and unsafe retries use explicit idempotency keys or preconditions when needed.",SP021-TEST-API-02;PVT-SP021-API-002,APPROVED
SP021-PERF-001,SP021,PERF,P1,"Define latency/throughput/cardinality/volume budgets for Custom fields, tags and controlled extensibility; expensive global operations use pagination, batching, asynchronous execution or read models as appropriate.",SP021-TEST-PERF-01;PVT-SP021-PERF-001,APPROVED
SP021-OBS-001,SP021,OBS,P1,"Emit correlation-aware logs/metrics/traces and business diagnostics for Custom fields, tags and controlled extensibility without secrets/PII leakage; failures are alertable and reconcilable.",SP021-TEST-OBS-01;PVT-SP021-OBS-001,APPROVED
SP021-E2E-001,SP021,E2E,P1,"E2E happy-path proves Custom fields, tags and controlled extensibility works for an authorized tenant/user and produces expected visible/data/audit outcomes.",SP021-TEST-E2E-01;PVT-SP021-E2E-001,APPROVED
SP021-E2E-002,SP021,E2E,P1,"E2E negative/recovery path proves unauthorized, duplicate, stale or dependency-failure behavior for Custom fields, tags and controlled extensibility without cross-tenant or partial-state leakage.",SP021-TEST-E2E-02;PVT-SP021-E2E-002,APPROVED
SP021-UAT-001,SP021,UAT,P1,"Human UAT validates primary operator/admin workflow, visible states and evidence for Custom fields, tags and controlled extensibility.",SP021-UAT-01;PVT-SP021-UAT-001,APPROVED
SP021-UAT-002,SP021,UAT,P1,"Human UAT validates at least one failure/recovery/permission scenario and confirms documentation matches actual operator expectations for Custom fields, tags and controlled extensibility.",SP021-UAT-02;PVT-SP021-UAT-002,APPROVED
SP022-CAP-001,SP022,CAP,P1,"Provide a reusable platform capability for Numbering, sequences and reference generation.",PVT-SP022-CAP-001,APPROVED
SP022-CAP-002,SP022,CAP,P1,"Expose Numbering, sequences and reference generation through stable public contracts rather than module-private shortcuts.",PVT-SP022-CAP-002,APPROVED
SP022-CAP-003,SP022,CAP,P1,"Make Numbering, sequences and reference generation observable, testable and independently governable across all applicable modules.",PVT-SP022-CAP-003,APPROVED
SP022-FR-001,SP022,FR,P1,"Provide company/module/document-aware human reference numbers with concurrency safety, configurable prefixes/resets and immutable issued identity where required.",PVT-SP022-FR-001,APPROVED
SP022-FR-002,SP022,FR,P1,Configure sequence -> request number inside domain transaction -> reserve/issue -> display/search -> reset by defined boundary.,PVT-SP022-FR-002,APPROVED
SP022-FR-003,SP022,FR,P1,"Support administrative configuration, normal operation, failure/recovery and auditable lifecycle for Numbering, sequences and reference generation.",PVT-SP022-FR-003,APPROVED
SP022-US-001,SP022,US,P1,"As an authorized operator, I can use Numbering, sequences and reference generation without requiring module-specific duplicate implementations.",PVT-SP022-US-001,APPROVED
SP022-US-002,SP022,US,P1,"As a security/operations reviewer, I can prove Numbering, sequences and reference generation respects tenant scope, policy, audit and recovery controls.",PVT-SP022-US-002,APPROVED
SP022-FLOW-001,SP022,FLOW,P1,Configure sequence -> request number inside domain transaction -> reserve/issue -> display/search -> reset by defined boundary.,PVT-SP022-FLOW-001,APPROVED
SP022-FLOW-002,SP022,FLOW,P1,Failure/retry flow: detect invalid/stale/duplicate/concurrent state -> reject or queue recovery -> preserve evidence -> reconcile -> retry only under documented semantics.,PVT-SP022-FLOW-002,APPROVED
SP022-BR-001,SP022,BR,P1,Concurrent issuance cannot create duplicates.,SP022-TEST-BR-01;PVT-SP022-BR-001,APPROVED
SP022-BR-002,SP022,BR,P1,Posted/official numbers are not silently reused.,SP022-TEST-BR-02;PVT-SP022-BR-002,APPROVED
SP022-DATA-001,SP022,DATA,P1,"Persist only the authoritative identifiers/configuration/evidence needed by Numbering, sequences and reference generation, with organization/company scope and lifecycle metadata where applicable.",PVT-SP022-DATA-001,APPROVED
SP022-DATA-002,SP022,DATA,P1,"Define retention, archival, effective-dating/version and deletion semantics for Numbering, sequences and reference generation; never infer historical truth from current configuration alone.",PVT-SP022-DATA-002,APPROVED
SP022-VAL-001,SP022,VAL,P1,"Validate organization/company/scope, lifecycle state and all required identifiers before executing Numbering, sequences and reference generation.",SP022-TEST-VAL-01;PVT-SP022-VAL-001,APPROVED
SP022-VAL-002,SP022,VAL,P1,"Reject malformed, stale, unauthorized, duplicate or policy-incompatible input with typed actionable errors.",SP022-TEST-VAL-02;PVT-SP022-VAL-002,APPROVED
SP022-CALC-001,SP022,CALC,P1,"Any counts, quotas, time windows, retry schedules, usage metrics or derived values in Numbering, sequences and reference generation use explicit deterministic precision/rounding/timezone rules; otherwise mark calculation not applicable.",PVT-SP022-CALC-001,APPROVED
SP022-UX-001,SP022,UX,P1,"Provide discoverable administration/operation UX for Numbering, sequences and reference generation with role-appropriate views and safe defaults.",PVT-SP022-UX-001,APPROVED
SP022-UX-002,SP022,UX,P1,"Define loading, empty, error, forbidden, stale, conflict, retry and partial-failure states for Numbering, sequences and reference generation.",PVT-SP022-UX-002,APPROVED
SP022-UX-003,SP022,UX,P1,"Preserve keyboard, responsive and mobile parity for critical Numbering, sequences and reference generation actions or explicitly classify them as not applicable.",PVT-SP022-UX-003,APPROVED
SP022-SEC-001,SP022,SEC,P1,"Duplicate numbers, race conditions, retroactive renumbering and cross-company sequence leakage are primary threats.",SP022-TEST-SEC-01;PVT-SP022-SEC-001,APPROVED
SP022-SEC-002,SP022,SEC,P1,"Enforce least privilege, tenant/company/record scope, sensitive-field minimization and security-negative tests for Numbering, sequences and reference generation.",SP022-TEST-SEC-02;PVT-SP022-SEC-002,APPROVED
SP022-AUTO-001,SP022,AUTO,P1,"Automation involving Numbering, sequences and reference generation executes through the same public commands, authorization and idempotency controls as human-triggered actions.",PVT-SP022-AUTO-001,APPROVED
SP022-APP-001,SP022,APP,P1,"Changes to high-impact Numbering, sequences and reference generation policy/configuration require maker-checker or privileged approval where the risk classification demands it; self-approval is explicitly governed.",PVT-SP022-APP-001,APPROVED
SP022-NOTIF-001,SP022,NOTIF,P1,"Generate notifications for actionable failures, approvals, expirations or security events from Numbering, sequences and reference generation according to centralized preference/mandatory-notice policy.",PVT-SP022-NOTIF-001,APPROVED
SP022-REP-001,SP022,REP,P1,"Expose authorized operational reporting for Numbering, sequences and reference generation: health, usage, exceptions, policy state, SLA/SLO or audit evidence as applicable, with drill-down to source.",PVT-SP022-REP-001,APPROVED
SP022-AI-001,SP022,AI,P1,"AI may explain or assist with Numbering, sequences and reference generation only from authorized context; it cannot bypass its deterministic security/policy controls or directly mutate authoritative storage.",PVT-SP022-AI-001,APPROVED
SP022-INT-001,SP022,INT,P1,"Business modules consume Numbering, sequences and reference generation through documented public contracts and never reimplement a weaker local variant.",SP022-TEST-INT-01;PVT-SP022-INT-001,APPROVED
SP022-INT-002,SP022,INT,P1,"Cross-service/job/integration use of Numbering, sequences and reference generation carries trusted tenant context, correlation, retry and reconciliation semantics.",SP022-TEST-INT-02;PVT-SP022-INT-002,APPROVED
SP022-API-001,SP022,API,P1,"Define authenticated/versioned command and query contracts for Numbering, sequences and reference generation where externally or cross-layer accessible, with object/function/property authorization.",SP022-TEST-API-01;PVT-SP022-API-001,APPROVED
SP022-API-002,SP022,API,P1,"API errors for Numbering, sequences and reference generation are typed/actionable and unsafe retries use explicit idempotency keys or preconditions when needed.",SP022-TEST-API-02;PVT-SP022-API-002,APPROVED
SP022-PERF-001,SP022,PERF,P1,"Define latency/throughput/cardinality/volume budgets for Numbering, sequences and reference generation; expensive global operations use pagination, batching, asynchronous execution or read models as appropriate.",SP022-TEST-PERF-01;PVT-SP022-PERF-001,APPROVED
SP022-OBS-001,SP022,OBS,P1,"Emit correlation-aware logs/metrics/traces and business diagnostics for Numbering, sequences and reference generation without secrets/PII leakage; failures are alertable and reconcilable.",SP022-TEST-OBS-01;PVT-SP022-OBS-001,APPROVED
SP022-E2E-001,SP022,E2E,P1,"E2E happy-path proves Numbering, sequences and reference generation works for an authorized tenant/user and produces expected visible/data/audit outcomes.",SP022-TEST-E2E-01;PVT-SP022-E2E-001,APPROVED
SP022-E2E-002,SP022,E2E,P1,"E2E negative/recovery path proves unauthorized, duplicate, stale or dependency-failure behavior for Numbering, sequences and reference generation without cross-tenant or partial-state leakage.",SP022-TEST-E2E-02;PVT-SP022-E2E-002,APPROVED
SP022-UAT-001,SP022,UAT,P1,"Human UAT validates primary operator/admin workflow, visible states and evidence for Numbering, sequences and reference generation.",SP022-UAT-01;PVT-SP022-UAT-001,APPROVED
SP022-UAT-002,SP022,UAT,P1,"Human UAT validates at least one failure/recovery/permission scenario and confirms documentation matches actual operator expectations for Numbering, sequences and reference generation.",SP022-UAT-02;PVT-SP022-UAT-002,APPROVED
SP023-CAP-001,SP023,CAP,P1,"Provide a reusable platform capability for Import, export and bulk data operations.",PVT-SP023-CAP-001,APPROVED
SP023-CAP-002,SP023,CAP,P1,"Expose Import, export and bulk data operations through stable public contracts rather than module-private shortcuts.",PVT-SP023-CAP-002,APPROVED
SP023-CAP-003,SP023,CAP,P1,"Make Import, export and bulk data operations observable, testable and independently governable across all applicable modules.",PVT-SP023-CAP-003,APPROVED
SP023-FR-001,SP023,FR,P1,"Provide governed CSV/XLSX/API imports, exports and bulk actions with templates, validation, preview, asynchronous execution, row-level errors and reconciliation.",PVT-SP023-FR-001,APPROVED
SP023-FR-002,SP023,FR,P1,Template/map -> upload -> parse -> preview -> validate -> approve/execute -> progress -> row errors -> reconcile; export -> scoped selection -> generate -> secure download.,PVT-SP023-FR-002,APPROVED
SP023-FR-003,SP023,FR,P1,"Support administrative configuration, normal operation, failure/recovery and auditable lifecycle for Import, export and bulk data operations.",PVT-SP023-FR-003,APPROVED
SP023-US-001,SP023,US,P1,"As an authorized operator, I can use Import, export and bulk data operations without requiring module-specific duplicate implementations.",PVT-SP023-US-001,APPROVED
SP023-US-002,SP023,US,P1,"As a security/operations reviewer, I can prove Import, export and bulk data operations respects tenant scope, policy, audit and recovery controls.",PVT-SP023-US-002,APPROVED
SP023-FLOW-001,SP023,FLOW,P1,Template/map -> upload -> parse -> preview -> validate -> approve/execute -> progress -> row errors -> reconcile; export -> scoped selection -> generate -> secure download.,PVT-SP023-FLOW-001,APPROVED
SP023-FLOW-002,SP023,FLOW,P1,Failure/retry flow: detect invalid/stale/duplicate/concurrent state -> reject or queue recovery -> preserve evidence -> reconcile -> retry only under documented semantics.,PVT-SP023-FLOW-002,APPROVED
SP023-BR-001,SP023,BR,P1,Bulk operations apply the same permissions/business rules as single-record commands.,SP023-TEST-BR-01;PVT-SP023-BR-001,APPROVED
SP023-BR-002,SP023,BR,P1,Imports are retry-safe and resumable/idempotent where designed.,SP023-TEST-BR-02;PVT-SP023-BR-002,APPROVED
SP023-DATA-001,SP023,DATA,P1,"Persist only the authoritative identifiers/configuration/evidence needed by Import, export and bulk data operations, with organization/company scope and lifecycle metadata where applicable.",PVT-SP023-DATA-001,APPROVED
SP023-DATA-002,SP023,DATA,P1,"Define retention, archival, effective-dating/version and deletion semantics for Import, export and bulk data operations; never infer historical truth from current configuration alone.",PVT-SP023-DATA-002,APPROVED
SP023-VAL-001,SP023,VAL,P1,"Validate organization/company/scope, lifecycle state and all required identifiers before executing Import, export and bulk data operations.",SP023-TEST-VAL-01;PVT-SP023-VAL-001,APPROVED
SP023-VAL-002,SP023,VAL,P1,"Reject malformed, stale, unauthorized, duplicate or policy-incompatible input with typed actionable errors.",SP023-TEST-VAL-02;PVT-SP023-VAL-002,APPROVED
SP023-CALC-001,SP023,CALC,P1,"Any counts, quotas, time windows, retry schedules, usage metrics or derived values in Import, export and bulk data operations use explicit deterministic precision/rounding/timezone rules; otherwise mark calculation not applicable.",PVT-SP023-CALC-001,APPROVED
SP023-UX-001,SP023,UX,P1,"Provide discoverable administration/operation UX for Import, export and bulk data operations with role-appropriate views and safe defaults.",PVT-SP023-UX-001,APPROVED
SP023-UX-002,SP023,UX,P1,"Define loading, empty, error, forbidden, stale, conflict, retry and partial-failure states for Import, export and bulk data operations.",PVT-SP023-UX-002,APPROVED
SP023-UX-003,SP023,UX,P1,"Preserve keyboard, responsive and mobile parity for critical Import, export and bulk data operations actions or explicitly classify them as not applicable.",PVT-SP023-UX-003,APPROVED
SP023-SEC-001,SP023,SEC,P1,"Formula injection, oversized imports, mass-assignment, data exfiltration, duplicate replay and partial success ambiguity are primary threats.",SP023-TEST-SEC-01;PVT-SP023-SEC-001,APPROVED
SP023-SEC-002,SP023,SEC,P1,"Enforce least privilege, tenant/company/record scope, sensitive-field minimization and security-negative tests for Import, export and bulk data operations.",SP023-TEST-SEC-02;PVT-SP023-SEC-002,APPROVED
SP023-AUTO-001,SP023,AUTO,P1,"Automation involving Import, export and bulk data operations executes through the same public commands, authorization and idempotency controls as human-triggered actions.",PVT-SP023-AUTO-001,APPROVED
SP023-APP-001,SP023,APP,P1,"Changes to high-impact Import, export and bulk data operations policy/configuration require maker-checker or privileged approval where the risk classification demands it; self-approval is explicitly governed.",PVT-SP023-APP-001,APPROVED
SP023-NOTIF-001,SP023,NOTIF,P1,"Generate notifications for actionable failures, approvals, expirations or security events from Import, export and bulk data operations according to centralized preference/mandatory-notice policy.",PVT-SP023-NOTIF-001,APPROVED
SP023-REP-001,SP023,REP,P1,"Expose authorized operational reporting for Import, export and bulk data operations: health, usage, exceptions, policy state, SLA/SLO or audit evidence as applicable, with drill-down to source.",PVT-SP023-REP-001,APPROVED
SP023-AI-001,SP023,AI,P1,"AI may explain or assist with Import, export and bulk data operations only from authorized context; it cannot bypass its deterministic security/policy controls or directly mutate authoritative storage.",PVT-SP023-AI-001,APPROVED
SP023-INT-001,SP023,INT,P1,"Business modules consume Import, export and bulk data operations through documented public contracts and never reimplement a weaker local variant.",SP023-TEST-INT-01;PVT-SP023-INT-001,APPROVED
SP023-INT-002,SP023,INT,P1,"Cross-service/job/integration use of Import, export and bulk data operations carries trusted tenant context, correlation, retry and reconciliation semantics.",SP023-TEST-INT-02;PVT-SP023-INT-002,APPROVED
SP023-API-001,SP023,API,P1,"Define authenticated/versioned command and query contracts for Import, export and bulk data operations where externally or cross-layer accessible, with object/function/property authorization.",SP023-TEST-API-01;PVT-SP023-API-001,APPROVED
SP023-API-002,SP023,API,P1,"API errors for Import, export and bulk data operations are typed/actionable and unsafe retries use explicit idempotency keys or preconditions when needed.",SP023-TEST-API-02;PVT-SP023-API-002,APPROVED
SP023-PERF-001,SP023,PERF,P1,"Define latency/throughput/cardinality/volume budgets for Import, export and bulk data operations; expensive global operations use pagination, batching, asynchronous execution or read models as appropriate.",SP023-TEST-PERF-01;PVT-SP023-PERF-001,APPROVED
SP023-OBS-001,SP023,OBS,P1,"Emit correlation-aware logs/metrics/traces and business diagnostics for Import, export and bulk data operations without secrets/PII leakage; failures are alertable and reconcilable.",SP023-TEST-OBS-01;PVT-SP023-OBS-001,APPROVED
SP023-E2E-001,SP023,E2E,P1,"E2E happy-path proves Import, export and bulk data operations works for an authorized tenant/user and produces expected visible/data/audit outcomes.",SP023-TEST-E2E-01;PVT-SP023-E2E-001,APPROVED
SP023-E2E-002,SP023,E2E,P1,"E2E negative/recovery path proves unauthorized, duplicate, stale or dependency-failure behavior for Import, export and bulk data operations without cross-tenant or partial-state leakage.",SP023-TEST-E2E-02;PVT-SP023-E2E-002,APPROVED
SP023-UAT-001,SP023,UAT,P1,"Human UAT validates primary operator/admin workflow, visible states and evidence for Import, export and bulk data operations.",SP023-UAT-01;PVT-SP023-UAT-001,APPROVED
SP023-UAT-002,SP023,UAT,P1,"Human UAT validates at least one failure/recovery/permission scenario and confirms documentation matches actual operator expectations for Import, export and bulk data operations.",SP023-UAT-02;PVT-SP023-UAT-002,APPROVED
SP024-CAP-001,SP024,CAP,P0,"Provide a reusable platform capability for API platform, versioning and error contracts.",PVT-SP024-CAP-001,APPROVED
SP024-CAP-002,SP024,CAP,P0,"Expose API platform, versioning and error contracts through stable public contracts rather than module-private shortcuts.",PVT-SP024-CAP-002,APPROVED
SP024-CAP-003,SP024,CAP,P0,"Make API platform, versioning and error contracts observable, testable and independently governable across all applicable modules.",PVT-SP024-CAP-003,APPROVED
SP024-FR-001,SP024,FR,P0,"Provide versioned authenticated APIs with consistent resource/command semantics, pagination, concurrency/idempotency contracts, rate controls and machine-readable errors.",PVT-SP024-FR-001,APPROVED
SP024-FR-002,SP024,FR,P0,Authenticate -> authorize -> validate -> command/query -> normalized response/problem details -> observe/rate-limit -> version/deprecate contract.,PVT-SP024-FR-002,APPROVED
SP024-FR-003,SP024,FR,P0,"Support administrative configuration, normal operation, failure/recovery and auditable lifecycle for API platform, versioning and error contracts.",PVT-SP024-FR-003,APPROVED
SP024-US-001,SP024,US,P1,"As an authorized operator, I can use API platform, versioning and error contracts without requiring module-specific duplicate implementations.",PVT-SP024-US-001,APPROVED
SP024-US-002,SP024,US,P1,"As a security/operations reviewer, I can prove API platform, versioning and error contracts respects tenant scope, policy, audit and recovery controls.",PVT-SP024-US-002,APPROVED
SP024-FLOW-001,SP024,FLOW,P1,Authenticate -> authorize -> validate -> command/query -> normalized response/problem details -> observe/rate-limit -> version/deprecate contract.,PVT-SP024-FLOW-001,APPROVED
SP024-FLOW-002,SP024,FLOW,P1,Failure/retry flow: detect invalid/stale/duplicate/concurrent state -> reject or queue recovery -> preserve evidence -> reconcile -> retry only under documented semantics.,PVT-SP024-FLOW-002,APPROVED
SP024-BR-001,SP024,BR,P0,Every object access performs object/function/property authorization.,SP024-TEST-BR-01;PVT-SP024-BR-001,APPROVED
SP024-BR-002,SP024,BR,P0,Unsafe retries have explicit idempotency semantics.,SP024-TEST-BR-02;PVT-SP024-BR-002,APPROVED
SP024-DATA-001,SP024,DATA,P1,"Persist only the authoritative identifiers/configuration/evidence needed by API platform, versioning and error contracts, with organization/company scope and lifecycle metadata where applicable.",PVT-SP024-DATA-001,APPROVED
SP024-DATA-002,SP024,DATA,P1,"Define retention, archival, effective-dating/version and deletion semantics for API platform, versioning and error contracts; never infer historical truth from current configuration alone.",PVT-SP024-DATA-002,APPROVED
SP024-VAL-001,SP024,VAL,P1,"Validate organization/company/scope, lifecycle state and all required identifiers before executing API platform, versioning and error contracts.",SP024-TEST-VAL-01;PVT-SP024-VAL-001,APPROVED
SP024-VAL-002,SP024,VAL,P1,"Reject malformed, stale, unauthorized, duplicate or policy-incompatible input with typed actionable errors.",SP024-TEST-VAL-02;PVT-SP024-VAL-002,APPROVED
SP024-CALC-001,SP024,CALC,P1,"Any counts, quotas, time windows, retry schedules, usage metrics or derived values in API platform, versioning and error contracts use explicit deterministic precision/rounding/timezone rules; otherwise mark calculation not applicable.",PVT-SP024-CALC-001,APPROVED
SP024-UX-001,SP024,UX,P1,"Provide discoverable administration/operation UX for API platform, versioning and error contracts with role-appropriate views and safe defaults.",PVT-SP024-UX-001,APPROVED
SP024-UX-002,SP024,UX,P1,"Define loading, empty, error, forbidden, stale, conflict, retry and partial-failure states for API platform, versioning and error contracts.",PVT-SP024-UX-002,APPROVED
SP024-UX-003,SP024,UX,P1,"Preserve keyboard, responsive and mobile parity for critical API platform, versioning and error contracts actions or explicitly classify them as not applicable.",PVT-SP024-UX-003,APPROVED
SP024-SEC-001,SP024,SEC,P0,"BOLA, broken auth, mass assignment, unrestricted resource consumption and unsafe business-flow automation are primary threats.",SP024-TEST-SEC-01;PVT-SP024-SEC-001,APPROVED
SP024-SEC-002,SP024,SEC,P0,"Enforce least privilege, tenant/company/record scope, sensitive-field minimization and security-negative tests for API platform, versioning and error contracts.",SP024-TEST-SEC-02;PVT-SP024-SEC-002,APPROVED
SP024-AUTO-001,SP024,AUTO,P1,"Automation involving API platform, versioning and error contracts executes through the same public commands, authorization and idempotency controls as human-triggered actions.",PVT-SP024-AUTO-001,APPROVED
SP024-APP-001,SP024,APP,P1,"Changes to high-impact API platform, versioning and error contracts policy/configuration require maker-checker or privileged approval where the risk classification demands it; self-approval is explicitly governed.",PVT-SP024-APP-001,APPROVED
SP024-NOTIF-001,SP024,NOTIF,P1,"Generate notifications for actionable failures, approvals, expirations or security events from API platform, versioning and error contracts according to centralized preference/mandatory-notice policy.",PVT-SP024-NOTIF-001,APPROVED
SP024-REP-001,SP024,REP,P1,"Expose authorized operational reporting for API platform, versioning and error contracts: health, usage, exceptions, policy state, SLA/SLO or audit evidence as applicable, with drill-down to source.",PVT-SP024-REP-001,APPROVED
SP024-AI-001,SP024,AI,P1,"AI may explain or assist with API platform, versioning and error contracts only from authorized context; it cannot bypass its deterministic security/policy controls or directly mutate authoritative storage.",PVT-SP024-AI-001,APPROVED
SP024-INT-001,SP024,INT,P0,"Business modules consume API platform, versioning and error contracts through documented public contracts and never reimplement a weaker local variant.",SP024-TEST-INT-01;PVT-SP024-INT-001,APPROVED
SP024-INT-002,SP024,INT,P0,"Cross-service/job/integration use of API platform, versioning and error contracts carries trusted tenant context, correlation, retry and reconciliation semantics.",SP024-TEST-INT-02;PVT-SP024-INT-002,APPROVED
SP024-API-001,SP024,API,P0,"Define authenticated/versioned command and query contracts for API platform, versioning and error contracts where externally or cross-layer accessible, with object/function/property authorization.",SP024-TEST-API-01;PVT-SP024-API-001,APPROVED
SP024-API-002,SP024,API,P0,"API errors for API platform, versioning and error contracts are typed/actionable and unsafe retries use explicit idempotency keys or preconditions when needed.",SP024-TEST-API-02;PVT-SP024-API-002,APPROVED
SP024-PERF-001,SP024,PERF,P1,"Define latency/throughput/cardinality/volume budgets for API platform, versioning and error contracts; expensive global operations use pagination, batching, asynchronous execution or read models as appropriate.",SP024-TEST-PERF-01;PVT-SP024-PERF-001,APPROVED
SP024-OBS-001,SP024,OBS,P1,"Emit correlation-aware logs/metrics/traces and business diagnostics for API platform, versioning and error contracts without secrets/PII leakage; failures are alertable and reconcilable.",SP024-TEST-OBS-01;PVT-SP024-OBS-001,APPROVED
SP024-E2E-001,SP024,E2E,P1,"E2E happy-path proves API platform, versioning and error contracts works for an authorized tenant/user and produces expected visible/data/audit outcomes.",SP024-TEST-E2E-01;PVT-SP024-E2E-001,APPROVED
SP024-E2E-002,SP024,E2E,P1,"E2E negative/recovery path proves unauthorized, duplicate, stale or dependency-failure behavior for API platform, versioning and error contracts without cross-tenant or partial-state leakage.",SP024-TEST-E2E-02;PVT-SP024-E2E-002,APPROVED
SP024-UAT-001,SP024,UAT,P1,"Human UAT validates primary operator/admin workflow, visible states and evidence for API platform, versioning and error contracts.",SP024-UAT-01;PVT-SP024-UAT-001,APPROVED
SP024-UAT-002,SP024,UAT,P1,"Human UAT validates at least one failure/recovery/permission scenario and confirms documentation matches actual operator expectations for API platform, versioning and error contracts.",SP024-UAT-02;PVT-SP024-UAT-002,APPROVED
SP025-CAP-001,SP025,CAP,P0,Provide a reusable platform capability for Webhooks and external integration runtime.,PVT-SP025-CAP-001,APPROVED
SP025-CAP-002,SP025,CAP,P0,Expose Webhooks and external integration runtime through stable public contracts rather than module-private shortcuts.,PVT-SP025-CAP-002,APPROVED
SP025-CAP-003,SP025,CAP,P0,"Make Webhooks and external integration runtime observable, testable and independently governable across all applicable modules.",PVT-SP025-CAP-003,APPROVED
SP025-FR-001,SP025,FR,P0,"Provide signed outbound/inbound webhooks, secret rotation, event subscriptions, retry/backoff, dedupe, delivery logs and safe connector boundaries.",PVT-SP025-FR-001,APPROVED
SP025-FR-002,SP025,FR,P0,Register endpoint/secret -> event -> sign/send -> retry/log -> disable unhealthy endpoint; inbound -> verify -> dedupe -> public command -> reconcile.,PVT-SP025-FR-002,APPROVED
SP025-FR-003,SP025,FR,P0,"Support administrative configuration, normal operation, failure/recovery and auditable lifecycle for Webhooks and external integration runtime.",PVT-SP025-FR-003,APPROVED
SP025-US-001,SP025,US,P1,"As an authorized operator, I can use Webhooks and external integration runtime without requiring module-specific duplicate implementations.",PVT-SP025-US-001,APPROVED
SP025-US-002,SP025,US,P1,"As a security/operations reviewer, I can prove Webhooks and external integration runtime respects tenant scope, policy, audit and recovery controls.",PVT-SP025-US-002,APPROVED
SP025-FLOW-001,SP025,FLOW,P1,Register endpoint/secret -> event -> sign/send -> retry/log -> disable unhealthy endpoint; inbound -> verify -> dedupe -> public command -> reconcile.,PVT-SP025-FLOW-001,APPROVED
SP025-FLOW-002,SP025,FLOW,P1,Failure/retry flow: detect invalid/stale/duplicate/concurrent state -> reject or queue recovery -> preserve evidence -> reconcile -> retry only under documented semantics.,PVT-SP025-FLOW-002,APPROVED
SP025-BR-001,SP025,BR,P0,Webhook signatures/secrets are verified before business processing.,SP025-TEST-BR-01;PVT-SP025-BR-001,APPROVED
SP025-BR-002,SP025,BR,P0,Inbound callbacks are idempotent and reconciled with authoritative provider truth.,SP025-TEST-BR-02;PVT-SP025-BR-002,APPROVED
SP025-DATA-001,SP025,DATA,P1,"Persist only the authoritative identifiers/configuration/evidence needed by Webhooks and external integration runtime, with organization/company scope and lifecycle metadata where applicable.",PVT-SP025-DATA-001,APPROVED
SP025-DATA-002,SP025,DATA,P1,"Define retention, archival, effective-dating/version and deletion semantics for Webhooks and external integration runtime; never infer historical truth from current configuration alone.",PVT-SP025-DATA-002,APPROVED
SP025-VAL-001,SP025,VAL,P1,"Validate organization/company/scope, lifecycle state and all required identifiers before executing Webhooks and external integration runtime.",SP025-TEST-VAL-01;PVT-SP025-VAL-001,APPROVED
SP025-VAL-002,SP025,VAL,P1,"Reject malformed, stale, unauthorized, duplicate or policy-incompatible input with typed actionable errors.",SP025-TEST-VAL-02;PVT-SP025-VAL-002,APPROVED
SP025-CALC-001,SP025,CALC,P1,"Any counts, quotas, time windows, retry schedules, usage metrics or derived values in Webhooks and external integration runtime use explicit deterministic precision/rounding/timezone rules; otherwise mark calculation not applicable.",PVT-SP025-CALC-001,APPROVED
SP025-UX-001,SP025,UX,P1,Provide discoverable administration/operation UX for Webhooks and external integration runtime with role-appropriate views and safe defaults.,PVT-SP025-UX-001,APPROVED
SP025-UX-002,SP025,UX,P1,"Define loading, empty, error, forbidden, stale, conflict, retry and partial-failure states for Webhooks and external integration runtime.",PVT-SP025-UX-002,APPROVED
SP025-UX-003,SP025,UX,P1,"Preserve keyboard, responsive and mobile parity for critical Webhooks and external integration runtime actions or explicitly classify them as not applicable.",PVT-SP025-UX-003,APPROVED
SP025-SEC-001,SP025,SEC,P0,"Replay, forged signatures, SSRF, secret leakage, endpoint takeover and duplicate payment/business effects are primary threats.",SP025-TEST-SEC-01;PVT-SP025-SEC-001,APPROVED
SP025-SEC-002,SP025,SEC,P0,"Enforce least privilege, tenant/company/record scope, sensitive-field minimization and security-negative tests for Webhooks and external integration runtime.",SP025-TEST-SEC-02;PVT-SP025-SEC-002,APPROVED
SP025-AUTO-001,SP025,AUTO,P1,"Automation involving Webhooks and external integration runtime executes through the same public commands, authorization and idempotency controls as human-triggered actions.",PVT-SP025-AUTO-001,APPROVED
SP025-APP-001,SP025,APP,P1,Changes to high-impact Webhooks and external integration runtime policy/configuration require maker-checker or privileged approval where the risk classification demands it; self-approval is explicitly governed.,PVT-SP025-APP-001,APPROVED
SP025-NOTIF-001,SP025,NOTIF,P1,"Generate notifications for actionable failures, approvals, expirations or security events from Webhooks and external integration runtime according to centralized preference/mandatory-notice policy.",PVT-SP025-NOTIF-001,APPROVED
SP025-REP-001,SP025,REP,P1,"Expose authorized operational reporting for Webhooks and external integration runtime: health, usage, exceptions, policy state, SLA/SLO or audit evidence as applicable, with drill-down to source.",PVT-SP025-REP-001,APPROVED
SP025-AI-001,SP025,AI,P1,AI may explain or assist with Webhooks and external integration runtime only from authorized context; it cannot bypass its deterministic security/policy controls or directly mutate authoritative storage.,PVT-SP025-AI-001,APPROVED
SP025-INT-001,SP025,INT,P0,Business modules consume Webhooks and external integration runtime through documented public contracts and never reimplement a weaker local variant.,SP025-TEST-INT-01;PVT-SP025-INT-001,APPROVED
SP025-INT-002,SP025,INT,P0,"Cross-service/job/integration use of Webhooks and external integration runtime carries trusted tenant context, correlation, retry and reconciliation semantics.",SP025-TEST-INT-02;PVT-SP025-INT-002,APPROVED
SP025-API-001,SP025,API,P0,"Define authenticated/versioned command and query contracts for Webhooks and external integration runtime where externally or cross-layer accessible, with object/function/property authorization.",SP025-TEST-API-01;PVT-SP025-API-001,APPROVED
SP025-API-002,SP025,API,P0,API errors for Webhooks and external integration runtime are typed/actionable and unsafe retries use explicit idempotency keys or preconditions when needed.,SP025-TEST-API-02;PVT-SP025-API-002,APPROVED
SP025-PERF-001,SP025,PERF,P1,"Define latency/throughput/cardinality/volume budgets for Webhooks and external integration runtime; expensive global operations use pagination, batching, asynchronous execution or read models as appropriate.",SP025-TEST-PERF-01;PVT-SP025-PERF-001,APPROVED
SP025-OBS-001,SP025,OBS,P1,Emit correlation-aware logs/metrics/traces and business diagnostics for Webhooks and external integration runtime without secrets/PII leakage; failures are alertable and reconcilable.,SP025-TEST-OBS-01;PVT-SP025-OBS-001,APPROVED
SP025-E2E-001,SP025,E2E,P1,E2E happy-path proves Webhooks and external integration runtime works for an authorized tenant/user and produces expected visible/data/audit outcomes.,SP025-TEST-E2E-01;PVT-SP025-E2E-001,APPROVED
SP025-E2E-002,SP025,E2E,P1,"E2E negative/recovery path proves unauthorized, duplicate, stale or dependency-failure behavior for Webhooks and external integration runtime without cross-tenant or partial-state leakage.",SP025-TEST-E2E-02;PVT-SP025-E2E-002,APPROVED
SP025-UAT-001,SP025,UAT,P1,"Human UAT validates primary operator/admin workflow, visible states and evidence for Webhooks and external integration runtime.",SP025-UAT-01;PVT-SP025-UAT-001,APPROVED
SP025-UAT-002,SP025,UAT,P1,Human UAT validates at least one failure/recovery/permission scenario and confirms documentation matches actual operator expectations for Webhooks and external integration runtime.,SP025-UAT-02;PVT-SP025-UAT-002,APPROVED
SP026-CAP-001,SP026,CAP,P0,"Provide a reusable platform capability for Configuration, effective dating and feature flags.",PVT-SP026-CAP-001,APPROVED
SP026-CAP-002,SP026,CAP,P0,"Expose Configuration, effective dating and feature flags through stable public contracts rather than module-private shortcuts.",PVT-SP026-CAP-002,APPROVED
SP026-CAP-003,SP026,CAP,P0,"Make Configuration, effective dating and feature flags observable, testable and independently governable across all applicable modules.",PVT-SP026-CAP-003,APPROVED
SP026-FR-001,SP026,FR,P0,"Provide governed tenant/company configuration with defaults, validation, effective dates, change history and safe feature rollout flags.",PVT-SP026-FR-001,APPROVED
SP026-FR-002,SP026,FR,P0,Define default -> tenant/company override -> effective date -> approval if needed -> activate -> audit -> retire; flag -> staged rollout -> rollback.,PVT-SP026-FR-002,APPROVED
SP026-FR-003,SP026,FR,P0,"Support administrative configuration, normal operation, failure/recovery and auditable lifecycle for Configuration, effective dating and feature flags.",PVT-SP026-FR-003,APPROVED
SP026-US-001,SP026,US,P1,"As an authorized operator, I can use Configuration, effective dating and feature flags without requiring module-specific duplicate implementations.",PVT-SP026-US-001,APPROVED
SP026-US-002,SP026,US,P1,"As a security/operations reviewer, I can prove Configuration, effective dating and feature flags respects tenant scope, policy, audit and recovery controls.",PVT-SP026-US-002,APPROVED
SP026-FLOW-001,SP026,FLOW,P1,Define default -> tenant/company override -> effective date -> approval if needed -> activate -> audit -> retire; flag -> staged rollout -> rollback.,PVT-SP026-FLOW-001,APPROVED
SP026-FLOW-002,SP026,FLOW,P1,Failure/retry flow: detect invalid/stale/duplicate/concurrent state -> reject or queue recovery -> preserve evidence -> reconcile -> retry only under documented semantics.,PVT-SP026-FLOW-002,APPROVED
SP026-BR-001,SP026,BR,P0,Effective-dated policy changes do not retroactively alter historical truth unless an explicit recalculation/correction process exists.,SP026-TEST-BR-01;PVT-SP026-BR-001,APPROVED
SP026-BR-002,SP026,BR,P0,Config reads are scoped and deterministic.,SP026-TEST-BR-02;PVT-SP026-BR-002,APPROVED
SP026-DATA-001,SP026,DATA,P1,"Persist only the authoritative identifiers/configuration/evidence needed by Configuration, effective dating and feature flags, with organization/company scope and lifecycle metadata where applicable.",PVT-SP026-DATA-001,APPROVED
SP026-DATA-002,SP026,DATA,P1,"Define retention, archival, effective-dating/version and deletion semantics for Configuration, effective dating and feature flags; never infer historical truth from current configuration alone.",PVT-SP026-DATA-002,APPROVED
SP026-VAL-001,SP026,VAL,P1,"Validate organization/company/scope, lifecycle state and all required identifiers before executing Configuration, effective dating and feature flags.",SP026-TEST-VAL-01;PVT-SP026-VAL-001,APPROVED
SP026-VAL-002,SP026,VAL,P1,"Reject malformed, stale, unauthorized, duplicate or policy-incompatible input with typed actionable errors.",SP026-TEST-VAL-02;PVT-SP026-VAL-002,APPROVED
SP026-CALC-001,SP026,CALC,P1,"Any counts, quotas, time windows, retry schedules, usage metrics or derived values in Configuration, effective dating and feature flags use explicit deterministic precision/rounding/timezone rules; otherwise mark calculation not applicable.",PVT-SP026-CALC-001,APPROVED
SP026-UX-001,SP026,UX,P1,"Provide discoverable administration/operation UX for Configuration, effective dating and feature flags with role-appropriate views and safe defaults.",PVT-SP026-UX-001,APPROVED
SP026-UX-002,SP026,UX,P1,"Define loading, empty, error, forbidden, stale, conflict, retry and partial-failure states for Configuration, effective dating and feature flags.",PVT-SP026-UX-002,APPROVED
SP026-UX-003,SP026,UX,P1,"Preserve keyboard, responsive and mobile parity for critical Configuration, effective dating and feature flags actions or explicitly classify them as not applicable.",PVT-SP026-UX-003,APPROVED
SP026-SEC-001,SP026,SEC,P0,"Unsafe config drift, hidden environment differences, retroactive rule changes and flag-based authorization bypass are primary threats.",SP026-TEST-SEC-01;PVT-SP026-SEC-001,APPROVED
SP026-SEC-002,SP026,SEC,P0,"Enforce least privilege, tenant/company/record scope, sensitive-field minimization and security-negative tests for Configuration, effective dating and feature flags.",SP026-TEST-SEC-02;PVT-SP026-SEC-002,APPROVED
SP026-AUTO-001,SP026,AUTO,P1,"Automation involving Configuration, effective dating and feature flags executes through the same public commands, authorization and idempotency controls as human-triggered actions.",PVT-SP026-AUTO-001,APPROVED
SP026-APP-001,SP026,APP,P1,"Changes to high-impact Configuration, effective dating and feature flags policy/configuration require maker-checker or privileged approval where the risk classification demands it; self-approval is explicitly governed.",PVT-SP026-APP-001,APPROVED
SP026-NOTIF-001,SP026,NOTIF,P1,"Generate notifications for actionable failures, approvals, expirations or security events from Configuration, effective dating and feature flags according to centralized preference/mandatory-notice policy.",PVT-SP026-NOTIF-001,APPROVED
SP026-REP-001,SP026,REP,P1,"Expose authorized operational reporting for Configuration, effective dating and feature flags: health, usage, exceptions, policy state, SLA/SLO or audit evidence as applicable, with drill-down to source.",PVT-SP026-REP-001,APPROVED
SP026-AI-001,SP026,AI,P1,"AI may explain or assist with Configuration, effective dating and feature flags only from authorized context; it cannot bypass its deterministic security/policy controls or directly mutate authoritative storage.",PVT-SP026-AI-001,APPROVED
SP026-INT-001,SP026,INT,P0,"Business modules consume Configuration, effective dating and feature flags through documented public contracts and never reimplement a weaker local variant.",SP026-TEST-INT-01;PVT-SP026-INT-001,APPROVED
SP026-INT-002,SP026,INT,P0,"Cross-service/job/integration use of Configuration, effective dating and feature flags carries trusted tenant context, correlation, retry and reconciliation semantics.",SP026-TEST-INT-02;PVT-SP026-INT-002,APPROVED
SP026-API-001,SP026,API,P0,"Define authenticated/versioned command and query contracts for Configuration, effective dating and feature flags where externally or cross-layer accessible, with object/function/property authorization.",SP026-TEST-API-01;PVT-SP026-API-001,APPROVED
SP026-API-002,SP026,API,P0,"API errors for Configuration, effective dating and feature flags are typed/actionable and unsafe retries use explicit idempotency keys or preconditions when needed.",SP026-TEST-API-02;PVT-SP026-API-002,APPROVED
SP026-PERF-001,SP026,PERF,P1,"Define latency/throughput/cardinality/volume budgets for Configuration, effective dating and feature flags; expensive global operations use pagination, batching, asynchronous execution or read models as appropriate.",SP026-TEST-PERF-01;PVT-SP026-PERF-001,APPROVED
SP026-OBS-001,SP026,OBS,P1,"Emit correlation-aware logs/metrics/traces and business diagnostics for Configuration, effective dating and feature flags without secrets/PII leakage; failures are alertable and reconcilable.",SP026-TEST-OBS-01;PVT-SP026-OBS-001,APPROVED
SP026-E2E-001,SP026,E2E,P1,"E2E happy-path proves Configuration, effective dating and feature flags works for an authorized tenant/user and produces expected visible/data/audit outcomes.",SP026-TEST-E2E-01;PVT-SP026-E2E-001,APPROVED
SP026-E2E-002,SP026,E2E,P1,"E2E negative/recovery path proves unauthorized, duplicate, stale or dependency-failure behavior for Configuration, effective dating and feature flags without cross-tenant or partial-state leakage.",SP026-TEST-E2E-02;PVT-SP026-E2E-002,APPROVED
SP026-UAT-001,SP026,UAT,P1,"Human UAT validates primary operator/admin workflow, visible states and evidence for Configuration, effective dating and feature flags.",SP026-UAT-01;PVT-SP026-UAT-001,APPROVED
SP026-UAT-002,SP026,UAT,P1,"Human UAT validates at least one failure/recovery/permission scenario and confirms documentation matches actual operator expectations for Configuration, effective dating and feature flags.",SP026-UAT-02;PVT-SP026-UAT-002,APPROVED
SP027-CAP-001,SP027,CAP,P1,"Provide a reusable platform capability for Localization, timezone, currency and UOM platform.",PVT-SP027-CAP-001,APPROVED
SP027-CAP-002,SP027,CAP,P1,"Expose Localization, timezone, currency and UOM platform through stable public contracts rather than module-private shortcuts.",PVT-SP027-CAP-002,APPROVED
SP027-CAP-003,SP027,CAP,P1,"Make Localization, timezone, currency and UOM platform observable, testable and independently governable across all applicable modules.",PVT-SP027-CAP-003,APPROVED
SP027-FR-001,SP027,FR,P1,"Provide locale-aware formatting, translations, time-zone handling and shared currency/UOM primitives without making display localization authoritative for financial/quantity truth.",PVT-SP027-FR-001,APPROVED
SP027-FR-002,SP027,FR,P1,Resolve user/company locale/timezone -> format input/output -> parse safely -> preserve authoritative base value -> translate labels/messages.,PVT-SP027-FR-002,APPROVED
SP027-FR-003,SP027,FR,P1,"Support administrative configuration, normal operation, failure/recovery and auditable lifecycle for Localization, timezone, currency and UOM platform.",PVT-SP027-FR-003,APPROVED
SP027-US-001,SP027,US,P1,"As an authorized operator, I can use Localization, timezone, currency and UOM platform without requiring module-specific duplicate implementations.",PVT-SP027-US-001,APPROVED
SP027-US-002,SP027,US,P1,"As a security/operations reviewer, I can prove Localization, timezone, currency and UOM platform respects tenant scope, policy, audit and recovery controls.",PVT-SP027-US-002,APPROVED
SP027-FLOW-001,SP027,FLOW,P1,Resolve user/company locale/timezone -> format input/output -> parse safely -> preserve authoritative base value -> translate labels/messages.,PVT-SP027-FLOW-001,APPROVED
SP027-FLOW-002,SP027,FLOW,P1,Failure/retry flow: detect invalid/stale/duplicate/concurrent state -> reject or queue recovery -> preserve evidence -> reconcile -> retry only under documented semantics.,PVT-SP027-FLOW-002,APPROVED
SP027-BR-001,SP027,BR,P1,Stored authoritative values are locale-neutral.,SP027-TEST-BR-01;PVT-SP027-BR-001,APPROVED
SP027-BR-002,SP027,BR,P1,Timezone conversion distinguishes timestamps from business dates.,SP027-TEST-BR-02;PVT-SP027-BR-002,APPROVED
SP027-DATA-001,SP027,DATA,P1,"Persist only the authoritative identifiers/configuration/evidence needed by Localization, timezone, currency and UOM platform, with organization/company scope and lifecycle metadata where applicable.",PVT-SP027-DATA-001,APPROVED
SP027-DATA-002,SP027,DATA,P1,"Define retention, archival, effective-dating/version and deletion semantics for Localization, timezone, currency and UOM platform; never infer historical truth from current configuration alone.",PVT-SP027-DATA-002,APPROVED
SP027-VAL-001,SP027,VAL,P1,"Validate organization/company/scope, lifecycle state and all required identifiers before executing Localization, timezone, currency and UOM platform.",SP027-TEST-VAL-01;PVT-SP027-VAL-001,APPROVED
SP027-VAL-002,SP027,VAL,P1,"Reject malformed, stale, unauthorized, duplicate or policy-incompatible input with typed actionable errors.",SP027-TEST-VAL-02;PVT-SP027-VAL-002,APPROVED
SP027-CALC-001,SP027,CALC,P1,"Any counts, quotas, time windows, retry schedules, usage metrics or derived values in Localization, timezone, currency and UOM platform use explicit deterministic precision/rounding/timezone rules; otherwise mark calculation not applicable.",PVT-SP027-CALC-001,APPROVED
SP027-UX-001,SP027,UX,P1,"Provide discoverable administration/operation UX for Localization, timezone, currency and UOM platform with role-appropriate views and safe defaults.",PVT-SP027-UX-001,APPROVED
SP027-UX-002,SP027,UX,P1,"Define loading, empty, error, forbidden, stale, conflict, retry and partial-failure states for Localization, timezone, currency and UOM platform.",PVT-SP027-UX-002,APPROVED
SP027-UX-003,SP027,UX,P1,"Preserve keyboard, responsive and mobile parity for critical Localization, timezone, currency and UOM platform actions or explicitly classify them as not applicable.",PVT-SP027-UX-003,APPROVED
SP027-SEC-001,SP027,SEC,P1,"Locale parsing ambiguity, DST errors, currency precision loss and inconsistent UOM conversion are primary threats.",SP027-TEST-SEC-01;PVT-SP027-SEC-001,APPROVED
SP027-SEC-002,SP027,SEC,P1,"Enforce least privilege, tenant/company/record scope, sensitive-field minimization and security-negative tests for Localization, timezone, currency and UOM platform.",SP027-TEST-SEC-02;PVT-SP027-SEC-002,APPROVED
SP027-AUTO-001,SP027,AUTO,P1,"Automation involving Localization, timezone, currency and UOM platform executes through the same public commands, authorization and idempotency controls as human-triggered actions.",PVT-SP027-AUTO-001,APPROVED
SP027-APP-001,SP027,APP,P1,"Changes to high-impact Localization, timezone, currency and UOM platform policy/configuration require maker-checker or privileged approval where the risk classification demands it; self-approval is explicitly governed.",PVT-SP027-APP-001,APPROVED
SP027-NOTIF-001,SP027,NOTIF,P1,"Generate notifications for actionable failures, approvals, expirations or security events from Localization, timezone, currency and UOM platform according to centralized preference/mandatory-notice policy.",PVT-SP027-NOTIF-001,APPROVED
SP027-REP-001,SP027,REP,P1,"Expose authorized operational reporting for Localization, timezone, currency and UOM platform: health, usage, exceptions, policy state, SLA/SLO or audit evidence as applicable, with drill-down to source.",PVT-SP027-REP-001,APPROVED
SP027-AI-001,SP027,AI,P1,"AI may explain or assist with Localization, timezone, currency and UOM platform only from authorized context; it cannot bypass its deterministic security/policy controls or directly mutate authoritative storage.",PVT-SP027-AI-001,APPROVED
SP027-INT-001,SP027,INT,P1,"Business modules consume Localization, timezone, currency and UOM platform through documented public contracts and never reimplement a weaker local variant.",SP027-TEST-INT-01;PVT-SP027-INT-001,APPROVED
SP027-INT-002,SP027,INT,P1,"Cross-service/job/integration use of Localization, timezone, currency and UOM platform carries trusted tenant context, correlation, retry and reconciliation semantics.",SP027-TEST-INT-02;PVT-SP027-INT-002,APPROVED
SP027-API-001,SP027,API,P1,"Define authenticated/versioned command and query contracts for Localization, timezone, currency and UOM platform where externally or cross-layer accessible, with object/function/property authorization.",SP027-TEST-API-01;PVT-SP027-API-001,APPROVED
SP027-API-002,SP027,API,P1,"API errors for Localization, timezone, currency and UOM platform are typed/actionable and unsafe retries use explicit idempotency keys or preconditions when needed.",SP027-TEST-API-02;PVT-SP027-API-002,APPROVED
SP027-PERF-001,SP027,PERF,P1,"Define latency/throughput/cardinality/volume budgets for Localization, timezone, currency and UOM platform; expensive global operations use pagination, batching, asynchronous execution or read models as appropriate.",SP027-TEST-PERF-01;PVT-SP027-PERF-001,APPROVED
SP027-OBS-001,SP027,OBS,P1,"Emit correlation-aware logs/metrics/traces and business diagnostics for Localization, timezone, currency and UOM platform without secrets/PII leakage; failures are alertable and reconcilable.",SP027-TEST-OBS-01;PVT-SP027-OBS-001,APPROVED
SP027-E2E-001,SP027,E2E,P1,"E2E happy-path proves Localization, timezone, currency and UOM platform works for an authorized tenant/user and produces expected visible/data/audit outcomes.",SP027-TEST-E2E-01;PVT-SP027-E2E-001,APPROVED
SP027-E2E-002,SP027,E2E,P1,"E2E negative/recovery path proves unauthorized, duplicate, stale or dependency-failure behavior for Localization, timezone, currency and UOM platform without cross-tenant or partial-state leakage.",SP027-TEST-E2E-02;PVT-SP027-E2E-002,APPROVED
SP027-UAT-001,SP027,UAT,P1,"Human UAT validates primary operator/admin workflow, visible states and evidence for Localization, timezone, currency and UOM platform.",SP027-UAT-01;PVT-SP027-UAT-001,APPROVED
SP027-UAT-002,SP027,UAT,P1,"Human UAT validates at least one failure/recovery/permission scenario and confirms documentation matches actual operator expectations for Localization, timezone, currency and UOM platform.",SP027-UAT-02;PVT-SP027-UAT-002,APPROVED
SP028-CAP-001,SP028,CAP,P0,"Provide a reusable platform capability for Privacy, consent, retention and data-subject controls.",PVT-SP028-CAP-001,APPROVED
SP028-CAP-002,SP028,CAP,P0,"Expose Privacy, consent, retention and data-subject controls through stable public contracts rather than module-private shortcuts.",PVT-SP028-CAP-002,APPROVED
SP028-CAP-003,SP028,CAP,P0,"Make Privacy, consent, retention and data-subject controls observable, testable and independently governable across all applicable modules.",PVT-SP028-CAP-003,APPROVED
SP028-FR-001,SP028,FR,P0,"Classify personal data, minimize collection, record applicable consent/notice basis, enforce retention/legal holds and support governed access/export/correction/deletion workflows subject to business/legal obligations.",PVT-SP028-FR-001,APPROVED
SP028-FR-002,SP028,FR,P0,Classify/collect -> notice/consent where applicable -> use/access -> retention/hold -> request intake -> verify -> export/correct/delete/restrict -> audit.,PVT-SP028-FR-002,APPROVED
SP028-FR-003,SP028,FR,P0,"Support administrative configuration, normal operation, failure/recovery and auditable lifecycle for Privacy, consent, retention and data-subject controls.",PVT-SP028-FR-003,APPROVED
SP028-US-001,SP028,US,P1,"As an authorized operator, I can use Privacy, consent, retention and data-subject controls without requiring module-specific duplicate implementations.",PVT-SP028-US-001,APPROVED
SP028-US-002,SP028,US,P1,"As a security/operations reviewer, I can prove Privacy, consent, retention and data-subject controls respects tenant scope, policy, audit and recovery controls.",PVT-SP028-US-002,APPROVED
SP028-FLOW-001,SP028,FLOW,P1,Classify/collect -> notice/consent where applicable -> use/access -> retention/hold -> request intake -> verify -> export/correct/delete/restrict -> audit.,PVT-SP028-FLOW-001,APPROVED
SP028-FLOW-002,SP028,FLOW,P1,Failure/retry flow: detect invalid/stale/duplicate/concurrent state -> reject or queue recovery -> preserve evidence -> reconcile -> retry only under documented semantics.,PVT-SP028-FLOW-002,APPROVED
SP028-BR-001,SP028,BR,P0,Deletion requests never corrupt statutory/audit/financial retention obligations.,SP028-TEST-BR-01;PVT-SP028-BR-001,APPROVED
SP028-BR-002,SP028,BR,P0,Exports are identity-verified and tenant-scoped.,SP028-TEST-BR-02;PVT-SP028-BR-002,APPROVED
SP028-DATA-001,SP028,DATA,P1,"Persist only the authoritative identifiers/configuration/evidence needed by Privacy, consent, retention and data-subject controls, with organization/company scope and lifecycle metadata where applicable.",PVT-SP028-DATA-001,APPROVED
SP028-DATA-002,SP028,DATA,P1,"Define retention, archival, effective-dating/version and deletion semantics for Privacy, consent, retention and data-subject controls; never infer historical truth from current configuration alone.",PVT-SP028-DATA-002,APPROVED
SP028-VAL-001,SP028,VAL,P1,"Validate organization/company/scope, lifecycle state and all required identifiers before executing Privacy, consent, retention and data-subject controls.",SP028-TEST-VAL-01;PVT-SP028-VAL-001,APPROVED
SP028-VAL-002,SP028,VAL,P1,"Reject malformed, stale, unauthorized, duplicate or policy-incompatible input with typed actionable errors.",SP028-TEST-VAL-02;PVT-SP028-VAL-002,APPROVED
SP028-CALC-001,SP028,CALC,P1,"Any counts, quotas, time windows, retry schedules, usage metrics or derived values in Privacy, consent, retention and data-subject controls use explicit deterministic precision/rounding/timezone rules; otherwise mark calculation not applicable.",PVT-SP028-CALC-001,APPROVED
SP028-UX-001,SP028,UX,P1,"Provide discoverable administration/operation UX for Privacy, consent, retention and data-subject controls with role-appropriate views and safe defaults.",PVT-SP028-UX-001,APPROVED
SP028-UX-002,SP028,UX,P1,"Define loading, empty, error, forbidden, stale, conflict, retry and partial-failure states for Privacy, consent, retention and data-subject controls.",PVT-SP028-UX-002,APPROVED
SP028-UX-003,SP028,UX,P1,"Preserve keyboard, responsive and mobile parity for critical Privacy, consent, retention and data-subject controls actions or explicitly classify them as not applicable.",PVT-SP028-UX-003,APPROVED
SP028-SEC-001,SP028,SEC,P0,"PII overexposure, unauthorized subject export, premature deletion and indefinite retention are primary threats.",SP028-TEST-SEC-01;PVT-SP028-SEC-001,APPROVED
SP028-SEC-002,SP028,SEC,P0,"Enforce least privilege, tenant/company/record scope, sensitive-field minimization and security-negative tests for Privacy, consent, retention and data-subject controls.",SP028-TEST-SEC-02;PVT-SP028-SEC-002,APPROVED
SP028-AUTO-001,SP028,AUTO,P1,"Automation involving Privacy, consent, retention and data-subject controls executes through the same public commands, authorization and idempotency controls as human-triggered actions.",PVT-SP028-AUTO-001,APPROVED
SP028-APP-001,SP028,APP,P1,"Changes to high-impact Privacy, consent, retention and data-subject controls policy/configuration require maker-checker or privileged approval where the risk classification demands it; self-approval is explicitly governed.",PVT-SP028-APP-001,APPROVED
SP028-NOTIF-001,SP028,NOTIF,P1,"Generate notifications for actionable failures, approvals, expirations or security events from Privacy, consent, retention and data-subject controls according to centralized preference/mandatory-notice policy.",PVT-SP028-NOTIF-001,APPROVED
SP028-REP-001,SP028,REP,P1,"Expose authorized operational reporting for Privacy, consent, retention and data-subject controls: health, usage, exceptions, policy state, SLA/SLO or audit evidence as applicable, with drill-down to source.",PVT-SP028-REP-001,APPROVED
SP028-AI-001,SP028,AI,P1,"AI may explain or assist with Privacy, consent, retention and data-subject controls only from authorized context; it cannot bypass its deterministic security/policy controls or directly mutate authoritative storage.",PVT-SP028-AI-001,APPROVED
SP028-INT-001,SP028,INT,P0,"Business modules consume Privacy, consent, retention and data-subject controls through documented public contracts and never reimplement a weaker local variant.",SP028-TEST-INT-01;PVT-SP028-INT-001,APPROVED
SP028-INT-002,SP028,INT,P0,"Cross-service/job/integration use of Privacy, consent, retention and data-subject controls carries trusted tenant context, correlation, retry and reconciliation semantics.",SP028-TEST-INT-02;PVT-SP028-INT-002,APPROVED
SP028-API-001,SP028,API,P0,"Define authenticated/versioned command and query contracts for Privacy, consent, retention and data-subject controls where externally or cross-layer accessible, with object/function/property authorization.",SP028-TEST-API-01;PVT-SP028-API-001,APPROVED
SP028-API-002,SP028,API,P0,"API errors for Privacy, consent, retention and data-subject controls are typed/actionable and unsafe retries use explicit idempotency keys or preconditions when needed.",SP028-TEST-API-02;PVT-SP028-API-002,APPROVED
SP028-PERF-001,SP028,PERF,P1,"Define latency/throughput/cardinality/volume budgets for Privacy, consent, retention and data-subject controls; expensive global operations use pagination, batching, asynchronous execution or read models as appropriate.",SP028-TEST-PERF-01;PVT-SP028-PERF-001,APPROVED
SP028-OBS-001,SP028,OBS,P1,"Emit correlation-aware logs/metrics/traces and business diagnostics for Privacy, consent, retention and data-subject controls without secrets/PII leakage; failures are alertable and reconcilable.",SP028-TEST-OBS-01;PVT-SP028-OBS-001,APPROVED
SP028-E2E-001,SP028,E2E,P1,"E2E happy-path proves Privacy, consent, retention and data-subject controls works for an authorized tenant/user and produces expected visible/data/audit outcomes.",SP028-TEST-E2E-01;PVT-SP028-E2E-001,APPROVED
SP028-E2E-002,SP028,E2E,P1,"E2E negative/recovery path proves unauthorized, duplicate, stale or dependency-failure behavior for Privacy, consent, retention and data-subject controls without cross-tenant or partial-state leakage.",SP028-TEST-E2E-02;PVT-SP028-E2E-002,APPROVED
SP028-UAT-001,SP028,UAT,P1,"Human UAT validates primary operator/admin workflow, visible states and evidence for Privacy, consent, retention and data-subject controls.",SP028-UAT-01;PVT-SP028-UAT-001,APPROVED
SP028-UAT-002,SP028,UAT,P1,"Human UAT validates at least one failure/recovery/permission scenario and confirms documentation matches actual operator expectations for Privacy, consent, retention and data-subject controls.",SP028-UAT-02;PVT-SP028-UAT-002,APPROVED
SP029-CAP-001,SP029,CAP,P0,"Provide a reusable platform capability for Security governance, secrets, keys and secure delivery.",PVT-SP029-CAP-001,APPROVED
SP029-CAP-002,SP029,CAP,P0,"Expose Security governance, secrets, keys and secure delivery through stable public contracts rather than module-private shortcuts.",PVT-SP029-CAP-002,APPROVED
SP029-CAP-003,SP029,CAP,P0,"Make Security governance, secrets, keys and secure delivery observable, testable and independently governable across all applicable modules.",PVT-SP029-CAP-003,APPROVED
SP029-FR-001,SP029,FR,P0,"Govern application security baseline, secret/key lifecycle, encryption, dependency/supply-chain controls, vulnerability management and privileged operational access.",PVT-SP029-FR-001,APPROVED
SP029-FR-002,SP029,FR,P0,Provision secret/key -> scoped use -> rotate/revoke -> audit; dependency/build -> verify -> scan -> attest/release -> patch/vulnerability response.,PVT-SP029-FR-002,APPROVED
SP029-FR-003,SP029,FR,P0,"Support administrative configuration, normal operation, failure/recovery and auditable lifecycle for Security governance, secrets, keys and secure delivery.",PVT-SP029-FR-003,APPROVED
SP029-US-001,SP029,US,P1,"As an authorized operator, I can use Security governance, secrets, keys and secure delivery without requiring module-specific duplicate implementations.",PVT-SP029-US-001,APPROVED
SP029-US-002,SP029,US,P1,"As a security/operations reviewer, I can prove Security governance, secrets, keys and secure delivery respects tenant scope, policy, audit and recovery controls.",PVT-SP029-US-002,APPROVED
SP029-FLOW-001,SP029,FLOW,P1,Provision secret/key -> scoped use -> rotate/revoke -> audit; dependency/build -> verify -> scan -> attest/release -> patch/vulnerability response.,PVT-SP029-FLOW-001,APPROVED
SP029-FLOW-002,SP029,FLOW,P1,Failure/retry flow: detect invalid/stale/duplicate/concurrent state -> reject or queue recovery -> preserve evidence -> reconcile -> retry only under documented semantics.,PVT-SP029-FLOW-002,APPROVED
SP029-BR-001,SP029,BR,P0,Production secrets never live in source control or client bundles.,SP029-TEST-BR-01;PVT-SP029-BR-001,APPROVED
SP029-BR-002,SP029,BR,P0,Keys/secrets are rotatable with least privilege.,SP029-TEST-BR-02;PVT-SP029-BR-002,APPROVED
SP029-DATA-001,SP029,DATA,P1,"Persist only the authoritative identifiers/configuration/evidence needed by Security governance, secrets, keys and secure delivery, with organization/company scope and lifecycle metadata where applicable.",PVT-SP029-DATA-001,APPROVED
SP029-DATA-002,SP029,DATA,P1,"Define retention, archival, effective-dating/version and deletion semantics for Security governance, secrets, keys and secure delivery; never infer historical truth from current configuration alone.",PVT-SP029-DATA-002,APPROVED
SP029-VAL-001,SP029,VAL,P1,"Validate organization/company/scope, lifecycle state and all required identifiers before executing Security governance, secrets, keys and secure delivery.",SP029-TEST-VAL-01;PVT-SP029-VAL-001,APPROVED
SP029-VAL-002,SP029,VAL,P1,"Reject malformed, stale, unauthorized, duplicate or policy-incompatible input with typed actionable errors.",SP029-TEST-VAL-02;PVT-SP029-VAL-002,APPROVED
SP029-CALC-001,SP029,CALC,P1,"Any counts, quotas, time windows, retry schedules, usage metrics or derived values in Security governance, secrets, keys and secure delivery use explicit deterministic precision/rounding/timezone rules; otherwise mark calculation not applicable.",PVT-SP029-CALC-001,APPROVED
SP029-UX-001,SP029,UX,P1,"Provide discoverable administration/operation UX for Security governance, secrets, keys and secure delivery with role-appropriate views and safe defaults.",PVT-SP029-UX-001,APPROVED
SP029-UX-002,SP029,UX,P1,"Define loading, empty, error, forbidden, stale, conflict, retry and partial-failure states for Security governance, secrets, keys and secure delivery.",PVT-SP029-UX-002,APPROVED
SP029-UX-003,SP029,UX,P1,"Preserve keyboard, responsive and mobile parity for critical Security governance, secrets, keys and secure delivery actions or explicitly classify them as not applicable.",PVT-SP029-UX-003,APPROVED
SP029-SEC-001,SP029,SEC,P0,"Secret leakage, supply-chain compromise, excessive cloud credentials, vulnerable dependencies and privileged abuse are primary threats.",SP029-TEST-SEC-01;PVT-SP029-SEC-001,APPROVED
SP029-SEC-002,SP029,SEC,P0,"Enforce least privilege, tenant/company/record scope, sensitive-field minimization and security-negative tests for Security governance, secrets, keys and secure delivery.",SP029-TEST-SEC-02;PVT-SP029-SEC-002,APPROVED
SP029-AUTO-001,SP029,AUTO,P1,"Automation involving Security governance, secrets, keys and secure delivery executes through the same public commands, authorization and idempotency controls as human-triggered actions.",PVT-SP029-AUTO-001,APPROVED
SP029-APP-001,SP029,APP,P1,"Changes to high-impact Security governance, secrets, keys and secure delivery policy/configuration require maker-checker or privileged approval where the risk classification demands it; self-approval is explicitly governed.",PVT-SP029-APP-001,APPROVED
SP029-NOTIF-001,SP029,NOTIF,P1,"Generate notifications for actionable failures, approvals, expirations or security events from Security governance, secrets, keys and secure delivery according to centralized preference/mandatory-notice policy.",PVT-SP029-NOTIF-001,APPROVED
SP029-REP-001,SP029,REP,P1,"Expose authorized operational reporting for Security governance, secrets, keys and secure delivery: health, usage, exceptions, policy state, SLA/SLO or audit evidence as applicable, with drill-down to source.",PVT-SP029-REP-001,APPROVED
SP029-AI-001,SP029,AI,P1,"AI may explain or assist with Security governance, secrets, keys and secure delivery only from authorized context; it cannot bypass its deterministic security/policy controls or directly mutate authoritative storage.",PVT-SP029-AI-001,APPROVED
SP029-INT-001,SP029,INT,P0,"Business modules consume Security governance, secrets, keys and secure delivery through documented public contracts and never reimplement a weaker local variant.",SP029-TEST-INT-01;PVT-SP029-INT-001,APPROVED
SP029-INT-002,SP029,INT,P0,"Cross-service/job/integration use of Security governance, secrets, keys and secure delivery carries trusted tenant context, correlation, retry and reconciliation semantics.",SP029-TEST-INT-02;PVT-SP029-INT-002,APPROVED
SP029-API-001,SP029,API,P0,"Define authenticated/versioned command and query contracts for Security governance, secrets, keys and secure delivery where externally or cross-layer accessible, with object/function/property authorization.",SP029-TEST-API-01;PVT-SP029-API-001,APPROVED
SP029-API-002,SP029,API,P0,"API errors for Security governance, secrets, keys and secure delivery are typed/actionable and unsafe retries use explicit idempotency keys or preconditions when needed.",SP029-TEST-API-02;PVT-SP029-API-002,APPROVED
SP029-PERF-001,SP029,PERF,P1,"Define latency/throughput/cardinality/volume budgets for Security governance, secrets, keys and secure delivery; expensive global operations use pagination, batching, asynchronous execution or read models as appropriate.",SP029-TEST-PERF-01;PVT-SP029-PERF-001,APPROVED
SP029-OBS-001,SP029,OBS,P1,"Emit correlation-aware logs/metrics/traces and business diagnostics for Security governance, secrets, keys and secure delivery without secrets/PII leakage; failures are alertable and reconcilable.",SP029-TEST-OBS-01;PVT-SP029-OBS-001,APPROVED
SP029-E2E-001,SP029,E2E,P1,"E2E happy-path proves Security governance, secrets, keys and secure delivery works for an authorized tenant/user and produces expected visible/data/audit outcomes.",SP029-TEST-E2E-01;PVT-SP029-E2E-001,APPROVED
SP029-E2E-002,SP029,E2E,P1,"E2E negative/recovery path proves unauthorized, duplicate, stale or dependency-failure behavior for Security governance, secrets, keys and secure delivery without cross-tenant or partial-state leakage.",SP029-TEST-E2E-02;PVT-SP029-E2E-002,APPROVED
SP029-UAT-001,SP029,UAT,P1,"Human UAT validates primary operator/admin workflow, visible states and evidence for Security governance, secrets, keys and secure delivery.",SP029-UAT-01;PVT-SP029-UAT-001,APPROVED
SP029-UAT-002,SP029,UAT,P1,"Human UAT validates at least one failure/recovery/permission scenario and confirms documentation matches actual operator expectations for Security governance, secrets, keys and secure delivery.",SP029-UAT-02;PVT-SP029-UAT-002,APPROVED
SP030-CAP-001,SP030,CAP,P0,"Provide a reusable platform capability for Observability, diagnostics and supportability.",PVT-SP030-CAP-001,APPROVED
SP030-CAP-002,SP030,CAP,P0,"Expose Observability, diagnostics and supportability through stable public contracts rather than module-private shortcuts.",PVT-SP030-CAP-002,APPROVED
SP030-CAP-003,SP030,CAP,P0,"Make Observability, diagnostics and supportability observable, testable and independently governable across all applicable modules.",PVT-SP030-CAP-003,APPROVED
SP030-FR-001,SP030,FR,P0,"Provide correlated logs, metrics and traces plus business diagnostics, dashboards and support-safe tooling across web/API/worker/integrations.",PVT-SP030-FR-001,APPROVED
SP030-FR-002,SP030,FR,P0,Request/job/event -> trace/log/metric -> dashboard/alert -> investigate with correlation -> remediate/reconcile -> post-incident evidence.,PVT-SP030-FR-002,APPROVED
SP030-FR-003,SP030,FR,P0,"Support administrative configuration, normal operation, failure/recovery and auditable lifecycle for Observability, diagnostics and supportability.",PVT-SP030-FR-003,APPROVED
SP030-US-001,SP030,US,P1,"As an authorized operator, I can use Observability, diagnostics and supportability without requiring module-specific duplicate implementations.",PVT-SP030-US-001,APPROVED
SP030-US-002,SP030,US,P1,"As a security/operations reviewer, I can prove Observability, diagnostics and supportability respects tenant scope, policy, audit and recovery controls.",PVT-SP030-US-002,APPROVED
SP030-FLOW-001,SP030,FLOW,P1,Request/job/event -> trace/log/metric -> dashboard/alert -> investigate with correlation -> remediate/reconcile -> post-incident evidence.,PVT-SP030-FLOW-001,APPROVED
SP030-FLOW-002,SP030,FLOW,P1,Failure/retry flow: detect invalid/stale/duplicate/concurrent state -> reject or queue recovery -> preserve evidence -> reconcile -> retry only under documented semantics.,PVT-SP030-FLOW-002,APPROVED
SP030-BR-001,SP030,BR,P0,Correlation preserves tenant/request/job identity without logging secrets.,SP030-TEST-BR-01;PVT-SP030-BR-001,APPROVED
SP030-BR-002,SP030,BR,P0,Business failures expose actionable diagnostics and reconciliation keys.,SP030-TEST-BR-02;PVT-SP030-BR-002,APPROVED
SP030-DATA-001,SP030,DATA,P1,"Persist only the authoritative identifiers/configuration/evidence needed by Observability, diagnostics and supportability, with organization/company scope and lifecycle metadata where applicable.",PVT-SP030-DATA-001,APPROVED
SP030-DATA-002,SP030,DATA,P1,"Define retention, archival, effective-dating/version and deletion semantics for Observability, diagnostics and supportability; never infer historical truth from current configuration alone.",PVT-SP030-DATA-002,APPROVED
SP030-VAL-001,SP030,VAL,P1,"Validate organization/company/scope, lifecycle state and all required identifiers before executing Observability, diagnostics and supportability.",SP030-TEST-VAL-01;PVT-SP030-VAL-001,APPROVED
SP030-VAL-002,SP030,VAL,P1,"Reject malformed, stale, unauthorized, duplicate or policy-incompatible input with typed actionable errors.",SP030-TEST-VAL-02;PVT-SP030-VAL-002,APPROVED
SP030-CALC-001,SP030,CALC,P1,"Any counts, quotas, time windows, retry schedules, usage metrics or derived values in Observability, diagnostics and supportability use explicit deterministic precision/rounding/timezone rules; otherwise mark calculation not applicable.",PVT-SP030-CALC-001,APPROVED
SP030-UX-001,SP030,UX,P1,"Provide discoverable administration/operation UX for Observability, diagnostics and supportability with role-appropriate views and safe defaults.",PVT-SP030-UX-001,APPROVED
SP030-UX-002,SP030,UX,P1,"Define loading, empty, error, forbidden, stale, conflict, retry and partial-failure states for Observability, diagnostics and supportability.",PVT-SP030-UX-002,APPROVED
SP030-UX-003,SP030,UX,P1,"Preserve keyboard, responsive and mobile parity for critical Observability, diagnostics and supportability actions or explicitly classify them as not applicable.",PVT-SP030-UX-003,APPROVED
SP030-SEC-001,SP030,SEC,P0,"Sensitive logging, missing correlation, alert floods, silent async failure and unaudited support access are primary threats.",SP030-TEST-SEC-01;PVT-SP030-SEC-001,APPROVED
SP030-SEC-002,SP030,SEC,P0,"Enforce least privilege, tenant/company/record scope, sensitive-field minimization and security-negative tests for Observability, diagnostics and supportability.",SP030-TEST-SEC-02;PVT-SP030-SEC-002,APPROVED
SP030-AUTO-001,SP030,AUTO,P1,"Automation involving Observability, diagnostics and supportability executes through the same public commands, authorization and idempotency controls as human-triggered actions.",PVT-SP030-AUTO-001,APPROVED
SP030-APP-001,SP030,APP,P1,"Changes to high-impact Observability, diagnostics and supportability policy/configuration require maker-checker or privileged approval where the risk classification demands it; self-approval is explicitly governed.",PVT-SP030-APP-001,APPROVED
SP030-NOTIF-001,SP030,NOTIF,P1,"Generate notifications for actionable failures, approvals, expirations or security events from Observability, diagnostics and supportability according to centralized preference/mandatory-notice policy.",PVT-SP030-NOTIF-001,APPROVED
SP030-REP-001,SP030,REP,P1,"Expose authorized operational reporting for Observability, diagnostics and supportability: health, usage, exceptions, policy state, SLA/SLO or audit evidence as applicable, with drill-down to source.",PVT-SP030-REP-001,APPROVED
SP030-AI-001,SP030,AI,P1,"AI may explain or assist with Observability, diagnostics and supportability only from authorized context; it cannot bypass its deterministic security/policy controls or directly mutate authoritative storage.",PVT-SP030-AI-001,APPROVED
SP030-INT-001,SP030,INT,P0,"Business modules consume Observability, diagnostics and supportability through documented public contracts and never reimplement a weaker local variant.",SP030-TEST-INT-01;PVT-SP030-INT-001,APPROVED
SP030-INT-002,SP030,INT,P0,"Cross-service/job/integration use of Observability, diagnostics and supportability carries trusted tenant context, correlation, retry and reconciliation semantics.",SP030-TEST-INT-02;PVT-SP030-INT-002,APPROVED
SP030-API-001,SP030,API,P0,"Define authenticated/versioned command and query contracts for Observability, diagnostics and supportability where externally or cross-layer accessible, with object/function/property authorization.",SP030-TEST-API-01;PVT-SP030-API-001,APPROVED
SP030-API-002,SP030,API,P0,"API errors for Observability, diagnostics and supportability are typed/actionable and unsafe retries use explicit idempotency keys or preconditions when needed.",SP030-TEST-API-02;PVT-SP030-API-002,APPROVED
SP030-PERF-001,SP030,PERF,P1,"Define latency/throughput/cardinality/volume budgets for Observability, diagnostics and supportability; expensive global operations use pagination, batching, asynchronous execution or read models as appropriate.",SP030-TEST-PERF-01;PVT-SP030-PERF-001,APPROVED
SP030-OBS-001,SP030,OBS,P1,"Emit correlation-aware logs/metrics/traces and business diagnostics for Observability, diagnostics and supportability without secrets/PII leakage; failures are alertable and reconcilable.",SP030-TEST-OBS-01;PVT-SP030-OBS-001,APPROVED
SP030-E2E-001,SP030,E2E,P1,"E2E happy-path proves Observability, diagnostics and supportability works for an authorized tenant/user and produces expected visible/data/audit outcomes.",SP030-TEST-E2E-01;PVT-SP030-E2E-001,APPROVED
SP030-E2E-002,SP030,E2E,P1,"E2E negative/recovery path proves unauthorized, duplicate, stale or dependency-failure behavior for Observability, diagnostics and supportability without cross-tenant or partial-state leakage.",SP030-TEST-E2E-02;PVT-SP030-E2E-002,APPROVED
SP030-UAT-001,SP030,UAT,P1,"Human UAT validates primary operator/admin workflow, visible states and evidence for Observability, diagnostics and supportability.",SP030-UAT-01;PVT-SP030-UAT-001,APPROVED
SP030-UAT-002,SP030,UAT,P1,"Human UAT validates at least one failure/recovery/permission scenario and confirms documentation matches actual operator expectations for Observability, diagnostics and supportability.",SP030-UAT-02;PVT-SP030-UAT-002,APPROVED
SP031-CAP-001,SP031,CAP,P1,"Provide a reusable platform capability for Reporting, analytics and read-model platform.",PVT-SP031-CAP-001,APPROVED
SP031-CAP-002,SP031,CAP,P1,"Expose Reporting, analytics and read-model platform through stable public contracts rather than module-private shortcuts.",PVT-SP031-CAP-002,APPROVED
SP031-CAP-003,SP031,CAP,P1,"Make Reporting, analytics and read-model platform observable, testable and independently governable across all applicable modules.",PVT-SP031-CAP-003,APPROVED
SP031-FR-001,SP031,FR,P1,"Provide reusable reporting/read-model infrastructure, filtering, scheduled exports and governed aggregation without bypassing row/field permissions or authoritative source reconciliation.",PVT-SP031-FR-001,APPROVED
SP031-FR-002,SP031,FR,P1,Select report -> scope/filter -> query read model -> drill to source -> export/schedule -> reconcile freshness/authority.,PVT-SP031-FR-002,APPROVED
SP031-FR-003,SP031,FR,P1,"Support administrative configuration, normal operation, failure/recovery and auditable lifecycle for Reporting, analytics and read-model platform.",PVT-SP031-FR-003,APPROVED
SP031-US-001,SP031,US,P1,"As an authorized operator, I can use Reporting, analytics and read-model platform without requiring module-specific duplicate implementations.",PVT-SP031-US-001,APPROVED
SP031-US-002,SP031,US,P1,"As a security/operations reviewer, I can prove Reporting, analytics and read-model platform respects tenant scope, policy, audit and recovery controls.",PVT-SP031-US-002,APPROVED
SP031-FLOW-001,SP031,FLOW,P1,Select report -> scope/filter -> query read model -> drill to source -> export/schedule -> reconcile freshness/authority.,PVT-SP031-FLOW-001,APPROVED
SP031-FLOW-002,SP031,FLOW,P1,Failure/retry flow: detect invalid/stale/duplicate/concurrent state -> reject or queue recovery -> preserve evidence -> reconcile -> retry only under documented semantics.,PVT-SP031-FLOW-002,APPROVED
SP031-BR-001,SP031,BR,P1,"Reports are derived views, not alternate systems of record.",SP031-TEST-BR-01;PVT-SP031-BR-001,APPROVED
SP031-BR-002,SP031,BR,P1,Row/field authorization applies to report data.,SP031-TEST-BR-02;PVT-SP031-BR-002,APPROVED
SP031-DATA-001,SP031,DATA,P1,"Persist only the authoritative identifiers/configuration/evidence needed by Reporting, analytics and read-model platform, with organization/company scope and lifecycle metadata where applicable.",PVT-SP031-DATA-001,APPROVED
SP031-DATA-002,SP031,DATA,P1,"Define retention, archival, effective-dating/version and deletion semantics for Reporting, analytics and read-model platform; never infer historical truth from current configuration alone.",PVT-SP031-DATA-002,APPROVED
SP031-VAL-001,SP031,VAL,P1,"Validate organization/company/scope, lifecycle state and all required identifiers before executing Reporting, analytics and read-model platform.",SP031-TEST-VAL-01;PVT-SP031-VAL-001,APPROVED
SP031-VAL-002,SP031,VAL,P1,"Reject malformed, stale, unauthorized, duplicate or policy-incompatible input with typed actionable errors.",SP031-TEST-VAL-02;PVT-SP031-VAL-002,APPROVED
SP031-CALC-001,SP031,CALC,P1,"Any counts, quotas, time windows, retry schedules, usage metrics or derived values in Reporting, analytics and read-model platform use explicit deterministic precision/rounding/timezone rules; otherwise mark calculation not applicable.",PVT-SP031-CALC-001,APPROVED
SP031-UX-001,SP031,UX,P1,"Provide discoverable administration/operation UX for Reporting, analytics and read-model platform with role-appropriate views and safe defaults.",PVT-SP031-UX-001,APPROVED
SP031-UX-002,SP031,UX,P1,"Define loading, empty, error, forbidden, stale, conflict, retry and partial-failure states for Reporting, analytics and read-model platform.",PVT-SP031-UX-002,APPROVED
SP031-UX-003,SP031,UX,P1,"Preserve keyboard, responsive and mobile parity for critical Reporting, analytics and read-model platform actions or explicitly classify them as not applicable.",PVT-SP031-UX-003,APPROVED
SP031-SEC-001,SP031,SEC,P1,"Aggregated data leakage, stale read models, expensive queries and report-vs-source disagreement are primary threats.",SP031-TEST-SEC-01;PVT-SP031-SEC-001,APPROVED
SP031-SEC-002,SP031,SEC,P1,"Enforce least privilege, tenant/company/record scope, sensitive-field minimization and security-negative tests for Reporting, analytics and read-model platform.",SP031-TEST-SEC-02;PVT-SP031-SEC-002,APPROVED
SP031-AUTO-001,SP031,AUTO,P1,"Automation involving Reporting, analytics and read-model platform executes through the same public commands, authorization and idempotency controls as human-triggered actions.",PVT-SP031-AUTO-001,APPROVED
SP031-APP-001,SP031,APP,P1,"Changes to high-impact Reporting, analytics and read-model platform policy/configuration require maker-checker or privileged approval where the risk classification demands it; self-approval is explicitly governed.",PVT-SP031-APP-001,APPROVED
SP031-NOTIF-001,SP031,NOTIF,P1,"Generate notifications for actionable failures, approvals, expirations or security events from Reporting, analytics and read-model platform according to centralized preference/mandatory-notice policy.",PVT-SP031-NOTIF-001,APPROVED
SP031-REP-001,SP031,REP,P1,"Expose authorized operational reporting for Reporting, analytics and read-model platform: health, usage, exceptions, policy state, SLA/SLO or audit evidence as applicable, with drill-down to source.",PVT-SP031-REP-001,APPROVED
SP031-AI-001,SP031,AI,P1,"AI may explain or assist with Reporting, analytics and read-model platform only from authorized context; it cannot bypass its deterministic security/policy controls or directly mutate authoritative storage.",PVT-SP031-AI-001,APPROVED
SP031-INT-001,SP031,INT,P1,"Business modules consume Reporting, analytics and read-model platform through documented public contracts and never reimplement a weaker local variant.",SP031-TEST-INT-01;PVT-SP031-INT-001,APPROVED
SP031-INT-002,SP031,INT,P1,"Cross-service/job/integration use of Reporting, analytics and read-model platform carries trusted tenant context, correlation, retry and reconciliation semantics.",SP031-TEST-INT-02;PVT-SP031-INT-002,APPROVED
SP031-API-001,SP031,API,P1,"Define authenticated/versioned command and query contracts for Reporting, analytics and read-model platform where externally or cross-layer accessible, with object/function/property authorization.",SP031-TEST-API-01;PVT-SP031-API-001,APPROVED
SP031-API-002,SP031,API,P1,"API errors for Reporting, analytics and read-model platform are typed/actionable and unsafe retries use explicit idempotency keys or preconditions when needed.",SP031-TEST-API-02;PVT-SP031-API-002,APPROVED
SP031-PERF-001,SP031,PERF,P1,"Define latency/throughput/cardinality/volume budgets for Reporting, analytics and read-model platform; expensive global operations use pagination, batching, asynchronous execution or read models as appropriate.",SP031-TEST-PERF-01;PVT-SP031-PERF-001,APPROVED
SP031-OBS-001,SP031,OBS,P1,"Emit correlation-aware logs/metrics/traces and business diagnostics for Reporting, analytics and read-model platform without secrets/PII leakage; failures are alertable and reconcilable.",SP031-TEST-OBS-01;PVT-SP031-OBS-001,APPROVED
SP031-E2E-001,SP031,E2E,P1,"E2E happy-path proves Reporting, analytics and read-model platform works for an authorized tenant/user and produces expected visible/data/audit outcomes.",SP031-TEST-E2E-01;PVT-SP031-E2E-001,APPROVED
SP031-E2E-002,SP031,E2E,P1,"E2E negative/recovery path proves unauthorized, duplicate, stale or dependency-failure behavior for Reporting, analytics and read-model platform without cross-tenant or partial-state leakage.",SP031-TEST-E2E-02;PVT-SP031-E2E-002,APPROVED
SP031-UAT-001,SP031,UAT,P1,"Human UAT validates primary operator/admin workflow, visible states and evidence for Reporting, analytics and read-model platform.",SP031-UAT-01;PVT-SP031-UAT-001,APPROVED
SP031-UAT-002,SP031,UAT,P1,"Human UAT validates at least one failure/recovery/permission scenario and confirms documentation matches actual operator expectations for Reporting, analytics and read-model platform.",SP031-UAT-02;PVT-SP031-UAT-002,APPROVED
SP032-CAP-001,SP032,CAP,P0,Provide a reusable platform capability for Accessibility and inclusive interaction.,PVT-SP032-CAP-001,APPROVED
SP032-CAP-002,SP032,CAP,P0,Expose Accessibility and inclusive interaction through stable public contracts rather than module-private shortcuts.,PVT-SP032-CAP-002,APPROVED
SP032-CAP-003,SP032,CAP,P0,"Make Accessibility and inclusive interaction observable, testable and independently governable across all applicable modules.",PVT-SP032-CAP-003,APPROVED
SP032-FR-001,SP032,FR,P0,"Make protected ERP workflows operable with keyboard, screen readers, zoom/reflow, status announcements, sufficient target sizing/contrast and non-drag alternatives to WCAG 2.2 AA intent.",PVT-SP032-FR-001,APPROVED
SP032-FR-002,SP032,FR,P0,Design component -> keyboard/focus semantics -> screen-reader labeling/status -> error recovery -> automated axe + manual assistive-tech UAT.,PVT-SP032-FR-002,APPROVED
SP032-FR-003,SP032,FR,P0,"Support administrative configuration, normal operation, failure/recovery and auditable lifecycle for Accessibility and inclusive interaction.",PVT-SP032-FR-003,APPROVED
SP032-US-001,SP032,US,P1,"As an authorized operator, I can use Accessibility and inclusive interaction without requiring module-specific duplicate implementations.",PVT-SP032-US-001,APPROVED
SP032-US-002,SP032,US,P1,"As a security/operations reviewer, I can prove Accessibility and inclusive interaction respects tenant scope, policy, audit and recovery controls.",PVT-SP032-US-002,APPROVED
SP032-FLOW-001,SP032,FLOW,P1,Design component -> keyboard/focus semantics -> screen-reader labeling/status -> error recovery -> automated axe + manual assistive-tech UAT.,PVT-SP032-FLOW-001,APPROVED
SP032-FLOW-002,SP032,FLOW,P1,Failure/retry flow: detect invalid/stale/duplicate/concurrent state -> reject or queue recovery -> preserve evidence -> reconcile -> retry only under documented semantics.,PVT-SP032-FLOW-002,APPROVED
SP032-BR-001,SP032,BR,P0,Critical actions never require pointer-only drag/gesture.,SP032-TEST-BR-01;PVT-SP032-BR-001,APPROVED
SP032-BR-002,SP032,BR,P0,"Errors, status and focus changes are programmatically communicated.",SP032-TEST-BR-02;PVT-SP032-BR-002,APPROVED
SP032-DATA-001,SP032,DATA,P1,"Persist only the authoritative identifiers/configuration/evidence needed by Accessibility and inclusive interaction, with organization/company scope and lifecycle metadata where applicable.",PVT-SP032-DATA-001,APPROVED
SP032-DATA-002,SP032,DATA,P1,"Define retention, archival, effective-dating/version and deletion semantics for Accessibility and inclusive interaction; never infer historical truth from current configuration alone.",PVT-SP032-DATA-002,APPROVED
SP032-VAL-001,SP032,VAL,P1,"Validate organization/company/scope, lifecycle state and all required identifiers before executing Accessibility and inclusive interaction.",SP032-TEST-VAL-01;PVT-SP032-VAL-001,APPROVED
SP032-VAL-002,SP032,VAL,P1,"Reject malformed, stale, unauthorized, duplicate or policy-incompatible input with typed actionable errors.",SP032-TEST-VAL-02;PVT-SP032-VAL-002,APPROVED
SP032-CALC-001,SP032,CALC,P1,"Any counts, quotas, time windows, retry schedules, usage metrics or derived values in Accessibility and inclusive interaction use explicit deterministic precision/rounding/timezone rules; otherwise mark calculation not applicable.",PVT-SP032-CALC-001,APPROVED
SP032-UX-001,SP032,UX,P1,Provide discoverable administration/operation UX for Accessibility and inclusive interaction with role-appropriate views and safe defaults.,PVT-SP032-UX-001,APPROVED
SP032-UX-002,SP032,UX,P1,"Define loading, empty, error, forbidden, stale, conflict, retry and partial-failure states for Accessibility and inclusive interaction.",PVT-SP032-UX-002,APPROVED
SP032-UX-003,SP032,UX,P1,"Preserve keyboard, responsive and mobile parity for critical Accessibility and inclusive interaction actions or explicitly classify them as not applicable.",PVT-SP032-UX-003,APPROVED
SP032-SEC-001,SP032,SEC,P0,"Keyboard traps, inaccessible dense grids, hidden errors and touch-only workflows are primary risks.",SP032-TEST-SEC-01;PVT-SP032-SEC-001,APPROVED
SP032-SEC-002,SP032,SEC,P0,"Enforce least privilege, tenant/company/record scope, sensitive-field minimization and security-negative tests for Accessibility and inclusive interaction.",SP032-TEST-SEC-02;PVT-SP032-SEC-002,APPROVED
SP032-AUTO-001,SP032,AUTO,P1,"Automation involving Accessibility and inclusive interaction executes through the same public commands, authorization and idempotency controls as human-triggered actions.",PVT-SP032-AUTO-001,APPROVED
SP032-APP-001,SP032,APP,P1,Changes to high-impact Accessibility and inclusive interaction policy/configuration require maker-checker or privileged approval where the risk classification demands it; self-approval is explicitly governed.,PVT-SP032-APP-001,APPROVED
SP032-NOTIF-001,SP032,NOTIF,P1,"Generate notifications for actionable failures, approvals, expirations or security events from Accessibility and inclusive interaction according to centralized preference/mandatory-notice policy.",PVT-SP032-NOTIF-001,APPROVED
SP032-REP-001,SP032,REP,P1,"Expose authorized operational reporting for Accessibility and inclusive interaction: health, usage, exceptions, policy state, SLA/SLO or audit evidence as applicable, with drill-down to source.",PVT-SP032-REP-001,APPROVED
SP032-AI-001,SP032,AI,P1,AI may explain or assist with Accessibility and inclusive interaction only from authorized context; it cannot bypass its deterministic security/policy controls or directly mutate authoritative storage.,PVT-SP032-AI-001,APPROVED
SP032-INT-001,SP032,INT,P0,Business modules consume Accessibility and inclusive interaction through documented public contracts and never reimplement a weaker local variant.,SP032-TEST-INT-01;PVT-SP032-INT-001,APPROVED
SP032-INT-002,SP032,INT,P0,"Cross-service/job/integration use of Accessibility and inclusive interaction carries trusted tenant context, correlation, retry and reconciliation semantics.",SP032-TEST-INT-02;PVT-SP032-INT-002,APPROVED
SP032-API-001,SP032,API,P0,"Define authenticated/versioned command and query contracts for Accessibility and inclusive interaction where externally or cross-layer accessible, with object/function/property authorization.",SP032-TEST-API-01;PVT-SP032-API-001,APPROVED
SP032-API-002,SP032,API,P0,API errors for Accessibility and inclusive interaction are typed/actionable and unsafe retries use explicit idempotency keys or preconditions when needed.,SP032-TEST-API-02;PVT-SP032-API-002,APPROVED
SP032-PERF-001,SP032,PERF,P1,"Define latency/throughput/cardinality/volume budgets for Accessibility and inclusive interaction; expensive global operations use pagination, batching, asynchronous execution or read models as appropriate.",SP032-TEST-PERF-01;PVT-SP032-PERF-001,APPROVED
SP032-OBS-001,SP032,OBS,P1,Emit correlation-aware logs/metrics/traces and business diagnostics for Accessibility and inclusive interaction without secrets/PII leakage; failures are alertable and reconcilable.,SP032-TEST-OBS-01;PVT-SP032-OBS-001,APPROVED
SP032-E2E-001,SP032,E2E,P1,E2E happy-path proves Accessibility and inclusive interaction works for an authorized tenant/user and produces expected visible/data/audit outcomes.,SP032-TEST-E2E-01;PVT-SP032-E2E-001,APPROVED
SP032-E2E-002,SP032,E2E,P1,"E2E negative/recovery path proves unauthorized, duplicate, stale or dependency-failure behavior for Accessibility and inclusive interaction without cross-tenant or partial-state leakage.",SP032-TEST-E2E-02;PVT-SP032-E2E-002,APPROVED
SP032-UAT-001,SP032,UAT,P1,"Human UAT validates primary operator/admin workflow, visible states and evidence for Accessibility and inclusive interaction.",SP032-UAT-01;PVT-SP032-UAT-001,APPROVED
SP032-UAT-002,SP032,UAT,P1,Human UAT validates at least one failure/recovery/permission scenario and confirms documentation matches actual operator expectations for Accessibility and inclusive interaction.,SP032-UAT-02;PVT-SP032-UAT-002,APPROVED
SP033-CAP-001,SP033,CAP,P0,"Provide a reusable platform capability for Experience Kernel, responsive web and cross-device UX.",PVT-SP033-CAP-001,APPROVED
SP033-CAP-002,SP033,CAP,P0,"Expose Experience Kernel, responsive web and cross-device UX through stable public contracts rather than module-private shortcuts.",PVT-SP033-CAP-002,APPROVED
SP033-CAP-003,SP033,CAP,P0,"Make Experience Kernel, responsive web and cross-device UX observable, testable and independently governable across all applicable modules.",PVT-SP033-CAP-003,APPROVED
SP033-FR-001,SP033,FR,P0,"Freeze reusable ERP layout/components/states so all modules share navigation, records, grids, forms, approvals, audit, dashboards and responsive behavior across desktop/tablet/phone.",PVT-SP033-FR-001,APPROVED
SP033-FR-002,SP033,FR,P0,Navigate workspace -> list/search -> record 360 -> create/edit/action -> approvals/audit/related records -> responsive adaptation -> error/conflict recovery.,PVT-SP033-FR-002,APPROVED
SP033-FR-003,SP033,FR,P0,"Support administrative configuration, normal operation, failure/recovery and auditable lifecycle for Experience Kernel, responsive web and cross-device UX.",PVT-SP033-FR-003,APPROVED
SP033-US-001,SP033,US,P1,"As an authorized operator, I can use Experience Kernel, responsive web and cross-device UX without requiring module-specific duplicate implementations.",PVT-SP033-US-001,APPROVED
SP033-US-002,SP033,US,P1,"As a security/operations reviewer, I can prove Experience Kernel, responsive web and cross-device UX respects tenant scope, policy, audit and recovery controls.",PVT-SP033-US-002,APPROVED
SP033-FLOW-001,SP033,FLOW,P1,Navigate workspace -> list/search -> record 360 -> create/edit/action -> approvals/audit/related records -> responsive adaptation -> error/conflict recovery.,PVT-SP033-FLOW-001,APPROVED
SP033-FLOW-002,SP033,FLOW,P1,Failure/retry flow: detect invalid/stale/duplicate/concurrent state -> reject or queue recovery -> preserve evidence -> reconcile -> retry only under documented semantics.,PVT-SP033-FLOW-002,APPROVED
SP033-BR-001,SP033,BR,P0,Reusable UI does not imply generic CRUD; module-specific workflows remain domain-owned.,SP033-TEST-BR-01;PVT-SP033-BR-001,APPROVED
SP033-BR-002,SP033,BR,P0,Every major surface defines loading/empty/error/forbidden/stale/conflict/offline states.,SP033-TEST-BR-02;PVT-SP033-BR-002,APPROVED
SP033-DATA-001,SP033,DATA,P1,"Persist only the authoritative identifiers/configuration/evidence needed by Experience Kernel, responsive web and cross-device UX, with organization/company scope and lifecycle metadata where applicable.",PVT-SP033-DATA-001,APPROVED
SP033-DATA-002,SP033,DATA,P1,"Define retention, archival, effective-dating/version and deletion semantics for Experience Kernel, responsive web and cross-device UX; never infer historical truth from current configuration alone.",PVT-SP033-DATA-002,APPROVED
SP033-VAL-001,SP033,VAL,P1,"Validate organization/company/scope, lifecycle state and all required identifiers before executing Experience Kernel, responsive web and cross-device UX.",SP033-TEST-VAL-01;PVT-SP033-VAL-001,APPROVED
SP033-VAL-002,SP033,VAL,P1,"Reject malformed, stale, unauthorized, duplicate or policy-incompatible input with typed actionable errors.",SP033-TEST-VAL-02;PVT-SP033-VAL-002,APPROVED
SP033-CALC-001,SP033,CALC,P1,"Any counts, quotas, time windows, retry schedules, usage metrics or derived values in Experience Kernel, responsive web and cross-device UX use explicit deterministic precision/rounding/timezone rules; otherwise mark calculation not applicable.",PVT-SP033-CALC-001,APPROVED
SP033-UX-001,SP033,UX,P1,"Provide discoverable administration/operation UX for Experience Kernel, responsive web and cross-device UX with role-appropriate views and safe defaults.",PVT-SP033-UX-001,APPROVED
SP033-UX-002,SP033,UX,P1,"Define loading, empty, error, forbidden, stale, conflict, retry and partial-failure states for Experience Kernel, responsive web and cross-device UX.",PVT-SP033-UX-002,APPROVED
SP033-UX-003,SP033,UX,P1,"Preserve keyboard, responsive and mobile parity for critical Experience Kernel, responsive web and cross-device UX actions or explicitly classify them as not applicable.",PVT-SP033-UX-003,APPROVED
SP033-SEC-001,SP033,SEC,P0,"Inconsistent module UX, hidden mobile actions, inaccessible dense data and destructive actions without confirmation/recovery are primary risks.",SP033-TEST-SEC-01;PVT-SP033-SEC-001,APPROVED
SP033-SEC-002,SP033,SEC,P0,"Enforce least privilege, tenant/company/record scope, sensitive-field minimization and security-negative tests for Experience Kernel, responsive web and cross-device UX.",SP033-TEST-SEC-02;PVT-SP033-SEC-002,APPROVED
SP033-AUTO-001,SP033,AUTO,P1,"Automation involving Experience Kernel, responsive web and cross-device UX executes through the same public commands, authorization and idempotency controls as human-triggered actions.",PVT-SP033-AUTO-001,APPROVED
SP033-APP-001,SP033,APP,P1,"Changes to high-impact Experience Kernel, responsive web and cross-device UX policy/configuration require maker-checker or privileged approval where the risk classification demands it; self-approval is explicitly governed.",PVT-SP033-APP-001,APPROVED
SP033-NOTIF-001,SP033,NOTIF,P1,"Generate notifications for actionable failures, approvals, expirations or security events from Experience Kernel, responsive web and cross-device UX according to centralized preference/mandatory-notice policy.",PVT-SP033-NOTIF-001,APPROVED
SP033-REP-001,SP033,REP,P1,"Expose authorized operational reporting for Experience Kernel, responsive web and cross-device UX: health, usage, exceptions, policy state, SLA/SLO or audit evidence as applicable, with drill-down to source.",PVT-SP033-REP-001,APPROVED
SP033-AI-001,SP033,AI,P1,"AI may explain or assist with Experience Kernel, responsive web and cross-device UX only from authorized context; it cannot bypass its deterministic security/policy controls or directly mutate authoritative storage.",PVT-SP033-AI-001,APPROVED
SP033-INT-001,SP033,INT,P0,"Business modules consume Experience Kernel, responsive web and cross-device UX through documented public contracts and never reimplement a weaker local variant.",SP033-TEST-INT-01;PVT-SP033-INT-001,APPROVED
SP033-INT-002,SP033,INT,P0,"Cross-service/job/integration use of Experience Kernel, responsive web and cross-device UX carries trusted tenant context, correlation, retry and reconciliation semantics.",SP033-TEST-INT-02;PVT-SP033-INT-002,APPROVED
SP033-API-001,SP033,API,P0,"Define authenticated/versioned command and query contracts for Experience Kernel, responsive web and cross-device UX where externally or cross-layer accessible, with object/function/property authorization.",SP033-TEST-API-01;PVT-SP033-API-001,APPROVED
SP033-API-002,SP033,API,P0,"API errors for Experience Kernel, responsive web and cross-device UX are typed/actionable and unsafe retries use explicit idempotency keys or preconditions when needed.",SP033-TEST-API-02;PVT-SP033-API-002,APPROVED
SP033-PERF-001,SP033,PERF,P1,"Define latency/throughput/cardinality/volume budgets for Experience Kernel, responsive web and cross-device UX; expensive global operations use pagination, batching, asynchronous execution or read models as appropriate.",SP033-TEST-PERF-01;PVT-SP033-PERF-001,APPROVED
SP033-OBS-001,SP033,OBS,P1,"Emit correlation-aware logs/metrics/traces and business diagnostics for Experience Kernel, responsive web and cross-device UX without secrets/PII leakage; failures are alertable and reconcilable.",SP033-TEST-OBS-01;PVT-SP033-OBS-001,APPROVED
SP033-E2E-001,SP033,E2E,P1,"E2E happy-path proves Experience Kernel, responsive web and cross-device UX works for an authorized tenant/user and produces expected visible/data/audit outcomes.",SP033-TEST-E2E-01;PVT-SP033-E2E-001,APPROVED
SP033-E2E-002,SP033,E2E,P1,"E2E negative/recovery path proves unauthorized, duplicate, stale or dependency-failure behavior for Experience Kernel, responsive web and cross-device UX without cross-tenant or partial-state leakage.",SP033-TEST-E2E-02;PVT-SP033-E2E-002,APPROVED
SP033-UAT-001,SP033,UAT,P1,"Human UAT validates primary operator/admin workflow, visible states and evidence for Experience Kernel, responsive web and cross-device UX.",SP033-UAT-01;PVT-SP033-UAT-001,APPROVED
SP033-UAT-002,SP033,UAT,P1,"Human UAT validates at least one failure/recovery/permission scenario and confirms documentation matches actual operator expectations for Experience Kernel, responsive web and cross-device UX.",SP033-UAT-02;PVT-SP033-UAT-002,APPROVED
SP034-CAP-001,SP034,CAP,P1,"Provide a reusable platform capability for Mobile platform, offline sync and device capabilities.",PVT-SP034-CAP-001,APPROVED
SP034-CAP-002,SP034,CAP,P1,"Expose Mobile platform, offline sync and device capabilities through stable public contracts rather than module-private shortcuts.",PVT-SP034-CAP-002,APPROVED
SP034-CAP-003,SP034,CAP,P1,"Make Mobile platform, offline sync and device capabilities observable, testable and independently governable across all applicable modules.",PVT-SP034-CAP-003,APPROVED
SP034-FR-001,SP034,FR,P1,"Provide native mobile authentication/API, encrypted local data, feature parity classification, barcode/camera/device capabilities and bounded offline sync for approved workflows.",PVT-SP034-FR-001,APPROVED
SP034-FR-002,SP034,FR,P1,Authenticate -> sync allowed data -> work online/offline -> queue mutation -> reconnect -> revalidate server-side -> resolve conflict -> sync evidence.,PVT-SP034-FR-002,APPROVED
SP034-FR-003,SP034,FR,P1,"Support administrative configuration, normal operation, failure/recovery and auditable lifecycle for Mobile platform, offline sync and device capabilities.",PVT-SP034-FR-003,APPROVED
SP034-US-001,SP034,US,P1,"As an authorized operator, I can use Mobile platform, offline sync and device capabilities without requiring module-specific duplicate implementations.",PVT-SP034-US-001,APPROVED
SP034-US-002,SP034,US,P1,"As a security/operations reviewer, I can prove Mobile platform, offline sync and device capabilities respects tenant scope, policy, audit and recovery controls.",PVT-SP034-US-002,APPROVED
SP034-FLOW-001,SP034,FLOW,P1,Authenticate -> sync allowed data -> work online/offline -> queue mutation -> reconnect -> revalidate server-side -> resolve conflict -> sync evidence.,PVT-SP034-FLOW-001,APPROVED
SP034-FLOW-002,SP034,FLOW,P1,Failure/retry flow: detect invalid/stale/duplicate/concurrent state -> reject or queue recovery -> preserve evidence -> reconcile -> retry only under documented semantics.,PVT-SP034-FLOW-002,APPROVED
SP034-BR-001,SP034,BR,P1,Server remains authoritative for business truth and permission validation.,SP034-TEST-BR-01;PVT-SP034-BR-001,APPROVED
SP034-BR-002,SP034,BR,P1,Offline mutations carry stable client IDs/idempotency keys and conflict semantics.,SP034-TEST-BR-02;PVT-SP034-BR-002,APPROVED
SP034-DATA-001,SP034,DATA,P1,"Persist only the authoritative identifiers/configuration/evidence needed by Mobile platform, offline sync and device capabilities, with organization/company scope and lifecycle metadata where applicable.",PVT-SP034-DATA-001,APPROVED
SP034-DATA-002,SP034,DATA,P1,"Define retention, archival, effective-dating/version and deletion semantics for Mobile platform, offline sync and device capabilities; never infer historical truth from current configuration alone.",PVT-SP034-DATA-002,APPROVED
SP034-VAL-001,SP034,VAL,P1,"Validate organization/company/scope, lifecycle state and all required identifiers before executing Mobile platform, offline sync and device capabilities.",SP034-TEST-VAL-01;PVT-SP034-VAL-001,APPROVED
SP034-VAL-002,SP034,VAL,P1,"Reject malformed, stale, unauthorized, duplicate or policy-incompatible input with typed actionable errors.",SP034-TEST-VAL-02;PVT-SP034-VAL-002,APPROVED
SP034-CALC-001,SP034,CALC,P1,"Any counts, quotas, time windows, retry schedules, usage metrics or derived values in Mobile platform, offline sync and device capabilities use explicit deterministic precision/rounding/timezone rules; otherwise mark calculation not applicable.",PVT-SP034-CALC-001,APPROVED
SP034-UX-001,SP034,UX,P1,"Provide discoverable administration/operation UX for Mobile platform, offline sync and device capabilities with role-appropriate views and safe defaults.",PVT-SP034-UX-001,APPROVED
SP034-UX-002,SP034,UX,P1,"Define loading, empty, error, forbidden, stale, conflict, retry and partial-failure states for Mobile platform, offline sync and device capabilities.",PVT-SP034-UX-002,APPROVED
SP034-UX-003,SP034,UX,P1,"Preserve keyboard, responsive and mobile parity for critical Mobile platform, offline sync and device capabilities actions or explicitly classify them as not applicable.",PVT-SP034-UX-003,APPROVED
SP034-SEC-001,SP034,SEC,P1,"Lost device, stale permissions, duplicate offline mutations, sync conflicts and overbroad local caching are primary threats.",SP034-TEST-SEC-01;PVT-SP034-SEC-001,APPROVED
SP034-SEC-002,SP034,SEC,P1,"Enforce least privilege, tenant/company/record scope, sensitive-field minimization and security-negative tests for Mobile platform, offline sync and device capabilities.",SP034-TEST-SEC-02;PVT-SP034-SEC-002,APPROVED
SP034-AUTO-001,SP034,AUTO,P1,"Automation involving Mobile platform, offline sync and device capabilities executes through the same public commands, authorization and idempotency controls as human-triggered actions.",PVT-SP034-AUTO-001,APPROVED
SP034-APP-001,SP034,APP,P1,"Changes to high-impact Mobile platform, offline sync and device capabilities policy/configuration require maker-checker or privileged approval where the risk classification demands it; self-approval is explicitly governed.",PVT-SP034-APP-001,APPROVED
SP034-NOTIF-001,SP034,NOTIF,P1,"Generate notifications for actionable failures, approvals, expirations or security events from Mobile platform, offline sync and device capabilities according to centralized preference/mandatory-notice policy.",PVT-SP034-NOTIF-001,APPROVED
SP034-REP-001,SP034,REP,P1,"Expose authorized operational reporting for Mobile platform, offline sync and device capabilities: health, usage, exceptions, policy state, SLA/SLO or audit evidence as applicable, with drill-down to source.",PVT-SP034-REP-001,APPROVED
SP034-AI-001,SP034,AI,P1,"AI may explain or assist with Mobile platform, offline sync and device capabilities only from authorized context; it cannot bypass its deterministic security/policy controls or directly mutate authoritative storage.",PVT-SP034-AI-001,APPROVED
SP034-INT-001,SP034,INT,P1,"Business modules consume Mobile platform, offline sync and device capabilities through documented public contracts and never reimplement a weaker local variant.",SP034-TEST-INT-01;PVT-SP034-INT-001,APPROVED
SP034-INT-002,SP034,INT,P1,"Cross-service/job/integration use of Mobile platform, offline sync and device capabilities carries trusted tenant context, correlation, retry and reconciliation semantics.",SP034-TEST-INT-02;PVT-SP034-INT-002,APPROVED
SP034-API-001,SP034,API,P1,"Define authenticated/versioned command and query contracts for Mobile platform, offline sync and device capabilities where externally or cross-layer accessible, with object/function/property authorization.",SP034-TEST-API-01;PVT-SP034-API-001,APPROVED
SP034-API-002,SP034,API,P1,"API errors for Mobile platform, offline sync and device capabilities are typed/actionable and unsafe retries use explicit idempotency keys or preconditions when needed.",SP034-TEST-API-02;PVT-SP034-API-002,APPROVED
SP034-PERF-001,SP034,PERF,P1,"Define latency/throughput/cardinality/volume budgets for Mobile platform, offline sync and device capabilities; expensive global operations use pagination, batching, asynchronous execution or read models as appropriate.",SP034-TEST-PERF-01;PVT-SP034-PERF-001,APPROVED
SP034-OBS-001,SP034,OBS,P1,"Emit correlation-aware logs/metrics/traces and business diagnostics for Mobile platform, offline sync and device capabilities without secrets/PII leakage; failures are alertable and reconcilable.",SP034-TEST-OBS-01;PVT-SP034-OBS-001,APPROVED
SP034-E2E-001,SP034,E2E,P1,"E2E happy-path proves Mobile platform, offline sync and device capabilities works for an authorized tenant/user and produces expected visible/data/audit outcomes.",SP034-TEST-E2E-01;PVT-SP034-E2E-001,APPROVED
SP034-E2E-002,SP034,E2E,P1,"E2E negative/recovery path proves unauthorized, duplicate, stale or dependency-failure behavior for Mobile platform, offline sync and device capabilities without cross-tenant or partial-state leakage.",SP034-TEST-E2E-02;PVT-SP034-E2E-002,APPROVED
SP034-UAT-001,SP034,UAT,P1,"Human UAT validates primary operator/admin workflow, visible states and evidence for Mobile platform, offline sync and device capabilities.",SP034-UAT-01;PVT-SP034-UAT-001,APPROVED
SP034-UAT-002,SP034,UAT,P1,"Human UAT validates at least one failure/recovery/permission scenario and confirms documentation matches actual operator expectations for Mobile platform, offline sync and device capabilities.",SP034-UAT-02;PVT-SP034-UAT-002,APPROVED
SP035-CAP-001,SP035,CAP,P0,"Provide a reusable platform capability for Reliability, backup, restore, disaster recovery and release safety.",PVT-SP035-CAP-001,APPROVED
SP035-CAP-002,SP035,CAP,P0,"Expose Reliability, backup, restore, disaster recovery and release safety through stable public contracts rather than module-private shortcuts.",PVT-SP035-CAP-002,APPROVED
SP035-CAP-003,SP035,CAP,P0,"Make Reliability, backup, restore, disaster recovery and release safety observable, testable and independently governable across all applicable modules.",PVT-SP035-CAP-003,APPROVED
SP035-FR-001,SP035,FR,P0,"Define service reliability targets, backup/PITR, restore validation, DR, migration/deployment/rollback, health checks and incident continuity for production ERP.",PVT-SP035-FR-001,APPROVED
SP035-FR-002,SP035,FR,P0,Backup -> verify -> restore drill; deploy -> migrate -> health/smoke -> progressive enable -> observe -> rollback/roll-forward; incident -> continuity -> recover -> reconcile.,PVT-SP035-FR-002,APPROVED
SP035-FR-003,SP035,FR,P0,"Support administrative configuration, normal operation, failure/recovery and auditable lifecycle for Reliability, backup, restore, disaster recovery and release safety.",PVT-SP035-FR-003,APPROVED
SP035-US-001,SP035,US,P1,"As an authorized operator, I can use Reliability, backup, restore, disaster recovery and release safety without requiring module-specific duplicate implementations.",PVT-SP035-US-001,APPROVED
SP035-US-002,SP035,US,P1,"As a security/operations reviewer, I can prove Reliability, backup, restore, disaster recovery and release safety respects tenant scope, policy, audit and recovery controls.",PVT-SP035-US-002,APPROVED
SP035-FLOW-001,SP035,FLOW,P1,Backup -> verify -> restore drill; deploy -> migrate -> health/smoke -> progressive enable -> observe -> rollback/roll-forward; incident -> continuity -> recover -> reconcile.,PVT-SP035-FLOW-001,APPROVED
SP035-FLOW-002,SP035,FLOW,P1,Failure/retry flow: detect invalid/stale/duplicate/concurrent state -> reject or queue recovery -> preserve evidence -> reconcile -> retry only under documented semantics.,PVT-SP035-FLOW-002,APPROVED
SP035-BR-001,SP035,BR,P0,Backups are only trusted after restore verification.,SP035-TEST-BR-01;PVT-SP035-BR-001,APPROVED
SP035-BR-002,SP035,BR,P0,Database migrations are forward/backward rollout-aware and never assumed reversible without proof.,SP035-TEST-BR-02;PVT-SP035-BR-002,APPROVED
SP035-DATA-001,SP035,DATA,P1,"Persist only the authoritative identifiers/configuration/evidence needed by Reliability, backup, restore, disaster recovery and release safety, with organization/company scope and lifecycle metadata where applicable.",PVT-SP035-DATA-001,APPROVED
SP035-DATA-002,SP035,DATA,P1,"Define retention, archival, effective-dating/version and deletion semantics for Reliability, backup, restore, disaster recovery and release safety; never infer historical truth from current configuration alone.",PVT-SP035-DATA-002,APPROVED
SP035-VAL-001,SP035,VAL,P1,"Validate organization/company/scope, lifecycle state and all required identifiers before executing Reliability, backup, restore, disaster recovery and release safety.",SP035-TEST-VAL-01;PVT-SP035-VAL-001,APPROVED
SP035-VAL-002,SP035,VAL,P1,"Reject malformed, stale, unauthorized, duplicate or policy-incompatible input with typed actionable errors.",SP035-TEST-VAL-02;PVT-SP035-VAL-002,APPROVED
SP035-CALC-001,SP035,CALC,P1,"Any counts, quotas, time windows, retry schedules, usage metrics or derived values in Reliability, backup, restore, disaster recovery and release safety use explicit deterministic precision/rounding/timezone rules; otherwise mark calculation not applicable.",PVT-SP035-CALC-001,APPROVED
SP035-UX-001,SP035,UX,P1,"Provide discoverable administration/operation UX for Reliability, backup, restore, disaster recovery and release safety with role-appropriate views and safe defaults.",PVT-SP035-UX-001,APPROVED
SP035-UX-002,SP035,UX,P1,"Define loading, empty, error, forbidden, stale, conflict, retry and partial-failure states for Reliability, backup, restore, disaster recovery and release safety.",PVT-SP035-UX-002,APPROVED
SP035-UX-003,SP035,UX,P1,"Preserve keyboard, responsive and mobile parity for critical Reliability, backup, restore, disaster recovery and release safety actions or explicitly classify them as not applicable.",PVT-SP035-UX-003,APPROVED
SP035-SEC-001,SP035,SEC,P0,"Unrestorable backup, destructive migration, split web/worker schema versions, unsafe rollback and untested DR are primary threats.",SP035-TEST-SEC-01;PVT-SP035-SEC-001,APPROVED
SP035-SEC-002,SP035,SEC,P0,"Enforce least privilege, tenant/company/record scope, sensitive-field minimization and security-negative tests for Reliability, backup, restore, disaster recovery and release safety.",SP035-TEST-SEC-02;PVT-SP035-SEC-002,APPROVED
SP035-AUTO-001,SP035,AUTO,P1,"Automation involving Reliability, backup, restore, disaster recovery and release safety executes through the same public commands, authorization and idempotency controls as human-triggered actions.",PVT-SP035-AUTO-001,APPROVED
SP035-APP-001,SP035,APP,P1,"Changes to high-impact Reliability, backup, restore, disaster recovery and release safety policy/configuration require maker-checker or privileged approval where the risk classification demands it; self-approval is explicitly governed.",PVT-SP035-APP-001,APPROVED
SP035-NOTIF-001,SP035,NOTIF,P1,"Generate notifications for actionable failures, approvals, expirations or security events from Reliability, backup, restore, disaster recovery and release safety according to centralized preference/mandatory-notice policy.",PVT-SP035-NOTIF-001,APPROVED
SP035-REP-001,SP035,REP,P1,"Expose authorized operational reporting for Reliability, backup, restore, disaster recovery and release safety: health, usage, exceptions, policy state, SLA/SLO or audit evidence as applicable, with drill-down to source.",PVT-SP035-REP-001,APPROVED
SP035-AI-001,SP035,AI,P1,"AI may explain or assist with Reliability, backup, restore, disaster recovery and release safety only from authorized context; it cannot bypass its deterministic security/policy controls or directly mutate authoritative storage.",PVT-SP035-AI-001,APPROVED
SP035-INT-001,SP035,INT,P0,"Business modules consume Reliability, backup, restore, disaster recovery and release safety through documented public contracts and never reimplement a weaker local variant.",SP035-TEST-INT-01;PVT-SP035-INT-001,APPROVED
SP035-INT-002,SP035,INT,P0,"Cross-service/job/integration use of Reliability, backup, restore, disaster recovery and release safety carries trusted tenant context, correlation, retry and reconciliation semantics.",SP035-TEST-INT-02;PVT-SP035-INT-002,APPROVED
SP035-API-001,SP035,API,P0,"Define authenticated/versioned command and query contracts for Reliability, backup, restore, disaster recovery and release safety where externally or cross-layer accessible, with object/function/property authorization.",SP035-TEST-API-01;PVT-SP035-API-001,APPROVED
SP035-API-002,SP035,API,P0,"API errors for Reliability, backup, restore, disaster recovery and release safety are typed/actionable and unsafe retries use explicit idempotency keys or preconditions when needed.",SP035-TEST-API-02;PVT-SP035-API-002,APPROVED
SP035-PERF-001,SP035,PERF,P1,"Define latency/throughput/cardinality/volume budgets for Reliability, backup, restore, disaster recovery and release safety; expensive global operations use pagination, batching, asynchronous execution or read models as appropriate.",SP035-TEST-PERF-01;PVT-SP035-PERF-001,APPROVED
SP035-OBS-001,SP035,OBS,P1,"Emit correlation-aware logs/metrics/traces and business diagnostics for Reliability, backup, restore, disaster recovery and release safety without secrets/PII leakage; failures are alertable and reconcilable.",SP035-TEST-OBS-01;PVT-SP035-OBS-001,APPROVED
SP035-E2E-001,SP035,E2E,P1,"E2E happy-path proves Reliability, backup, restore, disaster recovery and release safety works for an authorized tenant/user and produces expected visible/data/audit outcomes.",SP035-TEST-E2E-01;PVT-SP035-E2E-001,APPROVED
SP035-E2E-002,SP035,E2E,P1,"E2E negative/recovery path proves unauthorized, duplicate, stale or dependency-failure behavior for Reliability, backup, restore, disaster recovery and release safety without cross-tenant or partial-state leakage.",SP035-TEST-E2E-02;PVT-SP035-E2E-002,APPROVED
SP035-UAT-001,SP035,UAT,P1,"Human UAT validates primary operator/admin workflow, visible states and evidence for Reliability, backup, restore, disaster recovery and release safety.",SP035-UAT-01;PVT-SP035-UAT-001,APPROVED
SP035-UAT-002,SP035,UAT,P1,"Human UAT validates at least one failure/recovery/permission scenario and confirms documentation matches actual operator expectations for Reliability, backup, restore, disaster recovery and release safety.",SP035-UAT-02;PVT-SP035-UAT-002,APPROVED
SP036-CAP-001,SP036,CAP,P0,"Provide a reusable platform capability for AI governance, Copilot runtime and evaluation.",PVT-SP036-CAP-001,APPROVED
SP036-CAP-002,SP036,CAP,P0,"Expose AI governance, Copilot runtime and evaluation through stable public contracts rather than module-private shortcuts.",PVT-SP036-CAP-002,APPROVED
SP036-CAP-003,SP036,CAP,P0,"Make AI governance, Copilot runtime and evaluation observable, testable and independently governable across all applicable modules.",PVT-SP036-CAP-003,APPROVED
SP036-FR-001,SP036,FR,P0,"Govern customer-facing ERP AI and engineering-assistant integrations with authorization-safe retrieval, provenance, approval gates, evaluations, prompt/data isolation and no direct authoritative writes.",PVT-SP036-FR-001,APPROVED
SP036-FR-002,SP036,FR,P0,User asks -> resolve tenant/permissions -> retrieve authorized context -> model -> cite/provenance -> propose action -> normal command/approval -> audit; evals monitor quality/safety/drift.,PVT-SP036-FR-002,APPROVED
SP036-FR-003,SP036,FR,P0,"Support administrative configuration, normal operation, failure/recovery and auditable lifecycle for AI governance, Copilot runtime and evaluation.",PVT-SP036-FR-003,APPROVED
SP036-US-001,SP036,US,P1,"As an authorized operator, I can use AI governance, Copilot runtime and evaluation without requiring module-specific duplicate implementations.",PVT-SP036-US-001,APPROVED
SP036-US-002,SP036,US,P1,"As a security/operations reviewer, I can prove AI governance, Copilot runtime and evaluation respects tenant scope, policy, audit and recovery controls.",PVT-SP036-US-002,APPROVED
SP036-FLOW-001,SP036,FLOW,P1,User asks -> resolve tenant/permissions -> retrieve authorized context -> model -> cite/provenance -> propose action -> normal command/approval -> audit; evals monitor quality/safety/drift.,PVT-SP036-FLOW-001,APPROVED
SP036-FLOW-002,SP036,FLOW,P1,Failure/retry flow: detect invalid/stale/duplicate/concurrent state -> reject or queue recovery -> preserve evidence -> reconcile -> retry only under documented semantics.,PVT-SP036-FLOW-002,APPROVED
SP036-BR-001,SP036,BR,P0,AI never bypasses normal permissions/public commands or writes business tables directly.,SP036-TEST-BR-01;PVT-SP036-BR-001,APPROVED
SP036-BR-002,SP036,BR,P0,"Deterministic systems remain authority for ledger, stock, payroll, tax, payment, authorization and state-transition legality.",SP036-TEST-BR-02;PVT-SP036-BR-002,APPROVED
SP036-DATA-001,SP036,DATA,P1,"Persist only the authoritative identifiers/configuration/evidence needed by AI governance, Copilot runtime and evaluation, with organization/company scope and lifecycle metadata where applicable.",PVT-SP036-DATA-001,APPROVED
SP036-DATA-002,SP036,DATA,P1,"Define retention, archival, effective-dating/version and deletion semantics for AI governance, Copilot runtime and evaluation; never infer historical truth from current configuration alone.",PVT-SP036-DATA-002,APPROVED
SP036-VAL-001,SP036,VAL,P1,"Validate organization/company/scope, lifecycle state and all required identifiers before executing AI governance, Copilot runtime and evaluation.",SP036-TEST-VAL-01;PVT-SP036-VAL-001,APPROVED
SP036-VAL-002,SP036,VAL,P1,"Reject malformed, stale, unauthorized, duplicate or policy-incompatible input with typed actionable errors.",SP036-TEST-VAL-02;PVT-SP036-VAL-002,APPROVED
SP036-CALC-001,SP036,CALC,P1,"Any counts, quotas, time windows, retry schedules, usage metrics or derived values in AI governance, Copilot runtime and evaluation use explicit deterministic precision/rounding/timezone rules; otherwise mark calculation not applicable.",PVT-SP036-CALC-001,APPROVED
SP036-UX-001,SP036,UX,P1,"Provide discoverable administration/operation UX for AI governance, Copilot runtime and evaluation with role-appropriate views and safe defaults.",PVT-SP036-UX-001,APPROVED
SP036-UX-002,SP036,UX,P1,"Define loading, empty, error, forbidden, stale, conflict, retry and partial-failure states for AI governance, Copilot runtime and evaluation.",PVT-SP036-UX-002,APPROVED
SP036-UX-003,SP036,UX,P1,"Preserve keyboard, responsive and mobile parity for critical AI governance, Copilot runtime and evaluation actions or explicitly classify them as not applicable.",PVT-SP036-UX-003,APPROVED
SP036-SEC-001,SP036,SEC,P0,"Prompt injection, cross-tenant context leakage, hallucinated authority, unsafe tool use, data retention leakage and model drift are primary threats.",SP036-TEST-SEC-01;PVT-SP036-SEC-001,APPROVED
SP036-SEC-002,SP036,SEC,P0,"Enforce least privilege, tenant/company/record scope, sensitive-field minimization and security-negative tests for AI governance, Copilot runtime and evaluation.",SP036-TEST-SEC-02;PVT-SP036-SEC-002,APPROVED
SP036-AUTO-001,SP036,AUTO,P1,"Automation involving AI governance, Copilot runtime and evaluation executes through the same public commands, authorization and idempotency controls as human-triggered actions.",PVT-SP036-AUTO-001,APPROVED
SP036-APP-001,SP036,APP,P1,"Changes to high-impact AI governance, Copilot runtime and evaluation policy/configuration require maker-checker or privileged approval where the risk classification demands it; self-approval is explicitly governed.",PVT-SP036-APP-001,APPROVED
SP036-NOTIF-001,SP036,NOTIF,P1,"Generate notifications for actionable failures, approvals, expirations or security events from AI governance, Copilot runtime and evaluation according to centralized preference/mandatory-notice policy.",PVT-SP036-NOTIF-001,APPROVED
SP036-REP-001,SP036,REP,P1,"Expose authorized operational reporting for AI governance, Copilot runtime and evaluation: health, usage, exceptions, policy state, SLA/SLO or audit evidence as applicable, with drill-down to source.",PVT-SP036-REP-001,APPROVED
SP036-AI-001,SP036,AI,P1,"AI may explain or assist with AI governance, Copilot runtime and evaluation only from authorized context; it cannot bypass its deterministic security/policy controls or directly mutate authoritative storage.",PVT-SP036-AI-001,APPROVED
SP036-INT-001,SP036,INT,P0,"Business modules consume AI governance, Copilot runtime and evaluation through documented public contracts and never reimplement a weaker local variant.",SP036-TEST-INT-01;PVT-SP036-INT-001,APPROVED
SP036-INT-002,SP036,INT,P0,"Cross-service/job/integration use of AI governance, Copilot runtime and evaluation carries trusted tenant context, correlation, retry and reconciliation semantics.",SP036-TEST-INT-02;PVT-SP036-INT-002,APPROVED
SP036-API-001,SP036,API,P0,"Define authenticated/versioned command and query contracts for AI governance, Copilot runtime and evaluation where externally or cross-layer accessible, with object/function/property authorization.",SP036-TEST-API-01;PVT-SP036-API-001,APPROVED
SP036-API-002,SP036,API,P0,"API errors for AI governance, Copilot runtime and evaluation are typed/actionable and unsafe retries use explicit idempotency keys or preconditions when needed.",SP036-TEST-API-02;PVT-SP036-API-002,APPROVED
SP036-PERF-001,SP036,PERF,P1,"Define latency/throughput/cardinality/volume budgets for AI governance, Copilot runtime and evaluation; expensive global operations use pagination, batching, asynchronous execution or read models as appropriate.",SP036-TEST-PERF-01;PVT-SP036-PERF-001,APPROVED
SP036-OBS-001,SP036,OBS,P1,"Emit correlation-aware logs/metrics/traces and business diagnostics for AI governance, Copilot runtime and evaluation without secrets/PII leakage; failures are alertable and reconcilable.",SP036-TEST-OBS-01;PVT-SP036-OBS-001,APPROVED
SP036-E2E-001,SP036,E2E,P1,"E2E happy-path proves AI governance, Copilot runtime and evaluation works for an authorized tenant/user and produces expected visible/data/audit outcomes.",SP036-TEST-E2E-01;PVT-SP036-E2E-001,APPROVED
SP036-E2E-002,SP036,E2E,P1,"E2E negative/recovery path proves unauthorized, duplicate, stale or dependency-failure behavior for AI governance, Copilot runtime and evaluation without cross-tenant or partial-state leakage.",SP036-TEST-E2E-02;PVT-SP036-E2E-002,APPROVED
SP036-UAT-001,SP036,UAT,P1,"Human UAT validates primary operator/admin workflow, visible states and evidence for AI governance, Copilot runtime and evaluation.",SP036-UAT-01;PVT-SP036-UAT-001,APPROVED
SP036-UAT-002,SP036,UAT,P1,"Human UAT validates at least one failure/recovery/permission scenario and confirms documentation matches actual operator expectations for AI governance, Copilot runtime and evaluation.",SP036-UAT-02;PVT-SP036-UAT-002,APPROVED
