route,method,class,module,permission,record_scope,field_scope,billing_write,audit
api/accounting/actions/[action]/route.ts,POST,WORKSPACE_MODULE,accounting,accounting.view,active company; segregation of duties (no self-approval) in the domain,bank_accounts: accounting.view,yes,denials logged
api/accounting/view/[kind]/route.ts,GET,WORKSPACE_MODULE,accounting,accounting.view,active company; segregation of duties (no self-approval) in the domain,bank_accounts: accounting.view,no,denials logged
api/approvals/[id]/decide/route.ts,POST,WORKSPACE_PLATFORM,,,organisation (RLS) + the route permission; domain scoping per the protection note,,no,denials audited
api/approvals/route.ts,GET,WORKSPACE_PLATFORM,,,organisation (RLS) + the route permission; domain scoping per the protection note,,no,denials logged
api/assets/actions/[action]/route.ts,POST,WORKSPACE_MODULE,assets,assets.view,active company; custodian rules in the domain,,yes,denials logged
api/assets/view/[kind]/route.ts,GET,WORKSPACE_MODULE,assets,assets.view,active company; custodian rules in the domain,,no,denials logged
api/auth/forgot-password/route.ts,POST,PUBLIC_AUTH,,n/a,Account-enumeration-safe identical response; same-origin; rate limited.,,no,n/a
api/auth/invitations/[token]/accept/route.ts,POST,PUBLIC_AUTH,,n/a,Hashed invitation token; an existing account must also hold a matching session; same-origin.,,no,n/a
api/auth/invitations/[token]/route.ts,GET,PUBLIC_AUTH,,n/a,Read-only lookup by hashed invitation token through a narrow definer function.,,no,n/a
api/auth/invitations/manage/[id]/resend/route.ts,POST,WORKSPACE_PLATFORM,,CORE_PERMISSIONS.usersManage,organisation (RLS) + the route permission; domain scoping per the protection note,,no,denials audited
api/auth/invitations/manage/[id]/revoke/route.ts,POST,WORKSPACE_PLATFORM,,CORE_PERMISSIONS.usersManage,organisation (RLS) + the route permission; domain scoping per the protection note,,no,denials audited
api/auth/invitations/route.ts,GET,WORKSPACE_PLATFORM,,CORE_PERMISSIONS.usersManage,organisation (RLS) + the route permission; domain scoping per the protection note,,no,denials audited
api/auth/invitations/route.ts,POST,WORKSPACE_PLATFORM,,CORE_PERMISSIONS.usersManage,organisation (RLS) + the route permission; domain scoping per the protection note,,no,denials audited
api/auth/login/route.ts,POST,PUBLIC_AUTH,,n/a,"Credentials are the authentication; same-origin, rate limited per IP and account, lockout, MFA challenge before a full session.",,no,n/a
api/auth/logout/route.ts,POST,PUBLIC_AUTH,,n/a,Reads the session cookie directly so logout works for any session state; idempotent; same-origin.,,no,n/a
api/auth/mfa/disable/route.ts,POST,SELF_SERVICE,,n/a,the caller's own account; user + organisation context from the session,,no,n/a
api/auth/mfa/enroll/confirm/route.ts,POST,SELF_SERVICE,,n/a,the caller's own account; user + organisation context from the session,,no,n/a
api/auth/mfa/enroll/start/route.ts,POST,SELF_SERVICE,,n/a,the caller's own account; user + organisation context from the session,,no,n/a
api/auth/mfa/recovery-codes/regenerate/route.ts,POST,SELF_SERVICE,,n/a,the caller's own account; user + organisation context from the session,,no,n/a
api/auth/mfa/verify/route.ts,POST,SELF_SERVICE,,n/a,the caller's own account; user + organisation context from the session,,no,n/a
api/auth/register/route.ts,POST,PUBLIC_AUTH,,n/a,"Self-serve account creation; same-origin, rate limited per IP, no session exists yet.",,no,n/a
api/auth/resend-verification/route.ts,POST,PUBLIC_AUTH,,n/a,Signed-in but unverified user; same-origin; rate limited.,,no,n/a
api/auth/reset-password/route.ts,POST,PUBLIC_AUTH,,n/a,Single-use hashed reset token is the credential; same-origin.,,no,n/a
api/auth/verify-email/route.ts,POST,PUBLIC_AUTH,,n/a,Single-use hashed verification token (mailbox control) is the credential; same-origin.,,no,n/a
api/billing/cancel/route.ts,POST,WORKSPACE_PLATFORM,,BILLING_PERMISSIONS.manage,organisation (RLS) + the route permission; domain scoping per the protection note,,no,denials audited
api/billing/checkout/route.ts,POST,WORKSPACE_PLATFORM,,BILLING_PERMISSIONS.checkout,organisation (RLS) + the route permission; domain scoping per the protection note,,no,denials audited
api/billing/health/route.ts,GET,WORKSPACE_PLATFORM,,BILLING_PERMISSIONS.audit,organisation (RLS) + the route permission; domain scoping per the protection note,,no,denials logged
api/billing/plans/route.ts,GET,WORKSPACE_PLATFORM,,BILLING_PERMISSIONS.view,organisation (RLS) + the route permission; domain scoping per the protection note,,no,denials logged
api/billing/profile/route.ts,PATCH,WORKSPACE_PLATFORM,,BILLING_PERMISSIONS.manage,organisation (RLS) + the route permission; domain scoping per the protection note,,no,denials audited
api/billing/seats/route.ts,POST,WORKSPACE_PLATFORM,,BILLING_PERMISSIONS.manage,organisation (RLS) + the route permission; domain scoping per the protection note,,no,denials audited
api/billing/summary/route.ts,GET,WORKSPACE_PLATFORM,,BILLING_PERMISSIONS.view,organisation (RLS) + the route permission; domain scoping per the protection note,,no,denials logged
api/billing/sync/route.ts,POST,WORKSPACE_PLATFORM,,BILLING_PERMISSIONS.manage,organisation (RLS) + the route permission; domain scoping per the protection note,,no,denials logged
api/billing/verify/route.ts,POST,WORKSPACE_PLATFORM,,BILLING_PERMISSIONS.checkout,organisation (RLS) + the route permission; domain scoping per the protection note,,no,denials audited
api/billing/webhook/route.ts,POST,WEBHOOK,,n/a,"HMAC-SHA256 over the exact raw body (previous secret accepted during rotation), size-limited; stores the event, the worker applies it.",,no,n/a
api/crm/[resource]/[id]/route.ts,GET,WORKSPACE_MODULE,crm,(module view permission),company/branch scope + record ownership unless crm.records.view_all (crm-data-operations-and-customization/record-policy.js),leads: crm.leads.view_sensitive; contacts: crm.contacts.view_sensitive; accounts: crm.accounts.view_sensitive,no,denials logged
api/crm/[resource]/[id]/route.ts,PATCH,WORKSPACE_MODULE,crm,(checked in handler),company/branch scope + record ownership unless crm.records.view_all (crm-data-operations-and-customization/record-policy.js),leads: crm.leads.view_sensitive; contacts: crm.contacts.view_sensitive; accounts: crm.accounts.view_sensitive,yes,denials logged
api/crm/[resource]/[id]/route.ts,DELETE,WORKSPACE_MODULE,crm,(checked in handler),company/branch scope + record ownership unless crm.records.view_all (crm-data-operations-and-customization/record-policy.js),leads: crm.leads.view_sensitive; contacts: crm.contacts.view_sensitive; accounts: crm.accounts.view_sensitive,yes,denials logged
api/crm/[resource]/route.ts,GET,WORKSPACE_MODULE,crm,(module view permission),company/branch scope + record ownership unless crm.records.view_all (crm-data-operations-and-customization/record-policy.js),leads: crm.leads.view_sensitive; contacts: crm.contacts.view_sensitive; accounts: crm.accounts.view_sensitive,no,denials logged
api/crm/[resource]/route.ts,POST,WORKSPACE_MODULE,crm,(checked in handler),company/branch scope + record ownership unless crm.records.view_all (crm-data-operations-and-customization/record-policy.js),leads: crm.leads.view_sensitive; contacts: crm.contacts.view_sensitive; accounts: crm.accounts.view_sensitive,yes,denials logged
api/crm/accounts/[id]/contact-relationships/route.ts,GET,WORKSPACE_MODULE,crm,(module view permission),company/branch scope + record ownership unless crm.records.view_all (crm-data-operations-and-customization/record-policy.js),leads: crm.leads.view_sensitive; contacts: crm.contacts.view_sensitive; accounts: crm.accounts.view_sensitive,no,denials logged
api/crm/accounts/[id]/customer-360/route.ts,GET,WORKSPACE_MODULE,crm,(module view permission),company/branch scope + record ownership unless crm.records.view_all (crm-data-operations-and-customization/record-policy.js),leads: crm.leads.view_sensitive; contacts: crm.contacts.view_sensitive; accounts: crm.accounts.view_sensitive,no,denials logged
api/crm/accounts/[id]/hierarchy/route.ts,GET,WORKSPACE_MODULE,crm,(module view permission),company/branch scope + record ownership unless crm.records.view_all (crm-data-operations-and-customization/record-policy.js),leads: crm.leads.view_sensitive; contacts: crm.contacts.view_sensitive; accounts: crm.accounts.view_sensitive,no,denials logged
api/crm/accounts/[id]/hierarchy/route.ts,PATCH,WORKSPACE_MODULE,crm,CRM_PERMISSIONS.accountsManage,company/branch scope + record ownership unless crm.records.view_all (crm-data-operations-and-customization/record-policy.js),leads: crm.leads.view_sensitive; contacts: crm.contacts.view_sensitive; accounts: crm.accounts.view_sensitive,yes,denials logged
api/crm/accounts/[id]/route.ts,GET,WORKSPACE_MODULE,crm,(module view permission),company/branch scope + record ownership unless crm.records.view_all (crm-data-operations-and-customization/record-policy.js),leads: crm.leads.view_sensitive; contacts: crm.contacts.view_sensitive; accounts: crm.accounts.view_sensitive,no,denials logged
api/crm/accounts/[id]/route.ts,PATCH,WORKSPACE_MODULE,crm,CRM_PERMISSIONS.accountsManage,company/branch scope + record ownership unless crm.records.view_all (crm-data-operations-and-customization/record-policy.js),leads: crm.leads.view_sensitive; contacts: crm.contacts.view_sensitive; accounts: crm.accounts.view_sensitive,yes,denials logged
api/crm/accounts/[id]/route.ts,DELETE,WORKSPACE_MODULE,crm,CRM_PERMISSIONS.accountsManage,company/branch scope + record ownership unless crm.records.view_all (crm-data-operations-and-customization/record-policy.js),leads: crm.leads.view_sensitive; contacts: crm.contacts.view_sensitive; accounts: crm.accounts.view_sensitive,yes,denials logged
api/crm/accounts/duplicates/route.ts,POST,WORKSPACE_MODULE,crm,(module view permission),company/branch scope + record ownership unless crm.records.view_all (crm-data-operations-and-customization/record-policy.js),leads: crm.leads.view_sensitive; contacts: crm.contacts.view_sensitive; accounts: crm.accounts.view_sensitive,no,denials logged
api/crm/accounts/merge/preview/route.ts,POST,WORKSPACE_MODULE,crm,(module view permission),company/branch scope + record ownership unless crm.records.view_all (crm-data-operations-and-customization/record-policy.js),leads: crm.leads.view_sensitive; contacts: crm.contacts.view_sensitive; accounts: crm.accounts.view_sensitive,no,denials logged
api/crm/accounts/merge/route.ts,POST,WORKSPACE_MODULE,crm,CRM_PERMISSIONS.accountsManage,company/branch scope + record ownership unless crm.records.view_all (crm-data-operations-and-customization/record-policy.js),leads: crm.leads.view_sensitive; contacts: crm.contacts.view_sensitive; accounts: crm.accounts.view_sensitive,yes,denials logged
api/crm/accounts/route.ts,GET,WORKSPACE_MODULE,crm,(module view permission),company/branch scope + record ownership unless crm.records.view_all (crm-data-operations-and-customization/record-policy.js),leads: crm.leads.view_sensitive; contacts: crm.contacts.view_sensitive; accounts: crm.accounts.view_sensitive,no,denials logged
api/crm/accounts/route.ts,POST,WORKSPACE_MODULE,crm,CRM_PERMISSIONS.accountsManage,company/branch scope + record ownership unless crm.records.view_all (crm-data-operations-and-customization/record-policy.js),leads: crm.leads.view_sensitive; contacts: crm.contacts.view_sensitive; accounts: crm.accounts.view_sensitive,yes,denials logged
api/crm/attachments/[entityType]/[entityId]/[id]/download/route.ts,GET,WORKSPACE_MODULE,crm,(module view permission),company/branch scope + record ownership unless crm.records.view_all (crm-data-operations-and-customization/record-policy.js),leads: crm.leads.view_sensitive; contacts: crm.contacts.view_sensitive; accounts: crm.accounts.view_sensitive,no,denials logged
api/crm/attachments/[entityType]/[entityId]/[id]/route.ts,DELETE,WORKSPACE_MODULE,crm,(module view permission),company/branch scope + record ownership unless crm.records.view_all (crm-data-operations-and-customization/record-policy.js),leads: crm.leads.view_sensitive; contacts: crm.contacts.view_sensitive; accounts: crm.accounts.view_sensitive,yes,denials logged
api/crm/attachments/[entityType]/[entityId]/[id]/versions/route.ts,GET,WORKSPACE_MODULE,crm,(module view permission),company/branch scope + record ownership unless crm.records.view_all (crm-data-operations-and-customization/record-policy.js),leads: crm.leads.view_sensitive; contacts: crm.contacts.view_sensitive; accounts: crm.accounts.view_sensitive,no,denials logged
api/crm/attachments/[entityType]/[entityId]/route.ts,GET,WORKSPACE_MODULE,crm,(module view permission),company/branch scope + record ownership unless crm.records.view_all (crm-data-operations-and-customization/record-policy.js),leads: crm.leads.view_sensitive; contacts: crm.contacts.view_sensitive; accounts: crm.accounts.view_sensitive,no,denials logged
api/crm/attachments/[entityType]/[entityId]/route.ts,POST,WORKSPACE_MODULE,crm,(module view permission),company/branch scope + record ownership unless crm.records.view_all (crm-data-operations-and-customization/record-policy.js),leads: crm.leads.view_sensitive; contacts: crm.contacts.view_sensitive; accounts: crm.accounts.view_sensitive,yes,denials logged
api/crm/calls/[id]/cancel/route.ts,POST,WORKSPACE_MODULE,crm,CRM_PERMISSIONS.activitiesManage,company/branch scope + record ownership unless crm.records.view_all (crm-data-operations-and-customization/record-policy.js),leads: crm.leads.view_sensitive; contacts: crm.contacts.view_sensitive; accounts: crm.accounts.view_sensitive,yes,denials logged
api/crm/calls/[id]/complete/route.ts,POST,WORKSPACE_MODULE,crm,CRM_PERMISSIONS.activitiesManage,company/branch scope + record ownership unless crm.records.view_all (crm-data-operations-and-customization/record-policy.js),leads: crm.leads.view_sensitive; contacts: crm.contacts.view_sensitive; accounts: crm.accounts.view_sensitive,yes,denials logged
api/crm/calls/[id]/events/route.ts,GET,WORKSPACE_MODULE,crm,CRM_PERMISSIONS.activitiesManage,company/branch scope + record ownership unless crm.records.view_all (crm-data-operations-and-customization/record-policy.js),leads: crm.leads.view_sensitive; contacts: crm.contacts.view_sensitive; accounts: crm.accounts.view_sensitive,no,denials logged
api/crm/calls/[id]/route.ts,GET,WORKSPACE_MODULE,crm,CRM_PERMISSIONS.activitiesManage,company/branch scope + record ownership unless crm.records.view_all (crm-data-operations-and-customization/record-policy.js),leads: crm.leads.view_sensitive; contacts: crm.contacts.view_sensitive; accounts: crm.accounts.view_sensitive,no,denials logged
api/crm/calls/[id]/route.ts,PATCH,WORKSPACE_MODULE,crm,CRM_PERMISSIONS.activitiesManage,company/branch scope + record ownership unless crm.records.view_all (crm-data-operations-and-customization/record-policy.js),leads: crm.leads.view_sensitive; contacts: crm.contacts.view_sensitive; accounts: crm.accounts.view_sensitive,yes,denials logged
api/crm/calls/[id]/start/route.ts,POST,WORKSPACE_MODULE,crm,CRM_PERMISSIONS.activitiesManage,company/branch scope + record ownership unless crm.records.view_all (crm-data-operations-and-customization/record-policy.js),leads: crm.leads.view_sensitive; contacts: crm.contacts.view_sensitive; accounts: crm.accounts.view_sensitive,yes,denials logged
api/crm/calls/route.ts,GET,WORKSPACE_MODULE,crm,CRM_PERMISSIONS.activitiesManage,company/branch scope + record ownership unless crm.records.view_all (crm-data-operations-and-customization/record-policy.js),leads: crm.leads.view_sensitive; contacts: crm.contacts.view_sensitive; accounts: crm.accounts.view_sensitive,no,denials logged
api/crm/calls/route.ts,POST,WORKSPACE_MODULE,crm,CRM_PERMISSIONS.activitiesManage,company/branch scope + record ownership unless crm.records.view_all (crm-data-operations-and-customization/record-policy.js),leads: crm.leads.view_sensitive; contacts: crm.contacts.view_sensitive; accounts: crm.accounts.view_sensitive,yes,denials logged
api/crm/contacts/[id]/opportunity-roles/route.ts,GET,WORKSPACE_MODULE,crm,(module view permission),company/branch scope + record ownership unless crm.records.view_all (crm-data-operations-and-customization/record-policy.js),leads: crm.leads.view_sensitive; contacts: crm.contacts.view_sensitive; accounts: crm.accounts.view_sensitive,no,denials logged
api/crm/contacts/[id]/reactivate/route.ts,POST,WORKSPACE_MODULE,crm,CRM_PERMISSIONS.accountsManage,company/branch scope + record ownership unless crm.records.view_all (crm-data-operations-and-customization/record-policy.js),leads: crm.leads.view_sensitive; contacts: crm.contacts.view_sensitive; accounts: crm.accounts.view_sensitive,yes,denials logged
api/crm/contacts/[id]/relationships/[relationshipId]/primary/route.ts,POST,WORKSPACE_MODULE,crm,CRM_PERMISSIONS.accountsManage,company/branch scope + record ownership unless crm.records.view_all (crm-data-operations-and-customization/record-policy.js),leads: crm.leads.view_sensitive; contacts: crm.contacts.view_sensitive; accounts: crm.accounts.view_sensitive,yes,denials logged
api/crm/contacts/[id]/relationships/[relationshipId]/route.ts,PATCH,WORKSPACE_MODULE,crm,CRM_PERMISSIONS.accountsManage,company/branch scope + record ownership unless crm.records.view_all (crm-data-operations-and-customization/record-policy.js),leads: crm.leads.view_sensitive; contacts: crm.contacts.view_sensitive; accounts: crm.accounts.view_sensitive,yes,denials logged
api/crm/contacts/[id]/relationships/[relationshipId]/route.ts,DELETE,WORKSPACE_MODULE,crm,CRM_PERMISSIONS.accountsManage,company/branch scope + record ownership unless crm.records.view_all (crm-data-operations-and-customization/record-policy.js),leads: crm.leads.view_sensitive; contacts: crm.contacts.view_sensitive; accounts: crm.accounts.view_sensitive,yes,denials logged
api/crm/contacts/[id]/relationships/route.ts,GET,WORKSPACE_MODULE,crm,(module view permission),company/branch scope + record ownership unless crm.records.view_all (crm-data-operations-and-customization/record-policy.js),leads: crm.leads.view_sensitive; contacts: crm.contacts.view_sensitive; accounts: crm.accounts.view_sensitive,no,denials logged
api/crm/contacts/[id]/relationships/route.ts,POST,WORKSPACE_MODULE,crm,CRM_PERMISSIONS.accountsManage,company/branch scope + record ownership unless crm.records.view_all (crm-data-operations-and-customization/record-policy.js),leads: crm.leads.view_sensitive; contacts: crm.contacts.view_sensitive; accounts: crm.accounts.view_sensitive,yes,denials logged
api/crm/contacts/[id]/route.ts,GET,WORKSPACE_MODULE,crm,(module view permission),company/branch scope + record ownership unless crm.records.view_all (crm-data-operations-and-customization/record-policy.js),leads: crm.leads.view_sensitive; contacts: crm.contacts.view_sensitive; accounts: crm.accounts.view_sensitive,no,denials logged
api/crm/contacts/[id]/route.ts,PATCH,WORKSPACE_MODULE,crm,CRM_PERMISSIONS.accountsManage,company/branch scope + record ownership unless crm.records.view_all (crm-data-operations-and-customization/record-policy.js),leads: crm.leads.view_sensitive; contacts: crm.contacts.view_sensitive; accounts: crm.accounts.view_sensitive,yes,denials logged
api/crm/contacts/[id]/route.ts,DELETE,WORKSPACE_MODULE,crm,CRM_PERMISSIONS.accountsManage,company/branch scope + record ownership unless crm.records.view_all (crm-data-operations-and-customization/record-policy.js),leads: crm.leads.view_sensitive; contacts: crm.contacts.view_sensitive; accounts: crm.accounts.view_sensitive,yes,denials logged
api/crm/contacts/duplicates/route.ts,POST,WORKSPACE_MODULE,crm,(module view permission),company/branch scope + record ownership unless crm.records.view_all (crm-data-operations-and-customization/record-policy.js),leads: crm.leads.view_sensitive; contacts: crm.contacts.view_sensitive; accounts: crm.accounts.view_sensitive,no,denials logged
api/crm/contacts/merge/preview/route.ts,POST,WORKSPACE_MODULE,crm,(module view permission),company/branch scope + record ownership unless crm.records.view_all (crm-data-operations-and-customization/record-policy.js),leads: crm.leads.view_sensitive; contacts: crm.contacts.view_sensitive; accounts: crm.accounts.view_sensitive,no,denials logged
api/crm/contacts/merge/route.ts,POST,WORKSPACE_MODULE,crm,CRM_PERMISSIONS.accountsManage,company/branch scope + record ownership unless crm.records.view_all (crm-data-operations-and-customization/record-policy.js),leads: crm.leads.view_sensitive; contacts: crm.contacts.view_sensitive; accounts: crm.accounts.view_sensitive,yes,denials logged
api/crm/contacts/route.ts,GET,WORKSPACE_MODULE,crm,(module view permission),company/branch scope + record ownership unless crm.records.view_all (crm-data-operations-and-customization/record-policy.js),leads: crm.leads.view_sensitive; contacts: crm.contacts.view_sensitive; accounts: crm.accounts.view_sensitive,no,denials logged
api/crm/contacts/route.ts,POST,WORKSPACE_MODULE,crm,CRM_PERMISSIONS.accountsManage,company/branch scope + record ownership unless crm.records.view_all (crm-data-operations-and-customization/record-policy.js),leads: crm.leads.view_sensitive; contacts: crm.contacts.view_sensitive; accounts: crm.accounts.view_sensitive,yes,denials logged
api/crm/custom-fields/definitions/[entityType]/route.ts,GET,WORKSPACE_MODULE,crm,(module view permission),company/branch scope + record ownership unless crm.records.view_all (crm-data-operations-and-customization/record-policy.js),leads: crm.leads.view_sensitive; contacts: crm.contacts.view_sensitive; accounts: crm.accounts.view_sensitive,no,denials logged
api/crm/custom-fields/definitions/[entityType]/route.ts,POST,WORKSPACE_MODULE,crm,CRM_PERMISSIONS.settingsManage,company/branch scope + record ownership unless crm.records.view_all (crm-data-operations-and-customization/record-policy.js),leads: crm.leads.view_sensitive; contacts: crm.contacts.view_sensitive; accounts: crm.accounts.view_sensitive,yes,denials logged
api/crm/custom-fields/definitions/by-id/[id]/active/route.ts,POST,WORKSPACE_MODULE,crm,CRM_PERMISSIONS.settingsManage,company/branch scope + record ownership unless crm.records.view_all (crm-data-operations-and-customization/record-policy.js),leads: crm.leads.view_sensitive; contacts: crm.contacts.view_sensitive; accounts: crm.accounts.view_sensitive,yes,denials logged
api/crm/custom-fields/values/[entityType]/[entityId]/history/route.ts,GET,WORKSPACE_MODULE,crm,(module view permission),company/branch scope + record ownership unless crm.records.view_all (crm-data-operations-and-customization/record-policy.js),leads: crm.leads.view_sensitive; contacts: crm.contacts.view_sensitive; accounts: crm.accounts.view_sensitive,no,denials logged
api/crm/custom-fields/values/[entityType]/[entityId]/route.ts,GET,WORKSPACE_MODULE,crm,(module view permission),company/branch scope + record ownership unless crm.records.view_all (crm-data-operations-and-customization/record-policy.js),leads: crm.leads.view_sensitive; contacts: crm.contacts.view_sensitive; accounts: crm.accounts.view_sensitive,no,denials logged
api/crm/custom-fields/values/[entityType]/[entityId]/route.ts,PATCH,WORKSPACE_MODULE,crm,(module view permission),company/branch scope + record ownership unless crm.records.view_all (crm-data-operations-and-customization/record-policy.js),leads: crm.leads.view_sensitive; contacts: crm.contacts.view_sensitive; accounts: crm.accounts.view_sensitive,yes,denials logged
api/crm/dashboard/route.ts,GET,WORKSPACE_MODULE,crm,(module view permission),company/branch scope + record ownership unless crm.records.view_all (crm-data-operations-and-customization/record-policy.js),leads: crm.leads.view_sensitive; contacts: crm.contacts.view_sensitive; accounts: crm.accounts.view_sensitive,no,denials logged
api/crm/duplicate-rules/[id]/status/route.ts,POST,WORKSPACE_MODULE,crm,CRM_PERMISSIONS.dataQualityManage,company/branch scope + record ownership unless crm.records.view_all (crm-data-operations-and-customization/record-policy.js),leads: crm.leads.view_sensitive; contacts: crm.contacts.view_sensitive; accounts: crm.accounts.view_sensitive,yes,denials logged
api/crm/duplicate-rules/route.ts,GET,WORKSPACE_MODULE,crm,CRM_PERMISSIONS.dataQualityManage,company/branch scope + record ownership unless crm.records.view_all (crm-data-operations-and-customization/record-policy.js),leads: crm.leads.view_sensitive; contacts: crm.contacts.view_sensitive; accounts: crm.accounts.view_sensitive,no,denials logged
api/crm/duplicate-rules/route.ts,POST,WORKSPACE_MODULE,crm,CRM_PERMISSIONS.dataQualityManage,company/branch scope + record ownership unless crm.records.view_all (crm-data-operations-and-customization/record-policy.js),leads: crm.leads.view_sensitive; contacts: crm.contacts.view_sensitive; accounts: crm.accounts.view_sensitive,yes,denials logged
api/crm/duplicate-scan/[jobId]/matches/route.ts,GET,WORKSPACE_MODULE,crm,CRM_PERMISSIONS.dataQualityManage,company/branch scope + record ownership unless crm.records.view_all (crm-data-operations-and-customization/record-policy.js),leads: crm.leads.view_sensitive; contacts: crm.contacts.view_sensitive; accounts: crm.accounts.view_sensitive,no,denials logged
api/crm/duplicate-scan/[jobId]/route.ts,GET,WORKSPACE_MODULE,crm,CRM_PERMISSIONS.dataQualityManage,company/branch scope + record ownership unless crm.records.view_all (crm-data-operations-and-customization/record-policy.js),leads: crm.leads.view_sensitive; contacts: crm.contacts.view_sensitive; accounts: crm.accounts.view_sensitive,no,denials logged
api/crm/duplicate-scan/route.ts,GET,WORKSPACE_MODULE,crm,CRM_PERMISSIONS.dataQualityManage,company/branch scope + record ownership unless crm.records.view_all (crm-data-operations-and-customization/record-policy.js),leads: crm.leads.view_sensitive; contacts: crm.contacts.view_sensitive; accounts: crm.accounts.view_sensitive,no,denials logged
api/crm/duplicate-scan/route.ts,POST,WORKSPACE_MODULE,crm,CRM_PERMISSIONS.dataQualityManage,company/branch scope + record ownership unless crm.records.view_all (crm-data-operations-and-customization/record-policy.js),leads: crm.leads.view_sensitive; contacts: crm.contacts.view_sensitive; accounts: crm.accounts.view_sensitive,yes,denials logged
api/crm/email-history/route.ts,GET,WORKSPACE_MODULE,crm,(module view permission),company/branch scope + record ownership unless crm.records.view_all (crm-data-operations-and-customization/record-policy.js),leads: crm.leads.view_sensitive; contacts: crm.contacts.view_sensitive; accounts: crm.accounts.view_sensitive,no,denials logged
api/crm/email-threads/[id]/route.ts,GET,WORKSPACE_MODULE,crm,(module view permission),company/branch scope + record ownership unless crm.records.view_all (crm-data-operations-and-customization/record-policy.js),leads: crm.leads.view_sensitive; contacts: crm.contacts.view_sensitive; accounts: crm.accounts.view_sensitive,no,denials logged
api/crm/follow-ups/[id]/cancel/route.ts,POST,WORKSPACE_MODULE,crm,CRM_PERMISSIONS.activitiesManage,company/branch scope + record ownership unless crm.records.view_all (crm-data-operations-and-customization/record-policy.js),leads: crm.leads.view_sensitive; contacts: crm.contacts.view_sensitive; accounts: crm.accounts.view_sensitive,yes,denials logged
api/crm/follow-ups/[id]/complete/route.ts,POST,WORKSPACE_MODULE,crm,CRM_PERMISSIONS.activitiesManage,company/branch scope + record ownership unless crm.records.view_all (crm-data-operations-and-customization/record-policy.js),leads: crm.leads.view_sensitive; contacts: crm.contacts.view_sensitive; accounts: crm.accounts.view_sensitive,yes,denials logged
api/crm/follow-ups/[id]/history/route.ts,GET,WORKSPACE_MODULE,crm,CRM_PERMISSIONS.activitiesManage,company/branch scope + record ownership unless crm.records.view_all (crm-data-operations-and-customization/record-policy.js),leads: crm.leads.view_sensitive; contacts: crm.contacts.view_sensitive; accounts: crm.accounts.view_sensitive,no,denials logged
api/crm/follow-ups/[id]/reminders/[reminderId]/acknowledge/route.ts,POST,WORKSPACE_MODULE,crm,CRM_PERMISSIONS.activitiesManage,company/branch scope + record ownership unless crm.records.view_all (crm-data-operations-and-customization/record-policy.js),leads: crm.leads.view_sensitive; contacts: crm.contacts.view_sensitive; accounts: crm.accounts.view_sensitive,yes,denials logged
api/crm/follow-ups/[id]/reminders/route.ts,GET,WORKSPACE_MODULE,crm,CRM_PERMISSIONS.activitiesManage,company/branch scope + record ownership unless crm.records.view_all (crm-data-operations-and-customization/record-policy.js),leads: crm.leads.view_sensitive; contacts: crm.contacts.view_sensitive; accounts: crm.accounts.view_sensitive,no,denials logged
api/crm/follow-ups/[id]/route.ts,GET,WORKSPACE_MODULE,crm,CRM_PERMISSIONS.activitiesManage,company/branch scope + record ownership unless crm.records.view_all (crm-data-operations-and-customization/record-policy.js),leads: crm.leads.view_sensitive; contacts: crm.contacts.view_sensitive; accounts: crm.accounts.view_sensitive,no,denials logged
api/crm/follow-ups/[id]/route.ts,PATCH,WORKSPACE_MODULE,crm,CRM_PERMISSIONS.activitiesManage,company/branch scope + record ownership unless crm.records.view_all (crm-data-operations-and-customization/record-policy.js),leads: crm.leads.view_sensitive; contacts: crm.contacts.view_sensitive; accounts: crm.accounts.view_sensitive,yes,denials logged
api/crm/follow-ups/[id]/snooze/route.ts,POST,WORKSPACE_MODULE,crm,CRM_PERMISSIONS.activitiesManage,company/branch scope + record ownership unless crm.records.view_all (crm-data-operations-and-customization/record-policy.js),leads: crm.leads.view_sensitive; contacts: crm.contacts.view_sensitive; accounts: crm.accounts.view_sensitive,yes,denials logged
api/crm/follow-ups/route.ts,GET,WORKSPACE_MODULE,crm,CRM_PERMISSIONS.activitiesManage,company/branch scope + record ownership unless crm.records.view_all (crm-data-operations-and-customization/record-policy.js),leads: crm.leads.view_sensitive; contacts: crm.contacts.view_sensitive; accounts: crm.accounts.view_sensitive,no,denials logged
api/crm/follow-ups/route.ts,POST,WORKSPACE_MODULE,crm,CRM_PERMISSIONS.activitiesManage,company/branch scope + record ownership unless crm.records.view_all (crm-data-operations-and-customization/record-policy.js),leads: crm.leads.view_sensitive; contacts: crm.contacts.view_sensitive; accounts: crm.accounts.view_sensitive,yes,denials logged
api/crm/forecast/calibration/route.ts,GET,WORKSPACE_MODULE,crm,CRM_PERMISSIONS.opportunitiesManage,company/branch scope + record ownership unless crm.records.view_all (crm-data-operations-and-customization/record-policy.js),leads: crm.leads.view_sensitive; contacts: crm.contacts.view_sensitive; accounts: crm.accounts.view_sensitive,no,denials logged
api/crm/forecast/predictive-snapshot/route.ts,POST,WORKSPACE_MODULE,crm,CRM_PERMISSIONS.opportunitiesManage,company/branch scope + record ownership unless crm.records.view_all (crm-data-operations-and-customization/record-policy.js),leads: crm.leads.view_sensitive; contacts: crm.contacts.view_sensitive; accounts: crm.accounts.view_sensitive,yes,denials logged
api/crm/lead-assignee-availability/[id]/route.ts,DELETE,WORKSPACE_MODULE,crm,CRM_PERMISSIONS.settingsManage,company/branch scope + record ownership unless crm.records.view_all (crm-data-operations-and-customization/record-policy.js),leads: crm.leads.view_sensitive; contacts: crm.contacts.view_sensitive; accounts: crm.accounts.view_sensitive,yes,denials logged
api/crm/lead-assignee-availability/route.ts,GET,WORKSPACE_MODULE,crm,CRM_PERMISSIONS.settingsManage,company/branch scope + record ownership unless crm.records.view_all (crm-data-operations-and-customization/record-policy.js),leads: crm.leads.view_sensitive; contacts: crm.contacts.view_sensitive; accounts: crm.accounts.view_sensitive,no,denials logged
api/crm/lead-assignee-availability/route.ts,POST,WORKSPACE_MODULE,crm,CRM_PERMISSIONS.settingsManage,company/branch scope + record ownership unless crm.records.view_all (crm-data-operations-and-customization/record-policy.js),leads: crm.leads.view_sensitive; contacts: crm.contacts.view_sensitive; accounts: crm.accounts.view_sensitive,yes,denials logged
api/crm/lead-assignment-fallback/route.ts,GET,WORKSPACE_MODULE,crm,CRM_PERMISSIONS.settingsManage,company/branch scope + record ownership unless crm.records.view_all (crm-data-operations-and-customization/record-policy.js),leads: crm.leads.view_sensitive; contacts: crm.contacts.view_sensitive; accounts: crm.accounts.view_sensitive,no,denials logged
api/crm/lead-assignment-fallback/route.ts,POST,WORKSPACE_MODULE,crm,CRM_PERMISSIONS.settingsManage,company/branch scope + record ownership unless crm.records.view_all (crm-data-operations-and-customization/record-policy.js),leads: crm.leads.view_sensitive; contacts: crm.contacts.view_sensitive; accounts: crm.accounts.view_sensitive,yes,denials logged
api/crm/lead-assignment-policies/[id]/explain/route.ts,GET,WORKSPACE_MODULE,crm,CRM_PERMISSIONS.settingsManage,company/branch scope + record ownership unless crm.records.view_all (crm-data-operations-and-customization/record-policy.js),leads: crm.leads.view_sensitive; contacts: crm.contacts.view_sensitive; accounts: crm.accounts.view_sensitive,no,denials logged
api/crm/lead-assignment-policies/[id]/route.ts,POST,WORKSPACE_MODULE,crm,CRM_PERMISSIONS.settingsManage,company/branch scope + record ownership unless crm.records.view_all (crm-data-operations-and-customization/record-policy.js),leads: crm.leads.view_sensitive; contacts: crm.contacts.view_sensitive; accounts: crm.accounts.view_sensitive,yes,denials logged
api/crm/lead-assignment-policies/[id]/route.ts,PATCH,WORKSPACE_MODULE,crm,CRM_PERMISSIONS.settingsManage,company/branch scope + record ownership unless crm.records.view_all (crm-data-operations-and-customization/record-policy.js),leads: crm.leads.view_sensitive; contacts: crm.contacts.view_sensitive; accounts: crm.accounts.view_sensitive,yes,denials logged
api/crm/lead-assignment-policies/[id]/route.ts,DELETE,WORKSPACE_MODULE,crm,CRM_PERMISSIONS.settingsManage,company/branch scope + record ownership unless crm.records.view_all (crm-data-operations-and-customization/record-policy.js),leads: crm.leads.view_sensitive; contacts: crm.contacts.view_sensitive; accounts: crm.accounts.view_sensitive,yes,denials logged
api/crm/lead-assignment-policies/route.ts,GET,WORKSPACE_MODULE,crm,CRM_PERMISSIONS.settingsManage,company/branch scope + record ownership unless crm.records.view_all (crm-data-operations-and-customization/record-policy.js),leads: crm.leads.view_sensitive; contacts: crm.contacts.view_sensitive; accounts: crm.accounts.view_sensitive,no,denials logged
api/crm/lead-assignment-policies/route.ts,POST,WORKSPACE_MODULE,crm,CRM_PERMISSIONS.settingsManage,company/branch scope + record ownership unless crm.records.view_all (crm-data-operations-and-customization/record-policy.js),leads: crm.leads.view_sensitive; contacts: crm.contacts.view_sensitive; accounts: crm.accounts.view_sensitive,yes,denials logged
api/crm/lead-scoring-models/[id]/activate/route.ts,POST,WORKSPACE_MODULE,crm,(module view permission),company/branch scope + record ownership unless crm.records.view_all (crm-data-operations-and-customization/record-policy.js),leads: crm.leads.view_sensitive; contacts: crm.contacts.view_sensitive; accounts: crm.accounts.view_sensitive,yes,denials logged
api/crm/lead-scoring-models/[id]/route.ts,PATCH,WORKSPACE_MODULE,crm,(module view permission),company/branch scope + record ownership unless crm.records.view_all (crm-data-operations-and-customization/record-policy.js),leads: crm.leads.view_sensitive; contacts: crm.contacts.view_sensitive; accounts: crm.accounts.view_sensitive,yes,denials logged
api/crm/lead-scoring-models/[id]/rules/[ruleId]/status/route.ts,POST,WORKSPACE_MODULE,crm,(module view permission),company/branch scope + record ownership unless crm.records.view_all (crm-data-operations-and-customization/record-policy.js),leads: crm.leads.view_sensitive; contacts: crm.contacts.view_sensitive; accounts: crm.accounts.view_sensitive,yes,denials logged
api/crm/lead-scoring-models/[id]/rules/route.ts,POST,WORKSPACE_MODULE,crm,(module view permission),company/branch scope + record ownership unless crm.records.view_all (crm-data-operations-and-customization/record-policy.js),leads: crm.leads.view_sensitive; contacts: crm.contacts.view_sensitive; accounts: crm.accounts.view_sensitive,yes,denials logged
api/crm/lead-scoring-models/[id]/train/route.ts,POST,WORKSPACE_MODULE,crm,(module view permission),company/branch scope + record ownership unless crm.records.view_all (crm-data-operations-and-customization/record-policy.js),leads: crm.leads.view_sensitive; contacts: crm.contacts.view_sensitive; accounts: crm.accounts.view_sensitive,yes,denials logged
api/crm/lead-scoring-models/route.ts,GET,WORKSPACE_MODULE,crm,(module view permission),company/branch scope + record ownership unless crm.records.view_all (crm-data-operations-and-customization/record-policy.js),leads: crm.leads.view_sensitive; contacts: crm.contacts.view_sensitive; accounts: crm.accounts.view_sensitive,no,denials logged
api/crm/lead-scoring-models/route.ts,POST,WORKSPACE_MODULE,crm,(module view permission),company/branch scope + record ownership unless crm.records.view_all (crm-data-operations-and-customization/record-policy.js),leads: crm.leads.view_sensitive; contacts: crm.contacts.view_sensitive; accounts: crm.accounts.view_sensitive,yes,denials logged
api/crm/lead-sources/[id]/active/route.ts,POST,WORKSPACE_MODULE,crm,CRM_PERMISSIONS.settingsManage,company/branch scope + record ownership unless crm.records.view_all (crm-data-operations-and-customization/record-policy.js),leads: crm.leads.view_sensitive; contacts: crm.contacts.view_sensitive; accounts: crm.accounts.view_sensitive,yes,denials logged
api/crm/lead-sources/[id]/route.ts,PATCH,WORKSPACE_MODULE,crm,CRM_PERMISSIONS.settingsManage,company/branch scope + record ownership unless crm.records.view_all (crm-data-operations-and-customization/record-policy.js),leads: crm.leads.view_sensitive; contacts: crm.contacts.view_sensitive; accounts: crm.accounts.view_sensitive,yes,denials logged
api/crm/lead-sources/route.ts,GET,WORKSPACE_MODULE,crm,(module view permission),company/branch scope + record ownership unless crm.records.view_all (crm-data-operations-and-customization/record-policy.js),leads: crm.leads.view_sensitive; contacts: crm.contacts.view_sensitive; accounts: crm.accounts.view_sensitive,no,denials logged
api/crm/lead-sources/route.ts,POST,WORKSPACE_MODULE,crm,CRM_PERMISSIONS.settingsManage,company/branch scope + record ownership unless crm.records.view_all (crm-data-operations-and-customization/record-policy.js),leads: crm.leads.view_sensitive; contacts: crm.contacts.view_sensitive; accounts: crm.accounts.view_sensitive,yes,denials logged
api/crm/lead-stage-transition-reasons/[id]/active/route.ts,POST,WORKSPACE_MODULE,crm,CRM_PERMISSIONS.settingsManage,company/branch scope + record ownership unless crm.records.view_all (crm-data-operations-and-customization/record-policy.js),leads: crm.leads.view_sensitive; contacts: crm.contacts.view_sensitive; accounts: crm.accounts.view_sensitive,yes,denials logged
api/crm/lead-stage-transition-reasons/route.ts,GET,WORKSPACE_MODULE,crm,(module view permission),company/branch scope + record ownership unless crm.records.view_all (crm-data-operations-and-customization/record-policy.js),leads: crm.leads.view_sensitive; contacts: crm.contacts.view_sensitive; accounts: crm.accounts.view_sensitive,no,denials logged
api/crm/lead-stage-transition-reasons/route.ts,POST,WORKSPACE_MODULE,crm,CRM_PERMISSIONS.settingsManage,company/branch scope + record ownership unless crm.records.view_all (crm-data-operations-and-customization/record-policy.js),leads: crm.leads.view_sensitive; contacts: crm.contacts.view_sensitive; accounts: crm.accounts.view_sensitive,yes,denials logged
api/crm/lead-stage-transitions/[fromId]/[toId]/route.ts,DELETE,WORKSPACE_MODULE,crm,CRM_PERMISSIONS.settingsManage,company/branch scope + record ownership unless crm.records.view_all (crm-data-operations-and-customization/record-policy.js),leads: crm.leads.view_sensitive; contacts: crm.contacts.view_sensitive; accounts: crm.accounts.view_sensitive,yes,denials logged
api/crm/lead-stage-transitions/route.ts,GET,WORKSPACE_MODULE,crm,(module view permission),company/branch scope + record ownership unless crm.records.view_all (crm-data-operations-and-customization/record-policy.js),leads: crm.leads.view_sensitive; contacts: crm.contacts.view_sensitive; accounts: crm.accounts.view_sensitive,no,denials logged
api/crm/lead-stage-transitions/route.ts,POST,WORKSPACE_MODULE,crm,CRM_PERMISSIONS.settingsManage,company/branch scope + record ownership unless crm.records.view_all (crm-data-operations-and-customization/record-policy.js),leads: crm.leads.view_sensitive; contacts: crm.contacts.view_sensitive; accounts: crm.accounts.view_sensitive,yes,denials logged
api/crm/lead-stages/[id]/deactivate/route.ts,POST,WORKSPACE_MODULE,crm,CRM_PERMISSIONS.settingsManage,company/branch scope + record ownership unless crm.records.view_all (crm-data-operations-and-customization/record-policy.js),leads: crm.leads.view_sensitive; contacts: crm.contacts.view_sensitive; accounts: crm.accounts.view_sensitive,yes,denials logged
api/crm/lead-stages/[id]/reactivate/route.ts,POST,WORKSPACE_MODULE,crm,CRM_PERMISSIONS.settingsManage,company/branch scope + record ownership unless crm.records.view_all (crm-data-operations-and-customization/record-policy.js),leads: crm.leads.view_sensitive; contacts: crm.contacts.view_sensitive; accounts: crm.accounts.view_sensitive,yes,denials logged
api/crm/lead-stages/[id]/route.ts,PATCH,WORKSPACE_MODULE,crm,CRM_PERMISSIONS.settingsManage,company/branch scope + record ownership unless crm.records.view_all (crm-data-operations-and-customization/record-policy.js),leads: crm.leads.view_sensitive; contacts: crm.contacts.view_sensitive; accounts: crm.accounts.view_sensitive,yes,denials logged
api/crm/lead-stages/recommended-template/route.ts,GET,WORKSPACE_MODULE,crm,CRM_PERMISSIONS.settingsManage,company/branch scope + record ownership unless crm.records.view_all (crm-data-operations-and-customization/record-policy.js),leads: crm.leads.view_sensitive; contacts: crm.contacts.view_sensitive; accounts: crm.accounts.view_sensitive,no,denials logged
api/crm/lead-stages/recommended-template/route.ts,POST,WORKSPACE_MODULE,crm,CRM_PERMISSIONS.settingsManage,company/branch scope + record ownership unless crm.records.view_all (crm-data-operations-and-customization/record-policy.js),leads: crm.leads.view_sensitive; contacts: crm.contacts.view_sensitive; accounts: crm.accounts.view_sensitive,yes,denials logged
api/crm/lead-stages/route.ts,GET,WORKSPACE_MODULE,crm,(module view permission),company/branch scope + record ownership unless crm.records.view_all (crm-data-operations-and-customization/record-policy.js),leads: crm.leads.view_sensitive; contacts: crm.contacts.view_sensitive; accounts: crm.accounts.view_sensitive,no,denials logged
api/crm/lead-stages/route.ts,POST,WORKSPACE_MODULE,crm,CRM_PERMISSIONS.settingsManage,company/branch scope + record ownership unless crm.records.view_all (crm-data-operations-and-customization/record-policy.js),leads: crm.leads.view_sensitive; contacts: crm.contacts.view_sensitive; accounts: crm.accounts.view_sensitive,yes,denials logged
api/crm/leads/[id]/assign/route.ts,POST,WORKSPACE_MODULE,crm,(module view permission),company/branch scope + record ownership unless crm.records.view_all (crm-data-operations-and-customization/record-policy.js),leads: crm.leads.view_sensitive; contacts: crm.contacts.view_sensitive; accounts: crm.accounts.view_sensitive,yes,denials logged
api/crm/leads/[id]/attribution/route.ts,GET,WORKSPACE_MODULE,crm,(module view permission),company/branch scope + record ownership unless crm.records.view_all (crm-data-operations-and-customization/record-policy.js),leads: crm.leads.view_sensitive; contacts: crm.contacts.view_sensitive; accounts: crm.accounts.view_sensitive,no,denials logged
api/crm/leads/[id]/convert/preview/route.ts,GET,WORKSPACE_MODULE,crm,CRM_PERMISSIONS.leadsManage,company/branch scope + record ownership unless crm.records.view_all (crm-data-operations-and-customization/record-policy.js),leads: crm.leads.view_sensitive; contacts: crm.contacts.view_sensitive; accounts: crm.accounts.view_sensitive,no,denials logged
api/crm/leads/[id]/convert/route.ts,POST,WORKSPACE_MODULE,crm,CRM_PERMISSIONS.leadsManage,company/branch scope + record ownership unless crm.records.view_all (crm-data-operations-and-customization/record-policy.js),leads: crm.leads.view_sensitive; contacts: crm.contacts.view_sensitive; accounts: crm.accounts.view_sensitive,yes,denials logged
api/crm/leads/[id]/duplicates/dismiss/route.ts,POST,WORKSPACE_MODULE,crm,(module view permission),company/branch scope + record ownership unless crm.records.view_all (crm-data-operations-and-customization/record-policy.js),leads: crm.leads.view_sensitive; contacts: crm.contacts.view_sensitive; accounts: crm.accounts.view_sensitive,yes,denials logged
api/crm/leads/[id]/follow-up/route.ts,POST,WORKSPACE_MODULE,crm,(checked in handler),company/branch scope + record ownership unless crm.records.view_all (crm-data-operations-and-customization/record-policy.js),leads: crm.leads.view_sensitive; contacts: crm.contacts.view_sensitive; accounts: crm.accounts.view_sensitive,yes,denials logged
api/crm/leads/[id]/merge/route.ts,POST,WORKSPACE_MODULE,crm,CRM_PERMISSIONS.dataQualityManage,company/branch scope + record ownership unless crm.records.view_all (crm-data-operations-and-customization/record-policy.js),leads: crm.leads.view_sensitive; contacts: crm.contacts.view_sensitive; accounts: crm.accounts.view_sensitive,yes,denials logged
api/crm/leads/[id]/qualification/route.ts,GET,WORKSPACE_MODULE,crm,(module view permission),company/branch scope + record ownership unless crm.records.view_all (crm-data-operations-and-customization/record-policy.js),leads: crm.leads.view_sensitive; contacts: crm.contacts.view_sensitive; accounts: crm.accounts.view_sensitive,no,denials logged
api/crm/leads/[id]/qualification/route.ts,POST,WORKSPACE_MODULE,crm,(module view permission),company/branch scope + record ownership unless crm.records.view_all (crm-data-operations-and-customization/record-policy.js),leads: crm.leads.view_sensitive; contacts: crm.contacts.view_sensitive; accounts: crm.accounts.view_sensitive,yes,denials logged
api/crm/leads/[id]/score/route.ts,GET,WORKSPACE_MODULE,crm,(module view permission),company/branch scope + record ownership unless crm.records.view_all (crm-data-operations-and-customization/record-policy.js),leads: crm.leads.view_sensitive; contacts: crm.contacts.view_sensitive; accounts: crm.accounts.view_sensitive,no,denials logged
api/crm/leads/[id]/score/route.ts,POST,WORKSPACE_MODULE,crm,(module view permission),company/branch scope + record ownership unless crm.records.view_all (crm-data-operations-and-customization/record-policy.js),leads: crm.leads.view_sensitive; contacts: crm.contacts.view_sensitive; accounts: crm.accounts.view_sensitive,yes,denials logged
api/crm/leads/[id]/stage/reasons/route.ts,GET,WORKSPACE_MODULE,crm,(module view permission),company/branch scope + record ownership unless crm.records.view_all (crm-data-operations-and-customization/record-policy.js),leads: crm.leads.view_sensitive; contacts: crm.contacts.view_sensitive; accounts: crm.accounts.view_sensitive,no,denials logged
api/crm/leads/[id]/stage/route.ts,GET,WORKSPACE_MODULE,crm,(module view permission),company/branch scope + record ownership unless crm.records.view_all (crm-data-operations-and-customization/record-policy.js),leads: crm.leads.view_sensitive; contacts: crm.contacts.view_sensitive; accounts: crm.accounts.view_sensitive,no,denials logged
api/crm/leads/[id]/stage/route.ts,POST,WORKSPACE_MODULE,crm,CRM_PERMISSIONS.leadsManage,company/branch scope + record ownership unless crm.records.view_all (crm-data-operations-and-customization/record-policy.js),leads: crm.leads.view_sensitive; contacts: crm.contacts.view_sensitive; accounts: crm.accounts.view_sensitive,yes,denials logged
api/crm/leads/[id]/tags/[tagId]/route.ts,DELETE,WORKSPACE_MODULE,crm,(module view permission),company/branch scope + record ownership unless crm.records.view_all (crm-data-operations-and-customization/record-policy.js),leads: crm.leads.view_sensitive; contacts: crm.contacts.view_sensitive; accounts: crm.accounts.view_sensitive,yes,denials logged
api/crm/leads/[id]/tags/route.ts,GET,WORKSPACE_MODULE,crm,(module view permission),company/branch scope + record ownership unless crm.records.view_all (crm-data-operations-and-customization/record-policy.js),leads: crm.leads.view_sensitive; contacts: crm.contacts.view_sensitive; accounts: crm.accounts.view_sensitive,no,denials logged
api/crm/leads/[id]/tags/route.ts,POST,WORKSPACE_MODULE,crm,(module view permission),company/branch scope + record ownership unless crm.records.view_all (crm-data-operations-and-customization/record-policy.js),leads: crm.leads.view_sensitive; contacts: crm.contacts.view_sensitive; accounts: crm.accounts.view_sensitive,yes,denials logged
api/crm/leads/bulk/jobs/[jobId]/route.ts,GET,WORKSPACE_MODULE,crm,(module view permission),company/branch scope + record ownership unless crm.records.view_all (crm-data-operations-and-customization/record-policy.js),leads: crm.leads.view_sensitive; contacts: crm.contacts.view_sensitive; accounts: crm.accounts.view_sensitive,no,denials logged
api/crm/leads/bulk/route.ts,POST,WORKSPACE_MODULE,crm,CRM_PERMISSIONS.leadsManage,company/branch scope + record ownership unless crm.records.view_all (crm-data-operations-and-customization/record-policy.js),leads: crm.leads.view_sensitive; contacts: crm.contacts.view_sensitive; accounts: crm.accounts.view_sensitive,yes,denials logged
api/crm/leads/duplicates/route.ts,POST,WORKSPACE_MODULE,crm,(module view permission),company/branch scope + record ownership unless crm.records.view_all (crm-data-operations-and-customization/record-policy.js),leads: crm.leads.view_sensitive; contacts: crm.contacts.view_sensitive; accounts: crm.accounts.view_sensitive,no,denials logged
api/crm/leads/enrichment/route.ts,POST,WORKSPACE_MODULE,crm,(checked in handler),company/branch scope + record ownership unless crm.records.view_all (crm-data-operations-and-customization/record-policy.js),leads: crm.leads.view_sensitive; contacts: crm.contacts.view_sensitive; accounts: crm.accounts.view_sensitive,yes,denials logged
api/crm/leads/export/[jobId]/download/route.ts,GET,WORKSPACE_MODULE,crm,CRM_PERMISSIONS.export,company/branch scope + record ownership unless crm.records.view_all (crm-data-operations-and-customization/record-policy.js),leads: crm.leads.view_sensitive; contacts: crm.contacts.view_sensitive; accounts: crm.accounts.view_sensitive,no,denials logged
api/crm/leads/export/[jobId]/route.ts,GET,WORKSPACE_MODULE,crm,CRM_PERMISSIONS.export,company/branch scope + record ownership unless crm.records.view_all (crm-data-operations-and-customization/record-policy.js),leads: crm.leads.view_sensitive; contacts: crm.contacts.view_sensitive; accounts: crm.accounts.view_sensitive,no,denials logged
api/crm/leads/export/route.ts,POST,WORKSPACE_MODULE,crm,CRM_PERMISSIONS.export,company/branch scope + record ownership unless crm.records.view_all (crm-data-operations-and-customization/record-policy.js),leads: crm.leads.view_sensitive; contacts: crm.contacts.view_sensitive; accounts: crm.accounts.view_sensitive,no,denials logged
api/crm/leads/import/[batchId]/commit/route.ts,POST,WORKSPACE_MODULE,crm,"[CRM_PERMISSIONS.import, CRM_PERMISSIONS.leadsManage]",company/branch scope + record ownership unless crm.records.view_all (crm-data-operations-and-customization/record-policy.js),leads: crm.leads.view_sensitive; contacts: crm.contacts.view_sensitive; accounts: crm.accounts.view_sensitive,yes,denials logged
api/crm/leads/import/[batchId]/rollback/route.ts,POST,WORKSPACE_MODULE,crm,"[CRM_PERMISSIONS.import, CRM_PERMISSIONS.leadsManage]",company/branch scope + record ownership unless crm.records.view_all (crm-data-operations-and-customization/record-policy.js),leads: crm.leads.view_sensitive; contacts: crm.contacts.view_sensitive; accounts: crm.accounts.view_sensitive,yes,denials logged
api/crm/leads/import/analyze/route.ts,POST,WORKSPACE_MODULE,crm,IMPORT_PERMISSIONS,company/branch scope + record ownership unless crm.records.view_all (crm-data-operations-and-customization/record-policy.js),leads: crm.leads.view_sensitive; contacts: crm.contacts.view_sensitive; accounts: crm.accounts.view_sensitive,no,denials logged
api/crm/leads/import/batches/route.ts,GET,WORKSPACE_MODULE,crm,"[CRM_PERMISSIONS.import, CRM_PERMISSIONS.leadsManage]",company/branch scope + record ownership unless crm.records.view_all (crm-data-operations-and-customization/record-policy.js),leads: crm.leads.view_sensitive; contacts: crm.contacts.view_sensitive; accounts: crm.accounts.view_sensitive,no,denials logged
api/crm/leads/import/preview/route.ts,POST,WORKSPACE_MODULE,crm,"[CRM_PERMISSIONS.import, CRM_PERMISSIONS.leadsManage]",company/branch scope + record ownership unless crm.records.view_all (crm-data-operations-and-customization/record-policy.js),leads: crm.leads.view_sensitive; contacts: crm.contacts.view_sensitive; accounts: crm.accounts.view_sensitive,no,denials logged
api/crm/leads/sla/route.ts,POST,WORKSPACE_MODULE,crm,(checked in handler),company/branch scope + record ownership unless crm.records.view_all (crm-data-operations-and-customization/record-policy.js),leads: crm.leads.view_sensitive; contacts: crm.contacts.view_sensitive; accounts: crm.accounts.view_sensitive,yes,denials logged
api/crm/leads/transition-graph/route.ts,GET,WORKSPACE_MODULE,crm,(module view permission),company/branch scope + record ownership unless crm.records.view_all (crm-data-operations-and-customization/record-policy.js),leads: crm.leads.view_sensitive; contacts: crm.contacts.view_sensitive; accounts: crm.accounts.view_sensitive,no,denials logged
api/crm/meetings/[id]/cancel/route.ts,POST,WORKSPACE_MODULE,crm,CRM_PERMISSIONS.activitiesManage,company/branch scope + record ownership unless crm.records.view_all (crm-data-operations-and-customization/record-policy.js),leads: crm.leads.view_sensitive; contacts: crm.contacts.view_sensitive; accounts: crm.accounts.view_sensitive,yes,denials logged
api/crm/meetings/[id]/complete/route.ts,POST,WORKSPACE_MODULE,crm,CRM_PERMISSIONS.activitiesManage,company/branch scope + record ownership unless crm.records.view_all (crm-data-operations-and-customization/record-policy.js),leads: crm.leads.view_sensitive; contacts: crm.contacts.view_sensitive; accounts: crm.accounts.view_sensitive,yes,denials logged
api/crm/meetings/[id]/events/route.ts,GET,WORKSPACE_MODULE,crm,CRM_PERMISSIONS.activitiesManage,company/branch scope + record ownership unless crm.records.view_all (crm-data-operations-and-customization/record-policy.js),leads: crm.leads.view_sensitive; contacts: crm.contacts.view_sensitive; accounts: crm.accounts.view_sensitive,no,denials logged
api/crm/meetings/[id]/route.ts,GET,WORKSPACE_MODULE,crm,CRM_PERMISSIONS.activitiesManage,company/branch scope + record ownership unless crm.records.view_all (crm-data-operations-and-customization/record-policy.js),leads: crm.leads.view_sensitive; contacts: crm.contacts.view_sensitive; accounts: crm.accounts.view_sensitive,no,denials logged
api/crm/meetings/[id]/route.ts,PATCH,WORKSPACE_MODULE,crm,CRM_PERMISSIONS.activitiesManage,company/branch scope + record ownership unless crm.records.view_all (crm-data-operations-and-customization/record-policy.js),leads: crm.leads.view_sensitive; contacts: crm.contacts.view_sensitive; accounts: crm.accounts.view_sensitive,yes,denials logged
api/crm/meetings/[id]/start/route.ts,POST,WORKSPACE_MODULE,crm,CRM_PERMISSIONS.activitiesManage,company/branch scope + record ownership unless crm.records.view_all (crm-data-operations-and-customization/record-policy.js),leads: crm.leads.view_sensitive; contacts: crm.contacts.view_sensitive; accounts: crm.accounts.view_sensitive,yes,denials logged
api/crm/meetings/route.ts,GET,WORKSPACE_MODULE,crm,CRM_PERMISSIONS.activitiesManage,company/branch scope + record ownership unless crm.records.view_all (crm-data-operations-and-customization/record-policy.js),leads: crm.leads.view_sensitive; contacts: crm.contacts.view_sensitive; accounts: crm.accounts.view_sensitive,no,denials logged
api/crm/meetings/route.ts,POST,WORKSPACE_MODULE,crm,CRM_PERMISSIONS.activitiesManage,company/branch scope + record ownership unless crm.records.view_all (crm-data-operations-and-customization/record-policy.js),leads: crm.leads.view_sensitive; contacts: crm.contacts.view_sensitive; accounts: crm.accounts.view_sensitive,yes,denials logged
api/crm/notes/[id]/route.ts,GET,WORKSPACE_MODULE,crm,(module view permission),company/branch scope + record ownership unless crm.records.view_all (crm-data-operations-and-customization/record-policy.js),leads: crm.leads.view_sensitive; contacts: crm.contacts.view_sensitive; accounts: crm.accounts.view_sensitive,no,denials logged
api/crm/notes/[id]/route.ts,PATCH,WORKSPACE_MODULE,crm,(module view permission),company/branch scope + record ownership unless crm.records.view_all (crm-data-operations-and-customization/record-policy.js),leads: crm.leads.view_sensitive; contacts: crm.contacts.view_sensitive; accounts: crm.accounts.view_sensitive,yes,denials logged
api/crm/notes/[id]/route.ts,DELETE,WORKSPACE_MODULE,crm,(module view permission),company/branch scope + record ownership unless crm.records.view_all (crm-data-operations-and-customization/record-policy.js),leads: crm.leads.view_sensitive; contacts: crm.contacts.view_sensitive; accounts: crm.accounts.view_sensitive,yes,denials logged
api/crm/notes/[id]/versions/route.ts,GET,WORKSPACE_MODULE,crm,(module view permission),company/branch scope + record ownership unless crm.records.view_all (crm-data-operations-and-customization/record-policy.js),leads: crm.leads.view_sensitive; contacts: crm.contacts.view_sensitive; accounts: crm.accounts.view_sensitive,no,denials logged
api/crm/notes/route.ts,GET,WORKSPACE_MODULE,crm,(module view permission),company/branch scope + record ownership unless crm.records.view_all (crm-data-operations-and-customization/record-policy.js),leads: crm.leads.view_sensitive; contacts: crm.contacts.view_sensitive; accounts: crm.accounts.view_sensitive,no,denials logged
api/crm/notes/route.ts,POST,WORKSPACE_MODULE,crm,(module view permission),company/branch scope + record ownership unless crm.records.view_all (crm-data-operations-and-customization/record-policy.js),leads: crm.leads.view_sensitive; contacts: crm.contacts.view_sensitive; accounts: crm.accounts.view_sensitive,yes,denials logged
api/crm/offline-sync/route.ts,POST,WORKSPACE_MODULE,crm,(checked in handler),company/branch scope + record ownership unless crm.records.view_all (crm-data-operations-and-customization/record-policy.js),leads: crm.leads.view_sensitive; contacts: crm.contacts.view_sensitive; accounts: crm.accounts.view_sensitive,yes,denials logged
api/crm/opportunities/[id]/contact-roles/[roleId]/primary/route.ts,POST,WORKSPACE_MODULE,crm,CRM_PERMISSIONS.opportunitiesManage,company/branch scope + record ownership unless crm.records.view_all (crm-data-operations-and-customization/record-policy.js),leads: crm.leads.view_sensitive; contacts: crm.contacts.view_sensitive; accounts: crm.accounts.view_sensitive,yes,denials logged
api/crm/opportunities/[id]/contact-roles/[roleId]/route.ts,PATCH,WORKSPACE_MODULE,crm,CRM_PERMISSIONS.opportunitiesManage,company/branch scope + record ownership unless crm.records.view_all (crm-data-operations-and-customization/record-policy.js),leads: crm.leads.view_sensitive; contacts: crm.contacts.view_sensitive; accounts: crm.accounts.view_sensitive,yes,denials logged
api/crm/opportunities/[id]/contact-roles/[roleId]/route.ts,DELETE,WORKSPACE_MODULE,crm,CRM_PERMISSIONS.opportunitiesManage,company/branch scope + record ownership unless crm.records.view_all (crm-data-operations-and-customization/record-policy.js),leads: crm.leads.view_sensitive; contacts: crm.contacts.view_sensitive; accounts: crm.accounts.view_sensitive,yes,denials logged
api/crm/opportunities/[id]/contact-roles/route.ts,GET,WORKSPACE_MODULE,crm,(module view permission),company/branch scope + record ownership unless crm.records.view_all (crm-data-operations-and-customization/record-policy.js),leads: crm.leads.view_sensitive; contacts: crm.contacts.view_sensitive; accounts: crm.accounts.view_sensitive,no,denials logged
api/crm/opportunities/[id]/contact-roles/route.ts,POST,WORKSPACE_MODULE,crm,CRM_PERMISSIONS.opportunitiesManage,company/branch scope + record ownership unless crm.records.view_all (crm-data-operations-and-customization/record-policy.js),leads: crm.leads.view_sensitive; contacts: crm.contacts.view_sensitive; accounts: crm.accounts.view_sensitive,yes,denials logged
api/crm/opportunities/[id]/predictive-probability/route.ts,GET,WORKSPACE_MODULE,crm,(module view permission),company/branch scope + record ownership unless crm.records.view_all (crm-data-operations-and-customization/record-policy.js),leads: crm.leads.view_sensitive; contacts: crm.contacts.view_sensitive; accounts: crm.accounts.view_sensitive,no,denials logged
api/crm/opportunities/[id]/probability-history/route.ts,GET,WORKSPACE_MODULE,crm,(module view permission),company/branch scope + record ownership unless crm.records.view_all (crm-data-operations-and-customization/record-policy.js),leads: crm.leads.view_sensitive; contacts: crm.contacts.view_sensitive; accounts: crm.accounts.view_sensitive,no,denials logged
api/crm/opportunities/[id]/probability/route.ts,POST,WORKSPACE_MODULE,crm,CRM_PERMISSIONS.opportunitiesManage,company/branch scope + record ownership unless crm.records.view_all (crm-data-operations-and-customization/record-policy.js),leads: crm.leads.view_sensitive; contacts: crm.contacts.view_sensitive; accounts: crm.accounts.view_sensitive,yes,denials logged
api/crm/opportunities/[id]/restore/route.ts,POST,WORKSPACE_MODULE,crm,CRM_PERMISSIONS.opportunitiesManage,company/branch scope + record ownership unless crm.records.view_all (crm-data-operations-and-customization/record-policy.js),leads: crm.leads.view_sensitive; contacts: crm.contacts.view_sensitive; accounts: crm.accounts.view_sensitive,yes,denials logged
api/crm/opportunities/[id]/stage/route.ts,POST,WORKSPACE_MODULE,crm,CRM_PERMISSIONS.opportunitiesManage,company/branch scope + record ownership unless crm.records.view_all (crm-data-operations-and-customization/record-policy.js),leads: crm.leads.view_sensitive; contacts: crm.contacts.view_sensitive; accounts: crm.accounts.view_sensitive,yes,denials logged
api/crm/opportunities/bulk/jobs/[jobId]/route.ts,GET,WORKSPACE_MODULE,crm,(module view permission),company/branch scope + record ownership unless crm.records.view_all (crm-data-operations-and-customization/record-policy.js),leads: crm.leads.view_sensitive; contacts: crm.contacts.view_sensitive; accounts: crm.accounts.view_sensitive,no,denials logged
api/crm/opportunities/bulk/route.ts,POST,WORKSPACE_MODULE,crm,CRM_PERMISSIONS.opportunitiesManage,company/branch scope + record ownership unless crm.records.view_all (crm-data-operations-and-customization/record-policy.js),leads: crm.leads.view_sensitive; contacts: crm.contacts.view_sensitive; accounts: crm.accounts.view_sensitive,yes,denials logged
api/crm/opportunities/pipeline-summary/route.ts,GET,WORKSPACE_MODULE,crm,(module view permission),company/branch scope + record ownership unless crm.records.view_all (crm-data-operations-and-customization/record-policy.js),leads: crm.leads.view_sensitive; contacts: crm.contacts.view_sensitive; accounts: crm.accounts.view_sensitive,no,denials logged
api/crm/options/route.ts,GET,WORKSPACE_MODULE,crm,(module view permission),company/branch scope + record ownership unless crm.records.view_all (crm-data-operations-and-customization/record-policy.js),leads: crm.leads.view_sensitive; contacts: crm.contacts.view_sensitive; accounts: crm.accounts.view_sensitive,no,denials logged
api/crm/pipeline-stages/[id]/active/route.ts,POST,WORKSPACE_MODULE,crm,CRM_PERMISSIONS.settingsManage,company/branch scope + record ownership unless crm.records.view_all (crm-data-operations-and-customization/record-policy.js),leads: crm.leads.view_sensitive; contacts: crm.contacts.view_sensitive; accounts: crm.accounts.view_sensitive,yes,denials logged
api/crm/pipeline-stages/[id]/deactivate/route.ts,POST,WORKSPACE_MODULE,crm,CRM_PERMISSIONS.settingsManage,company/branch scope + record ownership unless crm.records.view_all (crm-data-operations-and-customization/record-policy.js),leads: crm.leads.view_sensitive; contacts: crm.contacts.view_sensitive; accounts: crm.accounts.view_sensitive,yes,denials logged
api/crm/pipeline-stages/[id]/route.ts,PATCH,WORKSPACE_MODULE,crm,CRM_PERMISSIONS.settingsManage,company/branch scope + record ownership unless crm.records.view_all (crm-data-operations-and-customization/record-policy.js),leads: crm.leads.view_sensitive; contacts: crm.contacts.view_sensitive; accounts: crm.accounts.view_sensitive,yes,denials logged
api/crm/pipeline-stages/[id]/sla-policy/route.ts,PUT,WORKSPACE_MODULE,crm,CRM_PERMISSIONS.settingsManage,company/branch scope + record ownership unless crm.records.view_all (crm-data-operations-and-customization/record-policy.js),leads: crm.leads.view_sensitive; contacts: crm.contacts.view_sensitive; accounts: crm.accounts.view_sensitive,yes,denials logged
api/crm/pipeline-stages/history/route.ts,GET,WORKSPACE_MODULE,crm,CRM_PERMISSIONS.settingsManage,company/branch scope + record ownership unless crm.records.view_all (crm-data-operations-and-customization/record-policy.js),leads: crm.leads.view_sensitive; contacts: crm.contacts.view_sensitive; accounts: crm.accounts.view_sensitive,no,denials logged
api/crm/pipeline-stages/reorder/route.ts,POST,WORKSPACE_MODULE,crm,CRM_PERMISSIONS.settingsManage,company/branch scope + record ownership unless crm.records.view_all (crm-data-operations-and-customization/record-policy.js),leads: crm.leads.view_sensitive; contacts: crm.contacts.view_sensitive; accounts: crm.accounts.view_sensitive,yes,denials logged
api/crm/pipeline-stages/route.ts,GET,WORKSPACE_MODULE,crm,(module view permission),company/branch scope + record ownership unless crm.records.view_all (crm-data-operations-and-customization/record-policy.js),leads: crm.leads.view_sensitive; contacts: crm.contacts.view_sensitive; accounts: crm.accounts.view_sensitive,no,denials logged
api/crm/pipeline-stages/route.ts,POST,WORKSPACE_MODULE,crm,CRM_PERMISSIONS.settingsManage,company/branch scope + record ownership unless crm.records.view_all (crm-data-operations-and-customization/record-policy.js),leads: crm.leads.view_sensitive; contacts: crm.contacts.view_sensitive; accounts: crm.accounts.view_sensitive,yes,denials logged
api/crm/pipeline-stages/sla-policies/route.ts,GET,WORKSPACE_MODULE,crm,CRM_PERMISSIONS.settingsManage,company/branch scope + record ownership unless crm.records.view_all (crm-data-operations-and-customization/record-policy.js),leads: crm.leads.view_sensitive; contacts: crm.contacts.view_sensitive; accounts: crm.accounts.view_sensitive,no,denials logged
api/crm/pipeline/snapshots/route.ts,GET,WORKSPACE_MODULE,crm,(module view permission),company/branch scope + record ownership unless crm.records.view_all (crm-data-operations-and-customization/record-policy.js),leads: crm.leads.view_sensitive; contacts: crm.contacts.view_sensitive; accounts: crm.accounts.view_sensitive,no,denials logged
api/crm/pipeline/snapshots/route.ts,POST,WORKSPACE_MODULE,crm,CRM_PERMISSIONS.opportunitiesManage,company/branch scope + record ownership unless crm.records.view_all (crm-data-operations-and-customization/record-policy.js),leads: crm.leads.view_sensitive; contacts: crm.contacts.view_sensitive; accounts: crm.accounts.view_sensitive,yes,denials logged
api/crm/privacy-requests/[id]/execute/route.ts,POST,WORKSPACE_MODULE,crm,CRM_PERMISSIONS.privacyManage,company/branch scope + record ownership unless crm.records.view_all (crm-data-operations-and-customization/record-policy.js),leads: crm.leads.view_sensitive; contacts: crm.contacts.view_sensitive; accounts: crm.accounts.view_sensitive,yes,denials logged
api/crm/privacy-requests/[id]/preview/route.ts,GET,WORKSPACE_MODULE,crm,CRM_PERMISSIONS.privacyManage,company/branch scope + record ownership unless crm.records.view_all (crm-data-operations-and-customization/record-policy.js),leads: crm.leads.view_sensitive; contacts: crm.contacts.view_sensitive; accounts: crm.accounts.view_sensitive,no,denials logged
api/crm/privacy/retention/[id]/route.ts,PATCH,WORKSPACE_MODULE,crm,CRM_PERMISSIONS.privacyManage,company/branch scope + record ownership unless crm.records.view_all (crm-data-operations-and-customization/record-policy.js),leads: crm.leads.view_sensitive; contacts: crm.contacts.view_sensitive; accounts: crm.accounts.view_sensitive,yes,denials logged
api/crm/privacy/retention/route.ts,GET,WORKSPACE_MODULE,crm,CRM_PERMISSIONS.privacyManage,company/branch scope + record ownership unless crm.records.view_all (crm-data-operations-and-customization/record-policy.js),leads: crm.leads.view_sensitive; contacts: crm.contacts.view_sensitive; accounts: crm.accounts.view_sensitive,no,denials logged
api/crm/privacy/retention/run/route.ts,POST,WORKSPACE_MODULE,crm,CRM_PERMISSIONS.privacyManage,company/branch scope + record ownership unless crm.records.view_all (crm-data-operations-and-customization/record-policy.js),leads: crm.leads.view_sensitive; contacts: crm.contacts.view_sensitive; accounts: crm.accounts.view_sensitive,yes,denials logged
api/crm/public/capture/[key]/route.ts,POST,PUBLIC_TOKEN,,n/a,"Capture-form key resolves the organisation through a definer function; allowed origins, honeypots, required fields and an hourly per-fingerprint rate limit in the domain; the landing proxy is HMAC-verified over the raw body; billing write gate.",,no,n/a
api/crm/public/meetings/bookings/[token]/availability/route.ts,GET,PUBLIC_TOKEN,,n/a,Same booking token model; read-only reschedule availability.,,no,n/a
api/crm/public/meetings/bookings/[token]/route.ts,GET,PUBLIC_TOKEN,,n/a,Opaque booking token (hash stored) for the prospect's own booking.,,no,n/a
api/crm/public/meetings/bookings/[token]/route.ts,PATCH,PUBLIC_TOKEN,,n/a,Opaque booking token (hash stored) for the prospect's own booking.,,no,n/a
api/crm/public/meetings/links/[token]/availability/route.ts,GET,PUBLIC_TOKEN,,n/a,Same meeting-link token model; read-only availability.,,no,n/a
api/crm/public/meetings/links/[token]/book/route.ts,POST,PUBLIC_TOKEN,,n/a,Same meeting-link token model; the booking is validated against the link's own availability.,,no,n/a
api/crm/public/meetings/links/[token]/route.ts,GET,PUBLIC_TOKEN,,n/a,Opaque meeting-link token (only its hash stored) resolves the organisation through a definer function; read-only.,,no,n/a
api/crm/reports/[report]/export/route.ts,GET,WORKSPACE_MODULE,crm,CRM_PERMISSIONS.reportsView,company/branch scope + record ownership unless crm.records.view_all (crm-data-operations-and-customization/record-policy.js),leads: crm.leads.view_sensitive; contacts: crm.contacts.view_sensitive; accounts: crm.accounts.view_sensitive,no,denials logged
api/crm/reports/[report]/route.ts,GET,WORKSPACE_MODULE,crm,CRM_PERMISSIONS.reportsView,company/branch scope + record ownership unless crm.records.view_all (crm-data-operations-and-customization/record-policy.js),leads: crm.leads.view_sensitive; contacts: crm.contacts.view_sensitive; accounts: crm.accounts.view_sensitive,no,denials logged
api/crm/tasks/[id]/cancel/route.ts,POST,WORKSPACE_MODULE,crm,CRM_PERMISSIONS.activitiesManage,company/branch scope + record ownership unless crm.records.view_all (crm-data-operations-and-customization/record-policy.js),leads: crm.leads.view_sensitive; contacts: crm.contacts.view_sensitive; accounts: crm.accounts.view_sensitive,yes,denials logged
api/crm/tasks/[id]/claim/route.ts,POST,WORKSPACE_MODULE,crm,CRM_PERMISSIONS.activitiesManage,company/branch scope + record ownership unless crm.records.view_all (crm-data-operations-and-customization/record-policy.js),leads: crm.leads.view_sensitive; contacts: crm.contacts.view_sensitive; accounts: crm.accounts.view_sensitive,yes,denials logged
api/crm/tasks/[id]/complete/route.ts,POST,WORKSPACE_MODULE,crm,CRM_PERMISSIONS.activitiesManage,company/branch scope + record ownership unless crm.records.view_all (crm-data-operations-and-customization/record-policy.js),leads: crm.leads.view_sensitive; contacts: crm.contacts.view_sensitive; accounts: crm.accounts.view_sensitive,yes,denials logged
api/crm/tasks/[id]/dependencies/[dependsOnTaskId]/route.ts,DELETE,WORKSPACE_MODULE,crm,CRM_PERMISSIONS.activitiesManage,company/branch scope + record ownership unless crm.records.view_all (crm-data-operations-and-customization/record-policy.js),leads: crm.leads.view_sensitive; contacts: crm.contacts.view_sensitive; accounts: crm.accounts.view_sensitive,yes,denials logged
api/crm/tasks/[id]/dependencies/route.ts,GET,WORKSPACE_MODULE,crm,CRM_PERMISSIONS.activitiesManage,company/branch scope + record ownership unless crm.records.view_all (crm-data-operations-and-customization/record-policy.js),leads: crm.leads.view_sensitive; contacts: crm.contacts.view_sensitive; accounts: crm.accounts.view_sensitive,no,denials logged
api/crm/tasks/[id]/dependencies/route.ts,POST,WORKSPACE_MODULE,crm,CRM_PERMISSIONS.activitiesManage,company/branch scope + record ownership unless crm.records.view_all (crm-data-operations-and-customization/record-policy.js),leads: crm.leads.view_sensitive; contacts: crm.contacts.view_sensitive; accounts: crm.accounts.view_sensitive,yes,denials logged
api/crm/tasks/[id]/history/route.ts,GET,WORKSPACE_MODULE,crm,CRM_PERMISSIONS.activitiesManage,company/branch scope + record ownership unless crm.records.view_all (crm-data-operations-and-customization/record-policy.js),leads: crm.leads.view_sensitive; contacts: crm.contacts.view_sensitive; accounts: crm.accounts.view_sensitive,no,denials logged
api/crm/tasks/[id]/release/route.ts,POST,WORKSPACE_MODULE,crm,CRM_PERMISSIONS.activitiesManage,company/branch scope + record ownership unless crm.records.view_all (crm-data-operations-and-customization/record-policy.js),leads: crm.leads.view_sensitive; contacts: crm.contacts.view_sensitive; accounts: crm.accounts.view_sensitive,yes,denials logged
api/crm/tasks/[id]/route.ts,GET,WORKSPACE_MODULE,crm,CRM_PERMISSIONS.activitiesManage,company/branch scope + record ownership unless crm.records.view_all (crm-data-operations-and-customization/record-policy.js),leads: crm.leads.view_sensitive; contacts: crm.contacts.view_sensitive; accounts: crm.accounts.view_sensitive,no,denials logged
api/crm/tasks/[id]/route.ts,PATCH,WORKSPACE_MODULE,crm,CRM_PERMISSIONS.activitiesManage,company/branch scope + record ownership unless crm.records.view_all (crm-data-operations-and-customization/record-policy.js),leads: crm.leads.view_sensitive; contacts: crm.contacts.view_sensitive; accounts: crm.accounts.view_sensitive,yes,denials logged
api/crm/tasks/[id]/start/route.ts,POST,WORKSPACE_MODULE,crm,CRM_PERMISSIONS.activitiesManage,company/branch scope + record ownership unless crm.records.view_all (crm-data-operations-and-customization/record-policy.js),leads: crm.leads.view_sensitive; contacts: crm.contacts.view_sensitive; accounts: crm.accounts.view_sensitive,yes,denials logged
api/crm/tasks/route.ts,GET,WORKSPACE_MODULE,crm,CRM_PERMISSIONS.activitiesManage,company/branch scope + record ownership unless crm.records.view_all (crm-data-operations-and-customization/record-policy.js),leads: crm.leads.view_sensitive; contacts: crm.contacts.view_sensitive; accounts: crm.accounts.view_sensitive,no,denials logged
api/crm/tasks/route.ts,POST,WORKSPACE_MODULE,crm,CRM_PERMISSIONS.activitiesManage,company/branch scope + record ownership unless crm.records.view_all (crm-data-operations-and-customization/record-policy.js),leads: crm.leads.view_sensitive; contacts: crm.contacts.view_sensitive; accounts: crm.accounts.view_sensitive,yes,denials logged
api/crm/tasks/teams/route.ts,GET,WORKSPACE_MODULE,crm,CRM_PERMISSIONS.activitiesManage,company/branch scope + record ownership unless crm.records.view_all (crm-data-operations-and-customization/record-policy.js),leads: crm.leads.view_sensitive; contacts: crm.contacts.view_sensitive; accounts: crm.accounts.view_sensitive,no,denials logged
api/crm/territory-match/route.ts,GET,WORKSPACE_MODULE,crm,CRM_PERMISSIONS.settingsManage,company/branch scope + record ownership unless crm.records.view_all (crm-data-operations-and-customization/record-policy.js),leads: crm.leads.view_sensitive; contacts: crm.contacts.view_sensitive; accounts: crm.accounts.view_sensitive,no,denials logged
api/crm/timeline/route.ts,GET,WORKSPACE_MODULE,crm,(module view permission),company/branch scope + record ownership unless crm.records.view_all (crm-data-operations-and-customization/record-policy.js),leads: crm.leads.view_sensitive; contacts: crm.contacts.view_sensitive; accounts: crm.accounts.view_sensitive,no,denials logged
api/documents/[document]/[id]/pdf/route.ts,GET,WORKSPACE_MODULE,renderer.moduleKey,renderer.permission,"the owning module of the rendered document (renderer.moduleKey/permission), re-checked by its read",,no,denials logged
api/health/route.ts,GET,PROBE,,n/a,"Liveness only; no database, no tenant data.",,no,n/a
api/hr/actions/[action]/route.ts,POST,WORKSPACE_MODULE,hr-payroll,hr_payroll.view (helper default; route may narrow),active company; own employee record for self-service; manager chain for approvals,employees: hr_payroll.sensitive.view; compensation: hr_payroll.sensitive.view,yes,denials logged
api/hr/view/[kind]/route.ts,GET,WORKSPACE_MODULE,hr-payroll,hr_payroll.view (helper default; route may narrow),active company; own employee record for self-service; manager chain for approvals,employees: hr_payroll.sensitive.view; compensation: hr_payroll.sensitive.view,no,denials logged
api/inventory/actions/[action]/route.ts,POST,WORKSPACE_MODULE,stock,stock.view (helper default; route may narrow),active company and warehouse,,yes,denials logged
api/inventory/master/[resource]/[id]/route.ts,PATCH,WORKSPACE_MODULE,stock,stock.view (helper default; route may narrow),active company and warehouse,,yes,denials logged
api/inventory/master/[resource]/route.ts,GET,WORKSPACE_MODULE,stock,stock.view (helper default; route may narrow),active company and warehouse,,no,denials logged
api/inventory/master/[resource]/route.ts,POST,WORKSPACE_MODULE,stock,stock.view (helper default; route may narrow),active company and warehouse,,yes,denials logged
api/inventory/stock/[kind]/route.ts,GET,WORKSPACE_MODULE,stock,stock.view (helper default; route may narrow),active company and warehouse,,no,denials logged
api/jobs/[id]/route.ts,GET,WORKSPACE_PLATFORM,,,organisation (RLS) + the route permission; domain scoping per the protection note,,no,denials logged
api/jobs/route.ts,GET,WORKSPACE_PLATFORM,,,organisation (RLS) + the route permission; domain scoping per the protection note,,no,denials logged
api/manufacturing/actions/[action]/route.ts,POST,WORKSPACE_MODULE,manufacturing,manufacturing.view (helper default; route may narrow),active company,costing: manufacturing.costing.view,yes,denials logged
api/manufacturing/view/[kind]/route.ts,GET,WORKSPACE_MODULE,manufacturing,manufacturing.view (helper default; route may narrow),active company,costing: manufacturing.costing.view,no,denials logged
api/notifications/[id]/read/route.ts,PATCH,WORKSPACE_PLATFORM,,,organisation (RLS) + the route permission; domain scoping per the protection note,,no,denials logged
api/notifications/route.ts,GET,WORKSPACE_PLATFORM,,,organisation (RLS) + the route permission; domain scoping per the protection note,,no,denials logged
api/notifications/route.ts,PATCH,WORKSPACE_PLATFORM,,,organisation (RLS) + the route permission; domain scoping per the protection note,,no,denials logged
api/platform/mail/inbound/[routeKey]/route.ts,POST,WEBHOOK,,n/a,Hashed route key resolves the organisation; HMAC-SHA256 of the raw body with the route's own encrypted signing secret; body ids ignored; idempotent.,,no,n/a
api/pos/[resource]/route.ts,GET,WORKSPACE_MODULE,point-of-sale,(module view permission),"active company, store and terminal/shift ownership",payment_provider_configs: pos.payment.manage,no,denials logged
api/pos/accounting/mappings/route.ts,GET,WORKSPACE_MODULE,point-of-sale,pos.settings.manage,"active company, store and terminal/shift ownership",payment_provider_configs: pos.payment.manage,no,denials logged
api/pos/accounting/mappings/route.ts,POST,WORKSPACE_MODULE,point-of-sale,pos.settings.manage,"active company, store and terminal/shift ownership",payment_provider_configs: pos.payment.manage,yes,denials logged
api/pos/accounting/posting-queue/route.ts,GET,WORKSPACE_MODULE,point-of-sale,pos.accounting.view,"active company, store and terminal/shift ownership",payment_provider_configs: pos.payment.manage,no,denials logged
api/pos/analytics/route.ts,GET,WORKSPACE_MODULE,point-of-sale,pos.analytics.view,"active company, store and terminal/shift ownership",payment_provider_configs: pos.payment.manage,no,denials logged
api/pos/carts/[id]/cancel/route.ts,POST,WORKSPACE_MODULE,point-of-sale,pos.sale.create,"active company, store and terminal/shift ownership",payment_provider_configs: pos.payment.manage,yes,denials logged
api/pos/carts/[id]/complete/route.ts,POST,WORKSPACE_MODULE,point-of-sale,pos.sale.create,"active company, store and terminal/shift ownership",payment_provider_configs: pos.payment.manage,yes,denials logged
api/pos/carts/[id]/coupon/route.ts,POST,WORKSPACE_MODULE,point-of-sale,pos.sale.create,"active company, store and terminal/shift ownership",payment_provider_configs: pos.payment.manage,yes,denials logged
api/pos/carts/[id]/coupon/route.ts,DELETE,WORKSPACE_MODULE,point-of-sale,pos.sale.create,"active company, store and terminal/shift ownership",payment_provider_configs: pos.payment.manage,yes,denials logged
api/pos/carts/[id]/customer/route.ts,POST,WORKSPACE_MODULE,point-of-sale,pos.sale.create,"active company, store and terminal/shift ownership",payment_provider_configs: pos.payment.manage,yes,denials logged
api/pos/carts/[id]/discount/route.ts,POST,WORKSPACE_MODULE,point-of-sale,pos.discount.apply,"active company, store and terminal/shift ownership",payment_provider_configs: pos.payment.manage,yes,denials logged
api/pos/carts/[id]/hold/route.ts,POST,WORKSPACE_MODULE,point-of-sale,pos.sale.create,"active company, store and terminal/shift ownership",payment_provider_configs: pos.payment.manage,yes,denials logged
api/pos/carts/[id]/lines/[lineId]/discount/route.ts,POST,WORKSPACE_MODULE,point-of-sale,pos.discount.apply,"active company, store and terminal/shift ownership",payment_provider_configs: pos.payment.manage,yes,denials logged
api/pos/carts/[id]/lines/[lineId]/discount/route.ts,DELETE,WORKSPACE_MODULE,point-of-sale,pos.discount.apply,"active company, store and terminal/shift ownership",payment_provider_configs: pos.payment.manage,yes,denials logged
api/pos/carts/[id]/lines/[lineId]/route.ts,PATCH,WORKSPACE_MODULE,point-of-sale,pos.sale.create,"active company, store and terminal/shift ownership",payment_provider_configs: pos.payment.manage,yes,denials logged
api/pos/carts/[id]/lines/[lineId]/route.ts,DELETE,WORKSPACE_MODULE,point-of-sale,pos.sale.create,"active company, store and terminal/shift ownership",payment_provider_configs: pos.payment.manage,yes,denials logged
api/pos/carts/[id]/lines/[lineId]/tracking/route.ts,POST,WORKSPACE_MODULE,point-of-sale,pos.sale.create,"active company, store and terminal/shift ownership",payment_provider_configs: pos.payment.manage,yes,denials logged
api/pos/carts/[id]/lines/route.ts,POST,WORKSPACE_MODULE,point-of-sale,pos.sale.create,"active company, store and terminal/shift ownership",payment_provider_configs: pos.payment.manage,yes,denials logged
api/pos/carts/[id]/loyalty/route.ts,POST,WORKSPACE_MODULE,point-of-sale,pos.loyalty.redeem,"active company, store and terminal/shift ownership",payment_provider_configs: pos.payment.manage,yes,denials logged
api/pos/carts/[id]/loyalty/route.ts,DELETE,WORKSPACE_MODULE,point-of-sale,pos.loyalty.redeem,"active company, store and terminal/shift ownership",payment_provider_configs: pos.payment.manage,yes,denials logged
api/pos/carts/[id]/resume/route.ts,POST,WORKSPACE_MODULE,point-of-sale,pos.sale.create,"active company, store and terminal/shift ownership",payment_provider_configs: pos.payment.manage,yes,denials logged
api/pos/carts/[id]/route.ts,GET,WORKSPACE_MODULE,point-of-sale,(module view permission),"active company, store and terminal/shift ownership",payment_provider_configs: pos.payment.manage,no,denials logged
api/pos/carts/held/route.ts,GET,WORKSPACE_MODULE,point-of-sale,(module view permission),"active company, store and terminal/shift ownership",payment_provider_configs: pos.payment.manage,no,denials logged
api/pos/carts/route.ts,POST,WORKSPACE_MODULE,point-of-sale,pos.sale.create,"active company, store and terminal/shift ownership",payment_provider_configs: pos.payment.manage,yes,denials logged
api/pos/cashiers/route.ts,GET,WORKSPACE_MODULE,point-of-sale,pos.store.manage,"active company, store and terminal/shift ownership",payment_provider_configs: pos.payment.manage,no,denials logged
api/pos/coupons/[id]/active/route.ts,POST,WORKSPACE_MODULE,point-of-sale,pos.settings.manage,"active company, store and terminal/shift ownership",payment_provider_configs: pos.payment.manage,yes,denials logged
api/pos/coupons/[id]/route.ts,PATCH,WORKSPACE_MODULE,point-of-sale,pos.settings.manage,"active company, store and terminal/shift ownership",payment_provider_configs: pos.payment.manage,yes,denials logged
api/pos/coupons/route.ts,GET,WORKSPACE_MODULE,point-of-sale,(module view permission),"active company, store and terminal/shift ownership",payment_provider_configs: pos.payment.manage,no,denials logged
api/pos/coupons/route.ts,POST,WORKSPACE_MODULE,point-of-sale,pos.settings.manage,"active company, store and terminal/shift ownership",payment_provider_configs: pos.payment.manage,yes,denials logged
api/pos/customers/route.ts,GET,WORKSPACE_MODULE,point-of-sale,(module view permission),"active company, store and terminal/shift ownership",payment_provider_configs: pos.payment.manage,no,denials logged
api/pos/dashboard/route.ts,GET,WORKSPACE_MODULE,point-of-sale,(module view permission),"active company, store and terminal/shift ownership",payment_provider_configs: pos.payment.manage,no,denials logged
api/pos/discount-approvals/route.ts,GET,WORKSPACE_MODULE,point-of-sale,(module view permission),"active company, store and terminal/shift ownership",payment_provider_configs: pos.payment.manage,no,denials logged
api/pos/inventory/activity/route.ts,GET,WORKSPACE_MODULE,point-of-sale,pos.view,"active company, store and terminal/shift ownership",payment_provider_configs: pos.payment.manage,no,denials logged
api/pos/inventory/route.ts,GET,WORKSPACE_MODULE,point-of-sale,pos.view,"active company, store and terminal/shift ownership",payment_provider_configs: pos.payment.manage,no,denials logged
api/pos/invoices/route.ts,GET,WORKSPACE_MODULE,point-of-sale,pos.invoice.view,"active company, store and terminal/shift ownership",payment_provider_configs: pos.payment.manage,no,denials logged
api/pos/item-groups/route.ts,GET,WORKSPACE_MODULE,point-of-sale,(module view permission),"active company, store and terminal/shift ownership",payment_provider_configs: pos.payment.manage,no,denials logged
api/pos/loyalty/customers/[customerId]/adjust/route.ts,POST,WORKSPACE_MODULE,point-of-sale,pos.loyalty.manage,"active company, store and terminal/shift ownership",payment_provider_configs: pos.payment.manage,yes,denials logged
api/pos/loyalty/customers/[customerId]/ledger/route.ts,GET,WORKSPACE_MODULE,point-of-sale,(module view permission),"active company, store and terminal/shift ownership",payment_provider_configs: pos.payment.manage,no,denials logged
api/pos/loyalty/customers/[customerId]/route.ts,GET,WORKSPACE_MODULE,point-of-sale,(module view permission),"active company, store and terminal/shift ownership",payment_provider_configs: pos.payment.manage,no,denials logged
api/pos/loyalty/expire/route.ts,POST,WORKSPACE_MODULE,point-of-sale,pos.loyalty.manage,"active company, store and terminal/shift ownership",payment_provider_configs: pos.payment.manage,yes,denials logged
api/pos/loyalty/program/active/route.ts,POST,WORKSPACE_MODULE,point-of-sale,pos.loyalty.manage,"active company, store and terminal/shift ownership",payment_provider_configs: pos.payment.manage,yes,denials logged
api/pos/loyalty/program/route.ts,GET,WORKSPACE_MODULE,point-of-sale,(module view permission),"active company, store and terminal/shift ownership",payment_provider_configs: pos.payment.manage,no,denials logged
api/pos/loyalty/program/route.ts,POST,WORKSPACE_MODULE,point-of-sale,pos.loyalty.manage,"active company, store and terminal/shift ownership",payment_provider_configs: pos.payment.manage,yes,denials logged
api/pos/offline/conflicts/[id]/resolve/route.ts,POST,WORKSPACE_MODULE,point-of-sale,pos.offline.resolve,"active company, store and terminal/shift ownership",payment_provider_configs: pos.payment.manage,yes,denials logged
api/pos/offline/conflicts/route.ts,GET,WORKSPACE_MODULE,point-of-sale,pos.offline.resolve,"active company, store and terminal/shift ownership",payment_provider_configs: pos.payment.manage,no,denials logged
api/pos/offline/snapshot/route.ts,GET,WORKSPACE_MODULE,point-of-sale,pos.offline.sync,"active company, store and terminal/shift ownership",payment_provider_configs: pos.payment.manage,no,denials logged
api/pos/offline/sync/route.ts,POST,WORKSPACE_MODULE,point-of-sale,pos.offline.sync,"active company, store and terminal/shift ownership",payment_provider_configs: pos.payment.manage,yes,denials logged
api/pos/payments/[id]/override/route.ts,POST,WORKSPACE_MODULE,point-of-sale,pos.payment.override,"active company, store and terminal/shift ownership",payment_provider_configs: pos.payment.manage,yes,denials logged
api/pos/payments/[id]/refund/route.ts,POST,WORKSPACE_MODULE,point-of-sale,pos.payment.refund,"active company, store and terminal/shift ownership",payment_provider_configs: pos.payment.manage,yes,denials logged
api/pos/payments/[id]/route.ts,GET,WORKSPACE_MODULE,point-of-sale,pos.view,"active company, store and terminal/shift ownership",payment_provider_configs: pos.payment.manage,no,denials logged
api/pos/payments/initiate/route.ts,POST,WORKSPACE_MODULE,point-of-sale,pos.sale.create,"active company, store and terminal/shift ownership",payment_provider_configs: pos.payment.manage,yes,denials logged
api/pos/payments/webhook/[provider]/route.ts,POST,WEBHOOK,,n/a,Provider HMAC signature over the raw body verified before parsing and again inside the domain transaction.,,no,n/a
api/pos/promotions/[id]/active/route.ts,POST,WORKSPACE_MODULE,point-of-sale,pos.settings.manage,"active company, store and terminal/shift ownership",payment_provider_configs: pos.payment.manage,yes,denials logged
api/pos/promotions/[id]/route.ts,PATCH,WORKSPACE_MODULE,point-of-sale,pos.settings.manage,"active company, store and terminal/shift ownership",payment_provider_configs: pos.payment.manage,yes,denials logged
api/pos/promotions/route.ts,GET,WORKSPACE_MODULE,point-of-sale,(module view permission),"active company, store and terminal/shift ownership",payment_provider_configs: pos.payment.manage,no,denials logged
api/pos/promotions/route.ts,POST,WORKSPACE_MODULE,point-of-sale,pos.settings.manage,"active company, store and terminal/shift ownership",payment_provider_configs: pos.payment.manage,yes,denials logged
api/pos/reconciliations/[id]/correction/route.ts,POST,WORKSPACE_MODULE,point-of-sale,pos.reconciliation.approve,"active company, store and terminal/shift ownership",payment_provider_configs: pos.payment.manage,no,denials logged
api/pos/reconciliations/[id]/resolve/route.ts,POST,WORKSPACE_MODULE,point-of-sale,pos.reconciliation.approve,"active company, store and terminal/shift ownership",payment_provider_configs: pos.payment.manage,no,denials logged
api/pos/reconciliations/[id]/route.ts,GET,WORKSPACE_MODULE,point-of-sale,pos.reconciliation.view,"active company, store and terminal/shift ownership",payment_provider_configs: pos.payment.manage,no,denials logged
api/pos/reconciliations/route.ts,GET,WORKSPACE_MODULE,point-of-sale,pos.reconciliation.view,"active company, store and terminal/shift ownership",payment_provider_configs: pos.payment.manage,no,denials logged
api/pos/reports/day-end/[id]/accounting-post/route.ts,POST,WORKSPACE_MODULE,point-of-sale,pos.accounting.post,"active company, store and terminal/shift ownership",payment_provider_configs: pos.payment.manage,no,denials logged
api/pos/reports/day-end/[id]/finalize/route.ts,POST,WORKSPACE_MODULE,point-of-sale,pos.report.finalize,"active company, store and terminal/shift ownership",payment_provider_configs: pos.payment.manage,no,denials logged
api/pos/reports/day-end/[id]/reconciliation/route.ts,POST,WORKSPACE_MODULE,point-of-sale,pos.reconciliation.manage,"active company, store and terminal/shift ownership",payment_provider_configs: pos.payment.manage,no,denials logged
api/pos/reports/day-end/[id]/review/route.ts,POST,WORKSPACE_MODULE,point-of-sale,pos.report.generate,"active company, store and terminal/shift ownership",payment_provider_configs: pos.payment.manage,no,denials logged
api/pos/reports/day-end/[id]/route.ts,GET,WORKSPACE_MODULE,point-of-sale,pos.report.view,"active company, store and terminal/shift ownership",payment_provider_configs: pos.payment.manage,no,denials logged
api/pos/reports/day-end/[id]/variance/route.ts,POST,WORKSPACE_MODULE,point-of-sale,pos.report.finalize,"active company, store and terminal/shift ownership",payment_provider_configs: pos.payment.manage,no,denials logged
api/pos/reports/day-end/route.ts,GET,WORKSPACE_MODULE,point-of-sale,pos.report.view,"active company, store and terminal/shift ownership",payment_provider_configs: pos.payment.manage,no,denials logged
api/pos/reports/day-end/route.ts,POST,WORKSPACE_MODULE,point-of-sale,pos.report.generate,"active company, store and terminal/shift ownership",payment_provider_configs: pos.payment.manage,no,denials logged
api/pos/returns/[id]/accounting-post/route.ts,POST,WORKSPACE_MODULE,point-of-sale,pos.accounting.post,"active company, store and terminal/shift ownership",payment_provider_configs: pos.payment.manage,no,denials logged
api/pos/returns/[id]/approve/route.ts,POST,WORKSPACE_MODULE,point-of-sale,pos.return.approve,"active company, store and terminal/shift ownership",payment_provider_configs: pos.payment.manage,yes,denials logged
api/pos/returns/[id]/complete/route.ts,POST,WORKSPACE_MODULE,point-of-sale,pos.return.approve,"active company, store and terminal/shift ownership",payment_provider_configs: pos.payment.manage,yes,denials logged
api/pos/returns/[id]/exchange/route.ts,POST,WORKSPACE_MODULE,point-of-sale,pos.sale.create,"active company, store and terminal/shift ownership",payment_provider_configs: pos.payment.manage,yes,denials logged
api/pos/returns/find/route.ts,GET,WORKSPACE_MODULE,point-of-sale,pos.return.create,"active company, store and terminal/shift ownership",payment_provider_configs: pos.payment.manage,no,denials logged
api/pos/returns/route.ts,GET,WORKSPACE_MODULE,point-of-sale,(module view permission),"active company, store and terminal/shift ownership",payment_provider_configs: pos.payment.manage,no,denials logged
api/pos/returns/route.ts,POST,WORKSPACE_MODULE,point-of-sale,pos.return.create,"active company, store and terminal/shift ownership",payment_provider_configs: pos.payment.manage,yes,denials logged
api/pos/sales/[id]/accounting-post/route.ts,POST,WORKSPACE_MODULE,point-of-sale,pos.accounting.post,"active company, store and terminal/shift ownership",payment_provider_configs: pos.payment.manage,no,denials logged
api/pos/sales/[id]/invoice/route.ts,GET,WORKSPACE_MODULE,point-of-sale,pos.invoice.view,"active company, store and terminal/shift ownership",payment_provider_configs: pos.payment.manage,no,denials logged
api/pos/sales/[id]/invoice/route.ts,POST,WORKSPACE_MODULE,point-of-sale,pos.invoice.generate,"active company, store and terminal/shift ownership",payment_provider_configs: pos.payment.manage,no,denials logged
api/pos/sales/[id]/receipt/print/route.ts,POST,WORKSPACE_MODULE,point-of-sale,pos.view,"active company, store and terminal/shift ownership",payment_provider_configs: pos.payment.manage,yes,denials logged
api/pos/sales/[id]/receipt/route.ts,GET,WORKSPACE_MODULE,point-of-sale,(module view permission),"active company, store and terminal/shift ownership",payment_provider_configs: pos.payment.manage,no,denials logged
api/pos/sales/[id]/route.ts,GET,WORKSPACE_MODULE,point-of-sale,(module view permission),"active company, store and terminal/shift ownership",payment_provider_configs: pos.payment.manage,no,denials logged
api/pos/sales/route.ts,GET,WORKSPACE_MODULE,point-of-sale,(module view permission),"active company, store and terminal/shift ownership",payment_provider_configs: pos.payment.manage,no,denials logged
api/pos/sales/route.ts,POST,WORKSPACE_MODULE,point-of-sale,pos.sale.create,"active company, store and terminal/shift ownership",payment_provider_configs: pos.payment.manage,yes,denials logged
api/pos/settings/route.ts,GET,WORKSPACE_MODULE,point-of-sale,pos.settings.manage,"active company, store and terminal/shift ownership",payment_provider_configs: pos.payment.manage,no,denials logged
api/pos/settings/route.ts,PUT,WORKSPACE_MODULE,point-of-sale,pos.settings.manage,"active company, store and terminal/shift ownership",payment_provider_configs: pos.payment.manage,yes,denials logged
api/pos/settlements/route.ts,POST,WORKSPACE_MODULE,point-of-sale,pos.reconciliation.manage,"active company, store and terminal/shift ownership",payment_provider_configs: pos.payment.manage,no,denials logged
api/pos/shifts/[id]/cash-movements/route.ts,GET,WORKSPACE_MODULE,point-of-sale,(module view permission),"active company, store and terminal/shift ownership",payment_provider_configs: pos.payment.manage,no,denials logged
api/pos/shifts/[id]/cash-movements/route.ts,POST,WORKSPACE_MODULE,point-of-sale,pos.cash.adjust,"active company, store and terminal/shift ownership",payment_provider_configs: pos.payment.manage,yes,denials logged
api/pos/shifts/[id]/close/route.ts,POST,WORKSPACE_MODULE,point-of-sale,pos.shift.close,"active company, store and terminal/shift ownership",payment_provider_configs: pos.payment.manage,yes,denials logged
api/pos/shifts/[id]/route.ts,GET,WORKSPACE_MODULE,point-of-sale,(module view permission),"active company, store and terminal/shift ownership",payment_provider_configs: pos.payment.manage,no,denials logged
api/pos/shifts/route.ts,GET,WORKSPACE_MODULE,point-of-sale,(module view permission),"active company, store and terminal/shift ownership",payment_provider_configs: pos.payment.manage,no,denials logged
api/pos/shifts/route.ts,POST,WORKSPACE_MODULE,point-of-sale,pos.shift.open,"active company, store and terminal/shift ownership",payment_provider_configs: pos.payment.manage,yes,denials logged
api/pos/store-access/route.ts,GET,WORKSPACE_MODULE,point-of-sale,pos.store.manage,"active company, store and terminal/shift ownership",payment_provider_configs: pos.payment.manage,no,denials logged
api/pos/store-access/route.ts,POST,WORKSPACE_MODULE,point-of-sale,pos.store.manage,"active company, store and terminal/shift ownership",payment_provider_configs: pos.payment.manage,yes,denials logged
api/pos/store-access/route.ts,DELETE,WORKSPACE_MODULE,point-of-sale,pos.store.manage,"active company, store and terminal/shift ownership",payment_provider_configs: pos.payment.manage,yes,denials logged
api/pos/stores/[storeId]/active/route.ts,POST,WORKSPACE_MODULE,point-of-sale,pos.store.manage,"active company, store and terminal/shift ownership",payment_provider_configs: pos.payment.manage,yes,denials logged
api/pos/stores/[storeId]/barcode/[code]/route.ts,GET,WORKSPACE_MODULE,point-of-sale,(module view permission),"active company, store and terminal/shift ownership",payment_provider_configs: pos.payment.manage,no,denials logged
api/pos/stores/[storeId]/payment-config/route.ts,GET,WORKSPACE_MODULE,point-of-sale,pos.store.manage,"active company, store and terminal/shift ownership",payment_provider_configs: pos.payment.manage,no,denials logged
api/pos/stores/[storeId]/payment-config/route.ts,PUT,WORKSPACE_MODULE,point-of-sale,pos.store.manage,"active company, store and terminal/shift ownership",payment_provider_configs: pos.payment.manage,yes,denials logged
api/pos/stores/[storeId]/products/route.ts,GET,WORKSPACE_MODULE,point-of-sale,(module view permission),"active company, store and terminal/shift ownership",payment_provider_configs: pos.payment.manage,no,denials logged
api/pos/stores/[storeId]/route.ts,PATCH,WORKSPACE_MODULE,point-of-sale,pos.store.manage,"active company, store and terminal/shift ownership",payment_provider_configs: pos.payment.manage,yes,denials logged
api/pos/stores/route.ts,GET,WORKSPACE_MODULE,point-of-sale,(module view permission),"active company, store and terminal/shift ownership",payment_provider_configs: pos.payment.manage,no,denials logged
api/pos/stores/route.ts,POST,WORKSPACE_MODULE,point-of-sale,pos.store.manage,"active company, store and terminal/shift ownership",payment_provider_configs: pos.payment.manage,yes,denials logged
api/pos/stores/setup-options/route.ts,GET,WORKSPACE_MODULE,point-of-sale,pos.store.manage,"active company, store and terminal/shift ownership",payment_provider_configs: pos.payment.manage,no,denials logged
api/pos/terminals/[terminalId]/route.ts,PATCH,WORKSPACE_MODULE,point-of-sale,pos.terminal.manage,"active company, store and terminal/shift ownership",payment_provider_configs: pos.payment.manage,yes,denials logged
api/pos/terminals/[terminalId]/status/route.ts,POST,WORKSPACE_MODULE,point-of-sale,pos.terminal.manage,"active company, store and terminal/shift ownership",payment_provider_configs: pos.payment.manage,yes,denials logged
api/pos/terminals/route.ts,GET,WORKSPACE_MODULE,point-of-sale,(module view permission),"active company, store and terminal/shift ownership",payment_provider_configs: pos.payment.manage,no,denials logged
api/pos/terminals/route.ts,POST,WORKSPACE_MODULE,point-of-sale,pos.terminal.manage,"active company, store and terminal/shift ownership",payment_provider_configs: pos.payment.manage,yes,denials logged
api/privacy/requests/[id]/transition/route.ts,POST,WORKSPACE_PLATFORM,,CORE_PERMISSIONS.platformPrivacyManage,organisation (RLS) + the route permission; domain scoping per the protection note,,no,denials audited
api/privacy/requests/route.ts,GET,WORKSPACE_PLATFORM,,CORE_PERMISSIONS.platformPrivacyManage,organisation (RLS) + the route permission; domain scoping per the protection note,,no,denials audited
api/privacy/requests/route.ts,POST,WORKSPACE_PLATFORM,,CORE_PERMISSIONS.platformPrivacyManage,organisation (RLS) + the route permission; domain scoping per the protection note,,no,denials audited
api/privacy/retention-policies/route.ts,GET,WORKSPACE_PLATFORM,,CORE_PERMISSIONS.platformPrivacyManage,organisation (RLS) + the route permission; domain scoping per the protection note,,no,denials audited
api/privacy/retention-policies/route.ts,POST,WORKSPACE_PLATFORM,,CORE_PERMISSIONS.platformPrivacyManage,organisation (RLS) + the route permission; domain scoping per the protection note,,no,denials audited
api/procurement/[resource]/[id]/[action]/route.ts,POST,WORKSPACE_MODULE,procurement,procurement.view (helper default; route may narrow),active company; self-approval blocked,suppliers: procurement.suppliers.sensitive,yes,denials logged
api/procurement/[resource]/[id]/readiness/route.ts,GET,WORKSPACE_MODULE,procurement,procurement.view (helper default; route may narrow),active company; self-approval blocked,suppliers: procurement.suppliers.sensitive,no,denials logged
api/procurement/[resource]/[id]/route.ts,GET,WORKSPACE_MODULE,procurement,procurement.view (helper default; route may narrow),active company; self-approval blocked,suppliers: procurement.suppliers.sensitive,no,denials logged
api/procurement/[resource]/[id]/route.ts,PATCH,WORKSPACE_MODULE,procurement,procurement.view (helper default; route may narrow),active company; self-approval blocked,suppliers: procurement.suppliers.sensitive,yes,denials logged
api/procurement/[resource]/[id]/timeline/route.ts,GET,WORKSPACE_MODULE,procurement,procurement.view (helper default; route may narrow),active company; self-approval blocked,suppliers: procurement.suppliers.sensitive,no,denials logged
api/procurement/[resource]/route.ts,GET,WORKSPACE_MODULE,procurement,procurement.view (helper default; route may narrow),active company; self-approval blocked,suppliers: procurement.suppliers.sensitive,no,denials logged
api/procurement/[resource]/route.ts,POST,WORKSPACE_MODULE,procurement,procurement.view (helper default; route may narrow),active company; self-approval blocked,suppliers: procurement.suppliers.sensitive,yes,denials logged
api/procurement/dashboard/route.ts,GET,WORKSPACE_MODULE,procurement,procurement.view (helper default; route may narrow),active company; self-approval blocked,suppliers: procurement.suppliers.sensitive,no,denials logged
api/procurement/match/route.ts,POST,WORKSPACE_MODULE,procurement,procurement.view (helper default; route may narrow),active company; self-approval blocked,suppliers: procurement.suppliers.sensitive,yes,denials logged
api/procurement/operations/landed-costs/route.ts,POST,WORKSPACE_MODULE,procurement,procurement.view (helper default; route may narrow),active company; self-approval blocked,suppliers: procurement.suppliers.sensitive,yes,denials logged
api/procurement/operations/lead-times/route.ts,POST,WORKSPACE_MODULE,procurement,procurement.view (helper default; route may narrow),active company; self-approval blocked,suppliers: procurement.suppliers.sensitive,yes,denials logged
api/procurement/operations/reorder-requests/[id]/convert/route.ts,POST,WORKSPACE_MODULE,procurement,procurement.view (helper default; route may narrow),active company; self-approval blocked,suppliers: procurement.suppliers.sensitive,yes,denials logged
api/procurement/operations/reorder-requests/route.ts,POST,WORKSPACE_MODULE,procurement,procurement.view (helper default; route may narrow),active company; self-approval blocked,suppliers: procurement.suppliers.sensitive,yes,denials logged
api/procurement/operations/route.ts,GET,WORKSPACE_MODULE,procurement,procurement.view (helper default; route may narrow),active company; self-approval blocked,suppliers: procurement.suppliers.sensitive,no,denials logged
api/procurement/operations/subcontract-orders/route.ts,POST,WORKSPACE_MODULE,procurement,procurement.view (helper default; route may narrow),active company; self-approval blocked,suppliers: procurement.suppliers.sensitive,yes,denials logged
api/procurement/operations/supplier-accounting-link/route.ts,POST,WORKSPACE_MODULE,procurement,procurement.view (helper default; route may narrow),active company; self-approval blocked,suppliers: procurement.suppliers.sensitive,yes,denials logged
api/procurement/operations/supplier-prices/route.ts,POST,WORKSPACE_MODULE,procurement,procurement.view (helper default; route may narrow),active company; self-approval blocked,suppliers: procurement.suppliers.sensitive,yes,denials logged
api/procurement/options/route.ts,GET,WORKSPACE_MODULE,procurement,procurement.view (helper default; route may narrow),active company; self-approval blocked,suppliers: procurement.suppliers.sensitive,no,denials logged
api/procurement/planning/route.ts,GET,WORKSPACE_MODULE,procurement,procurement.po.create,active company; self-approval blocked,suppliers: procurement.suppliers.sensitive,no,denials logged
api/procurement/reports/[key]/route.ts,GET,WORKSPACE_MODULE,procurement,procurement.reports.view,active company; self-approval blocked,suppliers: procurement.suppliers.sensitive,no,denials logged
api/projects/actions/[action]/route.ts,POST,WORKSPACE_MODULE,projects,projects.view,active company; project manager/team membership unless a broad projects permission,projects: projects.profitability.view,yes,denials logged
api/projects/view/[kind]/route.ts,GET,WORKSPACE_MODULE,projects,projects.view,active company; project manager/team membership unless a broad projects permission,projects: projects.profitability.view,no,denials logged
api/quality/actions/[action]/route.ts,POST,WORKSPACE_MODULE,quality,quality.view,active company,,yes,denials logged
api/quality/view/[kind]/route.ts,GET,WORKSPACE_MODULE,quality,quality.view,active company,,no,denials logged
api/readiness/route.ts,GET,PROBE,,n/a,"Readiness: configuration, database role, migrations and storage status only; no tenant data.",,no,n/a
api/reports/datasets/route.ts,GET,WORKSPACE_PLATFORM,,,organisation (RLS) + the route permission; domain scoping per the protection note,,no,denials logged
api/reports/definitions/[id]/status/route.ts,POST,WORKSPACE_PLATFORM,,,organisation (RLS) + the route permission; domain scoping per the protection note,,no,denials logged
api/reports/definitions/route.ts,GET,WORKSPACE_PLATFORM,,,organisation (RLS) + the route permission; domain scoping per the protection note,,no,denials logged
api/reports/definitions/route.ts,POST,WORKSPACE_PLATFORM,,,organisation (RLS) + the route permission; domain scoping per the protection note,,no,denials logged
api/reports/runs/[id]/download/route.ts,GET,WORKSPACE_PLATFORM,,,organisation (RLS) + the route permission; domain scoping per the protection note,,no,denials logged
api/reports/runs/route.ts,GET,WORKSPACE_PLATFORM,,,organisation (RLS) + the route permission; domain scoping per the protection note,,no,denials logged
api/reports/runs/route.ts,POST,WORKSPACE_PLATFORM,,,organisation (RLS) + the route permission; domain scoping per the protection note,,no,denials logged
api/sales/approval-delegations/[id]/route.ts,DELETE,WORKSPACE_MODULE,sales,sales.view,active company/branch; approvals and self-approval rules in the domain,quotations_orders_items: sales.margin.view,yes,denials logged
api/sales/approval-delegations/route.ts,GET,WORKSPACE_MODULE,sales,sales.view,active company/branch; approvals and self-approval rules in the domain,quotations_orders_items: sales.margin.view,no,denials logged
api/sales/approval-delegations/route.ts,POST,WORKSPACE_MODULE,sales,sales.view,active company/branch; approvals and self-approval rules in the domain,quotations_orders_items: sales.margin.view,yes,denials logged
api/sales/customer-prices/[id]/route.ts,DELETE,WORKSPACE_MODULE,sales,sales.settings.manage,active company/branch; approvals and self-approval rules in the domain,quotations_orders_items: sales.margin.view,yes,denials logged
api/sales/customer-prices/route.ts,GET,WORKSPACE_MODULE,sales,sales.view,active company/branch; approvals and self-approval rules in the domain,quotations_orders_items: sales.margin.view,no,denials logged
api/sales/customer-prices/route.ts,POST,WORKSPACE_MODULE,sales,sales.settings.manage,active company/branch; approvals and self-approval rules in the domain,quotations_orders_items: sales.margin.view,yes,denials logged
api/sales/customers/[id]/credit/route.ts,GET,WORKSPACE_MODULE,sales,sales.view,active company/branch; approvals and self-approval rules in the domain,quotations_orders_items: sales.margin.view,no,denials logged
api/sales/dashboard/route.ts,GET,WORKSPACE_MODULE,sales,sales.view,active company/branch; approvals and self-approval rules in the domain,quotations_orders_items: sales.margin.view,no,denials logged
api/sales/documents/preview/route.ts,POST,WORKSPACE_MODULE,sales,sales.view,active company/branch; approvals and self-approval rules in the domain,quotations_orders_items: sales.margin.view,yes,denials logged
api/sales/fulfillment-requests/[id]/complete/route.ts,POST,WORKSPACE_MODULE,sales,sales.fulfillment.request,active company/branch; approvals and self-approval rules in the domain,quotations_orders_items: sales.margin.view,yes,denials logged
api/sales/fulfillment-requests/[id]/deliver/route.ts,POST,WORKSPACE_MODULE,sales,sales.fulfillment.request,active company/branch; approvals and self-approval rules in the domain,quotations_orders_items: sales.margin.view,yes,denials logged
api/sales/fulfillment-requests/[id]/ship/route.ts,POST,WORKSPACE_MODULE,sales,sales.fulfillment.request,active company/branch; approvals and self-approval rules in the domain,quotations_orders_items: sales.margin.view,yes,denials logged
api/sales/master/[resource]/[id]/route.ts,GET,WORKSPACE_MODULE,sales,sales.view,active company/branch; approvals and self-approval rules in the domain,quotations_orders_items: sales.margin.view,no,denials logged
api/sales/master/[resource]/[id]/route.ts,PATCH,WORKSPACE_MODULE,sales,parties.manage,active company/branch; approvals and self-approval rules in the domain,quotations_orders_items: sales.margin.view,yes,denials logged
api/sales/master/[resource]/[id]/route.ts,DELETE,WORKSPACE_MODULE,sales,parties.manage,active company/branch; approvals and self-approval rules in the domain,quotations_orders_items: sales.margin.view,yes,denials logged
api/sales/master/[resource]/route.ts,GET,WORKSPACE_MODULE,sales,sales.view,active company/branch; approvals and self-approval rules in the domain,quotations_orders_items: sales.margin.view,no,denials logged
api/sales/master/[resource]/route.ts,POST,WORKSPACE_MODULE,sales,parties.manage,active company/branch; approvals and self-approval rules in the domain,quotations_orders_items: sales.margin.view,yes,denials logged
api/sales/operations/adjustments/[id]/decide/route.ts,POST,WORKSPACE_MODULE,sales,sales.credit.override,active company/branch; approvals and self-approval rules in the domain,quotations_orders_items: sales.margin.view,yes,denials logged
api/sales/operations/adjustments/route.ts,POST,WORKSPACE_MODULE,sales,sales.invoice.request,active company/branch; approvals and self-approval rules in the domain,quotations_orders_items: sales.margin.view,yes,denials logged
api/sales/operations/advances/[id]/cancel/route.ts,POST,WORKSPACE_MODULE,sales,sales.invoice.request,active company/branch; approvals and self-approval rules in the domain,quotations_orders_items: sales.margin.view,yes,denials logged
api/sales/operations/advances/route.ts,POST,WORKSPACE_MODULE,sales,sales.invoice.request,active company/branch; approvals and self-approval rules in the domain,quotations_orders_items: sales.margin.view,yes,denials logged
api/sales/operations/commission-rules/route.ts,POST,WORKSPACE_MODULE,sales,sales.settings.manage,active company/branch; approvals and self-approval rules in the domain,quotations_orders_items: sales.margin.view,yes,denials logged
api/sales/operations/commissions/[id]/approve/route.ts,POST,WORKSPACE_MODULE,sales,sales.settings.manage,active company/branch; approvals and self-approval rules in the domain,quotations_orders_items: sales.margin.view,yes,denials logged
api/sales/operations/commissions/route.ts,POST,WORKSPACE_MODULE,sales,sales.settings.manage,active company/branch; approvals and self-approval rules in the domain,quotations_orders_items: sales.margin.view,yes,denials logged
api/sales/operations/drop-ships/[id]/status/route.ts,POST,WORKSPACE_MODULE,sales,sales.fulfillment.request,active company/branch; approvals and self-approval rules in the domain,quotations_orders_items: sales.margin.view,yes,denials logged
api/sales/operations/drop-ships/route.ts,POST,WORKSPACE_MODULE,sales,sales.fulfillment.request,active company/branch; approvals and self-approval rules in the domain,quotations_orders_items: sales.margin.view,yes,denials logged
api/sales/operations/options/route.ts,GET,WORKSPACE_MODULE,sales,sales.view,active company/branch; approvals and self-approval rules in the domain,quotations_orders_items: sales.margin.view,no,denials logged
api/sales/operations/route.ts,GET,WORKSPACE_MODULE,sales,sales.view,active company/branch; approvals and self-approval rules in the domain,quotations_orders_items: sales.margin.view,no,denials logged
api/sales/options/route.ts,GET,WORKSPACE_MODULE,sales,sales.view,active company/branch; approvals and self-approval rules in the domain,quotations_orders_items: sales.margin.view,no,denials logged
api/sales/order-lines/[lineId]/promise/route.ts,POST,WORKSPACE_MODULE,sales,sales.fulfillment.request,active company/branch; approvals and self-approval rules in the domain,quotations_orders_items: sales.margin.view,yes,denials logged
api/sales/orders/[id]/amend/impact/route.ts,POST,WORKSPACE_MODULE,sales,sales.order.create,active company/branch; approvals and self-approval rules in the domain,quotations_orders_items: sales.margin.view,yes,denials logged
api/sales/orders/[id]/amend/route.ts,POST,WORKSPACE_MODULE,sales,sales.order.amend,active company/branch; approvals and self-approval rules in the domain,quotations_orders_items: sales.margin.view,yes,denials logged
api/sales/orders/[id]/approve/route.ts,POST,WORKSPACE_MODULE,sales,sales.order.approve,active company/branch; approvals and self-approval rules in the domain,quotations_orders_items: sales.margin.view,yes,denials logged
api/sales/orders/[id]/availability/route.ts,POST,WORKSPACE_MODULE,sales,sales.fulfillment.request,active company/branch; approvals and self-approval rules in the domain,quotations_orders_items: sales.margin.view,yes,denials logged
api/sales/orders/[id]/cancel/route.ts,POST,WORKSPACE_MODULE,sales,sales.order.cancel,active company/branch; approvals and self-approval rules in the domain,quotations_orders_items: sales.margin.view,yes,denials logged
api/sales/orders/[id]/close/route.ts,POST,WORKSPACE_MODULE,sales,sales.order.confirm,active company/branch; approvals and self-approval rules in the domain,quotations_orders_items: sales.margin.view,yes,denials logged
api/sales/orders/[id]/compare/route.ts,GET,WORKSPACE_MODULE,sales,sales.view,active company/branch; approvals and self-approval rules in the domain,quotations_orders_items: sales.margin.view,no,denials logged
api/sales/orders/[id]/confirm/route.ts,POST,WORKSPACE_MODULE,sales,sales.order.confirm,active company/branch; approvals and self-approval rules in the domain,quotations_orders_items: sales.margin.view,yes,denials logged
api/sales/orders/[id]/fulfillment-request/route.ts,POST,WORKSPACE_MODULE,sales,sales.fulfillment.request,active company/branch; approvals and self-approval rules in the domain,quotations_orders_items: sales.margin.view,yes,denials logged
api/sales/orders/[id]/hold/release/route.ts,POST,WORKSPACE_MODULE,sales,sales.order.hold,active company/branch; approvals and self-approval rules in the domain,quotations_orders_items: sales.margin.view,yes,denials logged
api/sales/orders/[id]/hold/route.ts,POST,WORKSPACE_MODULE,sales,sales.order.hold,active company/branch; approvals and self-approval rules in the domain,quotations_orders_items: sales.margin.view,yes,denials logged
api/sales/orders/[id]/invoice-request/route.ts,POST,WORKSPACE_MODULE,sales,sales.invoice.request,active company/branch; approvals and self-approval rules in the domain,quotations_orders_items: sales.margin.view,yes,denials logged
api/sales/orders/[id]/readiness/route.ts,GET,WORKSPACE_MODULE,sales,sales.view,active company/branch; approvals and self-approval rules in the domain,quotations_orders_items: sales.margin.view,no,denials logged
api/sales/orders/[id]/reject-approval/route.ts,POST,WORKSPACE_MODULE,sales,sales.order.approve,active company/branch; approvals and self-approval rules in the domain,quotations_orders_items: sales.margin.view,yes,denials logged
api/sales/orders/[id]/reservations/release/route.ts,POST,WORKSPACE_MODULE,sales,sales.fulfillment.request,active company/branch; approvals and self-approval rules in the domain,quotations_orders_items: sales.margin.view,yes,denials logged
api/sales/orders/[id]/reserve/route.ts,POST,WORKSPACE_MODULE,sales,sales.fulfillment.request,active company/branch; approvals and self-approval rules in the domain,quotations_orders_items: sales.margin.view,yes,denials logged
api/sales/orders/[id]/returns/route.ts,POST,WORKSPACE_MODULE,sales,sales.order.amend,active company/branch; approvals and self-approval rules in the domain,quotations_orders_items: sales.margin.view,yes,denials logged
api/sales/orders/[id]/route.ts,GET,WORKSPACE_MODULE,sales,sales.view,active company/branch; approvals and self-approval rules in the domain,quotations_orders_items: sales.margin.view,no,denials logged
api/sales/orders/[id]/submit/route.ts,POST,WORKSPACE_MODULE,sales,sales.order.create,active company/branch; approvals and self-approval rules in the domain,quotations_orders_items: sales.margin.view,yes,denials logged
api/sales/orders/[id]/timeline/route.ts,GET,WORKSPACE_MODULE,sales,sales.view,active company/branch; approvals and self-approval rules in the domain,quotations_orders_items: sales.margin.view,no,denials logged
api/sales/orders/route.ts,GET,WORKSPACE_MODULE,sales,sales.view,active company/branch; approvals and self-approval rules in the domain,quotations_orders_items: sales.margin.view,no,denials logged
api/sales/orders/route.ts,POST,WORKSPACE_MODULE,sales,sales.order.create,active company/branch; approvals and self-approval rules in the domain,quotations_orders_items: sales.margin.view,yes,denials logged
api/sales/price-list-items/[id]/route.ts,DELETE,WORKSPACE_MODULE,sales,sales.settings.manage,active company/branch; approvals and self-approval rules in the domain,quotations_orders_items: sales.margin.view,yes,denials logged
api/sales/price-lists/[id]/items/route.ts,GET,WORKSPACE_MODULE,sales,sales.view,active company/branch; approvals and self-approval rules in the domain,quotations_orders_items: sales.margin.view,no,denials logged
api/sales/price-lists/[id]/items/route.ts,POST,WORKSPACE_MODULE,sales,sales.settings.manage,active company/branch; approvals and self-approval rules in the domain,quotations_orders_items: sales.margin.view,yes,denials logged
api/sales/price-lists/route.ts,GET,WORKSPACE_MODULE,sales,sales.view,active company/branch; approvals and self-approval rules in the domain,quotations_orders_items: sales.margin.view,no,denials logged
api/sales/price-lists/route.ts,POST,WORKSPACE_MODULE,sales,sales.settings.manage,active company/branch; approvals and self-approval rules in the domain,quotations_orders_items: sales.margin.view,yes,denials logged
api/sales/pricing-options/route.ts,GET,WORKSPACE_MODULE,sales,sales.view,active company/branch; approvals and self-approval rules in the domain,quotations_orders_items: sales.margin.view,no,denials logged
api/sales/public/quotes/[token]/decision/route.ts,POST,PUBLIC_TOKEN,,n/a,"Same quotation token; one decision only, Zod-validated body, IP/user-agent recorded as evidence.",,no,n/a
api/sales/public/quotes/[token]/route.ts,GET,PUBLIC_TOKEN,,n/a,"32-byte quotation link token, only its SHA-256 stored; expiry, revocation and revision are enforced by the domain.",,no,n/a
api/sales/quotations/[id]/approve/route.ts,POST,WORKSPACE_MODULE,sales,sales.quotation.approve,active company/branch; approvals and self-approval rules in the domain,quotations_orders_items: sales.margin.view,yes,denials logged
api/sales/quotations/[id]/compare/route.ts,GET,WORKSPACE_MODULE,sales,sales.view,active company/branch; approvals and self-approval rules in the domain,quotations_orders_items: sales.margin.view,no,denials logged
api/sales/quotations/[id]/convert/route.ts,POST,WORKSPACE_MODULE,sales,sales.order.create,active company/branch; approvals and self-approval rules in the domain,quotations_orders_items: sales.margin.view,yes,denials logged
api/sales/quotations/[id]/reject-approval/route.ts,POST,WORKSPACE_MODULE,sales,sales.quotation.approve,active company/branch; approvals and self-approval rules in the domain,quotations_orders_items: sales.margin.view,yes,denials logged
api/sales/quotations/[id]/revise/route.ts,POST,WORKSPACE_MODULE,sales,sales.quotation.create,active company/branch; approvals and self-approval rules in the domain,quotations_orders_items: sales.margin.view,yes,denials logged
api/sales/quotations/[id]/route.ts,GET,WORKSPACE_MODULE,sales,sales.view,active company/branch; approvals and self-approval rules in the domain,quotations_orders_items: sales.margin.view,no,denials logged
api/sales/quotations/[id]/send/route.ts,POST,WORKSPACE_MODULE,sales,sales.quotation.send,active company/branch; approvals and self-approval rules in the domain,quotations_orders_items: sales.margin.view,yes,denials logged
api/sales/quotations/[id]/submit/route.ts,POST,WORKSPACE_MODULE,sales,sales.quotation.create,active company/branch; approvals and self-approval rules in the domain,quotations_orders_items: sales.margin.view,yes,denials logged
api/sales/quotations/[id]/timeline/route.ts,GET,WORKSPACE_MODULE,sales,sales.view,active company/branch; approvals and self-approval rules in the domain,quotations_orders_items: sales.margin.view,no,denials logged
api/sales/quotations/route.ts,GET,WORKSPACE_MODULE,sales,sales.view,active company/branch; approvals and self-approval rules in the domain,quotations_orders_items: sales.margin.view,no,denials logged
api/sales/quotations/route.ts,POST,WORKSPACE_MODULE,sales,sales.quotation.create,active company/branch; approvals and self-approval rules in the domain,quotations_orders_items: sales.margin.view,yes,denials logged
api/sales/quotations/scan-expired/route.ts,POST,WORKSPACE_MODULE,sales,sales.settings.manage,active company/branch; approvals and self-approval rules in the domain,quotations_orders_items: sales.margin.view,yes,denials logged
api/sales/reports/[key]/route.ts,GET,WORKSPACE_MODULE,sales,sales.reports.view,active company/branch; approvals and self-approval rules in the domain,quotations_orders_items: sales.margin.view,no,denials logged
api/sales/returns/[id]/decide/route.ts,POST,WORKSPACE_MODULE,sales,sales.order.approve,active company/branch; approvals and self-approval rules in the domain,quotations_orders_items: sales.margin.view,yes,denials logged
api/sales/returns/[id]/receive/route.ts,POST,WORKSPACE_MODULE,sales,sales.fulfillment.request,active company/branch; approvals and self-approval rules in the domain,quotations_orders_items: sales.margin.view,yes,denials logged
api/sales/settings/route.ts,GET,WORKSPACE_MODULE,sales,sales.view,active company/branch; approvals and self-approval rules in the domain,quotations_orders_items: sales.margin.view,no,denials logged
api/sales/settings/route.ts,PUT,WORKSPACE_MODULE,sales,sales.settings.manage,active company/branch; approvals and self-approval rules in the domain,quotations_orders_items: sales.margin.view,yes,denials logged
api/search/route.ts,GET,WORKSPACE_PLATFORM,,,organisation (RLS) + the route permission; domain scoping per the protection note,,no,denials logged
api/settings/access/options/route.ts,GET,WORKSPACE_PLATFORM,,CORE_PERMISSIONS.usersView,organisation (RLS) + the route permission; domain scoping per the protection note,,no,denials logged
api/settings/ai-governance/route.ts,GET,WORKSPACE_PLATFORM,,CORE_PERMISSIONS.platformAiManage,organisation (RLS) + the route permission; domain scoping per the protection note,,no,denials audited
api/settings/ai-governance/route.ts,PUT,WORKSPACE_PLATFORM,,CORE_PERMISSIONS.platformAiManage,organisation (RLS) + the route permission; domain scoping per the protection note,,no,denials audited
api/settings/audit/[id]/route.ts,GET,WORKSPACE_PLATFORM,,CORE_PERMISSIONS.auditView,organisation (RLS) + the route permission; domain scoping per the protection note,,no,denials logged
api/settings/audit/actors/route.ts,GET,WORKSPACE_PLATFORM,,CORE_PERMISSIONS.auditView,organisation (RLS) + the route permission; domain scoping per the protection note,,no,denials logged
api/settings/audit/route.ts,GET,WORKSPACE_PLATFORM,,CORE_PERMISSIONS.auditView,organisation (RLS) + the route permission; domain scoping per the protection note,,no,denials audited
api/settings/automations/[id]/route.ts,PATCH,WORKSPACE_PLATFORM,,CORE_PERMISSIONS.platformWorkflowsManage,organisation (RLS) + the route permission; domain scoping per the protection note,,no,denials audited
api/settings/automations/[id]/status/route.ts,POST,WORKSPACE_PLATFORM,,CORE_PERMISSIONS.platformWorkflowsManage,organisation (RLS) + the route permission; domain scoping per the protection note,,no,denials audited
api/settings/automations/route.ts,GET,WORKSPACE_PLATFORM,,CORE_PERMISSIONS.platformWorkflowsManage,organisation (RLS) + the route permission; domain scoping per the protection note,,no,denials audited
api/settings/automations/route.ts,POST,WORKSPACE_PLATFORM,,CORE_PERMISSIONS.platformWorkflowsManage,organisation (RLS) + the route permission; domain scoping per the protection note,,no,denials audited
api/settings/automations/runs/route.ts,GET,WORKSPACE_PLATFORM,,CORE_PERMISSIONS.platformWorkflowsManage,organisation (RLS) + the route permission; domain scoping per the protection note,,no,denials logged
api/settings/branches/[id]/route.ts,PUT,WORKSPACE_PLATFORM,,CORE_PERMISSIONS.branchManage,organisation (RLS) + the route permission; domain scoping per the protection note,,no,denials audited
api/settings/branches/route.ts,GET,WORKSPACE_PLATFORM,,CORE_PERMISSIONS.branchManage,organisation (RLS) + the route permission; domain scoping per the protection note,,no,denials audited
api/settings/branches/route.ts,POST,WORKSPACE_PLATFORM,,CORE_PERMISSIONS.branchManage,organisation (RLS) + the route permission; domain scoping per the protection note,,no,denials audited
api/settings/companies/[id]/route.ts,PUT,WORKSPACE_PLATFORM,,CORE_PERMISSIONS.companyManage,organisation (RLS) + the route permission; domain scoping per the protection note,,no,denials audited
api/settings/companies/route.ts,GET,WORKSPACE_PLATFORM,,CORE_PERMISSIONS.companyManage,organisation (RLS) + the route permission; domain scoping per the protection note,,no,denials audited
api/settings/companies/route.ts,POST,WORKSPACE_PLATFORM,,CORE_PERMISSIONS.companyManage,organisation (RLS) + the route permission; domain scoping per the protection note,,no,denials audited
api/settings/feature-configuration/cancel/route.ts,POST,WORKSPACE_PLATFORM,,CORE_PERMISSIONS.platformConfigurationManage,organisation (RLS) + the route permission; domain scoping per the protection note,,no,denials audited
api/settings/feature-configuration/route.ts,GET,WORKSPACE_PLATFORM,,CORE_PERMISSIONS.platformConfigurationManage,organisation (RLS) + the route permission; domain scoping per the protection note,,no,denials audited
api/settings/feature-configuration/route.ts,PUT,WORKSPACE_PLATFORM,,CORE_PERMISSIONS.platformConfigurationManage,organisation (RLS) + the route permission; domain scoping per the protection note,,no,denials audited
api/settings/integrations/api-keys/[id]/revoke/route.ts,POST,WORKSPACE_PLATFORM,,CORE_PERMISSIONS.integrationsManage,organisation (RLS) + the route permission; domain scoping per the protection note,,no,denials audited
api/settings/integrations/developer-apps/[id]/keys/route.ts,POST,WORKSPACE_PLATFORM,,CORE_PERMISSIONS.integrationsManage,organisation (RLS) + the route permission; domain scoping per the protection note,,no,denials audited
api/settings/integrations/developer-apps/[id]/revoke/route.ts,POST,WORKSPACE_PLATFORM,,CORE_PERMISSIONS.integrationsManage,organisation (RLS) + the route permission; domain scoping per the protection note,,no,denials audited
api/settings/integrations/developer-apps/[id]/route.ts,PATCH,WORKSPACE_PLATFORM,,CORE_PERMISSIONS.integrationsManage,organisation (RLS) + the route permission; domain scoping per the protection note,,no,denials audited
api/settings/integrations/developer-apps/route.ts,GET,WORKSPACE_PLATFORM,,CORE_PERMISSIONS.integrationsView,organisation (RLS) + the route permission; domain scoping per the protection note,,no,denials audited
api/settings/integrations/developer-apps/route.ts,POST,WORKSPACE_PLATFORM,,CORE_PERMISSIONS.integrationsManage,organisation (RLS) + the route permission; domain scoping per the protection note,,no,denials audited
api/settings/integrations/inbound-mail/[id]/status/route.ts,POST,WORKSPACE_PLATFORM,,CORE_PERMISSIONS.integrationsManage,organisation (RLS) + the route permission; domain scoping per the protection note,,no,denials audited
api/settings/integrations/inbound-mail/route.ts,GET,WORKSPACE_PLATFORM,,CORE_PERMISSIONS.integrationsView,organisation (RLS) + the route permission; domain scoping per the protection note,,no,denials audited
api/settings/integrations/inbound-mail/route.ts,POST,WORKSPACE_PLATFORM,,CORE_PERMISSIONS.integrationsManage,organisation (RLS) + the route permission; domain scoping per the protection note,,no,denials audited
api/settings/integrations/oauth/[id]/revoke/route.ts,POST,WORKSPACE_PLATFORM,,CORE_PERMISSIONS.integrationsManage,organisation (RLS) + the route permission; domain scoping per the protection note,,no,denials audited
api/settings/integrations/oauth/callback/[provider]/route.ts,GET,WORKSPACE_PLATFORM,,CORE_PERMISSIONS.integrationsManage,organisation (RLS) + the route permission; domain scoping per the protection note,,no,denials logged
api/settings/integrations/oauth/connect/route.ts,POST,WORKSPACE_PLATFORM,,CORE_PERMISSIONS.integrationsManage,organisation (RLS) + the route permission; domain scoping per the protection note,,no,denials audited
api/settings/integrations/oauth/route.ts,GET,WORKSPACE_PLATFORM,,CORE_PERMISSIONS.integrationsView,organisation (RLS) + the route permission; domain scoping per the protection note,,no,denials logged
api/settings/integrations/webhook-deliveries/[id]/redeliver/route.ts,POST,WORKSPACE_PLATFORM,,CORE_PERMISSIONS.integrationsManage,organisation (RLS) + the route permission; domain scoping per the protection note,,no,denials audited
api/settings/integrations/webhooks/[id]/deliveries/route.ts,GET,WORKSPACE_PLATFORM,,CORE_PERMISSIONS.integrationsView,organisation (RLS) + the route permission; domain scoping per the protection note,,no,denials logged
api/settings/integrations/webhooks/[id]/rotate-secret/route.ts,POST,WORKSPACE_PLATFORM,,CORE_PERMISSIONS.integrationsManage,organisation (RLS) + the route permission; domain scoping per the protection note,,no,denials audited
api/settings/integrations/webhooks/[id]/route.ts,PATCH,WORKSPACE_PLATFORM,,CORE_PERMISSIONS.integrationsManage,organisation (RLS) + the route permission; domain scoping per the protection note,,no,denials audited
api/settings/integrations/webhooks/route.ts,GET,WORKSPACE_PLATFORM,,CORE_PERMISSIONS.integrationsView,organisation (RLS) + the route permission; domain scoping per the protection note,,no,denials audited
api/settings/integrations/webhooks/route.ts,POST,WORKSPACE_PLATFORM,,CORE_PERMISSIONS.integrationsManage,organisation (RLS) + the route permission; domain scoping per the protection note,,no,denials audited
api/settings/modules/[key]/route.ts,PUT,WORKSPACE_PLATFORM,,CORE_PERMISSIONS.modulesManage,organisation (RLS) + the route permission; domain scoping per the protection note,,no,denials audited
api/settings/modules/route.ts,GET,WORKSPACE_PLATFORM,,CORE_PERMISSIONS.modulesManage,organisation (RLS) + the route permission; domain scoping per the protection note,,no,denials logged
api/settings/notification-preferences/route.ts,GET,WORKSPACE_PLATFORM,,,organisation (RLS) + the route permission; domain scoping per the protection note,,no,denials logged
api/settings/notification-preferences/route.ts,PUT,WORKSPACE_PLATFORM,,,organisation (RLS) + the route permission; domain scoping per the protection note,,no,denials logged
api/settings/numbering/advance/route.ts,POST,WORKSPACE_PLATFORM,,CORE_PERMISSIONS.numberingManage,organisation (RLS) + the route permission; domain scoping per the protection note,,no,denials audited
api/settings/numbering/route.ts,GET,WORKSPACE_PLATFORM,,CORE_PERMISSIONS.numberingManage,organisation (RLS) + the route permission; domain scoping per the protection note,,no,denials audited
api/settings/numbering/route.ts,PUT,WORKSPACE_PLATFORM,,CORE_PERMISSIONS.numberingManage,organisation (RLS) + the route permission; domain scoping per the protection note,,no,denials audited
api/settings/organization/profile/route.ts,GET,WORKSPACE_PLATFORM,,,organisation (RLS) + the route permission; domain scoping per the protection note,,no,denials audited
api/settings/organization/profile/route.ts,PUT,WORKSPACE_PLATFORM,,CORE_PERMISSIONS.organizationManage,organisation (RLS) + the route permission; domain scoping per the protection note,,no,denials audited
api/settings/organization/security/route.ts,GET,WORKSPACE_PLATFORM,,,organisation (RLS) + the route permission; domain scoping per the protection note,,no,denials audited
api/settings/organization/security/route.ts,PUT,WORKSPACE_PLATFORM,,CORE_PERMISSIONS.platformSecurityManage,organisation (RLS) + the route permission; domain scoping per the protection note,,no,denials audited
api/settings/roles/[id]/route.ts,PUT,WORKSPACE_PLATFORM,,CORE_PERMISSIONS.rolesManage,organisation (RLS) + the route permission; domain scoping per the protection note,,no,denials audited
api/settings/roles/[id]/route.ts,DELETE,WORKSPACE_PLATFORM,,CORE_PERMISSIONS.rolesManage,organisation (RLS) + the route permission; domain scoping per the protection note,,no,denials audited
api/settings/roles/permissions/route.ts,GET,WORKSPACE_PLATFORM,,CORE_PERMISSIONS.rolesManage,organisation (RLS) + the route permission; domain scoping per the protection note,,no,denials logged
api/settings/roles/route.ts,GET,WORKSPACE_PLATFORM,,CORE_PERMISSIONS.rolesView,organisation (RLS) + the route permission; domain scoping per the protection note,,no,denials audited
api/settings/roles/route.ts,POST,WORKSPACE_PLATFORM,,CORE_PERMISSIONS.rolesManage,organisation (RLS) + the route permission; domain scoping per the protection note,,no,denials audited
api/settings/sessions/[id]/route.ts,DELETE,SELF_SERVICE,,n/a,the caller's own account; user + organisation context from the session,,no,n/a
api/settings/sessions/route.ts,GET,SELF_SERVICE,,n/a,the caller's own account; user + organisation context from the session,,no,n/a
api/settings/sessions/route.ts,DELETE,SELF_SERVICE,,n/a,the caller's own account; user + organisation context from the session,,no,n/a
api/settings/users/[id]/access/route.ts,PUT,WORKSPACE_PLATFORM,,CORE_PERMISSIONS.usersManage,organisation (RLS) + the route permission; domain scoping per the protection note,,no,denials audited
api/settings/users/[id]/roles/route.ts,PUT,WORKSPACE_PLATFORM,,CORE_PERMISSIONS.rolesAssign,organisation (RLS) + the route permission; domain scoping per the protection note,,no,denials audited
api/settings/users/[id]/status/route.ts,PUT,WORKSPACE_PLATFORM,,CORE_PERMISSIONS.usersManage,organisation (RLS) + the route permission; domain scoping per the protection note,,no,denials audited
api/settings/users/route.ts,GET,WORKSPACE_PLATFORM,,CORE_PERMISSIONS.usersView,organisation (RLS) + the route permission; domain scoping per the protection note,,no,denials logged
api/support/actions/[action]/route.ts,POST,WORKSPACE_MODULE,support,support.view (helper default; route may narrow),active company; own tickets for portal self-service,private_notes_and_attachments: support.sensitive.view,yes,denials logged
api/support/attachments/[id]/download/route.ts,GET,WORKSPACE_MODULE,support,support.view,active company; own tickets for portal self-service,private_notes_and_attachments: support.sensitive.view,no,denials logged
api/support/tickets/[ticketId]/attachments/route.ts,POST,WORKSPACE_MODULE,support,support.view,active company; own tickets for portal self-service,private_notes_and_attachments: support.sensitive.view,yes,denials logged
api/support/view/[kind]/route.ts,GET,WORKSPACE_MODULE,support,support.view (helper default; route may narrow),active company; own tickets for portal self-service,private_notes_and_attachments: support.sensitive.view,no,denials logged
api/test-support/email-capture/route.ts,GET,TEST_SUPPORT,,n/a,Returns 404 unless NODE_ENV is not production AND AUTH_EMAIL_CAPTURE_ENABLED is set; production configuration validation forbids the flag.,,no,n/a
api/test-support/email-capture/route.ts,POST,TEST_SUPPORT,,n/a,Returns 404 unless NODE_ENV is not production AND AUTH_EMAIL_CAPTURE_ENABLED is set; production configuration validation forbids the flag.,,no,n/a
api/v1/platform/context/route.ts,GET,API_KEY,,platform.context.read,hashed API key + key scopes + organisation context,,no,n/a
api/workspace/companies/route.ts,GET,WORKSPACE_PLATFORM,,,organisation (RLS) + the route permission; domain scoping per the protection note,,no,denials logged
api/workspace/context/route.ts,PATCH,WORKSPACE_PLATFORM,,,organisation (RLS) + the route permission; domain scoping per the protection note,,no,denials logged
