requirement_id,feature_id,capability_id,requirement_type,requirement_classification,backend_evidence,api_evidence,ui_route,ui_screen,ui_component,permission_behavior,responsive_behavior,test_evidence,implementation_status,notes
F001-CAP-001,F001,CRM-CAP-001,CAP,NO_DIRECT_UI,,,,,,,,,NOT_STARTED,Clean rebuild has not yet reached this feature; see CRM_CLEAN_REBUILD_REGISTER.md tranche plan.
F001-CAP-002,F001,CRM-CAP-001,CAP,NO_DIRECT_UI,,,,,,,,,NOT_STARTED,Clean rebuild has not yet reached this feature; see CRM_CLEAN_REBUILD_REGISTER.md tranche plan.
F001-CAP-003,F001,CRM-CAP-001,CAP,NO_DIRECT_UI,,,,,,,,,NOT_STARTED,Clean rebuild has not yet reached this feature; see CRM_CLEAN_REBUILD_REGISTER.md tranche plan.
F001-FR-001,F001,CRM-CAP-001,FR,AFFECTS_UI_STATE,,,,,,,,,NOT_STARTED,Clean rebuild has not yet reached this feature; see CRM_CLEAN_REBUILD_REGISTER.md tranche plan.
F001-FR-002,F001,CRM-CAP-001,FR,AFFECTS_UI_STATE,,,,,,,,,NOT_STARTED,Clean rebuild has not yet reached this feature; see CRM_CLEAN_REBUILD_REGISTER.md tranche plan.
F001-FR-003,F001,CRM-CAP-001,FR,AFFECTS_UI_STATE,,,,,,,,,NOT_STARTED,Clean rebuild has not yet reached this feature; see CRM_CLEAN_REBUILD_REGISTER.md tranche plan.
F001-US-001,F001,CRM-CAP-001,US,DIRECT_UI,,,,,,,,,NOT_STARTED,Clean rebuild has not yet reached this feature; see CRM_CLEAN_REBUILD_REGISTER.md tranche plan.
F001-US-002,F001,CRM-CAP-001,US,DIRECT_UI,,,,,,,,,NOT_STARTED,Clean rebuild has not yet reached this feature; see CRM_CLEAN_REBUILD_REGISTER.md tranche plan.
F001-FLOW-001,F001,CRM-CAP-001,FLOW,AFFECTS_UI_STATE,,,,,,,,,NOT_STARTED,Clean rebuild has not yet reached this feature; see CRM_CLEAN_REBUILD_REGISTER.md tranche plan.
F001-FLOW-002,F001,CRM-CAP-001,FLOW,AFFECTS_UI_STATE,,,,,,,,,NOT_STARTED,Clean rebuild has not yet reached this feature; see CRM_CLEAN_REBUILD_REGISTER.md tranche plan.
F001-BR-001,F001,CRM-CAP-001,BR,NO_DIRECT_UI,,,,,,,,,NOT_STARTED,Clean rebuild has not yet reached this feature; see CRM_CLEAN_REBUILD_REGISTER.md tranche plan.
F001-BR-002,F001,CRM-CAP-001,BR,NO_DIRECT_UI,,,,,,,,,NOT_STARTED,Clean rebuild has not yet reached this feature; see CRM_CLEAN_REBUILD_REGISTER.md tranche plan.
F001-DATA-001,F001,CRM-CAP-001,DATA,NO_DIRECT_UI,,,,,,,,,NOT_STARTED,Clean rebuild has not yet reached this feature; see CRM_CLEAN_REBUILD_REGISTER.md tranche plan.
F001-DATA-002,F001,CRM-CAP-001,DATA,NO_DIRECT_UI,,,,,,,,,NOT_STARTED,Clean rebuild has not yet reached this feature; see CRM_CLEAN_REBUILD_REGISTER.md tranche plan.
F001-VAL-001,F001,CRM-CAP-001,VAL,NO_DIRECT_UI,,,,,,,,,NOT_STARTED,Clean rebuild has not yet reached this feature; see CRM_CLEAN_REBUILD_REGISTER.md tranche plan.
F001-VAL-002,F001,CRM-CAP-001,VAL,NO_DIRECT_UI,,,,,,,,,NOT_STARTED,Clean rebuild has not yet reached this feature; see CRM_CLEAN_REBUILD_REGISTER.md tranche plan.
F001-CALC-001,F001,CRM-CAP-001,CALC,NO_DIRECT_UI,,,,,,,,,NOT_STARTED,Clean rebuild has not yet reached this feature; see CRM_CLEAN_REBUILD_REGISTER.md tranche plan.
F001-UX-001,F001,CRM-CAP-001,UX,DIRECT_UI,,,,,,,,,NOT_STARTED,Clean rebuild has not yet reached this feature; see CRM_CLEAN_REBUILD_REGISTER.md tranche plan.
F001-UX-002,F001,CRM-CAP-001,UX,DIRECT_UI,,,,,,,,,NOT_STARTED,Clean rebuild has not yet reached this feature; see CRM_CLEAN_REBUILD_REGISTER.md tranche plan.
F001-UX-003,F001,CRM-CAP-001,UX,DIRECT_UI,,,,,,,,,NOT_STARTED,Clean rebuild has not yet reached this feature; see CRM_CLEAN_REBUILD_REGISTER.md tranche plan.
F001-SEC-001,F001,CRM-CAP-001,SEC,NO_DIRECT_UI,,,,,,,,,NOT_STARTED,Clean rebuild has not yet reached this feature; see CRM_CLEAN_REBUILD_REGISTER.md tranche plan.
F001-SEC-002,F001,CRM-CAP-001,SEC,NO_DIRECT_UI,,,,,,,,,NOT_STARTED,Clean rebuild has not yet reached this feature; see CRM_CLEAN_REBUILD_REGISTER.md tranche plan.
F001-AUTO-001,F001,CRM-CAP-001,AUTO,NO_DIRECT_UI,,,,,,,,,NOT_STARTED,Clean rebuild has not yet reached this feature; see CRM_CLEAN_REBUILD_REGISTER.md tranche plan.
F001-APP-001,F001,CRM-CAP-001,APP,DIRECT_UI,,,,,,,,,NOT_STARTED,Clean rebuild has not yet reached this feature; see CRM_CLEAN_REBUILD_REGISTER.md tranche plan.
F001-NOTIF-001,F001,CRM-CAP-001,NOTIF,AFFECTS_UI_STATE,,,,,,,,,NOT_STARTED,Clean rebuild has not yet reached this feature; see CRM_CLEAN_REBUILD_REGISTER.md tranche plan.
F001-REP-001,F001,CRM-CAP-001,REP,AFFECTS_UI_STATE,,,,,,,,,NOT_STARTED,Clean rebuild has not yet reached this feature; see CRM_CLEAN_REBUILD_REGISTER.md tranche plan.
F001-AI-001,F001,CRM-CAP-001,AI,NO_DIRECT_UI,,,,,,,,,NOT_STARTED,Clean rebuild has not yet reached this feature; see CRM_CLEAN_REBUILD_REGISTER.md tranche plan.
F001-INT-001,F001,CRM-CAP-001,INT,NO_DIRECT_UI,,,,,,,,,NOT_STARTED,Clean rebuild has not yet reached this feature; see CRM_CLEAN_REBUILD_REGISTER.md tranche plan.
F001-INT-002,F001,CRM-CAP-001,INT,NO_DIRECT_UI,,,,,,,,,NOT_STARTED,Clean rebuild has not yet reached this feature; see CRM_CLEAN_REBUILD_REGISTER.md tranche plan.
F001-API-001,F001,CRM-CAP-001,API,NO_DIRECT_UI,,,,,,,,,NOT_STARTED,Clean rebuild has not yet reached this feature; see CRM_CLEAN_REBUILD_REGISTER.md tranche plan.
F001-API-002,F001,CRM-CAP-001,API,NO_DIRECT_UI,,,,,,,,,NOT_STARTED,Clean rebuild has not yet reached this feature; see CRM_CLEAN_REBUILD_REGISTER.md tranche plan.
F001-PERF-001,F001,CRM-CAP-001,PERF,NO_DIRECT_UI,,,,,,,,,NOT_STARTED,Clean rebuild has not yet reached this feature; see CRM_CLEAN_REBUILD_REGISTER.md tranche plan.
F001-OBS-001,F001,CRM-CAP-001,OBS,NO_DIRECT_UI,,,,,,,,,NOT_STARTED,Clean rebuild has not yet reached this feature; see CRM_CLEAN_REBUILD_REGISTER.md tranche plan.
F001-E2E-001,F001,CRM-CAP-001,E2E,AFFECTS_UI_STATE,,,,,,,,,NOT_STARTED,Clean rebuild has not yet reached this feature; see CRM_CLEAN_REBUILD_REGISTER.md tranche plan.
F001-E2E-002,F001,CRM-CAP-001,E2E,AFFECTS_UI_STATE,,,,,,,,,NOT_STARTED,Clean rebuild has not yet reached this feature; see CRM_CLEAN_REBUILD_REGISTER.md tranche plan.
F001-UAT-001,F001,CRM-CAP-001,UAT,AFFECTS_UI_STATE,,,,,,,,,NOT_STARTED,Clean rebuild has not yet reached this feature; see CRM_CLEAN_REBUILD_REGISTER.md tranche plan.
F001-UAT-002,F001,CRM-CAP-001,UAT,AFFECTS_UI_STATE,,,,,,,,,NOT_STARTED,Clean rebuild has not yet reached this feature; see CRM_CLEAN_REBUILD_REGISTER.md tranche plan.
F002-CAP-001,F002,CRM-CAP-001,CAP,NO_DIRECT_UI,,,,,,,,,NOT_STARTED,Clean rebuild has not yet reached this feature; see CRM_CLEAN_REBUILD_REGISTER.md tranche plan.
F002-CAP-002,F002,CRM-CAP-001,CAP,NO_DIRECT_UI,,,,,,,,,NOT_STARTED,Clean rebuild has not yet reached this feature; see CRM_CLEAN_REBUILD_REGISTER.md tranche plan.
F002-CAP-003,F002,CRM-CAP-001,CAP,NO_DIRECT_UI,,,,,,,,,NOT_STARTED,Clean rebuild has not yet reached this feature; see CRM_CLEAN_REBUILD_REGISTER.md tranche plan.
F002-FR-001,F002,CRM-CAP-001,FR,AFFECTS_UI_STATE,,,,,,,,,NOT_STARTED,Clean rebuild has not yet reached this feature; see CRM_CLEAN_REBUILD_REGISTER.md tranche plan.
F002-FR-002,F002,CRM-CAP-001,FR,AFFECTS_UI_STATE,,,,,,,,,NOT_STARTED,Clean rebuild has not yet reached this feature; see CRM_CLEAN_REBUILD_REGISTER.md tranche plan.
F002-FR-003,F002,CRM-CAP-001,FR,AFFECTS_UI_STATE,,,,,,,,,NOT_STARTED,Clean rebuild has not yet reached this feature; see CRM_CLEAN_REBUILD_REGISTER.md tranche plan.
F002-US-001,F002,CRM-CAP-001,US,DIRECT_UI,,,,,,,,,NOT_STARTED,Clean rebuild has not yet reached this feature; see CRM_CLEAN_REBUILD_REGISTER.md tranche plan.
F002-US-002,F002,CRM-CAP-001,US,DIRECT_UI,,,,,,,,,NOT_STARTED,Clean rebuild has not yet reached this feature; see CRM_CLEAN_REBUILD_REGISTER.md tranche plan.
F002-FLOW-001,F002,CRM-CAP-001,FLOW,AFFECTS_UI_STATE,,,,,,,,,NOT_STARTED,Clean rebuild has not yet reached this feature; see CRM_CLEAN_REBUILD_REGISTER.md tranche plan.
F002-FLOW-002,F002,CRM-CAP-001,FLOW,AFFECTS_UI_STATE,,,,,,,,,NOT_STARTED,Clean rebuild has not yet reached this feature; see CRM_CLEAN_REBUILD_REGISTER.md tranche plan.
F002-BR-001,F002,CRM-CAP-001,BR,NO_DIRECT_UI,,,,,,,,,NOT_STARTED,Clean rebuild has not yet reached this feature; see CRM_CLEAN_REBUILD_REGISTER.md tranche plan.
F002-BR-002,F002,CRM-CAP-001,BR,NO_DIRECT_UI,,,,,,,,,NOT_STARTED,Clean rebuild has not yet reached this feature; see CRM_CLEAN_REBUILD_REGISTER.md tranche plan.
F002-DATA-001,F002,CRM-CAP-001,DATA,NO_DIRECT_UI,,,,,,,,,NOT_STARTED,Clean rebuild has not yet reached this feature; see CRM_CLEAN_REBUILD_REGISTER.md tranche plan.
F002-DATA-002,F002,CRM-CAP-001,DATA,NO_DIRECT_UI,,,,,,,,,NOT_STARTED,Clean rebuild has not yet reached this feature; see CRM_CLEAN_REBUILD_REGISTER.md tranche plan.
F002-VAL-001,F002,CRM-CAP-001,VAL,NO_DIRECT_UI,,,,,,,,,NOT_STARTED,Clean rebuild has not yet reached this feature; see CRM_CLEAN_REBUILD_REGISTER.md tranche plan.
F002-VAL-002,F002,CRM-CAP-001,VAL,NO_DIRECT_UI,,,,,,,,,NOT_STARTED,Clean rebuild has not yet reached this feature; see CRM_CLEAN_REBUILD_REGISTER.md tranche plan.
F002-CALC-001,F002,CRM-CAP-001,CALC,NO_DIRECT_UI,,,,,,,,,NOT_STARTED,Clean rebuild has not yet reached this feature; see CRM_CLEAN_REBUILD_REGISTER.md tranche plan.
F002-UX-001,F002,CRM-CAP-001,UX,DIRECT_UI,,,,,,,,,NOT_STARTED,Clean rebuild has not yet reached this feature; see CRM_CLEAN_REBUILD_REGISTER.md tranche plan.
F002-UX-002,F002,CRM-CAP-001,UX,DIRECT_UI,,,,,,,,,NOT_STARTED,Clean rebuild has not yet reached this feature; see CRM_CLEAN_REBUILD_REGISTER.md tranche plan.
F002-UX-003,F002,CRM-CAP-001,UX,DIRECT_UI,,,,,,,,,NOT_STARTED,Clean rebuild has not yet reached this feature; see CRM_CLEAN_REBUILD_REGISTER.md tranche plan.
F002-SEC-001,F002,CRM-CAP-001,SEC,NO_DIRECT_UI,,,,,,,,,NOT_STARTED,Clean rebuild has not yet reached this feature; see CRM_CLEAN_REBUILD_REGISTER.md tranche plan.
F002-SEC-002,F002,CRM-CAP-001,SEC,NO_DIRECT_UI,,,,,,,,,NOT_STARTED,Clean rebuild has not yet reached this feature; see CRM_CLEAN_REBUILD_REGISTER.md tranche plan.
F002-AUTO-001,F002,CRM-CAP-001,AUTO,NO_DIRECT_UI,,,,,,,,,NOT_STARTED,Clean rebuild has not yet reached this feature; see CRM_CLEAN_REBUILD_REGISTER.md tranche plan.
F002-APP-001,F002,CRM-CAP-001,APP,DIRECT_UI,,,,,,,,,NOT_STARTED,Clean rebuild has not yet reached this feature; see CRM_CLEAN_REBUILD_REGISTER.md tranche plan.
F002-NOTIF-001,F002,CRM-CAP-001,NOTIF,AFFECTS_UI_STATE,,,,,,,,,NOT_STARTED,Clean rebuild has not yet reached this feature; see CRM_CLEAN_REBUILD_REGISTER.md tranche plan.
F002-REP-001,F002,CRM-CAP-001,REP,AFFECTS_UI_STATE,,,,,,,,,NOT_STARTED,Clean rebuild has not yet reached this feature; see CRM_CLEAN_REBUILD_REGISTER.md tranche plan.
F002-AI-001,F002,CRM-CAP-001,AI,NO_DIRECT_UI,,,,,,,,,NOT_STARTED,Clean rebuild has not yet reached this feature; see CRM_CLEAN_REBUILD_REGISTER.md tranche plan.
F002-INT-001,F002,CRM-CAP-001,INT,NO_DIRECT_UI,,,,,,,,,NOT_STARTED,Clean rebuild has not yet reached this feature; see CRM_CLEAN_REBUILD_REGISTER.md tranche plan.
F002-INT-002,F002,CRM-CAP-001,INT,NO_DIRECT_UI,,,,,,,,,NOT_STARTED,Clean rebuild has not yet reached this feature; see CRM_CLEAN_REBUILD_REGISTER.md tranche plan.
F002-API-001,F002,CRM-CAP-001,API,NO_DIRECT_UI,,,,,,,,,NOT_STARTED,Clean rebuild has not yet reached this feature; see CRM_CLEAN_REBUILD_REGISTER.md tranche plan.
F002-API-002,F002,CRM-CAP-001,API,NO_DIRECT_UI,,,,,,,,,NOT_STARTED,Clean rebuild has not yet reached this feature; see CRM_CLEAN_REBUILD_REGISTER.md tranche plan.
F002-PERF-001,F002,CRM-CAP-001,PERF,NO_DIRECT_UI,,,,,,,,,NOT_STARTED,Clean rebuild has not yet reached this feature; see CRM_CLEAN_REBUILD_REGISTER.md tranche plan.
F002-OBS-001,F002,CRM-CAP-001,OBS,NO_DIRECT_UI,,,,,,,,,NOT_STARTED,Clean rebuild has not yet reached this feature; see CRM_CLEAN_REBUILD_REGISTER.md tranche plan.
F002-E2E-001,F002,CRM-CAP-001,E2E,AFFECTS_UI_STATE,,,,,,,,,NOT_STARTED,Clean rebuild has not yet reached this feature; see CRM_CLEAN_REBUILD_REGISTER.md tranche plan.
F002-E2E-002,F002,CRM-CAP-001,E2E,AFFECTS_UI_STATE,,,,,,,,,NOT_STARTED,Clean rebuild has not yet reached this feature; see CRM_CLEAN_REBUILD_REGISTER.md tranche plan.
F002-UAT-001,F002,CRM-CAP-001,UAT,AFFECTS_UI_STATE,,,,,,,,,NOT_STARTED,Clean rebuild has not yet reached this feature; see CRM_CLEAN_REBUILD_REGISTER.md tranche plan.
F002-UAT-002,F002,CRM-CAP-001,UAT,AFFECTS_UI_STATE,,,,,,,,,NOT_STARTED,Clean rebuild has not yet reached this feature; see CRM_CLEAN_REBUILD_REGISTER.md tranche plan.
F003-CAP-001,F003,CRM-CAP-001,CAP,NO_DIRECT_UI,,,,,,,,,NOT_STARTED,Clean rebuild has not yet reached this feature; see CRM_CLEAN_REBUILD_REGISTER.md tranche plan.
F003-CAP-002,F003,CRM-CAP-001,CAP,NO_DIRECT_UI,,,,,,,,,NOT_STARTED,Clean rebuild has not yet reached this feature; see CRM_CLEAN_REBUILD_REGISTER.md tranche plan.
F003-CAP-003,F003,CRM-CAP-001,CAP,NO_DIRECT_UI,,,,,,,,,NOT_STARTED,Clean rebuild has not yet reached this feature; see CRM_CLEAN_REBUILD_REGISTER.md tranche plan.
F003-FR-001,F003,CRM-CAP-001,FR,AFFECTS_UI_STATE,,,,,,,,,NOT_STARTED,Clean rebuild has not yet reached this feature; see CRM_CLEAN_REBUILD_REGISTER.md tranche plan.
F003-FR-002,F003,CRM-CAP-001,FR,AFFECTS_UI_STATE,,,,,,,,,NOT_STARTED,Clean rebuild has not yet reached this feature; see CRM_CLEAN_REBUILD_REGISTER.md tranche plan.
F003-FR-003,F003,CRM-CAP-001,FR,AFFECTS_UI_STATE,,,,,,,,,NOT_STARTED,Clean rebuild has not yet reached this feature; see CRM_CLEAN_REBUILD_REGISTER.md tranche plan.
F003-US-001,F003,CRM-CAP-001,US,DIRECT_UI,,,,,,,,,NOT_STARTED,Clean rebuild has not yet reached this feature; see CRM_CLEAN_REBUILD_REGISTER.md tranche plan.
F003-US-002,F003,CRM-CAP-001,US,DIRECT_UI,,,,,,,,,NOT_STARTED,Clean rebuild has not yet reached this feature; see CRM_CLEAN_REBUILD_REGISTER.md tranche plan.
F003-FLOW-001,F003,CRM-CAP-001,FLOW,AFFECTS_UI_STATE,,,,,,,,,NOT_STARTED,Clean rebuild has not yet reached this feature; see CRM_CLEAN_REBUILD_REGISTER.md tranche plan.
F003-FLOW-002,F003,CRM-CAP-001,FLOW,AFFECTS_UI_STATE,,,,,,,,,NOT_STARTED,Clean rebuild has not yet reached this feature; see CRM_CLEAN_REBUILD_REGISTER.md tranche plan.
F003-BR-001,F003,CRM-CAP-001,BR,NO_DIRECT_UI,,,,,,,,,NOT_STARTED,Clean rebuild has not yet reached this feature; see CRM_CLEAN_REBUILD_REGISTER.md tranche plan.
F003-BR-002,F003,CRM-CAP-001,BR,NO_DIRECT_UI,,,,,,,,,NOT_STARTED,Clean rebuild has not yet reached this feature; see CRM_CLEAN_REBUILD_REGISTER.md tranche plan.
F003-DATA-001,F003,CRM-CAP-001,DATA,NO_DIRECT_UI,,,,,,,,,NOT_STARTED,Clean rebuild has not yet reached this feature; see CRM_CLEAN_REBUILD_REGISTER.md tranche plan.
F003-DATA-002,F003,CRM-CAP-001,DATA,NO_DIRECT_UI,,,,,,,,,NOT_STARTED,Clean rebuild has not yet reached this feature; see CRM_CLEAN_REBUILD_REGISTER.md tranche plan.
F003-VAL-001,F003,CRM-CAP-001,VAL,NO_DIRECT_UI,,,,,,,,,NOT_STARTED,Clean rebuild has not yet reached this feature; see CRM_CLEAN_REBUILD_REGISTER.md tranche plan.
F003-VAL-002,F003,CRM-CAP-001,VAL,NO_DIRECT_UI,,,,,,,,,NOT_STARTED,Clean rebuild has not yet reached this feature; see CRM_CLEAN_REBUILD_REGISTER.md tranche plan.
F003-CALC-001,F003,CRM-CAP-001,CALC,NO_DIRECT_UI,,,,,,,,,NOT_STARTED,Clean rebuild has not yet reached this feature; see CRM_CLEAN_REBUILD_REGISTER.md tranche plan.
F003-UX-001,F003,CRM-CAP-001,UX,DIRECT_UI,,,,,,,,,NOT_STARTED,Clean rebuild has not yet reached this feature; see CRM_CLEAN_REBUILD_REGISTER.md tranche plan.
F003-UX-002,F003,CRM-CAP-001,UX,DIRECT_UI,,,,,,,,,NOT_STARTED,Clean rebuild has not yet reached this feature; see CRM_CLEAN_REBUILD_REGISTER.md tranche plan.
F003-UX-003,F003,CRM-CAP-001,UX,DIRECT_UI,,,,,,,,,NOT_STARTED,Clean rebuild has not yet reached this feature; see CRM_CLEAN_REBUILD_REGISTER.md tranche plan.
F003-SEC-001,F003,CRM-CAP-001,SEC,NO_DIRECT_UI,,,,,,,,,NOT_STARTED,Clean rebuild has not yet reached this feature; see CRM_CLEAN_REBUILD_REGISTER.md tranche plan.
F003-SEC-002,F003,CRM-CAP-001,SEC,NO_DIRECT_UI,,,,,,,,,NOT_STARTED,Clean rebuild has not yet reached this feature; see CRM_CLEAN_REBUILD_REGISTER.md tranche plan.
F003-AUTO-001,F003,CRM-CAP-001,AUTO,NO_DIRECT_UI,,,,,,,,,NOT_STARTED,Clean rebuild has not yet reached this feature; see CRM_CLEAN_REBUILD_REGISTER.md tranche plan.
F003-APP-001,F003,CRM-CAP-001,APP,DIRECT_UI,,,,,,,,,NOT_STARTED,Clean rebuild has not yet reached this feature; see CRM_CLEAN_REBUILD_REGISTER.md tranche plan.
F003-NOTIF-001,F003,CRM-CAP-001,NOTIF,AFFECTS_UI_STATE,,,,,,,,,NOT_STARTED,Clean rebuild has not yet reached this feature; see CRM_CLEAN_REBUILD_REGISTER.md tranche plan.
F003-REP-001,F003,CRM-CAP-001,REP,AFFECTS_UI_STATE,,,,,,,,,NOT_STARTED,Clean rebuild has not yet reached this feature; see CRM_CLEAN_REBUILD_REGISTER.md tranche plan.
F003-AI-001,F003,CRM-CAP-001,AI,NO_DIRECT_UI,,,,,,,,,NOT_STARTED,Clean rebuild has not yet reached this feature; see CRM_CLEAN_REBUILD_REGISTER.md tranche plan.
F003-INT-001,F003,CRM-CAP-001,INT,NO_DIRECT_UI,,,,,,,,,NOT_STARTED,Clean rebuild has not yet reached this feature; see CRM_CLEAN_REBUILD_REGISTER.md tranche plan.
F003-INT-002,F003,CRM-CAP-001,INT,NO_DIRECT_UI,,,,,,,,,NOT_STARTED,Clean rebuild has not yet reached this feature; see CRM_CLEAN_REBUILD_REGISTER.md tranche plan.
F003-API-001,F003,CRM-CAP-001,API,NO_DIRECT_UI,,,,,,,,,NOT_STARTED,Clean rebuild has not yet reached this feature; see CRM_CLEAN_REBUILD_REGISTER.md tranche plan.
F003-API-002,F003,CRM-CAP-001,API,NO_DIRECT_UI,,,,,,,,,NOT_STARTED,Clean rebuild has not yet reached this feature; see CRM_CLEAN_REBUILD_REGISTER.md tranche plan.
F003-PERF-001,F003,CRM-CAP-001,PERF,NO_DIRECT_UI,,,,,,,,,NOT_STARTED,Clean rebuild has not yet reached this feature; see CRM_CLEAN_REBUILD_REGISTER.md tranche plan.
F003-OBS-001,F003,CRM-CAP-001,OBS,NO_DIRECT_UI,,,,,,,,,NOT_STARTED,Clean rebuild has not yet reached this feature; see CRM_CLEAN_REBUILD_REGISTER.md tranche plan.
F003-E2E-001,F003,CRM-CAP-001,E2E,AFFECTS_UI_STATE,,,,,,,,,NOT_STARTED,Clean rebuild has not yet reached this feature; see CRM_CLEAN_REBUILD_REGISTER.md tranche plan.
F003-E2E-002,F003,CRM-CAP-001,E2E,AFFECTS_UI_STATE,,,,,,,,,NOT_STARTED,Clean rebuild has not yet reached this feature; see CRM_CLEAN_REBUILD_REGISTER.md tranche plan.
F003-UAT-001,F003,CRM-CAP-001,UAT,AFFECTS_UI_STATE,,,,,,,,,NOT_STARTED,Clean rebuild has not yet reached this feature; see CRM_CLEAN_REBUILD_REGISTER.md tranche plan.
F003-UAT-002,F003,CRM-CAP-001,UAT,AFFECTS_UI_STATE,,,,,,,,,NOT_STARTED,Clean rebuild has not yet reached this feature; see CRM_CLEAN_REBUILD_REGISTER.md tranche plan.
F004-CAP-001,F004,CRM-CAP-001,CAP,NO_DIRECT_UI,,,,,,,,,NOT_STARTED,Clean rebuild has not yet reached this feature; see CRM_CLEAN_REBUILD_REGISTER.md tranche plan.
F004-CAP-002,F004,CRM-CAP-001,CAP,NO_DIRECT_UI,,,,,,,,,NOT_STARTED,Clean rebuild has not yet reached this feature; see CRM_CLEAN_REBUILD_REGISTER.md tranche plan.
F004-CAP-003,F004,CRM-CAP-001,CAP,NO_DIRECT_UI,,,,,,,,,NOT_STARTED,Clean rebuild has not yet reached this feature; see CRM_CLEAN_REBUILD_REGISTER.md tranche plan.
F004-FR-001,F004,CRM-CAP-001,FR,AFFECTS_UI_STATE,,,,,,,,,NOT_STARTED,Clean rebuild has not yet reached this feature; see CRM_CLEAN_REBUILD_REGISTER.md tranche plan.
F004-FR-002,F004,CRM-CAP-001,FR,AFFECTS_UI_STATE,,,,,,,,,NOT_STARTED,Clean rebuild has not yet reached this feature; see CRM_CLEAN_REBUILD_REGISTER.md tranche plan.
F004-FR-003,F004,CRM-CAP-001,FR,AFFECTS_UI_STATE,,,,,,,,,NOT_STARTED,Clean rebuild has not yet reached this feature; see CRM_CLEAN_REBUILD_REGISTER.md tranche plan.
F004-US-001,F004,CRM-CAP-001,US,DIRECT_UI,,,,,,,,,NOT_STARTED,Clean rebuild has not yet reached this feature; see CRM_CLEAN_REBUILD_REGISTER.md tranche plan.
F004-US-002,F004,CRM-CAP-001,US,DIRECT_UI,,,,,,,,,NOT_STARTED,Clean rebuild has not yet reached this feature; see CRM_CLEAN_REBUILD_REGISTER.md tranche plan.
F004-FLOW-001,F004,CRM-CAP-001,FLOW,AFFECTS_UI_STATE,,,,,,,,,NOT_STARTED,Clean rebuild has not yet reached this feature; see CRM_CLEAN_REBUILD_REGISTER.md tranche plan.
F004-FLOW-002,F004,CRM-CAP-001,FLOW,AFFECTS_UI_STATE,,,,,,,,,NOT_STARTED,Clean rebuild has not yet reached this feature; see CRM_CLEAN_REBUILD_REGISTER.md tranche plan.
F004-BR-001,F004,CRM-CAP-001,BR,NO_DIRECT_UI,,,,,,,,,NOT_STARTED,Clean rebuild has not yet reached this feature; see CRM_CLEAN_REBUILD_REGISTER.md tranche plan.
F004-BR-002,F004,CRM-CAP-001,BR,NO_DIRECT_UI,,,,,,,,,NOT_STARTED,Clean rebuild has not yet reached this feature; see CRM_CLEAN_REBUILD_REGISTER.md tranche plan.
F004-DATA-001,F004,CRM-CAP-001,DATA,NO_DIRECT_UI,,,,,,,,,NOT_STARTED,Clean rebuild has not yet reached this feature; see CRM_CLEAN_REBUILD_REGISTER.md tranche plan.
F004-DATA-002,F004,CRM-CAP-001,DATA,NO_DIRECT_UI,,,,,,,,,NOT_STARTED,Clean rebuild has not yet reached this feature; see CRM_CLEAN_REBUILD_REGISTER.md tranche plan.
F004-VAL-001,F004,CRM-CAP-001,VAL,NO_DIRECT_UI,,,,,,,,,NOT_STARTED,Clean rebuild has not yet reached this feature; see CRM_CLEAN_REBUILD_REGISTER.md tranche plan.
F004-VAL-002,F004,CRM-CAP-001,VAL,NO_DIRECT_UI,,,,,,,,,NOT_STARTED,Clean rebuild has not yet reached this feature; see CRM_CLEAN_REBUILD_REGISTER.md tranche plan.
F004-CALC-001,F004,CRM-CAP-001,CALC,NO_DIRECT_UI,,,,,,,,,NOT_STARTED,Clean rebuild has not yet reached this feature; see CRM_CLEAN_REBUILD_REGISTER.md tranche plan.
F004-UX-001,F004,CRM-CAP-001,UX,DIRECT_UI,,,,,,,,,NOT_STARTED,Clean rebuild has not yet reached this feature; see CRM_CLEAN_REBUILD_REGISTER.md tranche plan.
F004-UX-002,F004,CRM-CAP-001,UX,DIRECT_UI,,,,,,,,,NOT_STARTED,Clean rebuild has not yet reached this feature; see CRM_CLEAN_REBUILD_REGISTER.md tranche plan.
F004-UX-003,F004,CRM-CAP-001,UX,DIRECT_UI,,,,,,,,,NOT_STARTED,Clean rebuild has not yet reached this feature; see CRM_CLEAN_REBUILD_REGISTER.md tranche plan.
F004-SEC-001,F004,CRM-CAP-001,SEC,NO_DIRECT_UI,,,,,,,,,NOT_STARTED,Clean rebuild has not yet reached this feature; see CRM_CLEAN_REBUILD_REGISTER.md tranche plan.
F004-SEC-002,F004,CRM-CAP-001,SEC,NO_DIRECT_UI,,,,,,,,,NOT_STARTED,Clean rebuild has not yet reached this feature; see CRM_CLEAN_REBUILD_REGISTER.md tranche plan.
F004-AUTO-001,F004,CRM-CAP-001,AUTO,NO_DIRECT_UI,,,,,,,,,NOT_STARTED,Clean rebuild has not yet reached this feature; see CRM_CLEAN_REBUILD_REGISTER.md tranche plan.
F004-APP-001,F004,CRM-CAP-001,APP,DIRECT_UI,,,,,,,,,NOT_STARTED,Clean rebuild has not yet reached this feature; see CRM_CLEAN_REBUILD_REGISTER.md tranche plan.
F004-NOTIF-001,F004,CRM-CAP-001,NOTIF,AFFECTS_UI_STATE,,,,,,,,,NOT_STARTED,Clean rebuild has not yet reached this feature; see CRM_CLEAN_REBUILD_REGISTER.md tranche plan.
F004-REP-001,F004,CRM-CAP-001,REP,AFFECTS_UI_STATE,,,,,,,,,NOT_STARTED,Clean rebuild has not yet reached this feature; see CRM_CLEAN_REBUILD_REGISTER.md tranche plan.
F004-AI-001,F004,CRM-CAP-001,AI,NO_DIRECT_UI,,,,,,,,,NOT_STARTED,Clean rebuild has not yet reached this feature; see CRM_CLEAN_REBUILD_REGISTER.md tranche plan.
F004-INT-001,F004,CRM-CAP-001,INT,NO_DIRECT_UI,,,,,,,,,NOT_STARTED,Clean rebuild has not yet reached this feature; see CRM_CLEAN_REBUILD_REGISTER.md tranche plan.
F004-INT-002,F004,CRM-CAP-001,INT,NO_DIRECT_UI,,,,,,,,,NOT_STARTED,Clean rebuild has not yet reached this feature; see CRM_CLEAN_REBUILD_REGISTER.md tranche plan.
F004-API-001,F004,CRM-CAP-001,API,NO_DIRECT_UI,,,,,,,,,NOT_STARTED,Clean rebuild has not yet reached this feature; see CRM_CLEAN_REBUILD_REGISTER.md tranche plan.
F004-API-002,F004,CRM-CAP-001,API,NO_DIRECT_UI,,,,,,,,,NOT_STARTED,Clean rebuild has not yet reached this feature; see CRM_CLEAN_REBUILD_REGISTER.md tranche plan.
F004-PERF-001,F004,CRM-CAP-001,PERF,NO_DIRECT_UI,,,,,,,,,NOT_STARTED,Clean rebuild has not yet reached this feature; see CRM_CLEAN_REBUILD_REGISTER.md tranche plan.
F004-OBS-001,F004,CRM-CAP-001,OBS,NO_DIRECT_UI,,,,,,,,,NOT_STARTED,Clean rebuild has not yet reached this feature; see CRM_CLEAN_REBUILD_REGISTER.md tranche plan.
F004-E2E-001,F004,CRM-CAP-001,E2E,AFFECTS_UI_STATE,,,,,,,,,NOT_STARTED,Clean rebuild has not yet reached this feature; see CRM_CLEAN_REBUILD_REGISTER.md tranche plan.
F004-E2E-002,F004,CRM-CAP-001,E2E,AFFECTS_UI_STATE,,,,,,,,,NOT_STARTED,Clean rebuild has not yet reached this feature; see CRM_CLEAN_REBUILD_REGISTER.md tranche plan.
F004-UAT-001,F004,CRM-CAP-001,UAT,AFFECTS_UI_STATE,,,,,,,,,NOT_STARTED,Clean rebuild has not yet reached this feature; see CRM_CLEAN_REBUILD_REGISTER.md tranche plan.
F004-UAT-002,F004,CRM-CAP-001,UAT,AFFECTS_UI_STATE,,,,,,,,,NOT_STARTED,Clean rebuild has not yet reached this feature; see CRM_CLEAN_REBUILD_REGISTER.md tranche plan.
F005-CAP-001,F005,CRM-CAP-002,CAP,NO_DIRECT_UI,,,,,,,,,NOT_STARTED,Clean rebuild has not yet reached this feature; see CRM_CLEAN_REBUILD_REGISTER.md tranche plan.
F005-CAP-002,F005,CRM-CAP-002,CAP,NO_DIRECT_UI,,,,,,,,,NOT_STARTED,Clean rebuild has not yet reached this feature; see CRM_CLEAN_REBUILD_REGISTER.md tranche plan.
F005-CAP-003,F005,CRM-CAP-002,CAP,NO_DIRECT_UI,,,,,,,,,NOT_STARTED,Clean rebuild has not yet reached this feature; see CRM_CLEAN_REBUILD_REGISTER.md tranche plan.
F005-FR-001,F005,CRM-CAP-002,FR,AFFECTS_UI_STATE,,,,,,,,,NOT_STARTED,Clean rebuild has not yet reached this feature; see CRM_CLEAN_REBUILD_REGISTER.md tranche plan.
F005-FR-002,F005,CRM-CAP-002,FR,AFFECTS_UI_STATE,,,,,,,,,NOT_STARTED,Clean rebuild has not yet reached this feature; see CRM_CLEAN_REBUILD_REGISTER.md tranche plan.
F005-FR-003,F005,CRM-CAP-002,FR,AFFECTS_UI_STATE,,,,,,,,,NOT_STARTED,Clean rebuild has not yet reached this feature; see CRM_CLEAN_REBUILD_REGISTER.md tranche plan.
F005-US-001,F005,CRM-CAP-002,US,DIRECT_UI,,,,,,,,,NOT_STARTED,Clean rebuild has not yet reached this feature; see CRM_CLEAN_REBUILD_REGISTER.md tranche plan.
F005-US-002,F005,CRM-CAP-002,US,DIRECT_UI,,,,,,,,,NOT_STARTED,Clean rebuild has not yet reached this feature; see CRM_CLEAN_REBUILD_REGISTER.md tranche plan.
F005-FLOW-001,F005,CRM-CAP-002,FLOW,AFFECTS_UI_STATE,,,,,,,,,NOT_STARTED,Clean rebuild has not yet reached this feature; see CRM_CLEAN_REBUILD_REGISTER.md tranche plan.
F005-FLOW-002,F005,CRM-CAP-002,FLOW,AFFECTS_UI_STATE,,,,,,,,,NOT_STARTED,Clean rebuild has not yet reached this feature; see CRM_CLEAN_REBUILD_REGISTER.md tranche plan.
F005-BR-001,F005,CRM-CAP-002,BR,NO_DIRECT_UI,,,,,,,,,NOT_STARTED,Clean rebuild has not yet reached this feature; see CRM_CLEAN_REBUILD_REGISTER.md tranche plan.
F005-BR-002,F005,CRM-CAP-002,BR,NO_DIRECT_UI,,,,,,,,,NOT_STARTED,Clean rebuild has not yet reached this feature; see CRM_CLEAN_REBUILD_REGISTER.md tranche plan.
F005-DATA-001,F005,CRM-CAP-002,DATA,NO_DIRECT_UI,,,,,,,,,NOT_STARTED,Clean rebuild has not yet reached this feature; see CRM_CLEAN_REBUILD_REGISTER.md tranche plan.
F005-DATA-002,F005,CRM-CAP-002,DATA,NO_DIRECT_UI,,,,,,,,,NOT_STARTED,Clean rebuild has not yet reached this feature; see CRM_CLEAN_REBUILD_REGISTER.md tranche plan.
F005-VAL-001,F005,CRM-CAP-002,VAL,NO_DIRECT_UI,,,,,,,,,NOT_STARTED,Clean rebuild has not yet reached this feature; see CRM_CLEAN_REBUILD_REGISTER.md tranche plan.
F005-VAL-002,F005,CRM-CAP-002,VAL,NO_DIRECT_UI,,,,,,,,,NOT_STARTED,Clean rebuild has not yet reached this feature; see CRM_CLEAN_REBUILD_REGISTER.md tranche plan.
F005-CALC-001,F005,CRM-CAP-002,CALC,NO_DIRECT_UI,,,,,,,,,NOT_STARTED,Clean rebuild has not yet reached this feature; see CRM_CLEAN_REBUILD_REGISTER.md tranche plan.
F005-UX-001,F005,CRM-CAP-002,UX,DIRECT_UI,,,,,,,,,NOT_STARTED,Clean rebuild has not yet reached this feature; see CRM_CLEAN_REBUILD_REGISTER.md tranche plan.
F005-UX-002,F005,CRM-CAP-002,UX,DIRECT_UI,,,,,,,,,NOT_STARTED,Clean rebuild has not yet reached this feature; see CRM_CLEAN_REBUILD_REGISTER.md tranche plan.
F005-UX-003,F005,CRM-CAP-002,UX,DIRECT_UI,,,,,,,,,NOT_STARTED,Clean rebuild has not yet reached this feature; see CRM_CLEAN_REBUILD_REGISTER.md tranche plan.
F005-SEC-001,F005,CRM-CAP-002,SEC,NO_DIRECT_UI,,,,,,,,,NOT_STARTED,Clean rebuild has not yet reached this feature; see CRM_CLEAN_REBUILD_REGISTER.md tranche plan.
F005-SEC-002,F005,CRM-CAP-002,SEC,NO_DIRECT_UI,,,,,,,,,NOT_STARTED,Clean rebuild has not yet reached this feature; see CRM_CLEAN_REBUILD_REGISTER.md tranche plan.
F005-AUTO-001,F005,CRM-CAP-002,AUTO,NO_DIRECT_UI,,,,,,,,,NOT_STARTED,Clean rebuild has not yet reached this feature; see CRM_CLEAN_REBUILD_REGISTER.md tranche plan.
F005-APP-001,F005,CRM-CAP-002,APP,DIRECT_UI,,,,,,,,,NOT_STARTED,Clean rebuild has not yet reached this feature; see CRM_CLEAN_REBUILD_REGISTER.md tranche plan.
F005-NOTIF-001,F005,CRM-CAP-002,NOTIF,AFFECTS_UI_STATE,,,,,,,,,NOT_STARTED,Clean rebuild has not yet reached this feature; see CRM_CLEAN_REBUILD_REGISTER.md tranche plan.
F005-REP-001,F005,CRM-CAP-002,REP,AFFECTS_UI_STATE,,,,,,,,,NOT_STARTED,Clean rebuild has not yet reached this feature; see CRM_CLEAN_REBUILD_REGISTER.md tranche plan.
F005-AI-001,F005,CRM-CAP-002,AI,NO_DIRECT_UI,,,,,,,,,NOT_STARTED,Clean rebuild has not yet reached this feature; see CRM_CLEAN_REBUILD_REGISTER.md tranche plan.
F005-INT-001,F005,CRM-CAP-002,INT,NO_DIRECT_UI,,,,,,,,,NOT_STARTED,Clean rebuild has not yet reached this feature; see CRM_CLEAN_REBUILD_REGISTER.md tranche plan.
F005-INT-002,F005,CRM-CAP-002,INT,NO_DIRECT_UI,,,,,,,,,NOT_STARTED,Clean rebuild has not yet reached this feature; see CRM_CLEAN_REBUILD_REGISTER.md tranche plan.
F005-API-001,F005,CRM-CAP-002,API,NO_DIRECT_UI,,,,,,,,,NOT_STARTED,Clean rebuild has not yet reached this feature; see CRM_CLEAN_REBUILD_REGISTER.md tranche plan.
F005-API-002,F005,CRM-CAP-002,API,NO_DIRECT_UI,,,,,,,,,NOT_STARTED,Clean rebuild has not yet reached this feature; see CRM_CLEAN_REBUILD_REGISTER.md tranche plan.
F005-PERF-001,F005,CRM-CAP-002,PERF,NO_DIRECT_UI,,,,,,,,,NOT_STARTED,Clean rebuild has not yet reached this feature; see CRM_CLEAN_REBUILD_REGISTER.md tranche plan.
F005-OBS-001,F005,CRM-CAP-002,OBS,NO_DIRECT_UI,,,,,,,,,NOT_STARTED,Clean rebuild has not yet reached this feature; see CRM_CLEAN_REBUILD_REGISTER.md tranche plan.
F005-E2E-001,F005,CRM-CAP-002,E2E,AFFECTS_UI_STATE,,,,,,,,,NOT_STARTED,Clean rebuild has not yet reached this feature; see CRM_CLEAN_REBUILD_REGISTER.md tranche plan.
F005-E2E-002,F005,CRM-CAP-002,E2E,AFFECTS_UI_STATE,,,,,,,,,NOT_STARTED,Clean rebuild has not yet reached this feature; see CRM_CLEAN_REBUILD_REGISTER.md tranche plan.
F005-UAT-001,F005,CRM-CAP-002,UAT,AFFECTS_UI_STATE,,,,,,,,,NOT_STARTED,Clean rebuild has not yet reached this feature; see CRM_CLEAN_REBUILD_REGISTER.md tranche plan.
F005-UAT-002,F005,CRM-CAP-002,UAT,AFFECTS_UI_STATE,,,,,,,,,NOT_STARTED,Clean rebuild has not yet reached this feature; see CRM_CLEAN_REBUILD_REGISTER.md tranche plan.
F006-CAP-001,F006,CRM-CAP-002,CAP,NO_DIRECT_UI,,,,,,,,,NOT_STARTED,Clean rebuild has not yet reached this feature; see CRM_CLEAN_REBUILD_REGISTER.md tranche plan.
F006-CAP-002,F006,CRM-CAP-002,CAP,NO_DIRECT_UI,,,,,,,,,NOT_STARTED,Clean rebuild has not yet reached this feature; see CRM_CLEAN_REBUILD_REGISTER.md tranche plan.
F006-CAP-003,F006,CRM-CAP-002,CAP,NO_DIRECT_UI,,,,,,,,,NOT_STARTED,Clean rebuild has not yet reached this feature; see CRM_CLEAN_REBUILD_REGISTER.md tranche plan.
F006-FR-001,F006,CRM-CAP-002,FR,AFFECTS_UI_STATE,,,,,,,,,NOT_STARTED,Clean rebuild has not yet reached this feature; see CRM_CLEAN_REBUILD_REGISTER.md tranche plan.
F006-FR-002,F006,CRM-CAP-002,FR,AFFECTS_UI_STATE,,,,,,,,,NOT_STARTED,Clean rebuild has not yet reached this feature; see CRM_CLEAN_REBUILD_REGISTER.md tranche plan.
F006-FR-003,F006,CRM-CAP-002,FR,AFFECTS_UI_STATE,,,,,,,,,NOT_STARTED,Clean rebuild has not yet reached this feature; see CRM_CLEAN_REBUILD_REGISTER.md tranche plan.
F006-US-001,F006,CRM-CAP-002,US,DIRECT_UI,,,,,,,,,NOT_STARTED,Clean rebuild has not yet reached this feature; see CRM_CLEAN_REBUILD_REGISTER.md tranche plan.
F006-US-002,F006,CRM-CAP-002,US,DIRECT_UI,,,,,,,,,NOT_STARTED,Clean rebuild has not yet reached this feature; see CRM_CLEAN_REBUILD_REGISTER.md tranche plan.
F006-FLOW-001,F006,CRM-CAP-002,FLOW,AFFECTS_UI_STATE,,,,,,,,,NOT_STARTED,Clean rebuild has not yet reached this feature; see CRM_CLEAN_REBUILD_REGISTER.md tranche plan.
F006-FLOW-002,F006,CRM-CAP-002,FLOW,AFFECTS_UI_STATE,,,,,,,,,NOT_STARTED,Clean rebuild has not yet reached this feature; see CRM_CLEAN_REBUILD_REGISTER.md tranche plan.
F006-BR-001,F006,CRM-CAP-002,BR,NO_DIRECT_UI,,,,,,,,,NOT_STARTED,Clean rebuild has not yet reached this feature; see CRM_CLEAN_REBUILD_REGISTER.md tranche plan.
F006-BR-002,F006,CRM-CAP-002,BR,NO_DIRECT_UI,,,,,,,,,NOT_STARTED,Clean rebuild has not yet reached this feature; see CRM_CLEAN_REBUILD_REGISTER.md tranche plan.
F006-DATA-001,F006,CRM-CAP-002,DATA,NO_DIRECT_UI,,,,,,,,,NOT_STARTED,Clean rebuild has not yet reached this feature; see CRM_CLEAN_REBUILD_REGISTER.md tranche plan.
F006-DATA-002,F006,CRM-CAP-002,DATA,NO_DIRECT_UI,,,,,,,,,NOT_STARTED,Clean rebuild has not yet reached this feature; see CRM_CLEAN_REBUILD_REGISTER.md tranche plan.
F006-VAL-001,F006,CRM-CAP-002,VAL,NO_DIRECT_UI,,,,,,,,,NOT_STARTED,Clean rebuild has not yet reached this feature; see CRM_CLEAN_REBUILD_REGISTER.md tranche plan.
F006-VAL-002,F006,CRM-CAP-002,VAL,NO_DIRECT_UI,,,,,,,,,NOT_STARTED,Clean rebuild has not yet reached this feature; see CRM_CLEAN_REBUILD_REGISTER.md tranche plan.
F006-CALC-001,F006,CRM-CAP-002,CALC,NO_DIRECT_UI,,,,,,,,,NOT_STARTED,Clean rebuild has not yet reached this feature; see CRM_CLEAN_REBUILD_REGISTER.md tranche plan.
F006-UX-001,F006,CRM-CAP-002,UX,DIRECT_UI,,,,,,,,,NOT_STARTED,Clean rebuild has not yet reached this feature; see CRM_CLEAN_REBUILD_REGISTER.md tranche plan.
F006-UX-002,F006,CRM-CAP-002,UX,DIRECT_UI,,,,,,,,,NOT_STARTED,Clean rebuild has not yet reached this feature; see CRM_CLEAN_REBUILD_REGISTER.md tranche plan.
F006-UX-003,F006,CRM-CAP-002,UX,DIRECT_UI,,,,,,,,,NOT_STARTED,Clean rebuild has not yet reached this feature; see CRM_CLEAN_REBUILD_REGISTER.md tranche plan.
F006-SEC-001,F006,CRM-CAP-002,SEC,NO_DIRECT_UI,,,,,,,,,NOT_STARTED,Clean rebuild has not yet reached this feature; see CRM_CLEAN_REBUILD_REGISTER.md tranche plan.
F006-SEC-002,F006,CRM-CAP-002,SEC,NO_DIRECT_UI,,,,,,,,,NOT_STARTED,Clean rebuild has not yet reached this feature; see CRM_CLEAN_REBUILD_REGISTER.md tranche plan.
F006-AUTO-001,F006,CRM-CAP-002,AUTO,NO_DIRECT_UI,,,,,,,,,NOT_STARTED,Clean rebuild has not yet reached this feature; see CRM_CLEAN_REBUILD_REGISTER.md tranche plan.
F006-APP-001,F006,CRM-CAP-002,APP,DIRECT_UI,,,,,,,,,NOT_STARTED,Clean rebuild has not yet reached this feature; see CRM_CLEAN_REBUILD_REGISTER.md tranche plan.
F006-NOTIF-001,F006,CRM-CAP-002,NOTIF,AFFECTS_UI_STATE,,,,,,,,,NOT_STARTED,Clean rebuild has not yet reached this feature; see CRM_CLEAN_REBUILD_REGISTER.md tranche plan.
F006-REP-001,F006,CRM-CAP-002,REP,AFFECTS_UI_STATE,,,,,,,,,NOT_STARTED,Clean rebuild has not yet reached this feature; see CRM_CLEAN_REBUILD_REGISTER.md tranche plan.
F006-AI-001,F006,CRM-CAP-002,AI,NO_DIRECT_UI,,,,,,,,,NOT_STARTED,Clean rebuild has not yet reached this feature; see CRM_CLEAN_REBUILD_REGISTER.md tranche plan.
F006-INT-001,F006,CRM-CAP-002,INT,NO_DIRECT_UI,,,,,,,,,NOT_STARTED,Clean rebuild has not yet reached this feature; see CRM_CLEAN_REBUILD_REGISTER.md tranche plan.
F006-INT-002,F006,CRM-CAP-002,INT,NO_DIRECT_UI,,,,,,,,,NOT_STARTED,Clean rebuild has not yet reached this feature; see CRM_CLEAN_REBUILD_REGISTER.md tranche plan.
F006-API-001,F006,CRM-CAP-002,API,NO_DIRECT_UI,,,,,,,,,NOT_STARTED,Clean rebuild has not yet reached this feature; see CRM_CLEAN_REBUILD_REGISTER.md tranche plan.
F006-API-002,F006,CRM-CAP-002,API,NO_DIRECT_UI,,,,,,,,,NOT_STARTED,Clean rebuild has not yet reached this feature; see CRM_CLEAN_REBUILD_REGISTER.md tranche plan.
F006-PERF-001,F006,CRM-CAP-002,PERF,NO_DIRECT_UI,,,,,,,,,NOT_STARTED,Clean rebuild has not yet reached this feature; see CRM_CLEAN_REBUILD_REGISTER.md tranche plan.
F006-OBS-001,F006,CRM-CAP-002,OBS,NO_DIRECT_UI,,,,,,,,,NOT_STARTED,Clean rebuild has not yet reached this feature; see CRM_CLEAN_REBUILD_REGISTER.md tranche plan.
F006-E2E-001,F006,CRM-CAP-002,E2E,AFFECTS_UI_STATE,,,,,,,,,NOT_STARTED,Clean rebuild has not yet reached this feature; see CRM_CLEAN_REBUILD_REGISTER.md tranche plan.
F006-E2E-002,F006,CRM-CAP-002,E2E,AFFECTS_UI_STATE,,,,,,,,,NOT_STARTED,Clean rebuild has not yet reached this feature; see CRM_CLEAN_REBUILD_REGISTER.md tranche plan.
F006-UAT-001,F006,CRM-CAP-002,UAT,AFFECTS_UI_STATE,,,,,,,,,NOT_STARTED,Clean rebuild has not yet reached this feature; see CRM_CLEAN_REBUILD_REGISTER.md tranche plan.
F006-UAT-002,F006,CRM-CAP-002,UAT,AFFECTS_UI_STATE,,,,,,,,,NOT_STARTED,Clean rebuild has not yet reached this feature; see CRM_CLEAN_REBUILD_REGISTER.md tranche plan.
F007-CAP-001,F007,CRM-CAP-002,CAP,NO_DIRECT_UI,,,,,,,,,NOT_STARTED,Clean rebuild has not yet reached this feature; see CRM_CLEAN_REBUILD_REGISTER.md tranche plan.
F007-CAP-002,F007,CRM-CAP-002,CAP,NO_DIRECT_UI,,,,,,,,,NOT_STARTED,Clean rebuild has not yet reached this feature; see CRM_CLEAN_REBUILD_REGISTER.md tranche plan.
F007-CAP-003,F007,CRM-CAP-002,CAP,NO_DIRECT_UI,,,,,,,,,NOT_STARTED,Clean rebuild has not yet reached this feature; see CRM_CLEAN_REBUILD_REGISTER.md tranche plan.
F007-FR-001,F007,CRM-CAP-002,FR,AFFECTS_UI_STATE,,,,,,,,,NOT_STARTED,Clean rebuild has not yet reached this feature; see CRM_CLEAN_REBUILD_REGISTER.md tranche plan.
F007-FR-002,F007,CRM-CAP-002,FR,AFFECTS_UI_STATE,,,,,,,,,NOT_STARTED,Clean rebuild has not yet reached this feature; see CRM_CLEAN_REBUILD_REGISTER.md tranche plan.
F007-FR-003,F007,CRM-CAP-002,FR,AFFECTS_UI_STATE,,,,,,,,,NOT_STARTED,Clean rebuild has not yet reached this feature; see CRM_CLEAN_REBUILD_REGISTER.md tranche plan.
F007-US-001,F007,CRM-CAP-002,US,DIRECT_UI,,,,,,,,,NOT_STARTED,Clean rebuild has not yet reached this feature; see CRM_CLEAN_REBUILD_REGISTER.md tranche plan.
F007-US-002,F007,CRM-CAP-002,US,DIRECT_UI,,,,,,,,,NOT_STARTED,Clean rebuild has not yet reached this feature; see CRM_CLEAN_REBUILD_REGISTER.md tranche plan.
F007-FLOW-001,F007,CRM-CAP-002,FLOW,AFFECTS_UI_STATE,,,,,,,,,NOT_STARTED,Clean rebuild has not yet reached this feature; see CRM_CLEAN_REBUILD_REGISTER.md tranche plan.
F007-FLOW-002,F007,CRM-CAP-002,FLOW,AFFECTS_UI_STATE,,,,,,,,,NOT_STARTED,Clean rebuild has not yet reached this feature; see CRM_CLEAN_REBUILD_REGISTER.md tranche plan.
F007-BR-001,F007,CRM-CAP-002,BR,NO_DIRECT_UI,,,,,,,,,NOT_STARTED,Clean rebuild has not yet reached this feature; see CRM_CLEAN_REBUILD_REGISTER.md tranche plan.
F007-BR-002,F007,CRM-CAP-002,BR,NO_DIRECT_UI,,,,,,,,,NOT_STARTED,Clean rebuild has not yet reached this feature; see CRM_CLEAN_REBUILD_REGISTER.md tranche plan.
F007-DATA-001,F007,CRM-CAP-002,DATA,NO_DIRECT_UI,,,,,,,,,NOT_STARTED,Clean rebuild has not yet reached this feature; see CRM_CLEAN_REBUILD_REGISTER.md tranche plan.
F007-DATA-002,F007,CRM-CAP-002,DATA,NO_DIRECT_UI,,,,,,,,,NOT_STARTED,Clean rebuild has not yet reached this feature; see CRM_CLEAN_REBUILD_REGISTER.md tranche plan.
F007-VAL-001,F007,CRM-CAP-002,VAL,NO_DIRECT_UI,,,,,,,,,NOT_STARTED,Clean rebuild has not yet reached this feature; see CRM_CLEAN_REBUILD_REGISTER.md tranche plan.
F007-VAL-002,F007,CRM-CAP-002,VAL,NO_DIRECT_UI,,,,,,,,,NOT_STARTED,Clean rebuild has not yet reached this feature; see CRM_CLEAN_REBUILD_REGISTER.md tranche plan.
F007-CALC-001,F007,CRM-CAP-002,CALC,NO_DIRECT_UI,,,,,,,,,NOT_STARTED,Clean rebuild has not yet reached this feature; see CRM_CLEAN_REBUILD_REGISTER.md tranche plan.
F007-UX-001,F007,CRM-CAP-002,UX,DIRECT_UI,,,,,,,,,NOT_STARTED,Clean rebuild has not yet reached this feature; see CRM_CLEAN_REBUILD_REGISTER.md tranche plan.
F007-UX-002,F007,CRM-CAP-002,UX,DIRECT_UI,,,,,,,,,NOT_STARTED,Clean rebuild has not yet reached this feature; see CRM_CLEAN_REBUILD_REGISTER.md tranche plan.
F007-UX-003,F007,CRM-CAP-002,UX,DIRECT_UI,,,,,,,,,NOT_STARTED,Clean rebuild has not yet reached this feature; see CRM_CLEAN_REBUILD_REGISTER.md tranche plan.
F007-SEC-001,F007,CRM-CAP-002,SEC,NO_DIRECT_UI,,,,,,,,,NOT_STARTED,Clean rebuild has not yet reached this feature; see CRM_CLEAN_REBUILD_REGISTER.md tranche plan.
F007-SEC-002,F007,CRM-CAP-002,SEC,NO_DIRECT_UI,,,,,,,,,NOT_STARTED,Clean rebuild has not yet reached this feature; see CRM_CLEAN_REBUILD_REGISTER.md tranche plan.
F007-AUTO-001,F007,CRM-CAP-002,AUTO,NO_DIRECT_UI,,,,,,,,,NOT_STARTED,Clean rebuild has not yet reached this feature; see CRM_CLEAN_REBUILD_REGISTER.md tranche plan.
F007-APP-001,F007,CRM-CAP-002,APP,DIRECT_UI,,,,,,,,,NOT_STARTED,Clean rebuild has not yet reached this feature; see CRM_CLEAN_REBUILD_REGISTER.md tranche plan.
F007-NOTIF-001,F007,CRM-CAP-002,NOTIF,AFFECTS_UI_STATE,,,,,,,,,NOT_STARTED,Clean rebuild has not yet reached this feature; see CRM_CLEAN_REBUILD_REGISTER.md tranche plan.
F007-REP-001,F007,CRM-CAP-002,REP,AFFECTS_UI_STATE,,,,,,,,,NOT_STARTED,Clean rebuild has not yet reached this feature; see CRM_CLEAN_REBUILD_REGISTER.md tranche plan.
F007-AI-001,F007,CRM-CAP-002,AI,NO_DIRECT_UI,,,,,,,,,NOT_STARTED,Clean rebuild has not yet reached this feature; see CRM_CLEAN_REBUILD_REGISTER.md tranche plan.
F007-INT-001,F007,CRM-CAP-002,INT,NO_DIRECT_UI,,,,,,,,,NOT_STARTED,Clean rebuild has not yet reached this feature; see CRM_CLEAN_REBUILD_REGISTER.md tranche plan.
F007-INT-002,F007,CRM-CAP-002,INT,NO_DIRECT_UI,,,,,,,,,NOT_STARTED,Clean rebuild has not yet reached this feature; see CRM_CLEAN_REBUILD_REGISTER.md tranche plan.
F007-API-001,F007,CRM-CAP-002,API,NO_DIRECT_UI,,,,,,,,,NOT_STARTED,Clean rebuild has not yet reached this feature; see CRM_CLEAN_REBUILD_REGISTER.md tranche plan.
F007-API-002,F007,CRM-CAP-002,API,NO_DIRECT_UI,,,,,,,,,NOT_STARTED,Clean rebuild has not yet reached this feature; see CRM_CLEAN_REBUILD_REGISTER.md tranche plan.
F007-PERF-001,F007,CRM-CAP-002,PERF,NO_DIRECT_UI,,,,,,,,,NOT_STARTED,Clean rebuild has not yet reached this feature; see CRM_CLEAN_REBUILD_REGISTER.md tranche plan.
F007-OBS-001,F007,CRM-CAP-002,OBS,NO_DIRECT_UI,,,,,,,,,NOT_STARTED,Clean rebuild has not yet reached this feature; see CRM_CLEAN_REBUILD_REGISTER.md tranche plan.
F007-E2E-001,F007,CRM-CAP-002,E2E,AFFECTS_UI_STATE,,,,,,,,,NOT_STARTED,Clean rebuild has not yet reached this feature; see CRM_CLEAN_REBUILD_REGISTER.md tranche plan.
F007-E2E-002,F007,CRM-CAP-002,E2E,AFFECTS_UI_STATE,,,,,,,,,NOT_STARTED,Clean rebuild has not yet reached this feature; see CRM_CLEAN_REBUILD_REGISTER.md tranche plan.
F007-UAT-001,F007,CRM-CAP-002,UAT,AFFECTS_UI_STATE,,,,,,,,,NOT_STARTED,Clean rebuild has not yet reached this feature; see CRM_CLEAN_REBUILD_REGISTER.md tranche plan.
F007-UAT-002,F007,CRM-CAP-002,UAT,AFFECTS_UI_STATE,,,,,,,,,NOT_STARTED,Clean rebuild has not yet reached this feature; see CRM_CLEAN_REBUILD_REGISTER.md tranche plan.
F008-CAP-001,F008,CRM-CAP-001,CAP,NO_DIRECT_UI,,,,,,,,,NOT_STARTED,Clean rebuild has not yet reached this feature; see CRM_CLEAN_REBUILD_REGISTER.md tranche plan.
F008-CAP-002,F008,CRM-CAP-001,CAP,NO_DIRECT_UI,,,,,,,,,NOT_STARTED,Clean rebuild has not yet reached this feature; see CRM_CLEAN_REBUILD_REGISTER.md tranche plan.
F008-CAP-003,F008,CRM-CAP-001,CAP,NO_DIRECT_UI,,,,,,,,,NOT_STARTED,Clean rebuild has not yet reached this feature; see CRM_CLEAN_REBUILD_REGISTER.md tranche plan.
F008-FR-001,F008,CRM-CAP-001,FR,AFFECTS_UI_STATE,,,,,,,,,NOT_STARTED,Clean rebuild has not yet reached this feature; see CRM_CLEAN_REBUILD_REGISTER.md tranche plan.
F008-FR-002,F008,CRM-CAP-001,FR,AFFECTS_UI_STATE,,,,,,,,,NOT_STARTED,Clean rebuild has not yet reached this feature; see CRM_CLEAN_REBUILD_REGISTER.md tranche plan.
F008-FR-003,F008,CRM-CAP-001,FR,AFFECTS_UI_STATE,,,,,,,,,NOT_STARTED,Clean rebuild has not yet reached this feature; see CRM_CLEAN_REBUILD_REGISTER.md tranche plan.
F008-US-001,F008,CRM-CAP-001,US,DIRECT_UI,,,,,,,,,NOT_STARTED,Clean rebuild has not yet reached this feature; see CRM_CLEAN_REBUILD_REGISTER.md tranche plan.
F008-US-002,F008,CRM-CAP-001,US,DIRECT_UI,,,,,,,,,NOT_STARTED,Clean rebuild has not yet reached this feature; see CRM_CLEAN_REBUILD_REGISTER.md tranche plan.
F008-FLOW-001,F008,CRM-CAP-001,FLOW,AFFECTS_UI_STATE,,,,,,,,,NOT_STARTED,Clean rebuild has not yet reached this feature; see CRM_CLEAN_REBUILD_REGISTER.md tranche plan.
F008-FLOW-002,F008,CRM-CAP-001,FLOW,AFFECTS_UI_STATE,,,,,,,,,NOT_STARTED,Clean rebuild has not yet reached this feature; see CRM_CLEAN_REBUILD_REGISTER.md tranche plan.
F008-BR-001,F008,CRM-CAP-001,BR,NO_DIRECT_UI,,,,,,,,,NOT_STARTED,Clean rebuild has not yet reached this feature; see CRM_CLEAN_REBUILD_REGISTER.md tranche plan.
F008-BR-002,F008,CRM-CAP-001,BR,NO_DIRECT_UI,,,,,,,,,NOT_STARTED,Clean rebuild has not yet reached this feature; see CRM_CLEAN_REBUILD_REGISTER.md tranche plan.
F008-DATA-001,F008,CRM-CAP-001,DATA,NO_DIRECT_UI,,,,,,,,,NOT_STARTED,Clean rebuild has not yet reached this feature; see CRM_CLEAN_REBUILD_REGISTER.md tranche plan.
F008-DATA-002,F008,CRM-CAP-001,DATA,NO_DIRECT_UI,,,,,,,,,NOT_STARTED,Clean rebuild has not yet reached this feature; see CRM_CLEAN_REBUILD_REGISTER.md tranche plan.
F008-VAL-001,F008,CRM-CAP-001,VAL,NO_DIRECT_UI,,,,,,,,,NOT_STARTED,Clean rebuild has not yet reached this feature; see CRM_CLEAN_REBUILD_REGISTER.md tranche plan.
F008-VAL-002,F008,CRM-CAP-001,VAL,NO_DIRECT_UI,,,,,,,,,NOT_STARTED,Clean rebuild has not yet reached this feature; see CRM_CLEAN_REBUILD_REGISTER.md tranche plan.
F008-CALC-001,F008,CRM-CAP-001,CALC,NO_DIRECT_UI,,,,,,,,,NOT_STARTED,Clean rebuild has not yet reached this feature; see CRM_CLEAN_REBUILD_REGISTER.md tranche plan.
F008-UX-001,F008,CRM-CAP-001,UX,DIRECT_UI,,,,,,,,,NOT_STARTED,Clean rebuild has not yet reached this feature; see CRM_CLEAN_REBUILD_REGISTER.md tranche plan.
F008-UX-002,F008,CRM-CAP-001,UX,DIRECT_UI,,,,,,,,,NOT_STARTED,Clean rebuild has not yet reached this feature; see CRM_CLEAN_REBUILD_REGISTER.md tranche plan.
F008-UX-003,F008,CRM-CAP-001,UX,DIRECT_UI,,,,,,,,,NOT_STARTED,Clean rebuild has not yet reached this feature; see CRM_CLEAN_REBUILD_REGISTER.md tranche plan.
F008-SEC-001,F008,CRM-CAP-001,SEC,NO_DIRECT_UI,,,,,,,,,NOT_STARTED,Clean rebuild has not yet reached this feature; see CRM_CLEAN_REBUILD_REGISTER.md tranche plan.
F008-SEC-002,F008,CRM-CAP-001,SEC,NO_DIRECT_UI,,,,,,,,,NOT_STARTED,Clean rebuild has not yet reached this feature; see CRM_CLEAN_REBUILD_REGISTER.md tranche plan.
F008-AUTO-001,F008,CRM-CAP-001,AUTO,NO_DIRECT_UI,,,,,,,,,NOT_STARTED,Clean rebuild has not yet reached this feature; see CRM_CLEAN_REBUILD_REGISTER.md tranche plan.
F008-APP-001,F008,CRM-CAP-001,APP,DIRECT_UI,,,,,,,,,NOT_STARTED,Clean rebuild has not yet reached this feature; see CRM_CLEAN_REBUILD_REGISTER.md tranche plan.
F008-NOTIF-001,F008,CRM-CAP-001,NOTIF,AFFECTS_UI_STATE,,,,,,,,,NOT_STARTED,Clean rebuild has not yet reached this feature; see CRM_CLEAN_REBUILD_REGISTER.md tranche plan.
F008-REP-001,F008,CRM-CAP-001,REP,AFFECTS_UI_STATE,,,,,,,,,NOT_STARTED,Clean rebuild has not yet reached this feature; see CRM_CLEAN_REBUILD_REGISTER.md tranche plan.
F008-AI-001,F008,CRM-CAP-001,AI,NO_DIRECT_UI,,,,,,,,,NOT_STARTED,Clean rebuild has not yet reached this feature; see CRM_CLEAN_REBUILD_REGISTER.md tranche plan.
F008-INT-001,F008,CRM-CAP-001,INT,NO_DIRECT_UI,,,,,,,,,NOT_STARTED,Clean rebuild has not yet reached this feature; see CRM_CLEAN_REBUILD_REGISTER.md tranche plan.
F008-INT-002,F008,CRM-CAP-001,INT,NO_DIRECT_UI,,,,,,,,,NOT_STARTED,Clean rebuild has not yet reached this feature; see CRM_CLEAN_REBUILD_REGISTER.md tranche plan.
F008-API-001,F008,CRM-CAP-001,API,NO_DIRECT_UI,,,,,,,,,NOT_STARTED,Clean rebuild has not yet reached this feature; see CRM_CLEAN_REBUILD_REGISTER.md tranche plan.
F008-API-002,F008,CRM-CAP-001,API,NO_DIRECT_UI,,,,,,,,,NOT_STARTED,Clean rebuild has not yet reached this feature; see CRM_CLEAN_REBUILD_REGISTER.md tranche plan.
F008-PERF-001,F008,CRM-CAP-001,PERF,NO_DIRECT_UI,,,,,,,,,NOT_STARTED,Clean rebuild has not yet reached this feature; see CRM_CLEAN_REBUILD_REGISTER.md tranche plan.
F008-OBS-001,F008,CRM-CAP-001,OBS,NO_DIRECT_UI,,,,,,,,,NOT_STARTED,Clean rebuild has not yet reached this feature; see CRM_CLEAN_REBUILD_REGISTER.md tranche plan.
F008-E2E-001,F008,CRM-CAP-001,E2E,AFFECTS_UI_STATE,,,,,,,,,NOT_STARTED,Clean rebuild has not yet reached this feature; see CRM_CLEAN_REBUILD_REGISTER.md tranche plan.
F008-E2E-002,F008,CRM-CAP-001,E2E,AFFECTS_UI_STATE,,,,,,,,,NOT_STARTED,Clean rebuild has not yet reached this feature; see CRM_CLEAN_REBUILD_REGISTER.md tranche plan.
F008-UAT-001,F008,CRM-CAP-001,UAT,AFFECTS_UI_STATE,,,,,,,,,NOT_STARTED,Clean rebuild has not yet reached this feature; see CRM_CLEAN_REBUILD_REGISTER.md tranche plan.
F008-UAT-002,F008,CRM-CAP-001,UAT,AFFECTS_UI_STATE,,,,,,,,,NOT_STARTED,Clean rebuild has not yet reached this feature; see CRM_CLEAN_REBUILD_REGISTER.md tranche plan.
F009-CAP-001,F009,CRM-CAP-003,CAP,NO_DIRECT_UI,,,,,,,,,NOT_STARTED,Clean rebuild has not yet reached this feature; see CRM_CLEAN_REBUILD_REGISTER.md tranche plan.
F009-CAP-002,F009,CRM-CAP-003,CAP,NO_DIRECT_UI,,,,,,,,,NOT_STARTED,Clean rebuild has not yet reached this feature; see CRM_CLEAN_REBUILD_REGISTER.md tranche plan.
F009-CAP-003,F009,CRM-CAP-003,CAP,NO_DIRECT_UI,,,,,,,,,NOT_STARTED,Clean rebuild has not yet reached this feature; see CRM_CLEAN_REBUILD_REGISTER.md tranche plan.
F009-FR-001,F009,CRM-CAP-003,FR,AFFECTS_UI_STATE,,,,,,,,,NOT_STARTED,Clean rebuild has not yet reached this feature; see CRM_CLEAN_REBUILD_REGISTER.md tranche plan.
F009-FR-002,F009,CRM-CAP-003,FR,AFFECTS_UI_STATE,,,,,,,,,NOT_STARTED,Clean rebuild has not yet reached this feature; see CRM_CLEAN_REBUILD_REGISTER.md tranche plan.
F009-FR-003,F009,CRM-CAP-003,FR,AFFECTS_UI_STATE,,,,,,,,,NOT_STARTED,Clean rebuild has not yet reached this feature; see CRM_CLEAN_REBUILD_REGISTER.md tranche plan.
F009-US-001,F009,CRM-CAP-003,US,DIRECT_UI,,,,,,,,,NOT_STARTED,Clean rebuild has not yet reached this feature; see CRM_CLEAN_REBUILD_REGISTER.md tranche plan.
F009-US-002,F009,CRM-CAP-003,US,DIRECT_UI,,,,,,,,,NOT_STARTED,Clean rebuild has not yet reached this feature; see CRM_CLEAN_REBUILD_REGISTER.md tranche plan.
F009-FLOW-001,F009,CRM-CAP-003,FLOW,AFFECTS_UI_STATE,,,,,,,,,NOT_STARTED,Clean rebuild has not yet reached this feature; see CRM_CLEAN_REBUILD_REGISTER.md tranche plan.
F009-FLOW-002,F009,CRM-CAP-003,FLOW,AFFECTS_UI_STATE,,,,,,,,,NOT_STARTED,Clean rebuild has not yet reached this feature; see CRM_CLEAN_REBUILD_REGISTER.md tranche plan.
F009-BR-001,F009,CRM-CAP-003,BR,NO_DIRECT_UI,,,,,,,,,NOT_STARTED,Clean rebuild has not yet reached this feature; see CRM_CLEAN_REBUILD_REGISTER.md tranche plan.
F009-BR-002,F009,CRM-CAP-003,BR,NO_DIRECT_UI,,,,,,,,,NOT_STARTED,Clean rebuild has not yet reached this feature; see CRM_CLEAN_REBUILD_REGISTER.md tranche plan.
F009-DATA-001,F009,CRM-CAP-003,DATA,NO_DIRECT_UI,,,,,,,,,NOT_STARTED,Clean rebuild has not yet reached this feature; see CRM_CLEAN_REBUILD_REGISTER.md tranche plan.
F009-DATA-002,F009,CRM-CAP-003,DATA,NO_DIRECT_UI,,,,,,,,,NOT_STARTED,Clean rebuild has not yet reached this feature; see CRM_CLEAN_REBUILD_REGISTER.md tranche plan.
F009-VAL-001,F009,CRM-CAP-003,VAL,NO_DIRECT_UI,,,,,,,,,NOT_STARTED,Clean rebuild has not yet reached this feature; see CRM_CLEAN_REBUILD_REGISTER.md tranche plan.
F009-VAL-002,F009,CRM-CAP-003,VAL,NO_DIRECT_UI,,,,,,,,,NOT_STARTED,Clean rebuild has not yet reached this feature; see CRM_CLEAN_REBUILD_REGISTER.md tranche plan.
F009-CALC-001,F009,CRM-CAP-003,CALC,NO_DIRECT_UI,,,,,,,,,NOT_STARTED,Clean rebuild has not yet reached this feature; see CRM_CLEAN_REBUILD_REGISTER.md tranche plan.
F009-UX-001,F009,CRM-CAP-003,UX,DIRECT_UI,,,,,,,,,NOT_STARTED,Clean rebuild has not yet reached this feature; see CRM_CLEAN_REBUILD_REGISTER.md tranche plan.
F009-UX-002,F009,CRM-CAP-003,UX,DIRECT_UI,,,,,,,,,NOT_STARTED,Clean rebuild has not yet reached this feature; see CRM_CLEAN_REBUILD_REGISTER.md tranche plan.
F009-UX-003,F009,CRM-CAP-003,UX,DIRECT_UI,,,,,,,,,NOT_STARTED,Clean rebuild has not yet reached this feature; see CRM_CLEAN_REBUILD_REGISTER.md tranche plan.
F009-SEC-001,F009,CRM-CAP-003,SEC,NO_DIRECT_UI,,,,,,,,,NOT_STARTED,Clean rebuild has not yet reached this feature; see CRM_CLEAN_REBUILD_REGISTER.md tranche plan.
F009-SEC-002,F009,CRM-CAP-003,SEC,NO_DIRECT_UI,,,,,,,,,NOT_STARTED,Clean rebuild has not yet reached this feature; see CRM_CLEAN_REBUILD_REGISTER.md tranche plan.
F009-AUTO-001,F009,CRM-CAP-003,AUTO,NO_DIRECT_UI,,,,,,,,,NOT_STARTED,Clean rebuild has not yet reached this feature; see CRM_CLEAN_REBUILD_REGISTER.md tranche plan.
F009-APP-001,F009,CRM-CAP-003,APP,DIRECT_UI,,,,,,,,,NOT_STARTED,Clean rebuild has not yet reached this feature; see CRM_CLEAN_REBUILD_REGISTER.md tranche plan.
F009-NOTIF-001,F009,CRM-CAP-003,NOTIF,AFFECTS_UI_STATE,,,,,,,,,NOT_STARTED,Clean rebuild has not yet reached this feature; see CRM_CLEAN_REBUILD_REGISTER.md tranche plan.
F009-REP-001,F009,CRM-CAP-003,REP,AFFECTS_UI_STATE,,,,,,,,,NOT_STARTED,Clean rebuild has not yet reached this feature; see CRM_CLEAN_REBUILD_REGISTER.md tranche plan.
F009-AI-001,F009,CRM-CAP-003,AI,NO_DIRECT_UI,,,,,,,,,NOT_STARTED,Clean rebuild has not yet reached this feature; see CRM_CLEAN_REBUILD_REGISTER.md tranche plan.
F009-INT-001,F009,CRM-CAP-003,INT,NO_DIRECT_UI,,,,,,,,,NOT_STARTED,Clean rebuild has not yet reached this feature; see CRM_CLEAN_REBUILD_REGISTER.md tranche plan.
F009-INT-002,F009,CRM-CAP-003,INT,NO_DIRECT_UI,,,,,,,,,NOT_STARTED,Clean rebuild has not yet reached this feature; see CRM_CLEAN_REBUILD_REGISTER.md tranche plan.
F009-API-001,F009,CRM-CAP-003,API,NO_DIRECT_UI,,,,,,,,,NOT_STARTED,Clean rebuild has not yet reached this feature; see CRM_CLEAN_REBUILD_REGISTER.md tranche plan.
F009-API-002,F009,CRM-CAP-003,API,NO_DIRECT_UI,,,,,,,,,NOT_STARTED,Clean rebuild has not yet reached this feature; see CRM_CLEAN_REBUILD_REGISTER.md tranche plan.
F009-PERF-001,F009,CRM-CAP-003,PERF,NO_DIRECT_UI,,,,,,,,,NOT_STARTED,Clean rebuild has not yet reached this feature; see CRM_CLEAN_REBUILD_REGISTER.md tranche plan.
F009-OBS-001,F009,CRM-CAP-003,OBS,NO_DIRECT_UI,,,,,,,,,NOT_STARTED,Clean rebuild has not yet reached this feature; see CRM_CLEAN_REBUILD_REGISTER.md tranche plan.
F009-E2E-001,F009,CRM-CAP-003,E2E,AFFECTS_UI_STATE,,,,,,,,,NOT_STARTED,Clean rebuild has not yet reached this feature; see CRM_CLEAN_REBUILD_REGISTER.md tranche plan.
F009-E2E-002,F009,CRM-CAP-003,E2E,AFFECTS_UI_STATE,,,,,,,,,NOT_STARTED,Clean rebuild has not yet reached this feature; see CRM_CLEAN_REBUILD_REGISTER.md tranche plan.
F009-UAT-001,F009,CRM-CAP-003,UAT,AFFECTS_UI_STATE,,,,,,,,,NOT_STARTED,Clean rebuild has not yet reached this feature; see CRM_CLEAN_REBUILD_REGISTER.md tranche plan.
F009-UAT-002,F009,CRM-CAP-003,UAT,AFFECTS_UI_STATE,,,,,,,,,NOT_STARTED,Clean rebuild has not yet reached this feature; see CRM_CLEAN_REBUILD_REGISTER.md tranche plan.
F010-CAP-001,F010,CRM-CAP-003,CAP,NO_DIRECT_UI,,,,,,,,,NOT_STARTED,Clean rebuild has not yet reached this feature; see CRM_CLEAN_REBUILD_REGISTER.md tranche plan.
F010-CAP-002,F010,CRM-CAP-003,CAP,NO_DIRECT_UI,,,,,,,,,NOT_STARTED,Clean rebuild has not yet reached this feature; see CRM_CLEAN_REBUILD_REGISTER.md tranche plan.
F010-CAP-003,F010,CRM-CAP-003,CAP,NO_DIRECT_UI,,,,,,,,,NOT_STARTED,Clean rebuild has not yet reached this feature; see CRM_CLEAN_REBUILD_REGISTER.md tranche plan.
F010-FR-001,F010,CRM-CAP-003,FR,AFFECTS_UI_STATE,,,,,,,,,NOT_STARTED,Clean rebuild has not yet reached this feature; see CRM_CLEAN_REBUILD_REGISTER.md tranche plan.
F010-FR-002,F010,CRM-CAP-003,FR,AFFECTS_UI_STATE,,,,,,,,,NOT_STARTED,Clean rebuild has not yet reached this feature; see CRM_CLEAN_REBUILD_REGISTER.md tranche plan.
F010-FR-003,F010,CRM-CAP-003,FR,AFFECTS_UI_STATE,,,,,,,,,NOT_STARTED,Clean rebuild has not yet reached this feature; see CRM_CLEAN_REBUILD_REGISTER.md tranche plan.
F010-US-001,F010,CRM-CAP-003,US,DIRECT_UI,,,,,,,,,NOT_STARTED,Clean rebuild has not yet reached this feature; see CRM_CLEAN_REBUILD_REGISTER.md tranche plan.
F010-US-002,F010,CRM-CAP-003,US,DIRECT_UI,,,,,,,,,NOT_STARTED,Clean rebuild has not yet reached this feature; see CRM_CLEAN_REBUILD_REGISTER.md tranche plan.
F010-FLOW-001,F010,CRM-CAP-003,FLOW,AFFECTS_UI_STATE,,,,,,,,,NOT_STARTED,Clean rebuild has not yet reached this feature; see CRM_CLEAN_REBUILD_REGISTER.md tranche plan.
F010-FLOW-002,F010,CRM-CAP-003,FLOW,AFFECTS_UI_STATE,,,,,,,,,NOT_STARTED,Clean rebuild has not yet reached this feature; see CRM_CLEAN_REBUILD_REGISTER.md tranche plan.
F010-BR-001,F010,CRM-CAP-003,BR,NO_DIRECT_UI,,,,,,,,,NOT_STARTED,Clean rebuild has not yet reached this feature; see CRM_CLEAN_REBUILD_REGISTER.md tranche plan.
F010-BR-002,F010,CRM-CAP-003,BR,NO_DIRECT_UI,,,,,,,,,NOT_STARTED,Clean rebuild has not yet reached this feature; see CRM_CLEAN_REBUILD_REGISTER.md tranche plan.
F010-DATA-001,F010,CRM-CAP-003,DATA,NO_DIRECT_UI,,,,,,,,,NOT_STARTED,Clean rebuild has not yet reached this feature; see CRM_CLEAN_REBUILD_REGISTER.md tranche plan.
F010-DATA-002,F010,CRM-CAP-003,DATA,NO_DIRECT_UI,,,,,,,,,NOT_STARTED,Clean rebuild has not yet reached this feature; see CRM_CLEAN_REBUILD_REGISTER.md tranche plan.
F010-VAL-001,F010,CRM-CAP-003,VAL,NO_DIRECT_UI,,,,,,,,,NOT_STARTED,Clean rebuild has not yet reached this feature; see CRM_CLEAN_REBUILD_REGISTER.md tranche plan.
F010-VAL-002,F010,CRM-CAP-003,VAL,NO_DIRECT_UI,,,,,,,,,NOT_STARTED,Clean rebuild has not yet reached this feature; see CRM_CLEAN_REBUILD_REGISTER.md tranche plan.
F010-CALC-001,F010,CRM-CAP-003,CALC,NO_DIRECT_UI,,,,,,,,,NOT_STARTED,Clean rebuild has not yet reached this feature; see CRM_CLEAN_REBUILD_REGISTER.md tranche plan.
F010-UX-001,F010,CRM-CAP-003,UX,DIRECT_UI,,,,,,,,,NOT_STARTED,Clean rebuild has not yet reached this feature; see CRM_CLEAN_REBUILD_REGISTER.md tranche plan.
F010-UX-002,F010,CRM-CAP-003,UX,DIRECT_UI,,,,,,,,,NOT_STARTED,Clean rebuild has not yet reached this feature; see CRM_CLEAN_REBUILD_REGISTER.md tranche plan.
F010-UX-003,F010,CRM-CAP-003,UX,DIRECT_UI,,,,,,,,,NOT_STARTED,Clean rebuild has not yet reached this feature; see CRM_CLEAN_REBUILD_REGISTER.md tranche plan.
F010-SEC-001,F010,CRM-CAP-003,SEC,NO_DIRECT_UI,,,,,,,,,NOT_STARTED,Clean rebuild has not yet reached this feature; see CRM_CLEAN_REBUILD_REGISTER.md tranche plan.
F010-SEC-002,F010,CRM-CAP-003,SEC,NO_DIRECT_UI,,,,,,,,,NOT_STARTED,Clean rebuild has not yet reached this feature; see CRM_CLEAN_REBUILD_REGISTER.md tranche plan.
F010-AUTO-001,F010,CRM-CAP-003,AUTO,NO_DIRECT_UI,,,,,,,,,NOT_STARTED,Clean rebuild has not yet reached this feature; see CRM_CLEAN_REBUILD_REGISTER.md tranche plan.
F010-APP-001,F010,CRM-CAP-003,APP,DIRECT_UI,,,,,,,,,NOT_STARTED,Clean rebuild has not yet reached this feature; see CRM_CLEAN_REBUILD_REGISTER.md tranche plan.
F010-NOTIF-001,F010,CRM-CAP-003,NOTIF,AFFECTS_UI_STATE,,,,,,,,,NOT_STARTED,Clean rebuild has not yet reached this feature; see CRM_CLEAN_REBUILD_REGISTER.md tranche plan.
F010-REP-001,F010,CRM-CAP-003,REP,AFFECTS_UI_STATE,,,,,,,,,NOT_STARTED,Clean rebuild has not yet reached this feature; see CRM_CLEAN_REBUILD_REGISTER.md tranche plan.
F010-AI-001,F010,CRM-CAP-003,AI,NO_DIRECT_UI,,,,,,,,,NOT_STARTED,Clean rebuild has not yet reached this feature; see CRM_CLEAN_REBUILD_REGISTER.md tranche plan.
F010-INT-001,F010,CRM-CAP-003,INT,NO_DIRECT_UI,,,,,,,,,NOT_STARTED,Clean rebuild has not yet reached this feature; see CRM_CLEAN_REBUILD_REGISTER.md tranche plan.
F010-INT-002,F010,CRM-CAP-003,INT,NO_DIRECT_UI,,,,,,,,,NOT_STARTED,Clean rebuild has not yet reached this feature; see CRM_CLEAN_REBUILD_REGISTER.md tranche plan.
F010-API-001,F010,CRM-CAP-003,API,NO_DIRECT_UI,,,,,,,,,NOT_STARTED,Clean rebuild has not yet reached this feature; see CRM_CLEAN_REBUILD_REGISTER.md tranche plan.
F010-API-002,F010,CRM-CAP-003,API,NO_DIRECT_UI,,,,,,,,,NOT_STARTED,Clean rebuild has not yet reached this feature; see CRM_CLEAN_REBUILD_REGISTER.md tranche plan.
F010-PERF-001,F010,CRM-CAP-003,PERF,NO_DIRECT_UI,,,,,,,,,NOT_STARTED,Clean rebuild has not yet reached this feature; see CRM_CLEAN_REBUILD_REGISTER.md tranche plan.
F010-OBS-001,F010,CRM-CAP-003,OBS,NO_DIRECT_UI,,,,,,,,,NOT_STARTED,Clean rebuild has not yet reached this feature; see CRM_CLEAN_REBUILD_REGISTER.md tranche plan.
F010-E2E-001,F010,CRM-CAP-003,E2E,AFFECTS_UI_STATE,,,,,,,,,NOT_STARTED,Clean rebuild has not yet reached this feature; see CRM_CLEAN_REBUILD_REGISTER.md tranche plan.
F010-E2E-002,F010,CRM-CAP-003,E2E,AFFECTS_UI_STATE,,,,,,,,,NOT_STARTED,Clean rebuild has not yet reached this feature; see CRM_CLEAN_REBUILD_REGISTER.md tranche plan.
F010-UAT-001,F010,CRM-CAP-003,UAT,AFFECTS_UI_STATE,,,,,,,,,NOT_STARTED,Clean rebuild has not yet reached this feature; see CRM_CLEAN_REBUILD_REGISTER.md tranche plan.
F010-UAT-002,F010,CRM-CAP-003,UAT,AFFECTS_UI_STATE,,,,,,,,,NOT_STARTED,Clean rebuild has not yet reached this feature; see CRM_CLEAN_REBUILD_REGISTER.md tranche plan.
F011-CAP-001,F011,CRM-CAP-003,CAP,NO_DIRECT_UI,,,,,,,,,NOT_STARTED,Clean rebuild has not yet reached this feature; see CRM_CLEAN_REBUILD_REGISTER.md tranche plan.
F011-CAP-002,F011,CRM-CAP-003,CAP,NO_DIRECT_UI,,,,,,,,,NOT_STARTED,Clean rebuild has not yet reached this feature; see CRM_CLEAN_REBUILD_REGISTER.md tranche plan.
F011-CAP-003,F011,CRM-CAP-003,CAP,NO_DIRECT_UI,,,,,,,,,NOT_STARTED,Clean rebuild has not yet reached this feature; see CRM_CLEAN_REBUILD_REGISTER.md tranche plan.
F011-FR-001,F011,CRM-CAP-003,FR,AFFECTS_UI_STATE,,,,,,,,,NOT_STARTED,Clean rebuild has not yet reached this feature; see CRM_CLEAN_REBUILD_REGISTER.md tranche plan.
F011-FR-002,F011,CRM-CAP-003,FR,AFFECTS_UI_STATE,,,,,,,,,NOT_STARTED,Clean rebuild has not yet reached this feature; see CRM_CLEAN_REBUILD_REGISTER.md tranche plan.
F011-FR-003,F011,CRM-CAP-003,FR,AFFECTS_UI_STATE,,,,,,,,,NOT_STARTED,Clean rebuild has not yet reached this feature; see CRM_CLEAN_REBUILD_REGISTER.md tranche plan.
F011-US-001,F011,CRM-CAP-003,US,DIRECT_UI,,,,,,,,,NOT_STARTED,Clean rebuild has not yet reached this feature; see CRM_CLEAN_REBUILD_REGISTER.md tranche plan.
F011-US-002,F011,CRM-CAP-003,US,DIRECT_UI,,,,,,,,,NOT_STARTED,Clean rebuild has not yet reached this feature; see CRM_CLEAN_REBUILD_REGISTER.md tranche plan.
F011-FLOW-001,F011,CRM-CAP-003,FLOW,AFFECTS_UI_STATE,,,,,,,,,NOT_STARTED,Clean rebuild has not yet reached this feature; see CRM_CLEAN_REBUILD_REGISTER.md tranche plan.
F011-FLOW-002,F011,CRM-CAP-003,FLOW,AFFECTS_UI_STATE,,,,,,,,,NOT_STARTED,Clean rebuild has not yet reached this feature; see CRM_CLEAN_REBUILD_REGISTER.md tranche plan.
F011-BR-001,F011,CRM-CAP-003,BR,NO_DIRECT_UI,,,,,,,,,NOT_STARTED,Clean rebuild has not yet reached this feature; see CRM_CLEAN_REBUILD_REGISTER.md tranche plan.
F011-BR-002,F011,CRM-CAP-003,BR,NO_DIRECT_UI,,,,,,,,,NOT_STARTED,Clean rebuild has not yet reached this feature; see CRM_CLEAN_REBUILD_REGISTER.md tranche plan.
F011-DATA-001,F011,CRM-CAP-003,DATA,NO_DIRECT_UI,,,,,,,,,NOT_STARTED,Clean rebuild has not yet reached this feature; see CRM_CLEAN_REBUILD_REGISTER.md tranche plan.
F011-DATA-002,F011,CRM-CAP-003,DATA,NO_DIRECT_UI,,,,,,,,,NOT_STARTED,Clean rebuild has not yet reached this feature; see CRM_CLEAN_REBUILD_REGISTER.md tranche plan.
F011-VAL-001,F011,CRM-CAP-003,VAL,NO_DIRECT_UI,,,,,,,,,NOT_STARTED,Clean rebuild has not yet reached this feature; see CRM_CLEAN_REBUILD_REGISTER.md tranche plan.
F011-VAL-002,F011,CRM-CAP-003,VAL,NO_DIRECT_UI,,,,,,,,,NOT_STARTED,Clean rebuild has not yet reached this feature; see CRM_CLEAN_REBUILD_REGISTER.md tranche plan.
F011-CALC-001,F011,CRM-CAP-003,CALC,NO_DIRECT_UI,,,,,,,,,NOT_STARTED,Clean rebuild has not yet reached this feature; see CRM_CLEAN_REBUILD_REGISTER.md tranche plan.
F011-UX-001,F011,CRM-CAP-003,UX,DIRECT_UI,,,,,,,,,NOT_STARTED,Clean rebuild has not yet reached this feature; see CRM_CLEAN_REBUILD_REGISTER.md tranche plan.
F011-UX-002,F011,CRM-CAP-003,UX,DIRECT_UI,,,,,,,,,NOT_STARTED,Clean rebuild has not yet reached this feature; see CRM_CLEAN_REBUILD_REGISTER.md tranche plan.
F011-UX-003,F011,CRM-CAP-003,UX,DIRECT_UI,,,,,,,,,NOT_STARTED,Clean rebuild has not yet reached this feature; see CRM_CLEAN_REBUILD_REGISTER.md tranche plan.
F011-SEC-001,F011,CRM-CAP-003,SEC,NO_DIRECT_UI,,,,,,,,,NOT_STARTED,Clean rebuild has not yet reached this feature; see CRM_CLEAN_REBUILD_REGISTER.md tranche plan.
F011-SEC-002,F011,CRM-CAP-003,SEC,NO_DIRECT_UI,,,,,,,,,NOT_STARTED,Clean rebuild has not yet reached this feature; see CRM_CLEAN_REBUILD_REGISTER.md tranche plan.
F011-AUTO-001,F011,CRM-CAP-003,AUTO,NO_DIRECT_UI,,,,,,,,,NOT_STARTED,Clean rebuild has not yet reached this feature; see CRM_CLEAN_REBUILD_REGISTER.md tranche plan.
F011-APP-001,F011,CRM-CAP-003,APP,DIRECT_UI,,,,,,,,,NOT_STARTED,Clean rebuild has not yet reached this feature; see CRM_CLEAN_REBUILD_REGISTER.md tranche plan.
F011-NOTIF-001,F011,CRM-CAP-003,NOTIF,AFFECTS_UI_STATE,,,,,,,,,NOT_STARTED,Clean rebuild has not yet reached this feature; see CRM_CLEAN_REBUILD_REGISTER.md tranche plan.
F011-REP-001,F011,CRM-CAP-003,REP,AFFECTS_UI_STATE,,,,,,,,,NOT_STARTED,Clean rebuild has not yet reached this feature; see CRM_CLEAN_REBUILD_REGISTER.md tranche plan.
F011-AI-001,F011,CRM-CAP-003,AI,NO_DIRECT_UI,,,,,,,,,NOT_STARTED,Clean rebuild has not yet reached this feature; see CRM_CLEAN_REBUILD_REGISTER.md tranche plan.
F011-INT-001,F011,CRM-CAP-003,INT,NO_DIRECT_UI,,,,,,,,,NOT_STARTED,Clean rebuild has not yet reached this feature; see CRM_CLEAN_REBUILD_REGISTER.md tranche plan.
F011-INT-002,F011,CRM-CAP-003,INT,NO_DIRECT_UI,,,,,,,,,NOT_STARTED,Clean rebuild has not yet reached this feature; see CRM_CLEAN_REBUILD_REGISTER.md tranche plan.
F011-API-001,F011,CRM-CAP-003,API,NO_DIRECT_UI,,,,,,,,,NOT_STARTED,Clean rebuild has not yet reached this feature; see CRM_CLEAN_REBUILD_REGISTER.md tranche plan.
F011-API-002,F011,CRM-CAP-003,API,NO_DIRECT_UI,,,,,,,,,NOT_STARTED,Clean rebuild has not yet reached this feature; see CRM_CLEAN_REBUILD_REGISTER.md tranche plan.
F011-PERF-001,F011,CRM-CAP-003,PERF,NO_DIRECT_UI,,,,,,,,,NOT_STARTED,Clean rebuild has not yet reached this feature; see CRM_CLEAN_REBUILD_REGISTER.md tranche plan.
F011-OBS-001,F011,CRM-CAP-003,OBS,NO_DIRECT_UI,,,,,,,,,NOT_STARTED,Clean rebuild has not yet reached this feature; see CRM_CLEAN_REBUILD_REGISTER.md tranche plan.
F011-E2E-001,F011,CRM-CAP-003,E2E,AFFECTS_UI_STATE,,,,,,,,,NOT_STARTED,Clean rebuild has not yet reached this feature; see CRM_CLEAN_REBUILD_REGISTER.md tranche plan.
F011-E2E-002,F011,CRM-CAP-003,E2E,AFFECTS_UI_STATE,,,,,,,,,NOT_STARTED,Clean rebuild has not yet reached this feature; see CRM_CLEAN_REBUILD_REGISTER.md tranche plan.
F011-UAT-001,F011,CRM-CAP-003,UAT,AFFECTS_UI_STATE,,,,,,,,,NOT_STARTED,Clean rebuild has not yet reached this feature; see CRM_CLEAN_REBUILD_REGISTER.md tranche plan.
F011-UAT-002,F011,CRM-CAP-003,UAT,AFFECTS_UI_STATE,,,,,,,,,NOT_STARTED,Clean rebuild has not yet reached this feature; see CRM_CLEAN_REBUILD_REGISTER.md tranche plan.
F012-CAP-001,F012,CRM-CAP-003,CAP,NO_DIRECT_UI,,,,,,,,,NOT_STARTED,Clean rebuild has not yet reached this feature; see CRM_CLEAN_REBUILD_REGISTER.md tranche plan.
F012-CAP-002,F012,CRM-CAP-003,CAP,NO_DIRECT_UI,,,,,,,,,NOT_STARTED,Clean rebuild has not yet reached this feature; see CRM_CLEAN_REBUILD_REGISTER.md tranche plan.
F012-CAP-003,F012,CRM-CAP-003,CAP,NO_DIRECT_UI,,,,,,,,,NOT_STARTED,Clean rebuild has not yet reached this feature; see CRM_CLEAN_REBUILD_REGISTER.md tranche plan.
F012-FR-001,F012,CRM-CAP-003,FR,AFFECTS_UI_STATE,,,,,,,,,NOT_STARTED,Clean rebuild has not yet reached this feature; see CRM_CLEAN_REBUILD_REGISTER.md tranche plan.
F012-FR-002,F012,CRM-CAP-003,FR,AFFECTS_UI_STATE,,,,,,,,,NOT_STARTED,Clean rebuild has not yet reached this feature; see CRM_CLEAN_REBUILD_REGISTER.md tranche plan.
F012-FR-003,F012,CRM-CAP-003,FR,AFFECTS_UI_STATE,,,,,,,,,NOT_STARTED,Clean rebuild has not yet reached this feature; see CRM_CLEAN_REBUILD_REGISTER.md tranche plan.
F012-US-001,F012,CRM-CAP-003,US,DIRECT_UI,,,,,,,,,NOT_STARTED,Clean rebuild has not yet reached this feature; see CRM_CLEAN_REBUILD_REGISTER.md tranche plan.
F012-US-002,F012,CRM-CAP-003,US,DIRECT_UI,,,,,,,,,NOT_STARTED,Clean rebuild has not yet reached this feature; see CRM_CLEAN_REBUILD_REGISTER.md tranche plan.
F012-FLOW-001,F012,CRM-CAP-003,FLOW,AFFECTS_UI_STATE,,,,,,,,,NOT_STARTED,Clean rebuild has not yet reached this feature; see CRM_CLEAN_REBUILD_REGISTER.md tranche plan.
F012-FLOW-002,F012,CRM-CAP-003,FLOW,AFFECTS_UI_STATE,,,,,,,,,NOT_STARTED,Clean rebuild has not yet reached this feature; see CRM_CLEAN_REBUILD_REGISTER.md tranche plan.
F012-BR-001,F012,CRM-CAP-003,BR,NO_DIRECT_UI,,,,,,,,,NOT_STARTED,Clean rebuild has not yet reached this feature; see CRM_CLEAN_REBUILD_REGISTER.md tranche plan.
F012-BR-002,F012,CRM-CAP-003,BR,NO_DIRECT_UI,,,,,,,,,NOT_STARTED,Clean rebuild has not yet reached this feature; see CRM_CLEAN_REBUILD_REGISTER.md tranche plan.
F012-DATA-001,F012,CRM-CAP-003,DATA,NO_DIRECT_UI,,,,,,,,,NOT_STARTED,Clean rebuild has not yet reached this feature; see CRM_CLEAN_REBUILD_REGISTER.md tranche plan.
F012-DATA-002,F012,CRM-CAP-003,DATA,NO_DIRECT_UI,,,,,,,,,NOT_STARTED,Clean rebuild has not yet reached this feature; see CRM_CLEAN_REBUILD_REGISTER.md tranche plan.
F012-VAL-001,F012,CRM-CAP-003,VAL,NO_DIRECT_UI,,,,,,,,,NOT_STARTED,Clean rebuild has not yet reached this feature; see CRM_CLEAN_REBUILD_REGISTER.md tranche plan.
F012-VAL-002,F012,CRM-CAP-003,VAL,NO_DIRECT_UI,,,,,,,,,NOT_STARTED,Clean rebuild has not yet reached this feature; see CRM_CLEAN_REBUILD_REGISTER.md tranche plan.
F012-CALC-001,F012,CRM-CAP-003,CALC,NO_DIRECT_UI,,,,,,,,,NOT_STARTED,Clean rebuild has not yet reached this feature; see CRM_CLEAN_REBUILD_REGISTER.md tranche plan.
F012-UX-001,F012,CRM-CAP-003,UX,DIRECT_UI,,,,,,,,,NOT_STARTED,Clean rebuild has not yet reached this feature; see CRM_CLEAN_REBUILD_REGISTER.md tranche plan.
F012-UX-002,F012,CRM-CAP-003,UX,DIRECT_UI,,,,,,,,,NOT_STARTED,Clean rebuild has not yet reached this feature; see CRM_CLEAN_REBUILD_REGISTER.md tranche plan.
F012-UX-003,F012,CRM-CAP-003,UX,DIRECT_UI,,,,,,,,,NOT_STARTED,Clean rebuild has not yet reached this feature; see CRM_CLEAN_REBUILD_REGISTER.md tranche plan.
F012-SEC-001,F012,CRM-CAP-003,SEC,NO_DIRECT_UI,,,,,,,,,NOT_STARTED,Clean rebuild has not yet reached this feature; see CRM_CLEAN_REBUILD_REGISTER.md tranche plan.
F012-SEC-002,F012,CRM-CAP-003,SEC,NO_DIRECT_UI,,,,,,,,,NOT_STARTED,Clean rebuild has not yet reached this feature; see CRM_CLEAN_REBUILD_REGISTER.md tranche plan.
F012-AUTO-001,F012,CRM-CAP-003,AUTO,NO_DIRECT_UI,,,,,,,,,NOT_STARTED,Clean rebuild has not yet reached this feature; see CRM_CLEAN_REBUILD_REGISTER.md tranche plan.
F012-APP-001,F012,CRM-CAP-003,APP,DIRECT_UI,,,,,,,,,NOT_STARTED,Clean rebuild has not yet reached this feature; see CRM_CLEAN_REBUILD_REGISTER.md tranche plan.
F012-NOTIF-001,F012,CRM-CAP-003,NOTIF,AFFECTS_UI_STATE,,,,,,,,,NOT_STARTED,Clean rebuild has not yet reached this feature; see CRM_CLEAN_REBUILD_REGISTER.md tranche plan.
F012-REP-001,F012,CRM-CAP-003,REP,AFFECTS_UI_STATE,,,,,,,,,NOT_STARTED,Clean rebuild has not yet reached this feature; see CRM_CLEAN_REBUILD_REGISTER.md tranche plan.
F012-AI-001,F012,CRM-CAP-003,AI,NO_DIRECT_UI,,,,,,,,,NOT_STARTED,Clean rebuild has not yet reached this feature; see CRM_CLEAN_REBUILD_REGISTER.md tranche plan.
F012-INT-001,F012,CRM-CAP-003,INT,NO_DIRECT_UI,,,,,,,,,NOT_STARTED,Clean rebuild has not yet reached this feature; see CRM_CLEAN_REBUILD_REGISTER.md tranche plan.
F012-INT-002,F012,CRM-CAP-003,INT,NO_DIRECT_UI,,,,,,,,,NOT_STARTED,Clean rebuild has not yet reached this feature; see CRM_CLEAN_REBUILD_REGISTER.md tranche plan.
F012-API-001,F012,CRM-CAP-003,API,NO_DIRECT_UI,,,,,,,,,NOT_STARTED,Clean rebuild has not yet reached this feature; see CRM_CLEAN_REBUILD_REGISTER.md tranche plan.
F012-API-002,F012,CRM-CAP-003,API,NO_DIRECT_UI,,,,,,,,,NOT_STARTED,Clean rebuild has not yet reached this feature; see CRM_CLEAN_REBUILD_REGISTER.md tranche plan.
F012-PERF-001,F012,CRM-CAP-003,PERF,NO_DIRECT_UI,,,,,,,,,NOT_STARTED,Clean rebuild has not yet reached this feature; see CRM_CLEAN_REBUILD_REGISTER.md tranche plan.
F012-OBS-001,F012,CRM-CAP-003,OBS,NO_DIRECT_UI,,,,,,,,,NOT_STARTED,Clean rebuild has not yet reached this feature; see CRM_CLEAN_REBUILD_REGISTER.md tranche plan.
F012-E2E-001,F012,CRM-CAP-003,E2E,AFFECTS_UI_STATE,,,,,,,,,NOT_STARTED,Clean rebuild has not yet reached this feature; see CRM_CLEAN_REBUILD_REGISTER.md tranche plan.
F012-E2E-002,F012,CRM-CAP-003,E2E,AFFECTS_UI_STATE,,,,,,,,,NOT_STARTED,Clean rebuild has not yet reached this feature; see CRM_CLEAN_REBUILD_REGISTER.md tranche plan.
F012-UAT-001,F012,CRM-CAP-003,UAT,AFFECTS_UI_STATE,,,,,,,,,NOT_STARTED,Clean rebuild has not yet reached this feature; see CRM_CLEAN_REBUILD_REGISTER.md tranche plan.
F012-UAT-002,F012,CRM-CAP-003,UAT,AFFECTS_UI_STATE,,,,,,,,,NOT_STARTED,Clean rebuild has not yet reached this feature; see CRM_CLEAN_REBUILD_REGISTER.md tranche plan.
F013-CAP-001,F013,CRM-CAP-004,CAP,NO_DIRECT_UI,,,,,,,,,NOT_STARTED,Clean rebuild has not yet reached this feature; see CRM_CLEAN_REBUILD_REGISTER.md tranche plan.
F013-CAP-002,F013,CRM-CAP-004,CAP,NO_DIRECT_UI,,,,,,,,,NOT_STARTED,Clean rebuild has not yet reached this feature; see CRM_CLEAN_REBUILD_REGISTER.md tranche plan.
F013-CAP-003,F013,CRM-CAP-004,CAP,NO_DIRECT_UI,,,,,,,,,NOT_STARTED,Clean rebuild has not yet reached this feature; see CRM_CLEAN_REBUILD_REGISTER.md tranche plan.
F013-FR-001,F013,CRM-CAP-004,FR,AFFECTS_UI_STATE,,,,,,,,,NOT_STARTED,Clean rebuild has not yet reached this feature; see CRM_CLEAN_REBUILD_REGISTER.md tranche plan.
F013-FR-002,F013,CRM-CAP-004,FR,AFFECTS_UI_STATE,,,,,,,,,NOT_STARTED,Clean rebuild has not yet reached this feature; see CRM_CLEAN_REBUILD_REGISTER.md tranche plan.
F013-FR-003,F013,CRM-CAP-004,FR,AFFECTS_UI_STATE,,,,,,,,,NOT_STARTED,Clean rebuild has not yet reached this feature; see CRM_CLEAN_REBUILD_REGISTER.md tranche plan.
F013-US-001,F013,CRM-CAP-004,US,DIRECT_UI,,,,,,,,,NOT_STARTED,Clean rebuild has not yet reached this feature; see CRM_CLEAN_REBUILD_REGISTER.md tranche plan.
F013-US-002,F013,CRM-CAP-004,US,DIRECT_UI,,,,,,,,,NOT_STARTED,Clean rebuild has not yet reached this feature; see CRM_CLEAN_REBUILD_REGISTER.md tranche plan.
F013-FLOW-001,F013,CRM-CAP-004,FLOW,AFFECTS_UI_STATE,,,,,,,,,NOT_STARTED,Clean rebuild has not yet reached this feature; see CRM_CLEAN_REBUILD_REGISTER.md tranche plan.
F013-FLOW-002,F013,CRM-CAP-004,FLOW,AFFECTS_UI_STATE,,,,,,,,,NOT_STARTED,Clean rebuild has not yet reached this feature; see CRM_CLEAN_REBUILD_REGISTER.md tranche plan.
F013-BR-001,F013,CRM-CAP-004,BR,NO_DIRECT_UI,,,,,,,,,NOT_STARTED,Clean rebuild has not yet reached this feature; see CRM_CLEAN_REBUILD_REGISTER.md tranche plan.
F013-BR-002,F013,CRM-CAP-004,BR,NO_DIRECT_UI,,,,,,,,,NOT_STARTED,Clean rebuild has not yet reached this feature; see CRM_CLEAN_REBUILD_REGISTER.md tranche plan.
F013-DATA-001,F013,CRM-CAP-004,DATA,NO_DIRECT_UI,,,,,,,,,NOT_STARTED,Clean rebuild has not yet reached this feature; see CRM_CLEAN_REBUILD_REGISTER.md tranche plan.
F013-DATA-002,F013,CRM-CAP-004,DATA,NO_DIRECT_UI,,,,,,,,,NOT_STARTED,Clean rebuild has not yet reached this feature; see CRM_CLEAN_REBUILD_REGISTER.md tranche plan.
F013-VAL-001,F013,CRM-CAP-004,VAL,NO_DIRECT_UI,,,,,,,,,NOT_STARTED,Clean rebuild has not yet reached this feature; see CRM_CLEAN_REBUILD_REGISTER.md tranche plan.
F013-VAL-002,F013,CRM-CAP-004,VAL,NO_DIRECT_UI,,,,,,,,,NOT_STARTED,Clean rebuild has not yet reached this feature; see CRM_CLEAN_REBUILD_REGISTER.md tranche plan.
F013-CALC-001,F013,CRM-CAP-004,CALC,NO_DIRECT_UI,,,,,,,,,NOT_STARTED,Clean rebuild has not yet reached this feature; see CRM_CLEAN_REBUILD_REGISTER.md tranche plan.
F013-UX-001,F013,CRM-CAP-004,UX,DIRECT_UI,,,,,,,,,NOT_STARTED,Clean rebuild has not yet reached this feature; see CRM_CLEAN_REBUILD_REGISTER.md tranche plan.
F013-UX-002,F013,CRM-CAP-004,UX,DIRECT_UI,,,,,,,,,NOT_STARTED,Clean rebuild has not yet reached this feature; see CRM_CLEAN_REBUILD_REGISTER.md tranche plan.
F013-UX-003,F013,CRM-CAP-004,UX,DIRECT_UI,,,,,,,,,NOT_STARTED,Clean rebuild has not yet reached this feature; see CRM_CLEAN_REBUILD_REGISTER.md tranche plan.
F013-SEC-001,F013,CRM-CAP-004,SEC,NO_DIRECT_UI,,,,,,,,,NOT_STARTED,Clean rebuild has not yet reached this feature; see CRM_CLEAN_REBUILD_REGISTER.md tranche plan.
F013-SEC-002,F013,CRM-CAP-004,SEC,NO_DIRECT_UI,,,,,,,,,NOT_STARTED,Clean rebuild has not yet reached this feature; see CRM_CLEAN_REBUILD_REGISTER.md tranche plan.
F013-AUTO-001,F013,CRM-CAP-004,AUTO,NO_DIRECT_UI,,,,,,,,,NOT_STARTED,Clean rebuild has not yet reached this feature; see CRM_CLEAN_REBUILD_REGISTER.md tranche plan.
F013-APP-001,F013,CRM-CAP-004,APP,DIRECT_UI,,,,,,,,,NOT_STARTED,Clean rebuild has not yet reached this feature; see CRM_CLEAN_REBUILD_REGISTER.md tranche plan.
F013-NOTIF-001,F013,CRM-CAP-004,NOTIF,AFFECTS_UI_STATE,,,,,,,,,NOT_STARTED,Clean rebuild has not yet reached this feature; see CRM_CLEAN_REBUILD_REGISTER.md tranche plan.
F013-REP-001,F013,CRM-CAP-004,REP,AFFECTS_UI_STATE,,,,,,,,,NOT_STARTED,Clean rebuild has not yet reached this feature; see CRM_CLEAN_REBUILD_REGISTER.md tranche plan.
F013-AI-001,F013,CRM-CAP-004,AI,NO_DIRECT_UI,,,,,,,,,NOT_STARTED,Clean rebuild has not yet reached this feature; see CRM_CLEAN_REBUILD_REGISTER.md tranche plan.
F013-INT-001,F013,CRM-CAP-004,INT,NO_DIRECT_UI,,,,,,,,,NOT_STARTED,Clean rebuild has not yet reached this feature; see CRM_CLEAN_REBUILD_REGISTER.md tranche plan.
F013-INT-002,F013,CRM-CAP-004,INT,NO_DIRECT_UI,,,,,,,,,NOT_STARTED,Clean rebuild has not yet reached this feature; see CRM_CLEAN_REBUILD_REGISTER.md tranche plan.
F013-API-001,F013,CRM-CAP-004,API,NO_DIRECT_UI,,,,,,,,,NOT_STARTED,Clean rebuild has not yet reached this feature; see CRM_CLEAN_REBUILD_REGISTER.md tranche plan.
F013-API-002,F013,CRM-CAP-004,API,NO_DIRECT_UI,,,,,,,,,NOT_STARTED,Clean rebuild has not yet reached this feature; see CRM_CLEAN_REBUILD_REGISTER.md tranche plan.
F013-PERF-001,F013,CRM-CAP-004,PERF,NO_DIRECT_UI,,,,,,,,,NOT_STARTED,Clean rebuild has not yet reached this feature; see CRM_CLEAN_REBUILD_REGISTER.md tranche plan.
F013-OBS-001,F013,CRM-CAP-004,OBS,NO_DIRECT_UI,,,,,,,,,NOT_STARTED,Clean rebuild has not yet reached this feature; see CRM_CLEAN_REBUILD_REGISTER.md tranche plan.
F013-E2E-001,F013,CRM-CAP-004,E2E,AFFECTS_UI_STATE,,,,,,,,,NOT_STARTED,Clean rebuild has not yet reached this feature; see CRM_CLEAN_REBUILD_REGISTER.md tranche plan.
F013-E2E-002,F013,CRM-CAP-004,E2E,AFFECTS_UI_STATE,,,,,,,,,NOT_STARTED,Clean rebuild has not yet reached this feature; see CRM_CLEAN_REBUILD_REGISTER.md tranche plan.
F013-UAT-001,F013,CRM-CAP-004,UAT,AFFECTS_UI_STATE,,,,,,,,,NOT_STARTED,Clean rebuild has not yet reached this feature; see CRM_CLEAN_REBUILD_REGISTER.md tranche plan.
F013-UAT-002,F013,CRM-CAP-004,UAT,AFFECTS_UI_STATE,,,,,,,,,NOT_STARTED,Clean rebuild has not yet reached this feature; see CRM_CLEAN_REBUILD_REGISTER.md tranche plan.
F014-CAP-001,F014,CRM-CAP-004,CAP,NO_DIRECT_UI,,,,,,,,,NOT_STARTED,Clean rebuild has not yet reached this feature; see CRM_CLEAN_REBUILD_REGISTER.md tranche plan.
F014-CAP-002,F014,CRM-CAP-004,CAP,NO_DIRECT_UI,,,,,,,,,NOT_STARTED,Clean rebuild has not yet reached this feature; see CRM_CLEAN_REBUILD_REGISTER.md tranche plan.
F014-CAP-003,F014,CRM-CAP-004,CAP,NO_DIRECT_UI,,,,,,,,,NOT_STARTED,Clean rebuild has not yet reached this feature; see CRM_CLEAN_REBUILD_REGISTER.md tranche plan.
F014-FR-001,F014,CRM-CAP-004,FR,AFFECTS_UI_STATE,,,,,,,,,NOT_STARTED,Clean rebuild has not yet reached this feature; see CRM_CLEAN_REBUILD_REGISTER.md tranche plan.
F014-FR-002,F014,CRM-CAP-004,FR,AFFECTS_UI_STATE,,,,,,,,,NOT_STARTED,Clean rebuild has not yet reached this feature; see CRM_CLEAN_REBUILD_REGISTER.md tranche plan.
F014-FR-003,F014,CRM-CAP-004,FR,AFFECTS_UI_STATE,,,,,,,,,NOT_STARTED,Clean rebuild has not yet reached this feature; see CRM_CLEAN_REBUILD_REGISTER.md tranche plan.
F014-US-001,F014,CRM-CAP-004,US,DIRECT_UI,,,,,,,,,NOT_STARTED,Clean rebuild has not yet reached this feature; see CRM_CLEAN_REBUILD_REGISTER.md tranche plan.
F014-US-002,F014,CRM-CAP-004,US,DIRECT_UI,,,,,,,,,NOT_STARTED,Clean rebuild has not yet reached this feature; see CRM_CLEAN_REBUILD_REGISTER.md tranche plan.
F014-FLOW-001,F014,CRM-CAP-004,FLOW,AFFECTS_UI_STATE,,,,,,,,,NOT_STARTED,Clean rebuild has not yet reached this feature; see CRM_CLEAN_REBUILD_REGISTER.md tranche plan.
F014-FLOW-002,F014,CRM-CAP-004,FLOW,AFFECTS_UI_STATE,,,,,,,,,NOT_STARTED,Clean rebuild has not yet reached this feature; see CRM_CLEAN_REBUILD_REGISTER.md tranche plan.
F014-BR-001,F014,CRM-CAP-004,BR,NO_DIRECT_UI,,,,,,,,,NOT_STARTED,Clean rebuild has not yet reached this feature; see CRM_CLEAN_REBUILD_REGISTER.md tranche plan.
F014-BR-002,F014,CRM-CAP-004,BR,NO_DIRECT_UI,,,,,,,,,NOT_STARTED,Clean rebuild has not yet reached this feature; see CRM_CLEAN_REBUILD_REGISTER.md tranche plan.
F014-DATA-001,F014,CRM-CAP-004,DATA,NO_DIRECT_UI,,,,,,,,,NOT_STARTED,Clean rebuild has not yet reached this feature; see CRM_CLEAN_REBUILD_REGISTER.md tranche plan.
F014-DATA-002,F014,CRM-CAP-004,DATA,NO_DIRECT_UI,,,,,,,,,NOT_STARTED,Clean rebuild has not yet reached this feature; see CRM_CLEAN_REBUILD_REGISTER.md tranche plan.
F014-VAL-001,F014,CRM-CAP-004,VAL,NO_DIRECT_UI,,,,,,,,,NOT_STARTED,Clean rebuild has not yet reached this feature; see CRM_CLEAN_REBUILD_REGISTER.md tranche plan.
F014-VAL-002,F014,CRM-CAP-004,VAL,NO_DIRECT_UI,,,,,,,,,NOT_STARTED,Clean rebuild has not yet reached this feature; see CRM_CLEAN_REBUILD_REGISTER.md tranche plan.
F014-CALC-001,F014,CRM-CAP-004,CALC,NO_DIRECT_UI,,,,,,,,,NOT_STARTED,Clean rebuild has not yet reached this feature; see CRM_CLEAN_REBUILD_REGISTER.md tranche plan.
F014-UX-001,F014,CRM-CAP-004,UX,DIRECT_UI,,,,,,,,,NOT_STARTED,Clean rebuild has not yet reached this feature; see CRM_CLEAN_REBUILD_REGISTER.md tranche plan.
F014-UX-002,F014,CRM-CAP-004,UX,DIRECT_UI,,,,,,,,,NOT_STARTED,Clean rebuild has not yet reached this feature; see CRM_CLEAN_REBUILD_REGISTER.md tranche plan.
F014-UX-003,F014,CRM-CAP-004,UX,DIRECT_UI,,,,,,,,,NOT_STARTED,Clean rebuild has not yet reached this feature; see CRM_CLEAN_REBUILD_REGISTER.md tranche plan.
F014-SEC-001,F014,CRM-CAP-004,SEC,NO_DIRECT_UI,,,,,,,,,NOT_STARTED,Clean rebuild has not yet reached this feature; see CRM_CLEAN_REBUILD_REGISTER.md tranche plan.
F014-SEC-002,F014,CRM-CAP-004,SEC,NO_DIRECT_UI,,,,,,,,,NOT_STARTED,Clean rebuild has not yet reached this feature; see CRM_CLEAN_REBUILD_REGISTER.md tranche plan.
F014-AUTO-001,F014,CRM-CAP-004,AUTO,NO_DIRECT_UI,,,,,,,,,NOT_STARTED,Clean rebuild has not yet reached this feature; see CRM_CLEAN_REBUILD_REGISTER.md tranche plan.
F014-APP-001,F014,CRM-CAP-004,APP,DIRECT_UI,,,,,,,,,NOT_STARTED,Clean rebuild has not yet reached this feature; see CRM_CLEAN_REBUILD_REGISTER.md tranche plan.
F014-NOTIF-001,F014,CRM-CAP-004,NOTIF,AFFECTS_UI_STATE,,,,,,,,,NOT_STARTED,Clean rebuild has not yet reached this feature; see CRM_CLEAN_REBUILD_REGISTER.md tranche plan.
F014-REP-001,F014,CRM-CAP-004,REP,AFFECTS_UI_STATE,,,,,,,,,NOT_STARTED,Clean rebuild has not yet reached this feature; see CRM_CLEAN_REBUILD_REGISTER.md tranche plan.
F014-AI-001,F014,CRM-CAP-004,AI,NO_DIRECT_UI,,,,,,,,,NOT_STARTED,Clean rebuild has not yet reached this feature; see CRM_CLEAN_REBUILD_REGISTER.md tranche plan.
F014-INT-001,F014,CRM-CAP-004,INT,NO_DIRECT_UI,,,,,,,,,NOT_STARTED,Clean rebuild has not yet reached this feature; see CRM_CLEAN_REBUILD_REGISTER.md tranche plan.
F014-INT-002,F014,CRM-CAP-004,INT,NO_DIRECT_UI,,,,,,,,,NOT_STARTED,Clean rebuild has not yet reached this feature; see CRM_CLEAN_REBUILD_REGISTER.md tranche plan.
F014-API-001,F014,CRM-CAP-004,API,NO_DIRECT_UI,,,,,,,,,NOT_STARTED,Clean rebuild has not yet reached this feature; see CRM_CLEAN_REBUILD_REGISTER.md tranche plan.
F014-API-002,F014,CRM-CAP-004,API,NO_DIRECT_UI,,,,,,,,,NOT_STARTED,Clean rebuild has not yet reached this feature; see CRM_CLEAN_REBUILD_REGISTER.md tranche plan.
F014-PERF-001,F014,CRM-CAP-004,PERF,NO_DIRECT_UI,,,,,,,,,NOT_STARTED,Clean rebuild has not yet reached this feature; see CRM_CLEAN_REBUILD_REGISTER.md tranche plan.
F014-OBS-001,F014,CRM-CAP-004,OBS,NO_DIRECT_UI,,,,,,,,,NOT_STARTED,Clean rebuild has not yet reached this feature; see CRM_CLEAN_REBUILD_REGISTER.md tranche plan.
F014-E2E-001,F014,CRM-CAP-004,E2E,AFFECTS_UI_STATE,,,,,,,,,NOT_STARTED,Clean rebuild has not yet reached this feature; see CRM_CLEAN_REBUILD_REGISTER.md tranche plan.
F014-E2E-002,F014,CRM-CAP-004,E2E,AFFECTS_UI_STATE,,,,,,,,,NOT_STARTED,Clean rebuild has not yet reached this feature; see CRM_CLEAN_REBUILD_REGISTER.md tranche plan.
F014-UAT-001,F014,CRM-CAP-004,UAT,AFFECTS_UI_STATE,,,,,,,,,NOT_STARTED,Clean rebuild has not yet reached this feature; see CRM_CLEAN_REBUILD_REGISTER.md tranche plan.
F014-UAT-002,F014,CRM-CAP-004,UAT,AFFECTS_UI_STATE,,,,,,,,,NOT_STARTED,Clean rebuild has not yet reached this feature; see CRM_CLEAN_REBUILD_REGISTER.md tranche plan.
F015-CAP-001,F015,CRM-CAP-004,CAP,NO_DIRECT_UI,,,,,,,,,NOT_STARTED,Clean rebuild has not yet reached this feature; see CRM_CLEAN_REBUILD_REGISTER.md tranche plan.
F015-CAP-002,F015,CRM-CAP-004,CAP,NO_DIRECT_UI,,,,,,,,,NOT_STARTED,Clean rebuild has not yet reached this feature; see CRM_CLEAN_REBUILD_REGISTER.md tranche plan.
F015-CAP-003,F015,CRM-CAP-004,CAP,NO_DIRECT_UI,,,,,,,,,NOT_STARTED,Clean rebuild has not yet reached this feature; see CRM_CLEAN_REBUILD_REGISTER.md tranche plan.
F015-FR-001,F015,CRM-CAP-004,FR,AFFECTS_UI_STATE,,,,,,,,,NOT_STARTED,Clean rebuild has not yet reached this feature; see CRM_CLEAN_REBUILD_REGISTER.md tranche plan.
F015-FR-002,F015,CRM-CAP-004,FR,AFFECTS_UI_STATE,,,,,,,,,NOT_STARTED,Clean rebuild has not yet reached this feature; see CRM_CLEAN_REBUILD_REGISTER.md tranche plan.
F015-FR-003,F015,CRM-CAP-004,FR,AFFECTS_UI_STATE,,,,,,,,,NOT_STARTED,Clean rebuild has not yet reached this feature; see CRM_CLEAN_REBUILD_REGISTER.md tranche plan.
F015-US-001,F015,CRM-CAP-004,US,DIRECT_UI,,,,,,,,,NOT_STARTED,Clean rebuild has not yet reached this feature; see CRM_CLEAN_REBUILD_REGISTER.md tranche plan.
F015-US-002,F015,CRM-CAP-004,US,DIRECT_UI,,,,,,,,,NOT_STARTED,Clean rebuild has not yet reached this feature; see CRM_CLEAN_REBUILD_REGISTER.md tranche plan.
F015-FLOW-001,F015,CRM-CAP-004,FLOW,AFFECTS_UI_STATE,,,,,,,,,NOT_STARTED,Clean rebuild has not yet reached this feature; see CRM_CLEAN_REBUILD_REGISTER.md tranche plan.
F015-FLOW-002,F015,CRM-CAP-004,FLOW,AFFECTS_UI_STATE,,,,,,,,,NOT_STARTED,Clean rebuild has not yet reached this feature; see CRM_CLEAN_REBUILD_REGISTER.md tranche plan.
F015-BR-001,F015,CRM-CAP-004,BR,NO_DIRECT_UI,,,,,,,,,NOT_STARTED,Clean rebuild has not yet reached this feature; see CRM_CLEAN_REBUILD_REGISTER.md tranche plan.
F015-BR-002,F015,CRM-CAP-004,BR,NO_DIRECT_UI,,,,,,,,,NOT_STARTED,Clean rebuild has not yet reached this feature; see CRM_CLEAN_REBUILD_REGISTER.md tranche plan.
F015-DATA-001,F015,CRM-CAP-004,DATA,NO_DIRECT_UI,,,,,,,,,NOT_STARTED,Clean rebuild has not yet reached this feature; see CRM_CLEAN_REBUILD_REGISTER.md tranche plan.
F015-DATA-002,F015,CRM-CAP-004,DATA,NO_DIRECT_UI,,,,,,,,,NOT_STARTED,Clean rebuild has not yet reached this feature; see CRM_CLEAN_REBUILD_REGISTER.md tranche plan.
F015-VAL-001,F015,CRM-CAP-004,VAL,NO_DIRECT_UI,,,,,,,,,NOT_STARTED,Clean rebuild has not yet reached this feature; see CRM_CLEAN_REBUILD_REGISTER.md tranche plan.
F015-VAL-002,F015,CRM-CAP-004,VAL,NO_DIRECT_UI,,,,,,,,,NOT_STARTED,Clean rebuild has not yet reached this feature; see CRM_CLEAN_REBUILD_REGISTER.md tranche plan.
F015-CALC-001,F015,CRM-CAP-004,CALC,NO_DIRECT_UI,,,,,,,,,NOT_STARTED,Clean rebuild has not yet reached this feature; see CRM_CLEAN_REBUILD_REGISTER.md tranche plan.
F015-UX-001,F015,CRM-CAP-004,UX,DIRECT_UI,,,,,,,,,NOT_STARTED,Clean rebuild has not yet reached this feature; see CRM_CLEAN_REBUILD_REGISTER.md tranche plan.
F015-UX-002,F015,CRM-CAP-004,UX,DIRECT_UI,,,,,,,,,NOT_STARTED,Clean rebuild has not yet reached this feature; see CRM_CLEAN_REBUILD_REGISTER.md tranche plan.
F015-UX-003,F015,CRM-CAP-004,UX,DIRECT_UI,,,,,,,,,NOT_STARTED,Clean rebuild has not yet reached this feature; see CRM_CLEAN_REBUILD_REGISTER.md tranche plan.
F015-SEC-001,F015,CRM-CAP-004,SEC,NO_DIRECT_UI,,,,,,,,,NOT_STARTED,Clean rebuild has not yet reached this feature; see CRM_CLEAN_REBUILD_REGISTER.md tranche plan.
F015-SEC-002,F015,CRM-CAP-004,SEC,NO_DIRECT_UI,,,,,,,,,NOT_STARTED,Clean rebuild has not yet reached this feature; see CRM_CLEAN_REBUILD_REGISTER.md tranche plan.
F015-AUTO-001,F015,CRM-CAP-004,AUTO,NO_DIRECT_UI,,,,,,,,,NOT_STARTED,Clean rebuild has not yet reached this feature; see CRM_CLEAN_REBUILD_REGISTER.md tranche plan.
F015-APP-001,F015,CRM-CAP-004,APP,DIRECT_UI,,,,,,,,,NOT_STARTED,Clean rebuild has not yet reached this feature; see CRM_CLEAN_REBUILD_REGISTER.md tranche plan.
F015-NOTIF-001,F015,CRM-CAP-004,NOTIF,AFFECTS_UI_STATE,,,,,,,,,NOT_STARTED,Clean rebuild has not yet reached this feature; see CRM_CLEAN_REBUILD_REGISTER.md tranche plan.
F015-REP-001,F015,CRM-CAP-004,REP,AFFECTS_UI_STATE,,,,,,,,,NOT_STARTED,Clean rebuild has not yet reached this feature; see CRM_CLEAN_REBUILD_REGISTER.md tranche plan.
F015-AI-001,F015,CRM-CAP-004,AI,NO_DIRECT_UI,,,,,,,,,NOT_STARTED,Clean rebuild has not yet reached this feature; see CRM_CLEAN_REBUILD_REGISTER.md tranche plan.
F015-INT-001,F015,CRM-CAP-004,INT,NO_DIRECT_UI,,,,,,,,,NOT_STARTED,Clean rebuild has not yet reached this feature; see CRM_CLEAN_REBUILD_REGISTER.md tranche plan.
F015-INT-002,F015,CRM-CAP-004,INT,NO_DIRECT_UI,,,,,,,,,NOT_STARTED,Clean rebuild has not yet reached this feature; see CRM_CLEAN_REBUILD_REGISTER.md tranche plan.
F015-API-001,F015,CRM-CAP-004,API,NO_DIRECT_UI,,,,,,,,,NOT_STARTED,Clean rebuild has not yet reached this feature; see CRM_CLEAN_REBUILD_REGISTER.md tranche plan.
F015-API-002,F015,CRM-CAP-004,API,NO_DIRECT_UI,,,,,,,,,NOT_STARTED,Clean rebuild has not yet reached this feature; see CRM_CLEAN_REBUILD_REGISTER.md tranche plan.
F015-PERF-001,F015,CRM-CAP-004,PERF,NO_DIRECT_UI,,,,,,,,,NOT_STARTED,Clean rebuild has not yet reached this feature; see CRM_CLEAN_REBUILD_REGISTER.md tranche plan.
F015-OBS-001,F015,CRM-CAP-004,OBS,NO_DIRECT_UI,,,,,,,,,NOT_STARTED,Clean rebuild has not yet reached this feature; see CRM_CLEAN_REBUILD_REGISTER.md tranche plan.
F015-E2E-001,F015,CRM-CAP-004,E2E,AFFECTS_UI_STATE,,,,,,,,,NOT_STARTED,Clean rebuild has not yet reached this feature; see CRM_CLEAN_REBUILD_REGISTER.md tranche plan.
F015-E2E-002,F015,CRM-CAP-004,E2E,AFFECTS_UI_STATE,,,,,,,,,NOT_STARTED,Clean rebuild has not yet reached this feature; see CRM_CLEAN_REBUILD_REGISTER.md tranche plan.
F015-UAT-001,F015,CRM-CAP-004,UAT,AFFECTS_UI_STATE,,,,,,,,,NOT_STARTED,Clean rebuild has not yet reached this feature; see CRM_CLEAN_REBUILD_REGISTER.md tranche plan.
F015-UAT-002,F015,CRM-CAP-004,UAT,AFFECTS_UI_STATE,,,,,,,,,NOT_STARTED,Clean rebuild has not yet reached this feature; see CRM_CLEAN_REBUILD_REGISTER.md tranche plan.
F016-CAP-001,F016,CRM-CAP-004,CAP,NO_DIRECT_UI,,,,,,,,,NOT_STARTED,Clean rebuild has not yet reached this feature; see CRM_CLEAN_REBUILD_REGISTER.md tranche plan.
F016-CAP-002,F016,CRM-CAP-004,CAP,NO_DIRECT_UI,,,,,,,,,NOT_STARTED,Clean rebuild has not yet reached this feature; see CRM_CLEAN_REBUILD_REGISTER.md tranche plan.
F016-CAP-003,F016,CRM-CAP-004,CAP,NO_DIRECT_UI,,,,,,,,,NOT_STARTED,Clean rebuild has not yet reached this feature; see CRM_CLEAN_REBUILD_REGISTER.md tranche plan.
F016-FR-001,F016,CRM-CAP-004,FR,AFFECTS_UI_STATE,,,,,,,,,NOT_STARTED,Clean rebuild has not yet reached this feature; see CRM_CLEAN_REBUILD_REGISTER.md tranche plan.
F016-FR-002,F016,CRM-CAP-004,FR,AFFECTS_UI_STATE,,,,,,,,,NOT_STARTED,Clean rebuild has not yet reached this feature; see CRM_CLEAN_REBUILD_REGISTER.md tranche plan.
F016-FR-003,F016,CRM-CAP-004,FR,AFFECTS_UI_STATE,,,,,,,,,NOT_STARTED,Clean rebuild has not yet reached this feature; see CRM_CLEAN_REBUILD_REGISTER.md tranche plan.
F016-US-001,F016,CRM-CAP-004,US,DIRECT_UI,,,,,,,,,NOT_STARTED,Clean rebuild has not yet reached this feature; see CRM_CLEAN_REBUILD_REGISTER.md tranche plan.
F016-US-002,F016,CRM-CAP-004,US,DIRECT_UI,,,,,,,,,NOT_STARTED,Clean rebuild has not yet reached this feature; see CRM_CLEAN_REBUILD_REGISTER.md tranche plan.
F016-FLOW-001,F016,CRM-CAP-004,FLOW,AFFECTS_UI_STATE,,,,,,,,,NOT_STARTED,Clean rebuild has not yet reached this feature; see CRM_CLEAN_REBUILD_REGISTER.md tranche plan.
F016-FLOW-002,F016,CRM-CAP-004,FLOW,AFFECTS_UI_STATE,,,,,,,,,NOT_STARTED,Clean rebuild has not yet reached this feature; see CRM_CLEAN_REBUILD_REGISTER.md tranche plan.
F016-BR-001,F016,CRM-CAP-004,BR,NO_DIRECT_UI,,,,,,,,,NOT_STARTED,Clean rebuild has not yet reached this feature; see CRM_CLEAN_REBUILD_REGISTER.md tranche plan.
F016-BR-002,F016,CRM-CAP-004,BR,NO_DIRECT_UI,,,,,,,,,NOT_STARTED,Clean rebuild has not yet reached this feature; see CRM_CLEAN_REBUILD_REGISTER.md tranche plan.
F016-DATA-001,F016,CRM-CAP-004,DATA,NO_DIRECT_UI,,,,,,,,,NOT_STARTED,Clean rebuild has not yet reached this feature; see CRM_CLEAN_REBUILD_REGISTER.md tranche plan.
F016-DATA-002,F016,CRM-CAP-004,DATA,NO_DIRECT_UI,,,,,,,,,NOT_STARTED,Clean rebuild has not yet reached this feature; see CRM_CLEAN_REBUILD_REGISTER.md tranche plan.
F016-VAL-001,F016,CRM-CAP-004,VAL,NO_DIRECT_UI,,,,,,,,,NOT_STARTED,Clean rebuild has not yet reached this feature; see CRM_CLEAN_REBUILD_REGISTER.md tranche plan.
F016-VAL-002,F016,CRM-CAP-004,VAL,NO_DIRECT_UI,,,,,,,,,NOT_STARTED,Clean rebuild has not yet reached this feature; see CRM_CLEAN_REBUILD_REGISTER.md tranche plan.
F016-CALC-001,F016,CRM-CAP-004,CALC,NO_DIRECT_UI,,,,,,,,,NOT_STARTED,Clean rebuild has not yet reached this feature; see CRM_CLEAN_REBUILD_REGISTER.md tranche plan.
F016-UX-001,F016,CRM-CAP-004,UX,DIRECT_UI,,,,,,,,,NOT_STARTED,Clean rebuild has not yet reached this feature; see CRM_CLEAN_REBUILD_REGISTER.md tranche plan.
F016-UX-002,F016,CRM-CAP-004,UX,DIRECT_UI,,,,,,,,,NOT_STARTED,Clean rebuild has not yet reached this feature; see CRM_CLEAN_REBUILD_REGISTER.md tranche plan.
F016-UX-003,F016,CRM-CAP-004,UX,DIRECT_UI,,,,,,,,,NOT_STARTED,Clean rebuild has not yet reached this feature; see CRM_CLEAN_REBUILD_REGISTER.md tranche plan.
F016-SEC-001,F016,CRM-CAP-004,SEC,NO_DIRECT_UI,,,,,,,,,NOT_STARTED,Clean rebuild has not yet reached this feature; see CRM_CLEAN_REBUILD_REGISTER.md tranche plan.
F016-SEC-002,F016,CRM-CAP-004,SEC,NO_DIRECT_UI,,,,,,,,,NOT_STARTED,Clean rebuild has not yet reached this feature; see CRM_CLEAN_REBUILD_REGISTER.md tranche plan.
F016-AUTO-001,F016,CRM-CAP-004,AUTO,NO_DIRECT_UI,,,,,,,,,NOT_STARTED,Clean rebuild has not yet reached this feature; see CRM_CLEAN_REBUILD_REGISTER.md tranche plan.
F016-APP-001,F016,CRM-CAP-004,APP,DIRECT_UI,,,,,,,,,NOT_STARTED,Clean rebuild has not yet reached this feature; see CRM_CLEAN_REBUILD_REGISTER.md tranche plan.
F016-NOTIF-001,F016,CRM-CAP-004,NOTIF,AFFECTS_UI_STATE,,,,,,,,,NOT_STARTED,Clean rebuild has not yet reached this feature; see CRM_CLEAN_REBUILD_REGISTER.md tranche plan.
F016-REP-001,F016,CRM-CAP-004,REP,AFFECTS_UI_STATE,,,,,,,,,NOT_STARTED,Clean rebuild has not yet reached this feature; see CRM_CLEAN_REBUILD_REGISTER.md tranche plan.
F016-AI-001,F016,CRM-CAP-004,AI,NO_DIRECT_UI,,,,,,,,,NOT_STARTED,Clean rebuild has not yet reached this feature; see CRM_CLEAN_REBUILD_REGISTER.md tranche plan.
F016-INT-001,F016,CRM-CAP-004,INT,NO_DIRECT_UI,,,,,,,,,NOT_STARTED,Clean rebuild has not yet reached this feature; see CRM_CLEAN_REBUILD_REGISTER.md tranche plan.
F016-INT-002,F016,CRM-CAP-004,INT,NO_DIRECT_UI,,,,,,,,,NOT_STARTED,Clean rebuild has not yet reached this feature; see CRM_CLEAN_REBUILD_REGISTER.md tranche plan.
F016-API-001,F016,CRM-CAP-004,API,NO_DIRECT_UI,,,,,,,,,NOT_STARTED,Clean rebuild has not yet reached this feature; see CRM_CLEAN_REBUILD_REGISTER.md tranche plan.
F016-API-002,F016,CRM-CAP-004,API,NO_DIRECT_UI,,,,,,,,,NOT_STARTED,Clean rebuild has not yet reached this feature; see CRM_CLEAN_REBUILD_REGISTER.md tranche plan.
F016-PERF-001,F016,CRM-CAP-004,PERF,NO_DIRECT_UI,,,,,,,,,NOT_STARTED,Clean rebuild has not yet reached this feature; see CRM_CLEAN_REBUILD_REGISTER.md tranche plan.
F016-OBS-001,F016,CRM-CAP-004,OBS,NO_DIRECT_UI,,,,,,,,,NOT_STARTED,Clean rebuild has not yet reached this feature; see CRM_CLEAN_REBUILD_REGISTER.md tranche plan.
F016-E2E-001,F016,CRM-CAP-004,E2E,AFFECTS_UI_STATE,,,,,,,,,NOT_STARTED,Clean rebuild has not yet reached this feature; see CRM_CLEAN_REBUILD_REGISTER.md tranche plan.
F016-E2E-002,F016,CRM-CAP-004,E2E,AFFECTS_UI_STATE,,,,,,,,,NOT_STARTED,Clean rebuild has not yet reached this feature; see CRM_CLEAN_REBUILD_REGISTER.md tranche plan.
F016-UAT-001,F016,CRM-CAP-004,UAT,AFFECTS_UI_STATE,,,,,,,,,NOT_STARTED,Clean rebuild has not yet reached this feature; see CRM_CLEAN_REBUILD_REGISTER.md tranche plan.
F016-UAT-002,F016,CRM-CAP-004,UAT,AFFECTS_UI_STATE,,,,,,,,,NOT_STARTED,Clean rebuild has not yet reached this feature; see CRM_CLEAN_REBUILD_REGISTER.md tranche plan.
F017-CAP-001,F017,CRM-CAP-004,CAP,NO_DIRECT_UI,,,,,,,,,NOT_STARTED,Clean rebuild has not yet reached this feature; see CRM_CLEAN_REBUILD_REGISTER.md tranche plan.
F017-CAP-002,F017,CRM-CAP-004,CAP,NO_DIRECT_UI,,,,,,,,,NOT_STARTED,Clean rebuild has not yet reached this feature; see CRM_CLEAN_REBUILD_REGISTER.md tranche plan.
F017-CAP-003,F017,CRM-CAP-004,CAP,NO_DIRECT_UI,,,,,,,,,NOT_STARTED,Clean rebuild has not yet reached this feature; see CRM_CLEAN_REBUILD_REGISTER.md tranche plan.
F017-FR-001,F017,CRM-CAP-004,FR,AFFECTS_UI_STATE,,,,,,,,,NOT_STARTED,Clean rebuild has not yet reached this feature; see CRM_CLEAN_REBUILD_REGISTER.md tranche plan.
F017-FR-002,F017,CRM-CAP-004,FR,AFFECTS_UI_STATE,,,,,,,,,NOT_STARTED,Clean rebuild has not yet reached this feature; see CRM_CLEAN_REBUILD_REGISTER.md tranche plan.
F017-FR-003,F017,CRM-CAP-004,FR,AFFECTS_UI_STATE,,,,,,,,,NOT_STARTED,Clean rebuild has not yet reached this feature; see CRM_CLEAN_REBUILD_REGISTER.md tranche plan.
F017-US-001,F017,CRM-CAP-004,US,DIRECT_UI,,,,,,,,,NOT_STARTED,Clean rebuild has not yet reached this feature; see CRM_CLEAN_REBUILD_REGISTER.md tranche plan.
F017-US-002,F017,CRM-CAP-004,US,DIRECT_UI,,,,,,,,,NOT_STARTED,Clean rebuild has not yet reached this feature; see CRM_CLEAN_REBUILD_REGISTER.md tranche plan.
F017-FLOW-001,F017,CRM-CAP-004,FLOW,AFFECTS_UI_STATE,,,,,,,,,NOT_STARTED,Clean rebuild has not yet reached this feature; see CRM_CLEAN_REBUILD_REGISTER.md tranche plan.
F017-FLOW-002,F017,CRM-CAP-004,FLOW,AFFECTS_UI_STATE,,,,,,,,,NOT_STARTED,Clean rebuild has not yet reached this feature; see CRM_CLEAN_REBUILD_REGISTER.md tranche plan.
F017-BR-001,F017,CRM-CAP-004,BR,NO_DIRECT_UI,,,,,,,,,NOT_STARTED,Clean rebuild has not yet reached this feature; see CRM_CLEAN_REBUILD_REGISTER.md tranche plan.
F017-BR-002,F017,CRM-CAP-004,BR,NO_DIRECT_UI,,,,,,,,,NOT_STARTED,Clean rebuild has not yet reached this feature; see CRM_CLEAN_REBUILD_REGISTER.md tranche plan.
F017-DATA-001,F017,CRM-CAP-004,DATA,NO_DIRECT_UI,,,,,,,,,NOT_STARTED,Clean rebuild has not yet reached this feature; see CRM_CLEAN_REBUILD_REGISTER.md tranche plan.
F017-DATA-002,F017,CRM-CAP-004,DATA,NO_DIRECT_UI,,,,,,,,,NOT_STARTED,Clean rebuild has not yet reached this feature; see CRM_CLEAN_REBUILD_REGISTER.md tranche plan.
F017-VAL-001,F017,CRM-CAP-004,VAL,NO_DIRECT_UI,,,,,,,,,NOT_STARTED,Clean rebuild has not yet reached this feature; see CRM_CLEAN_REBUILD_REGISTER.md tranche plan.
F017-VAL-002,F017,CRM-CAP-004,VAL,NO_DIRECT_UI,,,,,,,,,NOT_STARTED,Clean rebuild has not yet reached this feature; see CRM_CLEAN_REBUILD_REGISTER.md tranche plan.
F017-CALC-001,F017,CRM-CAP-004,CALC,NO_DIRECT_UI,,,,,,,,,NOT_STARTED,Clean rebuild has not yet reached this feature; see CRM_CLEAN_REBUILD_REGISTER.md tranche plan.
F017-UX-001,F017,CRM-CAP-004,UX,DIRECT_UI,,,,,,,,,NOT_STARTED,Clean rebuild has not yet reached this feature; see CRM_CLEAN_REBUILD_REGISTER.md tranche plan.
F017-UX-002,F017,CRM-CAP-004,UX,DIRECT_UI,,,,,,,,,NOT_STARTED,Clean rebuild has not yet reached this feature; see CRM_CLEAN_REBUILD_REGISTER.md tranche plan.
F017-UX-003,F017,CRM-CAP-004,UX,DIRECT_UI,,,,,,,,,NOT_STARTED,Clean rebuild has not yet reached this feature; see CRM_CLEAN_REBUILD_REGISTER.md tranche plan.
F017-SEC-001,F017,CRM-CAP-004,SEC,NO_DIRECT_UI,,,,,,,,,NOT_STARTED,Clean rebuild has not yet reached this feature; see CRM_CLEAN_REBUILD_REGISTER.md tranche plan.
F017-SEC-002,F017,CRM-CAP-004,SEC,NO_DIRECT_UI,,,,,,,,,NOT_STARTED,Clean rebuild has not yet reached this feature; see CRM_CLEAN_REBUILD_REGISTER.md tranche plan.
F017-AUTO-001,F017,CRM-CAP-004,AUTO,NO_DIRECT_UI,,,,,,,,,NOT_STARTED,Clean rebuild has not yet reached this feature; see CRM_CLEAN_REBUILD_REGISTER.md tranche plan.
F017-APP-001,F017,CRM-CAP-004,APP,DIRECT_UI,,,,,,,,,NOT_STARTED,Clean rebuild has not yet reached this feature; see CRM_CLEAN_REBUILD_REGISTER.md tranche plan.
F017-NOTIF-001,F017,CRM-CAP-004,NOTIF,AFFECTS_UI_STATE,,,,,,,,,NOT_STARTED,Clean rebuild has not yet reached this feature; see CRM_CLEAN_REBUILD_REGISTER.md tranche plan.
F017-REP-001,F017,CRM-CAP-004,REP,AFFECTS_UI_STATE,,,,,,,,,NOT_STARTED,Clean rebuild has not yet reached this feature; see CRM_CLEAN_REBUILD_REGISTER.md tranche plan.
F017-AI-001,F017,CRM-CAP-004,AI,NO_DIRECT_UI,,,,,,,,,NOT_STARTED,Clean rebuild has not yet reached this feature; see CRM_CLEAN_REBUILD_REGISTER.md tranche plan.
F017-INT-001,F017,CRM-CAP-004,INT,NO_DIRECT_UI,,,,,,,,,NOT_STARTED,Clean rebuild has not yet reached this feature; see CRM_CLEAN_REBUILD_REGISTER.md tranche plan.
F017-INT-002,F017,CRM-CAP-004,INT,NO_DIRECT_UI,,,,,,,,,NOT_STARTED,Clean rebuild has not yet reached this feature; see CRM_CLEAN_REBUILD_REGISTER.md tranche plan.
F017-API-001,F017,CRM-CAP-004,API,NO_DIRECT_UI,,,,,,,,,NOT_STARTED,Clean rebuild has not yet reached this feature; see CRM_CLEAN_REBUILD_REGISTER.md tranche plan.
F017-API-002,F017,CRM-CAP-004,API,NO_DIRECT_UI,,,,,,,,,NOT_STARTED,Clean rebuild has not yet reached this feature; see CRM_CLEAN_REBUILD_REGISTER.md tranche plan.
F017-PERF-001,F017,CRM-CAP-004,PERF,NO_DIRECT_UI,,,,,,,,,NOT_STARTED,Clean rebuild has not yet reached this feature; see CRM_CLEAN_REBUILD_REGISTER.md tranche plan.
F017-OBS-001,F017,CRM-CAP-004,OBS,NO_DIRECT_UI,,,,,,,,,NOT_STARTED,Clean rebuild has not yet reached this feature; see CRM_CLEAN_REBUILD_REGISTER.md tranche plan.
F017-E2E-001,F017,CRM-CAP-004,E2E,AFFECTS_UI_STATE,,,,,,,,,NOT_STARTED,Clean rebuild has not yet reached this feature; see CRM_CLEAN_REBUILD_REGISTER.md tranche plan.
F017-E2E-002,F017,CRM-CAP-004,E2E,AFFECTS_UI_STATE,,,,,,,,,NOT_STARTED,Clean rebuild has not yet reached this feature; see CRM_CLEAN_REBUILD_REGISTER.md tranche plan.
F017-UAT-001,F017,CRM-CAP-004,UAT,AFFECTS_UI_STATE,,,,,,,,,NOT_STARTED,Clean rebuild has not yet reached this feature; see CRM_CLEAN_REBUILD_REGISTER.md tranche plan.
F017-UAT-002,F017,CRM-CAP-004,UAT,AFFECTS_UI_STATE,,,,,,,,,NOT_STARTED,Clean rebuild has not yet reached this feature; see CRM_CLEAN_REBUILD_REGISTER.md tranche plan.
F018-CAP-001,F018,CRM-CAP-004,CAP,NO_DIRECT_UI,,,,,,,,,NOT_STARTED,Clean rebuild has not yet reached this feature; see CRM_CLEAN_REBUILD_REGISTER.md tranche plan.
F018-CAP-002,F018,CRM-CAP-004,CAP,NO_DIRECT_UI,,,,,,,,,NOT_STARTED,Clean rebuild has not yet reached this feature; see CRM_CLEAN_REBUILD_REGISTER.md tranche plan.
F018-CAP-003,F018,CRM-CAP-004,CAP,NO_DIRECT_UI,,,,,,,,,NOT_STARTED,Clean rebuild has not yet reached this feature; see CRM_CLEAN_REBUILD_REGISTER.md tranche plan.
F018-FR-001,F018,CRM-CAP-004,FR,AFFECTS_UI_STATE,,,,,,,,,NOT_STARTED,Clean rebuild has not yet reached this feature; see CRM_CLEAN_REBUILD_REGISTER.md tranche plan.
F018-FR-002,F018,CRM-CAP-004,FR,AFFECTS_UI_STATE,,,,,,,,,NOT_STARTED,Clean rebuild has not yet reached this feature; see CRM_CLEAN_REBUILD_REGISTER.md tranche plan.
F018-FR-003,F018,CRM-CAP-004,FR,AFFECTS_UI_STATE,,,,,,,,,NOT_STARTED,Clean rebuild has not yet reached this feature; see CRM_CLEAN_REBUILD_REGISTER.md tranche plan.
F018-US-001,F018,CRM-CAP-004,US,DIRECT_UI,,,,,,,,,NOT_STARTED,Clean rebuild has not yet reached this feature; see CRM_CLEAN_REBUILD_REGISTER.md tranche plan.
F018-US-002,F018,CRM-CAP-004,US,DIRECT_UI,,,,,,,,,NOT_STARTED,Clean rebuild has not yet reached this feature; see CRM_CLEAN_REBUILD_REGISTER.md tranche plan.
F018-FLOW-001,F018,CRM-CAP-004,FLOW,AFFECTS_UI_STATE,,,,,,,,,NOT_STARTED,Clean rebuild has not yet reached this feature; see CRM_CLEAN_REBUILD_REGISTER.md tranche plan.
F018-FLOW-002,F018,CRM-CAP-004,FLOW,AFFECTS_UI_STATE,,,,,,,,,NOT_STARTED,Clean rebuild has not yet reached this feature; see CRM_CLEAN_REBUILD_REGISTER.md tranche plan.
F018-BR-001,F018,CRM-CAP-004,BR,NO_DIRECT_UI,,,,,,,,,NOT_STARTED,Clean rebuild has not yet reached this feature; see CRM_CLEAN_REBUILD_REGISTER.md tranche plan.
F018-BR-002,F018,CRM-CAP-004,BR,NO_DIRECT_UI,,,,,,,,,NOT_STARTED,Clean rebuild has not yet reached this feature; see CRM_CLEAN_REBUILD_REGISTER.md tranche plan.
F018-DATA-001,F018,CRM-CAP-004,DATA,NO_DIRECT_UI,,,,,,,,,NOT_STARTED,Clean rebuild has not yet reached this feature; see CRM_CLEAN_REBUILD_REGISTER.md tranche plan.
F018-DATA-002,F018,CRM-CAP-004,DATA,NO_DIRECT_UI,,,,,,,,,NOT_STARTED,Clean rebuild has not yet reached this feature; see CRM_CLEAN_REBUILD_REGISTER.md tranche plan.
F018-VAL-001,F018,CRM-CAP-004,VAL,NO_DIRECT_UI,,,,,,,,,NOT_STARTED,Clean rebuild has not yet reached this feature; see CRM_CLEAN_REBUILD_REGISTER.md tranche plan.
F018-VAL-002,F018,CRM-CAP-004,VAL,NO_DIRECT_UI,,,,,,,,,NOT_STARTED,Clean rebuild has not yet reached this feature; see CRM_CLEAN_REBUILD_REGISTER.md tranche plan.
F018-CALC-001,F018,CRM-CAP-004,CALC,NO_DIRECT_UI,,,,,,,,,NOT_STARTED,Clean rebuild has not yet reached this feature; see CRM_CLEAN_REBUILD_REGISTER.md tranche plan.
F018-UX-001,F018,CRM-CAP-004,UX,DIRECT_UI,,,,,,,,,NOT_STARTED,Clean rebuild has not yet reached this feature; see CRM_CLEAN_REBUILD_REGISTER.md tranche plan.
F018-UX-002,F018,CRM-CAP-004,UX,DIRECT_UI,,,,,,,,,NOT_STARTED,Clean rebuild has not yet reached this feature; see CRM_CLEAN_REBUILD_REGISTER.md tranche plan.
F018-UX-003,F018,CRM-CAP-004,UX,DIRECT_UI,,,,,,,,,NOT_STARTED,Clean rebuild has not yet reached this feature; see CRM_CLEAN_REBUILD_REGISTER.md tranche plan.
F018-SEC-001,F018,CRM-CAP-004,SEC,NO_DIRECT_UI,,,,,,,,,NOT_STARTED,Clean rebuild has not yet reached this feature; see CRM_CLEAN_REBUILD_REGISTER.md tranche plan.
F018-SEC-002,F018,CRM-CAP-004,SEC,NO_DIRECT_UI,,,,,,,,,NOT_STARTED,Clean rebuild has not yet reached this feature; see CRM_CLEAN_REBUILD_REGISTER.md tranche plan.
F018-AUTO-001,F018,CRM-CAP-004,AUTO,NO_DIRECT_UI,,,,,,,,,NOT_STARTED,Clean rebuild has not yet reached this feature; see CRM_CLEAN_REBUILD_REGISTER.md tranche plan.
F018-APP-001,F018,CRM-CAP-004,APP,DIRECT_UI,,,,,,,,,NOT_STARTED,Clean rebuild has not yet reached this feature; see CRM_CLEAN_REBUILD_REGISTER.md tranche plan.
F018-NOTIF-001,F018,CRM-CAP-004,NOTIF,AFFECTS_UI_STATE,,,,,,,,,NOT_STARTED,Clean rebuild has not yet reached this feature; see CRM_CLEAN_REBUILD_REGISTER.md tranche plan.
F018-REP-001,F018,CRM-CAP-004,REP,AFFECTS_UI_STATE,,,,,,,,,NOT_STARTED,Clean rebuild has not yet reached this feature; see CRM_CLEAN_REBUILD_REGISTER.md tranche plan.
F018-AI-001,F018,CRM-CAP-004,AI,NO_DIRECT_UI,,,,,,,,,NOT_STARTED,Clean rebuild has not yet reached this feature; see CRM_CLEAN_REBUILD_REGISTER.md tranche plan.
F018-INT-001,F018,CRM-CAP-004,INT,NO_DIRECT_UI,,,,,,,,,NOT_STARTED,Clean rebuild has not yet reached this feature; see CRM_CLEAN_REBUILD_REGISTER.md tranche plan.
F018-INT-002,F018,CRM-CAP-004,INT,NO_DIRECT_UI,,,,,,,,,NOT_STARTED,Clean rebuild has not yet reached this feature; see CRM_CLEAN_REBUILD_REGISTER.md tranche plan.
F018-API-001,F018,CRM-CAP-004,API,NO_DIRECT_UI,,,,,,,,,NOT_STARTED,Clean rebuild has not yet reached this feature; see CRM_CLEAN_REBUILD_REGISTER.md tranche plan.
F018-API-002,F018,CRM-CAP-004,API,NO_DIRECT_UI,,,,,,,,,NOT_STARTED,Clean rebuild has not yet reached this feature; see CRM_CLEAN_REBUILD_REGISTER.md tranche plan.
F018-PERF-001,F018,CRM-CAP-004,PERF,NO_DIRECT_UI,,,,,,,,,NOT_STARTED,Clean rebuild has not yet reached this feature; see CRM_CLEAN_REBUILD_REGISTER.md tranche plan.
F018-OBS-001,F018,CRM-CAP-004,OBS,NO_DIRECT_UI,,,,,,,,,NOT_STARTED,Clean rebuild has not yet reached this feature; see CRM_CLEAN_REBUILD_REGISTER.md tranche plan.
F018-E2E-001,F018,CRM-CAP-004,E2E,AFFECTS_UI_STATE,,,,,,,,,NOT_STARTED,Clean rebuild has not yet reached this feature; see CRM_CLEAN_REBUILD_REGISTER.md tranche plan.
F018-E2E-002,F018,CRM-CAP-004,E2E,AFFECTS_UI_STATE,,,,,,,,,NOT_STARTED,Clean rebuild has not yet reached this feature; see CRM_CLEAN_REBUILD_REGISTER.md tranche plan.
F018-UAT-001,F018,CRM-CAP-004,UAT,AFFECTS_UI_STATE,,,,,,,,,NOT_STARTED,Clean rebuild has not yet reached this feature; see CRM_CLEAN_REBUILD_REGISTER.md tranche plan.
F018-UAT-002,F018,CRM-CAP-004,UAT,AFFECTS_UI_STATE,,,,,,,,,NOT_STARTED,Clean rebuild has not yet reached this feature; see CRM_CLEAN_REBUILD_REGISTER.md tranche plan.
F019-CAP-001,F019,CRM-CAP-004,CAP,NO_DIRECT_UI,,,,,,,,,NOT_STARTED,Clean rebuild has not yet reached this feature; see CRM_CLEAN_REBUILD_REGISTER.md tranche plan.
F019-CAP-002,F019,CRM-CAP-004,CAP,NO_DIRECT_UI,,,,,,,,,NOT_STARTED,Clean rebuild has not yet reached this feature; see CRM_CLEAN_REBUILD_REGISTER.md tranche plan.
F019-CAP-003,F019,CRM-CAP-004,CAP,NO_DIRECT_UI,,,,,,,,,NOT_STARTED,Clean rebuild has not yet reached this feature; see CRM_CLEAN_REBUILD_REGISTER.md tranche plan.
F019-FR-001,F019,CRM-CAP-004,FR,AFFECTS_UI_STATE,,,,,,,,,NOT_STARTED,Clean rebuild has not yet reached this feature; see CRM_CLEAN_REBUILD_REGISTER.md tranche plan.
F019-FR-002,F019,CRM-CAP-004,FR,AFFECTS_UI_STATE,,,,,,,,,NOT_STARTED,Clean rebuild has not yet reached this feature; see CRM_CLEAN_REBUILD_REGISTER.md tranche plan.
F019-FR-003,F019,CRM-CAP-004,FR,AFFECTS_UI_STATE,,,,,,,,,NOT_STARTED,Clean rebuild has not yet reached this feature; see CRM_CLEAN_REBUILD_REGISTER.md tranche plan.
F019-US-001,F019,CRM-CAP-004,US,DIRECT_UI,,,,,,,,,NOT_STARTED,Clean rebuild has not yet reached this feature; see CRM_CLEAN_REBUILD_REGISTER.md tranche plan.
F019-US-002,F019,CRM-CAP-004,US,DIRECT_UI,,,,,,,,,NOT_STARTED,Clean rebuild has not yet reached this feature; see CRM_CLEAN_REBUILD_REGISTER.md tranche plan.
F019-FLOW-001,F019,CRM-CAP-004,FLOW,AFFECTS_UI_STATE,,,,,,,,,NOT_STARTED,Clean rebuild has not yet reached this feature; see CRM_CLEAN_REBUILD_REGISTER.md tranche plan.
F019-FLOW-002,F019,CRM-CAP-004,FLOW,AFFECTS_UI_STATE,,,,,,,,,NOT_STARTED,Clean rebuild has not yet reached this feature; see CRM_CLEAN_REBUILD_REGISTER.md tranche plan.
F019-BR-001,F019,CRM-CAP-004,BR,NO_DIRECT_UI,,,,,,,,,NOT_STARTED,Clean rebuild has not yet reached this feature; see CRM_CLEAN_REBUILD_REGISTER.md tranche plan.
F019-BR-002,F019,CRM-CAP-004,BR,NO_DIRECT_UI,,,,,,,,,NOT_STARTED,Clean rebuild has not yet reached this feature; see CRM_CLEAN_REBUILD_REGISTER.md tranche plan.
F019-DATA-001,F019,CRM-CAP-004,DATA,NO_DIRECT_UI,,,,,,,,,NOT_STARTED,Clean rebuild has not yet reached this feature; see CRM_CLEAN_REBUILD_REGISTER.md tranche plan.
F019-DATA-002,F019,CRM-CAP-004,DATA,NO_DIRECT_UI,,,,,,,,,NOT_STARTED,Clean rebuild has not yet reached this feature; see CRM_CLEAN_REBUILD_REGISTER.md tranche plan.
F019-VAL-001,F019,CRM-CAP-004,VAL,NO_DIRECT_UI,,,,,,,,,NOT_STARTED,Clean rebuild has not yet reached this feature; see CRM_CLEAN_REBUILD_REGISTER.md tranche plan.
F019-VAL-002,F019,CRM-CAP-004,VAL,NO_DIRECT_UI,,,,,,,,,NOT_STARTED,Clean rebuild has not yet reached this feature; see CRM_CLEAN_REBUILD_REGISTER.md tranche plan.
F019-CALC-001,F019,CRM-CAP-004,CALC,NO_DIRECT_UI,,,,,,,,,NOT_STARTED,Clean rebuild has not yet reached this feature; see CRM_CLEAN_REBUILD_REGISTER.md tranche plan.
F019-UX-001,F019,CRM-CAP-004,UX,DIRECT_UI,,,,,,,,,NOT_STARTED,Clean rebuild has not yet reached this feature; see CRM_CLEAN_REBUILD_REGISTER.md tranche plan.
F019-UX-002,F019,CRM-CAP-004,UX,DIRECT_UI,,,,,,,,,NOT_STARTED,Clean rebuild has not yet reached this feature; see CRM_CLEAN_REBUILD_REGISTER.md tranche plan.
F019-UX-003,F019,CRM-CAP-004,UX,DIRECT_UI,,,,,,,,,NOT_STARTED,Clean rebuild has not yet reached this feature; see CRM_CLEAN_REBUILD_REGISTER.md tranche plan.
F019-SEC-001,F019,CRM-CAP-004,SEC,NO_DIRECT_UI,,,,,,,,,NOT_STARTED,Clean rebuild has not yet reached this feature; see CRM_CLEAN_REBUILD_REGISTER.md tranche plan.
F019-SEC-002,F019,CRM-CAP-004,SEC,NO_DIRECT_UI,,,,,,,,,NOT_STARTED,Clean rebuild has not yet reached this feature; see CRM_CLEAN_REBUILD_REGISTER.md tranche plan.
F019-AUTO-001,F019,CRM-CAP-004,AUTO,NO_DIRECT_UI,,,,,,,,,NOT_STARTED,Clean rebuild has not yet reached this feature; see CRM_CLEAN_REBUILD_REGISTER.md tranche plan.
F019-APP-001,F019,CRM-CAP-004,APP,DIRECT_UI,,,,,,,,,NOT_STARTED,Clean rebuild has not yet reached this feature; see CRM_CLEAN_REBUILD_REGISTER.md tranche plan.
F019-NOTIF-001,F019,CRM-CAP-004,NOTIF,AFFECTS_UI_STATE,,,,,,,,,NOT_STARTED,Clean rebuild has not yet reached this feature; see CRM_CLEAN_REBUILD_REGISTER.md tranche plan.
F019-REP-001,F019,CRM-CAP-004,REP,AFFECTS_UI_STATE,,,,,,,,,NOT_STARTED,Clean rebuild has not yet reached this feature; see CRM_CLEAN_REBUILD_REGISTER.md tranche plan.
F019-AI-001,F019,CRM-CAP-004,AI,NO_DIRECT_UI,,,,,,,,,NOT_STARTED,Clean rebuild has not yet reached this feature; see CRM_CLEAN_REBUILD_REGISTER.md tranche plan.
F019-INT-001,F019,CRM-CAP-004,INT,NO_DIRECT_UI,,,,,,,,,NOT_STARTED,Clean rebuild has not yet reached this feature; see CRM_CLEAN_REBUILD_REGISTER.md tranche plan.
F019-INT-002,F019,CRM-CAP-004,INT,NO_DIRECT_UI,,,,,,,,,NOT_STARTED,Clean rebuild has not yet reached this feature; see CRM_CLEAN_REBUILD_REGISTER.md tranche plan.
F019-API-001,F019,CRM-CAP-004,API,NO_DIRECT_UI,,,,,,,,,NOT_STARTED,Clean rebuild has not yet reached this feature; see CRM_CLEAN_REBUILD_REGISTER.md tranche plan.
F019-API-002,F019,CRM-CAP-004,API,NO_DIRECT_UI,,,,,,,,,NOT_STARTED,Clean rebuild has not yet reached this feature; see CRM_CLEAN_REBUILD_REGISTER.md tranche plan.
F019-PERF-001,F019,CRM-CAP-004,PERF,NO_DIRECT_UI,,,,,,,,,NOT_STARTED,Clean rebuild has not yet reached this feature; see CRM_CLEAN_REBUILD_REGISTER.md tranche plan.
F019-OBS-001,F019,CRM-CAP-004,OBS,NO_DIRECT_UI,,,,,,,,,NOT_STARTED,Clean rebuild has not yet reached this feature; see CRM_CLEAN_REBUILD_REGISTER.md tranche plan.
F019-E2E-001,F019,CRM-CAP-004,E2E,AFFECTS_UI_STATE,,,,,,,,,NOT_STARTED,Clean rebuild has not yet reached this feature; see CRM_CLEAN_REBUILD_REGISTER.md tranche plan.
F019-E2E-002,F019,CRM-CAP-004,E2E,AFFECTS_UI_STATE,,,,,,,,,NOT_STARTED,Clean rebuild has not yet reached this feature; see CRM_CLEAN_REBUILD_REGISTER.md tranche plan.
F019-UAT-001,F019,CRM-CAP-004,UAT,AFFECTS_UI_STATE,,,,,,,,,NOT_STARTED,Clean rebuild has not yet reached this feature; see CRM_CLEAN_REBUILD_REGISTER.md tranche plan.
F019-UAT-002,F019,CRM-CAP-004,UAT,AFFECTS_UI_STATE,,,,,,,,,NOT_STARTED,Clean rebuild has not yet reached this feature; see CRM_CLEAN_REBUILD_REGISTER.md tranche plan.
F020-CAP-001,F020,CRM-CAP-005,CAP,NO_DIRECT_UI,,,,,,,,,NOT_STARTED,Clean rebuild has not yet reached this feature; see CRM_CLEAN_REBUILD_REGISTER.md tranche plan.
F020-CAP-002,F020,CRM-CAP-005,CAP,NO_DIRECT_UI,,,,,,,,,NOT_STARTED,Clean rebuild has not yet reached this feature; see CRM_CLEAN_REBUILD_REGISTER.md tranche plan.
F020-CAP-003,F020,CRM-CAP-005,CAP,NO_DIRECT_UI,,,,,,,,,NOT_STARTED,Clean rebuild has not yet reached this feature; see CRM_CLEAN_REBUILD_REGISTER.md tranche plan.
F020-FR-001,F020,CRM-CAP-005,FR,AFFECTS_UI_STATE,,,,,,,,,NOT_STARTED,Clean rebuild has not yet reached this feature; see CRM_CLEAN_REBUILD_REGISTER.md tranche plan.
F020-FR-002,F020,CRM-CAP-005,FR,AFFECTS_UI_STATE,,,,,,,,,NOT_STARTED,Clean rebuild has not yet reached this feature; see CRM_CLEAN_REBUILD_REGISTER.md tranche plan.
F020-FR-003,F020,CRM-CAP-005,FR,AFFECTS_UI_STATE,,,,,,,,,NOT_STARTED,Clean rebuild has not yet reached this feature; see CRM_CLEAN_REBUILD_REGISTER.md tranche plan.
F020-US-001,F020,CRM-CAP-005,US,DIRECT_UI,,,,,,,,,NOT_STARTED,Clean rebuild has not yet reached this feature; see CRM_CLEAN_REBUILD_REGISTER.md tranche plan.
F020-US-002,F020,CRM-CAP-005,US,DIRECT_UI,,,,,,,,,NOT_STARTED,Clean rebuild has not yet reached this feature; see CRM_CLEAN_REBUILD_REGISTER.md tranche plan.
F020-FLOW-001,F020,CRM-CAP-005,FLOW,AFFECTS_UI_STATE,,,,,,,,,NOT_STARTED,Clean rebuild has not yet reached this feature; see CRM_CLEAN_REBUILD_REGISTER.md tranche plan.
F020-FLOW-002,F020,CRM-CAP-005,FLOW,AFFECTS_UI_STATE,,,,,,,,,NOT_STARTED,Clean rebuild has not yet reached this feature; see CRM_CLEAN_REBUILD_REGISTER.md tranche plan.
F020-BR-001,F020,CRM-CAP-005,BR,NO_DIRECT_UI,,,,,,,,,NOT_STARTED,Clean rebuild has not yet reached this feature; see CRM_CLEAN_REBUILD_REGISTER.md tranche plan.
F020-BR-002,F020,CRM-CAP-005,BR,NO_DIRECT_UI,,,,,,,,,NOT_STARTED,Clean rebuild has not yet reached this feature; see CRM_CLEAN_REBUILD_REGISTER.md tranche plan.
F020-DATA-001,F020,CRM-CAP-005,DATA,NO_DIRECT_UI,,,,,,,,,NOT_STARTED,Clean rebuild has not yet reached this feature; see CRM_CLEAN_REBUILD_REGISTER.md tranche plan.
F020-DATA-002,F020,CRM-CAP-005,DATA,NO_DIRECT_UI,,,,,,,,,NOT_STARTED,Clean rebuild has not yet reached this feature; see CRM_CLEAN_REBUILD_REGISTER.md tranche plan.
F020-VAL-001,F020,CRM-CAP-005,VAL,NO_DIRECT_UI,,,,,,,,,NOT_STARTED,Clean rebuild has not yet reached this feature; see CRM_CLEAN_REBUILD_REGISTER.md tranche plan.
F020-VAL-002,F020,CRM-CAP-005,VAL,NO_DIRECT_UI,,,,,,,,,NOT_STARTED,Clean rebuild has not yet reached this feature; see CRM_CLEAN_REBUILD_REGISTER.md tranche plan.
F020-CALC-001,F020,CRM-CAP-005,CALC,NO_DIRECT_UI,,,,,,,,,NOT_STARTED,Clean rebuild has not yet reached this feature; see CRM_CLEAN_REBUILD_REGISTER.md tranche plan.
F020-UX-001,F020,CRM-CAP-005,UX,DIRECT_UI,,,,,,,,,NOT_STARTED,Clean rebuild has not yet reached this feature; see CRM_CLEAN_REBUILD_REGISTER.md tranche plan.
F020-UX-002,F020,CRM-CAP-005,UX,DIRECT_UI,,,,,,,,,NOT_STARTED,Clean rebuild has not yet reached this feature; see CRM_CLEAN_REBUILD_REGISTER.md tranche plan.
F020-UX-003,F020,CRM-CAP-005,UX,DIRECT_UI,,,,,,,,,NOT_STARTED,Clean rebuild has not yet reached this feature; see CRM_CLEAN_REBUILD_REGISTER.md tranche plan.
F020-SEC-001,F020,CRM-CAP-005,SEC,NO_DIRECT_UI,,,,,,,,,NOT_STARTED,Clean rebuild has not yet reached this feature; see CRM_CLEAN_REBUILD_REGISTER.md tranche plan.
F020-SEC-002,F020,CRM-CAP-005,SEC,NO_DIRECT_UI,,,,,,,,,NOT_STARTED,Clean rebuild has not yet reached this feature; see CRM_CLEAN_REBUILD_REGISTER.md tranche plan.
F020-AUTO-001,F020,CRM-CAP-005,AUTO,NO_DIRECT_UI,,,,,,,,,NOT_STARTED,Clean rebuild has not yet reached this feature; see CRM_CLEAN_REBUILD_REGISTER.md tranche plan.
F020-APP-001,F020,CRM-CAP-005,APP,DIRECT_UI,,,,,,,,,NOT_STARTED,Clean rebuild has not yet reached this feature; see CRM_CLEAN_REBUILD_REGISTER.md tranche plan.
F020-NOTIF-001,F020,CRM-CAP-005,NOTIF,AFFECTS_UI_STATE,,,,,,,,,NOT_STARTED,Clean rebuild has not yet reached this feature; see CRM_CLEAN_REBUILD_REGISTER.md tranche plan.
F020-REP-001,F020,CRM-CAP-005,REP,AFFECTS_UI_STATE,,,,,,,,,NOT_STARTED,Clean rebuild has not yet reached this feature; see CRM_CLEAN_REBUILD_REGISTER.md tranche plan.
F020-AI-001,F020,CRM-CAP-005,AI,NO_DIRECT_UI,,,,,,,,,NOT_STARTED,Clean rebuild has not yet reached this feature; see CRM_CLEAN_REBUILD_REGISTER.md tranche plan.
F020-INT-001,F020,CRM-CAP-005,INT,NO_DIRECT_UI,,,,,,,,,NOT_STARTED,Clean rebuild has not yet reached this feature; see CRM_CLEAN_REBUILD_REGISTER.md tranche plan.
F020-INT-002,F020,CRM-CAP-005,INT,NO_DIRECT_UI,,,,,,,,,NOT_STARTED,Clean rebuild has not yet reached this feature; see CRM_CLEAN_REBUILD_REGISTER.md tranche plan.
F020-API-001,F020,CRM-CAP-005,API,NO_DIRECT_UI,,,,,,,,,NOT_STARTED,Clean rebuild has not yet reached this feature; see CRM_CLEAN_REBUILD_REGISTER.md tranche plan.
F020-API-002,F020,CRM-CAP-005,API,NO_DIRECT_UI,,,,,,,,,NOT_STARTED,Clean rebuild has not yet reached this feature; see CRM_CLEAN_REBUILD_REGISTER.md tranche plan.
F020-PERF-001,F020,CRM-CAP-005,PERF,NO_DIRECT_UI,,,,,,,,,NOT_STARTED,Clean rebuild has not yet reached this feature; see CRM_CLEAN_REBUILD_REGISTER.md tranche plan.
F020-OBS-001,F020,CRM-CAP-005,OBS,NO_DIRECT_UI,,,,,,,,,NOT_STARTED,Clean rebuild has not yet reached this feature; see CRM_CLEAN_REBUILD_REGISTER.md tranche plan.
F020-E2E-001,F020,CRM-CAP-005,E2E,AFFECTS_UI_STATE,,,,,,,,,NOT_STARTED,Clean rebuild has not yet reached this feature; see CRM_CLEAN_REBUILD_REGISTER.md tranche plan.
F020-E2E-002,F020,CRM-CAP-005,E2E,AFFECTS_UI_STATE,,,,,,,,,NOT_STARTED,Clean rebuild has not yet reached this feature; see CRM_CLEAN_REBUILD_REGISTER.md tranche plan.
F020-UAT-001,F020,CRM-CAP-005,UAT,AFFECTS_UI_STATE,,,,,,,,,NOT_STARTED,Clean rebuild has not yet reached this feature; see CRM_CLEAN_REBUILD_REGISTER.md tranche plan.
F020-UAT-002,F020,CRM-CAP-005,UAT,AFFECTS_UI_STATE,,,,,,,,,NOT_STARTED,Clean rebuild has not yet reached this feature; see CRM_CLEAN_REBUILD_REGISTER.md tranche plan.
F021-CAP-001,F021,CRM-CAP-006,CAP,NO_DIRECT_UI,,,,,,,,,NOT_STARTED,Clean rebuild has not yet reached this feature; see CRM_CLEAN_REBUILD_REGISTER.md tranche plan.
F021-CAP-002,F021,CRM-CAP-006,CAP,NO_DIRECT_UI,,,,,,,,,NOT_STARTED,Clean rebuild has not yet reached this feature; see CRM_CLEAN_REBUILD_REGISTER.md tranche plan.
F021-CAP-003,F021,CRM-CAP-006,CAP,NO_DIRECT_UI,,,,,,,,,NOT_STARTED,Clean rebuild has not yet reached this feature; see CRM_CLEAN_REBUILD_REGISTER.md tranche plan.
F021-FR-001,F021,CRM-CAP-006,FR,AFFECTS_UI_STATE,,,,,,,,,NOT_STARTED,Clean rebuild has not yet reached this feature; see CRM_CLEAN_REBUILD_REGISTER.md tranche plan.
F021-FR-002,F021,CRM-CAP-006,FR,AFFECTS_UI_STATE,,,,,,,,,NOT_STARTED,Clean rebuild has not yet reached this feature; see CRM_CLEAN_REBUILD_REGISTER.md tranche plan.
F021-FR-003,F021,CRM-CAP-006,FR,AFFECTS_UI_STATE,,,,,,,,,NOT_STARTED,Clean rebuild has not yet reached this feature; see CRM_CLEAN_REBUILD_REGISTER.md tranche plan.
F021-US-001,F021,CRM-CAP-006,US,DIRECT_UI,,,,,,,,,NOT_STARTED,Clean rebuild has not yet reached this feature; see CRM_CLEAN_REBUILD_REGISTER.md tranche plan.
F021-US-002,F021,CRM-CAP-006,US,DIRECT_UI,,,,,,,,,NOT_STARTED,Clean rebuild has not yet reached this feature; see CRM_CLEAN_REBUILD_REGISTER.md tranche plan.
F021-FLOW-001,F021,CRM-CAP-006,FLOW,AFFECTS_UI_STATE,,,,,,,,,NOT_STARTED,Clean rebuild has not yet reached this feature; see CRM_CLEAN_REBUILD_REGISTER.md tranche plan.
F021-FLOW-002,F021,CRM-CAP-006,FLOW,AFFECTS_UI_STATE,,,,,,,,,NOT_STARTED,Clean rebuild has not yet reached this feature; see CRM_CLEAN_REBUILD_REGISTER.md tranche plan.
F021-BR-001,F021,CRM-CAP-006,BR,NO_DIRECT_UI,,,,,,,,,NOT_STARTED,Clean rebuild has not yet reached this feature; see CRM_CLEAN_REBUILD_REGISTER.md tranche plan.
F021-BR-002,F021,CRM-CAP-006,BR,NO_DIRECT_UI,,,,,,,,,NOT_STARTED,Clean rebuild has not yet reached this feature; see CRM_CLEAN_REBUILD_REGISTER.md tranche plan.
F021-DATA-001,F021,CRM-CAP-006,DATA,NO_DIRECT_UI,,,,,,,,,NOT_STARTED,Clean rebuild has not yet reached this feature; see CRM_CLEAN_REBUILD_REGISTER.md tranche plan.
F021-DATA-002,F021,CRM-CAP-006,DATA,NO_DIRECT_UI,,,,,,,,,NOT_STARTED,Clean rebuild has not yet reached this feature; see CRM_CLEAN_REBUILD_REGISTER.md tranche plan.
F021-VAL-001,F021,CRM-CAP-006,VAL,NO_DIRECT_UI,,,,,,,,,NOT_STARTED,Clean rebuild has not yet reached this feature; see CRM_CLEAN_REBUILD_REGISTER.md tranche plan.
F021-VAL-002,F021,CRM-CAP-006,VAL,NO_DIRECT_UI,,,,,,,,,NOT_STARTED,Clean rebuild has not yet reached this feature; see CRM_CLEAN_REBUILD_REGISTER.md tranche plan.
F021-CALC-001,F021,CRM-CAP-006,CALC,NO_DIRECT_UI,,,,,,,,,NOT_STARTED,Clean rebuild has not yet reached this feature; see CRM_CLEAN_REBUILD_REGISTER.md tranche plan.
F021-UX-001,F021,CRM-CAP-006,UX,DIRECT_UI,,,,,,,,,NOT_STARTED,Clean rebuild has not yet reached this feature; see CRM_CLEAN_REBUILD_REGISTER.md tranche plan.
F021-UX-002,F021,CRM-CAP-006,UX,DIRECT_UI,,,,,,,,,NOT_STARTED,Clean rebuild has not yet reached this feature; see CRM_CLEAN_REBUILD_REGISTER.md tranche plan.
F021-UX-003,F021,CRM-CAP-006,UX,DIRECT_UI,,,,,,,,,NOT_STARTED,Clean rebuild has not yet reached this feature; see CRM_CLEAN_REBUILD_REGISTER.md tranche plan.
F021-SEC-001,F021,CRM-CAP-006,SEC,NO_DIRECT_UI,,,,,,,,,NOT_STARTED,Clean rebuild has not yet reached this feature; see CRM_CLEAN_REBUILD_REGISTER.md tranche plan.
F021-SEC-002,F021,CRM-CAP-006,SEC,NO_DIRECT_UI,,,,,,,,,NOT_STARTED,Clean rebuild has not yet reached this feature; see CRM_CLEAN_REBUILD_REGISTER.md tranche plan.
F021-AUTO-001,F021,CRM-CAP-006,AUTO,NO_DIRECT_UI,,,,,,,,,NOT_STARTED,Clean rebuild has not yet reached this feature; see CRM_CLEAN_REBUILD_REGISTER.md tranche plan.
F021-APP-001,F021,CRM-CAP-006,APP,DIRECT_UI,,,,,,,,,NOT_STARTED,Clean rebuild has not yet reached this feature; see CRM_CLEAN_REBUILD_REGISTER.md tranche plan.
F021-NOTIF-001,F021,CRM-CAP-006,NOTIF,AFFECTS_UI_STATE,,,,,,,,,NOT_STARTED,Clean rebuild has not yet reached this feature; see CRM_CLEAN_REBUILD_REGISTER.md tranche plan.
F021-REP-001,F021,CRM-CAP-006,REP,AFFECTS_UI_STATE,,,,,,,,,NOT_STARTED,Clean rebuild has not yet reached this feature; see CRM_CLEAN_REBUILD_REGISTER.md tranche plan.
F021-AI-001,F021,CRM-CAP-006,AI,NO_DIRECT_UI,,,,,,,,,NOT_STARTED,Clean rebuild has not yet reached this feature; see CRM_CLEAN_REBUILD_REGISTER.md tranche plan.
F021-INT-001,F021,CRM-CAP-006,INT,NO_DIRECT_UI,,,,,,,,,NOT_STARTED,Clean rebuild has not yet reached this feature; see CRM_CLEAN_REBUILD_REGISTER.md tranche plan.
F021-INT-002,F021,CRM-CAP-006,INT,NO_DIRECT_UI,,,,,,,,,NOT_STARTED,Clean rebuild has not yet reached this feature; see CRM_CLEAN_REBUILD_REGISTER.md tranche plan.
F021-API-001,F021,CRM-CAP-006,API,NO_DIRECT_UI,,,,,,,,,NOT_STARTED,Clean rebuild has not yet reached this feature; see CRM_CLEAN_REBUILD_REGISTER.md tranche plan.
F021-API-002,F021,CRM-CAP-006,API,NO_DIRECT_UI,,,,,,,,,NOT_STARTED,Clean rebuild has not yet reached this feature; see CRM_CLEAN_REBUILD_REGISTER.md tranche plan.
F021-PERF-001,F021,CRM-CAP-006,PERF,NO_DIRECT_UI,,,,,,,,,NOT_STARTED,Clean rebuild has not yet reached this feature; see CRM_CLEAN_REBUILD_REGISTER.md tranche plan.
F021-OBS-001,F021,CRM-CAP-006,OBS,NO_DIRECT_UI,,,,,,,,,NOT_STARTED,Clean rebuild has not yet reached this feature; see CRM_CLEAN_REBUILD_REGISTER.md tranche plan.
F021-E2E-001,F021,CRM-CAP-006,E2E,AFFECTS_UI_STATE,,,,,,,,,NOT_STARTED,Clean rebuild has not yet reached this feature; see CRM_CLEAN_REBUILD_REGISTER.md tranche plan.
F021-E2E-002,F021,CRM-CAP-006,E2E,AFFECTS_UI_STATE,,,,,,,,,NOT_STARTED,Clean rebuild has not yet reached this feature; see CRM_CLEAN_REBUILD_REGISTER.md tranche plan.
F021-UAT-001,F021,CRM-CAP-006,UAT,AFFECTS_UI_STATE,,,,,,,,,NOT_STARTED,Clean rebuild has not yet reached this feature; see CRM_CLEAN_REBUILD_REGISTER.md tranche plan.
F021-UAT-002,F021,CRM-CAP-006,UAT,AFFECTS_UI_STATE,,,,,,,,,NOT_STARTED,Clean rebuild has not yet reached this feature; see CRM_CLEAN_REBUILD_REGISTER.md tranche plan.
F022-CAP-001,F022,CRM-CAP-007,CAP,NO_DIRECT_UI,,,,,,,,,NOT_STARTED,Clean rebuild has not yet reached this feature; see CRM_CLEAN_REBUILD_REGISTER.md tranche plan.
F022-CAP-002,F022,CRM-CAP-007,CAP,NO_DIRECT_UI,,,,,,,,,NOT_STARTED,Clean rebuild has not yet reached this feature; see CRM_CLEAN_REBUILD_REGISTER.md tranche plan.
F022-CAP-003,F022,CRM-CAP-007,CAP,NO_DIRECT_UI,,,,,,,,,NOT_STARTED,Clean rebuild has not yet reached this feature; see CRM_CLEAN_REBUILD_REGISTER.md tranche plan.
F022-FR-001,F022,CRM-CAP-007,FR,AFFECTS_UI_STATE,,,,,,,,,NOT_STARTED,Clean rebuild has not yet reached this feature; see CRM_CLEAN_REBUILD_REGISTER.md tranche plan.
F022-FR-002,F022,CRM-CAP-007,FR,AFFECTS_UI_STATE,,,,,,,,,NOT_STARTED,Clean rebuild has not yet reached this feature; see CRM_CLEAN_REBUILD_REGISTER.md tranche plan.
F022-FR-003,F022,CRM-CAP-007,FR,AFFECTS_UI_STATE,,,,,,,,,NOT_STARTED,Clean rebuild has not yet reached this feature; see CRM_CLEAN_REBUILD_REGISTER.md tranche plan.
F022-US-001,F022,CRM-CAP-007,US,DIRECT_UI,,,,,,,,,NOT_STARTED,Clean rebuild has not yet reached this feature; see CRM_CLEAN_REBUILD_REGISTER.md tranche plan.
F022-US-002,F022,CRM-CAP-007,US,DIRECT_UI,,,,,,,,,NOT_STARTED,Clean rebuild has not yet reached this feature; see CRM_CLEAN_REBUILD_REGISTER.md tranche plan.
F022-FLOW-001,F022,CRM-CAP-007,FLOW,AFFECTS_UI_STATE,,,,,,,,,NOT_STARTED,Clean rebuild has not yet reached this feature; see CRM_CLEAN_REBUILD_REGISTER.md tranche plan.
F022-FLOW-002,F022,CRM-CAP-007,FLOW,AFFECTS_UI_STATE,,,,,,,,,NOT_STARTED,Clean rebuild has not yet reached this feature; see CRM_CLEAN_REBUILD_REGISTER.md tranche plan.
F022-BR-001,F022,CRM-CAP-007,BR,NO_DIRECT_UI,,,,,,,,,NOT_STARTED,Clean rebuild has not yet reached this feature; see CRM_CLEAN_REBUILD_REGISTER.md tranche plan.
F022-BR-002,F022,CRM-CAP-007,BR,NO_DIRECT_UI,,,,,,,,,NOT_STARTED,Clean rebuild has not yet reached this feature; see CRM_CLEAN_REBUILD_REGISTER.md tranche plan.
F022-DATA-001,F022,CRM-CAP-007,DATA,NO_DIRECT_UI,,,,,,,,,NOT_STARTED,Clean rebuild has not yet reached this feature; see CRM_CLEAN_REBUILD_REGISTER.md tranche plan.
F022-DATA-002,F022,CRM-CAP-007,DATA,NO_DIRECT_UI,,,,,,,,,NOT_STARTED,Clean rebuild has not yet reached this feature; see CRM_CLEAN_REBUILD_REGISTER.md tranche plan.
F022-VAL-001,F022,CRM-CAP-007,VAL,NO_DIRECT_UI,,,,,,,,,NOT_STARTED,Clean rebuild has not yet reached this feature; see CRM_CLEAN_REBUILD_REGISTER.md tranche plan.
F022-VAL-002,F022,CRM-CAP-007,VAL,NO_DIRECT_UI,,,,,,,,,NOT_STARTED,Clean rebuild has not yet reached this feature; see CRM_CLEAN_REBUILD_REGISTER.md tranche plan.
F022-CALC-001,F022,CRM-CAP-007,CALC,NO_DIRECT_UI,,,,,,,,,NOT_STARTED,Clean rebuild has not yet reached this feature; see CRM_CLEAN_REBUILD_REGISTER.md tranche plan.
F022-UX-001,F022,CRM-CAP-007,UX,DIRECT_UI,,,,,,,,,NOT_STARTED,Clean rebuild has not yet reached this feature; see CRM_CLEAN_REBUILD_REGISTER.md tranche plan.
F022-UX-002,F022,CRM-CAP-007,UX,DIRECT_UI,,,,,,,,,NOT_STARTED,Clean rebuild has not yet reached this feature; see CRM_CLEAN_REBUILD_REGISTER.md tranche plan.
F022-UX-003,F022,CRM-CAP-007,UX,DIRECT_UI,,,,,,,,,NOT_STARTED,Clean rebuild has not yet reached this feature; see CRM_CLEAN_REBUILD_REGISTER.md tranche plan.
F022-SEC-001,F022,CRM-CAP-007,SEC,NO_DIRECT_UI,,,,,,,,,NOT_STARTED,Clean rebuild has not yet reached this feature; see CRM_CLEAN_REBUILD_REGISTER.md tranche plan.
F022-SEC-002,F022,CRM-CAP-007,SEC,NO_DIRECT_UI,,,,,,,,,NOT_STARTED,Clean rebuild has not yet reached this feature; see CRM_CLEAN_REBUILD_REGISTER.md tranche plan.
F022-AUTO-001,F022,CRM-CAP-007,AUTO,NO_DIRECT_UI,,,,,,,,,NOT_STARTED,Clean rebuild has not yet reached this feature; see CRM_CLEAN_REBUILD_REGISTER.md tranche plan.
F022-APP-001,F022,CRM-CAP-007,APP,DIRECT_UI,,,,,,,,,NOT_STARTED,Clean rebuild has not yet reached this feature; see CRM_CLEAN_REBUILD_REGISTER.md tranche plan.
F022-NOTIF-001,F022,CRM-CAP-007,NOTIF,AFFECTS_UI_STATE,,,,,,,,,NOT_STARTED,Clean rebuild has not yet reached this feature; see CRM_CLEAN_REBUILD_REGISTER.md tranche plan.
F022-REP-001,F022,CRM-CAP-007,REP,AFFECTS_UI_STATE,,,,,,,,,NOT_STARTED,Clean rebuild has not yet reached this feature; see CRM_CLEAN_REBUILD_REGISTER.md tranche plan.
F022-AI-001,F022,CRM-CAP-007,AI,NO_DIRECT_UI,,,,,,,,,NOT_STARTED,Clean rebuild has not yet reached this feature; see CRM_CLEAN_REBUILD_REGISTER.md tranche plan.
F022-INT-001,F022,CRM-CAP-007,INT,NO_DIRECT_UI,,,,,,,,,NOT_STARTED,Clean rebuild has not yet reached this feature; see CRM_CLEAN_REBUILD_REGISTER.md tranche plan.
F022-INT-002,F022,CRM-CAP-007,INT,NO_DIRECT_UI,,,,,,,,,NOT_STARTED,Clean rebuild has not yet reached this feature; see CRM_CLEAN_REBUILD_REGISTER.md tranche plan.
F022-API-001,F022,CRM-CAP-007,API,NO_DIRECT_UI,,,,,,,,,NOT_STARTED,Clean rebuild has not yet reached this feature; see CRM_CLEAN_REBUILD_REGISTER.md tranche plan.
F022-API-002,F022,CRM-CAP-007,API,NO_DIRECT_UI,,,,,,,,,NOT_STARTED,Clean rebuild has not yet reached this feature; see CRM_CLEAN_REBUILD_REGISTER.md tranche plan.
F022-PERF-001,F022,CRM-CAP-007,PERF,NO_DIRECT_UI,,,,,,,,,NOT_STARTED,Clean rebuild has not yet reached this feature; see CRM_CLEAN_REBUILD_REGISTER.md tranche plan.
F022-OBS-001,F022,CRM-CAP-007,OBS,NO_DIRECT_UI,,,,,,,,,NOT_STARTED,Clean rebuild has not yet reached this feature; see CRM_CLEAN_REBUILD_REGISTER.md tranche plan.
F022-E2E-001,F022,CRM-CAP-007,E2E,AFFECTS_UI_STATE,,,,,,,,,NOT_STARTED,Clean rebuild has not yet reached this feature; see CRM_CLEAN_REBUILD_REGISTER.md tranche plan.
F022-E2E-002,F022,CRM-CAP-007,E2E,AFFECTS_UI_STATE,,,,,,,,,NOT_STARTED,Clean rebuild has not yet reached this feature; see CRM_CLEAN_REBUILD_REGISTER.md tranche plan.
F022-UAT-001,F022,CRM-CAP-007,UAT,AFFECTS_UI_STATE,,,,,,,,,NOT_STARTED,Clean rebuild has not yet reached this feature; see CRM_CLEAN_REBUILD_REGISTER.md tranche plan.
F022-UAT-002,F022,CRM-CAP-007,UAT,AFFECTS_UI_STATE,,,,,,,,,NOT_STARTED,Clean rebuild has not yet reached this feature; see CRM_CLEAN_REBUILD_REGISTER.md tranche plan.
F023-CAP-001,F023,CRM-CAP-007,CAP,NO_DIRECT_UI,,,,,,,,,NOT_STARTED,Clean rebuild has not yet reached this feature; see CRM_CLEAN_REBUILD_REGISTER.md tranche plan.
F023-CAP-002,F023,CRM-CAP-007,CAP,NO_DIRECT_UI,,,,,,,,,NOT_STARTED,Clean rebuild has not yet reached this feature; see CRM_CLEAN_REBUILD_REGISTER.md tranche plan.
F023-CAP-003,F023,CRM-CAP-007,CAP,NO_DIRECT_UI,,,,,,,,,NOT_STARTED,Clean rebuild has not yet reached this feature; see CRM_CLEAN_REBUILD_REGISTER.md tranche plan.
F023-FR-001,F023,CRM-CAP-007,FR,AFFECTS_UI_STATE,,,,,,,,,NOT_STARTED,Clean rebuild has not yet reached this feature; see CRM_CLEAN_REBUILD_REGISTER.md tranche plan.
F023-FR-002,F023,CRM-CAP-007,FR,AFFECTS_UI_STATE,,,,,,,,,NOT_STARTED,Clean rebuild has not yet reached this feature; see CRM_CLEAN_REBUILD_REGISTER.md tranche plan.
F023-FR-003,F023,CRM-CAP-007,FR,AFFECTS_UI_STATE,,,,,,,,,NOT_STARTED,Clean rebuild has not yet reached this feature; see CRM_CLEAN_REBUILD_REGISTER.md tranche plan.
F023-US-001,F023,CRM-CAP-007,US,DIRECT_UI,,,,,,,,,NOT_STARTED,Clean rebuild has not yet reached this feature; see CRM_CLEAN_REBUILD_REGISTER.md tranche plan.
F023-US-002,F023,CRM-CAP-007,US,DIRECT_UI,,,,,,,,,NOT_STARTED,Clean rebuild has not yet reached this feature; see CRM_CLEAN_REBUILD_REGISTER.md tranche plan.
F023-FLOW-001,F023,CRM-CAP-007,FLOW,AFFECTS_UI_STATE,,,,,,,,,NOT_STARTED,Clean rebuild has not yet reached this feature; see CRM_CLEAN_REBUILD_REGISTER.md tranche plan.
F023-FLOW-002,F023,CRM-CAP-007,FLOW,AFFECTS_UI_STATE,,,,,,,,,NOT_STARTED,Clean rebuild has not yet reached this feature; see CRM_CLEAN_REBUILD_REGISTER.md tranche plan.
F023-BR-001,F023,CRM-CAP-007,BR,NO_DIRECT_UI,,,,,,,,,NOT_STARTED,Clean rebuild has not yet reached this feature; see CRM_CLEAN_REBUILD_REGISTER.md tranche plan.
F023-BR-002,F023,CRM-CAP-007,BR,NO_DIRECT_UI,,,,,,,,,NOT_STARTED,Clean rebuild has not yet reached this feature; see CRM_CLEAN_REBUILD_REGISTER.md tranche plan.
F023-DATA-001,F023,CRM-CAP-007,DATA,NO_DIRECT_UI,,,,,,,,,NOT_STARTED,Clean rebuild has not yet reached this feature; see CRM_CLEAN_REBUILD_REGISTER.md tranche plan.
F023-DATA-002,F023,CRM-CAP-007,DATA,NO_DIRECT_UI,,,,,,,,,NOT_STARTED,Clean rebuild has not yet reached this feature; see CRM_CLEAN_REBUILD_REGISTER.md tranche plan.
F023-VAL-001,F023,CRM-CAP-007,VAL,NO_DIRECT_UI,,,,,,,,,NOT_STARTED,Clean rebuild has not yet reached this feature; see CRM_CLEAN_REBUILD_REGISTER.md tranche plan.
F023-VAL-002,F023,CRM-CAP-007,VAL,NO_DIRECT_UI,,,,,,,,,NOT_STARTED,Clean rebuild has not yet reached this feature; see CRM_CLEAN_REBUILD_REGISTER.md tranche plan.
F023-CALC-001,F023,CRM-CAP-007,CALC,NO_DIRECT_UI,,,,,,,,,NOT_STARTED,Clean rebuild has not yet reached this feature; see CRM_CLEAN_REBUILD_REGISTER.md tranche plan.
F023-UX-001,F023,CRM-CAP-007,UX,DIRECT_UI,,,,,,,,,NOT_STARTED,Clean rebuild has not yet reached this feature; see CRM_CLEAN_REBUILD_REGISTER.md tranche plan.
F023-UX-002,F023,CRM-CAP-007,UX,DIRECT_UI,,,,,,,,,NOT_STARTED,Clean rebuild has not yet reached this feature; see CRM_CLEAN_REBUILD_REGISTER.md tranche plan.
F023-UX-003,F023,CRM-CAP-007,UX,DIRECT_UI,,,,,,,,,NOT_STARTED,Clean rebuild has not yet reached this feature; see CRM_CLEAN_REBUILD_REGISTER.md tranche plan.
F023-SEC-001,F023,CRM-CAP-007,SEC,NO_DIRECT_UI,,,,,,,,,NOT_STARTED,Clean rebuild has not yet reached this feature; see CRM_CLEAN_REBUILD_REGISTER.md tranche plan.
F023-SEC-002,F023,CRM-CAP-007,SEC,NO_DIRECT_UI,,,,,,,,,NOT_STARTED,Clean rebuild has not yet reached this feature; see CRM_CLEAN_REBUILD_REGISTER.md tranche plan.
F023-AUTO-001,F023,CRM-CAP-007,AUTO,NO_DIRECT_UI,,,,,,,,,NOT_STARTED,Clean rebuild has not yet reached this feature; see CRM_CLEAN_REBUILD_REGISTER.md tranche plan.
F023-APP-001,F023,CRM-CAP-007,APP,DIRECT_UI,,,,,,,,,NOT_STARTED,Clean rebuild has not yet reached this feature; see CRM_CLEAN_REBUILD_REGISTER.md tranche plan.
F023-NOTIF-001,F023,CRM-CAP-007,NOTIF,AFFECTS_UI_STATE,,,,,,,,,NOT_STARTED,Clean rebuild has not yet reached this feature; see CRM_CLEAN_REBUILD_REGISTER.md tranche plan.
F023-REP-001,F023,CRM-CAP-007,REP,AFFECTS_UI_STATE,,,,,,,,,NOT_STARTED,Clean rebuild has not yet reached this feature; see CRM_CLEAN_REBUILD_REGISTER.md tranche plan.
F023-AI-001,F023,CRM-CAP-007,AI,NO_DIRECT_UI,,,,,,,,,NOT_STARTED,Clean rebuild has not yet reached this feature; see CRM_CLEAN_REBUILD_REGISTER.md tranche plan.
F023-INT-001,F023,CRM-CAP-007,INT,NO_DIRECT_UI,,,,,,,,,NOT_STARTED,Clean rebuild has not yet reached this feature; see CRM_CLEAN_REBUILD_REGISTER.md tranche plan.
F023-INT-002,F023,CRM-CAP-007,INT,NO_DIRECT_UI,,,,,,,,,NOT_STARTED,Clean rebuild has not yet reached this feature; see CRM_CLEAN_REBUILD_REGISTER.md tranche plan.
F023-API-001,F023,CRM-CAP-007,API,NO_DIRECT_UI,,,,,,,,,NOT_STARTED,Clean rebuild has not yet reached this feature; see CRM_CLEAN_REBUILD_REGISTER.md tranche plan.
F023-API-002,F023,CRM-CAP-007,API,NO_DIRECT_UI,,,,,,,,,NOT_STARTED,Clean rebuild has not yet reached this feature; see CRM_CLEAN_REBUILD_REGISTER.md tranche plan.
F023-PERF-001,F023,CRM-CAP-007,PERF,NO_DIRECT_UI,,,,,,,,,NOT_STARTED,Clean rebuild has not yet reached this feature; see CRM_CLEAN_REBUILD_REGISTER.md tranche plan.
F023-OBS-001,F023,CRM-CAP-007,OBS,NO_DIRECT_UI,,,,,,,,,NOT_STARTED,Clean rebuild has not yet reached this feature; see CRM_CLEAN_REBUILD_REGISTER.md tranche plan.
F023-E2E-001,F023,CRM-CAP-007,E2E,AFFECTS_UI_STATE,,,,,,,,,NOT_STARTED,Clean rebuild has not yet reached this feature; see CRM_CLEAN_REBUILD_REGISTER.md tranche plan.
F023-E2E-002,F023,CRM-CAP-007,E2E,AFFECTS_UI_STATE,,,,,,,,,NOT_STARTED,Clean rebuild has not yet reached this feature; see CRM_CLEAN_REBUILD_REGISTER.md tranche plan.
F023-UAT-001,F023,CRM-CAP-007,UAT,AFFECTS_UI_STATE,,,,,,,,,NOT_STARTED,Clean rebuild has not yet reached this feature; see CRM_CLEAN_REBUILD_REGISTER.md tranche plan.
F023-UAT-002,F023,CRM-CAP-007,UAT,AFFECTS_UI_STATE,,,,,,,,,NOT_STARTED,Clean rebuild has not yet reached this feature; see CRM_CLEAN_REBUILD_REGISTER.md tranche plan.
F024-CAP-001,F024,CRM-CAP-008,CAP,NO_DIRECT_UI,,,,,,,,,NOT_STARTED,Clean rebuild has not yet reached this feature; see CRM_CLEAN_REBUILD_REGISTER.md tranche plan.
F024-CAP-002,F024,CRM-CAP-008,CAP,NO_DIRECT_UI,,,,,,,,,NOT_STARTED,Clean rebuild has not yet reached this feature; see CRM_CLEAN_REBUILD_REGISTER.md tranche plan.
F024-CAP-003,F024,CRM-CAP-008,CAP,NO_DIRECT_UI,,,,,,,,,NOT_STARTED,Clean rebuild has not yet reached this feature; see CRM_CLEAN_REBUILD_REGISTER.md tranche plan.
F024-FR-001,F024,CRM-CAP-008,FR,AFFECTS_UI_STATE,,,,,,,,,NOT_STARTED,Clean rebuild has not yet reached this feature; see CRM_CLEAN_REBUILD_REGISTER.md tranche plan.
F024-FR-002,F024,CRM-CAP-008,FR,AFFECTS_UI_STATE,,,,,,,,,NOT_STARTED,Clean rebuild has not yet reached this feature; see CRM_CLEAN_REBUILD_REGISTER.md tranche plan.
F024-FR-003,F024,CRM-CAP-008,FR,AFFECTS_UI_STATE,,,,,,,,,NOT_STARTED,Clean rebuild has not yet reached this feature; see CRM_CLEAN_REBUILD_REGISTER.md tranche plan.
F024-US-001,F024,CRM-CAP-008,US,DIRECT_UI,,,,,,,,,NOT_STARTED,Clean rebuild has not yet reached this feature; see CRM_CLEAN_REBUILD_REGISTER.md tranche plan.
F024-US-002,F024,CRM-CAP-008,US,DIRECT_UI,,,,,,,,,NOT_STARTED,Clean rebuild has not yet reached this feature; see CRM_CLEAN_REBUILD_REGISTER.md tranche plan.
F024-FLOW-001,F024,CRM-CAP-008,FLOW,AFFECTS_UI_STATE,,,,,,,,,NOT_STARTED,Clean rebuild has not yet reached this feature; see CRM_CLEAN_REBUILD_REGISTER.md tranche plan.
F024-FLOW-002,F024,CRM-CAP-008,FLOW,AFFECTS_UI_STATE,,,,,,,,,NOT_STARTED,Clean rebuild has not yet reached this feature; see CRM_CLEAN_REBUILD_REGISTER.md tranche plan.
F024-BR-001,F024,CRM-CAP-008,BR,NO_DIRECT_UI,,,,,,,,,NOT_STARTED,Clean rebuild has not yet reached this feature; see CRM_CLEAN_REBUILD_REGISTER.md tranche plan.
F024-BR-002,F024,CRM-CAP-008,BR,NO_DIRECT_UI,,,,,,,,,NOT_STARTED,Clean rebuild has not yet reached this feature; see CRM_CLEAN_REBUILD_REGISTER.md tranche plan.
F024-DATA-001,F024,CRM-CAP-008,DATA,NO_DIRECT_UI,,,,,,,,,NOT_STARTED,Clean rebuild has not yet reached this feature; see CRM_CLEAN_REBUILD_REGISTER.md tranche plan.
F024-DATA-002,F024,CRM-CAP-008,DATA,NO_DIRECT_UI,,,,,,,,,NOT_STARTED,Clean rebuild has not yet reached this feature; see CRM_CLEAN_REBUILD_REGISTER.md tranche plan.
F024-VAL-001,F024,CRM-CAP-008,VAL,NO_DIRECT_UI,,,,,,,,,NOT_STARTED,Clean rebuild has not yet reached this feature; see CRM_CLEAN_REBUILD_REGISTER.md tranche plan.
F024-VAL-002,F024,CRM-CAP-008,VAL,NO_DIRECT_UI,,,,,,,,,NOT_STARTED,Clean rebuild has not yet reached this feature; see CRM_CLEAN_REBUILD_REGISTER.md tranche plan.
F024-CALC-001,F024,CRM-CAP-008,CALC,NO_DIRECT_UI,,,,,,,,,NOT_STARTED,Clean rebuild has not yet reached this feature; see CRM_CLEAN_REBUILD_REGISTER.md tranche plan.
F024-UX-001,F024,CRM-CAP-008,UX,DIRECT_UI,,,,,,,,,NOT_STARTED,Clean rebuild has not yet reached this feature; see CRM_CLEAN_REBUILD_REGISTER.md tranche plan.
F024-UX-002,F024,CRM-CAP-008,UX,DIRECT_UI,,,,,,,,,NOT_STARTED,Clean rebuild has not yet reached this feature; see CRM_CLEAN_REBUILD_REGISTER.md tranche plan.
F024-UX-003,F024,CRM-CAP-008,UX,DIRECT_UI,,,,,,,,,NOT_STARTED,Clean rebuild has not yet reached this feature; see CRM_CLEAN_REBUILD_REGISTER.md tranche plan.
F024-SEC-001,F024,CRM-CAP-008,SEC,NO_DIRECT_UI,,,,,,,,,NOT_STARTED,Clean rebuild has not yet reached this feature; see CRM_CLEAN_REBUILD_REGISTER.md tranche plan.
F024-SEC-002,F024,CRM-CAP-008,SEC,NO_DIRECT_UI,,,,,,,,,NOT_STARTED,Clean rebuild has not yet reached this feature; see CRM_CLEAN_REBUILD_REGISTER.md tranche plan.
F024-AUTO-001,F024,CRM-CAP-008,AUTO,NO_DIRECT_UI,,,,,,,,,NOT_STARTED,Clean rebuild has not yet reached this feature; see CRM_CLEAN_REBUILD_REGISTER.md tranche plan.
F024-APP-001,F024,CRM-CAP-008,APP,DIRECT_UI,,,,,,,,,NOT_STARTED,Clean rebuild has not yet reached this feature; see CRM_CLEAN_REBUILD_REGISTER.md tranche plan.
F024-NOTIF-001,F024,CRM-CAP-008,NOTIF,AFFECTS_UI_STATE,,,,,,,,,NOT_STARTED,Clean rebuild has not yet reached this feature; see CRM_CLEAN_REBUILD_REGISTER.md tranche plan.
F024-REP-001,F024,CRM-CAP-008,REP,AFFECTS_UI_STATE,,,,,,,,,NOT_STARTED,Clean rebuild has not yet reached this feature; see CRM_CLEAN_REBUILD_REGISTER.md tranche plan.
F024-AI-001,F024,CRM-CAP-008,AI,NO_DIRECT_UI,,,,,,,,,NOT_STARTED,Clean rebuild has not yet reached this feature; see CRM_CLEAN_REBUILD_REGISTER.md tranche plan.
F024-INT-001,F024,CRM-CAP-008,INT,NO_DIRECT_UI,,,,,,,,,NOT_STARTED,Clean rebuild has not yet reached this feature; see CRM_CLEAN_REBUILD_REGISTER.md tranche plan.
F024-INT-002,F024,CRM-CAP-008,INT,NO_DIRECT_UI,,,,,,,,,NOT_STARTED,Clean rebuild has not yet reached this feature; see CRM_CLEAN_REBUILD_REGISTER.md tranche plan.
F024-API-001,F024,CRM-CAP-008,API,NO_DIRECT_UI,,,,,,,,,NOT_STARTED,Clean rebuild has not yet reached this feature; see CRM_CLEAN_REBUILD_REGISTER.md tranche plan.
F024-API-002,F024,CRM-CAP-008,API,NO_DIRECT_UI,,,,,,,,,NOT_STARTED,Clean rebuild has not yet reached this feature; see CRM_CLEAN_REBUILD_REGISTER.md tranche plan.
F024-PERF-001,F024,CRM-CAP-008,PERF,NO_DIRECT_UI,,,,,,,,,NOT_STARTED,Clean rebuild has not yet reached this feature; see CRM_CLEAN_REBUILD_REGISTER.md tranche plan.
F024-OBS-001,F024,CRM-CAP-008,OBS,NO_DIRECT_UI,,,,,,,,,NOT_STARTED,Clean rebuild has not yet reached this feature; see CRM_CLEAN_REBUILD_REGISTER.md tranche plan.
F024-E2E-001,F024,CRM-CAP-008,E2E,AFFECTS_UI_STATE,,,,,,,,,NOT_STARTED,Clean rebuild has not yet reached this feature; see CRM_CLEAN_REBUILD_REGISTER.md tranche plan.
F024-E2E-002,F024,CRM-CAP-008,E2E,AFFECTS_UI_STATE,,,,,,,,,NOT_STARTED,Clean rebuild has not yet reached this feature; see CRM_CLEAN_REBUILD_REGISTER.md tranche plan.
F024-UAT-001,F024,CRM-CAP-008,UAT,AFFECTS_UI_STATE,,,,,,,,,NOT_STARTED,Clean rebuild has not yet reached this feature; see CRM_CLEAN_REBUILD_REGISTER.md tranche plan.
F024-UAT-002,F024,CRM-CAP-008,UAT,AFFECTS_UI_STATE,,,,,,,,,NOT_STARTED,Clean rebuild has not yet reached this feature; see CRM_CLEAN_REBUILD_REGISTER.md tranche plan.
F025-CAP-001,F025,CRM-CAP-008,CAP,NO_DIRECT_UI,,,,,,,,,NOT_STARTED,Clean rebuild has not yet reached this feature; see CRM_CLEAN_REBUILD_REGISTER.md tranche plan.
F025-CAP-002,F025,CRM-CAP-008,CAP,NO_DIRECT_UI,,,,,,,,,NOT_STARTED,Clean rebuild has not yet reached this feature; see CRM_CLEAN_REBUILD_REGISTER.md tranche plan.
F025-CAP-003,F025,CRM-CAP-008,CAP,NO_DIRECT_UI,,,,,,,,,NOT_STARTED,Clean rebuild has not yet reached this feature; see CRM_CLEAN_REBUILD_REGISTER.md tranche plan.
F025-FR-001,F025,CRM-CAP-008,FR,AFFECTS_UI_STATE,,,,,,,,,NOT_STARTED,Clean rebuild has not yet reached this feature; see CRM_CLEAN_REBUILD_REGISTER.md tranche plan.
F025-FR-002,F025,CRM-CAP-008,FR,AFFECTS_UI_STATE,,,,,,,,,NOT_STARTED,Clean rebuild has not yet reached this feature; see CRM_CLEAN_REBUILD_REGISTER.md tranche plan.
F025-FR-003,F025,CRM-CAP-008,FR,AFFECTS_UI_STATE,,,,,,,,,NOT_STARTED,Clean rebuild has not yet reached this feature; see CRM_CLEAN_REBUILD_REGISTER.md tranche plan.
F025-US-001,F025,CRM-CAP-008,US,DIRECT_UI,,,,,,,,,NOT_STARTED,Clean rebuild has not yet reached this feature; see CRM_CLEAN_REBUILD_REGISTER.md tranche plan.
F025-US-002,F025,CRM-CAP-008,US,DIRECT_UI,,,,,,,,,NOT_STARTED,Clean rebuild has not yet reached this feature; see CRM_CLEAN_REBUILD_REGISTER.md tranche plan.
F025-FLOW-001,F025,CRM-CAP-008,FLOW,AFFECTS_UI_STATE,,,,,,,,,NOT_STARTED,Clean rebuild has not yet reached this feature; see CRM_CLEAN_REBUILD_REGISTER.md tranche plan.
F025-FLOW-002,F025,CRM-CAP-008,FLOW,AFFECTS_UI_STATE,,,,,,,,,NOT_STARTED,Clean rebuild has not yet reached this feature; see CRM_CLEAN_REBUILD_REGISTER.md tranche plan.
F025-BR-001,F025,CRM-CAP-008,BR,NO_DIRECT_UI,,,,,,,,,NOT_STARTED,Clean rebuild has not yet reached this feature; see CRM_CLEAN_REBUILD_REGISTER.md tranche plan.
F025-BR-002,F025,CRM-CAP-008,BR,NO_DIRECT_UI,,,,,,,,,NOT_STARTED,Clean rebuild has not yet reached this feature; see CRM_CLEAN_REBUILD_REGISTER.md tranche plan.
F025-DATA-001,F025,CRM-CAP-008,DATA,NO_DIRECT_UI,,,,,,,,,NOT_STARTED,Clean rebuild has not yet reached this feature; see CRM_CLEAN_REBUILD_REGISTER.md tranche plan.
F025-DATA-002,F025,CRM-CAP-008,DATA,NO_DIRECT_UI,,,,,,,,,NOT_STARTED,Clean rebuild has not yet reached this feature; see CRM_CLEAN_REBUILD_REGISTER.md tranche plan.
F025-VAL-001,F025,CRM-CAP-008,VAL,NO_DIRECT_UI,,,,,,,,,NOT_STARTED,Clean rebuild has not yet reached this feature; see CRM_CLEAN_REBUILD_REGISTER.md tranche plan.
F025-VAL-002,F025,CRM-CAP-008,VAL,NO_DIRECT_UI,,,,,,,,,NOT_STARTED,Clean rebuild has not yet reached this feature; see CRM_CLEAN_REBUILD_REGISTER.md tranche plan.
F025-CALC-001,F025,CRM-CAP-008,CALC,NO_DIRECT_UI,,,,,,,,,NOT_STARTED,Clean rebuild has not yet reached this feature; see CRM_CLEAN_REBUILD_REGISTER.md tranche plan.
F025-UX-001,F025,CRM-CAP-008,UX,DIRECT_UI,,,,,,,,,NOT_STARTED,Clean rebuild has not yet reached this feature; see CRM_CLEAN_REBUILD_REGISTER.md tranche plan.
F025-UX-002,F025,CRM-CAP-008,UX,DIRECT_UI,,,,,,,,,NOT_STARTED,Clean rebuild has not yet reached this feature; see CRM_CLEAN_REBUILD_REGISTER.md tranche plan.
F025-UX-003,F025,CRM-CAP-008,UX,DIRECT_UI,,,,,,,,,NOT_STARTED,Clean rebuild has not yet reached this feature; see CRM_CLEAN_REBUILD_REGISTER.md tranche plan.
F025-SEC-001,F025,CRM-CAP-008,SEC,NO_DIRECT_UI,,,,,,,,,NOT_STARTED,Clean rebuild has not yet reached this feature; see CRM_CLEAN_REBUILD_REGISTER.md tranche plan.
F025-SEC-002,F025,CRM-CAP-008,SEC,NO_DIRECT_UI,,,,,,,,,NOT_STARTED,Clean rebuild has not yet reached this feature; see CRM_CLEAN_REBUILD_REGISTER.md tranche plan.
F025-AUTO-001,F025,CRM-CAP-008,AUTO,NO_DIRECT_UI,,,,,,,,,NOT_STARTED,Clean rebuild has not yet reached this feature; see CRM_CLEAN_REBUILD_REGISTER.md tranche plan.
F025-APP-001,F025,CRM-CAP-008,APP,DIRECT_UI,,,,,,,,,NOT_STARTED,Clean rebuild has not yet reached this feature; see CRM_CLEAN_REBUILD_REGISTER.md tranche plan.
F025-NOTIF-001,F025,CRM-CAP-008,NOTIF,AFFECTS_UI_STATE,,,,,,,,,NOT_STARTED,Clean rebuild has not yet reached this feature; see CRM_CLEAN_REBUILD_REGISTER.md tranche plan.
F025-REP-001,F025,CRM-CAP-008,REP,AFFECTS_UI_STATE,,,,,,,,,NOT_STARTED,Clean rebuild has not yet reached this feature; see CRM_CLEAN_REBUILD_REGISTER.md tranche plan.
F025-AI-001,F025,CRM-CAP-008,AI,NO_DIRECT_UI,,,,,,,,,NOT_STARTED,Clean rebuild has not yet reached this feature; see CRM_CLEAN_REBUILD_REGISTER.md tranche plan.
F025-INT-001,F025,CRM-CAP-008,INT,NO_DIRECT_UI,,,,,,,,,NOT_STARTED,Clean rebuild has not yet reached this feature; see CRM_CLEAN_REBUILD_REGISTER.md tranche plan.
F025-INT-002,F025,CRM-CAP-008,INT,NO_DIRECT_UI,,,,,,,,,NOT_STARTED,Clean rebuild has not yet reached this feature; see CRM_CLEAN_REBUILD_REGISTER.md tranche plan.
F025-API-001,F025,CRM-CAP-008,API,NO_DIRECT_UI,,,,,,,,,NOT_STARTED,Clean rebuild has not yet reached this feature; see CRM_CLEAN_REBUILD_REGISTER.md tranche plan.
F025-API-002,F025,CRM-CAP-008,API,NO_DIRECT_UI,,,,,,,,,NOT_STARTED,Clean rebuild has not yet reached this feature; see CRM_CLEAN_REBUILD_REGISTER.md tranche plan.
F025-PERF-001,F025,CRM-CAP-008,PERF,NO_DIRECT_UI,,,,,,,,,NOT_STARTED,Clean rebuild has not yet reached this feature; see CRM_CLEAN_REBUILD_REGISTER.md tranche plan.
F025-OBS-001,F025,CRM-CAP-008,OBS,NO_DIRECT_UI,,,,,,,,,NOT_STARTED,Clean rebuild has not yet reached this feature; see CRM_CLEAN_REBUILD_REGISTER.md tranche plan.
F025-E2E-001,F025,CRM-CAP-008,E2E,AFFECTS_UI_STATE,,,,,,,,,NOT_STARTED,Clean rebuild has not yet reached this feature; see CRM_CLEAN_REBUILD_REGISTER.md tranche plan.
F025-E2E-002,F025,CRM-CAP-008,E2E,AFFECTS_UI_STATE,,,,,,,,,NOT_STARTED,Clean rebuild has not yet reached this feature; see CRM_CLEAN_REBUILD_REGISTER.md tranche plan.
F025-UAT-001,F025,CRM-CAP-008,UAT,AFFECTS_UI_STATE,,,,,,,,,NOT_STARTED,Clean rebuild has not yet reached this feature; see CRM_CLEAN_REBUILD_REGISTER.md tranche plan.
F025-UAT-002,F025,CRM-CAP-008,UAT,AFFECTS_UI_STATE,,,,,,,,,NOT_STARTED,Clean rebuild has not yet reached this feature; see CRM_CLEAN_REBUILD_REGISTER.md tranche plan.
F026-CAP-001,F026,CRM-CAP-003,CAP,NO_DIRECT_UI,,,,,,,,,NOT_STARTED,Clean rebuild has not yet reached this feature; see CRM_CLEAN_REBUILD_REGISTER.md tranche plan.
F026-CAP-002,F026,CRM-CAP-003,CAP,NO_DIRECT_UI,,,,,,,,,NOT_STARTED,Clean rebuild has not yet reached this feature; see CRM_CLEAN_REBUILD_REGISTER.md tranche plan.
F026-CAP-003,F026,CRM-CAP-003,CAP,NO_DIRECT_UI,,,,,,,,,NOT_STARTED,Clean rebuild has not yet reached this feature; see CRM_CLEAN_REBUILD_REGISTER.md tranche plan.
F026-FR-001,F026,CRM-CAP-003,FR,AFFECTS_UI_STATE,,,,,,,,,NOT_STARTED,Clean rebuild has not yet reached this feature; see CRM_CLEAN_REBUILD_REGISTER.md tranche plan.
F026-FR-002,F026,CRM-CAP-003,FR,AFFECTS_UI_STATE,,,,,,,,,NOT_STARTED,Clean rebuild has not yet reached this feature; see CRM_CLEAN_REBUILD_REGISTER.md tranche plan.
F026-FR-003,F026,CRM-CAP-003,FR,AFFECTS_UI_STATE,,,,,,,,,NOT_STARTED,Clean rebuild has not yet reached this feature; see CRM_CLEAN_REBUILD_REGISTER.md tranche plan.
F026-US-001,F026,CRM-CAP-003,US,DIRECT_UI,,,,,,,,,NOT_STARTED,Clean rebuild has not yet reached this feature; see CRM_CLEAN_REBUILD_REGISTER.md tranche plan.
F026-US-002,F026,CRM-CAP-003,US,DIRECT_UI,,,,,,,,,NOT_STARTED,Clean rebuild has not yet reached this feature; see CRM_CLEAN_REBUILD_REGISTER.md tranche plan.
F026-FLOW-001,F026,CRM-CAP-003,FLOW,AFFECTS_UI_STATE,,,,,,,,,NOT_STARTED,Clean rebuild has not yet reached this feature; see CRM_CLEAN_REBUILD_REGISTER.md tranche plan.
F026-FLOW-002,F026,CRM-CAP-003,FLOW,AFFECTS_UI_STATE,,,,,,,,,NOT_STARTED,Clean rebuild has not yet reached this feature; see CRM_CLEAN_REBUILD_REGISTER.md tranche plan.
F026-BR-001,F026,CRM-CAP-003,BR,NO_DIRECT_UI,,,,,,,,,NOT_STARTED,Clean rebuild has not yet reached this feature; see CRM_CLEAN_REBUILD_REGISTER.md tranche plan.
F026-BR-002,F026,CRM-CAP-003,BR,NO_DIRECT_UI,,,,,,,,,NOT_STARTED,Clean rebuild has not yet reached this feature; see CRM_CLEAN_REBUILD_REGISTER.md tranche plan.
F026-DATA-001,F026,CRM-CAP-003,DATA,NO_DIRECT_UI,,,,,,,,,NOT_STARTED,Clean rebuild has not yet reached this feature; see CRM_CLEAN_REBUILD_REGISTER.md tranche plan.
F026-DATA-002,F026,CRM-CAP-003,DATA,NO_DIRECT_UI,,,,,,,,,NOT_STARTED,Clean rebuild has not yet reached this feature; see CRM_CLEAN_REBUILD_REGISTER.md tranche plan.
F026-VAL-001,F026,CRM-CAP-003,VAL,NO_DIRECT_UI,,,,,,,,,NOT_STARTED,Clean rebuild has not yet reached this feature; see CRM_CLEAN_REBUILD_REGISTER.md tranche plan.
F026-VAL-002,F026,CRM-CAP-003,VAL,NO_DIRECT_UI,,,,,,,,,NOT_STARTED,Clean rebuild has not yet reached this feature; see CRM_CLEAN_REBUILD_REGISTER.md tranche plan.
F026-CALC-001,F026,CRM-CAP-003,CALC,NO_DIRECT_UI,,,,,,,,,NOT_STARTED,Clean rebuild has not yet reached this feature; see CRM_CLEAN_REBUILD_REGISTER.md tranche plan.
F026-UX-001,F026,CRM-CAP-003,UX,DIRECT_UI,,,,,,,,,NOT_STARTED,Clean rebuild has not yet reached this feature; see CRM_CLEAN_REBUILD_REGISTER.md tranche plan.
F026-UX-002,F026,CRM-CAP-003,UX,DIRECT_UI,,,,,,,,,NOT_STARTED,Clean rebuild has not yet reached this feature; see CRM_CLEAN_REBUILD_REGISTER.md tranche plan.
F026-UX-003,F026,CRM-CAP-003,UX,DIRECT_UI,,,,,,,,,NOT_STARTED,Clean rebuild has not yet reached this feature; see CRM_CLEAN_REBUILD_REGISTER.md tranche plan.
F026-SEC-001,F026,CRM-CAP-003,SEC,NO_DIRECT_UI,,,,,,,,,NOT_STARTED,Clean rebuild has not yet reached this feature; see CRM_CLEAN_REBUILD_REGISTER.md tranche plan.
F026-SEC-002,F026,CRM-CAP-003,SEC,NO_DIRECT_UI,,,,,,,,,NOT_STARTED,Clean rebuild has not yet reached this feature; see CRM_CLEAN_REBUILD_REGISTER.md tranche plan.
F026-AUTO-001,F026,CRM-CAP-003,AUTO,NO_DIRECT_UI,,,,,,,,,NOT_STARTED,Clean rebuild has not yet reached this feature; see CRM_CLEAN_REBUILD_REGISTER.md tranche plan.
F026-APP-001,F026,CRM-CAP-003,APP,DIRECT_UI,,,,,,,,,NOT_STARTED,Clean rebuild has not yet reached this feature; see CRM_CLEAN_REBUILD_REGISTER.md tranche plan.
F026-NOTIF-001,F026,CRM-CAP-003,NOTIF,AFFECTS_UI_STATE,,,,,,,,,NOT_STARTED,Clean rebuild has not yet reached this feature; see CRM_CLEAN_REBUILD_REGISTER.md tranche plan.
F026-REP-001,F026,CRM-CAP-003,REP,AFFECTS_UI_STATE,,,,,,,,,NOT_STARTED,Clean rebuild has not yet reached this feature; see CRM_CLEAN_REBUILD_REGISTER.md tranche plan.
F026-AI-001,F026,CRM-CAP-003,AI,NO_DIRECT_UI,,,,,,,,,NOT_STARTED,Clean rebuild has not yet reached this feature; see CRM_CLEAN_REBUILD_REGISTER.md tranche plan.
F026-INT-001,F026,CRM-CAP-003,INT,NO_DIRECT_UI,,,,,,,,,NOT_STARTED,Clean rebuild has not yet reached this feature; see CRM_CLEAN_REBUILD_REGISTER.md tranche plan.
F026-INT-002,F026,CRM-CAP-003,INT,NO_DIRECT_UI,,,,,,,,,NOT_STARTED,Clean rebuild has not yet reached this feature; see CRM_CLEAN_REBUILD_REGISTER.md tranche plan.
F026-API-001,F026,CRM-CAP-003,API,NO_DIRECT_UI,,,,,,,,,NOT_STARTED,Clean rebuild has not yet reached this feature; see CRM_CLEAN_REBUILD_REGISTER.md tranche plan.
F026-API-002,F026,CRM-CAP-003,API,NO_DIRECT_UI,,,,,,,,,NOT_STARTED,Clean rebuild has not yet reached this feature; see CRM_CLEAN_REBUILD_REGISTER.md tranche plan.
F026-PERF-001,F026,CRM-CAP-003,PERF,NO_DIRECT_UI,,,,,,,,,NOT_STARTED,Clean rebuild has not yet reached this feature; see CRM_CLEAN_REBUILD_REGISTER.md tranche plan.
F026-OBS-001,F026,CRM-CAP-003,OBS,NO_DIRECT_UI,,,,,,,,,NOT_STARTED,Clean rebuild has not yet reached this feature; see CRM_CLEAN_REBUILD_REGISTER.md tranche plan.
F026-E2E-001,F026,CRM-CAP-003,E2E,AFFECTS_UI_STATE,,,,,,,,,NOT_STARTED,Clean rebuild has not yet reached this feature; see CRM_CLEAN_REBUILD_REGISTER.md tranche plan.
F026-E2E-002,F026,CRM-CAP-003,E2E,AFFECTS_UI_STATE,,,,,,,,,NOT_STARTED,Clean rebuild has not yet reached this feature; see CRM_CLEAN_REBUILD_REGISTER.md tranche plan.
F026-UAT-001,F026,CRM-CAP-003,UAT,AFFECTS_UI_STATE,,,,,,,,,NOT_STARTED,Clean rebuild has not yet reached this feature; see CRM_CLEAN_REBUILD_REGISTER.md tranche plan.
F026-UAT-002,F026,CRM-CAP-003,UAT,AFFECTS_UI_STATE,,,,,,,,,NOT_STARTED,Clean rebuild has not yet reached this feature; see CRM_CLEAN_REBUILD_REGISTER.md tranche plan.
F027-CAP-001,F027,CRM-CAP-002,CAP,NO_DIRECT_UI,,,,,,,,,NOT_STARTED,Clean rebuild has not yet reached this feature; see CRM_CLEAN_REBUILD_REGISTER.md tranche plan.
F027-CAP-002,F027,CRM-CAP-002,CAP,NO_DIRECT_UI,,,,,,,,,NOT_STARTED,Clean rebuild has not yet reached this feature; see CRM_CLEAN_REBUILD_REGISTER.md tranche plan.
F027-CAP-003,F027,CRM-CAP-002,CAP,NO_DIRECT_UI,,,,,,,,,NOT_STARTED,Clean rebuild has not yet reached this feature; see CRM_CLEAN_REBUILD_REGISTER.md tranche plan.
F027-FR-001,F027,CRM-CAP-002,FR,AFFECTS_UI_STATE,,,,,,,,,NOT_STARTED,Clean rebuild has not yet reached this feature; see CRM_CLEAN_REBUILD_REGISTER.md tranche plan.
F027-FR-002,F027,CRM-CAP-002,FR,AFFECTS_UI_STATE,,,,,,,,,NOT_STARTED,Clean rebuild has not yet reached this feature; see CRM_CLEAN_REBUILD_REGISTER.md tranche plan.
F027-FR-003,F027,CRM-CAP-002,FR,AFFECTS_UI_STATE,,,,,,,,,NOT_STARTED,Clean rebuild has not yet reached this feature; see CRM_CLEAN_REBUILD_REGISTER.md tranche plan.
F027-US-001,F027,CRM-CAP-002,US,DIRECT_UI,,,,,,,,,NOT_STARTED,Clean rebuild has not yet reached this feature; see CRM_CLEAN_REBUILD_REGISTER.md tranche plan.
F027-US-002,F027,CRM-CAP-002,US,DIRECT_UI,,,,,,,,,NOT_STARTED,Clean rebuild has not yet reached this feature; see CRM_CLEAN_REBUILD_REGISTER.md tranche plan.
F027-FLOW-001,F027,CRM-CAP-002,FLOW,AFFECTS_UI_STATE,,,,,,,,,NOT_STARTED,Clean rebuild has not yet reached this feature; see CRM_CLEAN_REBUILD_REGISTER.md tranche plan.
F027-FLOW-002,F027,CRM-CAP-002,FLOW,AFFECTS_UI_STATE,,,,,,,,,NOT_STARTED,Clean rebuild has not yet reached this feature; see CRM_CLEAN_REBUILD_REGISTER.md tranche plan.
F027-BR-001,F027,CRM-CAP-002,BR,NO_DIRECT_UI,,,,,,,,,NOT_STARTED,Clean rebuild has not yet reached this feature; see CRM_CLEAN_REBUILD_REGISTER.md tranche plan.
F027-BR-002,F027,CRM-CAP-002,BR,NO_DIRECT_UI,,,,,,,,,NOT_STARTED,Clean rebuild has not yet reached this feature; see CRM_CLEAN_REBUILD_REGISTER.md tranche plan.
F027-DATA-001,F027,CRM-CAP-002,DATA,NO_DIRECT_UI,,,,,,,,,NOT_STARTED,Clean rebuild has not yet reached this feature; see CRM_CLEAN_REBUILD_REGISTER.md tranche plan.
F027-DATA-002,F027,CRM-CAP-002,DATA,NO_DIRECT_UI,,,,,,,,,NOT_STARTED,Clean rebuild has not yet reached this feature; see CRM_CLEAN_REBUILD_REGISTER.md tranche plan.
F027-VAL-001,F027,CRM-CAP-002,VAL,NO_DIRECT_UI,,,,,,,,,NOT_STARTED,Clean rebuild has not yet reached this feature; see CRM_CLEAN_REBUILD_REGISTER.md tranche plan.
F027-VAL-002,F027,CRM-CAP-002,VAL,NO_DIRECT_UI,,,,,,,,,NOT_STARTED,Clean rebuild has not yet reached this feature; see CRM_CLEAN_REBUILD_REGISTER.md tranche plan.
F027-CALC-001,F027,CRM-CAP-002,CALC,NO_DIRECT_UI,,,,,,,,,NOT_STARTED,Clean rebuild has not yet reached this feature; see CRM_CLEAN_REBUILD_REGISTER.md tranche plan.
F027-UX-001,F027,CRM-CAP-002,UX,DIRECT_UI,,,,,,,,,NOT_STARTED,Clean rebuild has not yet reached this feature; see CRM_CLEAN_REBUILD_REGISTER.md tranche plan.
F027-UX-002,F027,CRM-CAP-002,UX,DIRECT_UI,,,,,,,,,NOT_STARTED,Clean rebuild has not yet reached this feature; see CRM_CLEAN_REBUILD_REGISTER.md tranche plan.
F027-UX-003,F027,CRM-CAP-002,UX,DIRECT_UI,,,,,,,,,NOT_STARTED,Clean rebuild has not yet reached this feature; see CRM_CLEAN_REBUILD_REGISTER.md tranche plan.
F027-SEC-001,F027,CRM-CAP-002,SEC,NO_DIRECT_UI,,,,,,,,,NOT_STARTED,Clean rebuild has not yet reached this feature; see CRM_CLEAN_REBUILD_REGISTER.md tranche plan.
F027-SEC-002,F027,CRM-CAP-002,SEC,NO_DIRECT_UI,,,,,,,,,NOT_STARTED,Clean rebuild has not yet reached this feature; see CRM_CLEAN_REBUILD_REGISTER.md tranche plan.
F027-AUTO-001,F027,CRM-CAP-002,AUTO,NO_DIRECT_UI,,,,,,,,,NOT_STARTED,Clean rebuild has not yet reached this feature; see CRM_CLEAN_REBUILD_REGISTER.md tranche plan.
F027-APP-001,F027,CRM-CAP-002,APP,DIRECT_UI,,,,,,,,,NOT_STARTED,Clean rebuild has not yet reached this feature; see CRM_CLEAN_REBUILD_REGISTER.md tranche plan.
F027-NOTIF-001,F027,CRM-CAP-002,NOTIF,AFFECTS_UI_STATE,,,,,,,,,NOT_STARTED,Clean rebuild has not yet reached this feature; see CRM_CLEAN_REBUILD_REGISTER.md tranche plan.
F027-REP-001,F027,CRM-CAP-002,REP,AFFECTS_UI_STATE,,,,,,,,,NOT_STARTED,Clean rebuild has not yet reached this feature; see CRM_CLEAN_REBUILD_REGISTER.md tranche plan.
F027-AI-001,F027,CRM-CAP-002,AI,NO_DIRECT_UI,,,,,,,,,NOT_STARTED,Clean rebuild has not yet reached this feature; see CRM_CLEAN_REBUILD_REGISTER.md tranche plan.
F027-INT-001,F027,CRM-CAP-002,INT,NO_DIRECT_UI,,,,,,,,,NOT_STARTED,Clean rebuild has not yet reached this feature; see CRM_CLEAN_REBUILD_REGISTER.md tranche plan.
F027-INT-002,F027,CRM-CAP-002,INT,NO_DIRECT_UI,,,,,,,,,NOT_STARTED,Clean rebuild has not yet reached this feature; see CRM_CLEAN_REBUILD_REGISTER.md tranche plan.
F027-API-001,F027,CRM-CAP-002,API,NO_DIRECT_UI,,,,,,,,,NOT_STARTED,Clean rebuild has not yet reached this feature; see CRM_CLEAN_REBUILD_REGISTER.md tranche plan.
F027-API-002,F027,CRM-CAP-002,API,NO_DIRECT_UI,,,,,,,,,NOT_STARTED,Clean rebuild has not yet reached this feature; see CRM_CLEAN_REBUILD_REGISTER.md tranche plan.
F027-PERF-001,F027,CRM-CAP-002,PERF,NO_DIRECT_UI,,,,,,,,,NOT_STARTED,Clean rebuild has not yet reached this feature; see CRM_CLEAN_REBUILD_REGISTER.md tranche plan.
F027-OBS-001,F027,CRM-CAP-002,OBS,NO_DIRECT_UI,,,,,,,,,NOT_STARTED,Clean rebuild has not yet reached this feature; see CRM_CLEAN_REBUILD_REGISTER.md tranche plan.
F027-E2E-001,F027,CRM-CAP-002,E2E,AFFECTS_UI_STATE,,,,,,,,,NOT_STARTED,Clean rebuild has not yet reached this feature; see CRM_CLEAN_REBUILD_REGISTER.md tranche plan.
F027-E2E-002,F027,CRM-CAP-002,E2E,AFFECTS_UI_STATE,,,,,,,,,NOT_STARTED,Clean rebuild has not yet reached this feature; see CRM_CLEAN_REBUILD_REGISTER.md tranche plan.
F027-UAT-001,F027,CRM-CAP-002,UAT,AFFECTS_UI_STATE,,,,,,,,,NOT_STARTED,Clean rebuild has not yet reached this feature; see CRM_CLEAN_REBUILD_REGISTER.md tranche plan.
F027-UAT-002,F027,CRM-CAP-002,UAT,AFFECTS_UI_STATE,,,,,,,,,NOT_STARTED,Clean rebuild has not yet reached this feature; see CRM_CLEAN_REBUILD_REGISTER.md tranche plan.
F028-CAP-001,F028,CRM-CAP-006,CAP,NO_DIRECT_UI,,,,,,,,,NOT_STARTED,Clean rebuild has not yet reached this feature; see CRM_CLEAN_REBUILD_REGISTER.md tranche plan.
F028-CAP-002,F028,CRM-CAP-006,CAP,NO_DIRECT_UI,,,,,,,,,NOT_STARTED,Clean rebuild has not yet reached this feature; see CRM_CLEAN_REBUILD_REGISTER.md tranche plan.
F028-CAP-003,F028,CRM-CAP-006,CAP,NO_DIRECT_UI,,,,,,,,,NOT_STARTED,Clean rebuild has not yet reached this feature; see CRM_CLEAN_REBUILD_REGISTER.md tranche plan.
F028-FR-001,F028,CRM-CAP-006,FR,AFFECTS_UI_STATE,,,,,,,,,NOT_STARTED,Clean rebuild has not yet reached this feature; see CRM_CLEAN_REBUILD_REGISTER.md tranche plan.
F028-FR-002,F028,CRM-CAP-006,FR,AFFECTS_UI_STATE,,,,,,,,,NOT_STARTED,Clean rebuild has not yet reached this feature; see CRM_CLEAN_REBUILD_REGISTER.md tranche plan.
F028-FR-003,F028,CRM-CAP-006,FR,AFFECTS_UI_STATE,,,,,,,,,NOT_STARTED,Clean rebuild has not yet reached this feature; see CRM_CLEAN_REBUILD_REGISTER.md tranche plan.
F028-US-001,F028,CRM-CAP-006,US,DIRECT_UI,,,,,,,,,NOT_STARTED,Clean rebuild has not yet reached this feature; see CRM_CLEAN_REBUILD_REGISTER.md tranche plan.
F028-US-002,F028,CRM-CAP-006,US,DIRECT_UI,,,,,,,,,NOT_STARTED,Clean rebuild has not yet reached this feature; see CRM_CLEAN_REBUILD_REGISTER.md tranche plan.
F028-FLOW-001,F028,CRM-CAP-006,FLOW,AFFECTS_UI_STATE,,,,,,,,,NOT_STARTED,Clean rebuild has not yet reached this feature; see CRM_CLEAN_REBUILD_REGISTER.md tranche plan.
F028-FLOW-002,F028,CRM-CAP-006,FLOW,AFFECTS_UI_STATE,,,,,,,,,NOT_STARTED,Clean rebuild has not yet reached this feature; see CRM_CLEAN_REBUILD_REGISTER.md tranche plan.
F028-BR-001,F028,CRM-CAP-006,BR,NO_DIRECT_UI,,,,,,,,,NOT_STARTED,Clean rebuild has not yet reached this feature; see CRM_CLEAN_REBUILD_REGISTER.md tranche plan.
F028-BR-002,F028,CRM-CAP-006,BR,NO_DIRECT_UI,,,,,,,,,NOT_STARTED,Clean rebuild has not yet reached this feature; see CRM_CLEAN_REBUILD_REGISTER.md tranche plan.
F028-DATA-001,F028,CRM-CAP-006,DATA,NO_DIRECT_UI,,,,,,,,,NOT_STARTED,Clean rebuild has not yet reached this feature; see CRM_CLEAN_REBUILD_REGISTER.md tranche plan.
F028-DATA-002,F028,CRM-CAP-006,DATA,NO_DIRECT_UI,,,,,,,,,NOT_STARTED,Clean rebuild has not yet reached this feature; see CRM_CLEAN_REBUILD_REGISTER.md tranche plan.
F028-VAL-001,F028,CRM-CAP-006,VAL,NO_DIRECT_UI,,,,,,,,,NOT_STARTED,Clean rebuild has not yet reached this feature; see CRM_CLEAN_REBUILD_REGISTER.md tranche plan.
F028-VAL-002,F028,CRM-CAP-006,VAL,NO_DIRECT_UI,,,,,,,,,NOT_STARTED,Clean rebuild has not yet reached this feature; see CRM_CLEAN_REBUILD_REGISTER.md tranche plan.
F028-CALC-001,F028,CRM-CAP-006,CALC,NO_DIRECT_UI,,,,,,,,,NOT_STARTED,Clean rebuild has not yet reached this feature; see CRM_CLEAN_REBUILD_REGISTER.md tranche plan.
F028-UX-001,F028,CRM-CAP-006,UX,DIRECT_UI,,,,,,,,,NOT_STARTED,Clean rebuild has not yet reached this feature; see CRM_CLEAN_REBUILD_REGISTER.md tranche plan.
F028-UX-002,F028,CRM-CAP-006,UX,DIRECT_UI,,,,,,,,,NOT_STARTED,Clean rebuild has not yet reached this feature; see CRM_CLEAN_REBUILD_REGISTER.md tranche plan.
F028-UX-003,F028,CRM-CAP-006,UX,DIRECT_UI,,,,,,,,,NOT_STARTED,Clean rebuild has not yet reached this feature; see CRM_CLEAN_REBUILD_REGISTER.md tranche plan.
F028-SEC-001,F028,CRM-CAP-006,SEC,NO_DIRECT_UI,,,,,,,,,NOT_STARTED,Clean rebuild has not yet reached this feature; see CRM_CLEAN_REBUILD_REGISTER.md tranche plan.
F028-SEC-002,F028,CRM-CAP-006,SEC,NO_DIRECT_UI,,,,,,,,,NOT_STARTED,Clean rebuild has not yet reached this feature; see CRM_CLEAN_REBUILD_REGISTER.md tranche plan.
F028-AUTO-001,F028,CRM-CAP-006,AUTO,NO_DIRECT_UI,,,,,,,,,NOT_STARTED,Clean rebuild has not yet reached this feature; see CRM_CLEAN_REBUILD_REGISTER.md tranche plan.
F028-APP-001,F028,CRM-CAP-006,APP,DIRECT_UI,,,,,,,,,NOT_STARTED,Clean rebuild has not yet reached this feature; see CRM_CLEAN_REBUILD_REGISTER.md tranche plan.
F028-NOTIF-001,F028,CRM-CAP-006,NOTIF,AFFECTS_UI_STATE,,,,,,,,,NOT_STARTED,Clean rebuild has not yet reached this feature; see CRM_CLEAN_REBUILD_REGISTER.md tranche plan.
F028-REP-001,F028,CRM-CAP-006,REP,AFFECTS_UI_STATE,,,,,,,,,NOT_STARTED,Clean rebuild has not yet reached this feature; see CRM_CLEAN_REBUILD_REGISTER.md tranche plan.
F028-AI-001,F028,CRM-CAP-006,AI,NO_DIRECT_UI,,,,,,,,,NOT_STARTED,Clean rebuild has not yet reached this feature; see CRM_CLEAN_REBUILD_REGISTER.md tranche plan.
F028-INT-001,F028,CRM-CAP-006,INT,NO_DIRECT_UI,,,,,,,,,NOT_STARTED,Clean rebuild has not yet reached this feature; see CRM_CLEAN_REBUILD_REGISTER.md tranche plan.
F028-INT-002,F028,CRM-CAP-006,INT,NO_DIRECT_UI,,,,,,,,,NOT_STARTED,Clean rebuild has not yet reached this feature; see CRM_CLEAN_REBUILD_REGISTER.md tranche plan.
F028-API-001,F028,CRM-CAP-006,API,NO_DIRECT_UI,,,,,,,,,NOT_STARTED,Clean rebuild has not yet reached this feature; see CRM_CLEAN_REBUILD_REGISTER.md tranche plan.
F028-API-002,F028,CRM-CAP-006,API,NO_DIRECT_UI,,,,,,,,,NOT_STARTED,Clean rebuild has not yet reached this feature; see CRM_CLEAN_REBUILD_REGISTER.md tranche plan.
F028-PERF-001,F028,CRM-CAP-006,PERF,NO_DIRECT_UI,,,,,,,,,NOT_STARTED,Clean rebuild has not yet reached this feature; see CRM_CLEAN_REBUILD_REGISTER.md tranche plan.
F028-OBS-001,F028,CRM-CAP-006,OBS,NO_DIRECT_UI,,,,,,,,,NOT_STARTED,Clean rebuild has not yet reached this feature; see CRM_CLEAN_REBUILD_REGISTER.md tranche plan.
F028-E2E-001,F028,CRM-CAP-006,E2E,AFFECTS_UI_STATE,,,,,,,,,NOT_STARTED,Clean rebuild has not yet reached this feature; see CRM_CLEAN_REBUILD_REGISTER.md tranche plan.
F028-E2E-002,F028,CRM-CAP-006,E2E,AFFECTS_UI_STATE,,,,,,,,,NOT_STARTED,Clean rebuild has not yet reached this feature; see CRM_CLEAN_REBUILD_REGISTER.md tranche plan.
F028-UAT-001,F028,CRM-CAP-006,UAT,AFFECTS_UI_STATE,,,,,,,,,NOT_STARTED,Clean rebuild has not yet reached this feature; see CRM_CLEAN_REBUILD_REGISTER.md tranche plan.
F028-UAT-002,F028,CRM-CAP-006,UAT,AFFECTS_UI_STATE,,,,,,,,,NOT_STARTED,Clean rebuild has not yet reached this feature; see CRM_CLEAN_REBUILD_REGISTER.md tranche plan.
F029-CAP-001,F029,CRM-CAP-006,CAP,NO_DIRECT_UI,,,,,,,,,NOT_STARTED,Clean rebuild has not yet reached this feature; see CRM_CLEAN_REBUILD_REGISTER.md tranche plan.
F029-CAP-002,F029,CRM-CAP-006,CAP,NO_DIRECT_UI,,,,,,,,,NOT_STARTED,Clean rebuild has not yet reached this feature; see CRM_CLEAN_REBUILD_REGISTER.md tranche plan.
F029-CAP-003,F029,CRM-CAP-006,CAP,NO_DIRECT_UI,,,,,,,,,NOT_STARTED,Clean rebuild has not yet reached this feature; see CRM_CLEAN_REBUILD_REGISTER.md tranche plan.
F029-FR-001,F029,CRM-CAP-006,FR,AFFECTS_UI_STATE,,,,,,,,,NOT_STARTED,Clean rebuild has not yet reached this feature; see CRM_CLEAN_REBUILD_REGISTER.md tranche plan.
F029-FR-002,F029,CRM-CAP-006,FR,AFFECTS_UI_STATE,,,,,,,,,NOT_STARTED,Clean rebuild has not yet reached this feature; see CRM_CLEAN_REBUILD_REGISTER.md tranche plan.
F029-FR-003,F029,CRM-CAP-006,FR,AFFECTS_UI_STATE,,,,,,,,,NOT_STARTED,Clean rebuild has not yet reached this feature; see CRM_CLEAN_REBUILD_REGISTER.md tranche plan.
F029-US-001,F029,CRM-CAP-006,US,DIRECT_UI,,,,,,,,,NOT_STARTED,Clean rebuild has not yet reached this feature; see CRM_CLEAN_REBUILD_REGISTER.md tranche plan.
F029-US-002,F029,CRM-CAP-006,US,DIRECT_UI,,,,,,,,,NOT_STARTED,Clean rebuild has not yet reached this feature; see CRM_CLEAN_REBUILD_REGISTER.md tranche plan.
F029-FLOW-001,F029,CRM-CAP-006,FLOW,AFFECTS_UI_STATE,,,,,,,,,NOT_STARTED,Clean rebuild has not yet reached this feature; see CRM_CLEAN_REBUILD_REGISTER.md tranche plan.
F029-FLOW-002,F029,CRM-CAP-006,FLOW,AFFECTS_UI_STATE,,,,,,,,,NOT_STARTED,Clean rebuild has not yet reached this feature; see CRM_CLEAN_REBUILD_REGISTER.md tranche plan.
F029-BR-001,F029,CRM-CAP-006,BR,NO_DIRECT_UI,,,,,,,,,NOT_STARTED,Clean rebuild has not yet reached this feature; see CRM_CLEAN_REBUILD_REGISTER.md tranche plan.
F029-BR-002,F029,CRM-CAP-006,BR,NO_DIRECT_UI,,,,,,,,,NOT_STARTED,Clean rebuild has not yet reached this feature; see CRM_CLEAN_REBUILD_REGISTER.md tranche plan.
F029-DATA-001,F029,CRM-CAP-006,DATA,NO_DIRECT_UI,,,,,,,,,NOT_STARTED,Clean rebuild has not yet reached this feature; see CRM_CLEAN_REBUILD_REGISTER.md tranche plan.
F029-DATA-002,F029,CRM-CAP-006,DATA,NO_DIRECT_UI,,,,,,,,,NOT_STARTED,Clean rebuild has not yet reached this feature; see CRM_CLEAN_REBUILD_REGISTER.md tranche plan.
F029-VAL-001,F029,CRM-CAP-006,VAL,NO_DIRECT_UI,,,,,,,,,NOT_STARTED,Clean rebuild has not yet reached this feature; see CRM_CLEAN_REBUILD_REGISTER.md tranche plan.
F029-VAL-002,F029,CRM-CAP-006,VAL,NO_DIRECT_UI,,,,,,,,,NOT_STARTED,Clean rebuild has not yet reached this feature; see CRM_CLEAN_REBUILD_REGISTER.md tranche plan.
F029-CALC-001,F029,CRM-CAP-006,CALC,NO_DIRECT_UI,,,,,,,,,NOT_STARTED,Clean rebuild has not yet reached this feature; see CRM_CLEAN_REBUILD_REGISTER.md tranche plan.
F029-UX-001,F029,CRM-CAP-006,UX,DIRECT_UI,,,,,,,,,NOT_STARTED,Clean rebuild has not yet reached this feature; see CRM_CLEAN_REBUILD_REGISTER.md tranche plan.
F029-UX-002,F029,CRM-CAP-006,UX,DIRECT_UI,,,,,,,,,NOT_STARTED,Clean rebuild has not yet reached this feature; see CRM_CLEAN_REBUILD_REGISTER.md tranche plan.
F029-UX-003,F029,CRM-CAP-006,UX,DIRECT_UI,,,,,,,,,NOT_STARTED,Clean rebuild has not yet reached this feature; see CRM_CLEAN_REBUILD_REGISTER.md tranche plan.
F029-SEC-001,F029,CRM-CAP-006,SEC,NO_DIRECT_UI,,,,,,,,,NOT_STARTED,Clean rebuild has not yet reached this feature; see CRM_CLEAN_REBUILD_REGISTER.md tranche plan.
F029-SEC-002,F029,CRM-CAP-006,SEC,NO_DIRECT_UI,,,,,,,,,NOT_STARTED,Clean rebuild has not yet reached this feature; see CRM_CLEAN_REBUILD_REGISTER.md tranche plan.
F029-AUTO-001,F029,CRM-CAP-006,AUTO,NO_DIRECT_UI,,,,,,,,,NOT_STARTED,Clean rebuild has not yet reached this feature; see CRM_CLEAN_REBUILD_REGISTER.md tranche plan.
F029-APP-001,F029,CRM-CAP-006,APP,DIRECT_UI,,,,,,,,,NOT_STARTED,Clean rebuild has not yet reached this feature; see CRM_CLEAN_REBUILD_REGISTER.md tranche plan.
F029-NOTIF-001,F029,CRM-CAP-006,NOTIF,AFFECTS_UI_STATE,,,,,,,,,NOT_STARTED,Clean rebuild has not yet reached this feature; see CRM_CLEAN_REBUILD_REGISTER.md tranche plan.
F029-REP-001,F029,CRM-CAP-006,REP,AFFECTS_UI_STATE,,,,,,,,,NOT_STARTED,Clean rebuild has not yet reached this feature; see CRM_CLEAN_REBUILD_REGISTER.md tranche plan.
F029-AI-001,F029,CRM-CAP-006,AI,NO_DIRECT_UI,,,,,,,,,NOT_STARTED,Clean rebuild has not yet reached this feature; see CRM_CLEAN_REBUILD_REGISTER.md tranche plan.
F029-INT-001,F029,CRM-CAP-006,INT,NO_DIRECT_UI,,,,,,,,,NOT_STARTED,Clean rebuild has not yet reached this feature; see CRM_CLEAN_REBUILD_REGISTER.md tranche plan.
F029-INT-002,F029,CRM-CAP-006,INT,NO_DIRECT_UI,,,,,,,,,NOT_STARTED,Clean rebuild has not yet reached this feature; see CRM_CLEAN_REBUILD_REGISTER.md tranche plan.
F029-API-001,F029,CRM-CAP-006,API,NO_DIRECT_UI,,,,,,,,,NOT_STARTED,Clean rebuild has not yet reached this feature; see CRM_CLEAN_REBUILD_REGISTER.md tranche plan.
F029-API-002,F029,CRM-CAP-006,API,NO_DIRECT_UI,,,,,,,,,NOT_STARTED,Clean rebuild has not yet reached this feature; see CRM_CLEAN_REBUILD_REGISTER.md tranche plan.
F029-PERF-001,F029,CRM-CAP-006,PERF,NO_DIRECT_UI,,,,,,,,,NOT_STARTED,Clean rebuild has not yet reached this feature; see CRM_CLEAN_REBUILD_REGISTER.md tranche plan.
F029-OBS-001,F029,CRM-CAP-006,OBS,NO_DIRECT_UI,,,,,,,,,NOT_STARTED,Clean rebuild has not yet reached this feature; see CRM_CLEAN_REBUILD_REGISTER.md tranche plan.
F029-E2E-001,F029,CRM-CAP-006,E2E,AFFECTS_UI_STATE,,,,,,,,,NOT_STARTED,Clean rebuild has not yet reached this feature; see CRM_CLEAN_REBUILD_REGISTER.md tranche plan.
F029-E2E-002,F029,CRM-CAP-006,E2E,AFFECTS_UI_STATE,,,,,,,,,NOT_STARTED,Clean rebuild has not yet reached this feature; see CRM_CLEAN_REBUILD_REGISTER.md tranche plan.
F029-UAT-001,F029,CRM-CAP-006,UAT,AFFECTS_UI_STATE,,,,,,,,,NOT_STARTED,Clean rebuild has not yet reached this feature; see CRM_CLEAN_REBUILD_REGISTER.md tranche plan.
F029-UAT-002,F029,CRM-CAP-006,UAT,AFFECTS_UI_STATE,,,,,,,,,NOT_STARTED,Clean rebuild has not yet reached this feature; see CRM_CLEAN_REBUILD_REGISTER.md tranche plan.
F030-CAP-001,F030,CRM-CAP-008,CAP,NO_DIRECT_UI,,,,,,,,,NOT_STARTED,Clean rebuild has not yet reached this feature; see CRM_CLEAN_REBUILD_REGISTER.md tranche plan.
F030-CAP-002,F030,CRM-CAP-008,CAP,NO_DIRECT_UI,,,,,,,,,NOT_STARTED,Clean rebuild has not yet reached this feature; see CRM_CLEAN_REBUILD_REGISTER.md tranche plan.
F030-CAP-003,F030,CRM-CAP-008,CAP,NO_DIRECT_UI,,,,,,,,,NOT_STARTED,Clean rebuild has not yet reached this feature; see CRM_CLEAN_REBUILD_REGISTER.md tranche plan.
F030-FR-001,F030,CRM-CAP-008,FR,AFFECTS_UI_STATE,,,,,,,,,NOT_STARTED,Clean rebuild has not yet reached this feature; see CRM_CLEAN_REBUILD_REGISTER.md tranche plan.
F030-FR-002,F030,CRM-CAP-008,FR,AFFECTS_UI_STATE,,,,,,,,,NOT_STARTED,Clean rebuild has not yet reached this feature; see CRM_CLEAN_REBUILD_REGISTER.md tranche plan.
F030-FR-003,F030,CRM-CAP-008,FR,AFFECTS_UI_STATE,,,,,,,,,NOT_STARTED,Clean rebuild has not yet reached this feature; see CRM_CLEAN_REBUILD_REGISTER.md tranche plan.
F030-US-001,F030,CRM-CAP-008,US,DIRECT_UI,,,,,,,,,NOT_STARTED,Clean rebuild has not yet reached this feature; see CRM_CLEAN_REBUILD_REGISTER.md tranche plan.
F030-US-002,F030,CRM-CAP-008,US,DIRECT_UI,,,,,,,,,NOT_STARTED,Clean rebuild has not yet reached this feature; see CRM_CLEAN_REBUILD_REGISTER.md tranche plan.
F030-FLOW-001,F030,CRM-CAP-008,FLOW,AFFECTS_UI_STATE,,,,,,,,,NOT_STARTED,Clean rebuild has not yet reached this feature; see CRM_CLEAN_REBUILD_REGISTER.md tranche plan.
F030-FLOW-002,F030,CRM-CAP-008,FLOW,AFFECTS_UI_STATE,,,,,,,,,NOT_STARTED,Clean rebuild has not yet reached this feature; see CRM_CLEAN_REBUILD_REGISTER.md tranche plan.
F030-BR-001,F030,CRM-CAP-008,BR,NO_DIRECT_UI,,,,,,,,,NOT_STARTED,Clean rebuild has not yet reached this feature; see CRM_CLEAN_REBUILD_REGISTER.md tranche plan.
F030-BR-002,F030,CRM-CAP-008,BR,NO_DIRECT_UI,,,,,,,,,NOT_STARTED,Clean rebuild has not yet reached this feature; see CRM_CLEAN_REBUILD_REGISTER.md tranche plan.
F030-DATA-001,F030,CRM-CAP-008,DATA,NO_DIRECT_UI,,,,,,,,,NOT_STARTED,Clean rebuild has not yet reached this feature; see CRM_CLEAN_REBUILD_REGISTER.md tranche plan.
F030-DATA-002,F030,CRM-CAP-008,DATA,NO_DIRECT_UI,,,,,,,,,NOT_STARTED,Clean rebuild has not yet reached this feature; see CRM_CLEAN_REBUILD_REGISTER.md tranche plan.
F030-VAL-001,F030,CRM-CAP-008,VAL,NO_DIRECT_UI,,,,,,,,,NOT_STARTED,Clean rebuild has not yet reached this feature; see CRM_CLEAN_REBUILD_REGISTER.md tranche plan.
F030-VAL-002,F030,CRM-CAP-008,VAL,NO_DIRECT_UI,,,,,,,,,NOT_STARTED,Clean rebuild has not yet reached this feature; see CRM_CLEAN_REBUILD_REGISTER.md tranche plan.
F030-CALC-001,F030,CRM-CAP-008,CALC,NO_DIRECT_UI,,,,,,,,,NOT_STARTED,Clean rebuild has not yet reached this feature; see CRM_CLEAN_REBUILD_REGISTER.md tranche plan.
F030-UX-001,F030,CRM-CAP-008,UX,DIRECT_UI,,,,,,,,,NOT_STARTED,Clean rebuild has not yet reached this feature; see CRM_CLEAN_REBUILD_REGISTER.md tranche plan.
F030-UX-002,F030,CRM-CAP-008,UX,DIRECT_UI,,,,,,,,,NOT_STARTED,Clean rebuild has not yet reached this feature; see CRM_CLEAN_REBUILD_REGISTER.md tranche plan.
F030-UX-003,F030,CRM-CAP-008,UX,DIRECT_UI,,,,,,,,,NOT_STARTED,Clean rebuild has not yet reached this feature; see CRM_CLEAN_REBUILD_REGISTER.md tranche plan.
F030-SEC-001,F030,CRM-CAP-008,SEC,NO_DIRECT_UI,,,,,,,,,NOT_STARTED,Clean rebuild has not yet reached this feature; see CRM_CLEAN_REBUILD_REGISTER.md tranche plan.
F030-SEC-002,F030,CRM-CAP-008,SEC,NO_DIRECT_UI,,,,,,,,,NOT_STARTED,Clean rebuild has not yet reached this feature; see CRM_CLEAN_REBUILD_REGISTER.md tranche plan.
F030-AUTO-001,F030,CRM-CAP-008,AUTO,NO_DIRECT_UI,,,,,,,,,NOT_STARTED,Clean rebuild has not yet reached this feature; see CRM_CLEAN_REBUILD_REGISTER.md tranche plan.
F030-APP-001,F030,CRM-CAP-008,APP,DIRECT_UI,,,,,,,,,NOT_STARTED,Clean rebuild has not yet reached this feature; see CRM_CLEAN_REBUILD_REGISTER.md tranche plan.
F030-NOTIF-001,F030,CRM-CAP-008,NOTIF,AFFECTS_UI_STATE,,,,,,,,,NOT_STARTED,Clean rebuild has not yet reached this feature; see CRM_CLEAN_REBUILD_REGISTER.md tranche plan.
F030-REP-001,F030,CRM-CAP-008,REP,AFFECTS_UI_STATE,,,,,,,,,NOT_STARTED,Clean rebuild has not yet reached this feature; see CRM_CLEAN_REBUILD_REGISTER.md tranche plan.
F030-AI-001,F030,CRM-CAP-008,AI,NO_DIRECT_UI,,,,,,,,,NOT_STARTED,Clean rebuild has not yet reached this feature; see CRM_CLEAN_REBUILD_REGISTER.md tranche plan.
F030-INT-001,F030,CRM-CAP-008,INT,NO_DIRECT_UI,,,,,,,,,NOT_STARTED,Clean rebuild has not yet reached this feature; see CRM_CLEAN_REBUILD_REGISTER.md tranche plan.
F030-INT-002,F030,CRM-CAP-008,INT,NO_DIRECT_UI,,,,,,,,,NOT_STARTED,Clean rebuild has not yet reached this feature; see CRM_CLEAN_REBUILD_REGISTER.md tranche plan.
F030-API-001,F030,CRM-CAP-008,API,NO_DIRECT_UI,,,,,,,,,NOT_STARTED,Clean rebuild has not yet reached this feature; see CRM_CLEAN_REBUILD_REGISTER.md tranche plan.
F030-API-002,F030,CRM-CAP-008,API,NO_DIRECT_UI,,,,,,,,,NOT_STARTED,Clean rebuild has not yet reached this feature; see CRM_CLEAN_REBUILD_REGISTER.md tranche plan.
F030-PERF-001,F030,CRM-CAP-008,PERF,NO_DIRECT_UI,,,,,,,,,NOT_STARTED,Clean rebuild has not yet reached this feature; see CRM_CLEAN_REBUILD_REGISTER.md tranche plan.
F030-OBS-001,F030,CRM-CAP-008,OBS,NO_DIRECT_UI,,,,,,,,,NOT_STARTED,Clean rebuild has not yet reached this feature; see CRM_CLEAN_REBUILD_REGISTER.md tranche plan.
F030-E2E-001,F030,CRM-CAP-008,E2E,AFFECTS_UI_STATE,,,,,,,,,NOT_STARTED,Clean rebuild has not yet reached this feature; see CRM_CLEAN_REBUILD_REGISTER.md tranche plan.
F030-E2E-002,F030,CRM-CAP-008,E2E,AFFECTS_UI_STATE,,,,,,,,,NOT_STARTED,Clean rebuild has not yet reached this feature; see CRM_CLEAN_REBUILD_REGISTER.md tranche plan.
F030-UAT-001,F030,CRM-CAP-008,UAT,AFFECTS_UI_STATE,,,,,,,,,NOT_STARTED,Clean rebuild has not yet reached this feature; see CRM_CLEAN_REBUILD_REGISTER.md tranche plan.
F030-UAT-002,F030,CRM-CAP-008,UAT,AFFECTS_UI_STATE,,,,,,,,,NOT_STARTED,Clean rebuild has not yet reached this feature; see CRM_CLEAN_REBUILD_REGISTER.md tranche plan.
