contract_id,feature_id,requirement_id,module,capability,current_route,target_route,backend_endpoint,http_method,domain_command,permission,record_scope,field_scope,request_contract,response_contract,query_parameters,mutation_parameters,lifecycle_rules,validation_behavior,concurrency_behavior,audit_behavior,approval_behavior,offline_behavior,mobile_behavior,cross_module_behavior,existing_e2e_evidence,target_screen,target_component,migration_status,notes
FC-0001,TBD,TBD,Accounting / Finance,TBD,/accounting/assets/[id],/accounting/assets/[id],TBD,,TBD,TBD,TBD,TBD,TBD,TBD,TBD,TBD,TBD,TBD,TBD,TBD,TBD,TBD,TBD,TBD,TBD,TBD,TBD,NOT_STARTED,source=apps/web/src/app/(app)/accounting/assets/[id]/page.tsx; kind=PAGE
FC-0002,TBD,TBD,Accounting / Finance,TBD,/accounting/assets/new,/accounting/assets/new,TBD,,TBD,TBD,TBD,TBD,TBD,TBD,TBD,TBD,TBD,TBD,TBD,TBD,TBD,TBD,TBD,TBD,TBD,TBD,TBD,NOT_STARTED,source=apps/web/src/app/(app)/accounting/assets/new/page.tsx; kind=PAGE
FC-0003,TBD,TBD,Accounting / Finance,TBD,/accounting/assets,/accounting/assets,TBD,,TBD,TBD,TBD,TBD,TBD,TBD,TBD,TBD,TBD,TBD,TBD,TBD,TBD,TBD,TBD,TBD,TBD,TBD,TBD,NOT_STARTED,source=apps/web/src/app/(app)/accounting/assets/page.tsx; kind=PAGE
FC-0004,TBD,TBD,Accounting / Finance,TBD,/accounting/banking,/accounting/banking,TBD,,TBD,TBD,TBD,TBD,TBD,TBD,TBD,TBD,TBD,TBD,TBD,TBD,TBD,TBD,TBD,TBD,TBD,TBD,TBD,NOT_STARTED,source=apps/web/src/app/(app)/accounting/banking/page.tsx; kind=PAGE
FC-0005,TBD,TBD,Accounting / Finance,TBD,/accounting/close/[id],/accounting/close/[id],TBD,,TBD,TBD,TBD,TBD,TBD,TBD,TBD,TBD,TBD,TBD,TBD,TBD,TBD,TBD,TBD,TBD,TBD,TBD,TBD,NOT_STARTED,source=apps/web/src/app/(app)/accounting/close/[id]/page.tsx; kind=PAGE
FC-0006,TBD,TBD,Accounting / Finance,TBD,/accounting/close,/accounting/close,TBD,,TBD,TBD,TBD,TBD,TBD,TBD,TBD,TBD,TBD,TBD,TBD,TBD,TBD,TBD,TBD,TBD,TBD,TBD,TBD,NOT_STARTED,source=apps/web/src/app/(app)/accounting/close/page.tsx; kind=PAGE
FC-0007,TBD,TBD,Accounting / Finance,TBD,/accounting/journals/[id],/accounting/journals/[id],TBD,,TBD,TBD,TBD,TBD,TBD,TBD,TBD,TBD,TBD,TBD,TBD,TBD,TBD,TBD,TBD,TBD,TBD,TBD,TBD,NOT_STARTED,source=apps/web/src/app/(app)/accounting/journals/[id]/page.tsx; kind=PAGE
FC-0008,TBD,TBD,Accounting / Finance,TBD,/accounting/journals/new,/accounting/journals/new,TBD,,TBD,TBD,TBD,TBD,TBD,TBD,TBD,TBD,TBD,TBD,TBD,TBD,TBD,TBD,TBD,TBD,TBD,TBD,TBD,NOT_STARTED,source=apps/web/src/app/(app)/accounting/journals/new/page.tsx; kind=PAGE
FC-0009,TBD,TBD,Accounting / Finance,TBD,/accounting/journals,/accounting/journals,TBD,,TBD,TBD,TBD,TBD,TBD,TBD,TBD,TBD,TBD,TBD,TBD,TBD,TBD,TBD,TBD,TBD,TBD,TBD,TBD,NOT_STARTED,source=apps/web/src/app/(app)/accounting/journals/page.tsx; kind=PAGE
FC-0010,TBD,TBD,Accounting / Finance,TBD,/accounting/operations,/accounting/operations,TBD,,TBD,TBD,TBD,TBD,TBD,TBD,TBD,TBD,TBD,TBD,TBD,TBD,TBD,TBD,TBD,TBD,TBD,TBD,TBD,NOT_STARTED,source=apps/web/src/app/(app)/accounting/operations/page.tsx; kind=PAGE
FC-0011,TBD,TBD,Accounting / Finance,TBD,/accounting,/accounting,TBD,,TBD,TBD,TBD,TBD,TBD,TBD,TBD,TBD,TBD,TBD,TBD,TBD,TBD,TBD,TBD,TBD,TBD,TBD,TBD,NOT_STARTED,source=apps/web/src/app/(app)/accounting/page.tsx; kind=PAGE
FC-0012,TBD,TBD,Accounting / Finance,TBD,/accounting/payables/[id],/accounting/payables/[id],TBD,,TBD,TBD,TBD,TBD,TBD,TBD,TBD,TBD,TBD,TBD,TBD,TBD,TBD,TBD,TBD,TBD,TBD,TBD,TBD,NOT_STARTED,source=apps/web/src/app/(app)/accounting/payables/[id]/page.tsx; kind=PAGE
FC-0013,TBD,TBD,Accounting / Finance,TBD,/accounting/payables/new,/accounting/payables/new,TBD,,TBD,TBD,TBD,TBD,TBD,TBD,TBD,TBD,TBD,TBD,TBD,TBD,TBD,TBD,TBD,TBD,TBD,TBD,TBD,NOT_STARTED,source=apps/web/src/app/(app)/accounting/payables/new/page.tsx; kind=PAGE
FC-0014,TBD,TBD,Accounting / Finance,TBD,/accounting/payables,/accounting/payables,TBD,,TBD,TBD,TBD,TBD,TBD,TBD,TBD,TBD,TBD,TBD,TBD,TBD,TBD,TBD,TBD,TBD,TBD,TBD,TBD,NOT_STARTED,source=apps/web/src/app/(app)/accounting/payables/page.tsx; kind=PAGE
FC-0015,TBD,TBD,Accounting / Finance,TBD,/accounting/planning,/accounting/planning,TBD,,TBD,TBD,TBD,TBD,TBD,TBD,TBD,TBD,TBD,TBD,TBD,TBD,TBD,TBD,TBD,TBD,TBD,TBD,TBD,NOT_STARTED,source=apps/web/src/app/(app)/accounting/planning/page.tsx; kind=PAGE
FC-0016,TBD,TBD,Accounting / Finance,TBD,/accounting/receivables/[id],/accounting/receivables/[id],TBD,,TBD,TBD,TBD,TBD,TBD,TBD,TBD,TBD,TBD,TBD,TBD,TBD,TBD,TBD,TBD,TBD,TBD,TBD,TBD,NOT_STARTED,source=apps/web/src/app/(app)/accounting/receivables/[id]/page.tsx; kind=PAGE
FC-0017,TBD,TBD,Accounting / Finance,TBD,/accounting/receivables/new,/accounting/receivables/new,TBD,,TBD,TBD,TBD,TBD,TBD,TBD,TBD,TBD,TBD,TBD,TBD,TBD,TBD,TBD,TBD,TBD,TBD,TBD,TBD,NOT_STARTED,source=apps/web/src/app/(app)/accounting/receivables/new/page.tsx; kind=PAGE
FC-0018,TBD,TBD,Accounting / Finance,TBD,/accounting/receivables,/accounting/receivables,TBD,,TBD,TBD,TBD,TBD,TBD,TBD,TBD,TBD,TBD,TBD,TBD,TBD,TBD,TBD,TBD,TBD,TBD,TBD,TBD,NOT_STARTED,source=apps/web/src/app/(app)/accounting/receivables/page.tsx; kind=PAGE
FC-0019,TBD,TBD,Accounting / Finance,TBD,/accounting/reports,/accounting/reports,TBD,,TBD,TBD,TBD,TBD,TBD,TBD,TBD,TBD,TBD,TBD,TBD,TBD,TBD,TBD,TBD,TBD,TBD,TBD,TBD,NOT_STARTED,source=apps/web/src/app/(app)/accounting/reports/page.tsx; kind=PAGE
FC-0020,TBD,TBD,Accounting / Finance,TBD,/accounting/settings,/accounting/settings,TBD,,TBD,TBD,TBD,TBD,TBD,TBD,TBD,TBD,TBD,TBD,TBD,TBD,TBD,TBD,TBD,TBD,TBD,TBD,TBD,NOT_STARTED,source=apps/web/src/app/(app)/accounting/settings/page.tsx; kind=PAGE
FC-0021,TBD,TBD,Accounting / Finance,TBD,/accounting/tax,/accounting/tax,TBD,,TBD,TBD,TBD,TBD,TBD,TBD,TBD,TBD,TBD,TBD,TBD,TBD,TBD,TBD,TBD,TBD,TBD,TBD,TBD,NOT_STARTED,source=apps/web/src/app/(app)/accounting/tax/page.tsx; kind=PAGE
FC-0022,TBD,TBD,Platform / Shared,TBD,/approvals,/approvals,TBD,,TBD,TBD,TBD,TBD,TBD,TBD,TBD,TBD,TBD,TBD,TBD,TBD,TBD,TBD,TBD,TBD,TBD,TBD,TBD,NOT_STARTED,source=apps/web/src/app/(app)/approvals/page.tsx; kind=PAGE
FC-0023,TBD,TBD,Assets,TBD,/assets/[resource],/assets/[resource],TBD,,TBD,TBD,TBD,TBD,TBD,TBD,TBD,TBD,TBD,TBD,TBD,TBD,TBD,TBD,TBD,TBD,TBD,TBD,TBD,NOT_STARTED,source=apps/web/src/app/(app)/assets/[resource]/page.tsx; kind=PAGE
FC-0024,TBD,TBD,Assets,TBD,/assets,/assets,TBD,,TBD,TBD,TBD,TBD,TBD,TBD,TBD,TBD,TBD,TBD,TBD,TBD,TBD,TBD,TBD,TBD,TBD,TBD,TBD,NOT_STARTED,source=apps/web/src/app/(app)/assets/page.tsx; kind=PAGE
FC-0025,TBD,TBD,Platform / Shared,TBD,/audit-logs/activity,/audit-logs/activity,TBD,,TBD,TBD,TBD,TBD,TBD,TBD,TBD,TBD,TBD,TBD,TBD,TBD,TBD,TBD,TBD,TBD,TBD,TBD,TBD,NOT_STARTED,source=apps/web/src/app/(app)/audit-logs/activity/page.tsx; kind=PAGE
FC-0026,TBD,TBD,Platform / Shared,TBD,/audit-logs/history,/audit-logs/history,TBD,,TBD,TBD,TBD,TBD,TBD,TBD,TBD,TBD,TBD,TBD,TBD,TBD,TBD,TBD,TBD,TBD,TBD,TBD,TBD,NOT_STARTED,source=apps/web/src/app/(app)/audit-logs/history/page.tsx; kind=PAGE
FC-0027,TBD,TBD,Platform / Shared,TBD,/audit-logs,/audit-logs,TBD,,TBD,TBD,TBD,TBD,TBD,TBD,TBD,TBD,TBD,TBD,TBD,TBD,TBD,TBD,TBD,TBD,TBD,TBD,TBD,NOT_STARTED,source=apps/web/src/app/(app)/audit-logs/page.tsx; kind=PAGE
FC-0028,TBD,TBD,Platform / Shared,TBD,/audit-logs/security,/audit-logs/security,TBD,,TBD,TBD,TBD,TBD,TBD,TBD,TBD,TBD,TBD,TBD,TBD,TBD,TBD,TBD,TBD,TBD,TBD,TBD,TBD,NOT_STARTED,source=apps/web/src/app/(app)/audit-logs/security/page.tsx; kind=PAGE
FC-0029,TBD,TBD,Platform / Shared,TBD,/billing,/billing,TBD,,TBD,TBD,TBD,TBD,TBD,TBD,TBD,TBD,TBD,TBD,TBD,TBD,TBD,TBD,TBD,TBD,TBD,TBD,TBD,NOT_STARTED,source=apps/web/src/app/(app)/billing/page.tsx; kind=PAGE
FC-0030,TBD,TBD,CRM,TBD,/crm/[resource],/crm/[resource],TBD,,TBD,TBD,TBD,TBD,TBD,TBD,TBD,TBD,TBD,TBD,TBD,TBD,TBD,TBD,TBD,TBD,TBD,TBD,TBD,NOT_STARTED,source=apps/web/src/app/(app)/crm/[resource]/page.tsx; kind=PAGE
FC-0031,TBD,TBD,CRM,TBD,/crm/accounts/[id],/crm/accounts/[id],TBD,,TBD,TBD,TBD,TBD,TBD,TBD,TBD,TBD,TBD,TBD,TBD,TBD,TBD,TBD,TBD,TBD,TBD,TBD,TBD,NOT_STARTED,source=apps/web/src/app/(app)/crm/accounts/[id]/page.tsx; kind=PAGE
FC-0032,TBD,TBD,CRM,TBD,/crm/accounts,/crm/accounts,TBD,,TBD,TBD,TBD,TBD,TBD,TBD,TBD,TBD,TBD,TBD,TBD,TBD,TBD,TBD,TBD,TBD,TBD,TBD,TBD,NOT_STARTED,source=apps/web/src/app/(app)/crm/accounts/page.tsx; kind=PAGE
FC-0033,TBD,TBD,CRM,TBD,/crm/activities,/crm/activities,TBD,,TBD,TBD,TBD,TBD,TBD,TBD,TBD,TBD,TBD,TBD,TBD,TBD,TBD,TBD,TBD,TBD,TBD,TBD,TBD,NOT_STARTED,source=apps/web/src/app/(app)/crm/activities/page.tsx; kind=PAGE
FC-0034,TBD,TBD,CRM,TBD,/crm/assignment-rules,/crm/assignment-rules,TBD,,TBD,TBD,TBD,TBD,TBD,TBD,TBD,TBD,TBD,TBD,TBD,TBD,TBD,TBD,TBD,TBD,TBD,TBD,TBD,NOT_STARTED,source=apps/web/src/app/(app)/crm/assignment-rules/page.tsx; kind=PAGE
FC-0035,TBD,TBD,CRM,TBD,/crm/calendar,/crm/calendar,TBD,,TBD,TBD,TBD,TBD,TBD,TBD,TBD,TBD,TBD,TBD,TBD,TBD,TBD,TBD,TBD,TBD,TBD,TBD,TBD,NOT_STARTED,source=apps/web/src/app/(app)/crm/calendar/page.tsx; kind=PAGE
FC-0036,TBD,TBD,CRM,TBD,/crm/calls,/crm/calls,TBD,,TBD,TBD,TBD,TBD,TBD,TBD,TBD,TBD,TBD,TBD,TBD,TBD,TBD,TBD,TBD,TBD,TBD,TBD,TBD,NOT_STARTED,source=apps/web/src/app/(app)/crm/calls/page.tsx; kind=PAGE
FC-0037,TBD,TBD,CRM,TBD,/crm/contacts/[id],/crm/contacts/[id],TBD,,TBD,TBD,TBD,TBD,TBD,TBD,TBD,TBD,TBD,TBD,TBD,TBD,TBD,TBD,TBD,TBD,TBD,TBD,TBD,NOT_STARTED,source=apps/web/src/app/(app)/crm/contacts/[id]/page.tsx; kind=PAGE
FC-0038,TBD,TBD,CRM,TBD,/crm/contacts,/crm/contacts,TBD,,TBD,TBD,TBD,TBD,TBD,TBD,TBD,TBD,TBD,TBD,TBD,TBD,TBD,TBD,TBD,TBD,TBD,TBD,TBD,NOT_STARTED,source=apps/web/src/app/(app)/crm/contacts/page.tsx; kind=PAGE
FC-0039,TBD,TBD,CRM,TBD,/crm/data-management,/crm/data-management,TBD,,TBD,TBD,TBD,TBD,TBD,TBD,TBD,TBD,TBD,TBD,TBD,TBD,TBD,TBD,TBD,TBD,TBD,TBD,TBD,NOT_STARTED,source=apps/web/src/app/(app)/crm/data-management/page.tsx; kind=PAGE
FC-0040,TBD,TBD,CRM,TBD,/crm/duplicate-rules,/crm/duplicate-rules,TBD,,TBD,TBD,TBD,TBD,TBD,TBD,TBD,TBD,TBD,TBD,TBD,TBD,TBD,TBD,TBD,TBD,TBD,TBD,TBD,NOT_STARTED,source=apps/web/src/app/(app)/crm/duplicate-rules/page.tsx; kind=PAGE
FC-0041,TBD,TBD,CRM,TBD,/crm/features,/crm/features,TBD,,TBD,TBD,TBD,TBD,TBD,TBD,TBD,TBD,TBD,TBD,TBD,TBD,TBD,TBD,TBD,TBD,TBD,TBD,TBD,NOT_STARTED,source=apps/web/src/app/(app)/crm/features/page.tsx; kind=PAGE
FC-0042,TBD,TBD,CRM,TBD,/crm/follow-ups,/crm/follow-ups,TBD,,TBD,TBD,TBD,TBD,TBD,TBD,TBD,TBD,TBD,TBD,TBD,TBD,TBD,TBD,TBD,TBD,TBD,TBD,TBD,NOT_STARTED,source=apps/web/src/app/(app)/crm/follow-ups/page.tsx; kind=PAGE
FC-0043,TBD,TBD,CRM,TBD,/crm/forecast,/crm/forecast,TBD,,TBD,TBD,TBD,TBD,TBD,TBD,TBD,TBD,TBD,TBD,TBD,TBD,TBD,TBD,TBD,TBD,TBD,TBD,TBD,NOT_STARTED,source=apps/web/src/app/(app)/crm/forecast/page.tsx; kind=PAGE
FC-0044,TBD,TBD,CRM,TBD,/crm/inbox,/crm/inbox,TBD,,TBD,TBD,TBD,TBD,TBD,TBD,TBD,TBD,TBD,TBD,TBD,TBD,TBD,TBD,TBD,TBD,TBD,TBD,TBD,NOT_STARTED,source=apps/web/src/app/(app)/crm/inbox/page.tsx; kind=PAGE
FC-0045,TBD,TBD,CRM,TBD,/crm/lead-lifecycle,/crm/lead-lifecycle,TBD,,TBD,TBD,TBD,TBD,TBD,TBD,TBD,TBD,TBD,TBD,TBD,TBD,TBD,TBD,TBD,TBD,TBD,TBD,TBD,NOT_STARTED,source=apps/web/src/app/(app)/crm/lead-lifecycle/page.tsx; kind=PAGE
FC-0046,TBD,TBD,CRM,TBD,/crm/lead-scoring,/crm/lead-scoring,TBD,,TBD,TBD,TBD,TBD,TBD,TBD,TBD,TBD,TBD,TBD,TBD,TBD,TBD,TBD,TBD,TBD,TBD,TBD,TBD,NOT_STARTED,source=apps/web/src/app/(app)/crm/lead-scoring/page.tsx; kind=PAGE
FC-0047,TBD,TBD,CRM,TBD,/crm/leads-next/[id]/edit,/crm/leads/[id]/edit,TBD,,TBD,TBD,TBD,TBD,TBD,TBD,TBD,TBD,TBD,TBD,TBD,TBD,TBD,TBD,TBD,TBD,TBD,TBD,TBD,NOT_STARTED,source=apps/web/src/app/(app)/crm/leads-next/[id]/edit/page.tsx; kind=PAGE; superseded-dual-path-pre-cutover
FC-0048,TBD,TBD,CRM,TBD,/crm/leads-next/[id],/crm/leads/[id],TBD,,TBD,TBD,TBD,TBD,TBD,TBD,TBD,TBD,TBD,TBD,TBD,TBD,TBD,TBD,TBD,TBD,TBD,TBD,TBD,NOT_STARTED,source=apps/web/src/app/(app)/crm/leads-next/[id]/page.tsx; kind=PAGE; superseded-dual-path-pre-cutover
FC-0049,TBD,TBD,CRM,TBD,/crm/leads-next/new,/crm/leads/new,TBD,,TBD,TBD,TBD,TBD,TBD,TBD,TBD,TBD,TBD,TBD,TBD,TBD,TBD,TBD,TBD,TBD,TBD,TBD,TBD,NOT_STARTED,source=apps/web/src/app/(app)/crm/leads-next/new/page.tsx; kind=PAGE; superseded-dual-path-pre-cutover
FC-0050,TBD,TBD,CRM,TBD,/crm/leads-next,/crm/leads,TBD,,TBD,TBD,TBD,TBD,TBD,TBD,TBD,TBD,TBD,TBD,TBD,TBD,TBD,TBD,TBD,TBD,TBD,TBD,TBD,NOT_STARTED,source=apps/web/src/app/(app)/crm/leads-next/page.tsx; kind=PAGE; superseded-dual-path-pre-cutover
FC-0051,TBD,TBD,CRM,TBD,/crm/leads/[id],/crm/leads/[id],TBD,,TBD,TBD,TBD,TBD,TBD,TBD,TBD,TBD,TBD,TBD,TBD,TBD,TBD,TBD,TBD,TBD,TBD,TBD,TBD,NOT_STARTED,source=apps/web/src/app/(app)/crm/leads/[id]/page.tsx; kind=PAGE
FC-0052,TBD,TBD,CRM,TBD,/crm/lost-reasons,/crm/lost-reasons,TBD,,TBD,TBD,TBD,TBD,TBD,TBD,TBD,TBD,TBD,TBD,TBD,TBD,TBD,TBD,TBD,TBD,TBD,TBD,TBD,NOT_STARTED,source=apps/web/src/app/(app)/crm/lost-reasons/page.tsx; kind=PAGE
FC-0053,TBD,TBD,CRM,TBD,/crm/meetings,/crm/meetings,TBD,,TBD,TBD,TBD,TBD,TBD,TBD,TBD,TBD,TBD,TBD,TBD,TBD,TBD,TBD,TBD,TBD,TBD,TBD,TBD,NOT_STARTED,source=apps/web/src/app/(app)/crm/meetings/page.tsx; kind=PAGE
FC-0054,TBD,TBD,CRM,TBD,/crm/opportunities/[id],/crm/opportunities/[id],TBD,,TBD,TBD,TBD,TBD,TBD,TBD,TBD,TBD,TBD,TBD,TBD,TBD,TBD,TBD,TBD,TBD,TBD,TBD,TBD,NOT_STARTED,source=apps/web/src/app/(app)/crm/opportunities/[id]/page.tsx; kind=PAGE
FC-0055,TBD,TBD,CRM,TBD,/crm,/crm,TBD,,TBD,TBD,TBD,TBD,TBD,TBD,TBD,TBD,TBD,TBD,TBD,TBD,TBD,TBD,TBD,TBD,TBD,TBD,TBD,NOT_STARTED,source=apps/web/src/app/(app)/crm/page.tsx; kind=PAGE
FC-0056,TBD,TBD,CRM,TBD,/crm/pipeline,/crm/pipeline,TBD,,TBD,TBD,TBD,TBD,TBD,TBD,TBD,TBD,TBD,TBD,TBD,TBD,TBD,TBD,TBD,TBD,TBD,TBD,TBD,NOT_STARTED,source=apps/web/src/app/(app)/crm/pipeline/page.tsx; kind=PAGE
FC-0057,TBD,TBD,CRM,TBD,/crm/reports,/crm/reports,TBD,,TBD,TBD,TBD,TBD,TBD,TBD,TBD,TBD,TBD,TBD,TBD,TBD,TBD,TBD,TBD,TBD,TBD,TBD,TBD,NOT_STARTED,source=apps/web/src/app/(app)/crm/reports/page.tsx; kind=PAGE
FC-0058,TBD,TBD,CRM,TBD,/crm/settings,/crm/settings,TBD,,TBD,TBD,TBD,TBD,TBD,TBD,TBD,TBD,TBD,TBD,TBD,TBD,TBD,TBD,TBD,TBD,TBD,TBD,TBD,NOT_STARTED,source=apps/web/src/app/(app)/crm/settings/page.tsx; kind=PAGE
FC-0059,TBD,TBD,CRM,TBD,/crm/sources,/crm/sources,TBD,,TBD,TBD,TBD,TBD,TBD,TBD,TBD,TBD,TBD,TBD,TBD,TBD,TBD,TBD,TBD,TBD,TBD,TBD,TBD,NOT_STARTED,source=apps/web/src/app/(app)/crm/sources/page.tsx; kind=PAGE
FC-0060,TBD,TBD,CRM,TBD,/crm/stages,/crm/stages,TBD,,TBD,TBD,TBD,TBD,TBD,TBD,TBD,TBD,TBD,TBD,TBD,TBD,TBD,TBD,TBD,TBD,TBD,TBD,TBD,NOT_STARTED,source=apps/web/src/app/(app)/crm/stages/page.tsx; kind=PAGE
FC-0061,TBD,TBD,CRM,TBD,/crm/tasks,/crm/tasks,TBD,,TBD,TBD,TBD,TBD,TBD,TBD,TBD,TBD,TBD,TBD,TBD,TBD,TBD,TBD,TBD,TBD,TBD,TBD,TBD,NOT_STARTED,source=apps/web/src/app/(app)/crm/tasks/page.tsx; kind=PAGE
FC-0062,TBD,TBD,CRM,TBD,/crm/work,/crm/work,TBD,,TBD,TBD,TBD,TBD,TBD,TBD,TBD,TBD,TBD,TBD,TBD,TBD,TBD,TBD,TBD,TBD,TBD,TBD,TBD,NOT_STARTED,source=apps/web/src/app/(app)/crm/work/page.tsx; kind=PAGE
FC-0063,TBD,TBD,Platform / Shared,TBD,/dashboard,/dashboard,TBD,,TBD,TBD,TBD,TBD,TBD,TBD,TBD,TBD,TBD,TBD,TBD,TBD,TBD,TBD,TBD,TBD,TBD,TBD,TBD,NOT_STARTED,source=apps/web/src/app/(app)/dashboard/page.tsx; kind=PAGE
FC-0064,TBD,TBD,Platform / Shared,TBD,/data-management,/data-management,TBD,,TBD,TBD,TBD,TBD,TBD,TBD,TBD,TBD,TBD,TBD,TBD,TBD,TBD,TBD,TBD,TBD,TBD,TBD,TBD,NOT_STARTED,source=apps/web/src/app/(app)/data-management/page.tsx; kind=PAGE
FC-0065,TBD,TBD,Platform / Shared,TBD,/exceptions,/exceptions,TBD,,TBD,TBD,TBD,TBD,TBD,TBD,TBD,TBD,TBD,TBD,TBD,TBD,TBD,TBD,TBD,TBD,TBD,TBD,TBD,NOT_STARTED,source=apps/web/src/app/(app)/exceptions/page.tsx; kind=PAGE
FC-0066,TBD,TBD,Platform / Shared,TBD,/follow-ups,/follow-ups,TBD,,TBD,TBD,TBD,TBD,TBD,TBD,TBD,TBD,TBD,TBD,TBD,TBD,TBD,TBD,TBD,TBD,TBD,TBD,TBD,NOT_STARTED,source=apps/web/src/app/(app)/follow-ups/page.tsx; kind=PAGE
FC-0067,TBD,TBD,HR & Payroll,TBD,/hr-payroll/[resource],/hr-payroll/[resource],TBD,,TBD,TBD,TBD,TBD,TBD,TBD,TBD,TBD,TBD,TBD,TBD,TBD,TBD,TBD,TBD,TBD,TBD,TBD,TBD,NOT_STARTED,source=apps/web/src/app/(app)/hr-payroll/[resource]/page.tsx; kind=PAGE
FC-0068,TBD,TBD,HR & Payroll,TBD,/hr-payroll,/hr-payroll,TBD,,TBD,TBD,TBD,TBD,TBD,TBD,TBD,TBD,TBD,TBD,TBD,TBD,TBD,TBD,TBD,TBD,TBD,TBD,TBD,NOT_STARTED,source=apps/web/src/app/(app)/hr-payroll/page.tsx; kind=PAGE
FC-0069,TBD,TBD,Platform / Shared,TBD,/integrations,/integrations,TBD,,TBD,TBD,TBD,TBD,TBD,TBD,TBD,TBD,TBD,TBD,TBD,TBD,TBD,TBD,TBD,TBD,TBD,TBD,TBD,NOT_STARTED,source=apps/web/src/app/(app)/integrations/page.tsx; kind=PAGE
FC-0070,TBD,TBD,Manufacturing,TBD,/manufacturing/[resource],/manufacturing/[resource],TBD,,TBD,TBD,TBD,TBD,TBD,TBD,TBD,TBD,TBD,TBD,TBD,TBD,TBD,TBD,TBD,TBD,TBD,TBD,TBD,NOT_STARTED,source=apps/web/src/app/(app)/manufacturing/[resource]/page.tsx; kind=PAGE
FC-0071,TBD,TBD,Manufacturing,TBD,/manufacturing,/manufacturing,TBD,,TBD,TBD,TBD,TBD,TBD,TBD,TBD,TBD,TBD,TBD,TBD,TBD,TBD,TBD,TBD,TBD,TBD,TBD,TBD,NOT_STARTED,source=apps/web/src/app/(app)/manufacturing/page.tsx; kind=PAGE
FC-0072,TBD,TBD,Platform / Shared,TBD,/master-data/[resource],/master-data/[resource],TBD,,TBD,TBD,TBD,TBD,TBD,TBD,TBD,TBD,TBD,TBD,TBD,TBD,TBD,TBD,TBD,TBD,TBD,TBD,TBD,NOT_STARTED,source=apps/web/src/app/(app)/master-data/[resource]/page.tsx; kind=PAGE
FC-0073,TBD,TBD,Platform / Shared,TBD,/master-data,/master-data,TBD,,TBD,TBD,TBD,TBD,TBD,TBD,TBD,TBD,TBD,TBD,TBD,TBD,TBD,TBD,TBD,TBD,TBD,TBD,TBD,NOT_STARTED,source=apps/web/src/app/(app)/master-data/page.tsx; kind=PAGE
FC-0074,TBD,TBD,Platform / Shared,TBD,/my-work,/my-work,TBD,,TBD,TBD,TBD,TBD,TBD,TBD,TBD,TBD,TBD,TBD,TBD,TBD,TBD,TBD,TBD,TBD,TBD,TBD,TBD,NOT_STARTED,source=apps/web/src/app/(app)/my-work/page.tsx; kind=PAGE
FC-0075,TBD,TBD,Platform / Shared,TBD,/notifications,/notifications,TBD,,TBD,TBD,TBD,TBD,TBD,TBD,TBD,TBD,TBD,TBD,TBD,TBD,TBD,TBD,TBD,TBD,TBD,TBD,TBD,NOT_STARTED,source=apps/web/src/app/(app)/notifications/page.tsx; kind=PAGE
FC-0076,TBD,TBD,Point of Sale,TBD,/point-of-sale/[resource],/point-of-sale/[resource],TBD,,TBD,TBD,TBD,TBD,TBD,TBD,TBD,TBD,TBD,TBD,TBD,TBD,TBD,TBD,TBD,TBD,TBD,TBD,TBD,NOT_STARTED,source=apps/web/src/app/(app)/point-of-sale/[resource]/page.tsx; kind=PAGE
FC-0077,TBD,TBD,Point of Sale,TBD,/point-of-sale,/point-of-sale,TBD,,TBD,TBD,TBD,TBD,TBD,TBD,TBD,TBD,TBD,TBD,TBD,TBD,TBD,TBD,TBD,TBD,TBD,TBD,TBD,NOT_STARTED,source=apps/web/src/app/(app)/point-of-sale/page.tsx; kind=PAGE
FC-0078,TBD,TBD,Procurement,TBD,/procurement/contracts/[id],/procurement/contracts/[id],TBD,,TBD,TBD,TBD,TBD,TBD,TBD,TBD,TBD,TBD,TBD,TBD,TBD,TBD,TBD,TBD,TBD,TBD,TBD,TBD,NOT_STARTED,source=apps/web/src/app/(app)/procurement/contracts/[id]/page.tsx; kind=PAGE
FC-0079,TBD,TBD,Procurement,TBD,/procurement/contracts/new,/procurement/contracts/new,TBD,,TBD,TBD,TBD,TBD,TBD,TBD,TBD,TBD,TBD,TBD,TBD,TBD,TBD,TBD,TBD,TBD,TBD,TBD,TBD,NOT_STARTED,source=apps/web/src/app/(app)/procurement/contracts/new/page.tsx; kind=PAGE
FC-0080,TBD,TBD,Procurement,TBD,/procurement/contracts,/procurement/contracts,TBD,,TBD,TBD,TBD,TBD,TBD,TBD,TBD,TBD,TBD,TBD,TBD,TBD,TBD,TBD,TBD,TBD,TBD,TBD,TBD,NOT_STARTED,source=apps/web/src/app/(app)/procurement/contracts/page.tsx; kind=PAGE
FC-0081,TBD,TBD,Procurement,TBD,/procurement/governance,/procurement/governance,TBD,,TBD,TBD,TBD,TBD,TBD,TBD,TBD,TBD,TBD,TBD,TBD,TBD,TBD,TBD,TBD,TBD,TBD,TBD,TBD,NOT_STARTED,source=apps/web/src/app/(app)/procurement/governance/page.tsx; kind=PAGE
FC-0082,TBD,TBD,Procurement,TBD,/procurement/matching,/procurement/matching,TBD,,TBD,TBD,TBD,TBD,TBD,TBD,TBD,TBD,TBD,TBD,TBD,TBD,TBD,TBD,TBD,TBD,TBD,TBD,TBD,NOT_STARTED,source=apps/web/src/app/(app)/procurement/matching/page.tsx; kind=PAGE
FC-0083,TBD,TBD,Procurement,TBD,/procurement/operations,/procurement/operations,TBD,,TBD,TBD,TBD,TBD,TBD,TBD,TBD,TBD,TBD,TBD,TBD,TBD,TBD,TBD,TBD,TBD,TBD,TBD,TBD,NOT_STARTED,source=apps/web/src/app/(app)/procurement/operations/page.tsx; kind=PAGE
FC-0084,TBD,TBD,Procurement,TBD,/procurement/orders/[id],/procurement/orders/[id],TBD,,TBD,TBD,TBD,TBD,TBD,TBD,TBD,TBD,TBD,TBD,TBD,TBD,TBD,TBD,TBD,TBD,TBD,TBD,TBD,NOT_STARTED,source=apps/web/src/app/(app)/procurement/orders/[id]/page.tsx; kind=PAGE
FC-0085,TBD,TBD,Procurement,TBD,/procurement/orders/new,/procurement/orders/new,TBD,,TBD,TBD,TBD,TBD,TBD,TBD,TBD,TBD,TBD,TBD,TBD,TBD,TBD,TBD,TBD,TBD,TBD,TBD,TBD,NOT_STARTED,source=apps/web/src/app/(app)/procurement/orders/new/page.tsx; kind=PAGE
FC-0086,TBD,TBD,Procurement,TBD,/procurement/orders,/procurement/orders,TBD,,TBD,TBD,TBD,TBD,TBD,TBD,TBD,TBD,TBD,TBD,TBD,TBD,TBD,TBD,TBD,TBD,TBD,TBD,TBD,NOT_STARTED,source=apps/web/src/app/(app)/procurement/orders/page.tsx; kind=PAGE
FC-0087,TBD,TBD,Procurement,TBD,/procurement,/procurement,TBD,,TBD,TBD,TBD,TBD,TBD,TBD,TBD,TBD,TBD,TBD,TBD,TBD,TBD,TBD,TBD,TBD,TBD,TBD,TBD,NOT_STARTED,source=apps/web/src/app/(app)/procurement/page.tsx; kind=PAGE
FC-0088,TBD,TBD,Procurement,TBD,/procurement/receipts/[id],/procurement/receipts/[id],TBD,,TBD,TBD,TBD,TBD,TBD,TBD,TBD,TBD,TBD,TBD,TBD,TBD,TBD,TBD,TBD,TBD,TBD,TBD,TBD,NOT_STARTED,source=apps/web/src/app/(app)/procurement/receipts/[id]/page.tsx; kind=PAGE
FC-0089,TBD,TBD,Procurement,TBD,/procurement/receipts/new,/procurement/receipts/new,TBD,,TBD,TBD,TBD,TBD,TBD,TBD,TBD,TBD,TBD,TBD,TBD,TBD,TBD,TBD,TBD,TBD,TBD,TBD,TBD,NOT_STARTED,source=apps/web/src/app/(app)/procurement/receipts/new/page.tsx; kind=PAGE
FC-0090,TBD,TBD,Procurement,TBD,/procurement/receipts,/procurement/receipts,TBD,,TBD,TBD,TBD,TBD,TBD,TBD,TBD,TBD,TBD,TBD,TBD,TBD,TBD,TBD,TBD,TBD,TBD,TBD,TBD,NOT_STARTED,source=apps/web/src/app/(app)/procurement/receipts/page.tsx; kind=PAGE
FC-0091,TBD,TBD,Procurement,TBD,/procurement/reports,/procurement/reports,TBD,,TBD,TBD,TBD,TBD,TBD,TBD,TBD,TBD,TBD,TBD,TBD,TBD,TBD,TBD,TBD,TBD,TBD,TBD,TBD,NOT_STARTED,source=apps/web/src/app/(app)/procurement/reports/page.tsx; kind=PAGE
FC-0092,TBD,TBD,Procurement,TBD,/procurement/requisitions/[id],/procurement/requisitions/[id],TBD,,TBD,TBD,TBD,TBD,TBD,TBD,TBD,TBD,TBD,TBD,TBD,TBD,TBD,TBD,TBD,TBD,TBD,TBD,TBD,NOT_STARTED,source=apps/web/src/app/(app)/procurement/requisitions/[id]/page.tsx; kind=PAGE
FC-0093,TBD,TBD,Procurement,TBD,/procurement/requisitions/new,/procurement/requisitions/new,TBD,,TBD,TBD,TBD,TBD,TBD,TBD,TBD,TBD,TBD,TBD,TBD,TBD,TBD,TBD,TBD,TBD,TBD,TBD,TBD,NOT_STARTED,source=apps/web/src/app/(app)/procurement/requisitions/new/page.tsx; kind=PAGE
FC-0094,TBD,TBD,Procurement,TBD,/procurement/requisitions,/procurement/requisitions,TBD,,TBD,TBD,TBD,TBD,TBD,TBD,TBD,TBD,TBD,TBD,TBD,TBD,TBD,TBD,TBD,TBD,TBD,TBD,TBD,NOT_STARTED,source=apps/web/src/app/(app)/procurement/requisitions/page.tsx; kind=PAGE
FC-0095,TBD,TBD,Procurement,TBD,/procurement/settings,/procurement/settings,TBD,,TBD,TBD,TBD,TBD,TBD,TBD,TBD,TBD,TBD,TBD,TBD,TBD,TBD,TBD,TBD,TBD,TBD,TBD,TBD,NOT_STARTED,source=apps/web/src/app/(app)/procurement/settings/page.tsx; kind=PAGE
FC-0096,TBD,TBD,Procurement,TBD,/procurement/sourcing/[id],/procurement/sourcing/[id],TBD,,TBD,TBD,TBD,TBD,TBD,TBD,TBD,TBD,TBD,TBD,TBD,TBD,TBD,TBD,TBD,TBD,TBD,TBD,TBD,NOT_STARTED,source=apps/web/src/app/(app)/procurement/sourcing/[id]/page.tsx; kind=PAGE
FC-0097,TBD,TBD,Procurement,TBD,/procurement/sourcing/new,/procurement/sourcing/new,TBD,,TBD,TBD,TBD,TBD,TBD,TBD,TBD,TBD,TBD,TBD,TBD,TBD,TBD,TBD,TBD,TBD,TBD,TBD,TBD,NOT_STARTED,source=apps/web/src/app/(app)/procurement/sourcing/new/page.tsx; kind=PAGE
FC-0098,TBD,TBD,Procurement,TBD,/procurement/sourcing,/procurement/sourcing,TBD,,TBD,TBD,TBD,TBD,TBD,TBD,TBD,TBD,TBD,TBD,TBD,TBD,TBD,TBD,TBD,TBD,TBD,TBD,TBD,NOT_STARTED,source=apps/web/src/app/(app)/procurement/sourcing/page.tsx; kind=PAGE
FC-0099,TBD,TBD,Procurement,TBD,/procurement/suppliers/[id],/procurement/suppliers/[id],TBD,,TBD,TBD,TBD,TBD,TBD,TBD,TBD,TBD,TBD,TBD,TBD,TBD,TBD,TBD,TBD,TBD,TBD,TBD,TBD,NOT_STARTED,source=apps/web/src/app/(app)/procurement/suppliers/[id]/page.tsx; kind=PAGE
FC-0100,TBD,TBD,Procurement,TBD,/procurement/suppliers/new,/procurement/suppliers/new,TBD,,TBD,TBD,TBD,TBD,TBD,TBD,TBD,TBD,TBD,TBD,TBD,TBD,TBD,TBD,TBD,TBD,TBD,TBD,TBD,NOT_STARTED,source=apps/web/src/app/(app)/procurement/suppliers/new/page.tsx; kind=PAGE
FC-0101,TBD,TBD,Procurement,TBD,/procurement/suppliers,/procurement/suppliers,TBD,,TBD,TBD,TBD,TBD,TBD,TBD,TBD,TBD,TBD,TBD,TBD,TBD,TBD,TBD,TBD,TBD,TBD,TBD,TBD,NOT_STARTED,source=apps/web/src/app/(app)/procurement/suppliers/page.tsx; kind=PAGE
FC-0102,TBD,TBD,Platform / Shared,TBD,/profile,/profile,TBD,,TBD,TBD,TBD,TBD,TBD,TBD,TBD,TBD,TBD,TBD,TBD,TBD,TBD,TBD,TBD,TBD,TBD,TBD,TBD,NOT_STARTED,source=apps/web/src/app/(app)/profile/page.tsx; kind=PAGE
FC-0103,TBD,TBD,Projects,TBD,/projects/[resource],/projects/[resource],TBD,,TBD,TBD,TBD,TBD,TBD,TBD,TBD,TBD,TBD,TBD,TBD,TBD,TBD,TBD,TBD,TBD,TBD,TBD,TBD,NOT_STARTED,source=apps/web/src/app/(app)/projects/[resource]/page.tsx; kind=PAGE
FC-0104,TBD,TBD,Projects,TBD,/projects,/projects,TBD,,TBD,TBD,TBD,TBD,TBD,TBD,TBD,TBD,TBD,TBD,TBD,TBD,TBD,TBD,TBD,TBD,TBD,TBD,TBD,NOT_STARTED,source=apps/web/src/app/(app)/projects/page.tsx; kind=PAGE
FC-0105,TBD,TBD,Quality,TBD,/quality/[resource],/quality/[resource],TBD,,TBD,TBD,TBD,TBD,TBD,TBD,TBD,TBD,TBD,TBD,TBD,TBD,TBD,TBD,TBD,TBD,TBD,TBD,TBD,NOT_STARTED,source=apps/web/src/app/(app)/quality/[resource]/page.tsx; kind=PAGE
FC-0106,TBD,TBD,Quality,TBD,/quality,/quality,TBD,,TBD,TBD,TBD,TBD,TBD,TBD,TBD,TBD,TBD,TBD,TBD,TBD,TBD,TBD,TBD,TBD,TBD,TBD,TBD,NOT_STARTED,source=apps/web/src/app/(app)/quality/page.tsx; kind=PAGE
FC-0107,TBD,TBD,Platform / Shared,TBD,/reports,/reports,TBD,,TBD,TBD,TBD,TBD,TBD,TBD,TBD,TBD,TBD,TBD,TBD,TBD,TBD,TBD,TBD,TBD,TBD,TBD,TBD,NOT_STARTED,source=apps/web/src/app/(app)/reports/page.tsx; kind=PAGE
FC-0108,TBD,TBD,Sales,TBD,/sales/operations,/sales/operations,TBD,,TBD,TBD,TBD,TBD,TBD,TBD,TBD,TBD,TBD,TBD,TBD,TBD,TBD,TBD,TBD,TBD,TBD,TBD,TBD,NOT_STARTED,source=apps/web/src/app/(app)/sales/operations/page.tsx; kind=PAGE
FC-0109,TBD,TBD,Sales,TBD,/sales/orders/[id],/sales/orders/[id],TBD,,TBD,TBD,TBD,TBD,TBD,TBD,TBD,TBD,TBD,TBD,TBD,TBD,TBD,TBD,TBD,TBD,TBD,TBD,TBD,NOT_STARTED,source=apps/web/src/app/(app)/sales/orders/[id]/page.tsx; kind=PAGE
FC-0110,TBD,TBD,Sales,TBD,/sales/orders/new,/sales/orders/new,TBD,,TBD,TBD,TBD,TBD,TBD,TBD,TBD,TBD,TBD,TBD,TBD,TBD,TBD,TBD,TBD,TBD,TBD,TBD,TBD,NOT_STARTED,source=apps/web/src/app/(app)/sales/orders/new/page.tsx; kind=PAGE
FC-0111,TBD,TBD,Sales,TBD,/sales/orders,/sales/orders,TBD,,TBD,TBD,TBD,TBD,TBD,TBD,TBD,TBD,TBD,TBD,TBD,TBD,TBD,TBD,TBD,TBD,TBD,TBD,TBD,NOT_STARTED,source=apps/web/src/app/(app)/sales/orders/page.tsx; kind=PAGE
FC-0112,TBD,TBD,Sales,TBD,/sales,/sales,TBD,,TBD,TBD,TBD,TBD,TBD,TBD,TBD,TBD,TBD,TBD,TBD,TBD,TBD,TBD,TBD,TBD,TBD,TBD,TBD,NOT_STARTED,source=apps/web/src/app/(app)/sales/page.tsx; kind=PAGE
FC-0113,TBD,TBD,Sales,TBD,/sales/quotations/[id],/sales/quotations/[id],TBD,,TBD,TBD,TBD,TBD,TBD,TBD,TBD,TBD,TBD,TBD,TBD,TBD,TBD,TBD,TBD,TBD,TBD,TBD,TBD,NOT_STARTED,source=apps/web/src/app/(app)/sales/quotations/[id]/page.tsx; kind=PAGE
FC-0114,TBD,TBD,Sales,TBD,/sales/quotations/new,/sales/quotations/new,TBD,,TBD,TBD,TBD,TBD,TBD,TBD,TBD,TBD,TBD,TBD,TBD,TBD,TBD,TBD,TBD,TBD,TBD,TBD,TBD,NOT_STARTED,source=apps/web/src/app/(app)/sales/quotations/new/page.tsx; kind=PAGE
FC-0115,TBD,TBD,Sales,TBD,/sales/quotations,/sales/quotations,TBD,,TBD,TBD,TBD,TBD,TBD,TBD,TBD,TBD,TBD,TBD,TBD,TBD,TBD,TBD,TBD,TBD,TBD,TBD,TBD,NOT_STARTED,source=apps/web/src/app/(app)/sales/quotations/page.tsx; kind=PAGE
FC-0116,TBD,TBD,Sales,TBD,/sales/reports,/sales/reports,TBD,,TBD,TBD,TBD,TBD,TBD,TBD,TBD,TBD,TBD,TBD,TBD,TBD,TBD,TBD,TBD,TBD,TBD,TBD,TBD,NOT_STARTED,source=apps/web/src/app/(app)/sales/reports/page.tsx; kind=PAGE
FC-0117,TBD,TBD,Sales,TBD,/sales/settings,/sales/settings,TBD,,TBD,TBD,TBD,TBD,TBD,TBD,TBD,TBD,TBD,TBD,TBD,TBD,TBD,TBD,TBD,TBD,TBD,TBD,TBD,NOT_STARTED,source=apps/web/src/app/(app)/sales/settings/page.tsx; kind=PAGE
FC-0118,TBD,TBD,Platform / Shared,TBD,/search,/search,TBD,,TBD,TBD,TBD,TBD,TBD,TBD,TBD,TBD,TBD,TBD,TBD,TBD,TBD,TBD,TBD,TBD,TBD,TBD,TBD,NOT_STARTED,source=apps/web/src/app/(app)/search/page.tsx; kind=PAGE
FC-0119,TBD,TBD,Platform / Shared,TBD,/security,/security,TBD,,TBD,TBD,TBD,TBD,TBD,TBD,TBD,TBD,TBD,TBD,TBD,TBD,TBD,TBD,TBD,TBD,TBD,TBD,TBD,NOT_STARTED,source=apps/web/src/app/(app)/security/page.tsx; kind=PAGE
FC-0120,TBD,TBD,Platform / Shared,TBD,/settings/[resource],/settings/[resource],TBD,,TBD,TBD,TBD,TBD,TBD,TBD,TBD,TBD,TBD,TBD,TBD,TBD,TBD,TBD,TBD,TBD,TBD,TBD,TBD,NOT_STARTED,source=apps/web/src/app/(app)/settings/[resource]/page.tsx; kind=PAGE
FC-0121,TBD,TBD,Platform / Shared,TBD,/settings/company,/settings/company,TBD,,TBD,TBD,TBD,TBD,TBD,TBD,TBD,TBD,TBD,TBD,TBD,TBD,TBD,TBD,TBD,TBD,TBD,TBD,TBD,NOT_STARTED,source=apps/web/src/app/(app)/settings/company/page.tsx; kind=PAGE
FC-0122,TBD,TBD,Platform / Shared,TBD,/settings,/settings,TBD,,TBD,TBD,TBD,TBD,TBD,TBD,TBD,TBD,TBD,TBD,TBD,TBD,TBD,TBD,TBD,TBD,TBD,TBD,TBD,NOT_STARTED,source=apps/web/src/app/(app)/settings/page.tsx; kind=PAGE
FC-0123,TBD,TBD,Platform / Shared,TBD,/settings/platform,/settings/platform,TBD,,TBD,TBD,TBD,TBD,TBD,TBD,TBD,TBD,TBD,TBD,TBD,TBD,TBD,TBD,TBD,TBD,TBD,TBD,TBD,NOT_STARTED,source=apps/web/src/app/(app)/settings/platform/page.tsx; kind=PAGE
FC-0124,TBD,TBD,Platform / Shared,TBD,/settings/roles,/settings/roles,TBD,,TBD,TBD,TBD,TBD,TBD,TBD,TBD,TBD,TBD,TBD,TBD,TBD,TBD,TBD,TBD,TBD,TBD,TBD,TBD,NOT_STARTED,source=apps/web/src/app/(app)/settings/roles/page.tsx; kind=PAGE
FC-0125,TBD,TBD,Platform / Shared,TBD,/settings/users,/settings/users,TBD,,TBD,TBD,TBD,TBD,TBD,TBD,TBD,TBD,TBD,TBD,TBD,TBD,TBD,TBD,TBD,TBD,TBD,TBD,TBD,NOT_STARTED,source=apps/web/src/app/(app)/settings/users/page.tsx; kind=PAGE
FC-0126,TBD,TBD,Stock / Inventory,TBD,/stock/[resource],/stock/[resource],TBD,,TBD,TBD,TBD,TBD,TBD,TBD,TBD,TBD,TBD,TBD,TBD,TBD,TBD,TBD,TBD,TBD,TBD,TBD,TBD,NOT_STARTED,source=apps/web/src/app/(app)/stock/[resource]/page.tsx; kind=PAGE
FC-0127,TBD,TBD,Stock / Inventory,TBD,/stock/availability,/stock/availability,TBD,,TBD,TBD,TBD,TBD,TBD,TBD,TBD,TBD,TBD,TBD,TBD,TBD,TBD,TBD,TBD,TBD,TBD,TBD,TBD,NOT_STARTED,source=apps/web/src/app/(app)/stock/availability/page.tsx; kind=PAGE
FC-0128,TBD,TBD,Stock / Inventory,TBD,/stock/operations,/stock/operations,TBD,,TBD,TBD,TBD,TBD,TBD,TBD,TBD,TBD,TBD,TBD,TBD,TBD,TBD,TBD,TBD,TBD,TBD,TBD,TBD,NOT_STARTED,source=apps/web/src/app/(app)/stock/operations/page.tsx; kind=PAGE
FC-0129,TBD,TBD,Stock / Inventory,TBD,/stock,/stock,TBD,,TBD,TBD,TBD,TBD,TBD,TBD,TBD,TBD,TBD,TBD,TBD,TBD,TBD,TBD,TBD,TBD,TBD,TBD,TBD,NOT_STARTED,source=apps/web/src/app/(app)/stock/page.tsx; kind=PAGE
FC-0130,TBD,TBD,Support / Customer Service,TBD,/support/[resource],/support/[resource],TBD,,TBD,TBD,TBD,TBD,TBD,TBD,TBD,TBD,TBD,TBD,TBD,TBD,TBD,TBD,TBD,TBD,TBD,TBD,TBD,NOT_STARTED,source=apps/web/src/app/(app)/support/[resource]/page.tsx; kind=PAGE
FC-0131,TBD,TBD,Support / Customer Service,TBD,/support,/support,TBD,,TBD,TBD,TBD,TBD,TBD,TBD,TBD,TBD,TBD,TBD,TBD,TBD,TBD,TBD,TBD,TBD,TBD,TBD,TBD,NOT_STARTED,source=apps/web/src/app/(app)/support/page.tsx; kind=PAGE
FC-0132,TBD,TBD,Platform / Shared,TBD,/tasks,/tasks,TBD,,TBD,TBD,TBD,TBD,TBD,TBD,TBD,TBD,TBD,TBD,TBD,TBD,TBD,TBD,TBD,TBD,TBD,TBD,TBD,NOT_STARTED,source=apps/web/src/app/(app)/tasks/page.tsx; kind=PAGE
FC-0133,TBD,TBD,Platform / Shared,TBD,/forgot-password,/forgot-password,TBD,,TBD,TBD,TBD,TBD,TBD,TBD,TBD,TBD,TBD,TBD,TBD,TBD,TBD,TBD,TBD,TBD,TBD,TBD,TBD,NOT_STARTED,source=apps/web/src/app/(auth)/forgot-password/page.tsx; kind=PAGE
FC-0134,TBD,TBD,Platform / Shared,TBD,/invite,/invite,TBD,,TBD,TBD,TBD,TBD,TBD,TBD,TBD,TBD,TBD,TBD,TBD,TBD,TBD,TBD,TBD,TBD,TBD,TBD,TBD,NOT_STARTED,source=apps/web/src/app/(auth)/invite/page.tsx; kind=PAGE
FC-0135,TBD,TBD,Platform / Shared,TBD,/login,/login,TBD,,TBD,TBD,TBD,TBD,TBD,TBD,TBD,TBD,TBD,TBD,TBD,TBD,TBD,TBD,TBD,TBD,TBD,TBD,TBD,NOT_STARTED,source=apps/web/src/app/(auth)/login/page.tsx; kind=PAGE
FC-0136,TBD,TBD,Platform / Shared,TBD,/reset-password,/reset-password,TBD,,TBD,TBD,TBD,TBD,TBD,TBD,TBD,TBD,TBD,TBD,TBD,TBD,TBD,TBD,TBD,TBD,TBD,TBD,TBD,NOT_STARTED,source=apps/web/src/app/(auth)/reset-password/page.tsx; kind=PAGE
FC-0137,TBD,TBD,Platform / Shared,TBD,/signup,/signup,TBD,,TBD,TBD,TBD,TBD,TBD,TBD,TBD,TBD,TBD,TBD,TBD,TBD,TBD,TBD,TBD,TBD,TBD,TBD,TBD,NOT_STARTED,source=apps/web/src/app/(auth)/signup/page.tsx; kind=PAGE
FC-0138,TBD,TBD,Platform / Shared,TBD,/verify-email,/verify-email,TBD,,TBD,TBD,TBD,TBD,TBD,TBD,TBD,TBD,TBD,TBD,TBD,TBD,TBD,TBD,TBD,TBD,TBD,TBD,TBD,NOT_STARTED,source=apps/web/src/app/(auth)/verify-email/page.tsx; kind=PAGE
FC-0139,TBD,TBD,Accounting / Finance,TBD,/api/accounting/accruals,/api/accounting/accruals,/api/accounting/accruals,GET;POST,TBD,TBD,TBD,TBD,TBD,TBD,TBD,TBD,TBD,TBD,TBD,TBD,TBD,TBD,TBD,TBD,TBD,TBD,TBD,NOT_STARTED,source=apps/web/src/app/api/accounting/accruals/route.ts; kind=API_ROUTE
FC-0140,TBD,TBD,Accounting / Finance,TBD,/api/accounting/accruals/run,/api/accounting/accruals/run,/api/accounting/accruals/run,POST,TBD,TBD,TBD,TBD,TBD,TBD,TBD,TBD,TBD,TBD,TBD,TBD,TBD,TBD,TBD,TBD,TBD,TBD,TBD,NOT_STARTED,source=apps/web/src/app/api/accounting/accruals/run/route.ts; kind=API_ROUTE
FC-0141,TBD,TBD,Accounting / Finance,TBD,/api/accounting/asset-categories,/api/accounting/asset-categories,/api/accounting/asset-categories,GET;POST,TBD,TBD,TBD,TBD,TBD,TBD,TBD,TBD,TBD,TBD,TBD,TBD,TBD,TBD,TBD,TBD,TBD,TBD,TBD,NOT_STARTED,source=apps/web/src/app/api/accounting/asset-categories/route.ts; kind=API_ROUTE
FC-0142,TBD,TBD,Accounting / Finance,TBD,/api/accounting/assets/[id]/actions,/api/accounting/assets/[id]/actions,/api/accounting/assets/[id]/actions,POST,TBD,TBD,TBD,TBD,TBD,TBD,TBD,TBD,TBD,TBD,TBD,TBD,TBD,TBD,TBD,TBD,TBD,TBD,TBD,NOT_STARTED,source=apps/web/src/app/api/accounting/assets/[id]/actions/route.ts; kind=API_ROUTE
FC-0143,TBD,TBD,Accounting / Finance,TBD,/api/accounting/assets/[id],/api/accounting/assets/[id],/api/accounting/assets/[id],GET,TBD,TBD,TBD,TBD,TBD,TBD,TBD,TBD,TBD,TBD,TBD,TBD,TBD,TBD,TBD,TBD,TBD,TBD,TBD,NOT_STARTED,source=apps/web/src/app/api/accounting/assets/[id]/route.ts; kind=API_ROUTE
FC-0144,TBD,TBD,Accounting / Finance,TBD,/api/accounting/assets,/api/accounting/assets,/api/accounting/assets,GET;POST,TBD,TBD,TBD,TBD,TBD,TBD,TBD,TBD,TBD,TBD,TBD,TBD,TBD,TBD,TBD,TBD,TBD,TBD,TBD,NOT_STARTED,source=apps/web/src/app/api/accounting/assets/route.ts; kind=API_ROUTE
FC-0145,TBD,TBD,Accounting / Finance,TBD,/api/accounting/banking/accounts,/api/accounting/banking/accounts,/api/accounting/banking/accounts,GET;POST,TBD,TBD,TBD,TBD,TBD,TBD,TBD,TBD,TBD,TBD,TBD,TBD,TBD,TBD,TBD,TBD,TBD,TBD,TBD,NOT_STARTED,source=apps/web/src/app/api/accounting/banking/accounts/route.ts; kind=API_ROUTE
FC-0146,TBD,TBD,Accounting / Finance,TBD,/api/accounting/banking/operations,/api/accounting/banking/operations,/api/accounting/banking/operations,GET;POST,TBD,TBD,TBD,TBD,TBD,TBD,TBD,TBD,TBD,TBD,TBD,TBD,TBD,TBD,TBD,TBD,TBD,TBD,TBD,NOT_STARTED,source=apps/web/src/app/api/accounting/banking/operations/route.ts; kind=API_ROUTE
FC-0147,TBD,TBD,Accounting / Finance,TBD,/api/accounting/banking/reconciliations/[id]/actions,/api/accounting/banking/reconciliations/[id]/actions,/api/accounting/banking/reconciliations/[id]/actions,POST,TBD,TBD,TBD,TBD,TBD,TBD,TBD,TBD,TBD,TBD,TBD,TBD,TBD,TBD,TBD,TBD,TBD,TBD,TBD,NOT_STARTED,source=apps/web/src/app/api/accounting/banking/reconciliations/[id]/actions/route.ts; kind=API_ROUTE
FC-0148,TBD,TBD,Accounting / Finance,TBD,/api/accounting/banking/statements/[id]/actions,/api/accounting/banking/statements/[id]/actions,/api/accounting/banking/statements/[id]/actions,POST,TBD,TBD,TBD,TBD,TBD,TBD,TBD,TBD,TBD,TBD,TBD,TBD,TBD,TBD,TBD,TBD,TBD,TBD,TBD,NOT_STARTED,source=apps/web/src/app/api/accounting/banking/statements/[id]/actions/route.ts; kind=API_ROUTE
FC-0149,TBD,TBD,Accounting / Finance,TBD,/api/accounting/banking/statements/[id],/api/accounting/banking/statements/[id],/api/accounting/banking/statements/[id],GET,TBD,TBD,TBD,TBD,TBD,TBD,TBD,TBD,TBD,TBD,TBD,TBD,TBD,TBD,TBD,TBD,TBD,TBD,TBD,NOT_STARTED,source=apps/web/src/app/api/accounting/banking/statements/[id]/route.ts; kind=API_ROUTE
FC-0150,TBD,TBD,Accounting / Finance,TBD,/api/accounting/banking/statements,/api/accounting/banking/statements,/api/accounting/banking/statements,GET;POST,TBD,TBD,TBD,TBD,TBD,TBD,TBD,TBD,TBD,TBD,TBD,TBD,TBD,TBD,TBD,TBD,TBD,TBD,TBD,NOT_STARTED,source=apps/web/src/app/api/accounting/banking/statements/route.ts; kind=API_ROUTE
FC-0151,TBD,TBD,Accounting / Finance,TBD,/api/accounting/budgets/[id]/actions,/api/accounting/budgets/[id]/actions,/api/accounting/budgets/[id]/actions,POST,TBD,TBD,TBD,TBD,TBD,TBD,TBD,TBD,TBD,TBD,TBD,TBD,TBD,TBD,TBD,TBD,TBD,TBD,TBD,NOT_STARTED,source=apps/web/src/app/api/accounting/budgets/[id]/actions/route.ts; kind=API_ROUTE
FC-0152,TBD,TBD,Accounting / Finance,TBD,/api/accounting/budgets,/api/accounting/budgets,/api/accounting/budgets,GET;POST,TBD,TBD,TBD,TBD,TBD,TBD,TBD,TBD,TBD,TBD,TBD,TBD,TBD,TBD,TBD,TBD,TBD,TBD,TBD,NOT_STARTED,source=apps/web/src/app/api/accounting/budgets/route.ts; kind=API_ROUTE
FC-0153,TBD,TBD,Accounting / Finance,TBD,/api/accounting/close/[id]/actions,/api/accounting/close/[id]/actions,/api/accounting/close/[id]/actions,POST,TBD,TBD,TBD,TBD,TBD,TBD,TBD,TBD,TBD,TBD,TBD,TBD,TBD,TBD,TBD,TBD,TBD,TBD,TBD,NOT_STARTED,source=apps/web/src/app/api/accounting/close/[id]/actions/route.ts; kind=API_ROUTE
FC-0154,TBD,TBD,Accounting / Finance,TBD,/api/accounting/close/[id],/api/accounting/close/[id],/api/accounting/close/[id],GET,TBD,TBD,TBD,TBD,TBD,TBD,TBD,TBD,TBD,TBD,TBD,TBD,TBD,TBD,TBD,TBD,TBD,TBD,TBD,NOT_STARTED,source=apps/web/src/app/api/accounting/close/[id]/route.ts; kind=API_ROUTE
FC-0155,TBD,TBD,Accounting / Finance,TBD,/api/accounting/close/[id]/tasks/[taskId],/api/accounting/close/[id]/tasks/[taskId],/api/accounting/close/[id]/tasks/[taskId],PATCH,TBD,TBD,TBD,TBD,TBD,TBD,TBD,TBD,TBD,TBD,TBD,TBD,TBD,TBD,TBD,TBD,TBD,TBD,TBD,NOT_STARTED,source=apps/web/src/app/api/accounting/close/[id]/tasks/[taskId]/route.ts; kind=API_ROUTE
FC-0156,TBD,TBD,Accounting / Finance,TBD,/api/accounting/close,/api/accounting/close,/api/accounting/close,GET;POST,TBD,TBD,TBD,TBD,TBD,TBD,TBD,TBD,TBD,TBD,TBD,TBD,TBD,TBD,TBD,TBD,TBD,TBD,TBD,NOT_STARTED,source=apps/web/src/app/api/accounting/close/route.ts; kind=API_ROUTE
FC-0157,TBD,TBD,Accounting / Finance,TBD,/api/accounting/collections/dunning,/api/accounting/collections/dunning,/api/accounting/collections/dunning,GET;POST,TBD,TBD,TBD,TBD,TBD,TBD,TBD,TBD,TBD,TBD,TBD,TBD,TBD,TBD,TBD,TBD,TBD,TBD,TBD,NOT_STARTED,source=apps/web/src/app/api/accounting/collections/dunning/route.ts; kind=API_ROUTE
FC-0158,TBD,TBD,Accounting / Finance,TBD,/api/accounting/compliance/requests/[id],/api/accounting/compliance/requests/[id],/api/accounting/compliance/requests/[id],PATCH,TBD,TBD,TBD,TBD,TBD,TBD,TBD,TBD,TBD,TBD,TBD,TBD,TBD,TBD,TBD,TBD,TBD,TBD,TBD,NOT_STARTED,source=apps/web/src/app/api/accounting/compliance/requests/[id]/route.ts; kind=API_ROUTE
FC-0159,TBD,TBD,Accounting / Finance,TBD,/api/accounting/compliance/requests,/api/accounting/compliance/requests,/api/accounting/compliance/requests,GET;POST,TBD,TBD,TBD,TBD,TBD,TBD,TBD,TBD,TBD,TBD,TBD,TBD,TBD,TBD,TBD,TBD,TBD,TBD,TBD,NOT_STARTED,source=apps/web/src/app/api/accounting/compliance/requests/route.ts; kind=API_ROUTE
FC-0160,TBD,TBD,Accounting / Finance,TBD,/api/accounting/consolidation/groups,/api/accounting/consolidation/groups,/api/accounting/consolidation/groups,GET;POST,TBD,TBD,TBD,TBD,TBD,TBD,TBD,TBD,TBD,TBD,TBD,TBD,TBD,TBD,TBD,TBD,TBD,TBD,TBD,NOT_STARTED,source=apps/web/src/app/api/accounting/consolidation/groups/route.ts; kind=API_ROUTE
FC-0161,TBD,TBD,Accounting / Finance,TBD,/api/accounting/consolidation/runs/[id]/actions,/api/accounting/consolidation/runs/[id]/actions,/api/accounting/consolidation/runs/[id]/actions,POST,TBD,TBD,TBD,TBD,TBD,TBD,TBD,TBD,TBD,TBD,TBD,TBD,TBD,TBD,TBD,TBD,TBD,TBD,TBD,NOT_STARTED,source=apps/web/src/app/api/accounting/consolidation/runs/[id]/actions/route.ts; kind=API_ROUTE
FC-0162,TBD,TBD,Accounting / Finance,TBD,/api/accounting/consolidation/runs,/api/accounting/consolidation/runs,/api/accounting/consolidation/runs,GET;POST,TBD,TBD,TBD,TBD,TBD,TBD,TBD,TBD,TBD,TBD,TBD,TBD,TBD,TBD,TBD,TBD,TBD,TBD,TBD,NOT_STARTED,source=apps/web/src/app/api/accounting/consolidation/runs/route.ts; kind=API_ROUTE
FC-0163,TBD,TBD,Accounting / Finance,TBD,/api/accounting/dashboard,/api/accounting/dashboard,/api/accounting/dashboard,GET,TBD,TBD,TBD,TBD,TBD,TBD,TBD,TBD,TBD,TBD,TBD,TBD,TBD,TBD,TBD,TBD,TBD,TBD,TBD,NOT_STARTED,source=apps/web/src/app/api/accounting/dashboard/route.ts; kind=API_ROUTE
FC-0164,TBD,TBD,Accounting / Finance,TBD,/api/accounting/forecasts/[id]/generate,/api/accounting/forecasts/[id]/generate,/api/accounting/forecasts/[id]/generate,POST,TBD,TBD,TBD,TBD,TBD,TBD,TBD,TBD,TBD,TBD,TBD,TBD,TBD,TBD,TBD,TBD,TBD,TBD,TBD,NOT_STARTED,source=apps/web/src/app/api/accounting/forecasts/[id]/generate/route.ts; kind=API_ROUTE
FC-0165,TBD,TBD,Accounting / Finance,TBD,/api/accounting/forecasts/[id],/api/accounting/forecasts/[id],/api/accounting/forecasts/[id],GET,TBD,TBD,TBD,TBD,TBD,TBD,TBD,TBD,TBD,TBD,TBD,TBD,TBD,TBD,TBD,TBD,TBD,TBD,TBD,NOT_STARTED,source=apps/web/src/app/api/accounting/forecasts/[id]/route.ts; kind=API_ROUTE
FC-0166,TBD,TBD,Accounting / Finance,TBD,/api/accounting/forecasts,/api/accounting/forecasts,/api/accounting/forecasts,GET;POST,TBD,TBD,TBD,TBD,TBD,TBD,TBD,TBD,TBD,TBD,TBD,TBD,TBD,TBD,TBD,TBD,TBD,TBD,TBD,NOT_STARTED,source=apps/web/src/app/api/accounting/forecasts/route.ts; kind=API_ROUTE
FC-0167,TBD,TBD,Accounting / Finance,TBD,/api/accounting/fx/revaluations/[id]/post,/api/accounting/fx/revaluations/[id]/post,/api/accounting/fx/revaluations/[id]/post,POST,TBD,TBD,TBD,TBD,TBD,TBD,TBD,TBD,TBD,TBD,TBD,TBD,TBD,TBD,TBD,TBD,TBD,TBD,TBD,NOT_STARTED,source=apps/web/src/app/api/accounting/fx/revaluations/[id]/post/route.ts; kind=API_ROUTE
FC-0168,TBD,TBD,Accounting / Finance,TBD,/api/accounting/fx/revaluations,/api/accounting/fx/revaluations,/api/accounting/fx/revaluations,GET;POST,TBD,TBD,TBD,TBD,TBD,TBD,TBD,TBD,TBD,TBD,TBD,TBD,TBD,TBD,TBD,TBD,TBD,TBD,TBD,NOT_STARTED,source=apps/web/src/app/api/accounting/fx/revaluations/route.ts; kind=API_ROUTE
FC-0169,TBD,TBD,Accounting / Finance,TBD,/api/accounting/intercompany/postings,/api/accounting/intercompany/postings,/api/accounting/intercompany/postings,POST,TBD,TBD,TBD,TBD,TBD,TBD,TBD,TBD,TBD,TBD,TBD,TBD,TBD,TBD,TBD,TBD,TBD,TBD,TBD,NOT_STARTED,source=apps/web/src/app/api/accounting/intercompany/postings/route.ts; kind=API_ROUTE
FC-0170,TBD,TBD,Accounting / Finance,TBD,/api/accounting/intercompany/rules,/api/accounting/intercompany/rules,/api/accounting/intercompany/rules,GET;POST,TBD,TBD,TBD,TBD,TBD,TBD,TBD,TBD,TBD,TBD,TBD,TBD,TBD,TBD,TBD,TBD,TBD,TBD,TBD,NOT_STARTED,source=apps/web/src/app/api/accounting/intercompany/rules/route.ts; kind=API_ROUTE
FC-0171,TBD,TBD,Accounting / Finance,TBD,/api/accounting/journals/[id]/actions,/api/accounting/journals/[id]/actions,/api/accounting/journals/[id]/actions,POST,TBD,TBD,TBD,TBD,TBD,TBD,TBD,TBD,TBD,TBD,TBD,TBD,TBD,TBD,TBD,TBD,TBD,TBD,TBD,NOT_STARTED,source=apps/web/src/app/api/accounting/journals/[id]/actions/route.ts; kind=API_ROUTE
FC-0172,TBD,TBD,Accounting / Finance,TBD,/api/accounting/journals/[id],/api/accounting/journals/[id],/api/accounting/journals/[id],GET,TBD,TBD,TBD,TBD,TBD,TBD,TBD,TBD,TBD,TBD,TBD,TBD,TBD,TBD,TBD,TBD,TBD,TBD,TBD,NOT_STARTED,source=apps/web/src/app/api/accounting/journals/[id]/route.ts; kind=API_ROUTE
FC-0173,TBD,TBD,Accounting / Finance,TBD,/api/accounting/journals,/api/accounting/journals,/api/accounting/journals,GET;POST,TBD,TBD,TBD,TBD,TBD,TBD,TBD,TBD,TBD,TBD,TBD,TBD,TBD,TBD,TBD,TBD,TBD,TBD,TBD,NOT_STARTED,source=apps/web/src/app/api/accounting/journals/route.ts; kind=API_ROUTE
FC-0174,TBD,TBD,Accounting / Finance,TBD,/api/accounting/options,/api/accounting/options,/api/accounting/options,GET,TBD,TBD,TBD,TBD,TBD,TBD,TBD,TBD,TBD,TBD,TBD,TBD,TBD,TBD,TBD,TBD,TBD,TBD,TBD,NOT_STARTED,source=apps/web/src/app/api/accounting/options/route.ts; kind=API_ROUTE
FC-0175,TBD,TBD,Accounting / Finance,TBD,/api/accounting/payables/bills/[id]/actions,/api/accounting/payables/bills/[id]/actions,/api/accounting/payables/bills/[id]/actions,POST,TBD,TBD,TBD,TBD,TBD,TBD,TBD,TBD,TBD,TBD,TBD,TBD,TBD,TBD,TBD,TBD,TBD,TBD,TBD,NOT_STARTED,source=apps/web/src/app/api/accounting/payables/bills/[id]/actions/route.ts; kind=API_ROUTE
FC-0176,TBD,TBD,Accounting / Finance,TBD,/api/accounting/payables/bills/[id]/matching,/api/accounting/payables/bills/[id]/matching,/api/accounting/payables/bills/[id]/matching,GET;POST,TBD,TBD,TBD,TBD,TBD,TBD,TBD,TBD,TBD,TBD,TBD,TBD,TBD,TBD,TBD,TBD,TBD,TBD,TBD,NOT_STARTED,source=apps/web/src/app/api/accounting/payables/bills/[id]/matching/route.ts; kind=API_ROUTE
FC-0177,TBD,TBD,Accounting / Finance,TBD,/api/accounting/payables/bills/[id],/api/accounting/payables/bills/[id],/api/accounting/payables/bills/[id],GET,TBD,TBD,TBD,TBD,TBD,TBD,TBD,TBD,TBD,TBD,TBD,TBD,TBD,TBD,TBD,TBD,TBD,TBD,TBD,NOT_STARTED,source=apps/web/src/app/api/accounting/payables/bills/[id]/route.ts; kind=API_ROUTE
FC-0178,TBD,TBD,Accounting / Finance,TBD,/api/accounting/payables/bills,/api/accounting/payables/bills,/api/accounting/payables/bills,GET;POST,TBD,TBD,TBD,TBD,TBD,TBD,TBD,TBD,TBD,TBD,TBD,TBD,TBD,TBD,TBD,TBD,TBD,TBD,TBD,NOT_STARTED,source=apps/web/src/app/api/accounting/payables/bills/route.ts; kind=API_ROUTE
FC-0179,TBD,TBD,Accounting / Finance,TBD,/api/accounting/payables/operations,/api/accounting/payables/operations,/api/accounting/payables/operations,GET;POST,TBD,TBD,TBD,TBD,TBD,TBD,TBD,TBD,TBD,TBD,TBD,TBD,TBD,TBD,TBD,TBD,TBD,TBD,TBD,NOT_STARTED,source=apps/web/src/app/api/accounting/payables/operations/route.ts; kind=API_ROUTE
FC-0180,TBD,TBD,Accounting / Finance,TBD,/api/accounting/payables/payments/[id]/actions,/api/accounting/payables/payments/[id]/actions,/api/accounting/payables/payments/[id]/actions,POST,TBD,TBD,TBD,TBD,TBD,TBD,TBD,TBD,TBD,TBD,TBD,TBD,TBD,TBD,TBD,TBD,TBD,TBD,TBD,NOT_STARTED,source=apps/web/src/app/api/accounting/payables/payments/[id]/actions/route.ts; kind=API_ROUTE
FC-0181,TBD,TBD,Accounting / Finance,TBD,/api/accounting/payables/payments,/api/accounting/payables/payments,/api/accounting/payables/payments,POST,TBD,TBD,TBD,TBD,TBD,TBD,TBD,TBD,TBD,TBD,TBD,TBD,TBD,TBD,TBD,TBD,TBD,TBD,TBD,NOT_STARTED,source=apps/web/src/app/api/accounting/payables/payments/route.ts; kind=API_ROUTE
FC-0182,TBD,TBD,Accounting / Finance,TBD,/api/accounting/payables/procurement-matches/[id]/import,/api/accounting/payables/procurement-matches/[id]/import,/api/accounting/payables/procurement-matches/[id]/import,POST,TBD,TBD,TBD,TBD,TBD,TBD,TBD,TBD,TBD,TBD,TBD,TBD,TBD,TBD,TBD,TBD,TBD,TBD,TBD,NOT_STARTED,source=apps/web/src/app/api/accounting/payables/procurement-matches/[id]/import/route.ts; kind=API_ROUTE
FC-0183,TBD,TBD,Accounting / Finance,TBD,/api/accounting/periods/[id],/api/accounting/periods/[id],/api/accounting/periods/[id],PATCH,TBD,TBD,TBD,TBD,TBD,TBD,TBD,TBD,TBD,TBD,TBD,TBD,TBD,TBD,TBD,TBD,TBD,TBD,TBD,NOT_STARTED,source=apps/web/src/app/api/accounting/periods/[id]/route.ts; kind=API_ROUTE
FC-0184,TBD,TBD,Accounting / Finance,TBD,/api/accounting/periods,/api/accounting/periods,/api/accounting/periods,GET,TBD,TBD,TBD,TBD,TBD,TBD,TBD,TBD,TBD,TBD,TBD,TBD,TBD,TBD,TBD,TBD,TBD,TBD,TBD,NOT_STARTED,source=apps/web/src/app/api/accounting/periods/route.ts; kind=API_ROUTE
FC-0185,TBD,TBD,Accounting / Finance,TBD,/api/accounting/receivables/invoices/[id]/actions,/api/accounting/receivables/invoices/[id]/actions,/api/accounting/receivables/invoices/[id]/actions,POST,TBD,TBD,TBD,TBD,TBD,TBD,TBD,TBD,TBD,TBD,TBD,TBD,TBD,TBD,TBD,TBD,TBD,TBD,TBD,NOT_STARTED,source=apps/web/src/app/api/accounting/receivables/invoices/[id]/actions/route.ts; kind=API_ROUTE
FC-0186,TBD,TBD,Accounting / Finance,TBD,/api/accounting/receivables/invoices/[id],/api/accounting/receivables/invoices/[id],/api/accounting/receivables/invoices/[id],GET,TBD,TBD,TBD,TBD,TBD,TBD,TBD,TBD,TBD,TBD,TBD,TBD,TBD,TBD,TBD,TBD,TBD,TBD,TBD,NOT_STARTED,source=apps/web/src/app/api/accounting/receivables/invoices/[id]/route.ts; kind=API_ROUTE
FC-0187,TBD,TBD,Accounting / Finance,TBD,/api/accounting/receivables/invoices,/api/accounting/receivables/invoices,/api/accounting/receivables/invoices,GET;POST,TBD,TBD,TBD,TBD,TBD,TBD,TBD,TBD,TBD,TBD,TBD,TBD,TBD,TBD,TBD,TBD,TBD,TBD,TBD,NOT_STARTED,source=apps/web/src/app/api/accounting/receivables/invoices/route.ts; kind=API_ROUTE
FC-0188,TBD,TBD,Accounting / Finance,TBD,/api/accounting/receivables/operations,/api/accounting/receivables/operations,/api/accounting/receivables/operations,GET;POST,TBD,TBD,TBD,TBD,TBD,TBD,TBD,TBD,TBD,TBD,TBD,TBD,TBD,TBD,TBD,TBD,TBD,TBD,TBD,NOT_STARTED,source=apps/web/src/app/api/accounting/receivables/operations/route.ts; kind=API_ROUTE
FC-0189,TBD,TBD,Accounting / Finance,TBD,/api/accounting/receivables/receipts/[id]/actions,/api/accounting/receivables/receipts/[id]/actions,/api/accounting/receivables/receipts/[id]/actions,POST,TBD,TBD,TBD,TBD,TBD,TBD,TBD,TBD,TBD,TBD,TBD,TBD,TBD,TBD,TBD,TBD,TBD,TBD,TBD,NOT_STARTED,source=apps/web/src/app/api/accounting/receivables/receipts/[id]/actions/route.ts; kind=API_ROUTE
FC-0190,TBD,TBD,Accounting / Finance,TBD,/api/accounting/receivables/receipts,/api/accounting/receivables/receipts,/api/accounting/receivables/receipts,POST,TBD,TBD,TBD,TBD,TBD,TBD,TBD,TBD,TBD,TBD,TBD,TBD,TBD,TBD,TBD,TBD,TBD,TBD,TBD,NOT_STARTED,source=apps/web/src/app/api/accounting/receivables/receipts/route.ts; kind=API_ROUTE
FC-0191,TBD,TBD,Accounting / Finance,TBD,/api/accounting/receivables/sales-requests/[id]/import,/api/accounting/receivables/sales-requests/[id]/import,/api/accounting/receivables/sales-requests/[id]/import,POST,TBD,TBD,TBD,TBD,TBD,TBD,TBD,TBD,TBD,TBD,TBD,TBD,TBD,TBD,TBD,TBD,TBD,TBD,TBD,NOT_STARTED,source=apps/web/src/app/api/accounting/receivables/sales-requests/[id]/import/route.ts; kind=API_ROUTE
FC-0192,TBD,TBD,Accounting / Finance,TBD,/api/accounting/recurring,/api/accounting/recurring,/api/accounting/recurring,GET;POST,TBD,TBD,TBD,TBD,TBD,TBD,TBD,TBD,TBD,TBD,TBD,TBD,TBD,TBD,TBD,TBD,TBD,TBD,TBD,NOT_STARTED,source=apps/web/src/app/api/accounting/recurring/route.ts; kind=API_ROUTE
FC-0193,TBD,TBD,Accounting / Finance,TBD,/api/accounting/recurring/run,/api/accounting/recurring/run,/api/accounting/recurring/run,POST,TBD,TBD,TBD,TBD,TBD,TBD,TBD,TBD,TBD,TBD,TBD,TBD,TBD,TBD,TBD,TBD,TBD,TBD,TBD,NOT_STARTED,source=apps/web/src/app/api/accounting/recurring/run/route.ts; kind=API_ROUTE
FC-0194,TBD,TBD,Accounting / Finance,TBD,/api/accounting/reports/[report],/api/accounting/reports/[report],/api/accounting/reports/[report],GET,TBD,TBD,TBD,TBD,TBD,TBD,TBD,TBD,TBD,TBD,TBD,TBD,TBD,TBD,TBD,TBD,TBD,TBD,TBD,NOT_STARTED,source=apps/web/src/app/api/accounting/reports/[report]/route.ts; kind=API_ROUTE
FC-0195,TBD,TBD,Accounting / Finance,TBD,/api/accounting/settings,/api/accounting/settings,/api/accounting/settings,GET;POST;PATCH,TBD,TBD,TBD,TBD,TBD,TBD,TBD,TBD,TBD,TBD,TBD,TBD,TBD,TBD,TBD,TBD,TBD,TBD,TBD,NOT_STARTED,source=apps/web/src/app/api/accounting/settings/route.ts; kind=API_ROUTE
FC-0196,TBD,TBD,Accounting / Finance,TBD,/api/accounting/tax/operations,/api/accounting/tax/operations,/api/accounting/tax/operations,GET;POST,TBD,TBD,TBD,TBD,TBD,TBD,TBD,TBD,TBD,TBD,TBD,TBD,TBD,TBD,TBD,TBD,TBD,TBD,TBD,NOT_STARTED,source=apps/web/src/app/api/accounting/tax/operations/route.ts; kind=API_ROUTE
FC-0197,TBD,TBD,Accounting / Finance,TBD,/api/accounting/tax/returns/[id]/actions,/api/accounting/tax/returns/[id]/actions,/api/accounting/tax/returns/[id]/actions,POST,TBD,TBD,TBD,TBD,TBD,TBD,TBD,TBD,TBD,TBD,TBD,TBD,TBD,TBD,TBD,TBD,TBD,TBD,TBD,NOT_STARTED,source=apps/web/src/app/api/accounting/tax/returns/[id]/actions/route.ts; kind=API_ROUTE
FC-0198,TBD,TBD,Accounting / Finance,TBD,/api/accounting/tax/returns,/api/accounting/tax/returns,/api/accounting/tax/returns,GET;POST,TBD,TBD,TBD,TBD,TBD,TBD,TBD,TBD,TBD,TBD,TBD,TBD,TBD,TBD,TBD,TBD,TBD,TBD,TBD,NOT_STARTED,source=apps/web/src/app/api/accounting/tax/returns/route.ts; kind=API_ROUTE
FC-0199,TBD,TBD,Platform / Shared,TBD,/api/approvals/[id],/api/approvals/[id],/api/approvals/[id],GET;PATCH,TBD,TBD,TBD,TBD,TBD,TBD,TBD,TBD,TBD,TBD,TBD,TBD,TBD,TBD,TBD,TBD,TBD,TBD,TBD,NOT_STARTED,source=apps/web/src/app/api/approvals/[id]/route.ts; kind=API_ROUTE
FC-0200,TBD,TBD,Platform / Shared,TBD,/api/approvals,/api/approvals,/api/approvals,GET;POST,TBD,TBD,TBD,TBD,TBD,TBD,TBD,TBD,TBD,TBD,TBD,TBD,TBD,TBD,TBD,TBD,TBD,TBD,TBD,NOT_STARTED,source=apps/web/src/app/api/approvals/route.ts; kind=API_ROUTE
FC-0201,TBD,TBD,Assets,TBD,/api/assets/assets/[id]/actions,/api/assets/assets/[id]/actions,/api/assets/assets/[id]/actions,POST,TBD,TBD,TBD,TBD,TBD,TBD,TBD,TBD,TBD,TBD,TBD,TBD,TBD,TBD,TBD,TBD,TBD,TBD,TBD,NOT_STARTED,source=apps/web/src/app/api/assets/assets/[id]/actions/route.ts; kind=API_ROUTE
FC-0202,TBD,TBD,Assets,TBD,/api/assets/dashboard,/api/assets/dashboard,/api/assets/dashboard,GET,TBD,TBD,TBD,TBD,TBD,TBD,TBD,TBD,TBD,TBD,TBD,TBD,TBD,TBD,TBD,TBD,TBD,TBD,TBD,NOT_STARTED,source=apps/web/src/app/api/assets/dashboard/route.ts; kind=API_ROUTE
FC-0203,TBD,TBD,Assets,TBD,/api/assets/resources/[resource],/api/assets/resources/[resource],/api/assets/resources/[resource],GET;POST,TBD,TBD,TBD,TBD,TBD,TBD,TBD,TBD,TBD,TBD,TBD,TBD,TBD,TBD,TBD,TBD,TBD,TBD,TBD,NOT_STARTED,source=apps/web/src/app/api/assets/resources/[resource]/route.ts; kind=API_ROUTE
FC-0204,TBD,TBD,Platform / Shared,TBD,/api/audit-logs/export,/api/audit-logs/export,/api/audit-logs/export,GET,TBD,TBD,TBD,TBD,TBD,TBD,TBD,TBD,TBD,TBD,TBD,TBD,TBD,TBD,TBD,TBD,TBD,TBD,TBD,NOT_STARTED,source=apps/web/src/app/api/audit-logs/export/route.ts; kind=API_ROUTE
FC-0205,TBD,TBD,Platform / Shared,TBD,/api/auth/change-password,/api/auth/change-password,/api/auth/change-password,POST,TBD,TBD,TBD,TBD,TBD,TBD,TBD,TBD,TBD,TBD,TBD,TBD,TBD,TBD,TBD,TBD,TBD,TBD,TBD,NOT_STARTED,source=apps/web/src/app/api/auth/change-password/route.ts; kind=API_ROUTE
FC-0206,TBD,TBD,Platform / Shared,TBD,/api/auth/forgot-password,/api/auth/forgot-password,/api/auth/forgot-password,POST,TBD,TBD,TBD,TBD,TBD,TBD,TBD,TBD,TBD,TBD,TBD,TBD,TBD,TBD,TBD,TBD,TBD,TBD,TBD,NOT_STARTED,source=apps/web/src/app/api/auth/forgot-password/route.ts; kind=API_ROUTE
FC-0207,TBD,TBD,Platform / Shared,TBD,/api/auth/login,/api/auth/login,/api/auth/login,POST,TBD,TBD,TBD,TBD,TBD,TBD,TBD,TBD,TBD,TBD,TBD,TBD,TBD,TBD,TBD,TBD,TBD,TBD,TBD,NOT_STARTED,source=apps/web/src/app/api/auth/login/route.ts; kind=API_ROUTE
FC-0208,TBD,TBD,Platform / Shared,TBD,/api/auth/logout,/api/auth/logout,/api/auth/logout,POST,TBD,TBD,TBD,TBD,TBD,TBD,TBD,TBD,TBD,TBD,TBD,TBD,TBD,TBD,TBD,TBD,TBD,TBD,TBD,NOT_STARTED,source=apps/web/src/app/api/auth/logout/route.ts; kind=API_ROUTE
FC-0209,TBD,TBD,Platform / Shared,TBD,/api/auth/resend-verification,/api/auth/resend-verification,/api/auth/resend-verification,POST,TBD,TBD,TBD,TBD,TBD,TBD,TBD,TBD,TBD,TBD,TBD,TBD,TBD,TBD,TBD,TBD,TBD,TBD,TBD,NOT_STARTED,source=apps/web/src/app/api/auth/resend-verification/route.ts; kind=API_ROUTE
FC-0210,TBD,TBD,Platform / Shared,TBD,/api/auth/reset-password,/api/auth/reset-password,/api/auth/reset-password,POST,TBD,TBD,TBD,TBD,TBD,TBD,TBD,TBD,TBD,TBD,TBD,TBD,TBD,TBD,TBD,TBD,TBD,TBD,TBD,NOT_STARTED,source=apps/web/src/app/api/auth/reset-password/route.ts; kind=API_ROUTE
FC-0211,TBD,TBD,Platform / Shared,TBD,/api/auth/signup,/api/auth/signup,/api/auth/signup,POST,TBD,TBD,TBD,TBD,TBD,TBD,TBD,TBD,TBD,TBD,TBD,TBD,TBD,TBD,TBD,TBD,TBD,TBD,TBD,NOT_STARTED,source=apps/web/src/app/api/auth/signup/route.ts; kind=API_ROUTE
FC-0212,TBD,TBD,Platform / Shared,TBD,/api/auth/verify-email,/api/auth/verify-email,/api/auth/verify-email,POST,TBD,TBD,TBD,TBD,TBD,TBD,TBD,TBD,TBD,TBD,TBD,TBD,TBD,TBD,TBD,TBD,TBD,TBD,TBD,NOT_STARTED,source=apps/web/src/app/api/auth/verify-email/route.ts; kind=API_ROUTE
FC-0213,TBD,TBD,Platform / Shared,TBD,/api/billing/cancel,/api/billing/cancel,/api/billing/cancel,POST,TBD,TBD,TBD,TBD,TBD,TBD,TBD,TBD,TBD,TBD,TBD,TBD,TBD,TBD,TBD,TBD,TBD,TBD,TBD,NOT_STARTED,source=apps/web/src/app/api/billing/cancel/route.ts; kind=API_ROUTE
FC-0214,TBD,TBD,Platform / Shared,TBD,/api/billing/checkout,/api/billing/checkout,/api/billing/checkout,POST,TBD,TBD,TBD,TBD,TBD,TBD,TBD,TBD,TBD,TBD,TBD,TBD,TBD,TBD,TBD,TBD,TBD,TBD,TBD,NOT_STARTED,source=apps/web/src/app/api/billing/checkout/route.ts; kind=API_ROUTE
FC-0215,TBD,TBD,Platform / Shared,TBD,/api/billing/plans,/api/billing/plans,/api/billing/plans,GET,TBD,TBD,TBD,TBD,TBD,TBD,TBD,TBD,TBD,TBD,TBD,TBD,TBD,TBD,TBD,TBD,TBD,TBD,TBD,NOT_STARTED,source=apps/web/src/app/api/billing/plans/route.ts; kind=API_ROUTE
FC-0216,TBD,TBD,Platform / Shared,TBD,/api/billing/profile,/api/billing/profile,/api/billing/profile,PATCH,TBD,TBD,TBD,TBD,TBD,TBD,TBD,TBD,TBD,TBD,TBD,TBD,TBD,TBD,TBD,TBD,TBD,TBD,TBD,NOT_STARTED,source=apps/web/src/app/api/billing/profile/route.ts; kind=API_ROUTE
FC-0217,TBD,TBD,Platform / Shared,TBD,/api/billing/summary,/api/billing/summary,/api/billing/summary,GET,TBD,TBD,TBD,TBD,TBD,TBD,TBD,TBD,TBD,TBD,TBD,TBD,TBD,TBD,TBD,TBD,TBD,TBD,TBD,NOT_STARTED,source=apps/web/src/app/api/billing/summary/route.ts; kind=API_ROUTE
FC-0218,TBD,TBD,Platform / Shared,TBD,/api/billing/verify,/api/billing/verify,/api/billing/verify,POST,TBD,TBD,TBD,TBD,TBD,TBD,TBD,TBD,TBD,TBD,TBD,TBD,TBD,TBD,TBD,TBD,TBD,TBD,TBD,NOT_STARTED,source=apps/web/src/app/api/billing/verify/route.ts; kind=API_ROUTE
FC-0219,TBD,TBD,Platform / Shared,TBD,/api/billing/webhooks/razorpay,/api/billing/webhooks/razorpay,/api/billing/webhooks/razorpay,POST,TBD,TBD,TBD,TBD,TBD,TBD,TBD,TBD,TBD,TBD,TBD,TBD,TBD,TBD,TBD,TBD,TBD,TBD,TBD,NOT_STARTED,source=apps/web/src/app/api/billing/webhooks/razorpay/route.ts; kind=API_ROUTE
FC-0220,TBD,TBD,Platform / Shared,TBD,/api/business-data/[resource]/[id],/api/business-data/[resource]/[id],/api/business-data/[resource]/[id],PATCH;DELETE,TBD,TBD,TBD,TBD,TBD,TBD,TBD,TBD,TBD,TBD,TBD,TBD,TBD,TBD,TBD,TBD,TBD,TBD,TBD,NOT_STARTED,source=apps/web/src/app/api/business-data/[resource]/[id]/route.ts; kind=API_ROUTE
FC-0221,TBD,TBD,Platform / Shared,TBD,/api/business-data/[resource]/export,/api/business-data/[resource]/export,/api/business-data/[resource]/export,GET,TBD,TBD,TBD,TBD,TBD,TBD,TBD,TBD,TBD,TBD,TBD,TBD,TBD,TBD,TBD,TBD,TBD,TBD,TBD,NOT_STARTED,source=apps/web/src/app/api/business-data/[resource]/export/route.ts; kind=API_ROUTE
FC-0222,TBD,TBD,Platform / Shared,TBD,/api/business-data/[resource]/import,/api/business-data/[resource]/import,/api/business-data/[resource]/import,POST,TBD,TBD,TBD,TBD,TBD,TBD,TBD,TBD,TBD,TBD,TBD,TBD,TBD,TBD,TBD,TBD,TBD,TBD,TBD,NOT_STARTED,source=apps/web/src/app/api/business-data/[resource]/import/route.ts; kind=API_ROUTE
FC-0223,TBD,TBD,Platform / Shared,TBD,/api/business-data/[resource],/api/business-data/[resource],/api/business-data/[resource],GET;POST,TBD,TBD,TBD,TBD,TBD,TBD,TBD,TBD,TBD,TBD,TBD,TBD,TBD,TBD,TBD,TBD,TBD,TBD,TBD,NOT_STARTED,source=apps/web/src/app/api/business-data/[resource]/route.ts; kind=API_ROUTE
FC-0224,TBD,TBD,Platform / Shared,TBD,/api/context/organization,/api/context/organization,/api/context/organization,POST,TBD,TBD,TBD,TBD,TBD,TBD,TBD,TBD,TBD,TBD,TBD,TBD,TBD,TBD,TBD,TBD,TBD,TBD,TBD,NOT_STARTED,source=apps/web/src/app/api/context/organization/route.ts; kind=API_ROUTE
FC-0225,TBD,TBD,Platform / Shared,TBD,/api/context,/api/context,/api/context,POST,TBD,TBD,TBD,TBD,TBD,TBD,TBD,TBD,TBD,TBD,TBD,TBD,TBD,TBD,TBD,TBD,TBD,TBD,TBD,NOT_STARTED,source=apps/web/src/app/api/context/route.ts; kind=API_ROUTE
FC-0226,TBD,TBD,CRM,TBD,/api/crm/[resource]/[id],/api/crm/[resource]/[id],/api/crm/[resource]/[id],GET;PATCH;DELETE,TBD,TBD,TBD,TBD,TBD,TBD,TBD,TBD,TBD,TBD,TBD,TBD,TBD,TBD,TBD,TBD,TBD,TBD,TBD,NOT_STARTED,source=apps/web/src/app/api/crm/[resource]/[id]/route.ts; kind=API_ROUTE
FC-0227,TBD,TBD,CRM,TBD,/api/crm/[resource]/export,/api/crm/[resource]/export,/api/crm/[resource]/export,GET,TBD,TBD,TBD,TBD,TBD,TBD,TBD,TBD,TBD,TBD,TBD,TBD,TBD,TBD,TBD,TBD,TBD,TBD,TBD,NOT_STARTED,source=apps/web/src/app/api/crm/[resource]/export/route.ts; kind=API_ROUTE
FC-0228,TBD,TBD,CRM,TBD,/api/crm/[resource]/import,/api/crm/[resource]/import,/api/crm/[resource]/import,POST,TBD,TBD,TBD,TBD,TBD,TBD,TBD,TBD,TBD,TBD,TBD,TBD,TBD,TBD,TBD,TBD,TBD,TBD,TBD,NOT_STARTED,source=apps/web/src/app/api/crm/[resource]/import/route.ts; kind=API_ROUTE
FC-0229,TBD,TBD,CRM,TBD,/api/crm/[resource],/api/crm/[resource],/api/crm/[resource],GET;POST,TBD,TBD,TBD,TBD,TBD,TBD,TBD,TBD,TBD,TBD,TBD,TBD,TBD,TBD,TBD,TBD,TBD,TBD,TBD,NOT_STARTED,source=apps/web/src/app/api/crm/[resource]/route.ts; kind=API_ROUTE
FC-0230,TBD,TBD,CRM,TBD,/api/crm/account-intelligence/readiness,/api/crm/account-intelligence/readiness,/api/crm/account-intelligence/readiness,GET,TBD,TBD,TBD,TBD,TBD,TBD,TBD,TBD,TBD,TBD,TBD,TBD,TBD,TBD,TBD,TBD,TBD,TBD,TBD,NOT_STARTED,source=apps/web/src/app/api/crm/account-intelligence/readiness/route.ts; kind=API_ROUTE
FC-0231,TBD,TBD,CRM,TBD,/api/crm/accounts/[id]/attachments/[attachmentId],/api/crm/accounts/[id]/attachments/[attachmentId],/api/crm/accounts/[id]/attachments/[attachmentId],GET;DELETE,TBD,TBD,TBD,TBD,TBD,TBD,TBD,TBD,TBD,TBD,TBD,TBD,TBD,TBD,TBD,TBD,TBD,TBD,TBD,NOT_STARTED,source=apps/web/src/app/api/crm/accounts/[id]/attachments/[attachmentId]/route.ts; kind=API_ROUTE
FC-0232,TBD,TBD,CRM,TBD,/api/crm/accounts/[id]/attachments/[attachmentId]/versions,/api/crm/accounts/[id]/attachments/[attachmentId]/versions,/api/crm/accounts/[id]/attachments/[attachmentId]/versions,GET,TBD,TBD,TBD,TBD,TBD,TBD,TBD,TBD,TBD,TBD,TBD,TBD,TBD,TBD,TBD,TBD,TBD,TBD,TBD,NOT_STARTED,source=apps/web/src/app/api/crm/accounts/[id]/attachments/[attachmentId]/versions/route.ts; kind=API_ROUTE
FC-0233,TBD,TBD,CRM,TBD,/api/crm/accounts/[id]/attachments,/api/crm/accounts/[id]/attachments,/api/crm/accounts/[id]/attachments,GET;POST,TBD,TBD,TBD,TBD,TBD,TBD,TBD,TBD,TBD,TBD,TBD,TBD,TBD,TBD,TBD,TBD,TBD,TBD,TBD,NOT_STARTED,source=apps/web/src/app/api/crm/accounts/[id]/attachments/route.ts; kind=API_ROUTE
FC-0234,TBD,TBD,CRM,TBD,/api/crm/accounts/[id]/customer-360,/api/crm/accounts/[id]/customer-360,/api/crm/accounts/[id]/customer-360,GET,TBD,TBD,TBD,TBD,TBD,TBD,TBD,TBD,TBD,TBD,TBD,TBD,TBD,TBD,TBD,TBD,TBD,TBD,TBD,NOT_STARTED,source=apps/web/src/app/api/crm/accounts/[id]/customer-360/route.ts; kind=API_ROUTE
FC-0235,TBD,TBD,CRM,TBD,/api/crm/accounts/[id]/duplicates/dismiss,/api/crm/accounts/[id]/duplicates/dismiss,/api/crm/accounts/[id]/duplicates/dismiss,POST,TBD,TBD,TBD,TBD,TBD,TBD,TBD,TBD,TBD,TBD,TBD,TBD,TBD,TBD,TBD,TBD,TBD,TBD,TBD,NOT_STARTED,source=apps/web/src/app/api/crm/accounts/[id]/duplicates/dismiss/route.ts; kind=API_ROUTE
FC-0236,TBD,TBD,CRM,TBD,/api/crm/accounts/[id]/hierarchy,/api/crm/accounts/[id]/hierarchy,/api/crm/accounts/[id]/hierarchy,GET;PATCH,TBD,TBD,TBD,TBD,TBD,TBD,TBD,TBD,TBD,TBD,TBD,TBD,TBD,TBD,TBD,TBD,TBD,TBD,TBD,NOT_STARTED,source=apps/web/src/app/api/crm/accounts/[id]/hierarchy/route.ts; kind=API_ROUTE
FC-0237,TBD,TBD,CRM,TBD,/api/crm/accounts/[id]/merge,/api/crm/accounts/[id]/merge,/api/crm/accounts/[id]/merge,GET;POST,TBD,TBD,TBD,TBD,TBD,TBD,TBD,TBD,TBD,TBD,TBD,TBD,TBD,TBD,TBD,TBD,TBD,TBD,TBD,NOT_STARTED,source=apps/web/src/app/api/crm/accounts/[id]/merge/route.ts; kind=API_ROUTE
FC-0238,TBD,TBD,CRM,TBD,/api/crm/accounts/[id]/notes,/api/crm/accounts/[id]/notes,/api/crm/accounts/[id]/notes,GET;POST,TBD,TBD,TBD,TBD,TBD,TBD,TBD,TBD,TBD,TBD,TBD,TBD,TBD,TBD,TBD,TBD,TBD,TBD,TBD,NOT_STARTED,source=apps/web/src/app/api/crm/accounts/[id]/notes/route.ts; kind=API_ROUTE
FC-0239,TBD,TBD,CRM,TBD,/api/crm/accounts/[id]/relationships,/api/crm/accounts/[id]/relationships,/api/crm/accounts/[id]/relationships,GET,TBD,TBD,TBD,TBD,TBD,TBD,TBD,TBD,TBD,TBD,TBD,TBD,TBD,TBD,TBD,TBD,TBD,TBD,TBD,NOT_STARTED,source=apps/web/src/app/api/crm/accounts/[id]/relationships/route.ts; kind=API_ROUTE
FC-0240,TBD,TBD,CRM,TBD,/api/crm/accounts/[id],/api/crm/accounts/[id],/api/crm/accounts/[id],GET;PATCH;DELETE,TBD,TBD,TBD,TBD,TBD,TBD,TBD,TBD,TBD,TBD,TBD,TBD,TBD,TBD,TBD,TBD,TBD,TBD,TBD,NOT_STARTED,source=apps/web/src/app/api/crm/accounts/[id]/route.ts; kind=API_ROUTE
FC-0241,TBD,TBD,CRM,TBD,/api/crm/accounts/[id]/service-events,/api/crm/accounts/[id]/service-events,/api/crm/accounts/[id]/service-events,POST,TBD,TBD,TBD,TBD,TBD,TBD,TBD,TBD,TBD,TBD,TBD,TBD,TBD,TBD,TBD,TBD,TBD,TBD,TBD,NOT_STARTED,source=apps/web/src/app/api/crm/accounts/[id]/service-events/route.ts; kind=API_ROUTE
FC-0242,TBD,TBD,CRM,TBD,/api/crm/accounts/[id]/timeline,/api/crm/accounts/[id]/timeline,/api/crm/accounts/[id]/timeline,GET,TBD,TBD,TBD,TBD,TBD,TBD,TBD,TBD,TBD,TBD,TBD,TBD,TBD,TBD,TBD,TBD,TBD,TBD,TBD,NOT_STARTED,source=apps/web/src/app/api/crm/accounts/[id]/timeline/route.ts; kind=API_ROUTE
FC-0243,TBD,TBD,CRM,TBD,/api/crm/accounts/duplicates,/api/crm/accounts/duplicates,/api/crm/accounts/duplicates,GET,TBD,TBD,TBD,TBD,TBD,TBD,TBD,TBD,TBD,TBD,TBD,TBD,TBD,TBD,TBD,TBD,TBD,TBD,TBD,NOT_STARTED,source=apps/web/src/app/api/crm/accounts/duplicates/route.ts; kind=API_ROUTE
FC-0244,TBD,TBD,CRM,TBD,/api/crm/accounts,/api/crm/accounts,/api/crm/accounts,GET;POST,TBD,TBD,TBD,TBD,TBD,TBD,TBD,TBD,TBD,TBD,TBD,TBD,TBD,TBD,TBD,TBD,TBD,TBD,TBD,NOT_STARTED,source=apps/web/src/app/api/crm/accounts/route.ts; kind=API_ROUTE
FC-0245,TBD,TBD,CRM,TBD,/api/crm/activities/[id]/complete,/api/crm/activities/[id]/complete,/api/crm/activities/[id]/complete,POST,TBD,TBD,TBD,TBD,TBD,TBD,TBD,TBD,TBD,TBD,TBD,TBD,TBD,TBD,TBD,TBD,TBD,TBD,TBD,NOT_STARTED,source=apps/web/src/app/api/crm/activities/[id]/complete/route.ts; kind=API_ROUTE
FC-0246,TBD,TBD,CRM,TBD,/api/crm/calls/[id]/cancel,/api/crm/calls/[id]/cancel,/api/crm/calls/[id]/cancel,POST,TBD,TBD,TBD,TBD,TBD,TBD,TBD,TBD,TBD,TBD,TBD,TBD,TBD,TBD,TBD,TBD,TBD,TBD,TBD,NOT_STARTED,source=apps/web/src/app/api/crm/calls/[id]/cancel/route.ts; kind=API_ROUTE
FC-0247,TBD,TBD,CRM,TBD,/api/crm/calls/[id]/complete,/api/crm/calls/[id]/complete,/api/crm/calls/[id]/complete,POST,TBD,TBD,TBD,TBD,TBD,TBD,TBD,TBD,TBD,TBD,TBD,TBD,TBD,TBD,TBD,TBD,TBD,TBD,TBD,NOT_STARTED,source=apps/web/src/app/api/crm/calls/[id]/complete/route.ts; kind=API_ROUTE
FC-0248,TBD,TBD,CRM,TBD,/api/crm/calls/[id],/api/crm/calls/[id],/api/crm/calls/[id],GET;PATCH,TBD,TBD,TBD,TBD,TBD,TBD,TBD,TBD,TBD,TBD,TBD,TBD,TBD,TBD,TBD,TBD,TBD,TBD,TBD,NOT_STARTED,source=apps/web/src/app/api/crm/calls/[id]/route.ts; kind=API_ROUTE
FC-0249,TBD,TBD,CRM,TBD,/api/crm/calls/[id]/start,/api/crm/calls/[id]/start,/api/crm/calls/[id]/start,POST,TBD,TBD,TBD,TBD,TBD,TBD,TBD,TBD,TBD,TBD,TBD,TBD,TBD,TBD,TBD,TBD,TBD,TBD,TBD,NOT_STARTED,source=apps/web/src/app/api/crm/calls/[id]/start/route.ts; kind=API_ROUTE
FC-0250,TBD,TBD,CRM,TBD,/api/crm/calls,/api/crm/calls,/api/crm/calls,GET;POST,TBD,TBD,TBD,TBD,TBD,TBD,TBD,TBD,TBD,TBD,TBD,TBD,TBD,TBD,TBD,TBD,TBD,TBD,TBD,NOT_STARTED,source=apps/web/src/app/api/crm/calls/route.ts; kind=API_ROUTE
FC-0251,TBD,TBD,CRM,TBD,/api/crm/communications/dashboard,/api/crm/communications/dashboard,/api/crm/communications/dashboard,GET,TBD,TBD,TBD,TBD,TBD,TBD,TBD,TBD,TBD,TBD,TBD,TBD,TBD,TBD,TBD,TBD,TBD,TBD,TBD,NOT_STARTED,source=apps/web/src/app/api/crm/communications/dashboard/route.ts; kind=API_ROUTE
FC-0252,TBD,TBD,CRM,TBD,/api/crm/communications/engagement,/api/crm/communications/engagement,/api/crm/communications/engagement,POST,TBD,TBD,TBD,TBD,TBD,TBD,TBD,TBD,TBD,TBD,TBD,TBD,TBD,TBD,TBD,TBD,TBD,TBD,TBD,NOT_STARTED,source=apps/web/src/app/api/crm/communications/engagement/route.ts; kind=API_ROUTE
FC-0253,TBD,TBD,CRM,TBD,/api/crm/communications/inbox/[id]/claim,/api/crm/communications/inbox/[id]/claim,/api/crm/communications/inbox/[id]/claim,POST,TBD,TBD,TBD,TBD,TBD,TBD,TBD,TBD,TBD,TBD,TBD,TBD,TBD,TBD,TBD,TBD,TBD,TBD,TBD,NOT_STARTED,source=apps/web/src/app/api/crm/communications/inbox/[id]/claim/route.ts; kind=API_ROUTE
FC-0254,TBD,TBD,CRM,TBD,/api/crm/communications/inbox/[id]/members,/api/crm/communications/inbox/[id]/members,/api/crm/communications/inbox/[id]/members,POST,TBD,TBD,TBD,TBD,TBD,TBD,TBD,TBD,TBD,TBD,TBD,TBD,TBD,TBD,TBD,TBD,TBD,TBD,TBD,NOT_STARTED,source=apps/web/src/app/api/crm/communications/inbox/[id]/members/route.ts; kind=API_ROUTE
FC-0255,TBD,TBD,CRM,TBD,/api/crm/communications/inbox/[id]/messages,/api/crm/communications/inbox/[id]/messages,/api/crm/communications/inbox/[id]/messages,GET,TBD,TBD,TBD,TBD,TBD,TBD,TBD,TBD,TBD,TBD,TBD,TBD,TBD,TBD,TBD,TBD,TBD,TBD,TBD,NOT_STARTED,source=apps/web/src/app/api/crm/communications/inbox/[id]/messages/route.ts; kind=API_ROUTE
FC-0256,TBD,TBD,CRM,TBD,/api/crm/communications/inbox/[id]/status,/api/crm/communications/inbox/[id]/status,/api/crm/communications/inbox/[id]/status,POST,TBD,TBD,TBD,TBD,TBD,TBD,TBD,TBD,TBD,TBD,TBD,TBD,TBD,TBD,TBD,TBD,TBD,TBD,TBD,NOT_STARTED,source=apps/web/src/app/api/crm/communications/inbox/[id]/status/route.ts; kind=API_ROUTE
FC-0257,TBD,TBD,CRM,TBD,/api/crm/communications/inbox,/api/crm/communications/inbox,/api/crm/communications/inbox,GET;POST,TBD,TBD,TBD,TBD,TBD,TBD,TBD,TBD,TBD,TBD,TBD,TBD,TBD,TBD,TBD,TBD,TBD,TBD,TBD,NOT_STARTED,source=apps/web/src/app/api/crm/communications/inbox/route.ts; kind=API_ROUTE
FC-0258,TBD,TBD,CRM,TBD,/api/crm/communications/meeting-links/[id]/availability,/api/crm/communications/meeting-links/[id]/availability,/api/crm/communications/meeting-links/[id]/availability,GET,TBD,TBD,TBD,TBD,TBD,TBD,TBD,TBD,TBD,TBD,TBD,TBD,TBD,TBD,TBD,TBD,TBD,TBD,TBD,NOT_STARTED,source=apps/web/src/app/api/crm/communications/meeting-links/[id]/availability/route.ts; kind=API_ROUTE
FC-0259,TBD,TBD,CRM,TBD,/api/crm/communications/meeting-links/[id]/bookings,/api/crm/communications/meeting-links/[id]/bookings,/api/crm/communications/meeting-links/[id]/bookings,POST,TBD,TBD,TBD,TBD,TBD,TBD,TBD,TBD,TBD,TBD,TBD,TBD,TBD,TBD,TBD,TBD,TBD,TBD,TBD,NOT_STARTED,source=apps/web/src/app/api/crm/communications/meeting-links/[id]/bookings/route.ts; kind=API_ROUTE
FC-0260,TBD,TBD,CRM,TBD,/api/crm/communications/oauth/state,/api/crm/communications/oauth/state,/api/crm/communications/oauth/state,POST,TBD,TBD,TBD,TBD,TBD,TBD,TBD,TBD,TBD,TBD,TBD,TBD,TBD,TBD,TBD,TBD,TBD,TBD,TBD,NOT_STARTED,source=apps/web/src/app/api/crm/communications/oauth/state/route.ts; kind=API_ROUTE
FC-0261,TBD,TBD,CRM,TBD,/api/crm/communications/readiness,/api/crm/communications/readiness,/api/crm/communications/readiness,GET,TBD,TBD,TBD,TBD,TBD,TBD,TBD,TBD,TBD,TBD,TBD,TBD,TBD,TBD,TBD,TBD,TBD,TBD,TBD,NOT_STARTED,source=apps/web/src/app/api/crm/communications/readiness/route.ts; kind=API_ROUTE
FC-0262,TBD,TBD,CRM,TBD,/api/crm/communications/send,/api/crm/communications/send,/api/crm/communications/send,POST,TBD,TBD,TBD,TBD,TBD,TBD,TBD,TBD,TBD,TBD,TBD,TBD,TBD,TBD,TBD,TBD,TBD,TBD,TBD,NOT_STARTED,source=apps/web/src/app/api/crm/communications/send/route.ts; kind=API_ROUTE
FC-0263,TBD,TBD,CRM,TBD,/api/crm/communications/signatures,/api/crm/communications/signatures,/api/crm/communications/signatures,GET;POST,TBD,TBD,TBD,TBD,TBD,TBD,TBD,TBD,TBD,TBD,TBD,TBD,TBD,TBD,TBD,TBD,TBD,TBD,TBD,NOT_STARTED,source=apps/web/src/app/api/crm/communications/signatures/route.ts; kind=API_ROUTE
FC-0264,TBD,TBD,CRM,TBD,/api/crm/communications/sync,/api/crm/communications/sync,/api/crm/communications/sync,POST,TBD,TBD,TBD,TBD,TBD,TBD,TBD,TBD,TBD,TBD,TBD,TBD,TBD,TBD,TBD,TBD,TBD,TBD,TBD,NOT_STARTED,source=apps/web/src/app/api/crm/communications/sync/route.ts; kind=API_ROUTE
FC-0265,TBD,TBD,CRM,TBD,/api/crm/communications/timeline,/api/crm/communications/timeline,/api/crm/communications/timeline,GET,TBD,TBD,TBD,TBD,TBD,TBD,TBD,TBD,TBD,TBD,TBD,TBD,TBD,TBD,TBD,TBD,TBD,TBD,TBD,NOT_STARTED,source=apps/web/src/app/api/crm/communications/timeline/route.ts; kind=API_ROUTE
FC-0266,TBD,TBD,CRM,TBD,/api/crm/communications/webhooks/[provider],/api/crm/communications/webhooks/[provider],/api/crm/communications/webhooks/[provider],POST,TBD,TBD,TBD,TBD,TBD,TBD,TBD,TBD,TBD,TBD,TBD,TBD,TBD,TBD,TBD,TBD,TBD,TBD,TBD,NOT_STARTED,source=apps/web/src/app/api/crm/communications/webhooks/[provider]/route.ts; kind=API_ROUTE
FC-0267,TBD,TBD,CRM,TBD,/api/crm/contacts/[id]/attachments/[attachmentId],/api/crm/contacts/[id]/attachments/[attachmentId],/api/crm/contacts/[id]/attachments/[attachmentId],GET;DELETE,TBD,TBD,TBD,TBD,TBD,TBD,TBD,TBD,TBD,TBD,TBD,TBD,TBD,TBD,TBD,TBD,TBD,TBD,TBD,NOT_STARTED,source=apps/web/src/app/api/crm/contacts/[id]/attachments/[attachmentId]/route.ts; kind=API_ROUTE
FC-0268,TBD,TBD,CRM,TBD,/api/crm/contacts/[id]/attachments/[attachmentId]/versions,/api/crm/contacts/[id]/attachments/[attachmentId]/versions,/api/crm/contacts/[id]/attachments/[attachmentId]/versions,GET,TBD,TBD,TBD,TBD,TBD,TBD,TBD,TBD,TBD,TBD,TBD,TBD,TBD,TBD,TBD,TBD,TBD,TBD,TBD,NOT_STARTED,source=apps/web/src/app/api/crm/contacts/[id]/attachments/[attachmentId]/versions/route.ts; kind=API_ROUTE
FC-0269,TBD,TBD,CRM,TBD,/api/crm/contacts/[id]/attachments,/api/crm/contacts/[id]/attachments,/api/crm/contacts/[id]/attachments,GET;POST,TBD,TBD,TBD,TBD,TBD,TBD,TBD,TBD,TBD,TBD,TBD,TBD,TBD,TBD,TBD,TBD,TBD,TBD,TBD,NOT_STARTED,source=apps/web/src/app/api/crm/contacts/[id]/attachments/route.ts; kind=API_ROUTE
FC-0270,TBD,TBD,CRM,TBD,/api/crm/contacts/[id]/duplicates/dismiss,/api/crm/contacts/[id]/duplicates/dismiss,/api/crm/contacts/[id]/duplicates/dismiss,POST,TBD,TBD,TBD,TBD,TBD,TBD,TBD,TBD,TBD,TBD,TBD,TBD,TBD,TBD,TBD,TBD,TBD,TBD,TBD,NOT_STARTED,source=apps/web/src/app/api/crm/contacts/[id]/duplicates/dismiss/route.ts; kind=API_ROUTE
FC-0271,TBD,TBD,CRM,TBD,/api/crm/contacts/[id]/merge,/api/crm/contacts/[id]/merge,/api/crm/contacts/[id]/merge,GET;POST,TBD,TBD,TBD,TBD,TBD,TBD,TBD,TBD,TBD,TBD,TBD,TBD,TBD,TBD,TBD,TBD,TBD,TBD,TBD,NOT_STARTED,source=apps/web/src/app/api/crm/contacts/[id]/merge/route.ts; kind=API_ROUTE
FC-0272,TBD,TBD,CRM,TBD,/api/crm/contacts/[id]/notes,/api/crm/contacts/[id]/notes,/api/crm/contacts/[id]/notes,GET;POST,TBD,TBD,TBD,TBD,TBD,TBD,TBD,TBD,TBD,TBD,TBD,TBD,TBD,TBD,TBD,TBD,TBD,TBD,TBD,NOT_STARTED,source=apps/web/src/app/api/crm/contacts/[id]/notes/route.ts; kind=API_ROUTE
FC-0273,TBD,TBD,CRM,TBD,/api/crm/contacts/[id]/relationships/[relationshipId],/api/crm/contacts/[id]/relationships/[relationshipId],/api/crm/contacts/[id]/relationships/[relationshipId],PATCH;DELETE,TBD,TBD,TBD,TBD,TBD,TBD,TBD,TBD,TBD,TBD,TBD,TBD,TBD,TBD,TBD,TBD,TBD,TBD,TBD,NOT_STARTED,source=apps/web/src/app/api/crm/contacts/[id]/relationships/[relationshipId]/route.ts; kind=API_ROUTE
FC-0274,TBD,TBD,CRM,TBD,/api/crm/contacts/[id]/relationships,/api/crm/contacts/[id]/relationships,/api/crm/contacts/[id]/relationships,GET;POST,TBD,TBD,TBD,TBD,TBD,TBD,TBD,TBD,TBD,TBD,TBD,TBD,TBD,TBD,TBD,TBD,TBD,TBD,TBD,NOT_STARTED,source=apps/web/src/app/api/crm/contacts/[id]/relationships/route.ts; kind=API_ROUTE
FC-0275,TBD,TBD,CRM,TBD,/api/crm/contacts/[id],/api/crm/contacts/[id],/api/crm/contacts/[id],GET;PATCH;DELETE,TBD,TBD,TBD,TBD,TBD,TBD,TBD,TBD,TBD,TBD,TBD,TBD,TBD,TBD,TBD,TBD,TBD,TBD,TBD,NOT_STARTED,source=apps/web/src/app/api/crm/contacts/[id]/route.ts; kind=API_ROUTE
FC-0276,TBD,TBD,CRM,TBD,/api/crm/contacts/[id]/timeline,/api/crm/contacts/[id]/timeline,/api/crm/contacts/[id]/timeline,GET,TBD,TBD,TBD,TBD,TBD,TBD,TBD,TBD,TBD,TBD,TBD,TBD,TBD,TBD,TBD,TBD,TBD,TBD,TBD,NOT_STARTED,source=apps/web/src/app/api/crm/contacts/[id]/timeline/route.ts; kind=API_ROUTE
FC-0277,TBD,TBD,CRM,TBD,/api/crm/contacts/duplicates,/api/crm/contacts/duplicates,/api/crm/contacts/duplicates,GET,TBD,TBD,TBD,TBD,TBD,TBD,TBD,TBD,TBD,TBD,TBD,TBD,TBD,TBD,TBD,TBD,TBD,TBD,TBD,NOT_STARTED,source=apps/web/src/app/api/crm/contacts/duplicates/route.ts; kind=API_ROUTE
FC-0278,TBD,TBD,CRM,TBD,/api/crm/contacts,/api/crm/contacts,/api/crm/contacts,GET;POST,TBD,TBD,TBD,TBD,TBD,TBD,TBD,TBD,TBD,TBD,TBD,TBD,TBD,TBD,TBD,TBD,TBD,TBD,TBD,NOT_STARTED,source=apps/web/src/app/api/crm/contacts/route.ts; kind=API_ROUTE
FC-0279,TBD,TBD,CRM,TBD,/api/crm/core-acceptance,/api/crm/core-acceptance,/api/crm/core-acceptance,GET;POST,TBD,TBD,TBD,TBD,TBD,TBD,TBD,TBD,TBD,TBD,TBD,TBD,TBD,TBD,TBD,TBD,TBD,TBD,TBD,NOT_STARTED,source=apps/web/src/app/api/crm/core-acceptance/route.ts; kind=API_ROUTE
FC-0280,TBD,TBD,CRM,TBD,/api/crm/core-acceptance/timeline,/api/crm/core-acceptance/timeline,/api/crm/core-acceptance/timeline,GET,TBD,TBD,TBD,TBD,TBD,TBD,TBD,TBD,TBD,TBD,TBD,TBD,TBD,TBD,TBD,TBD,TBD,TBD,TBD,NOT_STARTED,source=apps/web/src/app/api/crm/core-acceptance/timeline/route.ts; kind=API_ROUTE
FC-0281,TBD,TBD,CRM,TBD,/api/crm/dashboard,/api/crm/dashboard,/api/crm/dashboard,GET,TBD,TBD,TBD,TBD,TBD,TBD,TBD,TBD,TBD,TBD,TBD,TBD,TBD,TBD,TBD,TBD,TBD,TBD,TBD,NOT_STARTED,source=apps/web/src/app/api/crm/dashboard/route.ts; kind=API_ROUTE
FC-0282,TBD,TBD,CRM,TBD,/api/crm/duplicate-rules/[id],/api/crm/duplicate-rules/[id],/api/crm/duplicate-rules/[id],PATCH,TBD,TBD,TBD,TBD,TBD,TBD,TBD,TBD,TBD,TBD,TBD,TBD,TBD,TBD,TBD,TBD,TBD,TBD,TBD,NOT_STARTED,source=apps/web/src/app/api/crm/duplicate-rules/[id]/route.ts; kind=API_ROUTE
FC-0283,TBD,TBD,CRM,TBD,/api/crm/duplicate-rules,/api/crm/duplicate-rules,/api/crm/duplicate-rules,GET;POST,TBD,TBD,TBD,TBD,TBD,TBD,TBD,TBD,TBD,TBD,TBD,TBD,TBD,TBD,TBD,TBD,TBD,TBD,TBD,NOT_STARTED,source=apps/web/src/app/api/crm/duplicate-rules/route.ts; kind=API_ROUTE
FC-0284,TBD,TBD,CRM,TBD,/api/crm/follow-ups/[id]/cancel,/api/crm/follow-ups/[id]/cancel,/api/crm/follow-ups/[id]/cancel,POST,TBD,TBD,TBD,TBD,TBD,TBD,TBD,TBD,TBD,TBD,TBD,TBD,TBD,TBD,TBD,TBD,TBD,TBD,TBD,NOT_STARTED,source=apps/web/src/app/api/crm/follow-ups/[id]/cancel/route.ts; kind=API_ROUTE
FC-0285,TBD,TBD,CRM,TBD,/api/crm/follow-ups/[id]/complete,/api/crm/follow-ups/[id]/complete,/api/crm/follow-ups/[id]/complete,POST,TBD,TBD,TBD,TBD,TBD,TBD,TBD,TBD,TBD,TBD,TBD,TBD,TBD,TBD,TBD,TBD,TBD,TBD,TBD,NOT_STARTED,source=apps/web/src/app/api/crm/follow-ups/[id]/complete/route.ts; kind=API_ROUTE
FC-0286,TBD,TBD,CRM,TBD,/api/crm/follow-ups/[id]/history,/api/crm/follow-ups/[id]/history,/api/crm/follow-ups/[id]/history,GET,TBD,TBD,TBD,TBD,TBD,TBD,TBD,TBD,TBD,TBD,TBD,TBD,TBD,TBD,TBD,TBD,TBD,TBD,TBD,NOT_STARTED,source=apps/web/src/app/api/crm/follow-ups/[id]/history/route.ts; kind=API_ROUTE
FC-0287,TBD,TBD,CRM,TBD,/api/crm/follow-ups/[id]/reminders/[reminderId],/api/crm/follow-ups/[id]/reminders/[reminderId],/api/crm/follow-ups/[id]/reminders/[reminderId],PATCH,TBD,TBD,TBD,TBD,TBD,TBD,TBD,TBD,TBD,TBD,TBD,TBD,TBD,TBD,TBD,TBD,TBD,TBD,TBD,NOT_STARTED,source=apps/web/src/app/api/crm/follow-ups/[id]/reminders/[reminderId]/route.ts; kind=API_ROUTE
FC-0288,TBD,TBD,CRM,TBD,/api/crm/follow-ups/[id],/api/crm/follow-ups/[id],/api/crm/follow-ups/[id],GET;PATCH,TBD,TBD,TBD,TBD,TBD,TBD,TBD,TBD,TBD,TBD,TBD,TBD,TBD,TBD,TBD,TBD,TBD,TBD,TBD,NOT_STARTED,source=apps/web/src/app/api/crm/follow-ups/[id]/route.ts; kind=API_ROUTE
FC-0289,TBD,TBD,CRM,TBD,/api/crm/follow-ups/[id]/snooze,/api/crm/follow-ups/[id]/snooze,/api/crm/follow-ups/[id]/snooze,POST,TBD,TBD,TBD,TBD,TBD,TBD,TBD,TBD,TBD,TBD,TBD,TBD,TBD,TBD,TBD,TBD,TBD,TBD,TBD,NOT_STARTED,source=apps/web/src/app/api/crm/follow-ups/[id]/snooze/route.ts; kind=API_ROUTE
FC-0290,TBD,TBD,CRM,TBD,/api/crm/follow-ups,/api/crm/follow-ups,/api/crm/follow-ups,GET;POST,TBD,TBD,TBD,TBD,TBD,TBD,TBD,TBD,TBD,TBD,TBD,TBD,TBD,TBD,TBD,TBD,TBD,TBD,TBD,NOT_STARTED,source=apps/web/src/app/api/crm/follow-ups/route.ts; kind=API_ROUTE
FC-0291,TBD,TBD,CRM,TBD,/api/crm/lead-acquisition/connections,/api/crm/lead-acquisition/connections,/api/crm/lead-acquisition/connections,POST,TBD,TBD,TBD,TBD,TBD,TBD,TBD,TBD,TBD,TBD,TBD,TBD,TBD,TBD,TBD,TBD,TBD,TBD,TBD,NOT_STARTED,source=apps/web/src/app/api/crm/lead-acquisition/connections/route.ts; kind=API_ROUTE
FC-0292,TBD,TBD,CRM,TBD,/api/crm/lead-acquisition/dashboard,/api/crm/lead-acquisition/dashboard,/api/crm/lead-acquisition/dashboard,GET,TBD,TBD,TBD,TBD,TBD,TBD,TBD,TBD,TBD,TBD,TBD,TBD,TBD,TBD,TBD,TBD,TBD,TBD,TBD,NOT_STARTED,source=apps/web/src/app/api/crm/lead-acquisition/dashboard/route.ts; kind=API_ROUTE
FC-0293,TBD,TBD,CRM,TBD,/api/crm/lead-acquisition/enrichment,/api/crm/lead-acquisition/enrichment,/api/crm/lead-acquisition/enrichment,POST,TBD,TBD,TBD,TBD,TBD,TBD,TBD,TBD,TBD,TBD,TBD,TBD,TBD,TBD,TBD,TBD,TBD,TBD,TBD,NOT_STARTED,source=apps/web/src/app/api/crm/lead-acquisition/enrichment/route.ts; kind=API_ROUTE
FC-0294,TBD,TBD,CRM,TBD,/api/crm/lead-acquisition/forms,/api/crm/lead-acquisition/forms,/api/crm/lead-acquisition/forms,POST,TBD,TBD,TBD,TBD,TBD,TBD,TBD,TBD,TBD,TBD,TBD,TBD,TBD,TBD,TBD,TBD,TBD,TBD,TBD,NOT_STARTED,source=apps/web/src/app/api/crm/lead-acquisition/forms/route.ts; kind=API_ROUTE
FC-0295,TBD,TBD,CRM,TBD,/api/crm/lead-acquisition/imports,/api/crm/lead-acquisition/imports,/api/crm/lead-acquisition/imports,POST,TBD,TBD,TBD,TBD,TBD,TBD,TBD,TBD,TBD,TBD,TBD,TBD,TBD,TBD,TBD,TBD,TBD,TBD,TBD,NOT_STARTED,source=apps/web/src/app/api/crm/lead-acquisition/imports/route.ts; kind=API_ROUTE
FC-0296,TBD,TBD,CRM,TBD,/api/crm/lead-acquisition/public/chat/[token],/api/crm/lead-acquisition/public/chat/[token],/api/crm/lead-acquisition/public/chat/[token],POST,TBD,TBD,TBD,TBD,TBD,TBD,TBD,TBD,TBD,TBD,TBD,TBD,TBD,TBD,TBD,TBD,TBD,TBD,TBD,NOT_STARTED,source=apps/web/src/app/api/crm/lead-acquisition/public/chat/[token]/route.ts; kind=API_ROUTE
FC-0297,TBD,TBD,CRM,TBD,/api/crm/lead-acquisition/public/email/[token],/api/crm/lead-acquisition/public/email/[token],/api/crm/lead-acquisition/public/email/[token],POST,TBD,TBD,TBD,TBD,TBD,TBD,TBD,TBD,TBD,TBD,TBD,TBD,TBD,TBD,TBD,TBD,TBD,TBD,TBD,NOT_STARTED,source=apps/web/src/app/api/crm/lead-acquisition/public/email/[token]/route.ts; kind=API_ROUTE
FC-0298,TBD,TBD,CRM,TBD,/api/crm/lead-acquisition/public/forms/[key],/api/crm/lead-acquisition/public/forms/[key],/api/crm/lead-acquisition/public/forms/[key],POST,TBD,TBD,TBD,TBD,TBD,TBD,TBD,TBD,TBD,TBD,TBD,TBD,TBD,TBD,TBD,TBD,TBD,TBD,TBD,NOT_STARTED,source=apps/web/src/app/api/crm/lead-acquisition/public/forms/[key]/route.ts; kind=API_ROUTE
FC-0299,TBD,TBD,CRM,TBD,/api/crm/lead-acquisition/readiness,/api/crm/lead-acquisition/readiness,/api/crm/lead-acquisition/readiness,GET,TBD,TBD,TBD,TBD,TBD,TBD,TBD,TBD,TBD,TBD,TBD,TBD,TBD,TBD,TBD,TBD,TBD,TBD,TBD,NOT_STARTED,source=apps/web/src/app/api/crm/lead-acquisition/readiness/route.ts; kind=API_ROUTE
FC-0300,TBD,TBD,CRM,TBD,/api/crm/lead-acquisition/webhooks/[provider],/api/crm/lead-acquisition/webhooks/[provider],/api/crm/lead-acquisition/webhooks/[provider],POST,TBD,TBD,TBD,TBD,TBD,TBD,TBD,TBD,TBD,TBD,TBD,TBD,TBD,TBD,TBD,TBD,TBD,TBD,TBD,NOT_STARTED,source=apps/web/src/app/api/crm/lead-acquisition/webhooks/[provider]/route.ts; kind=API_ROUTE
FC-0301,TBD,TBD,CRM,TBD,/api/crm/lead-intelligence/dashboard,/api/crm/lead-intelligence/dashboard,/api/crm/lead-intelligence/dashboard,GET,TBD,TBD,TBD,TBD,TBD,TBD,TBD,TBD,TBD,TBD,TBD,TBD,TBD,TBD,TBD,TBD,TBD,TBD,TBD,NOT_STARTED,source=apps/web/src/app/api/crm/lead-intelligence/dashboard/route.ts; kind=API_ROUTE
FC-0302,TBD,TBD,CRM,TBD,/api/crm/lead-intelligence/events,/api/crm/lead-intelligence/events,/api/crm/lead-intelligence/events,POST,TBD,TBD,TBD,TBD,TBD,TBD,TBD,TBD,TBD,TBD,TBD,TBD,TBD,TBD,TBD,TBD,TBD,TBD,TBD,NOT_STARTED,source=apps/web/src/app/api/crm/lead-intelligence/events/route.ts; kind=API_ROUTE
FC-0303,TBD,TBD,CRM,TBD,/api/crm/lead-intelligence/nurture,/api/crm/lead-intelligence/nurture,/api/crm/lead-intelligence/nurture,GET;POST,TBD,TBD,TBD,TBD,TBD,TBD,TBD,TBD,TBD,TBD,TBD,TBD,TBD,TBD,TBD,TBD,TBD,TBD,TBD,NOT_STARTED,source=apps/web/src/app/api/crm/lead-intelligence/nurture/route.ts; kind=API_ROUTE
FC-0304,TBD,TBD,CRM,TBD,/api/crm/lead-intelligence/readiness,/api/crm/lead-intelligence/readiness,/api/crm/lead-intelligence/readiness,GET,TBD,TBD,TBD,TBD,TBD,TBD,TBD,TBD,TBD,TBD,TBD,TBD,TBD,TBD,TBD,TBD,TBD,TBD,TBD,NOT_STARTED,source=apps/web/src/app/api/crm/lead-intelligence/readiness/route.ts; kind=API_ROUTE
FC-0305,TBD,TBD,CRM,TBD,/api/crm/lead-intelligence/sla,/api/crm/lead-intelligence/sla,/api/crm/lead-intelligence/sla,POST,TBD,TBD,TBD,TBD,TBD,TBD,TBD,TBD,TBD,TBD,TBD,TBD,TBD,TBD,TBD,TBD,TBD,TBD,TBD,NOT_STARTED,source=apps/web/src/app/api/crm/lead-intelligence/sla/route.ts; kind=API_ROUTE
FC-0306,TBD,TBD,CRM,TBD,/api/crm/lead-score-recalc-jobs/[id],/api/crm/lead-score-recalc-jobs/[id],/api/crm/lead-score-recalc-jobs/[id],GET,TBD,TBD,TBD,TBD,TBD,TBD,TBD,TBD,TBD,TBD,TBD,TBD,TBD,TBD,TBD,TBD,TBD,TBD,TBD,NOT_STARTED,source=apps/web/src/app/api/crm/lead-score-recalc-jobs/[id]/route.ts; kind=API_ROUTE
FC-0307,TBD,TBD,CRM,TBD,/api/crm/lead-scoring-models/[id]/activate,/api/crm/lead-scoring-models/[id]/activate,/api/crm/lead-scoring-models/[id]/activate,POST,TBD,TBD,TBD,TBD,TBD,TBD,TBD,TBD,TBD,TBD,TBD,TBD,TBD,TBD,TBD,TBD,TBD,TBD,TBD,NOT_STARTED,source=apps/web/src/app/api/crm/lead-scoring-models/[id]/activate/route.ts; kind=API_ROUTE
FC-0308,TBD,TBD,CRM,TBD,/api/crm/lead-scoring-models/[id],/api/crm/lead-scoring-models/[id],/api/crm/lead-scoring-models/[id],PATCH,TBD,TBD,TBD,TBD,TBD,TBD,TBD,TBD,TBD,TBD,TBD,TBD,TBD,TBD,TBD,TBD,TBD,TBD,TBD,NOT_STARTED,source=apps/web/src/app/api/crm/lead-scoring-models/[id]/route.ts; kind=API_ROUTE
FC-0309,TBD,TBD,CRM,TBD,/api/crm/lead-scoring-models/[id]/rules/[ruleId],/api/crm/lead-scoring-models/[id]/rules/[ruleId],/api/crm/lead-scoring-models/[id]/rules/[ruleId],PATCH,TBD,TBD,TBD,TBD,TBD,TBD,TBD,TBD,TBD,TBD,TBD,TBD,TBD,TBD,TBD,TBD,TBD,TBD,TBD,NOT_STARTED,source=apps/web/src/app/api/crm/lead-scoring-models/[id]/rules/[ruleId]/route.ts; kind=API_ROUTE
FC-0310,TBD,TBD,CRM,TBD,/api/crm/lead-scoring-models/[id]/rules,/api/crm/lead-scoring-models/[id]/rules,/api/crm/lead-scoring-models/[id]/rules,POST,TBD,TBD,TBD,TBD,TBD,TBD,TBD,TBD,TBD,TBD,TBD,TBD,TBD,TBD,TBD,TBD,TBD,TBD,TBD,NOT_STARTED,source=apps/web/src/app/api/crm/lead-scoring-models/[id]/rules/route.ts; kind=API_ROUTE
FC-0311,TBD,TBD,CRM,TBD,/api/crm/lead-scoring-models,/api/crm/lead-scoring-models,/api/crm/lead-scoring-models,GET;POST,TBD,TBD,TBD,TBD,TBD,TBD,TBD,TBD,TBD,TBD,TBD,TBD,TBD,TBD,TBD,TBD,TBD,TBD,TBD,NOT_STARTED,source=apps/web/src/app/api/crm/lead-scoring-models/route.ts; kind=API_ROUTE
FC-0312,TBD,TBD,CRM,TBD,/api/crm/lead-sources/[id],/api/crm/lead-sources/[id],/api/crm/lead-sources/[id],GET;PATCH;DELETE,TBD,TBD,TBD,TBD,TBD,TBD,TBD,TBD,TBD,TBD,TBD,TBD,TBD,TBD,TBD,TBD,TBD,TBD,TBD,NOT_STARTED,source=apps/web/src/app/api/crm/lead-sources/[id]/route.ts; kind=API_ROUTE
FC-0313,TBD,TBD,CRM,TBD,/api/crm/lead-sources,/api/crm/lead-sources,/api/crm/lead-sources,GET;POST,TBD,TBD,TBD,TBD,TBD,TBD,TBD,TBD,TBD,TBD,TBD,TBD,TBD,TBD,TBD,TBD,TBD,TBD,TBD,NOT_STARTED,source=apps/web/src/app/api/crm/lead-sources/route.ts; kind=API_ROUTE
FC-0314,TBD,TBD,CRM,TBD,/api/crm/lead-stages/[id],/api/crm/lead-stages/[id],/api/crm/lead-stages/[id],GET;PATCH,TBD,TBD,TBD,TBD,TBD,TBD,TBD,TBD,TBD,TBD,TBD,TBD,TBD,TBD,TBD,TBD,TBD,TBD,TBD,NOT_STARTED,source=apps/web/src/app/api/crm/lead-stages/[id]/route.ts; kind=API_ROUTE
FC-0315,TBD,TBD,CRM,TBD,/api/crm/lead-stages/migration-jobs/[id],/api/crm/lead-stages/migration-jobs/[id],/api/crm/lead-stages/migration-jobs/[id],GET,TBD,TBD,TBD,TBD,TBD,TBD,TBD,TBD,TBD,TBD,TBD,TBD,TBD,TBD,TBD,TBD,TBD,TBD,TBD,NOT_STARTED,source=apps/web/src/app/api/crm/lead-stages/migration-jobs/[id]/route.ts; kind=API_ROUTE
FC-0316,TBD,TBD,CRM,TBD,/api/crm/lead-stages,/api/crm/lead-stages,/api/crm/lead-stages,GET;POST,TBD,TBD,TBD,TBD,TBD,TBD,TBD,TBD,TBD,TBD,TBD,TBD,TBD,TBD,TBD,TBD,TBD,TBD,TBD,NOT_STARTED,source=apps/web/src/app/api/crm/lead-stages/route.ts; kind=API_ROUTE
FC-0317,TBD,TBD,CRM,TBD,/api/crm/lead-stages/transition-reasons/[id],/api/crm/lead-stages/transition-reasons/[id],/api/crm/lead-stages/transition-reasons/[id],PATCH,TBD,TBD,TBD,TBD,TBD,TBD,TBD,TBD,TBD,TBD,TBD,TBD,TBD,TBD,TBD,TBD,TBD,TBD,TBD,NOT_STARTED,source=apps/web/src/app/api/crm/lead-stages/transition-reasons/[id]/route.ts; kind=API_ROUTE
FC-0318,TBD,TBD,CRM,TBD,/api/crm/lead-stages/transition-reasons,/api/crm/lead-stages/transition-reasons,/api/crm/lead-stages/transition-reasons,GET;POST,TBD,TBD,TBD,TBD,TBD,TBD,TBD,TBD,TBD,TBD,TBD,TBD,TBD,TBD,TBD,TBD,TBD,TBD,TBD,NOT_STARTED,source=apps/web/src/app/api/crm/lead-stages/transition-reasons/route.ts; kind=API_ROUTE
FC-0319,TBD,TBD,CRM,TBD,/api/crm/lead-stages/transitions,/api/crm/lead-stages/transitions,/api/crm/lead-stages/transitions,GET;POST;DELETE,TBD,TBD,TBD,TBD,TBD,TBD,TBD,TBD,TBD,TBD,TBD,TBD,TBD,TBD,TBD,TBD,TBD,TBD,TBD,NOT_STARTED,source=apps/web/src/app/api/crm/lead-stages/transitions/route.ts; kind=API_ROUTE
FC-0320,TBD,TBD,CRM,TBD,/api/crm/leads/[id]/assign,/api/crm/leads/[id]/assign,/api/crm/leads/[id]/assign,POST,TBD,TBD,TBD,TBD,TBD,TBD,TBD,TBD,TBD,TBD,TBD,TBD,TBD,TBD,TBD,TBD,TBD,TBD,TBD,NOT_STARTED,source=apps/web/src/app/api/crm/leads/[id]/assign/route.ts; kind=API_ROUTE
FC-0321,TBD,TBD,CRM,TBD,/api/crm/leads/[id]/attachments/[attachmentId],/api/crm/leads/[id]/attachments/[attachmentId],/api/crm/leads/[id]/attachments/[attachmentId],GET;DELETE,TBD,TBD,TBD,TBD,TBD,TBD,TBD,TBD,TBD,TBD,TBD,TBD,TBD,TBD,TBD,TBD,TBD,TBD,TBD,NOT_STARTED,source=apps/web/src/app/api/crm/leads/[id]/attachments/[attachmentId]/route.ts; kind=API_ROUTE
FC-0322,TBD,TBD,CRM,TBD,/api/crm/leads/[id]/attachments/[attachmentId]/versions,/api/crm/leads/[id]/attachments/[attachmentId]/versions,/api/crm/leads/[id]/attachments/[attachmentId]/versions,GET,TBD,TBD,TBD,TBD,TBD,TBD,TBD,TBD,TBD,TBD,TBD,TBD,TBD,TBD,TBD,TBD,TBD,TBD,TBD,NOT_STARTED,source=apps/web/src/app/api/crm/leads/[id]/attachments/[attachmentId]/versions/route.ts; kind=API_ROUTE
FC-0323,TBD,TBD,CRM,TBD,/api/crm/leads/[id]/attachments,/api/crm/leads/[id]/attachments,/api/crm/leads/[id]/attachments,GET;POST,TBD,TBD,TBD,TBD,TBD,TBD,TBD,TBD,TBD,TBD,TBD,TBD,TBD,TBD,TBD,TBD,TBD,TBD,TBD,NOT_STARTED,source=apps/web/src/app/api/crm/leads/[id]/attachments/route.ts; kind=API_ROUTE
FC-0324,TBD,TBD,CRM,TBD,/api/crm/leads/[id]/convert,/api/crm/leads/[id]/convert,/api/crm/leads/[id]/convert,POST,TBD,TBD,TBD,TBD,TBD,TBD,TBD,TBD,TBD,TBD,TBD,TBD,TBD,TBD,TBD,TBD,TBD,TBD,TBD,NOT_STARTED,source=apps/web/src/app/api/crm/leads/[id]/convert/route.ts; kind=API_ROUTE
FC-0325,TBD,TBD,CRM,TBD,/api/crm/leads/[id]/custom-fields,/api/crm/leads/[id]/custom-fields,/api/crm/leads/[id]/custom-fields,POST,TBD,TBD,TBD,TBD,TBD,TBD,TBD,TBD,TBD,TBD,TBD,TBD,TBD,TBD,TBD,TBD,TBD,TBD,TBD,NOT_STARTED,source=apps/web/src/app/api/crm/leads/[id]/custom-fields/route.ts; kind=API_ROUTE
FC-0326,TBD,TBD,CRM,TBD,/api/crm/leads/[id]/follow-up,/api/crm/leads/[id]/follow-up,/api/crm/leads/[id]/follow-up,POST,TBD,TBD,TBD,TBD,TBD,TBD,TBD,TBD,TBD,TBD,TBD,TBD,TBD,TBD,TBD,TBD,TBD,TBD,TBD,NOT_STARTED,source=apps/web/src/app/api/crm/leads/[id]/follow-up/route.ts; kind=API_ROUTE
FC-0327,TBD,TBD,CRM,TBD,/api/crm/leads/[id]/merge,/api/crm/leads/[id]/merge,/api/crm/leads/[id]/merge,POST,TBD,TBD,TBD,TBD,TBD,TBD,TBD,TBD,TBD,TBD,TBD,TBD,TBD,TBD,TBD,TBD,TBD,TBD,TBD,NOT_STARTED,source=apps/web/src/app/api/crm/leads/[id]/merge/route.ts; kind=API_ROUTE
FC-0328,TBD,TBD,CRM,TBD,/api/crm/leads/[id]/notes,/api/crm/leads/[id]/notes,/api/crm/leads/[id]/notes,GET;POST,TBD,TBD,TBD,TBD,TBD,TBD,TBD,TBD,TBD,TBD,TBD,TBD,TBD,TBD,TBD,TBD,TBD,TBD,TBD,NOT_STARTED,source=apps/web/src/app/api/crm/leads/[id]/notes/route.ts; kind=API_ROUTE
FC-0329,TBD,TBD,CRM,TBD,/api/crm/leads/[id]/qualification,/api/crm/leads/[id]/qualification,/api/crm/leads/[id]/qualification,GET;POST,TBD,TBD,TBD,TBD,TBD,TBD,TBD,TBD,TBD,TBD,TBD,TBD,TBD,TBD,TBD,TBD,TBD,TBD,TBD,NOT_STARTED,source=apps/web/src/app/api/crm/leads/[id]/qualification/route.ts; kind=API_ROUTE
FC-0330,TBD,TBD,CRM,TBD,/api/crm/leads/[id]/score,/api/crm/leads/[id]/score,/api/crm/leads/[id]/score,GET;POST,TBD,TBD,TBD,TBD,TBD,TBD,TBD,TBD,TBD,TBD,TBD,TBD,TBD,TBD,TBD,TBD,TBD,TBD,TBD,NOT_STARTED,source=apps/web/src/app/api/crm/leads/[id]/score/route.ts; kind=API_ROUTE
FC-0331,TBD,TBD,CRM,TBD,/api/crm/leads/[id]/stage,/api/crm/leads/[id]/stage,/api/crm/leads/[id]/stage,GET;POST,TBD,TBD,TBD,TBD,TBD,TBD,TBD,TBD,TBD,TBD,TBD,TBD,TBD,TBD,TBD,TBD,TBD,TBD,TBD,NOT_STARTED,source=apps/web/src/app/api/crm/leads/[id]/stage/route.ts; kind=API_ROUTE
FC-0332,TBD,TBD,CRM,TBD,/api/crm/leads/[id]/status,/api/crm/leads/[id]/status,/api/crm/leads/[id]/status,POST,TBD,TBD,TBD,TBD,TBD,TBD,TBD,TBD,TBD,TBD,TBD,TBD,TBD,TBD,TBD,TBD,TBD,TBD,TBD,NOT_STARTED,source=apps/web/src/app/api/crm/leads/[id]/status/route.ts; kind=API_ROUTE
FC-0333,TBD,TBD,CRM,TBD,/api/crm/leads/[id]/tags,/api/crm/leads/[id]/tags,/api/crm/leads/[id]/tags,POST,TBD,TBD,TBD,TBD,TBD,TBD,TBD,TBD,TBD,TBD,TBD,TBD,TBD,TBD,TBD,TBD,TBD,TBD,TBD,NOT_STARTED,source=apps/web/src/app/api/crm/leads/[id]/tags/route.ts; kind=API_ROUTE
FC-0334,TBD,TBD,CRM,TBD,/api/crm/leads/[id]/timeline,/api/crm/leads/[id]/timeline,/api/crm/leads/[id]/timeline,GET,TBD,TBD,TBD,TBD,TBD,TBD,TBD,TBD,TBD,TBD,TBD,TBD,TBD,TBD,TBD,TBD,TBD,TBD,TBD,NOT_STARTED,source=apps/web/src/app/api/crm/leads/[id]/timeline/route.ts; kind=API_ROUTE
FC-0335,TBD,TBD,CRM,TBD,/api/crm/leads/assignees,/api/crm/leads/assignees,/api/crm/leads/assignees,GET,TBD,TBD,TBD,TBD,TBD,TBD,TBD,TBD,TBD,TBD,TBD,TBD,TBD,TBD,TBD,TBD,TBD,TBD,TBD,NOT_STARTED,source=apps/web/src/app/api/crm/leads/assignees/route.ts; kind=API_ROUTE
FC-0336,TBD,TBD,CRM,TBD,/api/crm/leads/assignment-policies,/api/crm/leads/assignment-policies,/api/crm/leads/assignment-policies,GET;POST,TBD,TBD,TBD,TBD,TBD,TBD,TBD,TBD,TBD,TBD,TBD,TBD,TBD,TBD,TBD,TBD,TBD,TBD,TBD,NOT_STARTED,source=apps/web/src/app/api/crm/leads/assignment-policies/route.ts; kind=API_ROUTE
FC-0337,TBD,TBD,CRM,TBD,/api/crm/leads/configuration,/api/crm/leads/configuration,/api/crm/leads/configuration,GET,TBD,TBD,TBD,TBD,TBD,TBD,TBD,TBD,TBD,TBD,TBD,TBD,TBD,TBD,TBD,TBD,TBD,TBD,TBD,NOT_STARTED,source=apps/web/src/app/api/crm/leads/configuration/route.ts; kind=API_ROUTE
FC-0338,TBD,TBD,CRM,TBD,/api/crm/leads/duplicates,/api/crm/leads/duplicates,/api/crm/leads/duplicates,GET;POST,TBD,TBD,TBD,TBD,TBD,TBD,TBD,TBD,TBD,TBD,TBD,TBD,TBD,TBD,TBD,TBD,TBD,TBD,TBD,NOT_STARTED,source=apps/web/src/app/api/crm/leads/duplicates/route.ts; kind=API_ROUTE
FC-0339,TBD,TBD,CRM,TBD,/api/crm/leads/operations,/api/crm/leads/operations,/api/crm/leads/operations,GET;POST,TBD,TBD,TBD,TBD,TBD,TBD,TBD,TBD,TBD,TBD,TBD,TBD,TBD,TBD,TBD,TBD,TBD,TBD,TBD,NOT_STARTED,source=apps/web/src/app/api/crm/leads/operations/route.ts; kind=API_ROUTE
FC-0340,TBD,TBD,CRM,TBD,/api/crm/leads/validate,/api/crm/leads/validate,/api/crm/leads/validate,POST,TBD,TBD,TBD,TBD,TBD,TBD,TBD,TBD,TBD,TBD,TBD,TBD,TBD,TBD,TBD,TBD,TBD,TBD,TBD,NOT_STARTED,source=apps/web/src/app/api/crm/leads/validate/route.ts; kind=API_ROUTE
FC-0341,TBD,TBD,CRM,TBD,/api/crm/leads/views,/api/crm/leads/views,/api/crm/leads/views,GET;POST,TBD,TBD,TBD,TBD,TBD,TBD,TBD,TBD,TBD,TBD,TBD,TBD,TBD,TBD,TBD,TBD,TBD,TBD,TBD,NOT_STARTED,source=apps/web/src/app/api/crm/leads/views/route.ts; kind=API_ROUTE
FC-0342,TBD,TBD,CRM,TBD,/api/crm/meetings/[id]/cancel,/api/crm/meetings/[id]/cancel,/api/crm/meetings/[id]/cancel,POST,TBD,TBD,TBD,TBD,TBD,TBD,TBD,TBD,TBD,TBD,TBD,TBD,TBD,TBD,TBD,TBD,TBD,TBD,TBD,NOT_STARTED,source=apps/web/src/app/api/crm/meetings/[id]/cancel/route.ts; kind=API_ROUTE
FC-0343,TBD,TBD,CRM,TBD,/api/crm/meetings/[id]/complete,/api/crm/meetings/[id]/complete,/api/crm/meetings/[id]/complete,POST,TBD,TBD,TBD,TBD,TBD,TBD,TBD,TBD,TBD,TBD,TBD,TBD,TBD,TBD,TBD,TBD,TBD,TBD,TBD,NOT_STARTED,source=apps/web/src/app/api/crm/meetings/[id]/complete/route.ts; kind=API_ROUTE
FC-0344,TBD,TBD,CRM,TBD,/api/crm/meetings/[id],/api/crm/meetings/[id],/api/crm/meetings/[id],GET;PATCH,TBD,TBD,TBD,TBD,TBD,TBD,TBD,TBD,TBD,TBD,TBD,TBD,TBD,TBD,TBD,TBD,TBD,TBD,TBD,NOT_STARTED,source=apps/web/src/app/api/crm/meetings/[id]/route.ts; kind=API_ROUTE
FC-0345,TBD,TBD,CRM,TBD,/api/crm/meetings/[id]/start,/api/crm/meetings/[id]/start,/api/crm/meetings/[id]/start,POST,TBD,TBD,TBD,TBD,TBD,TBD,TBD,TBD,TBD,TBD,TBD,TBD,TBD,TBD,TBD,TBD,TBD,TBD,TBD,NOT_STARTED,source=apps/web/src/app/api/crm/meetings/[id]/start/route.ts; kind=API_ROUTE
FC-0346,TBD,TBD,CRM,TBD,/api/crm/meetings,/api/crm/meetings,/api/crm/meetings,GET;POST,TBD,TBD,TBD,TBD,TBD,TBD,TBD,TBD,TBD,TBD,TBD,TBD,TBD,TBD,TBD,TBD,TBD,TBD,TBD,NOT_STARTED,source=apps/web/src/app/api/crm/meetings/route.ts; kind=API_ROUTE
FC-0347,TBD,TBD,CRM,TBD,/api/crm/notes/[noteId],/api/crm/notes/[noteId],/api/crm/notes/[noteId],GET;PATCH;DELETE,TBD,TBD,TBD,TBD,TBD,TBD,TBD,TBD,TBD,TBD,TBD,TBD,TBD,TBD,TBD,TBD,TBD,TBD,TBD,NOT_STARTED,source=apps/web/src/app/api/crm/notes/[noteId]/route.ts; kind=API_ROUTE
FC-0348,TBD,TBD,CRM,TBD,/api/crm/notes/[noteId]/versions,/api/crm/notes/[noteId]/versions,/api/crm/notes/[noteId]/versions,GET,TBD,TBD,TBD,TBD,TBD,TBD,TBD,TBD,TBD,TBD,TBD,TBD,TBD,TBD,TBD,TBD,TBD,TBD,TBD,NOT_STARTED,source=apps/web/src/app/api/crm/notes/[noteId]/versions/route.ts; kind=API_ROUTE
FC-0349,TBD,TBD,CRM,TBD,/api/crm/opportunities/[id]/attachments/[attachmentId],/api/crm/opportunities/[id]/attachments/[attachmentId],/api/crm/opportunities/[id]/attachments/[attachmentId],GET;DELETE,TBD,TBD,TBD,TBD,TBD,TBD,TBD,TBD,TBD,TBD,TBD,TBD,TBD,TBD,TBD,TBD,TBD,TBD,TBD,NOT_STARTED,source=apps/web/src/app/api/crm/opportunities/[id]/attachments/[attachmentId]/route.ts; kind=API_ROUTE
FC-0350,TBD,TBD,CRM,TBD,/api/crm/opportunities/[id]/attachments/[attachmentId]/versions,/api/crm/opportunities/[id]/attachments/[attachmentId]/versions,/api/crm/opportunities/[id]/attachments/[attachmentId]/versions,GET,TBD,TBD,TBD,TBD,TBD,TBD,TBD,TBD,TBD,TBD,TBD,TBD,TBD,TBD,TBD,TBD,TBD,TBD,TBD,NOT_STARTED,source=apps/web/src/app/api/crm/opportunities/[id]/attachments/[attachmentId]/versions/route.ts; kind=API_ROUTE
FC-0351,TBD,TBD,CRM,TBD,/api/crm/opportunities/[id]/attachments,/api/crm/opportunities/[id]/attachments,/api/crm/opportunities/[id]/attachments,GET;POST,TBD,TBD,TBD,TBD,TBD,TBD,TBD,TBD,TBD,TBD,TBD,TBD,TBD,TBD,TBD,TBD,TBD,TBD,TBD,NOT_STARTED,source=apps/web/src/app/api/crm/opportunities/[id]/attachments/route.ts; kind=API_ROUTE
FC-0352,TBD,TBD,CRM,TBD,/api/crm/opportunities/[id]/competitors/[competitorId],/api/crm/opportunities/[id]/competitors/[competitorId],/api/crm/opportunities/[id]/competitors/[competitorId],DELETE,TBD,TBD,TBD,TBD,TBD,TBD,TBD,TBD,TBD,TBD,TBD,TBD,TBD,TBD,TBD,TBD,TBD,TBD,TBD,NOT_STARTED,source=apps/web/src/app/api/crm/opportunities/[id]/competitors/[competitorId]/route.ts; kind=API_ROUTE
FC-0353,TBD,TBD,CRM,TBD,/api/crm/opportunities/[id]/competitors,/api/crm/opportunities/[id]/competitors,/api/crm/opportunities/[id]/competitors,GET;POST,TBD,TBD,TBD,TBD,TBD,TBD,TBD,TBD,TBD,TBD,TBD,TBD,TBD,TBD,TBD,TBD,TBD,TBD,TBD,NOT_STARTED,source=apps/web/src/app/api/crm/opportunities/[id]/competitors/route.ts; kind=API_ROUTE
FC-0354,TBD,TBD,CRM,TBD,/api/crm/opportunities/[id]/items/[itemId],/api/crm/opportunities/[id]/items/[itemId],/api/crm/opportunities/[id]/items/[itemId],PATCH;DELETE,TBD,TBD,TBD,TBD,TBD,TBD,TBD,TBD,TBD,TBD,TBD,TBD,TBD,TBD,TBD,TBD,TBD,TBD,TBD,NOT_STARTED,source=apps/web/src/app/api/crm/opportunities/[id]/items/[itemId]/route.ts; kind=API_ROUTE
FC-0355,TBD,TBD,CRM,TBD,/api/crm/opportunities/[id]/items,/api/crm/opportunities/[id]/items,/api/crm/opportunities/[id]/items,GET;POST,TBD,TBD,TBD,TBD,TBD,TBD,TBD,TBD,TBD,TBD,TBD,TBD,TBD,TBD,TBD,TBD,TBD,TBD,TBD,NOT_STARTED,source=apps/web/src/app/api/crm/opportunities/[id]/items/route.ts; kind=API_ROUTE
FC-0356,TBD,TBD,CRM,TBD,/api/crm/opportunities/[id]/notes,/api/crm/opportunities/[id]/notes,/api/crm/opportunities/[id]/notes,GET;POST,TBD,TBD,TBD,TBD,TBD,TBD,TBD,TBD,TBD,TBD,TBD,TBD,TBD,TBD,TBD,TBD,TBD,TBD,TBD,NOT_STARTED,source=apps/web/src/app/api/crm/opportunities/[id]/notes/route.ts; kind=API_ROUTE
FC-0357,TBD,TBD,CRM,TBD,/api/crm/opportunities/[id]/probability,/api/crm/opportunities/[id]/probability,/api/crm/opportunities/[id]/probability,POST,TBD,TBD,TBD,TBD,TBD,TBD,TBD,TBD,TBD,TBD,TBD,TBD,TBD,TBD,TBD,TBD,TBD,TBD,TBD,NOT_STARTED,source=apps/web/src/app/api/crm/opportunities/[id]/probability/route.ts; kind=API_ROUTE
FC-0358,TBD,TBD,CRM,TBD,/api/crm/opportunities/[id]/stage,/api/crm/opportunities/[id]/stage,/api/crm/opportunities/[id]/stage,POST,TBD,TBD,TBD,TBD,TBD,TBD,TBD,TBD,TBD,TBD,TBD,TBD,TBD,TBD,TBD,TBD,TBD,TBD,TBD,NOT_STARTED,source=apps/web/src/app/api/crm/opportunities/[id]/stage/route.ts; kind=API_ROUTE
FC-0359,TBD,TBD,CRM,TBD,/api/crm/opportunities/[id]/team/[memberId],/api/crm/opportunities/[id]/team/[memberId],/api/crm/opportunities/[id]/team/[memberId],DELETE,TBD,TBD,TBD,TBD,TBD,TBD,TBD,TBD,TBD,TBD,TBD,TBD,TBD,TBD,TBD,TBD,TBD,TBD,TBD,NOT_STARTED,source=apps/web/src/app/api/crm/opportunities/[id]/team/[memberId]/route.ts; kind=API_ROUTE
FC-0360,TBD,TBD,CRM,TBD,/api/crm/opportunities/[id]/team,/api/crm/opportunities/[id]/team,/api/crm/opportunities/[id]/team,GET;POST,TBD,TBD,TBD,TBD,TBD,TBD,TBD,TBD,TBD,TBD,TBD,TBD,TBD,TBD,TBD,TBD,TBD,TBD,TBD,NOT_STARTED,source=apps/web/src/app/api/crm/opportunities/[id]/team/route.ts; kind=API_ROUTE
FC-0361,TBD,TBD,CRM,TBD,/api/crm/opportunities/[id]/timeline,/api/crm/opportunities/[id]/timeline,/api/crm/opportunities/[id]/timeline,GET,TBD,TBD,TBD,TBD,TBD,TBD,TBD,TBD,TBD,TBD,TBD,TBD,TBD,TBD,TBD,TBD,TBD,TBD,TBD,NOT_STARTED,source=apps/web/src/app/api/crm/opportunities/[id]/timeline/route.ts; kind=API_ROUTE
FC-0362,TBD,TBD,CRM,TBD,/api/crm/opportunities/operations,/api/crm/opportunities/operations,/api/crm/opportunities/operations,GET;POST,TBD,TBD,TBD,TBD,TBD,TBD,TBD,TBD,TBD,TBD,TBD,TBD,TBD,TBD,TBD,TBD,TBD,TBD,TBD,NOT_STARTED,source=apps/web/src/app/api/crm/opportunities/operations/route.ts; kind=API_ROUTE
FC-0363,TBD,TBD,CRM,TBD,/api/crm/opportunity-revenue,/api/crm/opportunity-revenue,/api/crm/opportunity-revenue,GET;POST,TBD,TBD,TBD,TBD,TBD,TBD,TBD,TBD,TBD,TBD,TBD,TBD,TBD,TBD,TBD,TBD,TBD,TBD,TBD,NOT_STARTED,source=apps/web/src/app/api/crm/opportunity-revenue/route.ts; kind=API_ROUTE
FC-0364,TBD,TBD,CRM,TBD,/api/crm/options,/api/crm/options,/api/crm/options,GET,TBD,TBD,TBD,TBD,TBD,TBD,TBD,TBD,TBD,TBD,TBD,TBD,TBD,TBD,TBD,TBD,TBD,TBD,TBD,NOT_STARTED,source=apps/web/src/app/api/crm/options/route.ts; kind=API_ROUTE
FC-0365,TBD,TBD,CRM,TBD,/api/crm/pipeline/snapshots,/api/crm/pipeline/snapshots,/api/crm/pipeline/snapshots,GET;POST,TBD,TBD,TBD,TBD,TBD,TBD,TBD,TBD,TBD,TBD,TBD,TBD,TBD,TBD,TBD,TBD,TBD,TBD,TBD,NOT_STARTED,source=apps/web/src/app/api/crm/pipeline/snapshots/route.ts; kind=API_ROUTE
FC-0366,TBD,TBD,CRM,TBD,/api/crm/privacy/[id]/execute,/api/crm/privacy/[id]/execute,/api/crm/privacy/[id]/execute,POST,TBD,TBD,TBD,TBD,TBD,TBD,TBD,TBD,TBD,TBD,TBD,TBD,TBD,TBD,TBD,TBD,TBD,TBD,TBD,NOT_STARTED,source=apps/web/src/app/api/crm/privacy/[id]/execute/route.ts; kind=API_ROUTE
FC-0367,TBD,TBD,CRM,TBD,/api/crm/privacy/[id]/preview,/api/crm/privacy/[id]/preview,/api/crm/privacy/[id]/preview,GET,TBD,TBD,TBD,TBD,TBD,TBD,TBD,TBD,TBD,TBD,TBD,TBD,TBD,TBD,TBD,TBD,TBD,TBD,TBD,NOT_STARTED,source=apps/web/src/app/api/crm/privacy/[id]/preview/route.ts; kind=API_ROUTE
FC-0368,TBD,TBD,CRM,TBD,/api/crm/privacy/retention,/api/crm/privacy/retention,/api/crm/privacy/retention,GET;POST;PATCH,TBD,TBD,TBD,TBD,TBD,TBD,TBD,TBD,TBD,TBD,TBD,TBD,TBD,TBD,TBD,TBD,TBD,TBD,TBD,NOT_STARTED,source=apps/web/src/app/api/crm/privacy/retention/route.ts; kind=API_ROUTE
FC-0369,TBD,TBD,CRM,TBD,/api/crm/public/capture/[key],/api/crm/public/capture/[key],/api/crm/public/capture/[key],POST,TBD,TBD,TBD,TBD,TBD,TBD,TBD,TBD,TBD,TBD,TBD,TBD,TBD,TBD,TBD,TBD,TBD,TBD,TBD,NOT_STARTED,source=apps/web/src/app/api/crm/public/capture/[key]/route.ts; kind=API_ROUTE
FC-0370,TBD,TBD,CRM,TBD,/api/crm/public/meetings/[token]/availability,/api/crm/public/meetings/[token]/availability,/api/crm/public/meetings/[token]/availability,GET,TBD,TBD,TBD,TBD,TBD,TBD,TBD,TBD,TBD,TBD,TBD,TBD,TBD,TBD,TBD,TBD,TBD,TBD,TBD,NOT_STARTED,source=apps/web/src/app/api/crm/public/meetings/[token]/availability/route.ts; kind=API_ROUTE
FC-0371,TBD,TBD,CRM,TBD,/api/crm/public/meetings/[token]/bookings,/api/crm/public/meetings/[token]/bookings,/api/crm/public/meetings/[token]/bookings,POST,TBD,TBD,TBD,TBD,TBD,TBD,TBD,TBD,TBD,TBD,TBD,TBD,TBD,TBD,TBD,TBD,TBD,TBD,TBD,NOT_STARTED,source=apps/web/src/app/api/crm/public/meetings/[token]/bookings/route.ts; kind=API_ROUTE
FC-0372,TBD,TBD,CRM,TBD,/api/crm/public/meetings/bookings/[token],/api/crm/public/meetings/bookings/[token],/api/crm/public/meetings/bookings/[token],PATCH,TBD,TBD,TBD,TBD,TBD,TBD,TBD,TBD,TBD,TBD,TBD,TBD,TBD,TBD,TBD,TBD,TBD,TBD,TBD,NOT_STARTED,source=apps/web/src/app/api/crm/public/meetings/bookings/[token]/route.ts; kind=API_ROUTE
FC-0373,TBD,TBD,CRM,TBD,/api/crm/relationships/graph,/api/crm/relationships/graph,/api/crm/relationships/graph,GET,TBD,TBD,TBD,TBD,TBD,TBD,TBD,TBD,TBD,TBD,TBD,TBD,TBD,TBD,TBD,TBD,TBD,TBD,TBD,NOT_STARTED,source=apps/web/src/app/api/crm/relationships/graph/route.ts; kind=API_ROUTE
FC-0374,TBD,TBD,CRM,TBD,/api/crm/reports/[report],/api/crm/reports/[report],/api/crm/reports/[report],GET,TBD,TBD,TBD,TBD,TBD,TBD,TBD,TBD,TBD,TBD,TBD,TBD,TBD,TBD,TBD,TBD,TBD,TBD,TBD,NOT_STARTED,source=apps/web/src/app/api/crm/reports/[report]/route.ts; kind=API_ROUTE
FC-0375,TBD,TBD,CRM,TBD,/api/crm/sales-stages/[id],/api/crm/sales-stages/[id],/api/crm/sales-stages/[id],GET;PATCH,TBD,TBD,TBD,TBD,TBD,TBD,TBD,TBD,TBD,TBD,TBD,TBD,TBD,TBD,TBD,TBD,TBD,TBD,TBD,NOT_STARTED,source=apps/web/src/app/api/crm/sales-stages/[id]/route.ts; kind=API_ROUTE
FC-0376,TBD,TBD,CRM,TBD,/api/crm/sales-stages/migration-jobs/[id],/api/crm/sales-stages/migration-jobs/[id],/api/crm/sales-stages/migration-jobs/[id],GET,TBD,TBD,TBD,TBD,TBD,TBD,TBD,TBD,TBD,TBD,TBD,TBD,TBD,TBD,TBD,TBD,TBD,TBD,TBD,NOT_STARTED,source=apps/web/src/app/api/crm/sales-stages/migration-jobs/[id]/route.ts; kind=API_ROUTE
FC-0377,TBD,TBD,CRM,TBD,/api/crm/sales-stages,/api/crm/sales-stages,/api/crm/sales-stages,GET;POST,TBD,TBD,TBD,TBD,TBD,TBD,TBD,TBD,TBD,TBD,TBD,TBD,TBD,TBD,TBD,TBD,TBD,TBD,TBD,NOT_STARTED,source=apps/web/src/app/api/crm/sales-stages/route.ts; kind=API_ROUTE
FC-0378,TBD,TBD,CRM,TBD,/api/crm/tasks/[id]/cancel,/api/crm/tasks/[id]/cancel,/api/crm/tasks/[id]/cancel,POST,TBD,TBD,TBD,TBD,TBD,TBD,TBD,TBD,TBD,TBD,TBD,TBD,TBD,TBD,TBD,TBD,TBD,TBD,TBD,NOT_STARTED,source=apps/web/src/app/api/crm/tasks/[id]/cancel/route.ts; kind=API_ROUTE
FC-0379,TBD,TBD,CRM,TBD,/api/crm/tasks/[id]/claim,/api/crm/tasks/[id]/claim,/api/crm/tasks/[id]/claim,POST,TBD,TBD,TBD,TBD,TBD,TBD,TBD,TBD,TBD,TBD,TBD,TBD,TBD,TBD,TBD,TBD,TBD,TBD,TBD,NOT_STARTED,source=apps/web/src/app/api/crm/tasks/[id]/claim/route.ts; kind=API_ROUTE
FC-0380,TBD,TBD,CRM,TBD,/api/crm/tasks/[id]/complete,/api/crm/tasks/[id]/complete,/api/crm/tasks/[id]/complete,POST,TBD,TBD,TBD,TBD,TBD,TBD,TBD,TBD,TBD,TBD,TBD,TBD,TBD,TBD,TBD,TBD,TBD,TBD,TBD,NOT_STARTED,source=apps/web/src/app/api/crm/tasks/[id]/complete/route.ts; kind=API_ROUTE
FC-0381,TBD,TBD,CRM,TBD,/api/crm/tasks/[id]/dependencies/[dependsOnTaskId],/api/crm/tasks/[id]/dependencies/[dependsOnTaskId],/api/crm/tasks/[id]/dependencies/[dependsOnTaskId],DELETE,TBD,TBD,TBD,TBD,TBD,TBD,TBD,TBD,TBD,TBD,TBD,TBD,TBD,TBD,TBD,TBD,TBD,TBD,TBD,NOT_STARTED,source=apps/web/src/app/api/crm/tasks/[id]/dependencies/[dependsOnTaskId]/route.ts; kind=API_ROUTE
FC-0382,TBD,TBD,CRM,TBD,/api/crm/tasks/[id]/dependencies,/api/crm/tasks/[id]/dependencies,/api/crm/tasks/[id]/dependencies,GET;POST,TBD,TBD,TBD,TBD,TBD,TBD,TBD,TBD,TBD,TBD,TBD,TBD,TBD,TBD,TBD,TBD,TBD,TBD,TBD,NOT_STARTED,source=apps/web/src/app/api/crm/tasks/[id]/dependencies/route.ts; kind=API_ROUTE
FC-0383,TBD,TBD,CRM,TBD,/api/crm/tasks/[id]/history,/api/crm/tasks/[id]/history,/api/crm/tasks/[id]/history,GET,TBD,TBD,TBD,TBD,TBD,TBD,TBD,TBD,TBD,TBD,TBD,TBD,TBD,TBD,TBD,TBD,TBD,TBD,TBD,NOT_STARTED,source=apps/web/src/app/api/crm/tasks/[id]/history/route.ts; kind=API_ROUTE
FC-0384,TBD,TBD,CRM,TBD,/api/crm/tasks/[id]/release,/api/crm/tasks/[id]/release,/api/crm/tasks/[id]/release,POST,TBD,TBD,TBD,TBD,TBD,TBD,TBD,TBD,TBD,TBD,TBD,TBD,TBD,TBD,TBD,TBD,TBD,TBD,TBD,NOT_STARTED,source=apps/web/src/app/api/crm/tasks/[id]/release/route.ts; kind=API_ROUTE
FC-0385,TBD,TBD,CRM,TBD,/api/crm/tasks/[id],/api/crm/tasks/[id],/api/crm/tasks/[id],GET;PATCH,TBD,TBD,TBD,TBD,TBD,TBD,TBD,TBD,TBD,TBD,TBD,TBD,TBD,TBD,TBD,TBD,TBD,TBD,TBD,NOT_STARTED,source=apps/web/src/app/api/crm/tasks/[id]/route.ts; kind=API_ROUTE
FC-0386,TBD,TBD,CRM,TBD,/api/crm/tasks/[id]/start,/api/crm/tasks/[id]/start,/api/crm/tasks/[id]/start,POST,TBD,TBD,TBD,TBD,TBD,TBD,TBD,TBD,TBD,TBD,TBD,TBD,TBD,TBD,TBD,TBD,TBD,TBD,TBD,NOT_STARTED,source=apps/web/src/app/api/crm/tasks/[id]/start/route.ts; kind=API_ROUTE
FC-0387,TBD,TBD,CRM,TBD,/api/crm/tasks,/api/crm/tasks,/api/crm/tasks,GET;POST,TBD,TBD,TBD,TBD,TBD,TBD,TBD,TBD,TBD,TBD,TBD,TBD,TBD,TBD,TBD,TBD,TBD,TBD,TBD,NOT_STARTED,source=apps/web/src/app/api/crm/tasks/route.ts; kind=API_ROUTE
FC-0388,TBD,TBD,CRM,TBD,/api/crm/tasks/teams/[teamId]/members,/api/crm/tasks/teams/[teamId]/members,/api/crm/tasks/teams/[teamId]/members,GET,TBD,TBD,TBD,TBD,TBD,TBD,TBD,TBD,TBD,TBD,TBD,TBD,TBD,TBD,TBD,TBD,TBD,TBD,TBD,NOT_STARTED,source=apps/web/src/app/api/crm/tasks/teams/[teamId]/members/route.ts; kind=API_ROUTE
FC-0389,TBD,TBD,CRM,TBD,/api/crm/tasks/teams,/api/crm/tasks/teams,/api/crm/tasks/teams,GET,TBD,TBD,TBD,TBD,TBD,TBD,TBD,TBD,TBD,TBD,TBD,TBD,TBD,TBD,TBD,TBD,TBD,TBD,TBD,NOT_STARTED,source=apps/web/src/app/api/crm/tasks/teams/route.ts; kind=API_ROUTE
FC-0390,TBD,TBD,Platform / Shared,TBD,/api/health,/api/health,/api/health,GET,TBD,TBD,TBD,TBD,TBD,TBD,TBD,TBD,TBD,TBD,TBD,TBD,TBD,TBD,TBD,TBD,TBD,TBD,TBD,NOT_STARTED,source=apps/web/src/app/api/health/route.ts; kind=API_ROUTE
FC-0391,TBD,TBD,HR & Payroll,TBD,/api/hr-payroll/dashboard,/api/hr-payroll/dashboard,/api/hr-payroll/dashboard,GET,TBD,TBD,TBD,TBD,TBD,TBD,TBD,TBD,TBD,TBD,TBD,TBD,TBD,TBD,TBD,TBD,TBD,TBD,TBD,NOT_STARTED,source=apps/web/src/app/api/hr-payroll/dashboard/route.ts; kind=API_ROUTE
FC-0392,TBD,TBD,HR & Payroll,TBD,/api/hr-payroll/leave-requests/[id]/actions,/api/hr-payroll/leave-requests/[id]/actions,/api/hr-payroll/leave-requests/[id]/actions,POST,TBD,TBD,TBD,TBD,TBD,TBD,TBD,TBD,TBD,TBD,TBD,TBD,TBD,TBD,TBD,TBD,TBD,TBD,TBD,NOT_STARTED,source=apps/web/src/app/api/hr-payroll/leave-requests/[id]/actions/route.ts; kind=API_ROUTE
FC-0393,TBD,TBD,HR & Payroll,TBD,/api/hr-payroll/payroll-runs/[id]/actions,/api/hr-payroll/payroll-runs/[id]/actions,/api/hr-payroll/payroll-runs/[id]/actions,POST,TBD,TBD,TBD,TBD,TBD,TBD,TBD,TBD,TBD,TBD,TBD,TBD,TBD,TBD,TBD,TBD,TBD,TBD,TBD,NOT_STARTED,source=apps/web/src/app/api/hr-payroll/payroll-runs/[id]/actions/route.ts; kind=API_ROUTE
FC-0394,TBD,TBD,HR & Payroll,TBD,/api/hr-payroll/resources/[resource],/api/hr-payroll/resources/[resource],/api/hr-payroll/resources/[resource],GET;POST,TBD,TBD,TBD,TBD,TBD,TBD,TBD,TBD,TBD,TBD,TBD,TBD,TBD,TBD,TBD,TBD,TBD,TBD,TBD,NOT_STARTED,source=apps/web/src/app/api/hr-payroll/resources/[resource]/route.ts; kind=API_ROUTE
FC-0395,TBD,TBD,Platform / Shared,TBD,/api/invitations/[id],/api/invitations/[id],/api/invitations/[id],PATCH,TBD,TBD,TBD,TBD,TBD,TBD,TBD,TBD,TBD,TBD,TBD,TBD,TBD,TBD,TBD,TBD,TBD,TBD,TBD,NOT_STARTED,source=apps/web/src/app/api/invitations/[id]/route.ts; kind=API_ROUTE
FC-0396,TBD,TBD,Platform / Shared,TBD,/api/invitations/accept,/api/invitations/accept,/api/invitations/accept,POST,TBD,TBD,TBD,TBD,TBD,TBD,TBD,TBD,TBD,TBD,TBD,TBD,TBD,TBD,TBD,TBD,TBD,TBD,TBD,NOT_STARTED,source=apps/web/src/app/api/invitations/accept/route.ts; kind=API_ROUTE
FC-0397,TBD,TBD,Platform / Shared,TBD,/api/invitations,/api/invitations,/api/invitations,POST,TBD,TBD,TBD,TBD,TBD,TBD,TBD,TBD,TBD,TBD,TBD,TBD,TBD,TBD,TBD,TBD,TBD,TBD,TBD,NOT_STARTED,source=apps/web/src/app/api/invitations/route.ts; kind=API_ROUTE
FC-0398,TBD,TBD,Manufacturing,TBD,/api/manufacturing/boms/[id]/activate,/api/manufacturing/boms/[id]/activate,/api/manufacturing/boms/[id]/activate,POST,TBD,TBD,TBD,TBD,TBD,TBD,TBD,TBD,TBD,TBD,TBD,TBD,TBD,TBD,TBD,TBD,TBD,TBD,TBD,NOT_STARTED,source=apps/web/src/app/api/manufacturing/boms/[id]/activate/route.ts; kind=API_ROUTE
FC-0399,TBD,TBD,Manufacturing,TBD,/api/manufacturing/dashboard,/api/manufacturing/dashboard,/api/manufacturing/dashboard,GET,TBD,TBD,TBD,TBD,TBD,TBD,TBD,TBD,TBD,TBD,TBD,TBD,TBD,TBD,TBD,TBD,TBD,TBD,TBD,NOT_STARTED,source=apps/web/src/app/api/manufacturing/dashboard/route.ts; kind=API_ROUTE
FC-0400,TBD,TBD,Manufacturing,TBD,/api/manufacturing/resources/[resource],/api/manufacturing/resources/[resource],/api/manufacturing/resources/[resource],GET;POST,TBD,TBD,TBD,TBD,TBD,TBD,TBD,TBD,TBD,TBD,TBD,TBD,TBD,TBD,TBD,TBD,TBD,TBD,TBD,NOT_STARTED,source=apps/web/src/app/api/manufacturing/resources/[resource]/route.ts; kind=API_ROUTE
FC-0401,TBD,TBD,Manufacturing,TBD,/api/manufacturing/work-orders/[id]/production,/api/manufacturing/work-orders/[id]/production,/api/manufacturing/work-orders/[id]/production,POST,TBD,TBD,TBD,TBD,TBD,TBD,TBD,TBD,TBD,TBD,TBD,TBD,TBD,TBD,TBD,TBD,TBD,TBD,TBD,NOT_STARTED,source=apps/web/src/app/api/manufacturing/work-orders/[id]/production/route.ts; kind=API_ROUTE
FC-0402,TBD,TBD,Manufacturing,TBD,/api/manufacturing/work-orders/[id]/release,/api/manufacturing/work-orders/[id]/release,/api/manufacturing/work-orders/[id]/release,POST,TBD,TBD,TBD,TBD,TBD,TBD,TBD,TBD,TBD,TBD,TBD,TBD,TBD,TBD,TBD,TBD,TBD,TBD,TBD,NOT_STARTED,source=apps/web/src/app/api/manufacturing/work-orders/[id]/release/route.ts; kind=API_ROUTE
FC-0403,TBD,TBD,Manufacturing,TBD,/api/manufacturing/work-orders/[id]/start,/api/manufacturing/work-orders/[id]/start,/api/manufacturing/work-orders/[id]/start,POST,TBD,TBD,TBD,TBD,TBD,TBD,TBD,TBD,TBD,TBD,TBD,TBD,TBD,TBD,TBD,TBD,TBD,TBD,TBD,NOT_STARTED,source=apps/web/src/app/api/manufacturing/work-orders/[id]/start/route.ts; kind=API_ROUTE
FC-0404,TBD,TBD,Platform / Shared,TBD,/api/mobile/v1/approvals/[id],/api/mobile/v1/approvals/[id],/api/mobile/v1/approvals/[id],PATCH,TBD,TBD,TBD,TBD,TBD,TBD,TBD,TBD,TBD,TBD,TBD,TBD,TBD,TBD,TBD,TBD,TBD,TBD,TBD,NOT_STARTED,source=apps/web/src/app/api/mobile/v1/approvals/[id]/route.ts; kind=API_ROUTE
FC-0405,TBD,TBD,Platform / Shared,TBD,/api/mobile/v1/auth/login,/api/mobile/v1/auth/login,/api/mobile/v1/auth/login,POST,TBD,TBD,TBD,TBD,TBD,TBD,TBD,TBD,TBD,TBD,TBD,TBD,TBD,TBD,TBD,TBD,TBD,TBD,TBD,NOT_STARTED,source=apps/web/src/app/api/mobile/v1/auth/login/route.ts; kind=API_ROUTE
FC-0406,TBD,TBD,Platform / Shared,TBD,/api/mobile/v1/auth/logout,/api/mobile/v1/auth/logout,/api/mobile/v1/auth/logout,POST,TBD,TBD,TBD,TBD,TBD,TBD,TBD,TBD,TBD,TBD,TBD,TBD,TBD,TBD,TBD,TBD,TBD,TBD,TBD,NOT_STARTED,source=apps/web/src/app/api/mobile/v1/auth/logout/route.ts; kind=API_ROUTE
FC-0407,TBD,TBD,Platform / Shared,TBD,/api/mobile/v1/auth/refresh,/api/mobile/v1/auth/refresh,/api/mobile/v1/auth/refresh,POST,TBD,TBD,TBD,TBD,TBD,TBD,TBD,TBD,TBD,TBD,TBD,TBD,TBD,TBD,TBD,TBD,TBD,TBD,TBD,NOT_STARTED,source=apps/web/src/app/api/mobile/v1/auth/refresh/route.ts; kind=API_ROUTE
FC-0408,TBD,TBD,Platform / Shared,TBD,/api/mobile/v1/business-data/[resource]/[id],/api/mobile/v1/business-data/[resource]/[id],/api/mobile/v1/business-data/[resource]/[id],PATCH;DELETE,TBD,TBD,TBD,TBD,TBD,TBD,TBD,TBD,TBD,TBD,TBD,TBD,TBD,TBD,TBD,TBD,TBD,TBD,TBD,NOT_STARTED,source=apps/web/src/app/api/mobile/v1/business-data/[resource]/[id]/route.ts; kind=API_ROUTE
FC-0409,TBD,TBD,Platform / Shared,TBD,/api/mobile/v1/business-data/[resource],/api/mobile/v1/business-data/[resource],/api/mobile/v1/business-data/[resource],GET;POST,TBD,TBD,TBD,TBD,TBD,TBD,TBD,TBD,TBD,TBD,TBD,TBD,TBD,TBD,TBD,TBD,TBD,TBD,TBD,NOT_STARTED,source=apps/web/src/app/api/mobile/v1/business-data/[resource]/route.ts; kind=API_ROUTE
FC-0410,TBD,TBD,Platform / Shared,TBD,/api/mobile/v1/catalog,/api/mobile/v1/catalog,/api/mobile/v1/catalog,GET,TBD,TBD,TBD,TBD,TBD,TBD,TBD,TBD,TBD,TBD,TBD,TBD,TBD,TBD,TBD,TBD,TBD,TBD,TBD,NOT_STARTED,source=apps/web/src/app/api/mobile/v1/catalog/route.ts; kind=API_ROUTE
FC-0411,TBD,TBD,Platform / Shared,TBD,/api/mobile/v1/crm/[resource]/[id],/api/mobile/v1/crm/[resource]/[id],/api/mobile/v1/crm/[resource]/[id],GET;PATCH;DELETE,TBD,TBD,TBD,TBD,TBD,TBD,TBD,TBD,TBD,TBD,TBD,TBD,TBD,TBD,TBD,TBD,TBD,TBD,TBD,NOT_STARTED,source=apps/web/src/app/api/mobile/v1/crm/[resource]/[id]/route.ts; kind=API_ROUTE
FC-0412,TBD,TBD,Platform / Shared,TBD,/api/mobile/v1/crm/[resource],/api/mobile/v1/crm/[resource],/api/mobile/v1/crm/[resource],GET;POST,TBD,TBD,TBD,TBD,TBD,TBD,TBD,TBD,TBD,TBD,TBD,TBD,TBD,TBD,TBD,TBD,TBD,TBD,TBD,NOT_STARTED,source=apps/web/src/app/api/mobile/v1/crm/[resource]/route.ts; kind=API_ROUTE
FC-0413,TBD,TBD,Platform / Shared,TBD,/api/mobile/v1/crm/activities/[id]/complete,/api/mobile/v1/crm/activities/[id]/complete,/api/mobile/v1/crm/activities/[id]/complete,POST,TBD,TBD,TBD,TBD,TBD,TBD,TBD,TBD,TBD,TBD,TBD,TBD,TBD,TBD,TBD,TBD,TBD,TBD,TBD,NOT_STARTED,source=apps/web/src/app/api/mobile/v1/crm/activities/[id]/complete/route.ts; kind=API_ROUTE
FC-0414,TBD,TBD,Platform / Shared,TBD,/api/mobile/v1/crm/attachments/[attachmentId],/api/mobile/v1/crm/attachments/[attachmentId],/api/mobile/v1/crm/attachments/[attachmentId],GET;DELETE,TBD,TBD,TBD,TBD,TBD,TBD,TBD,TBD,TBD,TBD,TBD,TBD,TBD,TBD,TBD,TBD,TBD,TBD,TBD,NOT_STARTED,source=apps/web/src/app/api/mobile/v1/crm/attachments/[attachmentId]/route.ts; kind=API_ROUTE
FC-0415,TBD,TBD,Platform / Shared,TBD,/api/mobile/v1/crm/attachments,/api/mobile/v1/crm/attachments,/api/mobile/v1/crm/attachments,GET;POST,TBD,TBD,TBD,TBD,TBD,TBD,TBD,TBD,TBD,TBD,TBD,TBD,TBD,TBD,TBD,TBD,TBD,TBD,TBD,NOT_STARTED,source=apps/web/src/app/api/mobile/v1/crm/attachments/route.ts; kind=API_ROUTE
FC-0416,TBD,TBD,Platform / Shared,TBD,/api/mobile/v1/crm/calls/[id]/cancel,/api/mobile/v1/crm/calls/[id]/cancel,/api/mobile/v1/crm/calls/[id]/cancel,POST,TBD,TBD,TBD,TBD,TBD,TBD,TBD,TBD,TBD,TBD,TBD,TBD,TBD,TBD,TBD,TBD,TBD,TBD,TBD,NOT_STARTED,source=apps/web/src/app/api/mobile/v1/crm/calls/[id]/cancel/route.ts; kind=API_ROUTE
FC-0417,TBD,TBD,Platform / Shared,TBD,/api/mobile/v1/crm/calls/[id]/complete,/api/mobile/v1/crm/calls/[id]/complete,/api/mobile/v1/crm/calls/[id]/complete,POST,TBD,TBD,TBD,TBD,TBD,TBD,TBD,TBD,TBD,TBD,TBD,TBD,TBD,TBD,TBD,TBD,TBD,TBD,TBD,NOT_STARTED,source=apps/web/src/app/api/mobile/v1/crm/calls/[id]/complete/route.ts; kind=API_ROUTE
FC-0418,TBD,TBD,Platform / Shared,TBD,/api/mobile/v1/crm/calls/[id]/start,/api/mobile/v1/crm/calls/[id]/start,/api/mobile/v1/crm/calls/[id]/start,POST,TBD,TBD,TBD,TBD,TBD,TBD,TBD,TBD,TBD,TBD,TBD,TBD,TBD,TBD,TBD,TBD,TBD,TBD,TBD,NOT_STARTED,source=apps/web/src/app/api/mobile/v1/crm/calls/[id]/start/route.ts; kind=API_ROUTE
FC-0419,TBD,TBD,Platform / Shared,TBD,/api/mobile/v1/crm/calls,/api/mobile/v1/crm/calls,/api/mobile/v1/crm/calls,POST,TBD,TBD,TBD,TBD,TBD,TBD,TBD,TBD,TBD,TBD,TBD,TBD,TBD,TBD,TBD,TBD,TBD,TBD,TBD,NOT_STARTED,source=apps/web/src/app/api/mobile/v1/crm/calls/route.ts; kind=API_ROUTE
FC-0420,TBD,TBD,Platform / Shared,TBD,/api/mobile/v1/crm/communications,/api/mobile/v1/crm/communications,/api/mobile/v1/crm/communications,GET,TBD,TBD,TBD,TBD,TBD,TBD,TBD,TBD,TBD,TBD,TBD,TBD,TBD,TBD,TBD,TBD,TBD,TBD,TBD,NOT_STARTED,source=apps/web/src/app/api/mobile/v1/crm/communications/route.ts; kind=API_ROUTE
FC-0421,TBD,TBD,Platform / Shared,TBD,/api/mobile/v1/crm/communications/send,/api/mobile/v1/crm/communications/send,/api/mobile/v1/crm/communications/send,POST,TBD,TBD,TBD,TBD,TBD,TBD,TBD,TBD,TBD,TBD,TBD,TBD,TBD,TBD,TBD,TBD,TBD,TBD,TBD,NOT_STARTED,source=apps/web/src/app/api/mobile/v1/crm/communications/send/route.ts; kind=API_ROUTE
FC-0422,TBD,TBD,Platform / Shared,TBD,/api/mobile/v1/crm/communications/threads/[id]/claim,/api/mobile/v1/crm/communications/threads/[id]/claim,/api/mobile/v1/crm/communications/threads/[id]/claim,POST,TBD,TBD,TBD,TBD,TBD,TBD,TBD,TBD,TBD,TBD,TBD,TBD,TBD,TBD,TBD,TBD,TBD,TBD,TBD,NOT_STARTED,source=apps/web/src/app/api/mobile/v1/crm/communications/threads/[id]/claim/route.ts; kind=API_ROUTE
FC-0423,TBD,TBD,Platform / Shared,TBD,/api/mobile/v1/crm/communications/threads/[id]/messages,/api/mobile/v1/crm/communications/threads/[id]/messages,/api/mobile/v1/crm/communications/threads/[id]/messages,GET,TBD,TBD,TBD,TBD,TBD,TBD,TBD,TBD,TBD,TBD,TBD,TBD,TBD,TBD,TBD,TBD,TBD,TBD,TBD,NOT_STARTED,source=apps/web/src/app/api/mobile/v1/crm/communications/threads/[id]/messages/route.ts; kind=API_ROUTE
FC-0424,TBD,TBD,Platform / Shared,TBD,/api/mobile/v1/crm/communications/threads/[id]/status,/api/mobile/v1/crm/communications/threads/[id]/status,/api/mobile/v1/crm/communications/threads/[id]/status,POST,TBD,TBD,TBD,TBD,TBD,TBD,TBD,TBD,TBD,TBD,TBD,TBD,TBD,TBD,TBD,TBD,TBD,TBD,TBD,NOT_STARTED,source=apps/web/src/app/api/mobile/v1/crm/communications/threads/[id]/status/route.ts; kind=API_ROUTE
FC-0425,TBD,TBD,Platform / Shared,TBD,/api/mobile/v1/crm/dashboard,/api/mobile/v1/crm/dashboard,/api/mobile/v1/crm/dashboard,GET,TBD,TBD,TBD,TBD,TBD,TBD,TBD,TBD,TBD,TBD,TBD,TBD,TBD,TBD,TBD,TBD,TBD,TBD,TBD,NOT_STARTED,source=apps/web/src/app/api/mobile/v1/crm/dashboard/route.ts; kind=API_ROUTE
FC-0426,TBD,TBD,Platform / Shared,TBD,/api/mobile/v1/crm/follow-ups/[id]/complete,/api/mobile/v1/crm/follow-ups/[id]/complete,/api/mobile/v1/crm/follow-ups/[id]/complete,POST,TBD,TBD,TBD,TBD,TBD,TBD,TBD,TBD,TBD,TBD,TBD,TBD,TBD,TBD,TBD,TBD,TBD,TBD,TBD,NOT_STARTED,source=apps/web/src/app/api/mobile/v1/crm/follow-ups/[id]/complete/route.ts; kind=API_ROUTE
FC-0427,TBD,TBD,Platform / Shared,TBD,/api/mobile/v1/crm/follow-ups/[id],/api/mobile/v1/crm/follow-ups/[id],/api/mobile/v1/crm/follow-ups/[id],GET;PATCH,TBD,TBD,TBD,TBD,TBD,TBD,TBD,TBD,TBD,TBD,TBD,TBD,TBD,TBD,TBD,TBD,TBD,TBD,TBD,NOT_STARTED,source=apps/web/src/app/api/mobile/v1/crm/follow-ups/[id]/route.ts; kind=API_ROUTE
FC-0428,TBD,TBD,Platform / Shared,TBD,/api/mobile/v1/crm/follow-ups,/api/mobile/v1/crm/follow-ups,/api/mobile/v1/crm/follow-ups,GET;POST,TBD,TBD,TBD,TBD,TBD,TBD,TBD,TBD,TBD,TBD,TBD,TBD,TBD,TBD,TBD,TBD,TBD,TBD,TBD,NOT_STARTED,source=apps/web/src/app/api/mobile/v1/crm/follow-ups/route.ts; kind=API_ROUTE
FC-0429,TBD,TBD,Platform / Shared,TBD,/api/mobile/v1/crm/lead-acquisition,/api/mobile/v1/crm/lead-acquisition,/api/mobile/v1/crm/lead-acquisition,GET,TBD,TBD,TBD,TBD,TBD,TBD,TBD,TBD,TBD,TBD,TBD,TBD,TBD,TBD,TBD,TBD,TBD,TBD,TBD,NOT_STARTED,source=apps/web/src/app/api/mobile/v1/crm/lead-acquisition/route.ts; kind=API_ROUTE
FC-0430,TBD,TBD,Platform / Shared,TBD,/api/mobile/v1/crm/lead-intelligence,/api/mobile/v1/crm/lead-intelligence,/api/mobile/v1/crm/lead-intelligence,GET,TBD,TBD,TBD,TBD,TBD,TBD,TBD,TBD,TBD,TBD,TBD,TBD,TBD,TBD,TBD,TBD,TBD,TBD,TBD,NOT_STARTED,source=apps/web/src/app/api/mobile/v1/crm/lead-intelligence/route.ts; kind=API_ROUTE
FC-0431,TBD,TBD,Platform / Shared,TBD,/api/mobile/v1/crm/meetings/[id]/cancel,/api/mobile/v1/crm/meetings/[id]/cancel,/api/mobile/v1/crm/meetings/[id]/cancel,POST,TBD,TBD,TBD,TBD,TBD,TBD,TBD,TBD,TBD,TBD,TBD,TBD,TBD,TBD,TBD,TBD,TBD,TBD,TBD,NOT_STARTED,source=apps/web/src/app/api/mobile/v1/crm/meetings/[id]/cancel/route.ts; kind=API_ROUTE
FC-0432,TBD,TBD,Platform / Shared,TBD,/api/mobile/v1/crm/meetings/[id]/complete,/api/mobile/v1/crm/meetings/[id]/complete,/api/mobile/v1/crm/meetings/[id]/complete,POST,TBD,TBD,TBD,TBD,TBD,TBD,TBD,TBD,TBD,TBD,TBD,TBD,TBD,TBD,TBD,TBD,TBD,TBD,TBD,NOT_STARTED,source=apps/web/src/app/api/mobile/v1/crm/meetings/[id]/complete/route.ts; kind=API_ROUTE
FC-0433,TBD,TBD,Platform / Shared,TBD,/api/mobile/v1/crm/meetings/[id]/start,/api/mobile/v1/crm/meetings/[id]/start,/api/mobile/v1/crm/meetings/[id]/start,POST,TBD,TBD,TBD,TBD,TBD,TBD,TBD,TBD,TBD,TBD,TBD,TBD,TBD,TBD,TBD,TBD,TBD,TBD,TBD,NOT_STARTED,source=apps/web/src/app/api/mobile/v1/crm/meetings/[id]/start/route.ts; kind=API_ROUTE
FC-0434,TBD,TBD,Platform / Shared,TBD,/api/mobile/v1/crm/meetings,/api/mobile/v1/crm/meetings,/api/mobile/v1/crm/meetings,POST,TBD,TBD,TBD,TBD,TBD,TBD,TBD,TBD,TBD,TBD,TBD,TBD,TBD,TBD,TBD,TBD,TBD,TBD,TBD,NOT_STARTED,source=apps/web/src/app/api/mobile/v1/crm/meetings/route.ts; kind=API_ROUTE
FC-0435,TBD,TBD,Platform / Shared,TBD,/api/mobile/v1/crm/notes/[noteId],/api/mobile/v1/crm/notes/[noteId],/api/mobile/v1/crm/notes/[noteId],GET;PATCH;DELETE,TBD,TBD,TBD,TBD,TBD,TBD,TBD,TBD,TBD,TBD,TBD,TBD,TBD,TBD,TBD,TBD,TBD,TBD,TBD,NOT_STARTED,source=apps/web/src/app/api/mobile/v1/crm/notes/[noteId]/route.ts; kind=API_ROUTE
FC-0436,TBD,TBD,Platform / Shared,TBD,/api/mobile/v1/crm/notes,/api/mobile/v1/crm/notes,/api/mobile/v1/crm/notes,GET;POST,TBD,TBD,TBD,TBD,TBD,TBD,TBD,TBD,TBD,TBD,TBD,TBD,TBD,TBD,TBD,TBD,TBD,TBD,TBD,NOT_STARTED,source=apps/web/src/app/api/mobile/v1/crm/notes/route.ts; kind=API_ROUTE
FC-0437,TBD,TBD,Platform / Shared,TBD,/api/mobile/v1/crm/offline-sync,/api/mobile/v1/crm/offline-sync,/api/mobile/v1/crm/offline-sync,GET;POST,TBD,TBD,TBD,TBD,TBD,TBD,TBD,TBD,TBD,TBD,TBD,TBD,TBD,TBD,TBD,TBD,TBD,TBD,TBD,NOT_STARTED,source=apps/web/src/app/api/mobile/v1/crm/offline-sync/route.ts; kind=API_ROUTE
FC-0438,TBD,TBD,Platform / Shared,TBD,/api/mobile/v1/crm/opportunities/[id]/stage,/api/mobile/v1/crm/opportunities/[id]/stage,/api/mobile/v1/crm/opportunities/[id]/stage,POST,TBD,TBD,TBD,TBD,TBD,TBD,TBD,TBD,TBD,TBD,TBD,TBD,TBD,TBD,TBD,TBD,TBD,TBD,TBD,NOT_STARTED,source=apps/web/src/app/api/mobile/v1/crm/opportunities/[id]/stage/route.ts; kind=API_ROUTE
FC-0439,TBD,TBD,Platform / Shared,TBD,/api/mobile/v1/crm/opportunity-revenue,/api/mobile/v1/crm/opportunity-revenue,/api/mobile/v1/crm/opportunity-revenue,GET,TBD,TBD,TBD,TBD,TBD,TBD,TBD,TBD,TBD,TBD,TBD,TBD,TBD,TBD,TBD,TBD,TBD,TBD,TBD,NOT_STARTED,source=apps/web/src/app/api/mobile/v1/crm/opportunity-revenue/route.ts; kind=API_ROUTE
FC-0440,TBD,TBD,Platform / Shared,TBD,/api/mobile/v1/crm/tasks/[id]/claim,/api/mobile/v1/crm/tasks/[id]/claim,/api/mobile/v1/crm/tasks/[id]/claim,POST,TBD,TBD,TBD,TBD,TBD,TBD,TBD,TBD,TBD,TBD,TBD,TBD,TBD,TBD,TBD,TBD,TBD,TBD,TBD,NOT_STARTED,source=apps/web/src/app/api/mobile/v1/crm/tasks/[id]/claim/route.ts; kind=API_ROUTE
FC-0441,TBD,TBD,Platform / Shared,TBD,/api/mobile/v1/crm/tasks/[id]/release,/api/mobile/v1/crm/tasks/[id]/release,/api/mobile/v1/crm/tasks/[id]/release,POST,TBD,TBD,TBD,TBD,TBD,TBD,TBD,TBD,TBD,TBD,TBD,TBD,TBD,TBD,TBD,TBD,TBD,TBD,TBD,NOT_STARTED,source=apps/web/src/app/api/mobile/v1/crm/tasks/[id]/release/route.ts; kind=API_ROUTE
FC-0442,TBD,TBD,Platform / Shared,TBD,/api/mobile/v1/crm/tasks/[id],/api/mobile/v1/crm/tasks/[id],/api/mobile/v1/crm/tasks/[id],GET;PATCH,TBD,TBD,TBD,TBD,TBD,TBD,TBD,TBD,TBD,TBD,TBD,TBD,TBD,TBD,TBD,TBD,TBD,TBD,TBD,NOT_STARTED,source=apps/web/src/app/api/mobile/v1/crm/tasks/[id]/route.ts; kind=API_ROUTE
FC-0443,TBD,TBD,Platform / Shared,TBD,/api/mobile/v1/crm/tasks,/api/mobile/v1/crm/tasks,/api/mobile/v1/crm/tasks,GET;POST,TBD,TBD,TBD,TBD,TBD,TBD,TBD,TBD,TBD,TBD,TBD,TBD,TBD,TBD,TBD,TBD,TBD,TBD,TBD,NOT_STARTED,source=apps/web/src/app/api/mobile/v1/crm/tasks/route.ts; kind=API_ROUTE
FC-0444,TBD,TBD,Platform / Shared,TBD,/api/mobile/v1/crm/timeline,/api/mobile/v1/crm/timeline,/api/mobile/v1/crm/timeline,GET,TBD,TBD,TBD,TBD,TBD,TBD,TBD,TBD,TBD,TBD,TBD,TBD,TBD,TBD,TBD,TBD,TBD,TBD,TBD,NOT_STARTED,source=apps/web/src/app/api/mobile/v1/crm/timeline/route.ts; kind=API_ROUTE
FC-0445,TBD,TBD,Platform / Shared,TBD,/api/mobile/v1/exports/[area]/[resource],/api/mobile/v1/exports/[area]/[resource],/api/mobile/v1/exports/[area]/[resource],GET,TBD,TBD,TBD,TBD,TBD,TBD,TBD,TBD,TBD,TBD,TBD,TBD,TBD,TBD,TBD,TBD,TBD,TBD,TBD,NOT_STARTED,source=apps/web/src/app/api/mobile/v1/exports/[area]/[resource]/route.ts; kind=API_ROUTE
FC-0446,TBD,TBD,Platform / Shared,TBD,/api/mobile/v1/health,/api/mobile/v1/health,/api/mobile/v1/health,GET,TBD,TBD,TBD,TBD,TBD,TBD,TBD,TBD,TBD,TBD,TBD,TBD,TBD,TBD,TBD,TBD,TBD,TBD,TBD,NOT_STARTED,source=apps/web/src/app/api/mobile/v1/health/route.ts; kind=API_ROUTE
FC-0447,TBD,TBD,Platform / Shared,TBD,/api/mobile/v1/imports/crm/[resource],/api/mobile/v1/imports/crm/[resource],/api/mobile/v1/imports/crm/[resource],POST,TBD,TBD,TBD,TBD,TBD,TBD,TBD,TBD,TBD,TBD,TBD,TBD,TBD,TBD,TBD,TBD,TBD,TBD,TBD,NOT_STARTED,source=apps/web/src/app/api/mobile/v1/imports/crm/[resource]/route.ts; kind=API_ROUTE
FC-0448,TBD,TBD,Platform / Shared,TBD,/api/mobile/v1/notifications,/api/mobile/v1/notifications,/api/mobile/v1/notifications,GET;PATCH,TBD,TBD,TBD,TBD,TBD,TBD,TBD,TBD,TBD,TBD,TBD,TBD,TBD,TBD,TBD,TBD,TBD,TBD,TBD,NOT_STARTED,source=apps/web/src/app/api/mobile/v1/notifications/route.ts; kind=API_ROUTE
FC-0449,TBD,TBD,Platform / Shared,TBD,/api/mobile/v1/search,/api/mobile/v1/search,/api/mobile/v1/search,GET,TBD,TBD,TBD,TBD,TBD,TBD,TBD,TBD,TBD,TBD,TBD,TBD,TBD,TBD,TBD,TBD,TBD,TBD,TBD,NOT_STARTED,source=apps/web/src/app/api/mobile/v1/search/route.ts; kind=API_ROUTE
FC-0450,TBD,TBD,Platform / Shared,TBD,/api/mobile/v1/session,/api/mobile/v1/session,/api/mobile/v1/session,GET,TBD,TBD,TBD,TBD,TBD,TBD,TBD,TBD,TBD,TBD,TBD,TBD,TBD,TBD,TBD,TBD,TBD,TBD,TBD,NOT_STARTED,source=apps/web/src/app/api/mobile/v1/session/route.ts; kind=API_ROUTE
FC-0451,TBD,TBD,Platform / Shared,TBD,/api/mobile/v1/settings/[resource]/[id],/api/mobile/v1/settings/[resource]/[id],/api/mobile/v1/settings/[resource]/[id],PATCH,TBD,TBD,TBD,TBD,TBD,TBD,TBD,TBD,TBD,TBD,TBD,TBD,TBD,TBD,TBD,TBD,TBD,TBD,TBD,NOT_STARTED,source=apps/web/src/app/api/mobile/v1/settings/[resource]/[id]/route.ts; kind=API_ROUTE
FC-0452,TBD,TBD,Platform / Shared,TBD,/api/mobile/v1/settings/[resource],/api/mobile/v1/settings/[resource],/api/mobile/v1/settings/[resource],GET;POST,TBD,TBD,TBD,TBD,TBD,TBD,TBD,TBD,TBD,TBD,TBD,TBD,TBD,TBD,TBD,TBD,TBD,TBD,TBD,NOT_STARTED,source=apps/web/src/app/api/mobile/v1/settings/[resource]/route.ts; kind=API_ROUTE
FC-0453,TBD,TBD,Platform / Shared,TBD,/api/mobile/v1/workspace/[area],/api/mobile/v1/workspace/[area],/api/mobile/v1/workspace/[area],GET;POST;PATCH,TBD,TBD,TBD,TBD,TBD,TBD,TBD,TBD,TBD,TBD,TBD,TBD,TBD,TBD,TBD,TBD,TBD,TBD,TBD,NOT_STARTED,source=apps/web/src/app/api/mobile/v1/workspace/[area]/route.ts; kind=API_ROUTE
FC-0454,TBD,TBD,Platform / Shared,TBD,/api/mobile/v1/workspace/organization,/api/mobile/v1/workspace/organization,/api/mobile/v1/workspace/organization,PATCH,TBD,TBD,TBD,TBD,TBD,TBD,TBD,TBD,TBD,TBD,TBD,TBD,TBD,TBD,TBD,TBD,TBD,TBD,TBD,NOT_STARTED,source=apps/web/src/app/api/mobile/v1/workspace/organization/route.ts; kind=API_ROUTE
FC-0455,TBD,TBD,Platform / Shared,TBD,/api/mobile/v1/workspace,/api/mobile/v1/workspace,/api/mobile/v1/workspace,GET;PATCH,TBD,TBD,TBD,TBD,TBD,TBD,TBD,TBD,TBD,TBD,TBD,TBD,TBD,TBD,TBD,TBD,TBD,TBD,TBD,NOT_STARTED,source=apps/web/src/app/api/mobile/v1/workspace/route.ts; kind=API_ROUTE
FC-0456,TBD,TBD,Platform / Shared,TBD,/api/modules/[key],/api/modules/[key],/api/modules/[key],PATCH,TBD,TBD,TBD,TBD,TBD,TBD,TBD,TBD,TBD,TBD,TBD,TBD,TBD,TBD,TBD,TBD,TBD,TBD,TBD,NOT_STARTED,source=apps/web/src/app/api/modules/[key]/route.ts; kind=API_ROUTE
FC-0457,TBD,TBD,Platform / Shared,TBD,/api/notifications,/api/notifications,/api/notifications,GET;PATCH,TBD,TBD,TBD,TBD,TBD,TBD,TBD,TBD,TBD,TBD,TBD,TBD,TBD,TBD,TBD,TBD,TBD,TBD,TBD,NOT_STARTED,source=apps/web/src/app/api/notifications/route.ts; kind=API_ROUTE
FC-0458,TBD,TBD,Platform / Shared,TBD,/api/onboarding,/api/onboarding,/api/onboarding,POST,TBD,TBD,TBD,TBD,TBD,TBD,TBD,TBD,TBD,TBD,TBD,TBD,TBD,TBD,TBD,TBD,TBD,TBD,TBD,NOT_STARTED,source=apps/web/src/app/api/onboarding/route.ts; kind=API_ROUTE
FC-0459,TBD,TBD,Platform / Shared,TBD,/api/platform/ai,/api/platform/ai,/api/platform/ai,GET;POST,TBD,TBD,TBD,TBD,TBD,TBD,TBD,TBD,TBD,TBD,TBD,TBD,TBD,TBD,TBD,TBD,TBD,TBD,TBD,NOT_STARTED,source=apps/web/src/app/api/platform/ai/route.ts; kind=API_ROUTE
FC-0460,TBD,TBD,Platform / Shared,TBD,/api/platform/configuration,/api/platform/configuration,/api/platform/configuration,GET;POST,TBD,TBD,TBD,TBD,TBD,TBD,TBD,TBD,TBD,TBD,TBD,TBD,TBD,TBD,TBD,TBD,TBD,TBD,TBD,NOT_STARTED,source=apps/web/src/app/api/platform/configuration/route.ts; kind=API_ROUTE
FC-0461,TBD,TBD,Platform / Shared,TBD,/api/platform/integrations/api-keys/[id],/api/platform/integrations/api-keys/[id],/api/platform/integrations/api-keys/[id],DELETE,TBD,TBD,TBD,TBD,TBD,TBD,TBD,TBD,TBD,TBD,TBD,TBD,TBD,TBD,TBD,TBD,TBD,TBD,TBD,NOT_STARTED,source=apps/web/src/app/api/platform/integrations/api-keys/[id]/route.ts; kind=API_ROUTE
FC-0462,TBD,TBD,Platform / Shared,TBD,/api/platform/integrations/api-keys,/api/platform/integrations/api-keys,/api/platform/integrations/api-keys,GET;POST,TBD,TBD,TBD,TBD,TBD,TBD,TBD,TBD,TBD,TBD,TBD,TBD,TBD,TBD,TBD,TBD,TBD,TBD,TBD,NOT_STARTED,source=apps/web/src/app/api/platform/integrations/api-keys/route.ts; kind=API_ROUTE
FC-0463,TBD,TBD,Platform / Shared,TBD,/api/platform/integrations/oauth/[id],/api/platform/integrations/oauth/[id],/api/platform/integrations/oauth/[id],DELETE,TBD,TBD,TBD,TBD,TBD,TBD,TBD,TBD,TBD,TBD,TBD,TBD,TBD,TBD,TBD,TBD,TBD,TBD,TBD,NOT_STARTED,source=apps/web/src/app/api/platform/integrations/oauth/[id]/route.ts; kind=API_ROUTE
FC-0464,TBD,TBD,Platform / Shared,TBD,/api/platform/integrations/oauth/callback/[provider],/api/platform/integrations/oauth/callback/[provider],/api/platform/integrations/oauth/callback/[provider],GET,TBD,TBD,TBD,TBD,TBD,TBD,TBD,TBD,TBD,TBD,TBD,TBD,TBD,TBD,TBD,TBD,TBD,TBD,TBD,NOT_STARTED,source=apps/web/src/app/api/platform/integrations/oauth/callback/[provider]/route.ts; kind=API_ROUTE
FC-0465,TBD,TBD,Platform / Shared,TBD,/api/platform/integrations/oauth,/api/platform/integrations/oauth,/api/platform/integrations/oauth,GET;POST,TBD,TBD,TBD,TBD,TBD,TBD,TBD,TBD,TBD,TBD,TBD,TBD,TBD,TBD,TBD,TBD,TBD,TBD,TBD,NOT_STARTED,source=apps/web/src/app/api/platform/integrations/oauth/route.ts; kind=API_ROUTE
FC-0466,TBD,TBD,Platform / Shared,TBD,/api/platform/mail/inbound,/api/platform/mail/inbound,/api/platform/mail/inbound,POST,TBD,TBD,TBD,TBD,TBD,TBD,TBD,TBD,TBD,TBD,TBD,TBD,TBD,TBD,TBD,TBD,TBD,TBD,TBD,NOT_STARTED,source=apps/web/src/app/api/platform/mail/inbound/route.ts; kind=API_ROUTE
FC-0467,TBD,TBD,Platform / Shared,TBD,/api/platform/notification-preferences,/api/platform/notification-preferences,/api/platform/notification-preferences,GET;PATCH,TBD,TBD,TBD,TBD,TBD,TBD,TBD,TBD,TBD,TBD,TBD,TBD,TBD,TBD,TBD,TBD,TBD,TBD,TBD,NOT_STARTED,source=apps/web/src/app/api/platform/notification-preferences/route.ts; kind=API_ROUTE
FC-0468,TBD,TBD,Platform / Shared,TBD,/api/platform/privacy/[id],/api/platform/privacy/[id],/api/platform/privacy/[id],PATCH,TBD,TBD,TBD,TBD,TBD,TBD,TBD,TBD,TBD,TBD,TBD,TBD,TBD,TBD,TBD,TBD,TBD,TBD,TBD,NOT_STARTED,source=apps/web/src/app/api/platform/privacy/[id]/route.ts; kind=API_ROUTE
FC-0469,TBD,TBD,Platform / Shared,TBD,/api/platform/privacy,/api/platform/privacy,/api/platform/privacy,GET;POST,TBD,TBD,TBD,TBD,TBD,TBD,TBD,TBD,TBD,TBD,TBD,TBD,TBD,TBD,TBD,TBD,TBD,TBD,TBD,NOT_STARTED,source=apps/web/src/app/api/platform/privacy/route.ts; kind=API_ROUTE
FC-0470,TBD,TBD,Platform / Shared,TBD,/api/platform/reports,/api/platform/reports,/api/platform/reports,GET;POST,TBD,TBD,TBD,TBD,TBD,TBD,TBD,TBD,TBD,TBD,TBD,TBD,TBD,TBD,TBD,TBD,TBD,TBD,TBD,NOT_STARTED,source=apps/web/src/app/api/platform/reports/route.ts; kind=API_ROUTE
FC-0471,TBD,TBD,Platform / Shared,TBD,/api/platform/tags,/api/platform/tags,/api/platform/tags,GET;POST,TBD,TBD,TBD,TBD,TBD,TBD,TBD,TBD,TBD,TBD,TBD,TBD,TBD,TBD,TBD,TBD,TBD,TBD,TBD,NOT_STARTED,source=apps/web/src/app/api/platform/tags/route.ts; kind=API_ROUTE
FC-0472,TBD,TBD,Platform / Shared,TBD,/api/platform/workflows/execute,/api/platform/workflows/execute,/api/platform/workflows/execute,POST,TBD,TBD,TBD,TBD,TBD,TBD,TBD,TBD,TBD,TBD,TBD,TBD,TBD,TBD,TBD,TBD,TBD,TBD,TBD,NOT_STARTED,source=apps/web/src/app/api/platform/workflows/execute/route.ts; kind=API_ROUTE
FC-0473,TBD,TBD,Point of Sale,TBD,/api/point-of-sale/dashboard,/api/point-of-sale/dashboard,/api/point-of-sale/dashboard,GET,TBD,TBD,TBD,TBD,TBD,TBD,TBD,TBD,TBD,TBD,TBD,TBD,TBD,TBD,TBD,TBD,TBD,TBD,TBD,NOT_STARTED,source=apps/web/src/app/api/point-of-sale/dashboard/route.ts; kind=API_ROUTE
FC-0474,TBD,TBD,Point of Sale,TBD,/api/point-of-sale/resources/[resource],/api/point-of-sale/resources/[resource],/api/point-of-sale/resources/[resource],GET;POST,TBD,TBD,TBD,TBD,TBD,TBD,TBD,TBD,TBD,TBD,TBD,TBD,TBD,TBD,TBD,TBD,TBD,TBD,TBD,NOT_STARTED,source=apps/web/src/app/api/point-of-sale/resources/[resource]/route.ts; kind=API_ROUTE
FC-0475,TBD,TBD,Point of Sale,TBD,/api/point-of-sale/returns/[id]/actions,/api/point-of-sale/returns/[id]/actions,/api/point-of-sale/returns/[id]/actions,POST,TBD,TBD,TBD,TBD,TBD,TBD,TBD,TBD,TBD,TBD,TBD,TBD,TBD,TBD,TBD,TBD,TBD,TBD,TBD,NOT_STARTED,source=apps/web/src/app/api/point-of-sale/returns/[id]/actions/route.ts; kind=API_ROUTE
FC-0476,TBD,TBD,Point of Sale,TBD,/api/point-of-sale/returns,/api/point-of-sale/returns,/api/point-of-sale/returns,POST,TBD,TBD,TBD,TBD,TBD,TBD,TBD,TBD,TBD,TBD,TBD,TBD,TBD,TBD,TBD,TBD,TBD,TBD,TBD,NOT_STARTED,source=apps/web/src/app/api/point-of-sale/returns/route.ts; kind=API_ROUTE
FC-0477,TBD,TBD,Point of Sale,TBD,/api/point-of-sale/sales/complete,/api/point-of-sale/sales/complete,/api/point-of-sale/sales/complete,POST,TBD,TBD,TBD,TBD,TBD,TBD,TBD,TBD,TBD,TBD,TBD,TBD,TBD,TBD,TBD,TBD,TBD,TBD,TBD,NOT_STARTED,source=apps/web/src/app/api/point-of-sale/sales/complete/route.ts; kind=API_ROUTE
FC-0478,TBD,TBD,Point of Sale,TBD,/api/point-of-sale/shifts/[id]/actions,/api/point-of-sale/shifts/[id]/actions,/api/point-of-sale/shifts/[id]/actions,POST,TBD,TBD,TBD,TBD,TBD,TBD,TBD,TBD,TBD,TBD,TBD,TBD,TBD,TBD,TBD,TBD,TBD,TBD,TBD,NOT_STARTED,source=apps/web/src/app/api/point-of-sale/shifts/[id]/actions/route.ts; kind=API_ROUTE
FC-0479,TBD,TBD,Procurement,TBD,/api/procurement/dashboard,/api/procurement/dashboard,/api/procurement/dashboard,GET,TBD,TBD,TBD,TBD,TBD,TBD,TBD,TBD,TBD,TBD,TBD,TBD,TBD,TBD,TBD,TBD,TBD,TBD,TBD,NOT_STARTED,source=apps/web/src/app/api/procurement/dashboard/route.ts; kind=API_ROUTE
FC-0480,TBD,TBD,Procurement,TBD,/api/procurement/governance/[entityType]/[id],/api/procurement/governance/[entityType]/[id],/api/procurement/governance/[entityType]/[id],GET;POST,TBD,TBD,TBD,TBD,TBD,TBD,TBD,TBD,TBD,TBD,TBD,TBD,TBD,TBD,TBD,TBD,TBD,TBD,TBD,NOT_STARTED,source=apps/web/src/app/api/procurement/governance/[entityType]/[id]/route.ts; kind=API_ROUTE
FC-0481,TBD,TBD,Procurement,TBD,/api/procurement/governance,/api/procurement/governance,/api/procurement/governance,GET;POST,TBD,TBD,TBD,TBD,TBD,TBD,TBD,TBD,TBD,TBD,TBD,TBD,TBD,TBD,TBD,TBD,TBD,TBD,TBD,NOT_STARTED,source=apps/web/src/app/api/procurement/governance/route.ts; kind=API_ROUTE
FC-0482,TBD,TBD,Procurement,TBD,/api/procurement/matching/run,/api/procurement/matching/run,/api/procurement/matching/run,POST,TBD,TBD,TBD,TBD,TBD,TBD,TBD,TBD,TBD,TBD,TBD,TBD,TBD,TBD,TBD,TBD,TBD,TBD,TBD,NOT_STARTED,source=apps/web/src/app/api/procurement/matching/run/route.ts; kind=API_ROUTE
FC-0483,TBD,TBD,Procurement,TBD,/api/procurement/pass1-operations,/api/procurement/pass1-operations,/api/procurement/pass1-operations,GET;POST,TBD,TBD,TBD,TBD,TBD,TBD,TBD,TBD,TBD,TBD,TBD,TBD,TBD,TBD,TBD,TBD,TBD,TBD,TBD,NOT_STARTED,source=apps/web/src/app/api/procurement/pass1-operations/route.ts; kind=API_ROUTE
FC-0484,TBD,TBD,Procurement,TBD,/api/procurement/pass1-options,/api/procurement/pass1-options,/api/procurement/pass1-options,GET,TBD,TBD,TBD,TBD,TBD,TBD,TBD,TBD,TBD,TBD,TBD,TBD,TBD,TBD,TBD,TBD,TBD,TBD,TBD,NOT_STARTED,source=apps/web/src/app/api/procurement/pass1-options/route.ts; kind=API_ROUTE
FC-0485,TBD,TBD,Procurement,TBD,/api/procurement/reports/[report],/api/procurement/reports/[report],/api/procurement/reports/[report],GET,TBD,TBD,TBD,TBD,TBD,TBD,TBD,TBD,TBD,TBD,TBD,TBD,TBD,TBD,TBD,TBD,TBD,TBD,TBD,NOT_STARTED,source=apps/web/src/app/api/procurement/reports/[report]/route.ts; kind=API_ROUTE
FC-0486,TBD,TBD,Procurement,TBD,/api/procurement/resources/[resource]/[id]/actions,/api/procurement/resources/[resource]/[id]/actions,/api/procurement/resources/[resource]/[id]/actions,POST,TBD,TBD,TBD,TBD,TBD,TBD,TBD,TBD,TBD,TBD,TBD,TBD,TBD,TBD,TBD,TBD,TBD,TBD,TBD,NOT_STARTED,source=apps/web/src/app/api/procurement/resources/[resource]/[id]/actions/route.ts; kind=API_ROUTE
FC-0487,TBD,TBD,Procurement,TBD,/api/procurement/resources/[resource]/[id],/api/procurement/resources/[resource]/[id],/api/procurement/resources/[resource]/[id],GET;PATCH,TBD,TBD,TBD,TBD,TBD,TBD,TBD,TBD,TBD,TBD,TBD,TBD,TBD,TBD,TBD,TBD,TBD,TBD,TBD,NOT_STARTED,source=apps/web/src/app/api/procurement/resources/[resource]/[id]/route.ts; kind=API_ROUTE
FC-0488,TBD,TBD,Procurement,TBD,/api/procurement/resources/[resource],/api/procurement/resources/[resource],/api/procurement/resources/[resource],GET;POST,TBD,TBD,TBD,TBD,TBD,TBD,TBD,TBD,TBD,TBD,TBD,TBD,TBD,TBD,TBD,TBD,TBD,TBD,TBD,NOT_STARTED,source=apps/web/src/app/api/procurement/resources/[resource]/route.ts; kind=API_ROUTE
FC-0489,TBD,TBD,Platform / Shared,TBD,/api/profile,/api/profile,/api/profile,PATCH,TBD,TBD,TBD,TBD,TBD,TBD,TBD,TBD,TBD,TBD,TBD,TBD,TBD,TBD,TBD,TBD,TBD,TBD,TBD,NOT_STARTED,source=apps/web/src/app/api/profile/route.ts; kind=API_ROUTE
FC-0490,TBD,TBD,Projects,TBD,/api/projects/dashboard,/api/projects/dashboard,/api/projects/dashboard,GET,TBD,TBD,TBD,TBD,TBD,TBD,TBD,TBD,TBD,TBD,TBD,TBD,TBD,TBD,TBD,TBD,TBD,TBD,TBD,NOT_STARTED,source=apps/web/src/app/api/projects/dashboard/route.ts; kind=API_ROUTE
FC-0491,TBD,TBD,Projects,TBD,/api/projects/projects/[id]/actions,/api/projects/projects/[id]/actions,/api/projects/projects/[id]/actions,POST,TBD,TBD,TBD,TBD,TBD,TBD,TBD,TBD,TBD,TBD,TBD,TBD,TBD,TBD,TBD,TBD,TBD,TBD,TBD,NOT_STARTED,source=apps/web/src/app/api/projects/projects/[id]/actions/route.ts; kind=API_ROUTE
FC-0492,TBD,TBD,Projects,TBD,/api/projects/projects/[id]/profitability,/api/projects/projects/[id]/profitability,/api/projects/projects/[id]/profitability,GET,TBD,TBD,TBD,TBD,TBD,TBD,TBD,TBD,TBD,TBD,TBD,TBD,TBD,TBD,TBD,TBD,TBD,TBD,TBD,NOT_STARTED,source=apps/web/src/app/api/projects/projects/[id]/profitability/route.ts; kind=API_ROUTE
FC-0493,TBD,TBD,Projects,TBD,/api/projects/resources/[resource],/api/projects/resources/[resource],/api/projects/resources/[resource],GET;POST,TBD,TBD,TBD,TBD,TBD,TBD,TBD,TBD,TBD,TBD,TBD,TBD,TBD,TBD,TBD,TBD,TBD,TBD,TBD,NOT_STARTED,source=apps/web/src/app/api/projects/resources/[resource]/route.ts; kind=API_ROUTE
FC-0494,TBD,TBD,Platform / Shared,TBD,/api/public/sales/quotes/[token],/api/public/sales/quotes/[token],/api/public/sales/quotes/[token],GET;POST,TBD,TBD,TBD,TBD,TBD,TBD,TBD,TBD,TBD,TBD,TBD,TBD,TBD,TBD,TBD,TBD,TBD,TBD,TBD,NOT_STARTED,source=apps/web/src/app/api/public/sales/quotes/[token]/route.ts; kind=API_ROUTE
FC-0495,TBD,TBD,Quality,TBD,/api/quality/dashboard,/api/quality/dashboard,/api/quality/dashboard,GET,TBD,TBD,TBD,TBD,TBD,TBD,TBD,TBD,TBD,TBD,TBD,TBD,TBD,TBD,TBD,TBD,TBD,TBD,TBD,NOT_STARTED,source=apps/web/src/app/api/quality/dashboard/route.ts; kind=API_ROUTE
FC-0496,TBD,TBD,Quality,TBD,/api/quality/holds/[id]/release,/api/quality/holds/[id]/release,/api/quality/holds/[id]/release,POST,TBD,TBD,TBD,TBD,TBD,TBD,TBD,TBD,TBD,TBD,TBD,TBD,TBD,TBD,TBD,TBD,TBD,TBD,TBD,NOT_STARTED,source=apps/web/src/app/api/quality/holds/[id]/release/route.ts; kind=API_ROUTE
FC-0497,TBD,TBD,Quality,TBD,/api/quality/inspections/[id]/actions,/api/quality/inspections/[id]/actions,/api/quality/inspections/[id]/actions,POST,TBD,TBD,TBD,TBD,TBD,TBD,TBD,TBD,TBD,TBD,TBD,TBD,TBD,TBD,TBD,TBD,TBD,TBD,TBD,NOT_STARTED,source=apps/web/src/app/api/quality/inspections/[id]/actions/route.ts; kind=API_ROUTE
FC-0498,TBD,TBD,Quality,TBD,/api/quality/resources/[resource],/api/quality/resources/[resource],/api/quality/resources/[resource],GET;POST,TBD,TBD,TBD,TBD,TBD,TBD,TBD,TBD,TBD,TBD,TBD,TBD,TBD,TBD,TBD,TBD,TBD,TBD,TBD,NOT_STARTED,source=apps/web/src/app/api/quality/resources/[resource]/route.ts; kind=API_ROUTE
FC-0499,TBD,TBD,Platform / Shared,TBD,/api/readiness,/api/readiness,/api/readiness,GET,TBD,TBD,TBD,TBD,TBD,TBD,TBD,TBD,TBD,TBD,TBD,TBD,TBD,TBD,TBD,TBD,TBD,TBD,TBD,NOT_STARTED,source=apps/web/src/app/api/readiness/route.ts; kind=API_ROUTE
FC-0500,TBD,TBD,Platform / Shared,TBD,/api/release/governance,/api/release/governance,/api/release/governance,GET;POST,TBD,TBD,TBD,TBD,TBD,TBD,TBD,TBD,TBD,TBD,TBD,TBD,TBD,TBD,TBD,TBD,TBD,TBD,TBD,NOT_STARTED,source=apps/web/src/app/api/release/governance/route.ts; kind=API_ROUTE
FC-0501,TBD,TBD,Platform / Shared,TBD,/api/release/governance/timeline,/api/release/governance/timeline,/api/release/governance/timeline,GET,TBD,TBD,TBD,TBD,TBD,TBD,TBD,TBD,TBD,TBD,TBD,TBD,TBD,TBD,TBD,TBD,TBD,TBD,TBD,NOT_STARTED,source=apps/web/src/app/api/release/governance/timeline/route.ts; kind=API_ROUTE
FC-0502,TBD,TBD,Platform / Shared,TBD,/api/roles/[id],/api/roles/[id],/api/roles/[id],PATCH,TBD,TBD,TBD,TBD,TBD,TBD,TBD,TBD,TBD,TBD,TBD,TBD,TBD,TBD,TBD,TBD,TBD,TBD,TBD,NOT_STARTED,source=apps/web/src/app/api/roles/[id]/route.ts; kind=API_ROUTE
FC-0503,TBD,TBD,Platform / Shared,TBD,/api/roles,/api/roles,/api/roles,POST,TBD,TBD,TBD,TBD,TBD,TBD,TBD,TBD,TBD,TBD,TBD,TBD,TBD,TBD,TBD,TBD,TBD,TBD,TBD,NOT_STARTED,source=apps/web/src/app/api/roles/route.ts; kind=API_ROUTE
FC-0504,TBD,TBD,Sales,TBD,/api/sales/dashboard,/api/sales/dashboard,/api/sales/dashboard,GET,TBD,TBD,TBD,TBD,TBD,TBD,TBD,TBD,TBD,TBD,TBD,TBD,TBD,TBD,TBD,TBD,TBD,TBD,TBD,NOT_STARTED,source=apps/web/src/app/api/sales/dashboard/route.ts; kind=API_ROUTE
FC-0505,TBD,TBD,Sales,TBD,/api/sales/options,/api/sales/options,/api/sales/options,GET,TBD,TBD,TBD,TBD,TBD,TBD,TBD,TBD,TBD,TBD,TBD,TBD,TBD,TBD,TBD,TBD,TBD,TBD,TBD,NOT_STARTED,source=apps/web/src/app/api/sales/options/route.ts; kind=API_ROUTE
FC-0506,TBD,TBD,Sales,TBD,/api/sales/orders/[id]/actions,/api/sales/orders/[id]/actions,/api/sales/orders/[id]/actions,POST,TBD,TBD,TBD,TBD,TBD,TBD,TBD,TBD,TBD,TBD,TBD,TBD,TBD,TBD,TBD,TBD,TBD,TBD,TBD,NOT_STARTED,source=apps/web/src/app/api/sales/orders/[id]/actions/route.ts; kind=API_ROUTE
FC-0507,TBD,TBD,Sales,TBD,/api/sales/orders/[id],/api/sales/orders/[id],/api/sales/orders/[id],GET,TBD,TBD,TBD,TBD,TBD,TBD,TBD,TBD,TBD,TBD,TBD,TBD,TBD,TBD,TBD,TBD,TBD,TBD,TBD,NOT_STARTED,source=apps/web/src/app/api/sales/orders/[id]/route.ts; kind=API_ROUTE
FC-0508,TBD,TBD,Sales,TBD,/api/sales/orders/operations,/api/sales/orders/operations,/api/sales/orders/operations,GET;POST,TBD,TBD,TBD,TBD,TBD,TBD,TBD,TBD,TBD,TBD,TBD,TBD,TBD,TBD,TBD,TBD,TBD,TBD,TBD,NOT_STARTED,source=apps/web/src/app/api/sales/orders/operations/route.ts; kind=API_ROUTE
FC-0509,TBD,TBD,Sales,TBD,/api/sales/orders,/api/sales/orders,/api/sales/orders,GET;POST,TBD,TBD,TBD,TBD,TBD,TBD,TBD,TBD,TBD,TBD,TBD,TBD,TBD,TBD,TBD,TBD,TBD,TBD,TBD,NOT_STARTED,source=apps/web/src/app/api/sales/orders/route.ts; kind=API_ROUTE
FC-0510,TBD,TBD,Sales,TBD,/api/sales/pass1-operations,/api/sales/pass1-operations,/api/sales/pass1-operations,GET;POST,TBD,TBD,TBD,TBD,TBD,TBD,TBD,TBD,TBD,TBD,TBD,TBD,TBD,TBD,TBD,TBD,TBD,TBD,TBD,NOT_STARTED,source=apps/web/src/app/api/sales/pass1-operations/route.ts; kind=API_ROUTE
FC-0511,TBD,TBD,Sales,TBD,/api/sales/pass1-options,/api/sales/pass1-options,/api/sales/pass1-options,GET,TBD,TBD,TBD,TBD,TBD,TBD,TBD,TBD,TBD,TBD,TBD,TBD,TBD,TBD,TBD,TBD,TBD,TBD,TBD,NOT_STARTED,source=apps/web/src/app/api/sales/pass1-options/route.ts; kind=API_ROUTE
FC-0512,TBD,TBD,Sales,TBD,/api/sales/pricing/preview,/api/sales/pricing/preview,/api/sales/pricing/preview,POST,TBD,TBD,TBD,TBD,TBD,TBD,TBD,TBD,TBD,TBD,TBD,TBD,TBD,TBD,TBD,TBD,TBD,TBD,TBD,NOT_STARTED,source=apps/web/src/app/api/sales/pricing/preview/route.ts; kind=API_ROUTE
FC-0513,TBD,TBD,Sales,TBD,/api/sales/quotations/[id]/actions,/api/sales/quotations/[id]/actions,/api/sales/quotations/[id]/actions,POST,TBD,TBD,TBD,TBD,TBD,TBD,TBD,TBD,TBD,TBD,TBD,TBD,TBD,TBD,TBD,TBD,TBD,TBD,TBD,NOT_STARTED,source=apps/web/src/app/api/sales/quotations/[id]/actions/route.ts; kind=API_ROUTE
FC-0514,TBD,TBD,Sales,TBD,/api/sales/quotations/[id],/api/sales/quotations/[id],/api/sales/quotations/[id],GET;PATCH,TBD,TBD,TBD,TBD,TBD,TBD,TBD,TBD,TBD,TBD,TBD,TBD,TBD,TBD,TBD,TBD,TBD,TBD,TBD,NOT_STARTED,source=apps/web/src/app/api/sales/quotations/[id]/route.ts; kind=API_ROUTE
FC-0515,TBD,TBD,Sales,TBD,/api/sales/quotations/operations,/api/sales/quotations/operations,/api/sales/quotations/operations,GET;POST,TBD,TBD,TBD,TBD,TBD,TBD,TBD,TBD,TBD,TBD,TBD,TBD,TBD,TBD,TBD,TBD,TBD,TBD,TBD,NOT_STARTED,source=apps/web/src/app/api/sales/quotations/operations/route.ts; kind=API_ROUTE
FC-0516,TBD,TBD,Sales,TBD,/api/sales/quotations,/api/sales/quotations,/api/sales/quotations,GET;POST,TBD,TBD,TBD,TBD,TBD,TBD,TBD,TBD,TBD,TBD,TBD,TBD,TBD,TBD,TBD,TBD,TBD,TBD,TBD,NOT_STARTED,source=apps/web/src/app/api/sales/quotations/route.ts; kind=API_ROUTE
FC-0517,TBD,TBD,Sales,TBD,/api/sales/reports/[report],/api/sales/reports/[report],/api/sales/reports/[report],GET,TBD,TBD,TBD,TBD,TBD,TBD,TBD,TBD,TBD,TBD,TBD,TBD,TBD,TBD,TBD,TBD,TBD,TBD,TBD,NOT_STARTED,source=apps/web/src/app/api/sales/reports/[report]/route.ts; kind=API_ROUTE
FC-0518,TBD,TBD,Platform / Shared,TBD,/api/search,/api/search,/api/search,GET,TBD,TBD,TBD,TBD,TBD,TBD,TBD,TBD,TBD,TBD,TBD,TBD,TBD,TBD,TBD,TBD,TBD,TBD,TBD,NOT_STARTED,source=apps/web/src/app/api/search/route.ts; kind=API_ROUTE
FC-0519,TBD,TBD,Platform / Shared,TBD,/api/sessions,/api/sessions,/api/sessions,PATCH,TBD,TBD,TBD,TBD,TBD,TBD,TBD,TBD,TBD,TBD,TBD,TBD,TBD,TBD,TBD,TBD,TBD,TBD,TBD,NOT_STARTED,source=apps/web/src/app/api/sessions/route.ts; kind=API_ROUTE
FC-0520,TBD,TBD,Platform / Shared,TBD,/api/settings/[resource]/[id],/api/settings/[resource]/[id],/api/settings/[resource]/[id],PATCH,TBD,TBD,TBD,TBD,TBD,TBD,TBD,TBD,TBD,TBD,TBD,TBD,TBD,TBD,TBD,TBD,TBD,TBD,TBD,NOT_STARTED,source=apps/web/src/app/api/settings/[resource]/[id]/route.ts; kind=API_ROUTE
FC-0521,TBD,TBD,Platform / Shared,TBD,/api/settings/[resource],/api/settings/[resource],/api/settings/[resource],POST,TBD,TBD,TBD,TBD,TBD,TBD,TBD,TBD,TBD,TBD,TBD,TBD,TBD,TBD,TBD,TBD,TBD,TBD,TBD,NOT_STARTED,source=apps/web/src/app/api/settings/[resource]/route.ts; kind=API_ROUTE
FC-0522,TBD,TBD,Stock / Inventory,TBD,/api/stock/availability,/api/stock/availability,/api/stock/availability,GET,TBD,TBD,TBD,TBD,TBD,TBD,TBD,TBD,TBD,TBD,TBD,TBD,TBD,TBD,TBD,TBD,TBD,TBD,TBD,NOT_STARTED,source=apps/web/src/app/api/stock/availability/route.ts; kind=API_ROUTE
FC-0523,TBD,TBD,Stock / Inventory,TBD,/api/stock/dashboard,/api/stock/dashboard,/api/stock/dashboard,GET,TBD,TBD,TBD,TBD,TBD,TBD,TBD,TBD,TBD,TBD,TBD,TBD,TBD,TBD,TBD,TBD,TBD,TBD,TBD,NOT_STARTED,source=apps/web/src/app/api/stock/dashboard/route.ts; kind=API_ROUTE
FC-0524,TBD,TBD,Stock / Inventory,TBD,/api/stock/diagnostics/balance-drift,/api/stock/diagnostics/balance-drift,/api/stock/diagnostics/balance-drift,GET;POST,TBD,TBD,TBD,TBD,TBD,TBD,TBD,TBD,TBD,TBD,TBD,TBD,TBD,TBD,TBD,TBD,TBD,TBD,TBD,NOT_STARTED,source=apps/web/src/app/api/stock/diagnostics/balance-drift/route.ts; kind=API_ROUTE
FC-0525,TBD,TBD,Stock / Inventory,TBD,/api/stock/movements,/api/stock/movements,/api/stock/movements,POST,TBD,TBD,TBD,TBD,TBD,TBD,TBD,TBD,TBD,TBD,TBD,TBD,TBD,TBD,TBD,TBD,TBD,TBD,TBD,NOT_STARTED,source=apps/web/src/app/api/stock/movements/route.ts; kind=API_ROUTE
FC-0526,TBD,TBD,Stock / Inventory,TBD,/api/stock/options,/api/stock/options,/api/stock/options,GET,TBD,TBD,TBD,TBD,TBD,TBD,TBD,TBD,TBD,TBD,TBD,TBD,TBD,TBD,TBD,TBD,TBD,TBD,TBD,NOT_STARTED,source=apps/web/src/app/api/stock/options/route.ts; kind=API_ROUTE
FC-0527,TBD,TBD,Stock / Inventory,TBD,/api/stock/reservations/[id],/api/stock/reservations/[id],/api/stock/reservations/[id],POST,TBD,TBD,TBD,TBD,TBD,TBD,TBD,TBD,TBD,TBD,TBD,TBD,TBD,TBD,TBD,TBD,TBD,TBD,TBD,NOT_STARTED,source=apps/web/src/app/api/stock/reservations/[id]/route.ts; kind=API_ROUTE
FC-0528,TBD,TBD,Stock / Inventory,TBD,/api/stock/reservations,/api/stock/reservations,/api/stock/reservations,POST,TBD,TBD,TBD,TBD,TBD,TBD,TBD,TBD,TBD,TBD,TBD,TBD,TBD,TBD,TBD,TBD,TBD,TBD,TBD,NOT_STARTED,source=apps/web/src/app/api/stock/reservations/route.ts; kind=API_ROUTE
FC-0529,TBD,TBD,Stock / Inventory,TBD,/api/stock/resources/[resource],/api/stock/resources/[resource],/api/stock/resources/[resource],GET,TBD,TBD,TBD,TBD,TBD,TBD,TBD,TBD,TBD,TBD,TBD,TBD,TBD,TBD,TBD,TBD,TBD,TBD,TBD,NOT_STARTED,source=apps/web/src/app/api/stock/resources/[resource]/route.ts; kind=API_ROUTE
FC-0530,TBD,TBD,Stock / Inventory,TBD,/api/stock/transfers/[id]/complete,/api/stock/transfers/[id]/complete,/api/stock/transfers/[id]/complete,POST,TBD,TBD,TBD,TBD,TBD,TBD,TBD,TBD,TBD,TBD,TBD,TBD,TBD,TBD,TBD,TBD,TBD,TBD,TBD,NOT_STARTED,source=apps/web/src/app/api/stock/transfers/[id]/complete/route.ts; kind=API_ROUTE
FC-0531,TBD,TBD,Stock / Inventory,TBD,/api/stock/transfers,/api/stock/transfers,/api/stock/transfers,POST,TBD,TBD,TBD,TBD,TBD,TBD,TBD,TBD,TBD,TBD,TBD,TBD,TBD,TBD,TBD,TBD,TBD,TBD,TBD,NOT_STARTED,source=apps/web/src/app/api/stock/transfers/route.ts; kind=API_ROUTE
FC-0532,TBD,TBD,Support / Customer Service,TBD,/api/support/dashboard,/api/support/dashboard,/api/support/dashboard,GET,TBD,TBD,TBD,TBD,TBD,TBD,TBD,TBD,TBD,TBD,TBD,TBD,TBD,TBD,TBD,TBD,TBD,TBD,TBD,NOT_STARTED,source=apps/web/src/app/api/support/dashboard/route.ts; kind=API_ROUTE
FC-0533,TBD,TBD,Support / Customer Service,TBD,/api/support/resources/[resource],/api/support/resources/[resource],/api/support/resources/[resource],GET;POST,TBD,TBD,TBD,TBD,TBD,TBD,TBD,TBD,TBD,TBD,TBD,TBD,TBD,TBD,TBD,TBD,TBD,TBD,TBD,NOT_STARTED,source=apps/web/src/app/api/support/resources/[resource]/route.ts; kind=API_ROUTE
FC-0534,TBD,TBD,Support / Customer Service,TBD,/api/support/tickets/[id]/actions,/api/support/tickets/[id]/actions,/api/support/tickets/[id]/actions,POST,TBD,TBD,TBD,TBD,TBD,TBD,TBD,TBD,TBD,TBD,TBD,TBD,TBD,TBD,TBD,TBD,TBD,TBD,TBD,NOT_STARTED,source=apps/web/src/app/api/support/tickets/[id]/actions/route.ts; kind=API_ROUTE
FC-0535,TBD,TBD,Support / Customer Service,TBD,/api/support/tickets/[id]/communications,/api/support/tickets/[id]/communications,/api/support/tickets/[id]/communications,POST,TBD,TBD,TBD,TBD,TBD,TBD,TBD,TBD,TBD,TBD,TBD,TBD,TBD,TBD,TBD,TBD,TBD,TBD,TBD,NOT_STARTED,source=apps/web/src/app/api/support/tickets/[id]/communications/route.ts; kind=API_ROUTE
FC-0536,TBD,TBD,Platform / Shared,TBD,/api/users/[userId],/api/users/[userId],/api/users/[userId],PATCH,TBD,TBD,TBD,TBD,TBD,TBD,TBD,TBD,TBD,TBD,TBD,TBD,TBD,TBD,TBD,TBD,TBD,TBD,TBD,NOT_STARTED,source=apps/web/src/app/api/users/[userId]/route.ts; kind=API_ROUTE
FC-0537,TBD,TBD,Platform / Shared,TBD,/api/v1/platform/context,/api/v1/platform/context,/api/v1/platform/context,GET,TBD,TBD,TBD,TBD,TBD,TBD,TBD,TBD,TBD,TBD,TBD,TBD,TBD,TBD,TBD,TBD,TBD,TBD,TBD,NOT_STARTED,source=apps/web/src/app/api/v1/platform/context/route.ts; kind=API_ROUTE
FC-0538,TBD,TBD,Platform / Shared,TBD,/onboarding,/onboarding,TBD,,TBD,TBD,TBD,TBD,TBD,TBD,TBD,TBD,TBD,TBD,TBD,TBD,TBD,TBD,TBD,TBD,TBD,TBD,TBD,NOT_STARTED,source=apps/web/src/app/onboarding/page.tsx; kind=PAGE
FC-0539,TBD,TBD,Platform / Shared,TBD,/page.tsx,/page.tsx,TBD,,TBD,TBD,TBD,TBD,TBD,TBD,TBD,TBD,TBD,TBD,TBD,TBD,TBD,TBD,TBD,TBD,TBD,TBD,TBD,NOT_STARTED,source=apps/web/src/app/page.tsx; kind=PAGE
FC-0540,TBD,TBD,Platform / Shared,TBD,/quote/[token],/quote/[token],TBD,,TBD,TBD,TBD,TBD,TBD,TBD,TBD,TBD,TBD,TBD,TBD,TBD,TBD,TBD,TBD,TBD,TBD,TBD,TBD,NOT_STARTED,source=apps/web/src/app/quote/[token]/page.tsx; kind=PAGE
