mapping_id,feature_id,feature_name,module,source_id,vendor,product,source_title,source_url,relevant_scope,semantic_family,independent_source_number,review_status,acceptance,reviewed_on
PFD-MAP-F001-1,F001,Leads,CRM,MS_SALES,Microsoft,Dynamics 365 Sales,Dynamics 365 Sales documentation,https://learn.microsoft.com/en-us/dynamics365/sales/,"Sales lifecycle, leads, opportunities, activities, quotes, orders and invoices.",operational,1,APPROVED,Official/primary source authority is relevant to the feature domain; feature-specific requirements remain governed by the canonical dossier and Pass B/C contracts.,2026-08-31
PFD-MAP-F001-2,F001,Leads,CRM,ODOO_CRM,Odoo,Odoo 19 CRM,Odoo 19 CRM documentation,https://www.odoo.com/documentation/19.0/applications/sales/crm.html,"CRM lead/opportunity, pipeline and activity workflow behavior.",operational,2,APPROVED,Official/primary source authority is relevant to the feature domain; feature-specific requirements remain governed by the canonical dossier and Pass B/C contracts.,2026-08-31
PFD-MAP-F002-1,F002,Accounts / companies,CRM,MS_SALES,Microsoft,Dynamics 365 Sales,Dynamics 365 Sales documentation,https://learn.microsoft.com/en-us/dynamics365/sales/,"Sales lifecycle, leads, opportunities, activities, quotes, orders and invoices.",operational,1,APPROVED,Official/primary source authority is relevant to the feature domain; feature-specific requirements remain governed by the canonical dossier and Pass B/C contracts.,2026-08-31
PFD-MAP-F002-2,F002,Accounts / companies,CRM,ODOO_CRM,Odoo,Odoo 19 CRM,Odoo 19 CRM documentation,https://www.odoo.com/documentation/19.0/applications/sales/crm.html,"CRM lead/opportunity, pipeline and activity workflow behavior.",operational,2,APPROVED,Official/primary source authority is relevant to the feature domain; feature-specific requirements remain governed by the canonical dossier and Pass B/C contracts.,2026-08-31
PFD-MAP-F003-1,F003,Contacts,CRM,MS_SALES,Microsoft,Dynamics 365 Sales,Dynamics 365 Sales documentation,https://learn.microsoft.com/en-us/dynamics365/sales/,"Sales lifecycle, leads, opportunities, activities, quotes, orders and invoices.",master_config,1,APPROVED,Official/primary source authority is relevant to the feature domain; feature-specific requirements remain governed by the canonical dossier and Pass B/C contracts.,2026-08-31
PFD-MAP-F003-2,F003,Contacts,CRM,ODOO_CRM,Odoo,Odoo 19 CRM,Odoo 19 CRM documentation,https://www.odoo.com/documentation/19.0/applications/sales/crm.html,"CRM lead/opportunity, pipeline and activity workflow behavior.",master_config,2,APPROVED,Official/primary source authority is relevant to the feature domain; feature-specific requirements remain governed by the canonical dossier and Pass B/C contracts.,2026-08-31
PFD-MAP-F004-1,F004,Lead sources,CRM,MS_SALES,Microsoft,Dynamics 365 Sales,Dynamics 365 Sales documentation,https://learn.microsoft.com/en-us/dynamics365/sales/,"Sales lifecycle, leads, opportunities, activities, quotes, orders and invoices.",master_config,1,APPROVED,Official/primary source authority is relevant to the feature domain; feature-specific requirements remain governed by the canonical dossier and Pass B/C contracts.,2026-08-31
PFD-MAP-F004-2,F004,Lead sources,CRM,ODOO_CRM,Odoo,Odoo 19 CRM,Odoo 19 CRM documentation,https://www.odoo.com/documentation/19.0/applications/sales/crm.html,"CRM lead/opportunity, pipeline and activity workflow behavior.",master_config,2,APPROVED,Official/primary source authority is relevant to the feature domain; feature-specific requirements remain governed by the canonical dossier and Pass B/C contracts.,2026-08-31
PFD-MAP-F005-1,F005,Lead assignment,CRM,MS_SALES,Microsoft,Dynamics 365 Sales,Dynamics 365 Sales documentation,https://learn.microsoft.com/en-us/dynamics365/sales/,"Sales lifecycle, leads, opportunities, activities, quotes, orders and invoices.",decision,1,APPROVED,Official/primary source authority is relevant to the feature domain; feature-specific requirements remain governed by the canonical dossier and Pass B/C contracts.,2026-08-31
PFD-MAP-F005-2,F005,Lead assignment,CRM,ODOO_CRM,Odoo,Odoo 19 CRM,Odoo 19 CRM documentation,https://www.odoo.com/documentation/19.0/applications/sales/crm.html,"CRM lead/opportunity, pipeline and activity workflow behavior.",decision,2,APPROVED,Official/primary source authority is relevant to the feature domain; feature-specific requirements remain governed by the canonical dossier and Pass B/C contracts.,2026-08-31
PFD-MAP-F006-1,F006,Lead qualification,CRM,MS_SALES,Microsoft,Dynamics 365 Sales,Dynamics 365 Sales documentation,https://learn.microsoft.com/en-us/dynamics365/sales/,"Sales lifecycle, leads, opportunities, activities, quotes, orders and invoices.",decision,1,APPROVED,Official/primary source authority is relevant to the feature domain; feature-specific requirements remain governed by the canonical dossier and Pass B/C contracts.,2026-08-31
PFD-MAP-F006-2,F006,Lead qualification,CRM,ODOO_CRM,Odoo,Odoo 19 CRM,Odoo 19 CRM documentation,https://www.odoo.com/documentation/19.0/applications/sales/crm.html,"CRM lead/opportunity, pipeline and activity workflow behavior.",decision,2,APPROVED,Official/primary source authority is relevant to the feature domain; feature-specific requirements remain governed by the canonical dossier and Pass B/C contracts.,2026-08-31
PFD-MAP-F007-1,F007,Lead stages and statuses,CRM,MS_SALES,Microsoft,Dynamics 365 Sales,Dynamics 365 Sales documentation,https://learn.microsoft.com/en-us/dynamics365/sales/,"Sales lifecycle, leads, opportunities, activities, quotes, orders and invoices.",master_config,1,APPROVED,Official/primary source authority is relevant to the feature domain; feature-specific requirements remain governed by the canonical dossier and Pass B/C contracts.,2026-08-31
PFD-MAP-F007-2,F007,Lead stages and statuses,CRM,ODOO_CRM,Odoo,Odoo 19 CRM,Odoo 19 CRM documentation,https://www.odoo.com/documentation/19.0/applications/sales/crm.html,"CRM lead/opportunity, pipeline and activity workflow behavior.",master_config,2,APPROVED,Official/primary source authority is relevant to the feature domain; feature-specific requirements remain governed by the canonical dossier and Pass B/C contracts.,2026-08-31
PFD-MAP-F008-1,F008,Duplicate detection,CRM,MS_SALES,Microsoft,Dynamics 365 Sales,Dynamics 365 Sales documentation,https://learn.microsoft.com/en-us/dynamics365/sales/,"Sales lifecycle, leads, opportunities, activities, quotes, orders and invoices.",operational,1,APPROVED,Official/primary source authority is relevant to the feature domain; feature-specific requirements remain governed by the canonical dossier and Pass B/C contracts.,2026-08-31
PFD-MAP-F008-2,F008,Duplicate detection,CRM,ODOO_CRM,Odoo,Odoo 19 CRM,Odoo 19 CRM documentation,https://www.odoo.com/documentation/19.0/applications/sales/crm.html,"CRM lead/opportunity, pipeline and activity workflow behavior.",operational,2,APPROVED,Official/primary source authority is relevant to the feature domain; feature-specific requirements remain governed by the canonical dossier and Pass B/C contracts.,2026-08-31
PFD-MAP-F009-1,F009,Opportunities,CRM,MS_SALES,Microsoft,Dynamics 365 Sales,Dynamics 365 Sales documentation,https://learn.microsoft.com/en-us/dynamics365/sales/,"Sales lifecycle, leads, opportunities, activities, quotes, orders and invoices.",operational,1,APPROVED,Official/primary source authority is relevant to the feature domain; feature-specific requirements remain governed by the canonical dossier and Pass B/C contracts.,2026-08-31
PFD-MAP-F009-2,F009,Opportunities,CRM,ODOO_CRM,Odoo,Odoo 19 CRM,Odoo 19 CRM documentation,https://www.odoo.com/documentation/19.0/applications/sales/crm.html,"CRM lead/opportunity, pipeline and activity workflow behavior.",operational,2,APPROVED,Official/primary source authority is relevant to the feature domain; feature-specific requirements remain governed by the canonical dossier and Pass B/C contracts.,2026-08-31
PFD-MAP-F010-1,F010,Opportunity pipeline,CRM,MS_SALES,Microsoft,Dynamics 365 Sales,Dynamics 365 Sales documentation,https://learn.microsoft.com/en-us/dynamics365/sales/,"Sales lifecycle, leads, opportunities, activities, quotes, orders and invoices.",operational,1,APPROVED,Official/primary source authority is relevant to the feature domain; feature-specific requirements remain governed by the canonical dossier and Pass B/C contracts.,2026-08-31
PFD-MAP-F010-2,F010,Opportunity pipeline,CRM,ODOO_CRM,Odoo,Odoo 19 CRM,Odoo 19 CRM documentation,https://www.odoo.com/documentation/19.0/applications/sales/crm.html,"CRM lead/opportunity, pipeline and activity workflow behavior.",operational,2,APPROVED,Official/primary source authority is relevant to the feature domain; feature-specific requirements remain governed by the canonical dossier and Pass B/C contracts.,2026-08-31
PFD-MAP-F011-1,F011,Probability and expected revenue,CRM,MS_SALES,Microsoft,Dynamics 365 Sales,Dynamics 365 Sales documentation,https://learn.microsoft.com/en-us/dynamics365/sales/,"Sales lifecycle, leads, opportunities, activities, quotes, orders and invoices.",calculation,1,APPROVED,Official/primary source authority is relevant to the feature domain; feature-specific requirements remain governed by the canonical dossier and Pass B/C contracts.,2026-08-31
PFD-MAP-F011-2,F011,Probability and expected revenue,CRM,ODOO_CRM,Odoo,Odoo 19 CRM,Odoo 19 CRM documentation,https://www.odoo.com/documentation/19.0/applications/sales/crm.html,"CRM lead/opportunity, pipeline and activity workflow behavior.",calculation,2,APPROVED,Official/primary source authority is relevant to the feature domain; feature-specific requirements remain governed by the canonical dossier and Pass B/C contracts.,2026-08-31
PFD-MAP-F012-1,F012,Sales stages,CRM,MS_SALES,Microsoft,Dynamics 365 Sales,Dynamics 365 Sales documentation,https://learn.microsoft.com/en-us/dynamics365/sales/,"Sales lifecycle, leads, opportunities, activities, quotes, orders and invoices.",master_config,1,APPROVED,Official/primary source authority is relevant to the feature domain; feature-specific requirements remain governed by the canonical dossier and Pass B/C contracts.,2026-08-31
PFD-MAP-F012-2,F012,Sales stages,CRM,ODOO_CRM,Odoo,Odoo 19 CRM,Odoo 19 CRM documentation,https://www.odoo.com/documentation/19.0/applications/sales/crm.html,"CRM lead/opportunity, pipeline and activity workflow behavior.",master_config,2,APPROVED,Official/primary source authority is relevant to the feature domain; feature-specific requirements remain governed by the canonical dossier and Pass B/C contracts.,2026-08-31
PFD-MAP-F013-1,F013,Calls,CRM,MS_SALES,Microsoft,Dynamics 365 Sales,Dynamics 365 Sales documentation,https://learn.microsoft.com/en-us/dynamics365/sales/,"Sales lifecycle, leads, opportunities, activities, quotes, orders and invoices.",operational,1,APPROVED,Official/primary source authority is relevant to the feature domain; feature-specific requirements remain governed by the canonical dossier and Pass B/C contracts.,2026-08-31
PFD-MAP-F013-2,F013,Calls,CRM,ODOO_CRM,Odoo,Odoo 19 CRM,Odoo 19 CRM documentation,https://www.odoo.com/documentation/19.0/applications/sales/crm.html,"CRM lead/opportunity, pipeline and activity workflow behavior.",operational,2,APPROVED,Official/primary source authority is relevant to the feature domain; feature-specific requirements remain governed by the canonical dossier and Pass B/C contracts.,2026-08-31
PFD-MAP-F014-1,F014,Meetings,CRM,MS_SALES,Microsoft,Dynamics 365 Sales,Dynamics 365 Sales documentation,https://learn.microsoft.com/en-us/dynamics365/sales/,"Sales lifecycle, leads, opportunities, activities, quotes, orders and invoices.",operational,1,APPROVED,Official/primary source authority is relevant to the feature domain; feature-specific requirements remain governed by the canonical dossier and Pass B/C contracts.,2026-08-31
PFD-MAP-F014-2,F014,Meetings,CRM,ODOO_CRM,Odoo,Odoo 19 CRM,Odoo 19 CRM documentation,https://www.odoo.com/documentation/19.0/applications/sales/crm.html,"CRM lead/opportunity, pipeline and activity workflow behavior.",operational,2,APPROVED,Official/primary source authority is relevant to the feature domain; feature-specific requirements remain governed by the canonical dossier and Pass B/C contracts.,2026-08-31
PFD-MAP-F015-1,F015,Tasks,CRM,MS_SALES,Microsoft,Dynamics 365 Sales,Dynamics 365 Sales documentation,https://learn.microsoft.com/en-us/dynamics365/sales/,"Sales lifecycle, leads, opportunities, activities, quotes, orders and invoices.",operational,1,APPROVED,Official/primary source authority is relevant to the feature domain; feature-specific requirements remain governed by the canonical dossier and Pass B/C contracts.,2026-08-31
PFD-MAP-F015-2,F015,Tasks,CRM,ODOO_CRM,Odoo,Odoo 19 CRM,Odoo 19 CRM documentation,https://www.odoo.com/documentation/19.0/applications/sales/crm.html,"CRM lead/opportunity, pipeline and activity workflow behavior.",operational,2,APPROVED,Official/primary source authority is relevant to the feature domain; feature-specific requirements remain governed by the canonical dossier and Pass B/C contracts.,2026-08-31
PFD-MAP-F016-1,F016,Follow-ups and reminders,CRM,MS_SALES,Microsoft,Dynamics 365 Sales,Dynamics 365 Sales documentation,https://learn.microsoft.com/en-us/dynamics365/sales/,"Sales lifecycle, leads, opportunities, activities, quotes, orders and invoices.",operational,1,APPROVED,Official/primary source authority is relevant to the feature domain; feature-specific requirements remain governed by the canonical dossier and Pass B/C contracts.,2026-08-31
PFD-MAP-F016-2,F016,Follow-ups and reminders,CRM,ODOO_CRM,Odoo,Odoo 19 CRM,Odoo 19 CRM documentation,https://www.odoo.com/documentation/19.0/applications/sales/crm.html,"CRM lead/opportunity, pipeline and activity workflow behavior.",operational,2,APPROVED,Official/primary source authority is relevant to the feature domain; feature-specific requirements remain governed by the canonical dossier and Pass B/C contracts.,2026-08-31
PFD-MAP-F017-1,F017,Notes and attachments,CRM,MS_SALES,Microsoft,Dynamics 365 Sales,Dynamics 365 Sales documentation,https://learn.microsoft.com/en-us/dynamics365/sales/,"Sales lifecycle, leads, opportunities, activities, quotes, orders and invoices.",operational,1,APPROVED,Official/primary source authority is relevant to the feature domain; feature-specific requirements remain governed by the canonical dossier and Pass B/C contracts.,2026-08-31
PFD-MAP-F017-2,F017,Notes and attachments,CRM,ODOO_CRM,Odoo,Odoo 19 CRM,Odoo 19 CRM documentation,https://www.odoo.com/documentation/19.0/applications/sales/crm.html,"CRM lead/opportunity, pipeline and activity workflow behavior.",operational,2,APPROVED,Official/primary source authority is relevant to the feature domain; feature-specific requirements remain governed by the canonical dossier and Pass B/C contracts.,2026-08-31
PFD-MAP-F018-1,F018,Email history,CRM,MS_SALES,Microsoft,Dynamics 365 Sales,Dynamics 365 Sales documentation,https://learn.microsoft.com/en-us/dynamics365/sales/,"Sales lifecycle, leads, opportunities, activities, quotes, orders and invoices.",operational,1,APPROVED,Official/primary source authority is relevant to the feature domain; feature-specific requirements remain governed by the canonical dossier and Pass B/C contracts.,2026-08-31
PFD-MAP-F018-2,F018,Email history,CRM,ODOO_CRM,Odoo,Odoo 19 CRM,Odoo 19 CRM documentation,https://www.odoo.com/documentation/19.0/applications/sales/crm.html,"CRM lead/opportunity, pipeline and activity workflow behavior.",operational,2,APPROVED,Official/primary source authority is relevant to the feature domain; feature-specific requirements remain governed by the canonical dossier and Pass B/C contracts.,2026-08-31
PFD-MAP-F019-1,F019,Activity timeline,CRM,MS_SALES,Microsoft,Dynamics 365 Sales,Dynamics 365 Sales documentation,https://learn.microsoft.com/en-us/dynamics365/sales/,"Sales lifecycle, leads, opportunities, activities, quotes, orders and invoices.",operational,1,APPROVED,Official/primary source authority is relevant to the feature domain; feature-specific requirements remain governed by the canonical dossier and Pass B/C contracts.,2026-08-31
PFD-MAP-F019-2,F019,Activity timeline,CRM,ODOO_CRM,Odoo,Odoo 19 CRM,Odoo 19 CRM documentation,https://www.odoo.com/documentation/19.0/applications/sales/crm.html,"CRM lead/opportunity, pipeline and activity workflow behavior.",operational,2,APPROVED,Official/primary source authority is relevant to the feature domain; feature-specific requirements remain governed by the canonical dossier and Pass B/C contracts.,2026-08-31
PFD-MAP-F020-1,F020,Territories and sales teams,CRM,MS_SALES,Microsoft,Dynamics 365 Sales,Dynamics 365 Sales documentation,https://learn.microsoft.com/en-us/dynamics365/sales/,"Sales lifecycle, leads, opportunities, activities, quotes, orders and invoices.",operational,1,APPROVED,Official/primary source authority is relevant to the feature domain; feature-specific requirements remain governed by the canonical dossier and Pass B/C contracts.,2026-08-31
PFD-MAP-F020-2,F020,Territories and sales teams,CRM,ODOO_CRM,Odoo,Odoo 19 CRM,Odoo 19 CRM documentation,https://www.odoo.com/documentation/19.0/applications/sales/crm.html,"CRM lead/opportunity, pipeline and activity workflow behavior.",operational,2,APPROVED,Official/primary source authority is relevant to the feature domain; feature-specific requirements remain governed by the canonical dossier and Pass B/C contracts.,2026-08-31
PFD-MAP-F021-1,F021,Lead import and export,CRM,MS_SALES,Microsoft,Dynamics 365 Sales,Dynamics 365 Sales documentation,https://learn.microsoft.com/en-us/dynamics365/sales/,"Sales lifecycle, leads, opportunities, activities, quotes, orders and invoices.",operational,1,APPROVED,Official/primary source authority is relevant to the feature domain; feature-specific requirements remain governed by the canonical dossier and Pass B/C contracts.,2026-08-31
PFD-MAP-F021-2,F021,Lead import and export,CRM,ODOO_CRM,Odoo,Odoo 19 CRM,Odoo 19 CRM documentation,https://www.odoo.com/documentation/19.0/applications/sales/crm.html,"CRM lead/opportunity, pipeline and activity workflow behavior.",operational,2,APPROVED,Official/primary source authority is relevant to the feature domain; feature-specific requirements remain governed by the canonical dossier and Pass B/C contracts.,2026-08-31
PFD-MAP-F022-1,F022,Lead-to-opportunity conversion,CRM,MS_SALES,Microsoft,Dynamics 365 Sales,Dynamics 365 Sales documentation,https://learn.microsoft.com/en-us/dynamics365/sales/,"Sales lifecycle, leads, opportunities, activities, quotes, orders and invoices.",operational,1,APPROVED,Official/primary source authority is relevant to the feature domain; feature-specific requirements remain governed by the canonical dossier and Pass B/C contracts.,2026-08-31
PFD-MAP-F022-2,F022,Lead-to-opportunity conversion,CRM,ODOO_CRM,Odoo,Odoo 19 CRM,Odoo 19 CRM documentation,https://www.odoo.com/documentation/19.0/applications/sales/crm.html,"CRM lead/opportunity, pipeline and activity workflow behavior.",operational,2,APPROVED,Official/primary source authority is relevant to the feature domain; feature-specific requirements remain governed by the canonical dossier and Pass B/C contracts.,2026-08-31
PFD-MAP-F023-1,F023,Opportunity-to-quotation conversion,CRM,MS_SALES,Microsoft,Dynamics 365 Sales,Dynamics 365 Sales documentation,https://learn.microsoft.com/en-us/dynamics365/sales/,"Sales lifecycle, leads, opportunities, activities, quotes, orders and invoices.",document,1,APPROVED,Official/primary source authority is relevant to the feature domain; feature-specific requirements remain governed by the canonical dossier and Pass B/C contracts.,2026-08-31
PFD-MAP-F023-2,F023,Opportunity-to-quotation conversion,CRM,ODOO_CRM,Odoo,Odoo 19 CRM,Odoo 19 CRM documentation,https://www.odoo.com/documentation/19.0/applications/sales/crm.html,"CRM lead/opportunity, pipeline and activity workflow behavior.",document,2,APPROVED,Official/primary source authority is relevant to the feature domain; feature-specific requirements remain governed by the canonical dossier and Pass B/C contracts.,2026-08-31
PFD-MAP-F024-1,F024,Pipeline dashboard,CRM,MS_SALES,Microsoft,Dynamics 365 Sales,Dynamics 365 Sales documentation,https://learn.microsoft.com/en-us/dynamics365/sales/,"Sales lifecycle, leads, opportunities, activities, quotes, orders and invoices.",analytics,1,APPROVED,Official/primary source authority is relevant to the feature domain; feature-specific requirements remain governed by the canonical dossier and Pass B/C contracts.,2026-08-31
PFD-MAP-F024-2,F024,Pipeline dashboard,CRM,ODOO_CRM,Odoo,Odoo 19 CRM,Odoo 19 CRM documentation,https://www.odoo.com/documentation/19.0/applications/sales/crm.html,"CRM lead/opportunity, pipeline and activity workflow behavior.",analytics,2,APPROVED,Official/primary source authority is relevant to the feature domain; feature-specific requirements remain governed by the canonical dossier and Pass B/C contracts.,2026-08-31
PFD-MAP-F025-1,F025,Sales forecast,CRM,MS_SALES,Microsoft,Dynamics 365 Sales,Dynamics 365 Sales documentation,https://learn.microsoft.com/en-us/dynamics365/sales/,"Sales lifecycle, leads, opportunities, activities, quotes, orders and invoices.",analytics,1,APPROVED,Official/primary source authority is relevant to the feature domain; feature-specific requirements remain governed by the canonical dossier and Pass B/C contracts.,2026-08-31
PFD-MAP-F025-2,F025,Sales forecast,CRM,ODOO_CRM,Odoo,Odoo 19 CRM,Odoo 19 CRM documentation,https://www.odoo.com/documentation/19.0/applications/sales/crm.html,"CRM lead/opportunity, pipeline and activity workflow behavior.",analytics,2,APPROVED,Official/primary source authority is relevant to the feature domain; feature-specific requirements remain governed by the canonical dossier and Pass B/C contracts.,2026-08-31
PFD-MAP-F026-1,F026,Won / lost reasons,CRM,MS_SALES,Microsoft,Dynamics 365 Sales,Dynamics 365 Sales documentation,https://learn.microsoft.com/en-us/dynamics365/sales/,"Sales lifecycle, leads, opportunities, activities, quotes, orders and invoices.",operational,1,APPROVED,Official/primary source authority is relevant to the feature domain; feature-specific requirements remain governed by the canonical dossier and Pass B/C contracts.,2026-08-31
PFD-MAP-F026-2,F026,Won / lost reasons,CRM,ODOO_CRM,Odoo,Odoo 19 CRM,Odoo 19 CRM documentation,https://www.odoo.com/documentation/19.0/applications/sales/crm.html,"CRM lead/opportunity, pipeline and activity workflow behavior.",operational,2,APPROVED,Official/primary source authority is relevant to the feature domain; feature-specific requirements remain governed by the canonical dossier and Pass B/C contracts.,2026-08-31
PFD-MAP-F027-1,F027,Basic lead scoring,CRM,MS_SALES,Microsoft,Dynamics 365 Sales,Dynamics 365 Sales documentation,https://learn.microsoft.com/en-us/dynamics365/sales/,"Sales lifecycle, leads, opportunities, activities, quotes, orders and invoices.",operational,1,APPROVED,Official/primary source authority is relevant to the feature domain; feature-specific requirements remain governed by the canonical dossier and Pass B/C contracts.,2026-08-31
PFD-MAP-F027-2,F027,Basic lead scoring,CRM,ODOO_CRM,Odoo,Odoo 19 CRM,Odoo 19 CRM documentation,https://www.odoo.com/documentation/19.0/applications/sales/crm.html,"CRM lead/opportunity, pipeline and activity workflow behavior.",operational,2,APPROVED,Official/primary source authority is relevant to the feature domain; feature-specific requirements remain governed by the canonical dossier and Pass B/C contracts.,2026-08-31
PFD-MAP-F028-1,F028,Custom fields and tags,CRM,MS_SALES,Microsoft,Dynamics 365 Sales,Dynamics 365 Sales documentation,https://learn.microsoft.com/en-us/dynamics365/sales/,"Sales lifecycle, leads, opportunities, activities, quotes, orders and invoices.",master_config,1,APPROVED,Official/primary source authority is relevant to the feature domain; feature-specific requirements remain governed by the canonical dossier and Pass B/C contracts.,2026-08-31
PFD-MAP-F028-2,F028,Custom fields and tags,CRM,ODOO_CRM,Odoo,Odoo 19 CRM,Odoo 19 CRM documentation,https://www.odoo.com/documentation/19.0/applications/sales/crm.html,"CRM lead/opportunity, pipeline and activity workflow behavior.",master_config,2,APPROVED,Official/primary source authority is relevant to the feature domain; feature-specific requirements remain governed by the canonical dossier and Pass B/C contracts.,2026-08-31
PFD-MAP-F029-1,F029,Bulk actions,CRM,MS_SALES,Microsoft,Dynamics 365 Sales,Dynamics 365 Sales documentation,https://learn.microsoft.com/en-us/dynamics365/sales/,"Sales lifecycle, leads, opportunities, activities, quotes, orders and invoices.",operational,1,APPROVED,Official/primary source authority is relevant to the feature domain; feature-specific requirements remain governed by the canonical dossier and Pass B/C contracts.,2026-08-31
PFD-MAP-F029-2,F029,Bulk actions,CRM,ODOO_CRM,Odoo,Odoo 19 CRM,Odoo 19 CRM documentation,https://www.odoo.com/documentation/19.0/applications/sales/crm.html,"CRM lead/opportunity, pipeline and activity workflow behavior.",operational,2,APPROVED,Official/primary source authority is relevant to the feature domain; feature-specific requirements remain governed by the canonical dossier and Pass B/C contracts.,2026-08-31
PFD-MAP-F030-1,F030,CRM reports,CRM,MS_SALES,Microsoft,Dynamics 365 Sales,Dynamics 365 Sales documentation,https://learn.microsoft.com/en-us/dynamics365/sales/,"Sales lifecycle, leads, opportunities, activities, quotes, orders and invoices.",analytics,1,APPROVED,Official/primary source authority is relevant to the feature domain; feature-specific requirements remain governed by the canonical dossier and Pass B/C contracts.,2026-08-31
PFD-MAP-F030-2,F030,CRM reports,CRM,ODOO_CRM,Odoo,Odoo 19 CRM,Odoo 19 CRM documentation,https://www.odoo.com/documentation/19.0/applications/sales/crm.html,"CRM lead/opportunity, pipeline and activity workflow behavior.",analytics,2,APPROVED,Official/primary source authority is relevant to the feature domain; feature-specific requirements remain governed by the canonical dossier and Pass B/C contracts.,2026-08-31
PFD-MAP-F031-1,F031,Customer master,Sales,MS_SALES,Microsoft,Dynamics 365 Sales,Dynamics 365 Sales documentation,https://learn.microsoft.com/en-us/dynamics365/sales/,"Sales lifecycle, leads, opportunities, activities, quotes, orders and invoices.",master_config,1,APPROVED,Official/primary source authority is relevant to the feature domain; feature-specific requirements remain governed by the canonical dossier and Pass B/C contracts.,2026-08-31
PFD-MAP-F031-2,F031,Customer master,Sales,ODOO_SALES,Odoo,Odoo 19 Sales,Odoo 19 Sales documentation,https://www.odoo.com/documentation/19.0/applications/sales/sales.html,"Quotations, sales orders, pricing and customer sales workflows.",master_config,2,APPROVED,Official/primary source authority is relevant to the feature domain; feature-specific requirements remain governed by the canonical dossier and Pass B/C contracts.,2026-08-31
PFD-MAP-F032-1,F032,Customer addresses and contacts,Sales,MS_SALES,Microsoft,Dynamics 365 Sales,Dynamics 365 Sales documentation,https://learn.microsoft.com/en-us/dynamics365/sales/,"Sales lifecycle, leads, opportunities, activities, quotes, orders and invoices.",master_config,1,APPROVED,Official/primary source authority is relevant to the feature domain; feature-specific requirements remain governed by the canonical dossier and Pass B/C contracts.,2026-08-31
PFD-MAP-F032-2,F032,Customer addresses and contacts,Sales,ODOO_SALES,Odoo,Odoo 19 Sales,Odoo 19 Sales documentation,https://www.odoo.com/documentation/19.0/applications/sales/sales.html,"Quotations, sales orders, pricing and customer sales workflows.",master_config,2,APPROVED,Official/primary source authority is relevant to the feature domain; feature-specific requirements remain governed by the canonical dossier and Pass B/C contracts.,2026-08-31
PFD-MAP-F033-1,F033,Products and services,Sales,MS_SALES,Microsoft,Dynamics 365 Sales,Dynamics 365 Sales documentation,https://learn.microsoft.com/en-us/dynamics365/sales/,"Sales lifecycle, leads, opportunities, activities, quotes, orders and invoices.",master_config,1,APPROVED,Official/primary source authority is relevant to the feature domain; feature-specific requirements remain governed by the canonical dossier and Pass B/C contracts.,2026-08-31
PFD-MAP-F033-2,F033,Products and services,Sales,ODOO_SALES,Odoo,Odoo 19 Sales,Odoo 19 Sales documentation,https://www.odoo.com/documentation/19.0/applications/sales/sales.html,"Quotations, sales orders, pricing and customer sales workflows.",master_config,2,APPROVED,Official/primary source authority is relevant to the feature domain; feature-specific requirements remain governed by the canonical dossier and Pass B/C contracts.,2026-08-31
PFD-MAP-F034-1,F034,Price lists,Sales,MS_SALES,Microsoft,Dynamics 365 Sales,Dynamics 365 Sales documentation,https://learn.microsoft.com/en-us/dynamics365/sales/,"Sales lifecycle, leads, opportunities, activities, quotes, orders and invoices.",master_config,1,APPROVED,Official/primary source authority is relevant to the feature domain; feature-specific requirements remain governed by the canonical dossier and Pass B/C contracts.,2026-08-31
PFD-MAP-F034-2,F034,Price lists,Sales,ODOO_SALES,Odoo,Odoo 19 Sales,Odoo 19 Sales documentation,https://www.odoo.com/documentation/19.0/applications/sales/sales.html,"Quotations, sales orders, pricing and customer sales workflows.",master_config,2,APPROVED,Official/primary source authority is relevant to the feature domain; feature-specific requirements remain governed by the canonical dossier and Pass B/C contracts.,2026-08-31
PFD-MAP-F035-1,F035,Customer-specific prices,Sales,MS_SALES,Microsoft,Dynamics 365 Sales,Dynamics 365 Sales documentation,https://learn.microsoft.com/en-us/dynamics365/sales/,"Sales lifecycle, leads, opportunities, activities, quotes, orders and invoices.",operational,1,APPROVED,Official/primary source authority is relevant to the feature domain; feature-specific requirements remain governed by the canonical dossier and Pass B/C contracts.,2026-08-31
PFD-MAP-F035-2,F035,Customer-specific prices,Sales,ODOO_SALES,Odoo,Odoo 19 Sales,Odoo 19 Sales documentation,https://www.odoo.com/documentation/19.0/applications/sales/sales.html,"Quotations, sales orders, pricing and customer sales workflows.",operational,2,APPROVED,Official/primary source authority is relevant to the feature domain; feature-specific requirements remain governed by the canonical dossier and Pass B/C contracts.,2026-08-31
PFD-MAP-F036-1,F036,Quotations,Sales,MS_SALES,Microsoft,Dynamics 365 Sales,Dynamics 365 Sales documentation,https://learn.microsoft.com/en-us/dynamics365/sales/,"Sales lifecycle, leads, opportunities, activities, quotes, orders and invoices.",document,1,APPROVED,Official/primary source authority is relevant to the feature domain; feature-specific requirements remain governed by the canonical dossier and Pass B/C contracts.,2026-08-31
PFD-MAP-F036-2,F036,Quotations,Sales,ODOO_SALES,Odoo,Odoo 19 Sales,Odoo 19 Sales documentation,https://www.odoo.com/documentation/19.0/applications/sales/sales.html,"Quotations, sales orders, pricing and customer sales workflows.",document,2,APPROVED,Official/primary source authority is relevant to the feature domain; feature-specific requirements remain governed by the canonical dossier and Pass B/C contracts.,2026-08-31
PFD-MAP-F037-1,F037,Quotation versions and revisions,Sales,MS_SALES,Microsoft,Dynamics 365 Sales,Dynamics 365 Sales documentation,https://learn.microsoft.com/en-us/dynamics365/sales/,"Sales lifecycle, leads, opportunities, activities, quotes, orders and invoices.",document,1,APPROVED,Official/primary source authority is relevant to the feature domain; feature-specific requirements remain governed by the canonical dossier and Pass B/C contracts.,2026-08-31
PFD-MAP-F037-2,F037,Quotation versions and revisions,Sales,ODOO_SALES,Odoo,Odoo 19 Sales,Odoo 19 Sales documentation,https://www.odoo.com/documentation/19.0/applications/sales/sales.html,"Quotations, sales orders, pricing and customer sales workflows.",document,2,APPROVED,Official/primary source authority is relevant to the feature domain; feature-specific requirements remain governed by the canonical dossier and Pass B/C contracts.,2026-08-31
PFD-MAP-F038-1,F038,Quotation expiry,Sales,MS_SALES,Microsoft,Dynamics 365 Sales,Dynamics 365 Sales documentation,https://learn.microsoft.com/en-us/dynamics365/sales/,"Sales lifecycle, leads, opportunities, activities, quotes, orders and invoices.",document,1,APPROVED,Official/primary source authority is relevant to the feature domain; feature-specific requirements remain governed by the canonical dossier and Pass B/C contracts.,2026-08-31
PFD-MAP-F038-2,F038,Quotation expiry,Sales,ODOO_SALES,Odoo,Odoo 19 Sales,Odoo 19 Sales documentation,https://www.odoo.com/documentation/19.0/applications/sales/sales.html,"Quotations, sales orders, pricing and customer sales workflows.",document,2,APPROVED,Official/primary source authority is relevant to the feature domain; feature-specific requirements remain governed by the canonical dossier and Pass B/C contracts.,2026-08-31
PFD-MAP-F039-1,F039,Discounts,Sales,MS_SALES,Microsoft,Dynamics 365 Sales,Dynamics 365 Sales documentation,https://learn.microsoft.com/en-us/dynamics365/sales/,"Sales lifecycle, leads, opportunities, activities, quotes, orders and invoices.",operational,1,APPROVED,Official/primary source authority is relevant to the feature domain; feature-specific requirements remain governed by the canonical dossier and Pass B/C contracts.,2026-08-31
PFD-MAP-F039-2,F039,Discounts,Sales,ODOO_SALES,Odoo,Odoo 19 Sales,Odoo 19 Sales documentation,https://www.odoo.com/documentation/19.0/applications/sales/sales.html,"Quotations, sales orders, pricing and customer sales workflows.",operational,2,APPROVED,Official/primary source authority is relevant to the feature domain; feature-specific requirements remain governed by the canonical dossier and Pass B/C contracts.,2026-08-31
PFD-MAP-F040-1,F040,Taxes,Sales,MS_SALES,Microsoft,Dynamics 365 Sales,Dynamics 365 Sales documentation,https://learn.microsoft.com/en-us/dynamics365/sales/,"Sales lifecycle, leads, opportunities, activities, quotes, orders and invoices.",calculation,1,APPROVED,Official/primary source authority is relevant to the feature domain; feature-specific requirements remain governed by the canonical dossier and Pass B/C contracts.,2026-08-31
PFD-MAP-F040-2,F040,Taxes,Sales,ODOO_SALES,Odoo,Odoo 19 Sales,Odoo 19 Sales documentation,https://www.odoo.com/documentation/19.0/applications/sales/sales.html,"Quotations, sales orders, pricing and customer sales workflows.",calculation,2,APPROVED,Official/primary source authority is relevant to the feature domain; feature-specific requirements remain governed by the canonical dossier and Pass B/C contracts.,2026-08-31
PFD-MAP-F041-1,F041,Approval workflow,Sales,MS_SALES,Microsoft,Dynamics 365 Sales,Dynamics 365 Sales documentation,https://learn.microsoft.com/en-us/dynamics365/sales/,"Sales lifecycle, leads, opportunities, activities, quotes, orders and invoices.",decision,1,APPROVED,Official/primary source authority is relevant to the feature domain; feature-specific requirements remain governed by the canonical dossier and Pass B/C contracts.,2026-08-31
PFD-MAP-F041-2,F041,Approval workflow,Sales,ODOO_SALES,Odoo,Odoo 19 Sales,Odoo 19 Sales documentation,https://www.odoo.com/documentation/19.0/applications/sales/sales.html,"Quotations, sales orders, pricing and customer sales workflows.",decision,2,APPROVED,Official/primary source authority is relevant to the feature domain; feature-specific requirements remain governed by the canonical dossier and Pass B/C contracts.,2026-08-31
PFD-MAP-F042-1,F042,Sales orders,Sales,MS_SALES,Microsoft,Dynamics 365 Sales,Dynamics 365 Sales documentation,https://learn.microsoft.com/en-us/dynamics365/sales/,"Sales lifecycle, leads, opportunities, activities, quotes, orders and invoices.",document,1,APPROVED,Official/primary source authority is relevant to the feature domain; feature-specific requirements remain governed by the canonical dossier and Pass B/C contracts.,2026-08-31
PFD-MAP-F042-2,F042,Sales orders,Sales,ODOO_SALES,Odoo,Odoo 19 Sales,Odoo 19 Sales documentation,https://www.odoo.com/documentation/19.0/applications/sales/sales.html,"Quotations, sales orders, pricing and customer sales workflows.",document,2,APPROVED,Official/primary source authority is relevant to the feature domain; feature-specific requirements remain governed by the canonical dossier and Pass B/C contracts.,2026-08-31
PFD-MAP-F043-1,F043,Order confirmation,Sales,MS_SALES,Microsoft,Dynamics 365 Sales,Dynamics 365 Sales documentation,https://learn.microsoft.com/en-us/dynamics365/sales/,"Sales lifecycle, leads, opportunities, activities, quotes, orders and invoices.",document,1,APPROVED,Official/primary source authority is relevant to the feature domain; feature-specific requirements remain governed by the canonical dossier and Pass B/C contracts.,2026-08-31
PFD-MAP-F043-2,F043,Order confirmation,Sales,ODOO_SALES,Odoo,Odoo 19 Sales,Odoo 19 Sales documentation,https://www.odoo.com/documentation/19.0/applications/sales/sales.html,"Quotations, sales orders, pricing and customer sales workflows.",document,2,APPROVED,Official/primary source authority is relevant to the feature domain; feature-specific requirements remain governed by the canonical dossier and Pass B/C contracts.,2026-08-31
PFD-MAP-F044-1,F044,Order amendments,Sales,MS_SALES,Microsoft,Dynamics 365 Sales,Dynamics 365 Sales documentation,https://learn.microsoft.com/en-us/dynamics365/sales/,"Sales lifecycle, leads, opportunities, activities, quotes, orders and invoices.",document,1,APPROVED,Official/primary source authority is relevant to the feature domain; feature-specific requirements remain governed by the canonical dossier and Pass B/C contracts.,2026-08-31
PFD-MAP-F044-2,F044,Order amendments,Sales,ODOO_SALES,Odoo,Odoo 19 Sales,Odoo 19 Sales documentation,https://www.odoo.com/documentation/19.0/applications/sales/sales.html,"Quotations, sales orders, pricing and customer sales workflows.",document,2,APPROVED,Official/primary source authority is relevant to the feature domain; feature-specific requirements remain governed by the canonical dossier and Pass B/C contracts.,2026-08-31
PFD-MAP-F045-1,F045,Availability check,Sales,MS_SALES,Microsoft,Dynamics 365 Sales,Dynamics 365 Sales documentation,https://learn.microsoft.com/en-us/dynamics365/sales/,"Sales lifecycle, leads, opportunities, activities, quotes, orders and invoices.",operational,1,APPROVED,Official/primary source authority is relevant to the feature domain; feature-specific requirements remain governed by the canonical dossier and Pass B/C contracts.,2026-08-31
PFD-MAP-F045-2,F045,Availability check,Sales,ODOO_SALES,Odoo,Odoo 19 Sales,Odoo 19 Sales documentation,https://www.odoo.com/documentation/19.0/applications/sales/sales.html,"Quotations, sales orders, pricing and customer sales workflows.",operational,2,APPROVED,Official/primary source authority is relevant to the feature domain; feature-specific requirements remain governed by the canonical dossier and Pass B/C contracts.,2026-08-31
PFD-MAP-F046-1,F046,Stock reservation,Sales,MS_SALES,Microsoft,Dynamics 365 Sales,Dynamics 365 Sales documentation,https://learn.microsoft.com/en-us/dynamics365/sales/,"Sales lifecycle, leads, opportunities, activities, quotes, orders and invoices.",operational,1,APPROVED,Official/primary source authority is relevant to the feature domain; feature-specific requirements remain governed by the canonical dossier and Pass B/C contracts.,2026-08-31
PFD-MAP-F046-2,F046,Stock reservation,Sales,ODOO_SALES,Odoo,Odoo 19 Sales,Odoo 19 Sales documentation,https://www.odoo.com/documentation/19.0/applications/sales/sales.html,"Quotations, sales orders, pricing and customer sales workflows.",operational,2,APPROVED,Official/primary source authority is relevant to the feature domain; feature-specific requirements remain governed by the canonical dossier and Pass B/C contracts.,2026-08-31
PFD-MAP-F047-1,F047,Partial fulfilment,Sales,MS_SALES,Microsoft,Dynamics 365 Sales,Dynamics 365 Sales documentation,https://learn.microsoft.com/en-us/dynamics365/sales/,"Sales lifecycle, leads, opportunities, activities, quotes, orders and invoices.",operational,1,APPROVED,Official/primary source authority is relevant to the feature domain; feature-specific requirements remain governed by the canonical dossier and Pass B/C contracts.,2026-08-31
PFD-MAP-F047-2,F047,Partial fulfilment,Sales,ODOO_SALES,Odoo,Odoo 19 Sales,Odoo 19 Sales documentation,https://www.odoo.com/documentation/19.0/applications/sales/sales.html,"Quotations, sales orders, pricing and customer sales workflows.",operational,2,APPROVED,Official/primary source authority is relevant to the feature domain; feature-specific requirements remain governed by the canonical dossier and Pass B/C contracts.,2026-08-31
PFD-MAP-F048-1,F048,Backorders,Sales,MS_SALES,Microsoft,Dynamics 365 Sales,Dynamics 365 Sales documentation,https://learn.microsoft.com/en-us/dynamics365/sales/,"Sales lifecycle, leads, opportunities, activities, quotes, orders and invoices.",document,1,APPROVED,Official/primary source authority is relevant to the feature domain; feature-specific requirements remain governed by the canonical dossier and Pass B/C contracts.,2026-08-31
PFD-MAP-F048-2,F048,Backorders,Sales,ODOO_SALES,Odoo,Odoo 19 Sales,Odoo 19 Sales documentation,https://www.odoo.com/documentation/19.0/applications/sales/sales.html,"Quotations, sales orders, pricing and customer sales workflows.",document,2,APPROVED,Official/primary source authority is relevant to the feature domain; feature-specific requirements remain governed by the canonical dossier and Pass B/C contracts.,2026-08-31
PFD-MAP-F049-1,F049,Delivery and shipment,Sales,MS_SALES,Microsoft,Dynamics 365 Sales,Dynamics 365 Sales documentation,https://learn.microsoft.com/en-us/dynamics365/sales/,"Sales lifecycle, leads, opportunities, activities, quotes, orders and invoices.",operational,1,APPROVED,Official/primary source authority is relevant to the feature domain; feature-specific requirements remain governed by the canonical dossier and Pass B/C contracts.,2026-08-31
PFD-MAP-F049-2,F049,Delivery and shipment,Sales,ODOO_SALES,Odoo,Odoo 19 Sales,Odoo 19 Sales documentation,https://www.odoo.com/documentation/19.0/applications/sales/sales.html,"Quotations, sales orders, pricing and customer sales workflows.",operational,2,APPROVED,Official/primary source authority is relevant to the feature domain; feature-specific requirements remain governed by the canonical dossier and Pass B/C contracts.,2026-08-31
PFD-MAP-F050-1,F050,Sales invoices,Sales,MS_SALES,Microsoft,Dynamics 365 Sales,Dynamics 365 Sales documentation,https://learn.microsoft.com/en-us/dynamics365/sales/,"Sales lifecycle, leads, opportunities, activities, quotes, orders and invoices.",document,1,APPROVED,Official/primary source authority is relevant to the feature domain; feature-specific requirements remain governed by the canonical dossier and Pass B/C contracts.,2026-08-31
PFD-MAP-F050-2,F050,Sales invoices,Sales,ODOO_SALES,Odoo,Odoo 19 Sales,Odoo 19 Sales documentation,https://www.odoo.com/documentation/19.0/applications/sales/sales.html,"Quotations, sales orders, pricing and customer sales workflows.",document,2,APPROVED,Official/primary source authority is relevant to the feature domain; feature-specific requirements remain governed by the canonical dossier and Pass B/C contracts.,2026-08-31
PFD-MAP-F051-1,F051,Partial invoicing,Sales,MS_SALES,Microsoft,Dynamics 365 Sales,Dynamics 365 Sales documentation,https://learn.microsoft.com/en-us/dynamics365/sales/,"Sales lifecycle, leads, opportunities, activities, quotes, orders and invoices.",operational,1,APPROVED,Official/primary source authority is relevant to the feature domain; feature-specific requirements remain governed by the canonical dossier and Pass B/C contracts.,2026-08-31
PFD-MAP-F051-2,F051,Partial invoicing,Sales,ODOO_SALES,Odoo,Odoo 19 Sales,Odoo 19 Sales documentation,https://www.odoo.com/documentation/19.0/applications/sales/sales.html,"Quotations, sales orders, pricing and customer sales workflows.",operational,2,APPROVED,Official/primary source authority is relevant to the feature domain; feature-specific requirements remain governed by the canonical dossier and Pass B/C contracts.,2026-08-31
PFD-MAP-F052-1,F052,Advance payments,Sales,MS_SALES,Microsoft,Dynamics 365 Sales,Dynamics 365 Sales documentation,https://learn.microsoft.com/en-us/dynamics365/sales/,"Sales lifecycle, leads, opportunities, activities, quotes, orders and invoices.",money_movement,1,APPROVED,Official/primary source authority is relevant to the feature domain; feature-specific requirements remain governed by the canonical dossier and Pass B/C contracts.,2026-08-31
PFD-MAP-F052-2,F052,Advance payments,Sales,ODOO_SALES,Odoo,Odoo 19 Sales,Odoo 19 Sales documentation,https://www.odoo.com/documentation/19.0/applications/sales/sales.html,"Quotations, sales orders, pricing and customer sales workflows.",money_movement,2,APPROVED,Official/primary source authority is relevant to the feature domain; feature-specific requirements remain governed by the canonical dossier and Pass B/C contracts.,2026-08-31
PFD-MAP-F053-1,F053,Credit limits,Sales,MS_SALES,Microsoft,Dynamics 365 Sales,Dynamics 365 Sales documentation,https://learn.microsoft.com/en-us/dynamics365/sales/,"Sales lifecycle, leads, opportunities, activities, quotes, orders and invoices.",operational,1,APPROVED,Official/primary source authority is relevant to the feature domain; feature-specific requirements remain governed by the canonical dossier and Pass B/C contracts.,2026-08-31
PFD-MAP-F053-2,F053,Credit limits,Sales,ODOO_SALES,Odoo,Odoo 19 Sales,Odoo 19 Sales documentation,https://www.odoo.com/documentation/19.0/applications/sales/sales.html,"Quotations, sales orders, pricing and customer sales workflows.",operational,2,APPROVED,Official/primary source authority is relevant to the feature domain; feature-specific requirements remain governed by the canonical dossier and Pass B/C contracts.,2026-08-31
PFD-MAP-F054-1,F054,Customer returns,Sales,MS_SALES,Microsoft,Dynamics 365 Sales,Dynamics 365 Sales documentation,https://learn.microsoft.com/en-us/dynamics365/sales/,"Sales lifecycle, leads, opportunities, activities, quotes, orders and invoices.",operational,1,APPROVED,Official/primary source authority is relevant to the feature domain; feature-specific requirements remain governed by the canonical dossier and Pass B/C contracts.,2026-08-31
PFD-MAP-F054-2,F054,Customer returns,Sales,ODOO_SALES,Odoo,Odoo 19 Sales,Odoo 19 Sales documentation,https://www.odoo.com/documentation/19.0/applications/sales/sales.html,"Quotations, sales orders, pricing and customer sales workflows.",operational,2,APPROVED,Official/primary source authority is relevant to the feature domain; feature-specific requirements remain governed by the canonical dossier and Pass B/C contracts.,2026-08-31
PFD-MAP-F055-1,F055,Credit notes and refunds,Sales,MS_SALES,Microsoft,Dynamics 365 Sales,Dynamics 365 Sales documentation,https://learn.microsoft.com/en-us/dynamics365/sales/,"Sales lifecycle, leads, opportunities, activities, quotes, orders and invoices.",document,1,APPROVED,Official/primary source authority is relevant to the feature domain; feature-specific requirements remain governed by the canonical dossier and Pass B/C contracts.,2026-08-31
PFD-MAP-F055-2,F055,Credit notes and refunds,Sales,ODOO_SALES,Odoo,Odoo 19 Sales,Odoo 19 Sales documentation,https://www.odoo.com/documentation/19.0/applications/sales/sales.html,"Quotations, sales orders, pricing and customer sales workflows.",document,2,APPROVED,Official/primary source authority is relevant to the feature domain; feature-specific requirements remain governed by the canonical dossier and Pass B/C contracts.,2026-08-31
PFD-MAP-F056-1,F056,Drop shipping,Sales,MS_SALES,Microsoft,Dynamics 365 Sales,Dynamics 365 Sales documentation,https://learn.microsoft.com/en-us/dynamics365/sales/,"Sales lifecycle, leads, opportunities, activities, quotes, orders and invoices.",operational,1,APPROVED,Official/primary source authority is relevant to the feature domain; feature-specific requirements remain governed by the canonical dossier and Pass B/C contracts.,2026-08-31
PFD-MAP-F056-2,F056,Drop shipping,Sales,ODOO_SALES,Odoo,Odoo 19 Sales,Odoo 19 Sales documentation,https://www.odoo.com/documentation/19.0/applications/sales/sales.html,"Quotations, sales orders, pricing and customer sales workflows.",operational,2,APPROVED,Official/primary source authority is relevant to the feature domain; feature-specific requirements remain governed by the canonical dossier and Pass B/C contracts.,2026-08-31
PFD-MAP-F057-1,F057,Sales commissions,Sales,MS_SALES,Microsoft,Dynamics 365 Sales,Dynamics 365 Sales documentation,https://learn.microsoft.com/en-us/dynamics365/sales/,"Sales lifecycle, leads, opportunities, activities, quotes, orders and invoices.",operational,1,APPROVED,Official/primary source authority is relevant to the feature domain; feature-specific requirements remain governed by the canonical dossier and Pass B/C contracts.,2026-08-31
PFD-MAP-F057-2,F057,Sales commissions,Sales,ODOO_SALES,Odoo,Odoo 19 Sales,Odoo 19 Sales documentation,https://www.odoo.com/documentation/19.0/applications/sales/sales.html,"Quotations, sales orders, pricing and customer sales workflows.",operational,2,APPROVED,Official/primary source authority is relevant to the feature domain; feature-specific requirements remain governed by the canonical dossier and Pass B/C contracts.,2026-08-31
PFD-MAP-F058-1,F058,Payment terms,Sales,MS_SALES,Microsoft,Dynamics 365 Sales,Dynamics 365 Sales documentation,https://learn.microsoft.com/en-us/dynamics365/sales/,"Sales lifecycle, leads, opportunities, activities, quotes, orders and invoices.",money_movement,1,APPROVED,Official/primary source authority is relevant to the feature domain; feature-specific requirements remain governed by the canonical dossier and Pass B/C contracts.,2026-08-31
PFD-MAP-F058-2,F058,Payment terms,Sales,ODOO_SALES,Odoo,Odoo 19 Sales,Odoo 19 Sales documentation,https://www.odoo.com/documentation/19.0/applications/sales/sales.html,"Quotations, sales orders, pricing and customer sales workflows.",money_movement,2,APPROVED,Official/primary source authority is relevant to the feature domain; feature-specific requirements remain governed by the canonical dossier and Pass B/C contracts.,2026-08-31
PFD-MAP-F059-1,F059,Order status tracking,Sales,MS_SALES,Microsoft,Dynamics 365 Sales,Dynamics 365 Sales documentation,https://learn.microsoft.com/en-us/dynamics365/sales/,"Sales lifecycle, leads, opportunities, activities, quotes, orders and invoices.",document,1,APPROVED,Official/primary source authority is relevant to the feature domain; feature-specific requirements remain governed by the canonical dossier and Pass B/C contracts.,2026-08-31
PFD-MAP-F059-2,F059,Order status tracking,Sales,ODOO_SALES,Odoo,Odoo 19 Sales,Odoo 19 Sales documentation,https://www.odoo.com/documentation/19.0/applications/sales/sales.html,"Quotations, sales orders, pricing and customer sales workflows.",document,2,APPROVED,Official/primary source authority is relevant to the feature domain; feature-specific requirements remain governed by the canonical dossier and Pass B/C contracts.,2026-08-31
PFD-MAP-F060-1,F060,Sales analytics,Sales,MS_SALES,Microsoft,Dynamics 365 Sales,Dynamics 365 Sales documentation,https://learn.microsoft.com/en-us/dynamics365/sales/,"Sales lifecycle, leads, opportunities, activities, quotes, orders and invoices.",analytics,1,APPROVED,Official/primary source authority is relevant to the feature domain; feature-specific requirements remain governed by the canonical dossier and Pass B/C contracts.,2026-08-31
PFD-MAP-F060-2,F060,Sales analytics,Sales,ODOO_SALES,Odoo,Odoo 19 Sales,Odoo 19 Sales documentation,https://www.odoo.com/documentation/19.0/applications/sales/sales.html,"Quotations, sales orders, pricing and customer sales workflows.",analytics,2,APPROVED,Official/primary source authority is relevant to the feature domain; feature-specific requirements remain governed by the canonical dossier and Pass B/C contracts.,2026-08-31
PFD-MAP-F061-1,F061,Margin and profitability,Sales,MS_SALES,Microsoft,Dynamics 365 Sales,Dynamics 365 Sales documentation,https://learn.microsoft.com/en-us/dynamics365/sales/,"Sales lifecycle, leads, opportunities, activities, quotes, orders and invoices.",calculation,1,APPROVED,Official/primary source authority is relevant to the feature domain; feature-specific requirements remain governed by the canonical dossier and Pass B/C contracts.,2026-08-31
PFD-MAP-F061-2,F061,Margin and profitability,Sales,ODOO_SALES,Odoo,Odoo 19 Sales,Odoo 19 Sales documentation,https://www.odoo.com/documentation/19.0/applications/sales/sales.html,"Quotations, sales orders, pricing and customer sales workflows.",calculation,2,APPROVED,Official/primary source authority is relevant to the feature domain; feature-specific requirements remain governed by the canonical dossier and Pass B/C contracts.,2026-08-31
PFD-MAP-F062-1,F062,Order-to-cash reporting,Sales,MS_SALES,Microsoft,Dynamics 365 Sales,Dynamics 365 Sales documentation,https://learn.microsoft.com/en-us/dynamics365/sales/,"Sales lifecycle, leads, opportunities, activities, quotes, orders and invoices.",analytics,1,APPROVED,Official/primary source authority is relevant to the feature domain; feature-specific requirements remain governed by the canonical dossier and Pass B/C contracts.,2026-08-31
PFD-MAP-F062-2,F062,Order-to-cash reporting,Sales,ODOO_SALES,Odoo,Odoo 19 Sales,Odoo 19 Sales documentation,https://www.odoo.com/documentation/19.0/applications/sales/sales.html,"Quotations, sales orders, pricing and customer sales workflows.",analytics,2,APPROVED,Official/primary source authority is relevant to the feature domain; feature-specific requirements remain governed by the canonical dossier and Pass B/C contracts.,2026-08-31
PFD-MAP-F063-1,F063,Supplier master,Procurement,MS_SCM,Microsoft,Dynamics 365 Supply Chain Management,Dynamics 365 Supply Chain Management documentation,https://learn.microsoft.com/en-us/dynamics365/supply-chain/,"Procurement, inventory, warehouse, production, quality, asset and supply-chain controls.",master_config,1,APPROVED,Official/primary source authority is relevant to the feature domain; feature-specific requirements remain governed by the canonical dossier and Pass B/C contracts.,2026-08-31
PFD-MAP-F063-2,F063,Supplier master,Procurement,ORACLE_PROC,Oracle,Fusion Cloud Procurement,Oracle Fusion Cloud Procurement documentation,https://docs.oracle.com/en/cloud/saas/procurement/,"Supplier, sourcing, requisition, purchasing, receiving and procurement governance.",master_config,2,APPROVED,Official/primary source authority is relevant to the feature domain; feature-specific requirements remain governed by the canonical dossier and Pass B/C contracts.,2026-08-31
PFD-MAP-F064-1,F064,Supplier contacts and addresses,Procurement,MS_SCM,Microsoft,Dynamics 365 Supply Chain Management,Dynamics 365 Supply Chain Management documentation,https://learn.microsoft.com/en-us/dynamics365/supply-chain/,"Procurement, inventory, warehouse, production, quality, asset and supply-chain controls.",master_config,1,APPROVED,Official/primary source authority is relevant to the feature domain; feature-specific requirements remain governed by the canonical dossier and Pass B/C contracts.,2026-08-31
PFD-MAP-F064-2,F064,Supplier contacts and addresses,Procurement,ORACLE_PROC,Oracle,Fusion Cloud Procurement,Oracle Fusion Cloud Procurement documentation,https://docs.oracle.com/en/cloud/saas/procurement/,"Supplier, sourcing, requisition, purchasing, receiving and procurement governance.",master_config,2,APPROVED,Official/primary source authority is relevant to the feature domain; feature-specific requirements remain governed by the canonical dossier and Pass B/C contracts.,2026-08-31
PFD-MAP-F065-1,F065,Supplier onboarding,Procurement,MS_SCM,Microsoft,Dynamics 365 Supply Chain Management,Dynamics 365 Supply Chain Management documentation,https://learn.microsoft.com/en-us/dynamics365/supply-chain/,"Procurement, inventory, warehouse, production, quality, asset and supply-chain controls.",operational,1,APPROVED,Official/primary source authority is relevant to the feature domain; feature-specific requirements remain governed by the canonical dossier and Pass B/C contracts.,2026-08-31
PFD-MAP-F065-2,F065,Supplier onboarding,Procurement,ORACLE_PROC,Oracle,Fusion Cloud Procurement,Oracle Fusion Cloud Procurement documentation,https://docs.oracle.com/en/cloud/saas/procurement/,"Supplier, sourcing, requisition, purchasing, receiving and procurement governance.",operational,2,APPROVED,Official/primary source authority is relevant to the feature domain; feature-specific requirements remain governed by the canonical dossier and Pass B/C contracts.,2026-08-31
PFD-MAP-F066-1,F066,Supplier categories,Procurement,MS_SCM,Microsoft,Dynamics 365 Supply Chain Management,Dynamics 365 Supply Chain Management documentation,https://learn.microsoft.com/en-us/dynamics365/supply-chain/,"Procurement, inventory, warehouse, production, quality, asset and supply-chain controls.",master_config,1,APPROVED,Official/primary source authority is relevant to the feature domain; feature-specific requirements remain governed by the canonical dossier and Pass B/C contracts.,2026-08-31
PFD-MAP-F066-2,F066,Supplier categories,Procurement,ORACLE_PROC,Oracle,Fusion Cloud Procurement,Oracle Fusion Cloud Procurement documentation,https://docs.oracle.com/en/cloud/saas/procurement/,"Supplier, sourcing, requisition, purchasing, receiving and procurement governance.",master_config,2,APPROVED,Official/primary source authority is relevant to the feature domain; feature-specific requirements remain governed by the canonical dossier and Pass B/C contracts.,2026-08-31
PFD-MAP-F067-1,F067,Purchase requisitions,Procurement,MS_SCM,Microsoft,Dynamics 365 Supply Chain Management,Dynamics 365 Supply Chain Management documentation,https://learn.microsoft.com/en-us/dynamics365/supply-chain/,"Procurement, inventory, warehouse, production, quality, asset and supply-chain controls.",document,1,APPROVED,Official/primary source authority is relevant to the feature domain; feature-specific requirements remain governed by the canonical dossier and Pass B/C contracts.,2026-08-31
PFD-MAP-F067-2,F067,Purchase requisitions,Procurement,ORACLE_PROC,Oracle,Fusion Cloud Procurement,Oracle Fusion Cloud Procurement documentation,https://docs.oracle.com/en/cloud/saas/procurement/,"Supplier, sourcing, requisition, purchasing, receiving and procurement governance.",document,2,APPROVED,Official/primary source authority is relevant to the feature domain; feature-specific requirements remain governed by the canonical dossier and Pass B/C contracts.,2026-08-31
PFD-MAP-F068-1,F068,Requisition approvals,Procurement,MS_SCM,Microsoft,Dynamics 365 Supply Chain Management,Dynamics 365 Supply Chain Management documentation,https://learn.microsoft.com/en-us/dynamics365/supply-chain/,"Procurement, inventory, warehouse, production, quality, asset and supply-chain controls.",document,1,APPROVED,Official/primary source authority is relevant to the feature domain; feature-specific requirements remain governed by the canonical dossier and Pass B/C contracts.,2026-08-31
PFD-MAP-F068-2,F068,Requisition approvals,Procurement,ORACLE_PROC,Oracle,Fusion Cloud Procurement,Oracle Fusion Cloud Procurement documentation,https://docs.oracle.com/en/cloud/saas/procurement/,"Supplier, sourcing, requisition, purchasing, receiving and procurement governance.",document,2,APPROVED,Official/primary source authority is relevant to the feature domain; feature-specific requirements remain governed by the canonical dossier and Pass B/C contracts.,2026-08-31
PFD-MAP-F069-1,F069,RFQ creation,Procurement,MS_SCM,Microsoft,Dynamics 365 Supply Chain Management,Dynamics 365 Supply Chain Management documentation,https://learn.microsoft.com/en-us/dynamics365/supply-chain/,"Procurement, inventory, warehouse, production, quality, asset and supply-chain controls.",document,1,APPROVED,Official/primary source authority is relevant to the feature domain; feature-specific requirements remain governed by the canonical dossier and Pass B/C contracts.,2026-08-31
PFD-MAP-F069-2,F069,RFQ creation,Procurement,ORACLE_PROC,Oracle,Fusion Cloud Procurement,Oracle Fusion Cloud Procurement documentation,https://docs.oracle.com/en/cloud/saas/procurement/,"Supplier, sourcing, requisition, purchasing, receiving and procurement governance.",document,2,APPROVED,Official/primary source authority is relevant to the feature domain; feature-specific requirements remain governed by the canonical dossier and Pass B/C contracts.,2026-08-31
PFD-MAP-F070-1,F070,RFQ to multiple vendors,Procurement,MS_SCM,Microsoft,Dynamics 365 Supply Chain Management,Dynamics 365 Supply Chain Management documentation,https://learn.microsoft.com/en-us/dynamics365/supply-chain/,"Procurement, inventory, warehouse, production, quality, asset and supply-chain controls.",document,1,APPROVED,Official/primary source authority is relevant to the feature domain; feature-specific requirements remain governed by the canonical dossier and Pass B/C contracts.,2026-08-31
PFD-MAP-F070-2,F070,RFQ to multiple vendors,Procurement,ORACLE_PROC,Oracle,Fusion Cloud Procurement,Oracle Fusion Cloud Procurement documentation,https://docs.oracle.com/en/cloud/saas/procurement/,"Supplier, sourcing, requisition, purchasing, receiving and procurement governance.",document,2,APPROVED,Official/primary source authority is relevant to the feature domain; feature-specific requirements remain governed by the canonical dossier and Pass B/C contracts.,2026-08-31
PFD-MAP-F071-1,F071,Supplier quotations,Procurement,MS_SCM,Microsoft,Dynamics 365 Supply Chain Management,Dynamics 365 Supply Chain Management documentation,https://learn.microsoft.com/en-us/dynamics365/supply-chain/,"Procurement, inventory, warehouse, production, quality, asset and supply-chain controls.",document,1,APPROVED,Official/primary source authority is relevant to the feature domain; feature-specific requirements remain governed by the canonical dossier and Pass B/C contracts.,2026-08-31
PFD-MAP-F071-2,F071,Supplier quotations,Procurement,ORACLE_PROC,Oracle,Fusion Cloud Procurement,Oracle Fusion Cloud Procurement documentation,https://docs.oracle.com/en/cloud/saas/procurement/,"Supplier, sourcing, requisition, purchasing, receiving and procurement governance.",document,2,APPROVED,Official/primary source authority is relevant to the feature domain; feature-specific requirements remain governed by the canonical dossier and Pass B/C contracts.,2026-08-31
PFD-MAP-F072-1,F072,Bid comparison,Procurement,MS_SCM,Microsoft,Dynamics 365 Supply Chain Management,Dynamics 365 Supply Chain Management documentation,https://learn.microsoft.com/en-us/dynamics365/supply-chain/,"Procurement, inventory, warehouse, production, quality, asset and supply-chain controls.",operational,1,APPROVED,Official/primary source authority is relevant to the feature domain; feature-specific requirements remain governed by the canonical dossier and Pass B/C contracts.,2026-08-31
PFD-MAP-F072-2,F072,Bid comparison,Procurement,ORACLE_PROC,Oracle,Fusion Cloud Procurement,Oracle Fusion Cloud Procurement documentation,https://docs.oracle.com/en/cloud/saas/procurement/,"Supplier, sourcing, requisition, purchasing, receiving and procurement governance.",operational,2,APPROVED,Official/primary source authority is relevant to the feature domain; feature-specific requirements remain governed by the canonical dossier and Pass B/C contracts.,2026-08-31
PFD-MAP-F073-1,F073,Supplier selection,Procurement,MS_SCM,Microsoft,Dynamics 365 Supply Chain Management,Dynamics 365 Supply Chain Management documentation,https://learn.microsoft.com/en-us/dynamics365/supply-chain/,"Procurement, inventory, warehouse, production, quality, asset and supply-chain controls.",decision,1,APPROVED,Official/primary source authority is relevant to the feature domain; feature-specific requirements remain governed by the canonical dossier and Pass B/C contracts.,2026-08-31
PFD-MAP-F073-2,F073,Supplier selection,Procurement,ORACLE_PROC,Oracle,Fusion Cloud Procurement,Oracle Fusion Cloud Procurement documentation,https://docs.oracle.com/en/cloud/saas/procurement/,"Supplier, sourcing, requisition, purchasing, receiving and procurement governance.",decision,2,APPROVED,Official/primary source authority is relevant to the feature domain; feature-specific requirements remain governed by the canonical dossier and Pass B/C contracts.,2026-08-31
PFD-MAP-F074-1,F074,Purchase orders,Procurement,MS_SCM,Microsoft,Dynamics 365 Supply Chain Management,Dynamics 365 Supply Chain Management documentation,https://learn.microsoft.com/en-us/dynamics365/supply-chain/,"Procurement, inventory, warehouse, production, quality, asset and supply-chain controls.",document,1,APPROVED,Official/primary source authority is relevant to the feature domain; feature-specific requirements remain governed by the canonical dossier and Pass B/C contracts.,2026-08-31
PFD-MAP-F074-2,F074,Purchase orders,Procurement,ORACLE_PROC,Oracle,Fusion Cloud Procurement,Oracle Fusion Cloud Procurement documentation,https://docs.oracle.com/en/cloud/saas/procurement/,"Supplier, sourcing, requisition, purchasing, receiving and procurement governance.",document,2,APPROVED,Official/primary source authority is relevant to the feature domain; feature-specific requirements remain governed by the canonical dossier and Pass B/C contracts.,2026-08-31
PFD-MAP-F075-1,F075,PO approvals,Procurement,MS_SCM,Microsoft,Dynamics 365 Supply Chain Management,Dynamics 365 Supply Chain Management documentation,https://learn.microsoft.com/en-us/dynamics365/supply-chain/,"Procurement, inventory, warehouse, production, quality, asset and supply-chain controls.",decision,1,APPROVED,Official/primary source authority is relevant to the feature domain; feature-specific requirements remain governed by the canonical dossier and Pass B/C contracts.,2026-08-31
PFD-MAP-F075-2,F075,PO approvals,Procurement,ORACLE_PROC,Oracle,Fusion Cloud Procurement,Oracle Fusion Cloud Procurement documentation,https://docs.oracle.com/en/cloud/saas/procurement/,"Supplier, sourcing, requisition, purchasing, receiving and procurement governance.",decision,2,APPROVED,Official/primary source authority is relevant to the feature domain; feature-specific requirements remain governed by the canonical dossier and Pass B/C contracts.,2026-08-31
PFD-MAP-F076-1,F076,PO amendments,Procurement,MS_SCM,Microsoft,Dynamics 365 Supply Chain Management,Dynamics 365 Supply Chain Management documentation,https://learn.microsoft.com/en-us/dynamics365/supply-chain/,"Procurement, inventory, warehouse, production, quality, asset and supply-chain controls.",operational,1,APPROVED,Official/primary source authority is relevant to the feature domain; feature-specific requirements remain governed by the canonical dossier and Pass B/C contracts.,2026-08-31
PFD-MAP-F076-2,F076,PO amendments,Procurement,ORACLE_PROC,Oracle,Fusion Cloud Procurement,Oracle Fusion Cloud Procurement documentation,https://docs.oracle.com/en/cloud/saas/procurement/,"Supplier, sourcing, requisition, purchasing, receiving and procurement governance.",operational,2,APPROVED,Official/primary source authority is relevant to the feature domain; feature-specific requirements remain governed by the canonical dossier and Pass B/C contracts.,2026-08-31
PFD-MAP-F077-1,F077,Blanket purchase orders,Procurement,MS_SCM,Microsoft,Dynamics 365 Supply Chain Management,Dynamics 365 Supply Chain Management documentation,https://learn.microsoft.com/en-us/dynamics365/supply-chain/,"Procurement, inventory, warehouse, production, quality, asset and supply-chain controls.",document,1,APPROVED,Official/primary source authority is relevant to the feature domain; feature-specific requirements remain governed by the canonical dossier and Pass B/C contracts.,2026-08-31
PFD-MAP-F077-2,F077,Blanket purchase orders,Procurement,ORACLE_PROC,Oracle,Fusion Cloud Procurement,Oracle Fusion Cloud Procurement documentation,https://docs.oracle.com/en/cloud/saas/procurement/,"Supplier, sourcing, requisition, purchasing, receiving and procurement governance.",document,2,APPROVED,Official/primary source authority is relevant to the feature domain; feature-specific requirements remain governed by the canonical dossier and Pass B/C contracts.,2026-08-31
PFD-MAP-F078-1,F078,Purchase agreements and contracts,Procurement,MS_SCM,Microsoft,Dynamics 365 Supply Chain Management,Dynamics 365 Supply Chain Management documentation,https://learn.microsoft.com/en-us/dynamics365/supply-chain/,"Procurement, inventory, warehouse, production, quality, asset and supply-chain controls.",document,1,APPROVED,Official/primary source authority is relevant to the feature domain; feature-specific requirements remain governed by the canonical dossier and Pass B/C contracts.,2026-08-31
PFD-MAP-F078-2,F078,Purchase agreements and contracts,Procurement,ORACLE_PROC,Oracle,Fusion Cloud Procurement,Oracle Fusion Cloud Procurement documentation,https://docs.oracle.com/en/cloud/saas/procurement/,"Supplier, sourcing, requisition, purchasing, receiving and procurement governance.",document,2,APPROVED,Official/primary source authority is relevant to the feature domain; feature-specific requirements remain governed by the canonical dossier and Pass B/C contracts.,2026-08-31
PFD-MAP-F079-1,F079,Supplier price lists,Procurement,MS_SCM,Microsoft,Dynamics 365 Supply Chain Management,Dynamics 365 Supply Chain Management documentation,https://learn.microsoft.com/en-us/dynamics365/supply-chain/,"Procurement, inventory, warehouse, production, quality, asset and supply-chain controls.",master_config,1,APPROVED,Official/primary source authority is relevant to the feature domain; feature-specific requirements remain governed by the canonical dossier and Pass B/C contracts.,2026-08-31
PFD-MAP-F079-2,F079,Supplier price lists,Procurement,ORACLE_PROC,Oracle,Fusion Cloud Procurement,Oracle Fusion Cloud Procurement documentation,https://docs.oracle.com/en/cloud/saas/procurement/,"Supplier, sourcing, requisition, purchasing, receiving and procurement governance.",master_config,2,APPROVED,Official/primary source authority is relevant to the feature domain; feature-specific requirements remain governed by the canonical dossier and Pass B/C contracts.,2026-08-31
PFD-MAP-F080-1,F080,Goods receipt / GRN,Procurement,MS_SCM,Microsoft,Dynamics 365 Supply Chain Management,Dynamics 365 Supply Chain Management documentation,https://learn.microsoft.com/en-us/dynamics365/supply-chain/,"Procurement, inventory, warehouse, production, quality, asset and supply-chain controls.",document,1,APPROVED,Official/primary source authority is relevant to the feature domain; feature-specific requirements remain governed by the canonical dossier and Pass B/C contracts.,2026-08-31
PFD-MAP-F080-2,F080,Goods receipt / GRN,Procurement,ORACLE_PROC,Oracle,Fusion Cloud Procurement,Oracle Fusion Cloud Procurement documentation,https://docs.oracle.com/en/cloud/saas/procurement/,"Supplier, sourcing, requisition, purchasing, receiving and procurement governance.",document,2,APPROVED,Official/primary source authority is relevant to the feature domain; feature-specific requirements remain governed by the canonical dossier and Pass B/C contracts.,2026-08-31
PFD-MAP-F081-1,F081,Partial receipts,Procurement,MS_SCM,Microsoft,Dynamics 365 Supply Chain Management,Dynamics 365 Supply Chain Management documentation,https://learn.microsoft.com/en-us/dynamics365/supply-chain/,"Procurement, inventory, warehouse, production, quality, asset and supply-chain controls.",operational,1,APPROVED,Official/primary source authority is relevant to the feature domain; feature-specific requirements remain governed by the canonical dossier and Pass B/C contracts.,2026-08-31
PFD-MAP-F081-2,F081,Partial receipts,Procurement,ORACLE_PROC,Oracle,Fusion Cloud Procurement,Oracle Fusion Cloud Procurement documentation,https://docs.oracle.com/en/cloud/saas/procurement/,"Supplier, sourcing, requisition, purchasing, receiving and procurement governance.",operational,2,APPROVED,Official/primary source authority is relevant to the feature domain; feature-specific requirements remain governed by the canonical dossier and Pass B/C contracts.,2026-08-31
PFD-MAP-F082-1,F082,Rejected receipts,Procurement,MS_SCM,Microsoft,Dynamics 365 Supply Chain Management,Dynamics 365 Supply Chain Management documentation,https://learn.microsoft.com/en-us/dynamics365/supply-chain/,"Procurement, inventory, warehouse, production, quality, asset and supply-chain controls.",operational,1,APPROVED,Official/primary source authority is relevant to the feature domain; feature-specific requirements remain governed by the canonical dossier and Pass B/C contracts.,2026-08-31
PFD-MAP-F082-2,F082,Rejected receipts,Procurement,ORACLE_PROC,Oracle,Fusion Cloud Procurement,Oracle Fusion Cloud Procurement documentation,https://docs.oracle.com/en/cloud/saas/procurement/,"Supplier, sourcing, requisition, purchasing, receiving and procurement governance.",operational,2,APPROVED,Official/primary source authority is relevant to the feature domain; feature-specific requirements remain governed by the canonical dossier and Pass B/C contracts.,2026-08-31
PFD-MAP-F083-1,F083,Purchase returns,Procurement,MS_SCM,Microsoft,Dynamics 365 Supply Chain Management,Dynamics 365 Supply Chain Management documentation,https://learn.microsoft.com/en-us/dynamics365/supply-chain/,"Procurement, inventory, warehouse, production, quality, asset and supply-chain controls.",operational,1,APPROVED,Official/primary source authority is relevant to the feature domain; feature-specific requirements remain governed by the canonical dossier and Pass B/C contracts.,2026-08-31
PFD-MAP-F083-2,F083,Purchase returns,Procurement,ORACLE_PROC,Oracle,Fusion Cloud Procurement,Oracle Fusion Cloud Procurement documentation,https://docs.oracle.com/en/cloud/saas/procurement/,"Supplier, sourcing, requisition, purchasing, receiving and procurement governance.",operational,2,APPROVED,Official/primary source authority is relevant to the feature domain; feature-specific requirements remain governed by the canonical dossier and Pass B/C contracts.,2026-08-31
PFD-MAP-F084-1,F084,Supplier invoices,Procurement,MS_SCM,Microsoft,Dynamics 365 Supply Chain Management,Dynamics 365 Supply Chain Management documentation,https://learn.microsoft.com/en-us/dynamics365/supply-chain/,"Procurement, inventory, warehouse, production, quality, asset and supply-chain controls.",document,1,APPROVED,Official/primary source authority is relevant to the feature domain; feature-specific requirements remain governed by the canonical dossier and Pass B/C contracts.,2026-08-31
PFD-MAP-F084-2,F084,Supplier invoices,Procurement,ORACLE_PROC,Oracle,Fusion Cloud Procurement,Oracle Fusion Cloud Procurement documentation,https://docs.oracle.com/en/cloud/saas/procurement/,"Supplier, sourcing, requisition, purchasing, receiving and procurement governance.",document,2,APPROVED,Official/primary source authority is relevant to the feature domain; feature-specific requirements remain governed by the canonical dossier and Pass B/C contracts.,2026-08-31
PFD-MAP-F085-1,F085,2-way matching,Procurement,MS_SCM,Microsoft,Dynamics 365 Supply Chain Management,Dynamics 365 Supply Chain Management documentation,https://learn.microsoft.com/en-us/dynamics365/supply-chain/,"Procurement, inventory, warehouse, production, quality, asset and supply-chain controls.",operational,1,APPROVED,Official/primary source authority is relevant to the feature domain; feature-specific requirements remain governed by the canonical dossier and Pass B/C contracts.,2026-08-31
PFD-MAP-F085-2,F085,2-way matching,Procurement,ORACLE_PROC,Oracle,Fusion Cloud Procurement,Oracle Fusion Cloud Procurement documentation,https://docs.oracle.com/en/cloud/saas/procurement/,"Supplier, sourcing, requisition, purchasing, receiving and procurement governance.",operational,2,APPROVED,Official/primary source authority is relevant to the feature domain; feature-specific requirements remain governed by the canonical dossier and Pass B/C contracts.,2026-08-31
PFD-MAP-F086-1,F086,3-way matching: PO – GRN – Invoice,Procurement,MS_SCM,Microsoft,Dynamics 365 Supply Chain Management,Dynamics 365 Supply Chain Management documentation,https://learn.microsoft.com/en-us/dynamics365/supply-chain/,"Procurement, inventory, warehouse, production, quality, asset and supply-chain controls.",document,1,APPROVED,Official/primary source authority is relevant to the feature domain; feature-specific requirements remain governed by the canonical dossier and Pass B/C contracts.,2026-08-31
PFD-MAP-F086-2,F086,3-way matching: PO – GRN – Invoice,Procurement,ORACLE_PROC,Oracle,Fusion Cloud Procurement,Oracle Fusion Cloud Procurement documentation,https://docs.oracle.com/en/cloud/saas/procurement/,"Supplier, sourcing, requisition, purchasing, receiving and procurement governance.",document,2,APPROVED,Official/primary source authority is relevant to the feature domain; feature-specific requirements remain governed by the canonical dossier and Pass B/C contracts.,2026-08-31
PFD-MAP-F087-1,F087,Landed costs,Procurement,MS_SCM,Microsoft,Dynamics 365 Supply Chain Management,Dynamics 365 Supply Chain Management documentation,https://learn.microsoft.com/en-us/dynamics365/supply-chain/,"Procurement, inventory, warehouse, production, quality, asset and supply-chain controls.",calculation,1,APPROVED,Official/primary source authority is relevant to the feature domain; feature-specific requirements remain governed by the canonical dossier and Pass B/C contracts.,2026-08-31
PFD-MAP-F087-2,F087,Landed costs,Procurement,ORACLE_PROC,Oracle,Fusion Cloud Procurement,Oracle Fusion Cloud Procurement documentation,https://docs.oracle.com/en/cloud/saas/procurement/,"Supplier, sourcing, requisition, purchasing, receiving and procurement governance.",calculation,2,APPROVED,Official/primary source authority is relevant to the feature domain; feature-specific requirements remain governed by the canonical dossier and Pass B/C contracts.,2026-08-31
PFD-MAP-F088-1,F088,Payment terms,Procurement,MS_SCM,Microsoft,Dynamics 365 Supply Chain Management,Dynamics 365 Supply Chain Management documentation,https://learn.microsoft.com/en-us/dynamics365/supply-chain/,"Procurement, inventory, warehouse, production, quality, asset and supply-chain controls.",money_movement,1,APPROVED,Official/primary source authority is relevant to the feature domain; feature-specific requirements remain governed by the canonical dossier and Pass B/C contracts.,2026-08-31
PFD-MAP-F088-2,F088,Payment terms,Procurement,ORACLE_PROC,Oracle,Fusion Cloud Procurement,Oracle Fusion Cloud Procurement documentation,https://docs.oracle.com/en/cloud/saas/procurement/,"Supplier, sourcing, requisition, purchasing, receiving and procurement governance.",money_movement,2,APPROVED,Official/primary source authority is relevant to the feature domain; feature-specific requirements remain governed by the canonical dossier and Pass B/C contracts.,2026-08-31
PFD-MAP-F089-1,F089,Supplier performance,Procurement,MS_SCM,Microsoft,Dynamics 365 Supply Chain Management,Dynamics 365 Supply Chain Management documentation,https://learn.microsoft.com/en-us/dynamics365/supply-chain/,"Procurement, inventory, warehouse, production, quality, asset and supply-chain controls.",operational,1,APPROVED,Official/primary source authority is relevant to the feature domain; feature-specific requirements remain governed by the canonical dossier and Pass B/C contracts.,2026-08-31
PFD-MAP-F089-2,F089,Supplier performance,Procurement,ORACLE_PROC,Oracle,Fusion Cloud Procurement,Oracle Fusion Cloud Procurement documentation,https://docs.oracle.com/en/cloud/saas/procurement/,"Supplier, sourcing, requisition, purchasing, receiving and procurement governance.",operational,2,APPROVED,Official/primary source authority is relevant to the feature domain; feature-specific requirements remain governed by the canonical dossier and Pass B/C contracts.,2026-08-31
PFD-MAP-F090-1,F090,Supplier rating,Procurement,MS_SCM,Microsoft,Dynamics 365 Supply Chain Management,Dynamics 365 Supply Chain Management documentation,https://learn.microsoft.com/en-us/dynamics365/supply-chain/,"Procurement, inventory, warehouse, production, quality, asset and supply-chain controls.",operational,1,APPROVED,Official/primary source authority is relevant to the feature domain; feature-specific requirements remain governed by the canonical dossier and Pass B/C contracts.,2026-08-31
PFD-MAP-F090-2,F090,Supplier rating,Procurement,ORACLE_PROC,Oracle,Fusion Cloud Procurement,Oracle Fusion Cloud Procurement documentation,https://docs.oracle.com/en/cloud/saas/procurement/,"Supplier, sourcing, requisition, purchasing, receiving and procurement governance.",operational,2,APPROVED,Official/primary source authority is relevant to the feature domain; feature-specific requirements remain governed by the canonical dossier and Pass B/C contracts.,2026-08-31
PFD-MAP-F091-1,F091,Supplier lead times,Procurement,MS_SCM,Microsoft,Dynamics 365 Supply Chain Management,Dynamics 365 Supply Chain Management documentation,https://learn.microsoft.com/en-us/dynamics365/supply-chain/,"Procurement, inventory, warehouse, production, quality, asset and supply-chain controls.",operational,1,APPROVED,Official/primary source authority is relevant to the feature domain; feature-specific requirements remain governed by the canonical dossier and Pass B/C contracts.,2026-08-31
PFD-MAP-F091-2,F091,Supplier lead times,Procurement,ORACLE_PROC,Oracle,Fusion Cloud Procurement,Oracle Fusion Cloud Procurement documentation,https://docs.oracle.com/en/cloud/saas/procurement/,"Supplier, sourcing, requisition, purchasing, receiving and procurement governance.",operational,2,APPROVED,Official/primary source authority is relevant to the feature domain; feature-specific requirements remain governed by the canonical dossier and Pass B/C contracts.,2026-08-31
PFD-MAP-F092-1,F092,Spend analysis,Procurement,MS_SCM,Microsoft,Dynamics 365 Supply Chain Management,Dynamics 365 Supply Chain Management documentation,https://learn.microsoft.com/en-us/dynamics365/supply-chain/,"Procurement, inventory, warehouse, production, quality, asset and supply-chain controls.",analytics,1,APPROVED,Official/primary source authority is relevant to the feature domain; feature-specific requirements remain governed by the canonical dossier and Pass B/C contracts.,2026-08-31
PFD-MAP-F092-2,F092,Spend analysis,Procurement,ORACLE_PROC,Oracle,Fusion Cloud Procurement,Oracle Fusion Cloud Procurement documentation,https://docs.oracle.com/en/cloud/saas/procurement/,"Supplier, sourcing, requisition, purchasing, receiving and procurement governance.",analytics,2,APPROVED,Official/primary source authority is relevant to the feature domain; feature-specific requirements remain governed by the canonical dossier and Pass B/C contracts.,2026-08-31
PFD-MAP-F093-1,F093,Purchase history,Procurement,MS_SCM,Microsoft,Dynamics 365 Supply Chain Management,Dynamics 365 Supply Chain Management documentation,https://learn.microsoft.com/en-us/dynamics365/supply-chain/,"Procurement, inventory, warehouse, production, quality, asset and supply-chain controls.",operational,1,APPROVED,Official/primary source authority is relevant to the feature domain; feature-specific requirements remain governed by the canonical dossier and Pass B/C contracts.,2026-08-31
PFD-MAP-F093-2,F093,Purchase history,Procurement,ORACLE_PROC,Oracle,Fusion Cloud Procurement,Oracle Fusion Cloud Procurement documentation,https://docs.oracle.com/en/cloud/saas/procurement/,"Supplier, sourcing, requisition, purchasing, receiving and procurement governance.",operational,2,APPROVED,Official/primary source authority is relevant to the feature domain; feature-specific requirements remain governed by the canonical dossier and Pass B/C contracts.,2026-08-31
PFD-MAP-F094-1,F094,Reorder-generated purchasing,Procurement,MS_SCM,Microsoft,Dynamics 365 Supply Chain Management,Dynamics 365 Supply Chain Management documentation,https://learn.microsoft.com/en-us/dynamics365/supply-chain/,"Procurement, inventory, warehouse, production, quality, asset and supply-chain controls.",document,1,APPROVED,Official/primary source authority is relevant to the feature domain; feature-specific requirements remain governed by the canonical dossier and Pass B/C contracts.,2026-08-31
PFD-MAP-F094-2,F094,Reorder-generated purchasing,Procurement,ORACLE_PROC,Oracle,Fusion Cloud Procurement,Oracle Fusion Cloud Procurement documentation,https://docs.oracle.com/en/cloud/saas/procurement/,"Supplier, sourcing, requisition, purchasing, receiving and procurement governance.",document,2,APPROVED,Official/primary source authority is relevant to the feature domain; feature-specific requirements remain governed by the canonical dossier and Pass B/C contracts.,2026-08-31
PFD-MAP-F095-1,F095,Subcontract purchasing,Procurement,MS_SCM,Microsoft,Dynamics 365 Supply Chain Management,Dynamics 365 Supply Chain Management documentation,https://learn.microsoft.com/en-us/dynamics365/supply-chain/,"Procurement, inventory, warehouse, production, quality, asset and supply-chain controls.",document,1,APPROVED,Official/primary source authority is relevant to the feature domain; feature-specific requirements remain governed by the canonical dossier and Pass B/C contracts.,2026-08-31
PFD-MAP-F095-2,F095,Subcontract purchasing,Procurement,ORACLE_PROC,Oracle,Fusion Cloud Procurement,Oracle Fusion Cloud Procurement documentation,https://docs.oracle.com/en/cloud/saas/procurement/,"Supplier, sourcing, requisition, purchasing, receiving and procurement governance.",document,2,APPROVED,Official/primary source authority is relevant to the feature domain; feature-specific requirements remain governed by the canonical dossier and Pass B/C contracts.,2026-08-31
PFD-MAP-F096-1,F096,Procurement dashboard,Procurement,MS_SCM,Microsoft,Dynamics 365 Supply Chain Management,Dynamics 365 Supply Chain Management documentation,https://learn.microsoft.com/en-us/dynamics365/supply-chain/,"Procurement, inventory, warehouse, production, quality, asset and supply-chain controls.",analytics,1,APPROVED,Official/primary source authority is relevant to the feature domain; feature-specific requirements remain governed by the canonical dossier and Pass B/C contracts.,2026-08-31
PFD-MAP-F096-2,F096,Procurement dashboard,Procurement,ORACLE_PROC,Oracle,Fusion Cloud Procurement,Oracle Fusion Cloud Procurement documentation,https://docs.oracle.com/en/cloud/saas/procurement/,"Supplier, sourcing, requisition, purchasing, receiving and procurement governance.",analytics,2,APPROVED,Official/primary source authority is relevant to the feature domain; feature-specific requirements remain governed by the canonical dossier and Pass B/C contracts.,2026-08-31
PFD-MAP-F097-1,F097,Item master,Stock / Inventory,MS_SCM,Microsoft,Dynamics 365 Supply Chain Management,Dynamics 365 Supply Chain Management documentation,https://learn.microsoft.com/en-us/dynamics365/supply-chain/,"Procurement, inventory, warehouse, production, quality, asset and supply-chain controls.",master_config,1,APPROVED,Official/primary source authority is relevant to the feature domain; feature-specific requirements remain governed by the canonical dossier and Pass B/C contracts.,2026-08-31
PFD-MAP-F097-2,F097,Item master,Stock / Inventory,ODOO_INVENTORY,Odoo,Odoo 19 Inventory,Odoo 19 Inventory documentation,https://www.odoo.com/documentation/19.0/applications/inventory_and_mrp/inventory.html,"Inventory locations, receipts/issues, tracking, replenishment and warehouse operations.",master_config,2,APPROVED,Official/primary source authority is relevant to the feature domain; feature-specific requirements remain governed by the canonical dossier and Pass B/C contracts.,2026-08-31
PFD-MAP-F098-1,F098,Item categories,Stock / Inventory,MS_SCM,Microsoft,Dynamics 365 Supply Chain Management,Dynamics 365 Supply Chain Management documentation,https://learn.microsoft.com/en-us/dynamics365/supply-chain/,"Procurement, inventory, warehouse, production, quality, asset and supply-chain controls.",master_config,1,APPROVED,Official/primary source authority is relevant to the feature domain; feature-specific requirements remain governed by the canonical dossier and Pass B/C contracts.,2026-08-31
PFD-MAP-F098-2,F098,Item categories,Stock / Inventory,ODOO_INVENTORY,Odoo,Odoo 19 Inventory,Odoo 19 Inventory documentation,https://www.odoo.com/documentation/19.0/applications/inventory_and_mrp/inventory.html,"Inventory locations, receipts/issues, tracking, replenishment and warehouse operations.",master_config,2,APPROVED,Official/primary source authority is relevant to the feature domain; feature-specific requirements remain governed by the canonical dossier and Pass B/C contracts.,2026-08-31
PFD-MAP-F099-1,F099,SKUs,Stock / Inventory,MS_SCM,Microsoft,Dynamics 365 Supply Chain Management,Dynamics 365 Supply Chain Management documentation,https://learn.microsoft.com/en-us/dynamics365/supply-chain/,"Procurement, inventory, warehouse, production, quality, asset and supply-chain controls.",operational,1,APPROVED,Official/primary source authority is relevant to the feature domain; feature-specific requirements remain governed by the canonical dossier and Pass B/C contracts.,2026-08-31
PFD-MAP-F099-2,F099,SKUs,Stock / Inventory,ODOO_INVENTORY,Odoo,Odoo 19 Inventory,Odoo 19 Inventory documentation,https://www.odoo.com/documentation/19.0/applications/inventory_and_mrp/inventory.html,"Inventory locations, receipts/issues, tracking, replenishment and warehouse operations.",operational,2,APPROVED,Official/primary source authority is relevant to the feature domain; feature-specific requirements remain governed by the canonical dossier and Pass B/C contracts.,2026-08-31
PFD-MAP-F100-1,F100,Variants,Stock / Inventory,MS_SCM,Microsoft,Dynamics 365 Supply Chain Management,Dynamics 365 Supply Chain Management documentation,https://learn.microsoft.com/en-us/dynamics365/supply-chain/,"Procurement, inventory, warehouse, production, quality, asset and supply-chain controls.",operational,1,APPROVED,Official/primary source authority is relevant to the feature domain; feature-specific requirements remain governed by the canonical dossier and Pass B/C contracts.,2026-08-31
PFD-MAP-F100-2,F100,Variants,Stock / Inventory,ODOO_INVENTORY,Odoo,Odoo 19 Inventory,Odoo 19 Inventory documentation,https://www.odoo.com/documentation/19.0/applications/inventory_and_mrp/inventory.html,"Inventory locations, receipts/issues, tracking, replenishment and warehouse operations.",operational,2,APPROVED,Official/primary source authority is relevant to the feature domain; feature-specific requirements remain governed by the canonical dossier and Pass B/C contracts.,2026-08-31
PFD-MAP-F101-1,F101,Multiple units of measure,Stock / Inventory,MS_SCM,Microsoft,Dynamics 365 Supply Chain Management,Dynamics 365 Supply Chain Management documentation,https://learn.microsoft.com/en-us/dynamics365/supply-chain/,"Procurement, inventory, warehouse, production, quality, asset and supply-chain controls.",operational,1,APPROVED,Official/primary source authority is relevant to the feature domain; feature-specific requirements remain governed by the canonical dossier and Pass B/C contracts.,2026-08-31
PFD-MAP-F101-2,F101,Multiple units of measure,Stock / Inventory,ODOO_INVENTORY,Odoo,Odoo 19 Inventory,Odoo 19 Inventory documentation,https://www.odoo.com/documentation/19.0/applications/inventory_and_mrp/inventory.html,"Inventory locations, receipts/issues, tracking, replenishment and warehouse operations.",operational,2,APPROVED,Official/primary source authority is relevant to the feature domain; feature-specific requirements remain governed by the canonical dossier and Pass B/C contracts.,2026-08-31
PFD-MAP-F102-1,F102,UOM conversions,Stock / Inventory,MS_SCM,Microsoft,Dynamics 365 Supply Chain Management,Dynamics 365 Supply Chain Management documentation,https://learn.microsoft.com/en-us/dynamics365/supply-chain/,"Procurement, inventory, warehouse, production, quality, asset and supply-chain controls.",master_config,1,APPROVED,Official/primary source authority is relevant to the feature domain; feature-specific requirements remain governed by the canonical dossier and Pass B/C contracts.,2026-08-31
PFD-MAP-F102-2,F102,UOM conversions,Stock / Inventory,ODOO_INVENTORY,Odoo,Odoo 19 Inventory,Odoo 19 Inventory documentation,https://www.odoo.com/documentation/19.0/applications/inventory_and_mrp/inventory.html,"Inventory locations, receipts/issues, tracking, replenishment and warehouse operations.",master_config,2,APPROVED,Official/primary source authority is relevant to the feature domain; feature-specific requirements remain governed by the canonical dossier and Pass B/C contracts.,2026-08-31
PFD-MAP-F103-1,F103,Warehouses,Stock / Inventory,MS_SCM,Microsoft,Dynamics 365 Supply Chain Management,Dynamics 365 Supply Chain Management documentation,https://learn.microsoft.com/en-us/dynamics365/supply-chain/,"Procurement, inventory, warehouse, production, quality, asset and supply-chain controls.",master_config,1,APPROVED,Official/primary source authority is relevant to the feature domain; feature-specific requirements remain governed by the canonical dossier and Pass B/C contracts.,2026-08-31
PFD-MAP-F103-2,F103,Warehouses,Stock / Inventory,ODOO_INVENTORY,Odoo,Odoo 19 Inventory,Odoo 19 Inventory documentation,https://www.odoo.com/documentation/19.0/applications/inventory_and_mrp/inventory.html,"Inventory locations, receipts/issues, tracking, replenishment and warehouse operations.",master_config,2,APPROVED,Official/primary source authority is relevant to the feature domain; feature-specific requirements remain governed by the canonical dossier and Pass B/C contracts.,2026-08-31
PFD-MAP-F104-1,F104,Warehouse locations and bins,Stock / Inventory,MS_SCM,Microsoft,Dynamics 365 Supply Chain Management,Dynamics 365 Supply Chain Management documentation,https://learn.microsoft.com/en-us/dynamics365/supply-chain/,"Procurement, inventory, warehouse, production, quality, asset and supply-chain controls.",master_config,1,APPROVED,Official/primary source authority is relevant to the feature domain; feature-specific requirements remain governed by the canonical dossier and Pass B/C contracts.,2026-08-31
PFD-MAP-F104-2,F104,Warehouse locations and bins,Stock / Inventory,ODOO_INVENTORY,Odoo,Odoo 19 Inventory,Odoo 19 Inventory documentation,https://www.odoo.com/documentation/19.0/applications/inventory_and_mrp/inventory.html,"Inventory locations, receipts/issues, tracking, replenishment and warehouse operations.",master_config,2,APPROVED,Official/primary source authority is relevant to the feature domain; feature-specific requirements remain governed by the canonical dossier and Pass B/C contracts.,2026-08-31
PFD-MAP-F105-1,F105,Multi-warehouse inventory,Stock / Inventory,MS_SCM,Microsoft,Dynamics 365 Supply Chain Management,Dynamics 365 Supply Chain Management documentation,https://learn.microsoft.com/en-us/dynamics365/supply-chain/,"Procurement, inventory, warehouse, production, quality, asset and supply-chain controls.",inventory,1,APPROVED,Official/primary source authority is relevant to the feature domain; feature-specific requirements remain governed by the canonical dossier and Pass B/C contracts.,2026-08-31
PFD-MAP-F105-2,F105,Multi-warehouse inventory,Stock / Inventory,ODOO_INVENTORY,Odoo,Odoo 19 Inventory,Odoo 19 Inventory documentation,https://www.odoo.com/documentation/19.0/applications/inventory_and_mrp/inventory.html,"Inventory locations, receipts/issues, tracking, replenishment and warehouse operations.",inventory,2,APPROVED,Official/primary source authority is relevant to the feature domain; feature-specific requirements remain governed by the canonical dossier and Pass B/C contracts.,2026-08-31
PFD-MAP-F106-1,F106,Real-time stock balance,Stock / Inventory,MS_SCM,Microsoft,Dynamics 365 Supply Chain Management,Dynamics 365 Supply Chain Management documentation,https://learn.microsoft.com/en-us/dynamics365/supply-chain/,"Procurement, inventory, warehouse, production, quality, asset and supply-chain controls.",inventory,1,APPROVED,Official/primary source authority is relevant to the feature domain; feature-specific requirements remain governed by the canonical dossier and Pass B/C contracts.,2026-08-31
PFD-MAP-F106-2,F106,Real-time stock balance,Stock / Inventory,ODOO_INVENTORY,Odoo,Odoo 19 Inventory,Odoo 19 Inventory documentation,https://www.odoo.com/documentation/19.0/applications/inventory_and_mrp/inventory.html,"Inventory locations, receipts/issues, tracking, replenishment and warehouse operations.",inventory,2,APPROVED,Official/primary source authority is relevant to the feature domain; feature-specific requirements remain governed by the canonical dossier and Pass B/C contracts.,2026-08-31
PFD-MAP-F107-1,F107,Stock ledger,Stock / Inventory,MS_SCM,Microsoft,Dynamics 365 Supply Chain Management,Dynamics 365 Supply Chain Management documentation,https://learn.microsoft.com/en-us/dynamics365/supply-chain/,"Procurement, inventory, warehouse, production, quality, asset and supply-chain controls.",inventory,1,APPROVED,Official/primary source authority is relevant to the feature domain; feature-specific requirements remain governed by the canonical dossier and Pass B/C contracts.,2026-08-31
PFD-MAP-F107-2,F107,Stock ledger,Stock / Inventory,ODOO_INVENTORY,Odoo,Odoo 19 Inventory,Odoo 19 Inventory documentation,https://www.odoo.com/documentation/19.0/applications/inventory_and_mrp/inventory.html,"Inventory locations, receipts/issues, tracking, replenishment and warehouse operations.",inventory,2,APPROVED,Official/primary source authority is relevant to the feature domain; feature-specific requirements remain governed by the canonical dossier and Pass B/C contracts.,2026-08-31
PFD-MAP-F108-1,F108,Goods receipts,Stock / Inventory,MS_SCM,Microsoft,Dynamics 365 Supply Chain Management,Dynamics 365 Supply Chain Management documentation,https://learn.microsoft.com/en-us/dynamics365/supply-chain/,"Procurement, inventory, warehouse, production, quality, asset and supply-chain controls.",document,1,APPROVED,Official/primary source authority is relevant to the feature domain; feature-specific requirements remain governed by the canonical dossier and Pass B/C contracts.,2026-08-31
PFD-MAP-F108-2,F108,Goods receipts,Stock / Inventory,ODOO_INVENTORY,Odoo,Odoo 19 Inventory,Odoo 19 Inventory documentation,https://www.odoo.com/documentation/19.0/applications/inventory_and_mrp/inventory.html,"Inventory locations, receipts/issues, tracking, replenishment and warehouse operations.",document,2,APPROVED,Official/primary source authority is relevant to the feature domain; feature-specific requirements remain governed by the canonical dossier and Pass B/C contracts.,2026-08-31
PFD-MAP-F109-1,F109,Goods issues,Stock / Inventory,MS_SCM,Microsoft,Dynamics 365 Supply Chain Management,Dynamics 365 Supply Chain Management documentation,https://learn.microsoft.com/en-us/dynamics365/supply-chain/,"Procurement, inventory, warehouse, production, quality, asset and supply-chain controls.",inventory,1,APPROVED,Official/primary source authority is relevant to the feature domain; feature-specific requirements remain governed by the canonical dossier and Pass B/C contracts.,2026-08-31
PFD-MAP-F109-2,F109,Goods issues,Stock / Inventory,ODOO_INVENTORY,Odoo,Odoo 19 Inventory,Odoo 19 Inventory documentation,https://www.odoo.com/documentation/19.0/applications/inventory_and_mrp/inventory.html,"Inventory locations, receipts/issues, tracking, replenishment and warehouse operations.",inventory,2,APPROVED,Official/primary source authority is relevant to the feature domain; feature-specific requirements remain governed by the canonical dossier and Pass B/C contracts.,2026-08-31
PFD-MAP-F110-1,F110,Internal transfers,Stock / Inventory,MS_SCM,Microsoft,Dynamics 365 Supply Chain Management,Dynamics 365 Supply Chain Management documentation,https://learn.microsoft.com/en-us/dynamics365/supply-chain/,"Procurement, inventory, warehouse, production, quality, asset and supply-chain controls.",inventory,1,APPROVED,Official/primary source authority is relevant to the feature domain; feature-specific requirements remain governed by the canonical dossier and Pass B/C contracts.,2026-08-31
PFD-MAP-F110-2,F110,Internal transfers,Stock / Inventory,ODOO_INVENTORY,Odoo,Odoo 19 Inventory,Odoo 19 Inventory documentation,https://www.odoo.com/documentation/19.0/applications/inventory_and_mrp/inventory.html,"Inventory locations, receipts/issues, tracking, replenishment and warehouse operations.",inventory,2,APPROVED,Official/primary source authority is relevant to the feature domain; feature-specific requirements remain governed by the canonical dossier and Pass B/C contracts.,2026-08-31
PFD-MAP-F111-1,F111,Stock adjustments,Stock / Inventory,MS_SCM,Microsoft,Dynamics 365 Supply Chain Management,Dynamics 365 Supply Chain Management documentation,https://learn.microsoft.com/en-us/dynamics365/supply-chain/,"Procurement, inventory, warehouse, production, quality, asset and supply-chain controls.",inventory,1,APPROVED,Official/primary source authority is relevant to the feature domain; feature-specific requirements remain governed by the canonical dossier and Pass B/C contracts.,2026-08-31
PFD-MAP-F111-2,F111,Stock adjustments,Stock / Inventory,ODOO_INVENTORY,Odoo,Odoo 19 Inventory,Odoo 19 Inventory documentation,https://www.odoo.com/documentation/19.0/applications/inventory_and_mrp/inventory.html,"Inventory locations, receipts/issues, tracking, replenishment and warehouse operations.",inventory,2,APPROVED,Official/primary source authority is relevant to the feature domain; feature-specific requirements remain governed by the canonical dossier and Pass B/C contracts.,2026-08-31
PFD-MAP-F112-1,F112,Stock reservations,Stock / Inventory,MS_SCM,Microsoft,Dynamics 365 Supply Chain Management,Dynamics 365 Supply Chain Management documentation,https://learn.microsoft.com/en-us/dynamics365/supply-chain/,"Procurement, inventory, warehouse, production, quality, asset and supply-chain controls.",inventory,1,APPROVED,Official/primary source authority is relevant to the feature domain; feature-specific requirements remain governed by the canonical dossier and Pass B/C contracts.,2026-08-31
PFD-MAP-F112-2,F112,Stock reservations,Stock / Inventory,ODOO_INVENTORY,Odoo,Odoo 19 Inventory,Odoo 19 Inventory documentation,https://www.odoo.com/documentation/19.0/applications/inventory_and_mrp/inventory.html,"Inventory locations, receipts/issues, tracking, replenishment and warehouse operations.",inventory,2,APPROVED,Official/primary source authority is relevant to the feature domain; feature-specific requirements remain governed by the canonical dossier and Pass B/C contracts.,2026-08-31
PFD-MAP-F113-1,F113,Available stock,Stock / Inventory,MS_SCM,Microsoft,Dynamics 365 Supply Chain Management,Dynamics 365 Supply Chain Management documentation,https://learn.microsoft.com/en-us/dynamics365/supply-chain/,"Procurement, inventory, warehouse, production, quality, asset and supply-chain controls.",inventory,1,APPROVED,Official/primary source authority is relevant to the feature domain; feature-specific requirements remain governed by the canonical dossier and Pass B/C contracts.,2026-08-31
PFD-MAP-F113-2,F113,Available stock,Stock / Inventory,ODOO_INVENTORY,Odoo,Odoo 19 Inventory,Odoo 19 Inventory documentation,https://www.odoo.com/documentation/19.0/applications/inventory_and_mrp/inventory.html,"Inventory locations, receipts/issues, tracking, replenishment and warehouse operations.",inventory,2,APPROVED,Official/primary source authority is relevant to the feature domain; feature-specific requirements remain governed by the canonical dossier and Pass B/C contracts.,2026-08-31
PFD-MAP-F114-1,F114,Available-to-promise,Stock / Inventory,MS_SCM,Microsoft,Dynamics 365 Supply Chain Management,Dynamics 365 Supply Chain Management documentation,https://learn.microsoft.com/en-us/dynamics365/supply-chain/,"Procurement, inventory, warehouse, production, quality, asset and supply-chain controls.",operational,1,APPROVED,Official/primary source authority is relevant to the feature domain; feature-specific requirements remain governed by the canonical dossier and Pass B/C contracts.,2026-08-31
PFD-MAP-F114-2,F114,Available-to-promise,Stock / Inventory,ODOO_INVENTORY,Odoo,Odoo 19 Inventory,Odoo 19 Inventory documentation,https://www.odoo.com/documentation/19.0/applications/inventory_and_mrp/inventory.html,"Inventory locations, receipts/issues, tracking, replenishment and warehouse operations.",operational,2,APPROVED,Official/primary source authority is relevant to the feature domain; feature-specific requirements remain governed by the canonical dossier and Pass B/C contracts.,2026-08-31
PFD-MAP-F115-1,F115,Batch tracking,Stock / Inventory,MS_SCM,Microsoft,Dynamics 365 Supply Chain Management,Dynamics 365 Supply Chain Management documentation,https://learn.microsoft.com/en-us/dynamics365/supply-chain/,"Procurement, inventory, warehouse, production, quality, asset and supply-chain controls.",inventory,1,APPROVED,Official/primary source authority is relevant to the feature domain; feature-specific requirements remain governed by the canonical dossier and Pass B/C contracts.,2026-08-31
PFD-MAP-F115-2,F115,Batch tracking,Stock / Inventory,ODOO_INVENTORY,Odoo,Odoo 19 Inventory,Odoo 19 Inventory documentation,https://www.odoo.com/documentation/19.0/applications/inventory_and_mrp/inventory.html,"Inventory locations, receipts/issues, tracking, replenishment and warehouse operations.",inventory,2,APPROVED,Official/primary source authority is relevant to the feature domain; feature-specific requirements remain governed by the canonical dossier and Pass B/C contracts.,2026-08-31
PFD-MAP-F116-1,F116,Lot tracking,Stock / Inventory,MS_SCM,Microsoft,Dynamics 365 Supply Chain Management,Dynamics 365 Supply Chain Management documentation,https://learn.microsoft.com/en-us/dynamics365/supply-chain/,"Procurement, inventory, warehouse, production, quality, asset and supply-chain controls.",inventory,1,APPROVED,Official/primary source authority is relevant to the feature domain; feature-specific requirements remain governed by the canonical dossier and Pass B/C contracts.,2026-08-31
PFD-MAP-F116-2,F116,Lot tracking,Stock / Inventory,ODOO_INVENTORY,Odoo,Odoo 19 Inventory,Odoo 19 Inventory documentation,https://www.odoo.com/documentation/19.0/applications/inventory_and_mrp/inventory.html,"Inventory locations, receipts/issues, tracking, replenishment and warehouse operations.",inventory,2,APPROVED,Official/primary source authority is relevant to the feature domain; feature-specific requirements remain governed by the canonical dossier and Pass B/C contracts.,2026-08-31
PFD-MAP-F117-1,F117,Serial-number tracking,Stock / Inventory,MS_SCM,Microsoft,Dynamics 365 Supply Chain Management,Dynamics 365 Supply Chain Management documentation,https://learn.microsoft.com/en-us/dynamics365/supply-chain/,"Procurement, inventory, warehouse, production, quality, asset and supply-chain controls.",inventory,1,APPROVED,Official/primary source authority is relevant to the feature domain; feature-specific requirements remain governed by the canonical dossier and Pass B/C contracts.,2026-08-31
PFD-MAP-F117-2,F117,Serial-number tracking,Stock / Inventory,ODOO_INVENTORY,Odoo,Odoo 19 Inventory,Odoo 19 Inventory documentation,https://www.odoo.com/documentation/19.0/applications/inventory_and_mrp/inventory.html,"Inventory locations, receipts/issues, tracking, replenishment and warehouse operations.",inventory,2,APPROVED,Official/primary source authority is relevant to the feature domain; feature-specific requirements remain governed by the canonical dossier and Pass B/C contracts.,2026-08-31
PFD-MAP-F118-1,F118,Expiry dates,Stock / Inventory,MS_SCM,Microsoft,Dynamics 365 Supply Chain Management,Dynamics 365 Supply Chain Management documentation,https://learn.microsoft.com/en-us/dynamics365/supply-chain/,"Procurement, inventory, warehouse, production, quality, asset and supply-chain controls.",operational,1,APPROVED,Official/primary source authority is relevant to the feature domain; feature-specific requirements remain governed by the canonical dossier and Pass B/C contracts.,2026-08-31
PFD-MAP-F118-2,F118,Expiry dates,Stock / Inventory,ODOO_INVENTORY,Odoo,Odoo 19 Inventory,Odoo 19 Inventory documentation,https://www.odoo.com/documentation/19.0/applications/inventory_and_mrp/inventory.html,"Inventory locations, receipts/issues, tracking, replenishment and warehouse operations.",operational,2,APPROVED,Official/primary source authority is relevant to the feature domain; feature-specific requirements remain governed by the canonical dossier and Pass B/C contracts.,2026-08-31
PFD-MAP-F119-1,F119,Barcode scanning,Stock / Inventory,MS_SCM,Microsoft,Dynamics 365 Supply Chain Management,Dynamics 365 Supply Chain Management documentation,https://learn.microsoft.com/en-us/dynamics365/supply-chain/,"Procurement, inventory, warehouse, production, quality, asset and supply-chain controls.",inventory,1,APPROVED,Official/primary source authority is relevant to the feature domain; feature-specific requirements remain governed by the canonical dossier and Pass B/C contracts.,2026-08-31
PFD-MAP-F119-2,F119,Barcode scanning,Stock / Inventory,ODOO_INVENTORY,Odoo,Odoo 19 Inventory,Odoo 19 Inventory documentation,https://www.odoo.com/documentation/19.0/applications/inventory_and_mrp/inventory.html,"Inventory locations, receipts/issues, tracking, replenishment and warehouse operations.",inventory,2,APPROVED,Official/primary source authority is relevant to the feature domain; feature-specific requirements remain governed by the canonical dossier and Pass B/C contracts.,2026-08-31
PFD-MAP-F120-1,F120,Cycle counting,Stock / Inventory,MS_SCM,Microsoft,Dynamics 365 Supply Chain Management,Dynamics 365 Supply Chain Management documentation,https://learn.microsoft.com/en-us/dynamics365/supply-chain/,"Procurement, inventory, warehouse, production, quality, asset and supply-chain controls.",operational,1,APPROVED,Official/primary source authority is relevant to the feature domain; feature-specific requirements remain governed by the canonical dossier and Pass B/C contracts.,2026-08-31
PFD-MAP-F120-2,F120,Cycle counting,Stock / Inventory,ODOO_INVENTORY,Odoo,Odoo 19 Inventory,Odoo 19 Inventory documentation,https://www.odoo.com/documentation/19.0/applications/inventory_and_mrp/inventory.html,"Inventory locations, receipts/issues, tracking, replenishment and warehouse operations.",operational,2,APPROVED,Official/primary source authority is relevant to the feature domain; feature-specific requirements remain governed by the canonical dossier and Pass B/C contracts.,2026-08-31
PFD-MAP-F121-1,F121,Physical inventory,Stock / Inventory,MS_SCM,Microsoft,Dynamics 365 Supply Chain Management,Dynamics 365 Supply Chain Management documentation,https://learn.microsoft.com/en-us/dynamics365/supply-chain/,"Procurement, inventory, warehouse, production, quality, asset and supply-chain controls.",inventory,1,APPROVED,Official/primary source authority is relevant to the feature domain; feature-specific requirements remain governed by the canonical dossier and Pass B/C contracts.,2026-08-31
PFD-MAP-F121-2,F121,Physical inventory,Stock / Inventory,ODOO_INVENTORY,Odoo,Odoo 19 Inventory,Odoo 19 Inventory documentation,https://www.odoo.com/documentation/19.0/applications/inventory_and_mrp/inventory.html,"Inventory locations, receipts/issues, tracking, replenishment and warehouse operations.",inventory,2,APPROVED,Official/primary source authority is relevant to the feature domain; feature-specific requirements remain governed by the canonical dossier and Pass B/C contracts.,2026-08-31
PFD-MAP-F122-1,F122,Reorder point,Stock / Inventory,MS_SCM,Microsoft,Dynamics 365 Supply Chain Management,Dynamics 365 Supply Chain Management documentation,https://learn.microsoft.com/en-us/dynamics365/supply-chain/,"Procurement, inventory, warehouse, production, quality, asset and supply-chain controls.",document,1,APPROVED,Official/primary source authority is relevant to the feature domain; feature-specific requirements remain governed by the canonical dossier and Pass B/C contracts.,2026-08-31
PFD-MAP-F122-2,F122,Reorder point,Stock / Inventory,ODOO_INVENTORY,Odoo,Odoo 19 Inventory,Odoo 19 Inventory documentation,https://www.odoo.com/documentation/19.0/applications/inventory_and_mrp/inventory.html,"Inventory locations, receipts/issues, tracking, replenishment and warehouse operations.",document,2,APPROVED,Official/primary source authority is relevant to the feature domain; feature-specific requirements remain governed by the canonical dossier and Pass B/C contracts.,2026-08-31
PFD-MAP-F123-1,F123,Minimum / maximum stock,Stock / Inventory,MS_SCM,Microsoft,Dynamics 365 Supply Chain Management,Dynamics 365 Supply Chain Management documentation,https://learn.microsoft.com/en-us/dynamics365/supply-chain/,"Procurement, inventory, warehouse, production, quality, asset and supply-chain controls.",inventory,1,APPROVED,Official/primary source authority is relevant to the feature domain; feature-specific requirements remain governed by the canonical dossier and Pass B/C contracts.,2026-08-31
PFD-MAP-F123-2,F123,Minimum / maximum stock,Stock / Inventory,ODOO_INVENTORY,Odoo,Odoo 19 Inventory,Odoo 19 Inventory documentation,https://www.odoo.com/documentation/19.0/applications/inventory_and_mrp/inventory.html,"Inventory locations, receipts/issues, tracking, replenishment and warehouse operations.",inventory,2,APPROVED,Official/primary source authority is relevant to the feature domain; feature-specific requirements remain governed by the canonical dossier and Pass B/C contracts.,2026-08-31
PFD-MAP-F124-1,F124,Safety stock,Stock / Inventory,MS_SCM,Microsoft,Dynamics 365 Supply Chain Management,Dynamics 365 Supply Chain Management documentation,https://learn.microsoft.com/en-us/dynamics365/supply-chain/,"Procurement, inventory, warehouse, production, quality, asset and supply-chain controls.",inventory,1,APPROVED,Official/primary source authority is relevant to the feature domain; feature-specific requirements remain governed by the canonical dossier and Pass B/C contracts.,2026-08-31
PFD-MAP-F124-2,F124,Safety stock,Stock / Inventory,ODOO_INVENTORY,Odoo,Odoo 19 Inventory,Odoo 19 Inventory documentation,https://www.odoo.com/documentation/19.0/applications/inventory_and_mrp/inventory.html,"Inventory locations, receipts/issues, tracking, replenishment and warehouse operations.",inventory,2,APPROVED,Official/primary source authority is relevant to the feature domain; feature-specific requirements remain governed by the canonical dossier and Pass B/C contracts.,2026-08-31
PFD-MAP-F125-1,F125,Automatic replenishment,Stock / Inventory,MS_SCM,Microsoft,Dynamics 365 Supply Chain Management,Dynamics 365 Supply Chain Management documentation,https://learn.microsoft.com/en-us/dynamics365/supply-chain/,"Procurement, inventory, warehouse, production, quality, asset and supply-chain controls.",operational,1,APPROVED,Official/primary source authority is relevant to the feature domain; feature-specific requirements remain governed by the canonical dossier and Pass B/C contracts.,2026-08-31
PFD-MAP-F125-2,F125,Automatic replenishment,Stock / Inventory,ODOO_INVENTORY,Odoo,Odoo 19 Inventory,Odoo 19 Inventory documentation,https://www.odoo.com/documentation/19.0/applications/inventory_and_mrp/inventory.html,"Inventory locations, receipts/issues, tracking, replenishment and warehouse operations.",operational,2,APPROVED,Official/primary source authority is relevant to the feature domain; feature-specific requirements remain governed by the canonical dossier and Pass B/C contracts.,2026-08-31
PFD-MAP-F126-1,F126,Negative-stock control,Stock / Inventory,MS_SCM,Microsoft,Dynamics 365 Supply Chain Management,Dynamics 365 Supply Chain Management documentation,https://learn.microsoft.com/en-us/dynamics365/supply-chain/,"Procurement, inventory, warehouse, production, quality, asset and supply-chain controls.",inventory,1,APPROVED,Official/primary source authority is relevant to the feature domain; feature-specific requirements remain governed by the canonical dossier and Pass B/C contracts.,2026-08-31
PFD-MAP-F126-2,F126,Negative-stock control,Stock / Inventory,ODOO_INVENTORY,Odoo,Odoo 19 Inventory,Odoo 19 Inventory documentation,https://www.odoo.com/documentation/19.0/applications/inventory_and_mrp/inventory.html,"Inventory locations, receipts/issues, tracking, replenishment and warehouse operations.",inventory,2,APPROVED,Official/primary source authority is relevant to the feature domain; feature-specific requirements remain governed by the canonical dossier and Pass B/C contracts.,2026-08-31
PFD-MAP-F127-1,F127,FIFO valuation,Stock / Inventory,MS_SCM,Microsoft,Dynamics 365 Supply Chain Management,Dynamics 365 Supply Chain Management documentation,https://learn.microsoft.com/en-us/dynamics365/supply-chain/,"Procurement, inventory, warehouse, production, quality, asset and supply-chain controls.",calculation,1,APPROVED,Official/primary source authority is relevant to the feature domain; feature-specific requirements remain governed by the canonical dossier and Pass B/C contracts.,2026-08-31
PFD-MAP-F127-2,F127,FIFO valuation,Stock / Inventory,ODOO_INVENTORY,Odoo,Odoo 19 Inventory,Odoo 19 Inventory documentation,https://www.odoo.com/documentation/19.0/applications/inventory_and_mrp/inventory.html,"Inventory locations, receipts/issues, tracking, replenishment and warehouse operations.",calculation,2,APPROVED,Official/primary source authority is relevant to the feature domain; feature-specific requirements remain governed by the canonical dossier and Pass B/C contracts.,2026-08-31
PFD-MAP-F128-1,F128,Weighted / moving-average valuation,Stock / Inventory,MS_SCM,Microsoft,Dynamics 365 Supply Chain Management,Dynamics 365 Supply Chain Management documentation,https://learn.microsoft.com/en-us/dynamics365/supply-chain/,"Procurement, inventory, warehouse, production, quality, asset and supply-chain controls.",calculation,1,APPROVED,Official/primary source authority is relevant to the feature domain; feature-specific requirements remain governed by the canonical dossier and Pass B/C contracts.,2026-08-31
PFD-MAP-F128-2,F128,Weighted / moving-average valuation,Stock / Inventory,ODOO_INVENTORY,Odoo,Odoo 19 Inventory,Odoo 19 Inventory documentation,https://www.odoo.com/documentation/19.0/applications/inventory_and_mrp/inventory.html,"Inventory locations, receipts/issues, tracking, replenishment and warehouse operations.",calculation,2,APPROVED,Official/primary source authority is relevant to the feature domain; feature-specific requirements remain governed by the canonical dossier and Pass B/C contracts.,2026-08-31
PFD-MAP-F129-1,F129,Standard costing,Stock / Inventory,MS_SCM,Microsoft,Dynamics 365 Supply Chain Management,Dynamics 365 Supply Chain Management documentation,https://learn.microsoft.com/en-us/dynamics365/supply-chain/,"Procurement, inventory, warehouse, production, quality, asset and supply-chain controls.",calculation,1,APPROVED,Official/primary source authority is relevant to the feature domain; feature-specific requirements remain governed by the canonical dossier and Pass B/C contracts.,2026-08-31
PFD-MAP-F129-2,F129,Standard costing,Stock / Inventory,ODOO_INVENTORY,Odoo,Odoo 19 Inventory,Odoo 19 Inventory documentation,https://www.odoo.com/documentation/19.0/applications/inventory_and_mrp/inventory.html,"Inventory locations, receipts/issues, tracking, replenishment and warehouse operations.",calculation,2,APPROVED,Official/primary source authority is relevant to the feature domain; feature-specific requirements remain governed by the canonical dossier and Pass B/C contracts.,2026-08-31
PFD-MAP-F130-1,F130,Inventory valuation,Stock / Inventory,MS_SCM,Microsoft,Dynamics 365 Supply Chain Management,Dynamics 365 Supply Chain Management documentation,https://learn.microsoft.com/en-us/dynamics365/supply-chain/,"Procurement, inventory, warehouse, production, quality, asset and supply-chain controls.",calculation,1,APPROVED,Official/primary source authority is relevant to the feature domain; feature-specific requirements remain governed by the canonical dossier and Pass B/C contracts.,2026-08-31
PFD-MAP-F130-2,F130,Inventory valuation,Stock / Inventory,ODOO_INVENTORY,Odoo,Odoo 19 Inventory,Odoo 19 Inventory documentation,https://www.odoo.com/documentation/19.0/applications/inventory_and_mrp/inventory.html,"Inventory locations, receipts/issues, tracking, replenishment and warehouse operations.",calculation,2,APPROVED,Official/primary source authority is relevant to the feature domain; feature-specific requirements remain governed by the canonical dossier and Pass B/C contracts.,2026-08-31
PFD-MAP-F131-1,F131,Landed cost allocation,Stock / Inventory,MS_SCM,Microsoft,Dynamics 365 Supply Chain Management,Dynamics 365 Supply Chain Management documentation,https://learn.microsoft.com/en-us/dynamics365/supply-chain/,"Procurement, inventory, warehouse, production, quality, asset and supply-chain controls.",calculation,1,APPROVED,Official/primary source authority is relevant to the feature domain; feature-specific requirements remain governed by the canonical dossier and Pass B/C contracts.,2026-08-31
PFD-MAP-F131-2,F131,Landed cost allocation,Stock / Inventory,ODOO_INVENTORY,Odoo,Odoo 19 Inventory,Odoo 19 Inventory documentation,https://www.odoo.com/documentation/19.0/applications/inventory_and_mrp/inventory.html,"Inventory locations, receipts/issues, tracking, replenishment and warehouse operations.",calculation,2,APPROVED,Official/primary source authority is relevant to the feature domain; feature-specific requirements remain governed by the canonical dossier and Pass B/C contracts.,2026-08-31
PFD-MAP-F132-1,F132,Stock aging,Stock / Inventory,MS_SCM,Microsoft,Dynamics 365 Supply Chain Management,Dynamics 365 Supply Chain Management documentation,https://learn.microsoft.com/en-us/dynamics365/supply-chain/,"Procurement, inventory, warehouse, production, quality, asset and supply-chain controls.",inventory,1,APPROVED,Official/primary source authority is relevant to the feature domain; feature-specific requirements remain governed by the canonical dossier and Pass B/C contracts.,2026-08-31
PFD-MAP-F132-2,F132,Stock aging,Stock / Inventory,ODOO_INVENTORY,Odoo,Odoo 19 Inventory,Odoo 19 Inventory documentation,https://www.odoo.com/documentation/19.0/applications/inventory_and_mrp/inventory.html,"Inventory locations, receipts/issues, tracking, replenishment and warehouse operations.",inventory,2,APPROVED,Official/primary source authority is relevant to the feature domain; feature-specific requirements remain governed by the canonical dossier and Pass B/C contracts.,2026-08-31
PFD-MAP-F133-1,F133,Slow-moving inventory,Stock / Inventory,MS_SCM,Microsoft,Dynamics 365 Supply Chain Management,Dynamics 365 Supply Chain Management documentation,https://learn.microsoft.com/en-us/dynamics365/supply-chain/,"Procurement, inventory, warehouse, production, quality, asset and supply-chain controls.",inventory,1,APPROVED,Official/primary source authority is relevant to the feature domain; feature-specific requirements remain governed by the canonical dossier and Pass B/C contracts.,2026-08-31
PFD-MAP-F133-2,F133,Slow-moving inventory,Stock / Inventory,ODOO_INVENTORY,Odoo,Odoo 19 Inventory,Odoo 19 Inventory documentation,https://www.odoo.com/documentation/19.0/applications/inventory_and_mrp/inventory.html,"Inventory locations, receipts/issues, tracking, replenishment and warehouse operations.",inventory,2,APPROVED,Official/primary source authority is relevant to the feature domain; feature-specific requirements remain governed by the canonical dossier and Pass B/C contracts.,2026-08-31
PFD-MAP-F134-1,F134,Dead-stock reporting,Stock / Inventory,MS_SCM,Microsoft,Dynamics 365 Supply Chain Management,Dynamics 365 Supply Chain Management documentation,https://learn.microsoft.com/en-us/dynamics365/supply-chain/,"Procurement, inventory, warehouse, production, quality, asset and supply-chain controls.",analytics,1,APPROVED,Official/primary source authority is relevant to the feature domain; feature-specific requirements remain governed by the canonical dossier and Pass B/C contracts.,2026-08-31
PFD-MAP-F134-2,F134,Dead-stock reporting,Stock / Inventory,ODOO_INVENTORY,Odoo,Odoo 19 Inventory,Odoo 19 Inventory documentation,https://www.odoo.com/documentation/19.0/applications/inventory_and_mrp/inventory.html,"Inventory locations, receipts/issues, tracking, replenishment and warehouse operations.",analytics,2,APPROVED,Official/primary source authority is relevant to the feature domain; feature-specific requirements remain governed by the canonical dossier and Pass B/C contracts.,2026-08-31
PFD-MAP-F135-1,F135,Picking,Stock / Inventory,MS_SCM,Microsoft,Dynamics 365 Supply Chain Management,Dynamics 365 Supply Chain Management documentation,https://learn.microsoft.com/en-us/dynamics365/supply-chain/,"Procurement, inventory, warehouse, production, quality, asset and supply-chain controls.",inventory,1,APPROVED,Official/primary source authority is relevant to the feature domain; feature-specific requirements remain governed by the canonical dossier and Pass B/C contracts.,2026-08-31
PFD-MAP-F135-2,F135,Picking,Stock / Inventory,ODOO_INVENTORY,Odoo,Odoo 19 Inventory,Odoo 19 Inventory documentation,https://www.odoo.com/documentation/19.0/applications/inventory_and_mrp/inventory.html,"Inventory locations, receipts/issues, tracking, replenishment and warehouse operations.",inventory,2,APPROVED,Official/primary source authority is relevant to the feature domain; feature-specific requirements remain governed by the canonical dossier and Pass B/C contracts.,2026-08-31
PFD-MAP-F136-1,F136,Packing,Stock / Inventory,MS_SCM,Microsoft,Dynamics 365 Supply Chain Management,Dynamics 365 Supply Chain Management documentation,https://learn.microsoft.com/en-us/dynamics365/supply-chain/,"Procurement, inventory, warehouse, production, quality, asset and supply-chain controls.",inventory,1,APPROVED,Official/primary source authority is relevant to the feature domain; feature-specific requirements remain governed by the canonical dossier and Pass B/C contracts.,2026-08-31
PFD-MAP-F136-2,F136,Packing,Stock / Inventory,ODOO_INVENTORY,Odoo,Odoo 19 Inventory,Odoo 19 Inventory documentation,https://www.odoo.com/documentation/19.0/applications/inventory_and_mrp/inventory.html,"Inventory locations, receipts/issues, tracking, replenishment and warehouse operations.",inventory,2,APPROVED,Official/primary source authority is relevant to the feature domain; feature-specific requirements remain governed by the canonical dossier and Pass B/C contracts.,2026-08-31
PFD-MAP-F137-1,F137,Shipping,Stock / Inventory,MS_SCM,Microsoft,Dynamics 365 Supply Chain Management,Dynamics 365 Supply Chain Management documentation,https://learn.microsoft.com/en-us/dynamics365/supply-chain/,"Procurement, inventory, warehouse, production, quality, asset and supply-chain controls.",inventory,1,APPROVED,Official/primary source authority is relevant to the feature domain; feature-specific requirements remain governed by the canonical dossier and Pass B/C contracts.,2026-08-31
PFD-MAP-F137-2,F137,Shipping,Stock / Inventory,ODOO_INVENTORY,Odoo,Odoo 19 Inventory,Odoo 19 Inventory documentation,https://www.odoo.com/documentation/19.0/applications/inventory_and_mrp/inventory.html,"Inventory locations, receipts/issues, tracking, replenishment and warehouse operations.",inventory,2,APPROVED,Official/primary source authority is relevant to the feature domain; feature-specific requirements remain governed by the canonical dossier and Pass B/C contracts.,2026-08-31
PFD-MAP-F138-1,F138,Returns,Stock / Inventory,MS_SCM,Microsoft,Dynamics 365 Supply Chain Management,Dynamics 365 Supply Chain Management documentation,https://learn.microsoft.com/en-us/dynamics365/supply-chain/,"Procurement, inventory, warehouse, production, quality, asset and supply-chain controls.",inventory,1,APPROVED,Official/primary source authority is relevant to the feature domain; feature-specific requirements remain governed by the canonical dossier and Pass B/C contracts.,2026-08-31
PFD-MAP-F138-2,F138,Returns,Stock / Inventory,ODOO_INVENTORY,Odoo,Odoo 19 Inventory,Odoo 19 Inventory documentation,https://www.odoo.com/documentation/19.0/applications/inventory_and_mrp/inventory.html,"Inventory locations, receipts/issues, tracking, replenishment and warehouse operations.",inventory,2,APPROVED,Official/primary source authority is relevant to the feature domain; feature-specific requirements remain governed by the canonical dossier and Pass B/C contracts.,2026-08-31
PFD-MAP-F139-1,F139,Damaged stock,Stock / Inventory,MS_SCM,Microsoft,Dynamics 365 Supply Chain Management,Dynamics 365 Supply Chain Management documentation,https://learn.microsoft.com/en-us/dynamics365/supply-chain/,"Procurement, inventory, warehouse, production, quality, asset and supply-chain controls.",inventory,1,APPROVED,Official/primary source authority is relevant to the feature domain; feature-specific requirements remain governed by the canonical dossier and Pass B/C contracts.,2026-08-31
PFD-MAP-F139-2,F139,Damaged stock,Stock / Inventory,ODOO_INVENTORY,Odoo,Odoo 19 Inventory,Odoo 19 Inventory documentation,https://www.odoo.com/documentation/19.0/applications/inventory_and_mrp/inventory.html,"Inventory locations, receipts/issues, tracking, replenishment and warehouse operations.",inventory,2,APPROVED,Official/primary source authority is relevant to the feature domain; feature-specific requirements remain governed by the canonical dossier and Pass B/C contracts.,2026-08-31
PFD-MAP-F140-1,F140,Quarantine and quality-held stock,Stock / Inventory,MS_SCM,Microsoft,Dynamics 365 Supply Chain Management,Dynamics 365 Supply Chain Management documentation,https://learn.microsoft.com/en-us/dynamics365/supply-chain/,"Procurement, inventory, warehouse, production, quality, asset and supply-chain controls.",inventory,1,APPROVED,Official/primary source authority is relevant to the feature domain; feature-specific requirements remain governed by the canonical dossier and Pass B/C contracts.,2026-08-31
PFD-MAP-F140-2,F140,Quarantine and quality-held stock,Stock / Inventory,ODOO_INVENTORY,Odoo,Odoo 19 Inventory,Odoo 19 Inventory documentation,https://www.odoo.com/documentation/19.0/applications/inventory_and_mrp/inventory.html,"Inventory locations, receipts/issues, tracking, replenishment and warehouse operations.",inventory,2,APPROVED,Official/primary source authority is relevant to the feature domain; feature-specific requirements remain governed by the canonical dossier and Pass B/C contracts.,2026-08-31
PFD-MAP-F141-1,F141,Batch / serial traceability,Stock / Inventory,MS_SCM,Microsoft,Dynamics 365 Supply Chain Management,Dynamics 365 Supply Chain Management documentation,https://learn.microsoft.com/en-us/dynamics365/supply-chain/,"Procurement, inventory, warehouse, production, quality, asset and supply-chain controls.",inventory,1,APPROVED,Official/primary source authority is relevant to the feature domain; feature-specific requirements remain governed by the canonical dossier and Pass B/C contracts.,2026-08-31
PFD-MAP-F141-2,F141,Batch / serial traceability,Stock / Inventory,ODOO_INVENTORY,Odoo,Odoo 19 Inventory,Odoo 19 Inventory documentation,https://www.odoo.com/documentation/19.0/applications/inventory_and_mrp/inventory.html,"Inventory locations, receipts/issues, tracking, replenishment and warehouse operations.",inventory,2,APPROVED,Official/primary source authority is relevant to the feature domain; feature-specific requirements remain governed by the canonical dossier and Pass B/C contracts.,2026-08-31
PFD-MAP-F142-1,F142,Inventory movement history,Stock / Inventory,MS_SCM,Microsoft,Dynamics 365 Supply Chain Management,Dynamics 365 Supply Chain Management documentation,https://learn.microsoft.com/en-us/dynamics365/supply-chain/,"Procurement, inventory, warehouse, production, quality, asset and supply-chain controls.",inventory,1,APPROVED,Official/primary source authority is relevant to the feature domain; feature-specific requirements remain governed by the canonical dossier and Pass B/C contracts.,2026-08-31
PFD-MAP-F142-2,F142,Inventory movement history,Stock / Inventory,ODOO_INVENTORY,Odoo,Odoo 19 Inventory,Odoo 19 Inventory documentation,https://www.odoo.com/documentation/19.0/applications/inventory_and_mrp/inventory.html,"Inventory locations, receipts/issues, tracking, replenishment and warehouse operations.",inventory,2,APPROVED,Official/primary source authority is relevant to the feature domain; feature-specific requirements remain governed by the canonical dossier and Pass B/C contracts.,2026-08-31
PFD-MAP-F143-1,F143,Stock reports,Stock / Inventory,MS_SCM,Microsoft,Dynamics 365 Supply Chain Management,Dynamics 365 Supply Chain Management documentation,https://learn.microsoft.com/en-us/dynamics365/supply-chain/,"Procurement, inventory, warehouse, production, quality, asset and supply-chain controls.",analytics,1,APPROVED,Official/primary source authority is relevant to the feature domain; feature-specific requirements remain governed by the canonical dossier and Pass B/C contracts.,2026-08-31
PFD-MAP-F143-2,F143,Stock reports,Stock / Inventory,ODOO_INVENTORY,Odoo,Odoo 19 Inventory,Odoo 19 Inventory documentation,https://www.odoo.com/documentation/19.0/applications/inventory_and_mrp/inventory.html,"Inventory locations, receipts/issues, tracking, replenishment and warehouse operations.",analytics,2,APPROVED,Official/primary source authority is relevant to the feature domain; feature-specific requirements remain governed by the canonical dossier and Pass B/C contracts.,2026-08-31
PFD-MAP-F144-1,F144,Inventory dashboard,Stock / Inventory,MS_SCM,Microsoft,Dynamics 365 Supply Chain Management,Dynamics 365 Supply Chain Management documentation,https://learn.microsoft.com/en-us/dynamics365/supply-chain/,"Procurement, inventory, warehouse, production, quality, asset and supply-chain controls.",analytics,1,APPROVED,Official/primary source authority is relevant to the feature domain; feature-specific requirements remain governed by the canonical dossier and Pass B/C contracts.,2026-08-31
PFD-MAP-F144-2,F144,Inventory dashboard,Stock / Inventory,ODOO_INVENTORY,Odoo,Odoo 19 Inventory,Odoo 19 Inventory documentation,https://www.odoo.com/documentation/19.0/applications/inventory_and_mrp/inventory.html,"Inventory locations, receipts/issues, tracking, replenishment and warehouse operations.",analytics,2,APPROVED,Official/primary source authority is relevant to the feature domain; feature-specific requirements remain governed by the canonical dossier and Pass B/C contracts.,2026-08-31
PFD-MAP-F145-1,F145,Bill of Materials (BOM),Manufacturing,MS_SCM,Microsoft,Dynamics 365 Supply Chain Management,Dynamics 365 Supply Chain Management documentation,https://learn.microsoft.com/en-us/dynamics365/supply-chain/,"Procurement, inventory, warehouse, production, quality, asset and supply-chain controls.",manufacturing,1,APPROVED,Official/primary source authority is relevant to the feature domain; feature-specific requirements remain governed by the canonical dossier and Pass B/C contracts.,2026-08-31
PFD-MAP-F145-2,F145,Bill of Materials (BOM),Manufacturing,ODOO_MFG,Odoo,Odoo 19 Manufacturing,Odoo 19 Manufacturing documentation,https://www.odoo.com/documentation/19.0/applications/inventory_and_mrp/manufacturing.html,"BOM, work order, shop-floor and production planning behavior.",manufacturing,2,APPROVED,Official/primary source authority is relevant to the feature domain; feature-specific requirements remain governed by the canonical dossier and Pass B/C contracts.,2026-08-31
PFD-MAP-F146-1,F146,Multi-level BOM,Manufacturing,MS_SCM,Microsoft,Dynamics 365 Supply Chain Management,Dynamics 365 Supply Chain Management documentation,https://learn.microsoft.com/en-us/dynamics365/supply-chain/,"Procurement, inventory, warehouse, production, quality, asset and supply-chain controls.",manufacturing,1,APPROVED,Official/primary source authority is relevant to the feature domain; feature-specific requirements remain governed by the canonical dossier and Pass B/C contracts.,2026-08-31
PFD-MAP-F146-2,F146,Multi-level BOM,Manufacturing,ODOO_MFG,Odoo,Odoo 19 Manufacturing,Odoo 19 Manufacturing documentation,https://www.odoo.com/documentation/19.0/applications/inventory_and_mrp/manufacturing.html,"BOM, work order, shop-floor and production planning behavior.",manufacturing,2,APPROVED,Official/primary source authority is relevant to the feature domain; feature-specific requirements remain governed by the canonical dossier and Pass B/C contracts.,2026-08-31
PFD-MAP-F147-1,F147,BOM versions,Manufacturing,MS_SCM,Microsoft,Dynamics 365 Supply Chain Management,Dynamics 365 Supply Chain Management documentation,https://learn.microsoft.com/en-us/dynamics365/supply-chain/,"Procurement, inventory, warehouse, production, quality, asset and supply-chain controls.",manufacturing,1,APPROVED,Official/primary source authority is relevant to the feature domain; feature-specific requirements remain governed by the canonical dossier and Pass B/C contracts.,2026-08-31
PFD-MAP-F147-2,F147,BOM versions,Manufacturing,ODOO_MFG,Odoo,Odoo 19 Manufacturing,Odoo 19 Manufacturing documentation,https://www.odoo.com/documentation/19.0/applications/inventory_and_mrp/manufacturing.html,"BOM, work order, shop-floor and production planning behavior.",manufacturing,2,APPROVED,Official/primary source authority is relevant to the feature domain; feature-specific requirements remain governed by the canonical dossier and Pass B/C contracts.,2026-08-31
PFD-MAP-F148-1,F148,BOM revisions,Manufacturing,MS_SCM,Microsoft,Dynamics 365 Supply Chain Management,Dynamics 365 Supply Chain Management documentation,https://learn.microsoft.com/en-us/dynamics365/supply-chain/,"Procurement, inventory, warehouse, production, quality, asset and supply-chain controls.",manufacturing,1,APPROVED,Official/primary source authority is relevant to the feature domain; feature-specific requirements remain governed by the canonical dossier and Pass B/C contracts.,2026-08-31
PFD-MAP-F148-2,F148,BOM revisions,Manufacturing,ODOO_MFG,Odoo,Odoo 19 Manufacturing,Odoo 19 Manufacturing documentation,https://www.odoo.com/documentation/19.0/applications/inventory_and_mrp/manufacturing.html,"BOM, work order, shop-floor and production planning behavior.",manufacturing,2,APPROVED,Official/primary source authority is relevant to the feature domain; feature-specific requirements remain governed by the canonical dossier and Pass B/C contracts.,2026-08-31
PFD-MAP-F149-1,F149,Alternate BOM,Manufacturing,MS_SCM,Microsoft,Dynamics 365 Supply Chain Management,Dynamics 365 Supply Chain Management documentation,https://learn.microsoft.com/en-us/dynamics365/supply-chain/,"Procurement, inventory, warehouse, production, quality, asset and supply-chain controls.",manufacturing,1,APPROVED,Official/primary source authority is relevant to the feature domain; feature-specific requirements remain governed by the canonical dossier and Pass B/C contracts.,2026-08-31
PFD-MAP-F149-2,F149,Alternate BOM,Manufacturing,ODOO_MFG,Odoo,Odoo 19 Manufacturing,Odoo 19 Manufacturing documentation,https://www.odoo.com/documentation/19.0/applications/inventory_and_mrp/manufacturing.html,"BOM, work order, shop-floor and production planning behavior.",manufacturing,2,APPROVED,Official/primary source authority is relevant to the feature domain; feature-specific requirements remain governed by the canonical dossier and Pass B/C contracts.,2026-08-31
PFD-MAP-F150-1,F150,Routings,Manufacturing,MS_SCM,Microsoft,Dynamics 365 Supply Chain Management,Dynamics 365 Supply Chain Management documentation,https://learn.microsoft.com/en-us/dynamics365/supply-chain/,"Procurement, inventory, warehouse, production, quality, asset and supply-chain controls.",decision,1,APPROVED,Official/primary source authority is relevant to the feature domain; feature-specific requirements remain governed by the canonical dossier and Pass B/C contracts.,2026-08-31
PFD-MAP-F150-2,F150,Routings,Manufacturing,ODOO_MFG,Odoo,Odoo 19 Manufacturing,Odoo 19 Manufacturing documentation,https://www.odoo.com/documentation/19.0/applications/inventory_and_mrp/manufacturing.html,"BOM, work order, shop-floor and production planning behavior.",decision,2,APPROVED,Official/primary source authority is relevant to the feature domain; feature-specific requirements remain governed by the canonical dossier and Pass B/C contracts.,2026-08-31
PFD-MAP-F151-1,F151,Operations,Manufacturing,MS_SCM,Microsoft,Dynamics 365 Supply Chain Management,Dynamics 365 Supply Chain Management documentation,https://learn.microsoft.com/en-us/dynamics365/supply-chain/,"Procurement, inventory, warehouse, production, quality, asset and supply-chain controls.",manufacturing,1,APPROVED,Official/primary source authority is relevant to the feature domain; feature-specific requirements remain governed by the canonical dossier and Pass B/C contracts.,2026-08-31
PFD-MAP-F151-2,F151,Operations,Manufacturing,ODOO_MFG,Odoo,Odoo 19 Manufacturing,Odoo 19 Manufacturing documentation,https://www.odoo.com/documentation/19.0/applications/inventory_and_mrp/manufacturing.html,"BOM, work order, shop-floor and production planning behavior.",manufacturing,2,APPROVED,Official/primary source authority is relevant to the feature domain; feature-specific requirements remain governed by the canonical dossier and Pass B/C contracts.,2026-08-31
PFD-MAP-F152-1,F152,Work centres,Manufacturing,MS_SCM,Microsoft,Dynamics 365 Supply Chain Management,Dynamics 365 Supply Chain Management documentation,https://learn.microsoft.com/en-us/dynamics365/supply-chain/,"Procurement, inventory, warehouse, production, quality, asset and supply-chain controls.",manufacturing,1,APPROVED,Official/primary source authority is relevant to the feature domain; feature-specific requirements remain governed by the canonical dossier and Pass B/C contracts.,2026-08-31
PFD-MAP-F152-2,F152,Work centres,Manufacturing,ODOO_MFG,Odoo,Odoo 19 Manufacturing,Odoo 19 Manufacturing documentation,https://www.odoo.com/documentation/19.0/applications/inventory_and_mrp/manufacturing.html,"BOM, work order, shop-floor and production planning behavior.",manufacturing,2,APPROVED,Official/primary source authority is relevant to the feature domain; feature-specific requirements remain governed by the canonical dossier and Pass B/C contracts.,2026-08-31
PFD-MAP-F153-1,F153,Machine / work-centre capacity,Manufacturing,MS_SCM,Microsoft,Dynamics 365 Supply Chain Management,Dynamics 365 Supply Chain Management documentation,https://learn.microsoft.com/en-us/dynamics365/supply-chain/,"Procurement, inventory, warehouse, production, quality, asset and supply-chain controls.",operational,1,APPROVED,Official/primary source authority is relevant to the feature domain; feature-specific requirements remain governed by the canonical dossier and Pass B/C contracts.,2026-08-31
PFD-MAP-F153-2,F153,Machine / work-centre capacity,Manufacturing,ODOO_MFG,Odoo,Odoo 19 Manufacturing,Odoo 19 Manufacturing documentation,https://www.odoo.com/documentation/19.0/applications/inventory_and_mrp/manufacturing.html,"BOM, work order, shop-floor and production planning behavior.",operational,2,APPROVED,Official/primary source authority is relevant to the feature domain; feature-specific requirements remain governed by the canonical dossier and Pass B/C contracts.,2026-08-31
PFD-MAP-F154-1,F154,Shift calendars,Manufacturing,MS_SCM,Microsoft,Dynamics 365 Supply Chain Management,Dynamics 365 Supply Chain Management documentation,https://learn.microsoft.com/en-us/dynamics365/supply-chain/,"Procurement, inventory, warehouse, production, quality, asset and supply-chain controls.",operational,1,APPROVED,Official/primary source authority is relevant to the feature domain; feature-specific requirements remain governed by the canonical dossier and Pass B/C contracts.,2026-08-31
PFD-MAP-F154-2,F154,Shift calendars,Manufacturing,ODOO_MFG,Odoo,Odoo 19 Manufacturing,Odoo 19 Manufacturing documentation,https://www.odoo.com/documentation/19.0/applications/inventory_and_mrp/manufacturing.html,"BOM, work order, shop-floor and production planning behavior.",operational,2,APPROVED,Official/primary source authority is relevant to the feature domain; feature-specific requirements remain governed by the canonical dossier and Pass B/C contracts.,2026-08-31
PFD-MAP-F155-1,F155,Manufacturing orders,Manufacturing,MS_SCM,Microsoft,Dynamics 365 Supply Chain Management,Dynamics 365 Supply Chain Management documentation,https://learn.microsoft.com/en-us/dynamics365/supply-chain/,"Procurement, inventory, warehouse, production, quality, asset and supply-chain controls.",document,1,APPROVED,Official/primary source authority is relevant to the feature domain; feature-specific requirements remain governed by the canonical dossier and Pass B/C contracts.,2026-08-31
PFD-MAP-F155-2,F155,Manufacturing orders,Manufacturing,ODOO_MFG,Odoo,Odoo 19 Manufacturing,Odoo 19 Manufacturing documentation,https://www.odoo.com/documentation/19.0/applications/inventory_and_mrp/manufacturing.html,"BOM, work order, shop-floor and production planning behavior.",document,2,APPROVED,Official/primary source authority is relevant to the feature domain; feature-specific requirements remain governed by the canonical dossier and Pass B/C contracts.,2026-08-31
PFD-MAP-F156-1,F156,Work orders,Manufacturing,MS_SCM,Microsoft,Dynamics 365 Supply Chain Management,Dynamics 365 Supply Chain Management documentation,https://learn.microsoft.com/en-us/dynamics365/supply-chain/,"Procurement, inventory, warehouse, production, quality, asset and supply-chain controls.",document,1,APPROVED,Official/primary source authority is relevant to the feature domain; feature-specific requirements remain governed by the canonical dossier and Pass B/C contracts.,2026-08-31
PFD-MAP-F156-2,F156,Work orders,Manufacturing,ODOO_MFG,Odoo,Odoo 19 Manufacturing,Odoo 19 Manufacturing documentation,https://www.odoo.com/documentation/19.0/applications/inventory_and_mrp/manufacturing.html,"BOM, work order, shop-floor and production planning behavior.",document,2,APPROVED,Official/primary source authority is relevant to the feature domain; feature-specific requirements remain governed by the canonical dossier and Pass B/C contracts.,2026-08-31
PFD-MAP-F157-1,F157,Job cards,Manufacturing,MS_SCM,Microsoft,Dynamics 365 Supply Chain Management,Dynamics 365 Supply Chain Management documentation,https://learn.microsoft.com/en-us/dynamics365/supply-chain/,"Procurement, inventory, warehouse, production, quality, asset and supply-chain controls.",operational,1,APPROVED,Official/primary source authority is relevant to the feature domain; feature-specific requirements remain governed by the canonical dossier and Pass B/C contracts.,2026-08-31
PFD-MAP-F157-2,F157,Job cards,Manufacturing,ODOO_MFG,Odoo,Odoo 19 Manufacturing,Odoo 19 Manufacturing documentation,https://www.odoo.com/documentation/19.0/applications/inventory_and_mrp/manufacturing.html,"BOM, work order, shop-floor and production planning behavior.",operational,2,APPROVED,Official/primary source authority is relevant to the feature domain; feature-specific requirements remain governed by the canonical dossier and Pass B/C contracts.,2026-08-31
PFD-MAP-F158-1,F158,Production planning,Manufacturing,MS_SCM,Microsoft,Dynamics 365 Supply Chain Management,Dynamics 365 Supply Chain Management documentation,https://learn.microsoft.com/en-us/dynamics365/supply-chain/,"Procurement, inventory, warehouse, production, quality, asset and supply-chain controls.",manufacturing,1,APPROVED,Official/primary source authority is relevant to the feature domain; feature-specific requirements remain governed by the canonical dossier and Pass B/C contracts.,2026-08-31
PFD-MAP-F158-2,F158,Production planning,Manufacturing,ODOO_MFG,Odoo,Odoo 19 Manufacturing,Odoo 19 Manufacturing documentation,https://www.odoo.com/documentation/19.0/applications/inventory_and_mrp/manufacturing.html,"BOM, work order, shop-floor and production planning behavior.",manufacturing,2,APPROVED,Official/primary source authority is relevant to the feature domain; feature-specific requirements remain governed by the canonical dossier and Pass B/C contracts.,2026-08-31
PFD-MAP-F159-1,F159,MRP,Manufacturing,MS_SCM,Microsoft,Dynamics 365 Supply Chain Management,Dynamics 365 Supply Chain Management documentation,https://learn.microsoft.com/en-us/dynamics365/supply-chain/,"Procurement, inventory, warehouse, production, quality, asset and supply-chain controls.",manufacturing,1,APPROVED,Official/primary source authority is relevant to the feature domain; feature-specific requirements remain governed by the canonical dossier and Pass B/C contracts.,2026-08-31
PFD-MAP-F159-2,F159,MRP,Manufacturing,ODOO_MFG,Odoo,Odoo 19 Manufacturing,Odoo 19 Manufacturing documentation,https://www.odoo.com/documentation/19.0/applications/inventory_and_mrp/manufacturing.html,"BOM, work order, shop-floor and production planning behavior.",manufacturing,2,APPROVED,Official/primary source authority is relevant to the feature domain; feature-specific requirements remain governed by the canonical dossier and Pass B/C contracts.,2026-08-31
PFD-MAP-F160-1,F160,Material requirements,Manufacturing,MS_SCM,Microsoft,Dynamics 365 Supply Chain Management,Dynamics 365 Supply Chain Management documentation,https://learn.microsoft.com/en-us/dynamics365/supply-chain/,"Procurement, inventory, warehouse, production, quality, asset and supply-chain controls.",manufacturing,1,APPROVED,Official/primary source authority is relevant to the feature domain; feature-specific requirements remain governed by the canonical dossier and Pass B/C contracts.,2026-08-31
PFD-MAP-F160-2,F160,Material requirements,Manufacturing,ODOO_MFG,Odoo,Odoo 19 Manufacturing,Odoo 19 Manufacturing documentation,https://www.odoo.com/documentation/19.0/applications/inventory_and_mrp/manufacturing.html,"BOM, work order, shop-floor and production planning behavior.",manufacturing,2,APPROVED,Official/primary source authority is relevant to the feature domain; feature-specific requirements remain governed by the canonical dossier and Pass B/C contracts.,2026-08-31
PFD-MAP-F161-1,F161,Material availability,Manufacturing,MS_SCM,Microsoft,Dynamics 365 Supply Chain Management,Dynamics 365 Supply Chain Management documentation,https://learn.microsoft.com/en-us/dynamics365/supply-chain/,"Procurement, inventory, warehouse, production, quality, asset and supply-chain controls.",manufacturing,1,APPROVED,Official/primary source authority is relevant to the feature domain; feature-specific requirements remain governed by the canonical dossier and Pass B/C contracts.,2026-08-31
PFD-MAP-F161-2,F161,Material availability,Manufacturing,ODOO_MFG,Odoo,Odoo 19 Manufacturing,Odoo 19 Manufacturing documentation,https://www.odoo.com/documentation/19.0/applications/inventory_and_mrp/manufacturing.html,"BOM, work order, shop-floor and production planning behavior.",manufacturing,2,APPROVED,Official/primary source authority is relevant to the feature domain; feature-specific requirements remain governed by the canonical dossier and Pass B/C contracts.,2026-08-31
PFD-MAP-F162-1,F162,Raw-material reservations,Manufacturing,MS_SCM,Microsoft,Dynamics 365 Supply Chain Management,Dynamics 365 Supply Chain Management documentation,https://learn.microsoft.com/en-us/dynamics365/supply-chain/,"Procurement, inventory, warehouse, production, quality, asset and supply-chain controls.",manufacturing,1,APPROVED,Official/primary source authority is relevant to the feature domain; feature-specific requirements remain governed by the canonical dossier and Pass B/C contracts.,2026-08-31
PFD-MAP-F162-2,F162,Raw-material reservations,Manufacturing,ODOO_MFG,Odoo,Odoo 19 Manufacturing,Odoo 19 Manufacturing documentation,https://www.odoo.com/documentation/19.0/applications/inventory_and_mrp/manufacturing.html,"BOM, work order, shop-floor and production planning behavior.",manufacturing,2,APPROVED,Official/primary source authority is relevant to the feature domain; feature-specific requirements remain governed by the canonical dossier and Pass B/C contracts.,2026-08-31
PFD-MAP-F163-1,F163,Material issue,Manufacturing,MS_SCM,Microsoft,Dynamics 365 Supply Chain Management,Dynamics 365 Supply Chain Management documentation,https://learn.microsoft.com/en-us/dynamics365/supply-chain/,"Procurement, inventory, warehouse, production, quality, asset and supply-chain controls.",manufacturing,1,APPROVED,Official/primary source authority is relevant to the feature domain; feature-specific requirements remain governed by the canonical dossier and Pass B/C contracts.,2026-08-31
PFD-MAP-F163-2,F163,Material issue,Manufacturing,ODOO_MFG,Odoo,Odoo 19 Manufacturing,Odoo 19 Manufacturing documentation,https://www.odoo.com/documentation/19.0/applications/inventory_and_mrp/manufacturing.html,"BOM, work order, shop-floor and production planning behavior.",manufacturing,2,APPROVED,Official/primary source authority is relevant to the feature domain; feature-specific requirements remain governed by the canonical dossier and Pass B/C contracts.,2026-08-31
PFD-MAP-F164-1,F164,Material consumption,Manufacturing,MS_SCM,Microsoft,Dynamics 365 Supply Chain Management,Dynamics 365 Supply Chain Management documentation,https://learn.microsoft.com/en-us/dynamics365/supply-chain/,"Procurement, inventory, warehouse, production, quality, asset and supply-chain controls.",manufacturing,1,APPROVED,Official/primary source authority is relevant to the feature domain; feature-specific requirements remain governed by the canonical dossier and Pass B/C contracts.,2026-08-31
PFD-MAP-F164-2,F164,Material consumption,Manufacturing,ODOO_MFG,Odoo,Odoo 19 Manufacturing,Odoo 19 Manufacturing documentation,https://www.odoo.com/documentation/19.0/applications/inventory_and_mrp/manufacturing.html,"BOM, work order, shop-floor and production planning behavior.",manufacturing,2,APPROVED,Official/primary source authority is relevant to the feature domain; feature-specific requirements remain governed by the canonical dossier and Pass B/C contracts.,2026-08-31
PFD-MAP-F165-1,F165,Backflushing,Manufacturing,MS_SCM,Microsoft,Dynamics 365 Supply Chain Management,Dynamics 365 Supply Chain Management documentation,https://learn.microsoft.com/en-us/dynamics365/supply-chain/,"Procurement, inventory, warehouse, production, quality, asset and supply-chain controls.",operational,1,APPROVED,Official/primary source authority is relevant to the feature domain; feature-specific requirements remain governed by the canonical dossier and Pass B/C contracts.,2026-08-31
PFD-MAP-F165-2,F165,Backflushing,Manufacturing,ODOO_MFG,Odoo,Odoo 19 Manufacturing,Odoo 19 Manufacturing documentation,https://www.odoo.com/documentation/19.0/applications/inventory_and_mrp/manufacturing.html,"BOM, work order, shop-floor and production planning behavior.",operational,2,APPROVED,Official/primary source authority is relevant to the feature domain; feature-specific requirements remain governed by the canonical dossier and Pass B/C contracts.,2026-08-31
PFD-MAP-F166-1,F166,Work in progress,Manufacturing,MS_SCM,Microsoft,Dynamics 365 Supply Chain Management,Dynamics 365 Supply Chain Management documentation,https://learn.microsoft.com/en-us/dynamics365/supply-chain/,"Procurement, inventory, warehouse, production, quality, asset and supply-chain controls.",operational,1,APPROVED,Official/primary source authority is relevant to the feature domain; feature-specific requirements remain governed by the canonical dossier and Pass B/C contracts.,2026-08-31
PFD-MAP-F166-2,F166,Work in progress,Manufacturing,ODOO_MFG,Odoo,Odoo 19 Manufacturing,Odoo 19 Manufacturing documentation,https://www.odoo.com/documentation/19.0/applications/inventory_and_mrp/manufacturing.html,"BOM, work order, shop-floor and production planning behavior.",operational,2,APPROVED,Official/primary source authority is relevant to the feature domain; feature-specific requirements remain governed by the canonical dossier and Pass B/C contracts.,2026-08-31
PFD-MAP-F167-1,F167,Finished-goods receipt,Manufacturing,MS_SCM,Microsoft,Dynamics 365 Supply Chain Management,Dynamics 365 Supply Chain Management documentation,https://learn.microsoft.com/en-us/dynamics365/supply-chain/,"Procurement, inventory, warehouse, production, quality, asset and supply-chain controls.",document,1,APPROVED,Official/primary source authority is relevant to the feature domain; feature-specific requirements remain governed by the canonical dossier and Pass B/C contracts.,2026-08-31
PFD-MAP-F167-2,F167,Finished-goods receipt,Manufacturing,ODOO_MFG,Odoo,Odoo 19 Manufacturing,Odoo 19 Manufacturing documentation,https://www.odoo.com/documentation/19.0/applications/inventory_and_mrp/manufacturing.html,"BOM, work order, shop-floor and production planning behavior.",document,2,APPROVED,Official/primary source authority is relevant to the feature domain; feature-specific requirements remain governed by the canonical dossier and Pass B/C contracts.,2026-08-31
PFD-MAP-F168-1,F168,Production scheduling,Manufacturing,MS_SCM,Microsoft,Dynamics 365 Supply Chain Management,Dynamics 365 Supply Chain Management documentation,https://learn.microsoft.com/en-us/dynamics365/supply-chain/,"Procurement, inventory, warehouse, production, quality, asset and supply-chain controls.",manufacturing,1,APPROVED,Official/primary source authority is relevant to the feature domain; feature-specific requirements remain governed by the canonical dossier and Pass B/C contracts.,2026-08-31
PFD-MAP-F168-2,F168,Production scheduling,Manufacturing,ODOO_MFG,Odoo,Odoo 19 Manufacturing,Odoo 19 Manufacturing documentation,https://www.odoo.com/documentation/19.0/applications/inventory_and_mrp/manufacturing.html,"BOM, work order, shop-floor and production planning behavior.",manufacturing,2,APPROVED,Official/primary source authority is relevant to the feature domain; feature-specific requirements remain governed by the canonical dossier and Pass B/C contracts.,2026-08-31
PFD-MAP-F169-1,F169,Labor time,Manufacturing,MS_SCM,Microsoft,Dynamics 365 Supply Chain Management,Dynamics 365 Supply Chain Management documentation,https://learn.microsoft.com/en-us/dynamics365/supply-chain/,"Procurement, inventory, warehouse, production, quality, asset and supply-chain controls.",operational,1,APPROVED,Official/primary source authority is relevant to the feature domain; feature-specific requirements remain governed by the canonical dossier and Pass B/C contracts.,2026-08-31
PFD-MAP-F169-2,F169,Labor time,Manufacturing,ODOO_MFG,Odoo,Odoo 19 Manufacturing,Odoo 19 Manufacturing documentation,https://www.odoo.com/documentation/19.0/applications/inventory_and_mrp/manufacturing.html,"BOM, work order, shop-floor and production planning behavior.",operational,2,APPROVED,Official/primary source authority is relevant to the feature domain; feature-specific requirements remain governed by the canonical dossier and Pass B/C contracts.,2026-08-31
PFD-MAP-F170-1,F170,Machine time,Manufacturing,MS_SCM,Microsoft,Dynamics 365 Supply Chain Management,Dynamics 365 Supply Chain Management documentation,https://learn.microsoft.com/en-us/dynamics365/supply-chain/,"Procurement, inventory, warehouse, production, quality, asset and supply-chain controls.",operational,1,APPROVED,Official/primary source authority is relevant to the feature domain; feature-specific requirements remain governed by the canonical dossier and Pass B/C contracts.,2026-08-31
PFD-MAP-F170-2,F170,Machine time,Manufacturing,ODOO_MFG,Odoo,Odoo 19 Manufacturing,Odoo 19 Manufacturing documentation,https://www.odoo.com/documentation/19.0/applications/inventory_and_mrp/manufacturing.html,"BOM, work order, shop-floor and production planning behavior.",operational,2,APPROVED,Official/primary source authority is relevant to the feature domain; feature-specific requirements remain governed by the canonical dossier and Pass B/C contracts.,2026-08-31
PFD-MAP-F171-1,F171,Setup time,Manufacturing,MS_SCM,Microsoft,Dynamics 365 Supply Chain Management,Dynamics 365 Supply Chain Management documentation,https://learn.microsoft.com/en-us/dynamics365/supply-chain/,"Procurement, inventory, warehouse, production, quality, asset and supply-chain controls.",operational,1,APPROVED,Official/primary source authority is relevant to the feature domain; feature-specific requirements remain governed by the canonical dossier and Pass B/C contracts.,2026-08-31
PFD-MAP-F171-2,F171,Setup time,Manufacturing,ODOO_MFG,Odoo,Odoo 19 Manufacturing,Odoo 19 Manufacturing documentation,https://www.odoo.com/documentation/19.0/applications/inventory_and_mrp/manufacturing.html,"BOM, work order, shop-floor and production planning behavior.",operational,2,APPROVED,Official/primary source authority is relevant to the feature domain; feature-specific requirements remain governed by the canonical dossier and Pass B/C contracts.,2026-08-31
PFD-MAP-F172-1,F172,Scrap,Manufacturing,MS_SCM,Microsoft,Dynamics 365 Supply Chain Management,Dynamics 365 Supply Chain Management documentation,https://learn.microsoft.com/en-us/dynamics365/supply-chain/,"Procurement, inventory, warehouse, production, quality, asset and supply-chain controls.",manufacturing,1,APPROVED,Official/primary source authority is relevant to the feature domain; feature-specific requirements remain governed by the canonical dossier and Pass B/C contracts.,2026-08-31
PFD-MAP-F172-2,F172,Scrap,Manufacturing,ODOO_MFG,Odoo,Odoo 19 Manufacturing,Odoo 19 Manufacturing documentation,https://www.odoo.com/documentation/19.0/applications/inventory_and_mrp/manufacturing.html,"BOM, work order, shop-floor and production planning behavior.",manufacturing,2,APPROVED,Official/primary source authority is relevant to the feature domain; feature-specific requirements remain governed by the canonical dossier and Pass B/C contracts.,2026-08-31
PFD-MAP-F173-1,F173,Waste,Manufacturing,MS_SCM,Microsoft,Dynamics 365 Supply Chain Management,Dynamics 365 Supply Chain Management documentation,https://learn.microsoft.com/en-us/dynamics365/supply-chain/,"Procurement, inventory, warehouse, production, quality, asset and supply-chain controls.",operational,1,APPROVED,Official/primary source authority is relevant to the feature domain; feature-specific requirements remain governed by the canonical dossier and Pass B/C contracts.,2026-08-31
PFD-MAP-F173-2,F173,Waste,Manufacturing,ODOO_MFG,Odoo,Odoo 19 Manufacturing,Odoo 19 Manufacturing documentation,https://www.odoo.com/documentation/19.0/applications/inventory_and_mrp/manufacturing.html,"BOM, work order, shop-floor and production planning behavior.",operational,2,APPROVED,Official/primary source authority is relevant to the feature domain; feature-specific requirements remain governed by the canonical dossier and Pass B/C contracts.,2026-08-31
PFD-MAP-F174-1,F174,By-products and co-products,Manufacturing,MS_SCM,Microsoft,Dynamics 365 Supply Chain Management,Dynamics 365 Supply Chain Management documentation,https://learn.microsoft.com/en-us/dynamics365/supply-chain/,"Procurement, inventory, warehouse, production, quality, asset and supply-chain controls.",master_config,1,APPROVED,Official/primary source authority is relevant to the feature domain; feature-specific requirements remain governed by the canonical dossier and Pass B/C contracts.,2026-08-31
PFD-MAP-F174-2,F174,By-products and co-products,Manufacturing,ODOO_MFG,Odoo,Odoo 19 Manufacturing,Odoo 19 Manufacturing documentation,https://www.odoo.com/documentation/19.0/applications/inventory_and_mrp/manufacturing.html,"BOM, work order, shop-floor and production planning behavior.",master_config,2,APPROVED,Official/primary source authority is relevant to the feature domain; feature-specific requirements remain governed by the canonical dossier and Pass B/C contracts.,2026-08-31
PFD-MAP-F175-1,F175,Rework,Manufacturing,MS_SCM,Microsoft,Dynamics 365 Supply Chain Management,Dynamics 365 Supply Chain Management documentation,https://learn.microsoft.com/en-us/dynamics365/supply-chain/,"Procurement, inventory, warehouse, production, quality, asset and supply-chain controls.",manufacturing,1,APPROVED,Official/primary source authority is relevant to the feature domain; feature-specific requirements remain governed by the canonical dossier and Pass B/C contracts.,2026-08-31
PFD-MAP-F175-2,F175,Rework,Manufacturing,ODOO_MFG,Odoo,Odoo 19 Manufacturing,Odoo 19 Manufacturing documentation,https://www.odoo.com/documentation/19.0/applications/inventory_and_mrp/manufacturing.html,"BOM, work order, shop-floor and production planning behavior.",manufacturing,2,APPROVED,Official/primary source authority is relevant to the feature domain; feature-specific requirements remain governed by the canonical dossier and Pass B/C contracts.,2026-08-31
PFD-MAP-F176-1,F176,Batch manufacturing,Manufacturing,MS_SCM,Microsoft,Dynamics 365 Supply Chain Management,Dynamics 365 Supply Chain Management documentation,https://learn.microsoft.com/en-us/dynamics365/supply-chain/,"Procurement, inventory, warehouse, production, quality, asset and supply-chain controls.",operational,1,APPROVED,Official/primary source authority is relevant to the feature domain; feature-specific requirements remain governed by the canonical dossier and Pass B/C contracts.,2026-08-31
PFD-MAP-F176-2,F176,Batch manufacturing,Manufacturing,ODOO_MFG,Odoo,Odoo 19 Manufacturing,Odoo 19 Manufacturing documentation,https://www.odoo.com/documentation/19.0/applications/inventory_and_mrp/manufacturing.html,"BOM, work order, shop-floor and production planning behavior.",operational,2,APPROVED,Official/primary source authority is relevant to the feature domain; feature-specific requirements remain governed by the canonical dossier and Pass B/C contracts.,2026-08-31
PFD-MAP-F177-1,F177,Serial tracking,Manufacturing,MS_SCM,Microsoft,Dynamics 365 Supply Chain Management,Dynamics 365 Supply Chain Management documentation,https://learn.microsoft.com/en-us/dynamics365/supply-chain/,"Procurement, inventory, warehouse, production, quality, asset and supply-chain controls.",operational,1,APPROVED,Official/primary source authority is relevant to the feature domain; feature-specific requirements remain governed by the canonical dossier and Pass B/C contracts.,2026-08-31
PFD-MAP-F177-2,F177,Serial tracking,Manufacturing,ODOO_MFG,Odoo,Odoo 19 Manufacturing,Odoo 19 Manufacturing documentation,https://www.odoo.com/documentation/19.0/applications/inventory_and_mrp/manufacturing.html,"BOM, work order, shop-floor and production planning behavior.",operational,2,APPROVED,Official/primary source authority is relevant to the feature domain; feature-specific requirements remain governed by the canonical dossier and Pass B/C contracts.,2026-08-31
PFD-MAP-F178-1,F178,Make-to-stock,Manufacturing,MS_SCM,Microsoft,Dynamics 365 Supply Chain Management,Dynamics 365 Supply Chain Management documentation,https://learn.microsoft.com/en-us/dynamics365/supply-chain/,"Procurement, inventory, warehouse, production, quality, asset and supply-chain controls.",operational,1,APPROVED,Official/primary source authority is relevant to the feature domain; feature-specific requirements remain governed by the canonical dossier and Pass B/C contracts.,2026-08-31
PFD-MAP-F178-2,F178,Make-to-stock,Manufacturing,ODOO_MFG,Odoo,Odoo 19 Manufacturing,Odoo 19 Manufacturing documentation,https://www.odoo.com/documentation/19.0/applications/inventory_and_mrp/manufacturing.html,"BOM, work order, shop-floor and production planning behavior.",operational,2,APPROVED,Official/primary source authority is relevant to the feature domain; feature-specific requirements remain governed by the canonical dossier and Pass B/C contracts.,2026-08-31
PFD-MAP-F179-1,F179,Make-to-order,Manufacturing,MS_SCM,Microsoft,Dynamics 365 Supply Chain Management,Dynamics 365 Supply Chain Management documentation,https://learn.microsoft.com/en-us/dynamics365/supply-chain/,"Procurement, inventory, warehouse, production, quality, asset and supply-chain controls.",document,1,APPROVED,Official/primary source authority is relevant to the feature domain; feature-specific requirements remain governed by the canonical dossier and Pass B/C contracts.,2026-08-31
PFD-MAP-F179-2,F179,Make-to-order,Manufacturing,ODOO_MFG,Odoo,Odoo 19 Manufacturing,Odoo 19 Manufacturing documentation,https://www.odoo.com/documentation/19.0/applications/inventory_and_mrp/manufacturing.html,"BOM, work order, shop-floor and production planning behavior.",document,2,APPROVED,Official/primary source authority is relevant to the feature domain; feature-specific requirements remain governed by the canonical dossier and Pass B/C contracts.,2026-08-31
PFD-MAP-F180-1,F180,Subcontract manufacturing,Manufacturing,MS_SCM,Microsoft,Dynamics 365 Supply Chain Management,Dynamics 365 Supply Chain Management documentation,https://learn.microsoft.com/en-us/dynamics365/supply-chain/,"Procurement, inventory, warehouse, production, quality, asset and supply-chain controls.",document,1,APPROVED,Official/primary source authority is relevant to the feature domain; feature-specific requirements remain governed by the canonical dossier and Pass B/C contracts.,2026-08-31
PFD-MAP-F180-2,F180,Subcontract manufacturing,Manufacturing,ODOO_MFG,Odoo,Odoo 19 Manufacturing,Odoo 19 Manufacturing documentation,https://www.odoo.com/documentation/19.0/applications/inventory_and_mrp/manufacturing.html,"BOM, work order, shop-floor and production planning behavior.",document,2,APPROVED,Official/primary source authority is relevant to the feature domain; feature-specific requirements remain governed by the canonical dossier and Pass B/C contracts.,2026-08-31
PFD-MAP-F181-1,F181,Production quality inspections,Manufacturing,MS_SCM,Microsoft,Dynamics 365 Supply Chain Management,Dynamics 365 Supply Chain Management documentation,https://learn.microsoft.com/en-us/dynamics365/supply-chain/,"Procurement, inventory, warehouse, production, quality, asset and supply-chain controls.",manufacturing,1,APPROVED,Official/primary source authority is relevant to the feature domain; feature-specific requirements remain governed by the canonical dossier and Pass B/C contracts.,2026-08-31
PFD-MAP-F181-2,F181,Production quality inspections,Manufacturing,ODOO_MFG,Odoo,Odoo 19 Manufacturing,Odoo 19 Manufacturing documentation,https://www.odoo.com/documentation/19.0/applications/inventory_and_mrp/manufacturing.html,"BOM, work order, shop-floor and production planning behavior.",manufacturing,2,APPROVED,Official/primary source authority is relevant to the feature domain; feature-specific requirements remain governed by the canonical dossier and Pass B/C contracts.,2026-08-31
PFD-MAP-F182-1,F182,Production hold,Manufacturing,MS_SCM,Microsoft,Dynamics 365 Supply Chain Management,Dynamics 365 Supply Chain Management documentation,https://learn.microsoft.com/en-us/dynamics365/supply-chain/,"Procurement, inventory, warehouse, production, quality, asset and supply-chain controls.",manufacturing,1,APPROVED,Official/primary source authority is relevant to the feature domain; feature-specific requirements remain governed by the canonical dossier and Pass B/C contracts.,2026-08-31
PFD-MAP-F182-2,F182,Production hold,Manufacturing,ODOO_MFG,Odoo,Odoo 19 Manufacturing,Odoo 19 Manufacturing documentation,https://www.odoo.com/documentation/19.0/applications/inventory_and_mrp/manufacturing.html,"BOM, work order, shop-floor and production planning behavior.",manufacturing,2,APPROVED,Official/primary source authority is relevant to the feature domain; feature-specific requirements remain governed by the canonical dossier and Pass B/C contracts.,2026-08-31
PFD-MAP-F183-1,F183,Production costing,Manufacturing,MS_SCM,Microsoft,Dynamics 365 Supply Chain Management,Dynamics 365 Supply Chain Management documentation,https://learn.microsoft.com/en-us/dynamics365/supply-chain/,"Procurement, inventory, warehouse, production, quality, asset and supply-chain controls.",calculation,1,APPROVED,Official/primary source authority is relevant to the feature domain; feature-specific requirements remain governed by the canonical dossier and Pass B/C contracts.,2026-08-31
PFD-MAP-F183-2,F183,Production costing,Manufacturing,ODOO_MFG,Odoo,Odoo 19 Manufacturing,Odoo 19 Manufacturing documentation,https://www.odoo.com/documentation/19.0/applications/inventory_and_mrp/manufacturing.html,"BOM, work order, shop-floor and production planning behavior.",calculation,2,APPROVED,Official/primary source authority is relevant to the feature domain; feature-specific requirements remain governed by the canonical dossier and Pass B/C contracts.,2026-08-31
PFD-MAP-F184-1,F184,Standard vs actual costing,Manufacturing,MS_SCM,Microsoft,Dynamics 365 Supply Chain Management,Dynamics 365 Supply Chain Management documentation,https://learn.microsoft.com/en-us/dynamics365/supply-chain/,"Procurement, inventory, warehouse, production, quality, asset and supply-chain controls.",calculation,1,APPROVED,Official/primary source authority is relevant to the feature domain; feature-specific requirements remain governed by the canonical dossier and Pass B/C contracts.,2026-08-31
PFD-MAP-F184-2,F184,Standard vs actual costing,Manufacturing,ODOO_MFG,Odoo,Odoo 19 Manufacturing,Odoo 19 Manufacturing documentation,https://www.odoo.com/documentation/19.0/applications/inventory_and_mrp/manufacturing.html,"BOM, work order, shop-floor and production planning behavior.",calculation,2,APPROVED,Official/primary source authority is relevant to the feature domain; feature-specific requirements remain governed by the canonical dossier and Pass B/C contracts.,2026-08-31
PFD-MAP-F185-1,F185,Cost variance,Manufacturing,MS_SCM,Microsoft,Dynamics 365 Supply Chain Management,Dynamics 365 Supply Chain Management documentation,https://learn.microsoft.com/en-us/dynamics365/supply-chain/,"Procurement, inventory, warehouse, production, quality, asset and supply-chain controls.",calculation,1,APPROVED,Official/primary source authority is relevant to the feature domain; feature-specific requirements remain governed by the canonical dossier and Pass B/C contracts.,2026-08-31
PFD-MAP-F185-2,F185,Cost variance,Manufacturing,ODOO_MFG,Odoo,Odoo 19 Manufacturing,Odoo 19 Manufacturing documentation,https://www.odoo.com/documentation/19.0/applications/inventory_and_mrp/manufacturing.html,"BOM, work order, shop-floor and production planning behavior.",calculation,2,APPROVED,Official/primary source authority is relevant to the feature domain; feature-specific requirements remain governed by the canonical dossier and Pass B/C contracts.,2026-08-31
PFD-MAP-F186-1,F186,Yield analysis,Manufacturing,MS_SCM,Microsoft,Dynamics 365 Supply Chain Management,Dynamics 365 Supply Chain Management documentation,https://learn.microsoft.com/en-us/dynamics365/supply-chain/,"Procurement, inventory, warehouse, production, quality, asset and supply-chain controls.",analytics,1,APPROVED,Official/primary source authority is relevant to the feature domain; feature-specific requirements remain governed by the canonical dossier and Pass B/C contracts.,2026-08-31
PFD-MAP-F186-2,F186,Yield analysis,Manufacturing,ODOO_MFG,Odoo,Odoo 19 Manufacturing,Odoo 19 Manufacturing documentation,https://www.odoo.com/documentation/19.0/applications/inventory_and_mrp/manufacturing.html,"BOM, work order, shop-floor and production planning behavior.",analytics,2,APPROVED,Official/primary source authority is relevant to the feature domain; feature-specific requirements remain governed by the canonical dossier and Pass B/C contracts.,2026-08-31
PFD-MAP-F187-1,F187,Production efficiency,Manufacturing,MS_SCM,Microsoft,Dynamics 365 Supply Chain Management,Dynamics 365 Supply Chain Management documentation,https://learn.microsoft.com/en-us/dynamics365/supply-chain/,"Procurement, inventory, warehouse, production, quality, asset and supply-chain controls.",manufacturing,1,APPROVED,Official/primary source authority is relevant to the feature domain; feature-specific requirements remain governed by the canonical dossier and Pass B/C contracts.,2026-08-31
PFD-MAP-F187-2,F187,Production efficiency,Manufacturing,ODOO_MFG,Odoo,Odoo 19 Manufacturing,Odoo 19 Manufacturing documentation,https://www.odoo.com/documentation/19.0/applications/inventory_and_mrp/manufacturing.html,"BOM, work order, shop-floor and production planning behavior.",manufacturing,2,APPROVED,Official/primary source authority is relevant to the feature domain; feature-specific requirements remain governed by the canonical dossier and Pass B/C contracts.,2026-08-31
PFD-MAP-F188-1,F188,Downtime,Manufacturing,MS_SCM,Microsoft,Dynamics 365 Supply Chain Management,Dynamics 365 Supply Chain Management documentation,https://learn.microsoft.com/en-us/dynamics365/supply-chain/,"Procurement, inventory, warehouse, production, quality, asset and supply-chain controls.",manufacturing,1,APPROVED,Official/primary source authority is relevant to the feature domain; feature-specific requirements remain governed by the canonical dossier and Pass B/C contracts.,2026-08-31
PFD-MAP-F188-2,F188,Downtime,Manufacturing,ODOO_MFG,Odoo,Odoo 19 Manufacturing,Odoo 19 Manufacturing documentation,https://www.odoo.com/documentation/19.0/applications/inventory_and_mrp/manufacturing.html,"BOM, work order, shop-floor and production planning behavior.",manufacturing,2,APPROVED,Official/primary source authority is relevant to the feature domain; feature-specific requirements remain governed by the canonical dossier and Pass B/C contracts.,2026-08-31
PFD-MAP-F189-1,F189,Maintenance integration,Manufacturing,MS_SCM,Microsoft,Dynamics 365 Supply Chain Management,Dynamics 365 Supply Chain Management documentation,https://learn.microsoft.com/en-us/dynamics365/supply-chain/,"Procurement, inventory, warehouse, production, quality, asset and supply-chain controls.",operational,1,APPROVED,Official/primary source authority is relevant to the feature domain; feature-specific requirements remain governed by the canonical dossier and Pass B/C contracts.,2026-08-31
PFD-MAP-F189-2,F189,Maintenance integration,Manufacturing,ODOO_MFG,Odoo,Odoo 19 Manufacturing,Odoo 19 Manufacturing documentation,https://www.odoo.com/documentation/19.0/applications/inventory_and_mrp/manufacturing.html,"BOM, work order, shop-floor and production planning behavior.",operational,2,APPROVED,Official/primary source authority is relevant to the feature domain; feature-specific requirements remain governed by the canonical dossier and Pass B/C contracts.,2026-08-31
PFD-MAP-F190-1,F190,Engineering change and revision control,Manufacturing,MS_SCM,Microsoft,Dynamics 365 Supply Chain Management,Dynamics 365 Supply Chain Management documentation,https://learn.microsoft.com/en-us/dynamics365/supply-chain/,"Procurement, inventory, warehouse, production, quality, asset and supply-chain controls.",operational,1,APPROVED,Official/primary source authority is relevant to the feature domain; feature-specific requirements remain governed by the canonical dossier and Pass B/C contracts.,2026-08-31
PFD-MAP-F190-2,F190,Engineering change and revision control,Manufacturing,ODOO_MFG,Odoo,Odoo 19 Manufacturing,Odoo 19 Manufacturing documentation,https://www.odoo.com/documentation/19.0/applications/inventory_and_mrp/manufacturing.html,"BOM, work order, shop-floor and production planning behavior.",operational,2,APPROVED,Official/primary source authority is relevant to the feature domain; feature-specific requirements remain governed by the canonical dossier and Pass B/C contracts.,2026-08-31
PFD-MAP-F191-1,F191,Production reports,Manufacturing,MS_SCM,Microsoft,Dynamics 365 Supply Chain Management,Dynamics 365 Supply Chain Management documentation,https://learn.microsoft.com/en-us/dynamics365/supply-chain/,"Procurement, inventory, warehouse, production, quality, asset and supply-chain controls.",analytics,1,APPROVED,Official/primary source authority is relevant to the feature domain; feature-specific requirements remain governed by the canonical dossier and Pass B/C contracts.,2026-08-31
PFD-MAP-F191-2,F191,Production reports,Manufacturing,ODOO_MFG,Odoo,Odoo 19 Manufacturing,Odoo 19 Manufacturing documentation,https://www.odoo.com/documentation/19.0/applications/inventory_and_mrp/manufacturing.html,"BOM, work order, shop-floor and production planning behavior.",analytics,2,APPROVED,Official/primary source authority is relevant to the feature domain; feature-specific requirements remain governed by the canonical dossier and Pass B/C contracts.,2026-08-31
PFD-MAP-F192-1,F192,Production dashboard,Manufacturing,MS_SCM,Microsoft,Dynamics 365 Supply Chain Management,Dynamics 365 Supply Chain Management documentation,https://learn.microsoft.com/en-us/dynamics365/supply-chain/,"Procurement, inventory, warehouse, production, quality, asset and supply-chain controls.",analytics,1,APPROVED,Official/primary source authority is relevant to the feature domain; feature-specific requirements remain governed by the canonical dossier and Pass B/C contracts.,2026-08-31
PFD-MAP-F192-2,F192,Production dashboard,Manufacturing,ODOO_MFG,Odoo,Odoo 19 Manufacturing,Odoo 19 Manufacturing documentation,https://www.odoo.com/documentation/19.0/applications/inventory_and_mrp/manufacturing.html,"BOM, work order, shop-floor and production planning behavior.",analytics,2,APPROVED,Official/primary source authority is relevant to the feature domain; feature-specific requirements remain governed by the canonical dossier and Pass B/C contracts.,2026-08-31
PFD-MAP-F193-1,F193,Projects,Projects,MS_PROJECT,Microsoft,Dynamics 365 Project Operations,Dynamics 365 Project Operations documentation,https://learn.microsoft.com/en-us/dynamics365/project-operations/,"Project delivery, resourcing, time/expense, billing and project financial integration.",project,1,APPROVED,Official/primary source authority is relevant to the feature domain; feature-specific requirements remain governed by the canonical dossier and Pass B/C contracts.,2026-08-31
PFD-MAP-F193-2,F193,Projects,Projects,ODOO_PROJECT,Odoo,Odoo 19 Project,Odoo 19 Project documentation,https://www.odoo.com/documentation/19.0/applications/services/project.html,"Project/task/milestone planning, execution and collaboration.",project,2,APPROVED,Official/primary source authority is relevant to the feature domain; feature-specific requirements remain governed by the canonical dossier and Pass B/C contracts.,2026-08-31
PFD-MAP-F194-1,F194,Customer projects,Projects,MS_PROJECT,Microsoft,Dynamics 365 Project Operations,Dynamics 365 Project Operations documentation,https://learn.microsoft.com/en-us/dynamics365/project-operations/,"Project delivery, resourcing, time/expense, billing and project financial integration.",project,1,APPROVED,Official/primary source authority is relevant to the feature domain; feature-specific requirements remain governed by the canonical dossier and Pass B/C contracts.,2026-08-31
PFD-MAP-F194-2,F194,Customer projects,Projects,ODOO_PROJECT,Odoo,Odoo 19 Project,Odoo 19 Project documentation,https://www.odoo.com/documentation/19.0/applications/services/project.html,"Project/task/milestone planning, execution and collaboration.",project,2,APPROVED,Official/primary source authority is relevant to the feature domain; feature-specific requirements remain governed by the canonical dossier and Pass B/C contracts.,2026-08-31
PFD-MAP-F195-1,F195,Internal projects,Projects,MS_PROJECT,Microsoft,Dynamics 365 Project Operations,Dynamics 365 Project Operations documentation,https://learn.microsoft.com/en-us/dynamics365/project-operations/,"Project delivery, resourcing, time/expense, billing and project financial integration.",project,1,APPROVED,Official/primary source authority is relevant to the feature domain; feature-specific requirements remain governed by the canonical dossier and Pass B/C contracts.,2026-08-31
PFD-MAP-F195-2,F195,Internal projects,Projects,ODOO_PROJECT,Odoo,Odoo 19 Project,Odoo 19 Project documentation,https://www.odoo.com/documentation/19.0/applications/services/project.html,"Project/task/milestone planning, execution and collaboration.",project,2,APPROVED,Official/primary source authority is relevant to the feature domain; feature-specific requirements remain governed by the canonical dossier and Pass B/C contracts.,2026-08-31
PFD-MAP-F196-1,F196,Project templates,Projects,MS_PROJECT,Microsoft,Dynamics 365 Project Operations,Dynamics 365 Project Operations documentation,https://learn.microsoft.com/en-us/dynamics365/project-operations/,"Project delivery, resourcing, time/expense, billing and project financial integration.",project,1,APPROVED,Official/primary source authority is relevant to the feature domain; feature-specific requirements remain governed by the canonical dossier and Pass B/C contracts.,2026-08-31
PFD-MAP-F196-2,F196,Project templates,Projects,ODOO_PROJECT,Odoo,Odoo 19 Project,Odoo 19 Project documentation,https://www.odoo.com/documentation/19.0/applications/services/project.html,"Project/task/milestone planning, execution and collaboration.",project,2,APPROVED,Official/primary source authority is relevant to the feature domain; feature-specific requirements remain governed by the canonical dossier and Pass B/C contracts.,2026-08-31
PFD-MAP-F197-1,F197,Work Breakdown Structure (WBS),Projects,MS_PROJECT,Microsoft,Dynamics 365 Project Operations,Dynamics 365 Project Operations documentation,https://learn.microsoft.com/en-us/dynamics365/project-operations/,"Project delivery, resourcing, time/expense, billing and project financial integration.",project,1,APPROVED,Official/primary source authority is relevant to the feature domain; feature-specific requirements remain governed by the canonical dossier and Pass B/C contracts.,2026-08-31
PFD-MAP-F197-2,F197,Work Breakdown Structure (WBS),Projects,ODOO_PROJECT,Odoo,Odoo 19 Project,Odoo 19 Project documentation,https://www.odoo.com/documentation/19.0/applications/services/project.html,"Project/task/milestone planning, execution and collaboration.",project,2,APPROVED,Official/primary source authority is relevant to the feature domain; feature-specific requirements remain governed by the canonical dossier and Pass B/C contracts.,2026-08-31
PFD-MAP-F198-1,F198,Milestones,Projects,MS_PROJECT,Microsoft,Dynamics 365 Project Operations,Dynamics 365 Project Operations documentation,https://learn.microsoft.com/en-us/dynamics365/project-operations/,"Project delivery, resourcing, time/expense, billing and project financial integration.",project,1,APPROVED,Official/primary source authority is relevant to the feature domain; feature-specific requirements remain governed by the canonical dossier and Pass B/C contracts.,2026-08-31
PFD-MAP-F198-2,F198,Milestones,Projects,ODOO_PROJECT,Odoo,Odoo 19 Project,Odoo 19 Project documentation,https://www.odoo.com/documentation/19.0/applications/services/project.html,"Project/task/milestone planning, execution and collaboration.",project,2,APPROVED,Official/primary source authority is relevant to the feature domain; feature-specific requirements remain governed by the canonical dossier and Pass B/C contracts.,2026-08-31
PFD-MAP-F199-1,F199,Tasks,Projects,MS_PROJECT,Microsoft,Dynamics 365 Project Operations,Dynamics 365 Project Operations documentation,https://learn.microsoft.com/en-us/dynamics365/project-operations/,"Project delivery, resourcing, time/expense, billing and project financial integration.",project,1,APPROVED,Official/primary source authority is relevant to the feature domain; feature-specific requirements remain governed by the canonical dossier and Pass B/C contracts.,2026-08-31
PFD-MAP-F199-2,F199,Tasks,Projects,ODOO_PROJECT,Odoo,Odoo 19 Project,Odoo 19 Project documentation,https://www.odoo.com/documentation/19.0/applications/services/project.html,"Project/task/milestone planning, execution and collaboration.",project,2,APPROVED,Official/primary source authority is relevant to the feature domain; feature-specific requirements remain governed by the canonical dossier and Pass B/C contracts.,2026-08-31
PFD-MAP-F200-1,F200,Subtasks,Projects,MS_PROJECT,Microsoft,Dynamics 365 Project Operations,Dynamics 365 Project Operations documentation,https://learn.microsoft.com/en-us/dynamics365/project-operations/,"Project delivery, resourcing, time/expense, billing and project financial integration.",project,1,APPROVED,Official/primary source authority is relevant to the feature domain; feature-specific requirements remain governed by the canonical dossier and Pass B/C contracts.,2026-08-31
PFD-MAP-F200-2,F200,Subtasks,Projects,ODOO_PROJECT,Odoo,Odoo 19 Project,Odoo 19 Project documentation,https://www.odoo.com/documentation/19.0/applications/services/project.html,"Project/task/milestone planning, execution and collaboration.",project,2,APPROVED,Official/primary source authority is relevant to the feature domain; feature-specific requirements remain governed by the canonical dossier and Pass B/C contracts.,2026-08-31
PFD-MAP-F201-1,F201,Task dependencies,Projects,MS_PROJECT,Microsoft,Dynamics 365 Project Operations,Dynamics 365 Project Operations documentation,https://learn.microsoft.com/en-us/dynamics365/project-operations/,"Project delivery, resourcing, time/expense, billing and project financial integration.",project,1,APPROVED,Official/primary source authority is relevant to the feature domain; feature-specific requirements remain governed by the canonical dossier and Pass B/C contracts.,2026-08-31
PFD-MAP-F201-2,F201,Task dependencies,Projects,ODOO_PROJECT,Odoo,Odoo 19 Project,Odoo 19 Project documentation,https://www.odoo.com/documentation/19.0/applications/services/project.html,"Project/task/milestone planning, execution and collaboration.",project,2,APPROVED,Official/primary source authority is relevant to the feature domain; feature-specific requirements remain governed by the canonical dossier and Pass B/C contracts.,2026-08-31
PFD-MAP-F202-1,F202,Assignees,Projects,MS_PROJECT,Microsoft,Dynamics 365 Project Operations,Dynamics 365 Project Operations documentation,https://learn.microsoft.com/en-us/dynamics365/project-operations/,"Project delivery, resourcing, time/expense, billing and project financial integration.",operational,1,APPROVED,Official/primary source authority is relevant to the feature domain; feature-specific requirements remain governed by the canonical dossier and Pass B/C contracts.,2026-08-31
PFD-MAP-F202-2,F202,Assignees,Projects,ODOO_PROJECT,Odoo,Odoo 19 Project,Odoo 19 Project documentation,https://www.odoo.com/documentation/19.0/applications/services/project.html,"Project/task/milestone planning, execution and collaboration.",operational,2,APPROVED,Official/primary source authority is relevant to the feature domain; feature-specific requirements remain governed by the canonical dossier and Pass B/C contracts.,2026-08-31
PFD-MAP-F203-1,F203,Priority,Projects,MS_PROJECT,Microsoft,Dynamics 365 Project Operations,Dynamics 365 Project Operations documentation,https://learn.microsoft.com/en-us/dynamics365/project-operations/,"Project delivery, resourcing, time/expense, billing and project financial integration.",operational,1,APPROVED,Official/primary source authority is relevant to the feature domain; feature-specific requirements remain governed by the canonical dossier and Pass B/C contracts.,2026-08-31
PFD-MAP-F203-2,F203,Priority,Projects,ODOO_PROJECT,Odoo,Odoo 19 Project,Odoo 19 Project documentation,https://www.odoo.com/documentation/19.0/applications/services/project.html,"Project/task/milestone planning, execution and collaboration.",operational,2,APPROVED,Official/primary source authority is relevant to the feature domain; feature-specific requirements remain governed by the canonical dossier and Pass B/C contracts.,2026-08-31
PFD-MAP-F204-1,F204,Project status,Projects,MS_PROJECT,Microsoft,Dynamics 365 Project Operations,Dynamics 365 Project Operations documentation,https://learn.microsoft.com/en-us/dynamics365/project-operations/,"Project delivery, resourcing, time/expense, billing and project financial integration.",project,1,APPROVED,Official/primary source authority is relevant to the feature domain; feature-specific requirements remain governed by the canonical dossier and Pass B/C contracts.,2026-08-31
PFD-MAP-F204-2,F204,Project status,Projects,ODOO_PROJECT,Odoo,Odoo 19 Project,Odoo 19 Project documentation,https://www.odoo.com/documentation/19.0/applications/services/project.html,"Project/task/milestone planning, execution and collaboration.",project,2,APPROVED,Official/primary source authority is relevant to the feature domain; feature-specific requirements remain governed by the canonical dossier and Pass B/C contracts.,2026-08-31
PFD-MAP-F205-1,F205,Gantt chart,Projects,MS_PROJECT,Microsoft,Dynamics 365 Project Operations,Dynamics 365 Project Operations documentation,https://learn.microsoft.com/en-us/dynamics365/project-operations/,"Project delivery, resourcing, time/expense, billing and project financial integration.",operational,1,APPROVED,Official/primary source authority is relevant to the feature domain; feature-specific requirements remain governed by the canonical dossier and Pass B/C contracts.,2026-08-31
PFD-MAP-F205-2,F205,Gantt chart,Projects,ODOO_PROJECT,Odoo,Odoo 19 Project,Odoo 19 Project documentation,https://www.odoo.com/documentation/19.0/applications/services/project.html,"Project/task/milestone planning, execution and collaboration.",operational,2,APPROVED,Official/primary source authority is relevant to the feature domain; feature-specific requirements remain governed by the canonical dossier and Pass B/C contracts.,2026-08-31
PFD-MAP-F206-1,F206,Kanban / task board,Projects,MS_PROJECT,Microsoft,Dynamics 365 Project Operations,Dynamics 365 Project Operations documentation,https://learn.microsoft.com/en-us/dynamics365/project-operations/,"Project delivery, resourcing, time/expense, billing and project financial integration.",project,1,APPROVED,Official/primary source authority is relevant to the feature domain; feature-specific requirements remain governed by the canonical dossier and Pass B/C contracts.,2026-08-31
PFD-MAP-F206-2,F206,Kanban / task board,Projects,ODOO_PROJECT,Odoo,Odoo 19 Project,Odoo 19 Project documentation,https://www.odoo.com/documentation/19.0/applications/services/project.html,"Project/task/milestone planning, execution and collaboration.",project,2,APPROVED,Official/primary source authority is relevant to the feature domain; feature-specific requirements remain governed by the canonical dossier and Pass B/C contracts.,2026-08-31
PFD-MAP-F207-1,F207,Project calendar,Projects,MS_PROJECT,Microsoft,Dynamics 365 Project Operations,Dynamics 365 Project Operations documentation,https://learn.microsoft.com/en-us/dynamics365/project-operations/,"Project delivery, resourcing, time/expense, billing and project financial integration.",project,1,APPROVED,Official/primary source authority is relevant to the feature domain; feature-specific requirements remain governed by the canonical dossier and Pass B/C contracts.,2026-08-31
PFD-MAP-F207-2,F207,Project calendar,Projects,ODOO_PROJECT,Odoo,Odoo 19 Project,Odoo 19 Project documentation,https://www.odoo.com/documentation/19.0/applications/services/project.html,"Project/task/milestone planning, execution and collaboration.",project,2,APPROVED,Official/primary source authority is relevant to the feature domain; feature-specific requirements remain governed by the canonical dossier and Pass B/C contracts.,2026-08-31
PFD-MAP-F208-1,F208,Resource allocation,Projects,MS_PROJECT,Microsoft,Dynamics 365 Project Operations,Dynamics 365 Project Operations documentation,https://learn.microsoft.com/en-us/dynamics365/project-operations/,"Project delivery, resourcing, time/expense, billing and project financial integration.",project,1,APPROVED,Official/primary source authority is relevant to the feature domain; feature-specific requirements remain governed by the canonical dossier and Pass B/C contracts.,2026-08-31
PFD-MAP-F208-2,F208,Resource allocation,Projects,ODOO_PROJECT,Odoo,Odoo 19 Project,Odoo 19 Project documentation,https://www.odoo.com/documentation/19.0/applications/services/project.html,"Project/task/milestone planning, execution and collaboration.",project,2,APPROVED,Official/primary source authority is relevant to the feature domain; feature-specific requirements remain governed by the canonical dossier and Pass B/C contracts.,2026-08-31
PFD-MAP-F209-1,F209,Resource availability,Projects,MS_PROJECT,Microsoft,Dynamics 365 Project Operations,Dynamics 365 Project Operations documentation,https://learn.microsoft.com/en-us/dynamics365/project-operations/,"Project delivery, resourcing, time/expense, billing and project financial integration.",project,1,APPROVED,Official/primary source authority is relevant to the feature domain; feature-specific requirements remain governed by the canonical dossier and Pass B/C contracts.,2026-08-31
PFD-MAP-F209-2,F209,Resource availability,Projects,ODOO_PROJECT,Odoo,Odoo 19 Project,Odoo 19 Project documentation,https://www.odoo.com/documentation/19.0/applications/services/project.html,"Project/task/milestone planning, execution and collaboration.",project,2,APPROVED,Official/primary source authority is relevant to the feature domain; feature-specific requirements remain governed by the canonical dossier and Pass B/C contracts.,2026-08-31
PFD-MAP-F210-1,F210,Timesheets,Projects,MS_PROJECT,Microsoft,Dynamics 365 Project Operations,Dynamics 365 Project Operations documentation,https://learn.microsoft.com/en-us/dynamics365/project-operations/,"Project delivery, resourcing, time/expense, billing and project financial integration.",project,1,APPROVED,Official/primary source authority is relevant to the feature domain; feature-specific requirements remain governed by the canonical dossier and Pass B/C contracts.,2026-08-31
PFD-MAP-F210-2,F210,Timesheets,Projects,ODOO_PROJECT,Odoo,Odoo 19 Project,Odoo 19 Project documentation,https://www.odoo.com/documentation/19.0/applications/services/project.html,"Project/task/milestone planning, execution and collaboration.",project,2,APPROVED,Official/primary source authority is relevant to the feature domain; feature-specific requirements remain governed by the canonical dossier and Pass B/C contracts.,2026-08-31
PFD-MAP-F211-1,F211,Project expenses,Projects,MS_PROJECT,Microsoft,Dynamics 365 Project Operations,Dynamics 365 Project Operations documentation,https://learn.microsoft.com/en-us/dynamics365/project-operations/,"Project delivery, resourcing, time/expense, billing and project financial integration.",project,1,APPROVED,Official/primary source authority is relevant to the feature domain; feature-specific requirements remain governed by the canonical dossier and Pass B/C contracts.,2026-08-31
PFD-MAP-F211-2,F211,Project expenses,Projects,ODOO_PROJECT,Odoo,Odoo 19 Project,Odoo 19 Project documentation,https://www.odoo.com/documentation/19.0/applications/services/project.html,"Project/task/milestone planning, execution and collaboration.",project,2,APPROVED,Official/primary source authority is relevant to the feature domain; feature-specific requirements remain governed by the canonical dossier and Pass B/C contracts.,2026-08-31
PFD-MAP-F212-1,F212,Materials consumed,Projects,MS_PROJECT,Microsoft,Dynamics 365 Project Operations,Dynamics 365 Project Operations documentation,https://learn.microsoft.com/en-us/dynamics365/project-operations/,"Project delivery, resourcing, time/expense, billing and project financial integration.",operational,1,APPROVED,Official/primary source authority is relevant to the feature domain; feature-specific requirements remain governed by the canonical dossier and Pass B/C contracts.,2026-08-31
PFD-MAP-F212-2,F212,Materials consumed,Projects,ODOO_PROJECT,Odoo,Odoo 19 Project,Odoo 19 Project documentation,https://www.odoo.com/documentation/19.0/applications/services/project.html,"Project/task/milestone planning, execution and collaboration.",operational,2,APPROVED,Official/primary source authority is relevant to the feature domain; feature-specific requirements remain governed by the canonical dossier and Pass B/C contracts.,2026-08-31
PFD-MAP-F213-1,F213,Project procurement,Projects,MS_PROJECT,Microsoft,Dynamics 365 Project Operations,Dynamics 365 Project Operations documentation,https://learn.microsoft.com/en-us/dynamics365/project-operations/,"Project delivery, resourcing, time/expense, billing and project financial integration.",project,1,APPROVED,Official/primary source authority is relevant to the feature domain; feature-specific requirements remain governed by the canonical dossier and Pass B/C contracts.,2026-08-31
PFD-MAP-F213-2,F213,Project procurement,Projects,ODOO_PROJECT,Odoo,Odoo 19 Project,Odoo 19 Project documentation,https://www.odoo.com/documentation/19.0/applications/services/project.html,"Project/task/milestone planning, execution and collaboration.",project,2,APPROVED,Official/primary source authority is relevant to the feature domain; feature-specific requirements remain governed by the canonical dossier and Pass B/C contracts.,2026-08-31
PFD-MAP-F214-1,F214,Project budget,Projects,MS_PROJECT,Microsoft,Dynamics 365 Project Operations,Dynamics 365 Project Operations documentation,https://learn.microsoft.com/en-us/dynamics365/project-operations/,"Project delivery, resourcing, time/expense, billing and project financial integration.",project,1,APPROVED,Official/primary source authority is relevant to the feature domain; feature-specific requirements remain governed by the canonical dossier and Pass B/C contracts.,2026-08-31
PFD-MAP-F214-2,F214,Project budget,Projects,ODOO_PROJECT,Odoo,Odoo 19 Project,Odoo 19 Project documentation,https://www.odoo.com/documentation/19.0/applications/services/project.html,"Project/task/milestone planning, execution and collaboration.",project,2,APPROVED,Official/primary source authority is relevant to the feature domain; feature-specific requirements remain governed by the canonical dossier and Pass B/C contracts.,2026-08-31
PFD-MAP-F215-1,F215,Budget revisions,Projects,MS_PROJECT,Microsoft,Dynamics 365 Project Operations,Dynamics 365 Project Operations documentation,https://learn.microsoft.com/en-us/dynamics365/project-operations/,"Project delivery, resourcing, time/expense, billing and project financial integration.",project,1,APPROVED,Official/primary source authority is relevant to the feature domain; feature-specific requirements remain governed by the canonical dossier and Pass B/C contracts.,2026-08-31
PFD-MAP-F215-2,F215,Budget revisions,Projects,ODOO_PROJECT,Odoo,Odoo 19 Project,Odoo 19 Project documentation,https://www.odoo.com/documentation/19.0/applications/services/project.html,"Project/task/milestone planning, execution and collaboration.",project,2,APPROVED,Official/primary source authority is relevant to the feature domain; feature-specific requirements remain governed by the canonical dossier and Pass B/C contracts.,2026-08-31
PFD-MAP-F216-1,F216,Cost tracking,Projects,MS_PROJECT,Microsoft,Dynamics 365 Project Operations,Dynamics 365 Project Operations documentation,https://learn.microsoft.com/en-us/dynamics365/project-operations/,"Project delivery, resourcing, time/expense, billing and project financial integration.",calculation,1,APPROVED,Official/primary source authority is relevant to the feature domain; feature-specific requirements remain governed by the canonical dossier and Pass B/C contracts.,2026-08-31
PFD-MAP-F216-2,F216,Cost tracking,Projects,ODOO_PROJECT,Odoo,Odoo 19 Project,Odoo 19 Project documentation,https://www.odoo.com/documentation/19.0/applications/services/project.html,"Project/task/milestone planning, execution and collaboration.",calculation,2,APPROVED,Official/primary source authority is relevant to the feature domain; feature-specific requirements remain governed by the canonical dossier and Pass B/C contracts.,2026-08-31
PFD-MAP-F217-1,F217,Revenue tracking,Projects,MS_PROJECT,Microsoft,Dynamics 365 Project Operations,Dynamics 365 Project Operations documentation,https://learn.microsoft.com/en-us/dynamics365/project-operations/,"Project delivery, resourcing, time/expense, billing and project financial integration.",calculation,1,APPROVED,Official/primary source authority is relevant to the feature domain; feature-specific requirements remain governed by the canonical dossier and Pass B/C contracts.,2026-08-31
PFD-MAP-F217-2,F217,Revenue tracking,Projects,ODOO_PROJECT,Odoo,Odoo 19 Project,Odoo 19 Project documentation,https://www.odoo.com/documentation/19.0/applications/services/project.html,"Project/task/milestone planning, execution and collaboration.",calculation,2,APPROVED,Official/primary source authority is relevant to the feature domain; feature-specific requirements remain governed by the canonical dossier and Pass B/C contracts.,2026-08-31
PFD-MAP-F218-1,F218,Fixed-price billing,Projects,MS_PROJECT,Microsoft,Dynamics 365 Project Operations,Dynamics 365 Project Operations documentation,https://learn.microsoft.com/en-us/dynamics365/project-operations/,"Project delivery, resourcing, time/expense, billing and project financial integration.",project,1,APPROVED,Official/primary source authority is relevant to the feature domain; feature-specific requirements remain governed by the canonical dossier and Pass B/C contracts.,2026-08-31
PFD-MAP-F218-2,F218,Fixed-price billing,Projects,ODOO_PROJECT,Odoo,Odoo 19 Project,Odoo 19 Project documentation,https://www.odoo.com/documentation/19.0/applications/services/project.html,"Project/task/milestone planning, execution and collaboration.",project,2,APPROVED,Official/primary source authority is relevant to the feature domain; feature-specific requirements remain governed by the canonical dossier and Pass B/C contracts.,2026-08-31
PFD-MAP-F219-1,F219,Time-and-material billing,Projects,MS_PROJECT,Microsoft,Dynamics 365 Project Operations,Dynamics 365 Project Operations documentation,https://learn.microsoft.com/en-us/dynamics365/project-operations/,"Project delivery, resourcing, time/expense, billing and project financial integration.",project,1,APPROVED,Official/primary source authority is relevant to the feature domain; feature-specific requirements remain governed by the canonical dossier and Pass B/C contracts.,2026-08-31
PFD-MAP-F219-2,F219,Time-and-material billing,Projects,ODOO_PROJECT,Odoo,Odoo 19 Project,Odoo 19 Project documentation,https://www.odoo.com/documentation/19.0/applications/services/project.html,"Project/task/milestone planning, execution and collaboration.",project,2,APPROVED,Official/primary source authority is relevant to the feature domain; feature-specific requirements remain governed by the canonical dossier and Pass B/C contracts.,2026-08-31
PFD-MAP-F220-1,F220,Milestone billing,Projects,MS_PROJECT,Microsoft,Dynamics 365 Project Operations,Dynamics 365 Project Operations documentation,https://learn.microsoft.com/en-us/dynamics365/project-operations/,"Project delivery, resourcing, time/expense, billing and project financial integration.",project,1,APPROVED,Official/primary source authority is relevant to the feature domain; feature-specific requirements remain governed by the canonical dossier and Pass B/C contracts.,2026-08-31
PFD-MAP-F220-2,F220,Milestone billing,Projects,ODOO_PROJECT,Odoo,Odoo 19 Project,Odoo 19 Project documentation,https://www.odoo.com/documentation/19.0/applications/services/project.html,"Project/task/milestone planning, execution and collaboration.",project,2,APPROVED,Official/primary source authority is relevant to the feature domain; feature-specific requirements remain governed by the canonical dossier and Pass B/C contracts.,2026-08-31
PFD-MAP-F221-1,F221,Project invoices,Projects,MS_PROJECT,Microsoft,Dynamics 365 Project Operations,Dynamics 365 Project Operations documentation,https://learn.microsoft.com/en-us/dynamics365/project-operations/,"Project delivery, resourcing, time/expense, billing and project financial integration.",document,1,APPROVED,Official/primary source authority is relevant to the feature domain; feature-specific requirements remain governed by the canonical dossier and Pass B/C contracts.,2026-08-31
PFD-MAP-F221-2,F221,Project invoices,Projects,ODOO_PROJECT,Odoo,Odoo 19 Project,Odoo 19 Project documentation,https://www.odoo.com/documentation/19.0/applications/services/project.html,"Project/task/milestone planning, execution and collaboration.",document,2,APPROVED,Official/primary source authority is relevant to the feature domain; feature-specific requirements remain governed by the canonical dossier and Pass B/C contracts.,2026-08-31
PFD-MAP-F222-1,F222,Project profitability,Projects,MS_PROJECT,Microsoft,Dynamics 365 Project Operations,Dynamics 365 Project Operations documentation,https://learn.microsoft.com/en-us/dynamics365/project-operations/,"Project delivery, resourcing, time/expense, billing and project financial integration.",calculation,1,APPROVED,Official/primary source authority is relevant to the feature domain; feature-specific requirements remain governed by the canonical dossier and Pass B/C contracts.,2026-08-31
PFD-MAP-F222-2,F222,Project profitability,Projects,ODOO_PROJECT,Odoo,Odoo 19 Project,Odoo 19 Project documentation,https://www.odoo.com/documentation/19.0/applications/services/project.html,"Project/task/milestone planning, execution and collaboration.",calculation,2,APPROVED,Official/primary source authority is relevant to the feature domain; feature-specific requirements remain governed by the canonical dossier and Pass B/C contracts.,2026-08-31
PFD-MAP-F223-1,F223,Cost variance,Projects,MS_PROJECT,Microsoft,Dynamics 365 Project Operations,Dynamics 365 Project Operations documentation,https://learn.microsoft.com/en-us/dynamics365/project-operations/,"Project delivery, resourcing, time/expense, billing and project financial integration.",calculation,1,APPROVED,Official/primary source authority is relevant to the feature domain; feature-specific requirements remain governed by the canonical dossier and Pass B/C contracts.,2026-08-31
PFD-MAP-F223-2,F223,Cost variance,Projects,ODOO_PROJECT,Odoo,Odoo 19 Project,Odoo 19 Project documentation,https://www.odoo.com/documentation/19.0/applications/services/project.html,"Project/task/milestone planning, execution and collaboration.",calculation,2,APPROVED,Official/primary source authority is relevant to the feature domain; feature-specific requirements remain governed by the canonical dossier and Pass B/C contracts.,2026-08-31
PFD-MAP-F224-1,F224,Issues,Projects,MS_PROJECT,Microsoft,Dynamics 365 Project Operations,Dynamics 365 Project Operations documentation,https://learn.microsoft.com/en-us/dynamics365/project-operations/,"Project delivery, resourcing, time/expense, billing and project financial integration.",project,1,APPROVED,Official/primary source authority is relevant to the feature domain; feature-specific requirements remain governed by the canonical dossier and Pass B/C contracts.,2026-08-31
PFD-MAP-F224-2,F224,Issues,Projects,ODOO_PROJECT,Odoo,Odoo 19 Project,Odoo 19 Project documentation,https://www.odoo.com/documentation/19.0/applications/services/project.html,"Project/task/milestone planning, execution and collaboration.",project,2,APPROVED,Official/primary source authority is relevant to the feature domain; feature-specific requirements remain governed by the canonical dossier and Pass B/C contracts.,2026-08-31
PFD-MAP-F225-1,F225,Risks,Projects,MS_PROJECT,Microsoft,Dynamics 365 Project Operations,Dynamics 365 Project Operations documentation,https://learn.microsoft.com/en-us/dynamics365/project-operations/,"Project delivery, resourcing, time/expense, billing and project financial integration.",project,1,APPROVED,Official/primary source authority is relevant to the feature domain; feature-specific requirements remain governed by the canonical dossier and Pass B/C contracts.,2026-08-31
PFD-MAP-F225-2,F225,Risks,Projects,ODOO_PROJECT,Odoo,Odoo 19 Project,Odoo 19 Project documentation,https://www.odoo.com/documentation/19.0/applications/services/project.html,"Project/task/milestone planning, execution and collaboration.",project,2,APPROVED,Official/primary source authority is relevant to the feature domain; feature-specific requirements remain governed by the canonical dossier and Pass B/C contracts.,2026-08-31
PFD-MAP-F226-1,F226,Documents,Projects,MS_PROJECT,Microsoft,Dynamics 365 Project Operations,Dynamics 365 Project Operations documentation,https://learn.microsoft.com/en-us/dynamics365/project-operations/,"Project delivery, resourcing, time/expense, billing and project financial integration.",operational,1,APPROVED,Official/primary source authority is relevant to the feature domain; feature-specific requirements remain governed by the canonical dossier and Pass B/C contracts.,2026-08-31
PFD-MAP-F226-2,F226,Documents,Projects,ODOO_PROJECT,Odoo,Odoo 19 Project,Odoo 19 Project documentation,https://www.odoo.com/documentation/19.0/applications/services/project.html,"Project/task/milestone planning, execution and collaboration.",operational,2,APPROVED,Official/primary source authority is relevant to the feature domain; feature-specific requirements remain governed by the canonical dossier and Pass B/C contracts.,2026-08-31
PFD-MAP-F227-1,F227,Comments and collaboration,Projects,MS_PROJECT,Microsoft,Dynamics 365 Project Operations,Dynamics 365 Project Operations documentation,https://learn.microsoft.com/en-us/dynamics365/project-operations/,"Project delivery, resourcing, time/expense, billing and project financial integration.",operational,1,APPROVED,Official/primary source authority is relevant to the feature domain; feature-specific requirements remain governed by the canonical dossier and Pass B/C contracts.,2026-08-31
PFD-MAP-F227-2,F227,Comments and collaboration,Projects,ODOO_PROJECT,Odoo,Odoo 19 Project,Odoo 19 Project documentation,https://www.odoo.com/documentation/19.0/applications/services/project.html,"Project/task/milestone planning, execution and collaboration.",operational,2,APPROVED,Official/primary source authority is relevant to the feature domain; feature-specific requirements remain governed by the canonical dossier and Pass B/C contracts.,2026-08-31
PFD-MAP-F228-1,F228,Progress tracking,Projects,MS_PROJECT,Microsoft,Dynamics 365 Project Operations,Dynamics 365 Project Operations documentation,https://learn.microsoft.com/en-us/dynamics365/project-operations/,"Project delivery, resourcing, time/expense, billing and project financial integration.",operational,1,APPROVED,Official/primary source authority is relevant to the feature domain; feature-specific requirements remain governed by the canonical dossier and Pass B/C contracts.,2026-08-31
PFD-MAP-F228-2,F228,Progress tracking,Projects,ODOO_PROJECT,Odoo,Odoo 19 Project,Odoo 19 Project documentation,https://www.odoo.com/documentation/19.0/applications/services/project.html,"Project/task/milestone planning, execution and collaboration.",operational,2,APPROVED,Official/primary source authority is relevant to the feature domain; feature-specific requirements remain governed by the canonical dossier and Pass B/C contracts.,2026-08-31
PFD-MAP-F229-1,F229,Project dashboard,Projects,MS_PROJECT,Microsoft,Dynamics 365 Project Operations,Dynamics 365 Project Operations documentation,https://learn.microsoft.com/en-us/dynamics365/project-operations/,"Project delivery, resourcing, time/expense, billing and project financial integration.",analytics,1,APPROVED,Official/primary source authority is relevant to the feature domain; feature-specific requirements remain governed by the canonical dossier and Pass B/C contracts.,2026-08-31
PFD-MAP-F229-2,F229,Project dashboard,Projects,ODOO_PROJECT,Odoo,Odoo 19 Project,Odoo 19 Project documentation,https://www.odoo.com/documentation/19.0/applications/services/project.html,"Project/task/milestone planning, execution and collaboration.",analytics,2,APPROVED,Official/primary source authority is relevant to the feature domain; feature-specific requirements remain governed by the canonical dossier and Pass B/C contracts.,2026-08-31
PFD-MAP-F230-1,F230,Project reports,Projects,MS_PROJECT,Microsoft,Dynamics 365 Project Operations,Dynamics 365 Project Operations documentation,https://learn.microsoft.com/en-us/dynamics365/project-operations/,"Project delivery, resourcing, time/expense, billing and project financial integration.",analytics,1,APPROVED,Official/primary source authority is relevant to the feature domain; feature-specific requirements remain governed by the canonical dossier and Pass B/C contracts.,2026-08-31
PFD-MAP-F230-2,F230,Project reports,Projects,ODOO_PROJECT,Odoo,Odoo 19 Project,Odoo 19 Project documentation,https://www.odoo.com/documentation/19.0/applications/services/project.html,"Project/task/milestone planning, execution and collaboration.",analytics,2,APPROVED,Official/primary source authority is relevant to the feature domain; feature-specific requirements remain governed by the canonical dossier and Pass B/C contracts.,2026-08-31
PFD-MAP-F231-1,F231,Asset register,Assets,MS_FIN,Microsoft,Dynamics 365 Finance,Dynamics 365 Finance documentation,https://learn.microsoft.com/en-us/dynamics365/finance/,"General ledger, AP, AR, budgeting, fixed assets, cash/bank, credit and financial controls.",asset,1,APPROVED,Official/primary source authority is relevant to the feature domain; feature-specific requirements remain governed by the canonical dossier and Pass B/C contracts.,2026-08-31
PFD-MAP-F231-2,F231,Asset register,Assets,MS_SCM,Microsoft,Dynamics 365 Supply Chain Management,Dynamics 365 Supply Chain Management documentation,https://learn.microsoft.com/en-us/dynamics365/supply-chain/,"Procurement, inventory, warehouse, production, quality, asset and supply-chain controls.",asset,2,APPROVED,Official/primary source authority is relevant to the feature domain; feature-specific requirements remain governed by the canonical dossier and Pass B/C contracts.,2026-08-31
PFD-MAP-F232-1,F232,Asset categories,Assets,MS_FIN,Microsoft,Dynamics 365 Finance,Dynamics 365 Finance documentation,https://learn.microsoft.com/en-us/dynamics365/finance/,"General ledger, AP, AR, budgeting, fixed assets, cash/bank, credit and financial controls.",asset,1,APPROVED,Official/primary source authority is relevant to the feature domain; feature-specific requirements remain governed by the canonical dossier and Pass B/C contracts.,2026-08-31
PFD-MAP-F232-2,F232,Asset categories,Assets,MS_SCM,Microsoft,Dynamics 365 Supply Chain Management,Dynamics 365 Supply Chain Management documentation,https://learn.microsoft.com/en-us/dynamics365/supply-chain/,"Procurement, inventory, warehouse, production, quality, asset and supply-chain controls.",asset,2,APPROVED,Official/primary source authority is relevant to the feature domain; feature-specific requirements remain governed by the canonical dossier and Pass B/C contracts.,2026-08-31
PFD-MAP-F233-1,F233,Asset identification and code,Assets,MS_FIN,Microsoft,Dynamics 365 Finance,Dynamics 365 Finance documentation,https://learn.microsoft.com/en-us/dynamics365/finance/,"General ledger, AP, AR, budgeting, fixed assets, cash/bank, credit and financial controls.",asset,1,APPROVED,Official/primary source authority is relevant to the feature domain; feature-specific requirements remain governed by the canonical dossier and Pass B/C contracts.,2026-08-31
PFD-MAP-F233-2,F233,Asset identification and code,Assets,MS_SCM,Microsoft,Dynamics 365 Supply Chain Management,Dynamics 365 Supply Chain Management documentation,https://learn.microsoft.com/en-us/dynamics365/supply-chain/,"Procurement, inventory, warehouse, production, quality, asset and supply-chain controls.",asset,2,APPROVED,Official/primary source authority is relevant to the feature domain; feature-specific requirements remain governed by the canonical dossier and Pass B/C contracts.,2026-08-31
PFD-MAP-F234-1,F234,Asset location,Assets,MS_FIN,Microsoft,Dynamics 365 Finance,Dynamics 365 Finance documentation,https://learn.microsoft.com/en-us/dynamics365/finance/,"General ledger, AP, AR, budgeting, fixed assets, cash/bank, credit and financial controls.",asset,1,APPROVED,Official/primary source authority is relevant to the feature domain; feature-specific requirements remain governed by the canonical dossier and Pass B/C contracts.,2026-08-31
PFD-MAP-F234-2,F234,Asset location,Assets,MS_SCM,Microsoft,Dynamics 365 Supply Chain Management,Dynamics 365 Supply Chain Management documentation,https://learn.microsoft.com/en-us/dynamics365/supply-chain/,"Procurement, inventory, warehouse, production, quality, asset and supply-chain controls.",asset,2,APPROVED,Official/primary source authority is relevant to the feature domain; feature-specific requirements remain governed by the canonical dossier and Pass B/C contracts.,2026-08-31
PFD-MAP-F235-1,F235,Custodian,Assets,MS_FIN,Microsoft,Dynamics 365 Finance,Dynamics 365 Finance documentation,https://learn.microsoft.com/en-us/dynamics365/finance/,"General ledger, AP, AR, budgeting, fixed assets, cash/bank, credit and financial controls.",asset,1,APPROVED,Official/primary source authority is relevant to the feature domain; feature-specific requirements remain governed by the canonical dossier and Pass B/C contracts.,2026-08-31
PFD-MAP-F235-2,F235,Custodian,Assets,MS_SCM,Microsoft,Dynamics 365 Supply Chain Management,Dynamics 365 Supply Chain Management documentation,https://learn.microsoft.com/en-us/dynamics365/supply-chain/,"Procurement, inventory, warehouse, production, quality, asset and supply-chain controls.",asset,2,APPROVED,Official/primary source authority is relevant to the feature domain; feature-specific requirements remain governed by the canonical dossier and Pass B/C contracts.,2026-08-31
PFD-MAP-F236-1,F236,Department,Assets,MS_FIN,Microsoft,Dynamics 365 Finance,Dynamics 365 Finance documentation,https://learn.microsoft.com/en-us/dynamics365/finance/,"General ledger, AP, AR, budgeting, fixed assets, cash/bank, credit and financial controls.",asset,1,APPROVED,Official/primary source authority is relevant to the feature domain; feature-specific requirements remain governed by the canonical dossier and Pass B/C contracts.,2026-08-31
PFD-MAP-F236-2,F236,Department,Assets,MS_SCM,Microsoft,Dynamics 365 Supply Chain Management,Dynamics 365 Supply Chain Management documentation,https://learn.microsoft.com/en-us/dynamics365/supply-chain/,"Procurement, inventory, warehouse, production, quality, asset and supply-chain controls.",asset,2,APPROVED,Official/primary source authority is relevant to the feature domain; feature-specific requirements remain governed by the canonical dossier and Pass B/C contracts.,2026-08-31
PFD-MAP-F237-1,F237,Purchase and capitalization,Assets,MS_FIN,Microsoft,Dynamics 365 Finance,Dynamics 365 Finance documentation,https://learn.microsoft.com/en-us/dynamics365/finance/,"General ledger, AP, AR, budgeting, fixed assets, cash/bank, credit and financial controls.",asset,1,APPROVED,Official/primary source authority is relevant to the feature domain; feature-specific requirements remain governed by the canonical dossier and Pass B/C contracts.,2026-08-31
PFD-MAP-F237-2,F237,Purchase and capitalization,Assets,MS_SCM,Microsoft,Dynamics 365 Supply Chain Management,Dynamics 365 Supply Chain Management documentation,https://learn.microsoft.com/en-us/dynamics365/supply-chain/,"Procurement, inventory, warehouse, production, quality, asset and supply-chain controls.",asset,2,APPROVED,Official/primary source authority is relevant to the feature domain; feature-specific requirements remain governed by the canonical dossier and Pass B/C contracts.,2026-08-31
PFD-MAP-F238-1,F238,Asset creation from procurement,Assets,MS_FIN,Microsoft,Dynamics 365 Finance,Dynamics 365 Finance documentation,https://learn.microsoft.com/en-us/dynamics365/finance/,"General ledger, AP, AR, budgeting, fixed assets, cash/bank, credit and financial controls.",asset,1,APPROVED,Official/primary source authority is relevant to the feature domain; feature-specific requirements remain governed by the canonical dossier and Pass B/C contracts.,2026-08-31
PFD-MAP-F238-2,F238,Asset creation from procurement,Assets,MS_SCM,Microsoft,Dynamics 365 Supply Chain Management,Dynamics 365 Supply Chain Management documentation,https://learn.microsoft.com/en-us/dynamics365/supply-chain/,"Procurement, inventory, warehouse, production, quality, asset and supply-chain controls.",asset,2,APPROVED,Official/primary source authority is relevant to the feature domain; feature-specific requirements remain governed by the canonical dossier and Pass B/C contracts.,2026-08-31
PFD-MAP-F239-1,F239,Asset transfers,Assets,MS_FIN,Microsoft,Dynamics 365 Finance,Dynamics 365 Finance documentation,https://learn.microsoft.com/en-us/dynamics365/finance/,"General ledger, AP, AR, budgeting, fixed assets, cash/bank, credit and financial controls.",asset,1,APPROVED,Official/primary source authority is relevant to the feature domain; feature-specific requirements remain governed by the canonical dossier and Pass B/C contracts.,2026-08-31
PFD-MAP-F239-2,F239,Asset transfers,Assets,MS_SCM,Microsoft,Dynamics 365 Supply Chain Management,Dynamics 365 Supply Chain Management documentation,https://learn.microsoft.com/en-us/dynamics365/supply-chain/,"Procurement, inventory, warehouse, production, quality, asset and supply-chain controls.",asset,2,APPROVED,Official/primary source authority is relevant to the feature domain; feature-specific requirements remain governed by the canonical dossier and Pass B/C contracts.,2026-08-31
PFD-MAP-F240-1,F240,Asset assignment,Assets,MS_FIN,Microsoft,Dynamics 365 Finance,Dynamics 365 Finance documentation,https://learn.microsoft.com/en-us/dynamics365/finance/,"General ledger, AP, AR, budgeting, fixed assets, cash/bank, credit and financial controls.",decision,1,APPROVED,Official/primary source authority is relevant to the feature domain; feature-specific requirements remain governed by the canonical dossier and Pass B/C contracts.,2026-08-31
PFD-MAP-F240-2,F240,Asset assignment,Assets,MS_SCM,Microsoft,Dynamics 365 Supply Chain Management,Dynamics 365 Supply Chain Management documentation,https://learn.microsoft.com/en-us/dynamics365/supply-chain/,"Procurement, inventory, warehouse, production, quality, asset and supply-chain controls.",decision,2,APPROVED,Official/primary source authority is relevant to the feature domain; feature-specific requirements remain governed by the canonical dossier and Pass B/C contracts.,2026-08-31
PFD-MAP-F241-1,F241,Asset movement history,Assets,MS_FIN,Microsoft,Dynamics 365 Finance,Dynamics 365 Finance documentation,https://learn.microsoft.com/en-us/dynamics365/finance/,"General ledger, AP, AR, budgeting, fixed assets, cash/bank, credit and financial controls.",asset,1,APPROVED,Official/primary source authority is relevant to the feature domain; feature-specific requirements remain governed by the canonical dossier and Pass B/C contracts.,2026-08-31
PFD-MAP-F241-2,F241,Asset movement history,Assets,MS_SCM,Microsoft,Dynamics 365 Supply Chain Management,Dynamics 365 Supply Chain Management documentation,https://learn.microsoft.com/en-us/dynamics365/supply-chain/,"Procurement, inventory, warehouse, production, quality, asset and supply-chain controls.",asset,2,APPROVED,Official/primary source authority is relevant to the feature domain; feature-specific requirements remain governed by the canonical dossier and Pass B/C contracts.,2026-08-31
PFD-MAP-F242-1,F242,Asset value,Assets,MS_FIN,Microsoft,Dynamics 365 Finance,Dynamics 365 Finance documentation,https://learn.microsoft.com/en-us/dynamics365/finance/,"General ledger, AP, AR, budgeting, fixed assets, cash/bank, credit and financial controls.",asset,1,APPROVED,Official/primary source authority is relevant to the feature domain; feature-specific requirements remain governed by the canonical dossier and Pass B/C contracts.,2026-08-31
PFD-MAP-F242-2,F242,Asset value,Assets,MS_SCM,Microsoft,Dynamics 365 Supply Chain Management,Dynamics 365 Supply Chain Management documentation,https://learn.microsoft.com/en-us/dynamics365/supply-chain/,"Procurement, inventory, warehouse, production, quality, asset and supply-chain controls.",asset,2,APPROVED,Official/primary source authority is relevant to the feature domain; feature-specific requirements remain governed by the canonical dossier and Pass B/C contracts.,2026-08-31
PFD-MAP-F243-1,F243,Useful life,Assets,MS_FIN,Microsoft,Dynamics 365 Finance,Dynamics 365 Finance documentation,https://learn.microsoft.com/en-us/dynamics365/finance/,"General ledger, AP, AR, budgeting, fixed assets, cash/bank, credit and financial controls.",asset,1,APPROVED,Official/primary source authority is relevant to the feature domain; feature-specific requirements remain governed by the canonical dossier and Pass B/C contracts.,2026-08-31
PFD-MAP-F243-2,F243,Useful life,Assets,MS_SCM,Microsoft,Dynamics 365 Supply Chain Management,Dynamics 365 Supply Chain Management documentation,https://learn.microsoft.com/en-us/dynamics365/supply-chain/,"Procurement, inventory, warehouse, production, quality, asset and supply-chain controls.",asset,2,APPROVED,Official/primary source authority is relevant to the feature domain; feature-specific requirements remain governed by the canonical dossier and Pass B/C contracts.,2026-08-31
PFD-MAP-F244-1,F244,Salvage value,Assets,MS_FIN,Microsoft,Dynamics 365 Finance,Dynamics 365 Finance documentation,https://learn.microsoft.com/en-us/dynamics365/finance/,"General ledger, AP, AR, budgeting, fixed assets, cash/bank, credit and financial controls.",asset,1,APPROVED,Official/primary source authority is relevant to the feature domain; feature-specific requirements remain governed by the canonical dossier and Pass B/C contracts.,2026-08-31
PFD-MAP-F244-2,F244,Salvage value,Assets,MS_SCM,Microsoft,Dynamics 365 Supply Chain Management,Dynamics 365 Supply Chain Management documentation,https://learn.microsoft.com/en-us/dynamics365/supply-chain/,"Procurement, inventory, warehouse, production, quality, asset and supply-chain controls.",asset,2,APPROVED,Official/primary source authority is relevant to the feature domain; feature-specific requirements remain governed by the canonical dossier and Pass B/C contracts.,2026-08-31
PFD-MAP-F245-1,F245,Straight-line depreciation,Assets,MS_FIN,Microsoft,Dynamics 365 Finance,Dynamics 365 Finance documentation,https://learn.microsoft.com/en-us/dynamics365/finance/,"General ledger, AP, AR, budgeting, fixed assets, cash/bank, credit and financial controls.",calculation,1,APPROVED,Official/primary source authority is relevant to the feature domain; feature-specific requirements remain governed by the canonical dossier and Pass B/C contracts.,2026-08-31
PFD-MAP-F245-2,F245,Straight-line depreciation,Assets,MS_SCM,Microsoft,Dynamics 365 Supply Chain Management,Dynamics 365 Supply Chain Management documentation,https://learn.microsoft.com/en-us/dynamics365/supply-chain/,"Procurement, inventory, warehouse, production, quality, asset and supply-chain controls.",calculation,2,APPROVED,Official/primary source authority is relevant to the feature domain; feature-specific requirements remain governed by the canonical dossier and Pass B/C contracts.,2026-08-31
PFD-MAP-F246-1,F246,Declining-balance depreciation,Assets,MS_FIN,Microsoft,Dynamics 365 Finance,Dynamics 365 Finance documentation,https://learn.microsoft.com/en-us/dynamics365/finance/,"General ledger, AP, AR, budgeting, fixed assets, cash/bank, credit and financial controls.",calculation,1,APPROVED,Official/primary source authority is relevant to the feature domain; feature-specific requirements remain governed by the canonical dossier and Pass B/C contracts.,2026-08-31
PFD-MAP-F246-2,F246,Declining-balance depreciation,Assets,MS_SCM,Microsoft,Dynamics 365 Supply Chain Management,Dynamics 365 Supply Chain Management documentation,https://learn.microsoft.com/en-us/dynamics365/supply-chain/,"Procurement, inventory, warehouse, production, quality, asset and supply-chain controls.",calculation,2,APPROVED,Official/primary source authority is relevant to the feature domain; feature-specific requirements remain governed by the canonical dossier and Pass B/C contracts.,2026-08-31
PFD-MAP-F247-1,F247,Units-of-production depreciation,Assets,MS_FIN,Microsoft,Dynamics 365 Finance,Dynamics 365 Finance documentation,https://learn.microsoft.com/en-us/dynamics365/finance/,"General ledger, AP, AR, budgeting, fixed assets, cash/bank, credit and financial controls.",calculation,1,APPROVED,Official/primary source authority is relevant to the feature domain; feature-specific requirements remain governed by the canonical dossier and Pass B/C contracts.,2026-08-31
PFD-MAP-F247-2,F247,Units-of-production depreciation,Assets,MS_SCM,Microsoft,Dynamics 365 Supply Chain Management,Dynamics 365 Supply Chain Management documentation,https://learn.microsoft.com/en-us/dynamics365/supply-chain/,"Procurement, inventory, warehouse, production, quality, asset and supply-chain controls.",calculation,2,APPROVED,Official/primary source authority is relevant to the feature domain; feature-specific requirements remain governed by the canonical dossier and Pass B/C contracts.,2026-08-31
PFD-MAP-F248-1,F248,Depreciation schedule,Assets,MS_FIN,Microsoft,Dynamics 365 Finance,Dynamics 365 Finance documentation,https://learn.microsoft.com/en-us/dynamics365/finance/,"General ledger, AP, AR, budgeting, fixed assets, cash/bank, credit and financial controls.",calculation,1,APPROVED,Official/primary source authority is relevant to the feature domain; feature-specific requirements remain governed by the canonical dossier and Pass B/C contracts.,2026-08-31
PFD-MAP-F248-2,F248,Depreciation schedule,Assets,MS_SCM,Microsoft,Dynamics 365 Supply Chain Management,Dynamics 365 Supply Chain Management documentation,https://learn.microsoft.com/en-us/dynamics365/supply-chain/,"Procurement, inventory, warehouse, production, quality, asset and supply-chain controls.",calculation,2,APPROVED,Official/primary source authority is relevant to the feature domain; feature-specific requirements remain governed by the canonical dossier and Pass B/C contracts.,2026-08-31
PFD-MAP-F249-1,F249,Depreciation posting,Assets,MS_FIN,Microsoft,Dynamics 365 Finance,Dynamics 365 Finance documentation,https://learn.microsoft.com/en-us/dynamics365/finance/,"General ledger, AP, AR, budgeting, fixed assets, cash/bank, credit and financial controls.",calculation,1,APPROVED,Official/primary source authority is relevant to the feature domain; feature-specific requirements remain governed by the canonical dossier and Pass B/C contracts.,2026-08-31
PFD-MAP-F249-2,F249,Depreciation posting,Assets,MS_SCM,Microsoft,Dynamics 365 Supply Chain Management,Dynamics 365 Supply Chain Management documentation,https://learn.microsoft.com/en-us/dynamics365/supply-chain/,"Procurement, inventory, warehouse, production, quality, asset and supply-chain controls.",calculation,2,APPROVED,Official/primary source authority is relevant to the feature domain; feature-specific requirements remain governed by the canonical dossier and Pass B/C contracts.,2026-08-31
PFD-MAP-F250-1,F250,Asset revaluation,Assets,MS_FIN,Microsoft,Dynamics 365 Finance,Dynamics 365 Finance documentation,https://learn.microsoft.com/en-us/dynamics365/finance/,"General ledger, AP, AR, budgeting, fixed assets, cash/bank, credit and financial controls.",calculation,1,APPROVED,Official/primary source authority is relevant to the feature domain; feature-specific requirements remain governed by the canonical dossier and Pass B/C contracts.,2026-08-31
PFD-MAP-F250-2,F250,Asset revaluation,Assets,MS_SCM,Microsoft,Dynamics 365 Supply Chain Management,Dynamics 365 Supply Chain Management documentation,https://learn.microsoft.com/en-us/dynamics365/supply-chain/,"Procurement, inventory, warehouse, production, quality, asset and supply-chain controls.",calculation,2,APPROVED,Official/primary source authority is relevant to the feature domain; feature-specific requirements remain governed by the canonical dossier and Pass B/C contracts.,2026-08-31
PFD-MAP-F251-1,F251,Asset impairment,Assets,MS_FIN,Microsoft,Dynamics 365 Finance,Dynamics 365 Finance documentation,https://learn.microsoft.com/en-us/dynamics365/finance/,"General ledger, AP, AR, budgeting, fixed assets, cash/bank, credit and financial controls.",calculation,1,APPROVED,Official/primary source authority is relevant to the feature domain; feature-specific requirements remain governed by the canonical dossier and Pass B/C contracts.,2026-08-31
PFD-MAP-F251-2,F251,Asset impairment,Assets,MS_SCM,Microsoft,Dynamics 365 Supply Chain Management,Dynamics 365 Supply Chain Management documentation,https://learn.microsoft.com/en-us/dynamics365/supply-chain/,"Procurement, inventory, warehouse, production, quality, asset and supply-chain controls.",calculation,2,APPROVED,Official/primary source authority is relevant to the feature domain; feature-specific requirements remain governed by the canonical dossier and Pass B/C contracts.,2026-08-31
PFD-MAP-F252-1,F252,Asset maintenance,Assets,MS_SCM,Microsoft,Dynamics 365 Supply Chain Management,Dynamics 365 Supply Chain Management documentation,https://learn.microsoft.com/en-us/dynamics365/supply-chain/,"Procurement, inventory, warehouse, production, quality, asset and supply-chain controls.",asset,1,APPROVED,Official/primary source authority is relevant to the feature domain; feature-specific requirements remain governed by the canonical dossier and Pass B/C contracts.,2026-08-31
PFD-MAP-F252-2,F252,Asset maintenance,Assets,ODOO_MAINT,Odoo,Odoo 19 Maintenance,Odoo 19 Maintenance documentation,https://www.odoo.com/documentation/19.0/applications/inventory_and_mrp/maintenance.html,"Equipment maintenance requests, preventive maintenance and maintenance lifecycle.",asset,2,APPROVED,Official/primary source authority is relevant to the feature domain; feature-specific requirements remain governed by the canonical dossier and Pass B/C contracts.,2026-08-31
PFD-MAP-F253-1,F253,Preventive maintenance,Assets,MS_SCM,Microsoft,Dynamics 365 Supply Chain Management,Dynamics 365 Supply Chain Management documentation,https://learn.microsoft.com/en-us/dynamics365/supply-chain/,"Procurement, inventory, warehouse, production, quality, asset and supply-chain controls.",asset,1,APPROVED,Official/primary source authority is relevant to the feature domain; feature-specific requirements remain governed by the canonical dossier and Pass B/C contracts.,2026-08-31
PFD-MAP-F253-2,F253,Preventive maintenance,Assets,ODOO_MAINT,Odoo,Odoo 19 Maintenance,Odoo 19 Maintenance documentation,https://www.odoo.com/documentation/19.0/applications/inventory_and_mrp/maintenance.html,"Equipment maintenance requests, preventive maintenance and maintenance lifecycle.",asset,2,APPROVED,Official/primary source authority is relevant to the feature domain; feature-specific requirements remain governed by the canonical dossier and Pass B/C contracts.,2026-08-31
PFD-MAP-F254-1,F254,Maintenance schedule,Assets,MS_SCM,Microsoft,Dynamics 365 Supply Chain Management,Dynamics 365 Supply Chain Management documentation,https://learn.microsoft.com/en-us/dynamics365/supply-chain/,"Procurement, inventory, warehouse, production, quality, asset and supply-chain controls.",asset,1,APPROVED,Official/primary source authority is relevant to the feature domain; feature-specific requirements remain governed by the canonical dossier and Pass B/C contracts.,2026-08-31
PFD-MAP-F254-2,F254,Maintenance schedule,Assets,ODOO_MAINT,Odoo,Odoo 19 Maintenance,Odoo 19 Maintenance documentation,https://www.odoo.com/documentation/19.0/applications/inventory_and_mrp/maintenance.html,"Equipment maintenance requests, preventive maintenance and maintenance lifecycle.",asset,2,APPROVED,Official/primary source authority is relevant to the feature domain; feature-specific requirements remain governed by the canonical dossier and Pass B/C contracts.,2026-08-31
PFD-MAP-F255-1,F255,Repair history,Assets,MS_SCM,Microsoft,Dynamics 365 Supply Chain Management,Dynamics 365 Supply Chain Management documentation,https://learn.microsoft.com/en-us/dynamics365/supply-chain/,"Procurement, inventory, warehouse, production, quality, asset and supply-chain controls.",asset,1,APPROVED,Official/primary source authority is relevant to the feature domain; feature-specific requirements remain governed by the canonical dossier and Pass B/C contracts.,2026-08-31
PFD-MAP-F255-2,F255,Repair history,Assets,ODOO_MAINT,Odoo,Odoo 19 Maintenance,Odoo 19 Maintenance documentation,https://www.odoo.com/documentation/19.0/applications/inventory_and_mrp/maintenance.html,"Equipment maintenance requests, preventive maintenance and maintenance lifecycle.",asset,2,APPROVED,Official/primary source authority is relevant to the feature domain; feature-specific requirements remain governed by the canonical dossier and Pass B/C contracts.,2026-08-31
PFD-MAP-F256-1,F256,Downtime,Assets,MS_SCM,Microsoft,Dynamics 365 Supply Chain Management,Dynamics 365 Supply Chain Management documentation,https://learn.microsoft.com/en-us/dynamics365/supply-chain/,"Procurement, inventory, warehouse, production, quality, asset and supply-chain controls.",asset,1,APPROVED,Official/primary source authority is relevant to the feature domain; feature-specific requirements remain governed by the canonical dossier and Pass B/C contracts.,2026-08-31
PFD-MAP-F256-2,F256,Downtime,Assets,ODOO_MAINT,Odoo,Odoo 19 Maintenance,Odoo 19 Maintenance documentation,https://www.odoo.com/documentation/19.0/applications/inventory_and_mrp/maintenance.html,"Equipment maintenance requests, preventive maintenance and maintenance lifecycle.",asset,2,APPROVED,Official/primary source authority is relevant to the feature domain; feature-specific requirements remain governed by the canonical dossier and Pass B/C contracts.,2026-08-31
PFD-MAP-F257-1,F257,Warranty,Assets,MS_SCM,Microsoft,Dynamics 365 Supply Chain Management,Dynamics 365 Supply Chain Management documentation,https://learn.microsoft.com/en-us/dynamics365/supply-chain/,"Procurement, inventory, warehouse, production, quality, asset and supply-chain controls.",asset,1,APPROVED,Official/primary source authority is relevant to the feature domain; feature-specific requirements remain governed by the canonical dossier and Pass B/C contracts.,2026-08-31
PFD-MAP-F257-2,F257,Warranty,Assets,ODOO_MAINT,Odoo,Odoo 19 Maintenance,Odoo 19 Maintenance documentation,https://www.odoo.com/documentation/19.0/applications/inventory_and_mrp/maintenance.html,"Equipment maintenance requests, preventive maintenance and maintenance lifecycle.",asset,2,APPROVED,Official/primary source authority is relevant to the feature domain; feature-specific requirements remain governed by the canonical dossier and Pass B/C contracts.,2026-08-31
PFD-MAP-F258-1,F258,Inspection,Assets,MS_SCM,Microsoft,Dynamics 365 Supply Chain Management,Dynamics 365 Supply Chain Management documentation,https://learn.microsoft.com/en-us/dynamics365/supply-chain/,"Procurement, inventory, warehouse, production, quality, asset and supply-chain controls.",asset,1,APPROVED,Official/primary source authority is relevant to the feature domain; feature-specific requirements remain governed by the canonical dossier and Pass B/C contracts.,2026-08-31
PFD-MAP-F258-2,F258,Inspection,Assets,ODOO_MAINT,Odoo,Odoo 19 Maintenance,Odoo 19 Maintenance documentation,https://www.odoo.com/documentation/19.0/applications/inventory_and_mrp/maintenance.html,"Equipment maintenance requests, preventive maintenance and maintenance lifecycle.",asset,2,APPROVED,Official/primary source authority is relevant to the feature domain; feature-specific requirements remain governed by the canonical dossier and Pass B/C contracts.,2026-08-31
PFD-MAP-F259-1,F259,Calibration,Assets,MS_SCM,Microsoft,Dynamics 365 Supply Chain Management,Dynamics 365 Supply Chain Management documentation,https://learn.microsoft.com/en-us/dynamics365/supply-chain/,"Procurement, inventory, warehouse, production, quality, asset and supply-chain controls.",asset,1,APPROVED,Official/primary source authority is relevant to the feature domain; feature-specific requirements remain governed by the canonical dossier and Pass B/C contracts.,2026-08-31
PFD-MAP-F259-2,F259,Calibration,Assets,ODOO_MAINT,Odoo,Odoo 19 Maintenance,Odoo 19 Maintenance documentation,https://www.odoo.com/documentation/19.0/applications/inventory_and_mrp/maintenance.html,"Equipment maintenance requests, preventive maintenance and maintenance lifecycle.",asset,2,APPROVED,Official/primary source authority is relevant to the feature domain; feature-specific requirements remain governed by the canonical dossier and Pass B/C contracts.,2026-08-31
PFD-MAP-F260-1,F260,Physical verification and audit,Assets,MS_SCM,Microsoft,Dynamics 365 Supply Chain Management,Dynamics 365 Supply Chain Management documentation,https://learn.microsoft.com/en-us/dynamics365/supply-chain/,"Procurement, inventory, warehouse, production, quality, asset and supply-chain controls.",asset,1,APPROVED,Official/primary source authority is relevant to the feature domain; feature-specific requirements remain governed by the canonical dossier and Pass B/C contracts.,2026-08-31
PFD-MAP-F260-2,F260,Physical verification and audit,Assets,ODOO_MAINT,Odoo,Odoo 19 Maintenance,Odoo 19 Maintenance documentation,https://www.odoo.com/documentation/19.0/applications/inventory_and_mrp/maintenance.html,"Equipment maintenance requests, preventive maintenance and maintenance lifecycle.",asset,2,APPROVED,Official/primary source authority is relevant to the feature domain; feature-specific requirements remain governed by the canonical dossier and Pass B/C contracts.,2026-08-31
PFD-MAP-F261-1,F261,Barcode / QR identification,Assets,MS_SCM,Microsoft,Dynamics 365 Supply Chain Management,Dynamics 365 Supply Chain Management documentation,https://learn.microsoft.com/en-us/dynamics365/supply-chain/,"Procurement, inventory, warehouse, production, quality, asset and supply-chain controls.",asset,1,APPROVED,Official/primary source authority is relevant to the feature domain; feature-specific requirements remain governed by the canonical dossier and Pass B/C contracts.,2026-08-31
PFD-MAP-F261-2,F261,Barcode / QR identification,Assets,ODOO_MAINT,Odoo,Odoo 19 Maintenance,Odoo 19 Maintenance documentation,https://www.odoo.com/documentation/19.0/applications/inventory_and_mrp/maintenance.html,"Equipment maintenance requests, preventive maintenance and maintenance lifecycle.",asset,2,APPROVED,Official/primary source authority is relevant to the feature domain; feature-specific requirements remain governed by the canonical dossier and Pass B/C contracts.,2026-08-31
PFD-MAP-F262-1,F262,Asset disposal,Assets,MS_FIN,Microsoft,Dynamics 365 Finance,Dynamics 365 Finance documentation,https://learn.microsoft.com/en-us/dynamics365/finance/,"General ledger, AP, AR, budgeting, fixed assets, cash/bank, credit and financial controls.",asset,1,APPROVED,Official/primary source authority is relevant to the feature domain; feature-specific requirements remain governed by the canonical dossier and Pass B/C contracts.,2026-08-31
PFD-MAP-F262-2,F262,Asset disposal,Assets,MS_SCM,Microsoft,Dynamics 365 Supply Chain Management,Dynamics 365 Supply Chain Management documentation,https://learn.microsoft.com/en-us/dynamics365/supply-chain/,"Procurement, inventory, warehouse, production, quality, asset and supply-chain controls.",asset,2,APPROVED,Official/primary source authority is relevant to the feature domain; feature-specific requirements remain governed by the canonical dossier and Pass B/C contracts.,2026-08-31
PFD-MAP-F263-1,F263,Asset sale,Assets,MS_FIN,Microsoft,Dynamics 365 Finance,Dynamics 365 Finance documentation,https://learn.microsoft.com/en-us/dynamics365/finance/,"General ledger, AP, AR, budgeting, fixed assets, cash/bank, credit and financial controls.",asset,1,APPROVED,Official/primary source authority is relevant to the feature domain; feature-specific requirements remain governed by the canonical dossier and Pass B/C contracts.,2026-08-31
PFD-MAP-F263-2,F263,Asset sale,Assets,MS_SCM,Microsoft,Dynamics 365 Supply Chain Management,Dynamics 365 Supply Chain Management documentation,https://learn.microsoft.com/en-us/dynamics365/supply-chain/,"Procurement, inventory, warehouse, production, quality, asset and supply-chain controls.",asset,2,APPROVED,Official/primary source authority is relevant to the feature domain; feature-specific requirements remain governed by the canonical dossier and Pass B/C contracts.,2026-08-31
PFD-MAP-F264-1,F264,Asset scrap,Assets,MS_FIN,Microsoft,Dynamics 365 Finance,Dynamics 365 Finance documentation,https://learn.microsoft.com/en-us/dynamics365/finance/,"General ledger, AP, AR, budgeting, fixed assets, cash/bank, credit and financial controls.",asset,1,APPROVED,Official/primary source authority is relevant to the feature domain; feature-specific requirements remain governed by the canonical dossier and Pass B/C contracts.,2026-08-31
PFD-MAP-F264-2,F264,Asset scrap,Assets,MS_SCM,Microsoft,Dynamics 365 Supply Chain Management,Dynamics 365 Supply Chain Management documentation,https://learn.microsoft.com/en-us/dynamics365/supply-chain/,"Procurement, inventory, warehouse, production, quality, asset and supply-chain controls.",asset,2,APPROVED,Official/primary source authority is relevant to the feature domain; feature-specific requirements remain governed by the canonical dossier and Pass B/C contracts.,2026-08-31
PFD-MAP-F265-1,F265,Gain / loss on disposal,Assets,MS_FIN,Microsoft,Dynamics 365 Finance,Dynamics 365 Finance documentation,https://learn.microsoft.com/en-us/dynamics365/finance/,"General ledger, AP, AR, budgeting, fixed assets, cash/bank, credit and financial controls.",calculation,1,APPROVED,Official/primary source authority is relevant to the feature domain; feature-specific requirements remain governed by the canonical dossier and Pass B/C contracts.,2026-08-31
PFD-MAP-F265-2,F265,Gain / loss on disposal,Assets,MS_SCM,Microsoft,Dynamics 365 Supply Chain Management,Dynamics 365 Supply Chain Management documentation,https://learn.microsoft.com/en-us/dynamics365/supply-chain/,"Procurement, inventory, warehouse, production, quality, asset and supply-chain controls.",calculation,2,APPROVED,Official/primary source authority is relevant to the feature domain; feature-specific requirements remain governed by the canonical dossier and Pass B/C contracts.,2026-08-31
PFD-MAP-F266-1,F266,Asset accounting integration,Assets,MS_FIN,Microsoft,Dynamics 365 Finance,Dynamics 365 Finance documentation,https://learn.microsoft.com/en-us/dynamics365/finance/,"General ledger, AP, AR, budgeting, fixed assets, cash/bank, credit and financial controls.",asset,1,APPROVED,Official/primary source authority is relevant to the feature domain; feature-specific requirements remain governed by the canonical dossier and Pass B/C contracts.,2026-08-31
PFD-MAP-F266-2,F266,Asset accounting integration,Assets,MS_SCM,Microsoft,Dynamics 365 Supply Chain Management,Dynamics 365 Supply Chain Management documentation,https://learn.microsoft.com/en-us/dynamics365/supply-chain/,"Procurement, inventory, warehouse, production, quality, asset and supply-chain controls.",asset,2,APPROVED,Official/primary source authority is relevant to the feature domain; feature-specific requirements remain governed by the canonical dossier and Pass B/C contracts.,2026-08-31
PFD-MAP-F267-1,F267,Asset reports,Assets,MS_FIN,Microsoft,Dynamics 365 Finance,Dynamics 365 Finance documentation,https://learn.microsoft.com/en-us/dynamics365/finance/,"General ledger, AP, AR, budgeting, fixed assets, cash/bank, credit and financial controls.",analytics,1,APPROVED,Official/primary source authority is relevant to the feature domain; feature-specific requirements remain governed by the canonical dossier and Pass B/C contracts.,2026-08-31
PFD-MAP-F267-2,F267,Asset reports,Assets,MS_SCM,Microsoft,Dynamics 365 Supply Chain Management,Dynamics 365 Supply Chain Management documentation,https://learn.microsoft.com/en-us/dynamics365/supply-chain/,"Procurement, inventory, warehouse, production, quality, asset and supply-chain controls.",analytics,2,APPROVED,Official/primary source authority is relevant to the feature domain; feature-specific requirements remain governed by the canonical dossier and Pass B/C contracts.,2026-08-31
PFD-MAP-F268-1,F268,Stores and outlets,Point of Sale,MS_COMMERCE,Microsoft,Dynamics 365 Commerce POS,Online and offline POS operations,https://learn.microsoft.com/en-us/dynamics365/commerce/pos-operations,"POS operations, checkout, returns and online/offline operation behavior.",pos,1,APPROVED,Official/primary source authority is relevant to the feature domain; feature-specific requirements remain governed by the canonical dossier and Pass B/C contracts.,2026-08-31
PFD-MAP-F268-2,F268,Stores and outlets,Point of Sale,ORACLE_XSTORE,Oracle,Oracle Retail Xstore POS,Oracle Retail Xstore Point of Service documentation,https://docs.oracle.com/en/industries/retail/retail-xstore-point-of-service/,"Retail store/register/till, scanning, tender, receipt and return workflows.",pos,2,APPROVED,Official/primary source authority is relevant to the feature domain; feature-specific requirements remain governed by the canonical dossier and Pass B/C contracts.,2026-08-31
PFD-MAP-F269-1,F269,POS terminals,Point of Sale,MS_COMMERCE,Microsoft,Dynamics 365 Commerce POS,Online and offline POS operations,https://learn.microsoft.com/en-us/dynamics365/commerce/pos-operations,"POS operations, checkout, returns and online/offline operation behavior.",pos,1,APPROVED,Official/primary source authority is relevant to the feature domain; feature-specific requirements remain governed by the canonical dossier and Pass B/C contracts.,2026-08-31
PFD-MAP-F269-2,F269,POS terminals,Point of Sale,ORACLE_XSTORE,Oracle,Oracle Retail Xstore POS,Oracle Retail Xstore Point of Service documentation,https://docs.oracle.com/en/industries/retail/retail-xstore-point-of-service/,"Retail store/register/till, scanning, tender, receipt and return workflows.",pos,2,APPROVED,Official/primary source authority is relevant to the feature domain; feature-specific requirements remain governed by the canonical dossier and Pass B/C contracts.,2026-08-31
PFD-MAP-F270-1,F270,Cashiers,Point of Sale,MS_COMMERCE,Microsoft,Dynamics 365 Commerce POS,Online and offline POS operations,https://learn.microsoft.com/en-us/dynamics365/commerce/pos-operations,"POS operations, checkout, returns and online/offline operation behavior.",pos,1,APPROVED,Official/primary source authority is relevant to the feature domain; feature-specific requirements remain governed by the canonical dossier and Pass B/C contracts.,2026-08-31
PFD-MAP-F270-2,F270,Cashiers,Point of Sale,ORACLE_XSTORE,Oracle,Oracle Retail Xstore POS,Oracle Retail Xstore Point of Service documentation,https://docs.oracle.com/en/industries/retail/retail-xstore-point-of-service/,"Retail store/register/till, scanning, tender, receipt and return workflows.",pos,2,APPROVED,Official/primary source authority is relevant to the feature domain; feature-specific requirements remain governed by the canonical dossier and Pass B/C contracts.,2026-08-31
PFD-MAP-F271-1,F271,Cashier permissions,Point of Sale,MS_COMMERCE,Microsoft,Dynamics 365 Commerce POS,Online and offline POS operations,https://learn.microsoft.com/en-us/dynamics365/commerce/pos-operations,"POS operations, checkout, returns and online/offline operation behavior.",pos,1,APPROVED,Official/primary source authority is relevant to the feature domain; feature-specific requirements remain governed by the canonical dossier and Pass B/C contracts.,2026-08-31
PFD-MAP-F271-2,F271,Cashier permissions,Point of Sale,ORACLE_XSTORE,Oracle,Oracle Retail Xstore POS,Oracle Retail Xstore Point of Service documentation,https://docs.oracle.com/en/industries/retail/retail-xstore-point-of-service/,"Retail store/register/till, scanning, tender, receipt and return workflows.",pos,2,APPROVED,Official/primary source authority is relevant to the feature domain; feature-specific requirements remain governed by the canonical dossier and Pass B/C contracts.,2026-08-31
PFD-MAP-F272-1,F272,Product search,Point of Sale,MS_COMMERCE,Microsoft,Dynamics 365 Commerce POS,Online and offline POS operations,https://learn.microsoft.com/en-us/dynamics365/commerce/pos-operations,"POS operations, checkout, returns and online/offline operation behavior.",pos,1,APPROVED,Official/primary source authority is relevant to the feature domain; feature-specific requirements remain governed by the canonical dossier and Pass B/C contracts.,2026-08-31
PFD-MAP-F272-2,F272,Product search,Point of Sale,ORACLE_XSTORE,Oracle,Oracle Retail Xstore POS,Oracle Retail Xstore Point of Service documentation,https://docs.oracle.com/en/industries/retail/retail-xstore-point-of-service/,"Retail store/register/till, scanning, tender, receipt and return workflows.",pos,2,APPROVED,Official/primary source authority is relevant to the feature domain; feature-specific requirements remain governed by the canonical dossier and Pass B/C contracts.,2026-08-31
PFD-MAP-F273-1,F273,Barcode scanning,Point of Sale,MS_COMMERCE,Microsoft,Dynamics 365 Commerce POS,Online and offline POS operations,https://learn.microsoft.com/en-us/dynamics365/commerce/pos-operations,"POS operations, checkout, returns and online/offline operation behavior.",pos,1,APPROVED,Official/primary source authority is relevant to the feature domain; feature-specific requirements remain governed by the canonical dossier and Pass B/C contracts.,2026-08-31
PFD-MAP-F273-2,F273,Barcode scanning,Point of Sale,ORACLE_XSTORE,Oracle,Oracle Retail Xstore POS,Oracle Retail Xstore Point of Service documentation,https://docs.oracle.com/en/industries/retail/retail-xstore-point-of-service/,"Retail store/register/till, scanning, tender, receipt and return workflows.",pos,2,APPROVED,Official/primary source authority is relevant to the feature domain; feature-specific requirements remain governed by the canonical dossier and Pass B/C contracts.,2026-08-31
PFD-MAP-F274-1,F274,Product variants,Point of Sale,MS_COMMERCE,Microsoft,Dynamics 365 Commerce POS,Online and offline POS operations,https://learn.microsoft.com/en-us/dynamics365/commerce/pos-operations,"POS operations, checkout, returns and online/offline operation behavior.",pos,1,APPROVED,Official/primary source authority is relevant to the feature domain; feature-specific requirements remain governed by the canonical dossier and Pass B/C contracts.,2026-08-31
PFD-MAP-F274-2,F274,Product variants,Point of Sale,ORACLE_XSTORE,Oracle,Oracle Retail Xstore POS,Oracle Retail Xstore Point of Service documentation,https://docs.oracle.com/en/industries/retail/retail-xstore-point-of-service/,"Retail store/register/till, scanning, tender, receipt and return workflows.",pos,2,APPROVED,Official/primary source authority is relevant to the feature domain; feature-specific requirements remain governed by the canonical dossier and Pass B/C contracts.,2026-08-31
PFD-MAP-F275-1,F275,Price lists,Point of Sale,MS_COMMERCE,Microsoft,Dynamics 365 Commerce POS,Online and offline POS operations,https://learn.microsoft.com/en-us/dynamics365/commerce/pos-operations,"POS operations, checkout, returns and online/offline operation behavior.",pos,1,APPROVED,Official/primary source authority is relevant to the feature domain; feature-specific requirements remain governed by the canonical dossier and Pass B/C contracts.,2026-08-31
PFD-MAP-F275-2,F275,Price lists,Point of Sale,ORACLE_XSTORE,Oracle,Oracle Retail Xstore POS,Oracle Retail Xstore Point of Service documentation,https://docs.oracle.com/en/industries/retail/retail-xstore-point-of-service/,"Retail store/register/till, scanning, tender, receipt and return workflows.",pos,2,APPROVED,Official/primary source authority is relevant to the feature domain; feature-specific requirements remain governed by the canonical dossier and Pass B/C contracts.,2026-08-31
PFD-MAP-F276-1,F276,Customer selection,Point of Sale,MS_COMMERCE,Microsoft,Dynamics 365 Commerce POS,Online and offline POS operations,https://learn.microsoft.com/en-us/dynamics365/commerce/pos-operations,"POS operations, checkout, returns and online/offline operation behavior.",decision,1,APPROVED,Official/primary source authority is relevant to the feature domain; feature-specific requirements remain governed by the canonical dossier and Pass B/C contracts.,2026-08-31
PFD-MAP-F276-2,F276,Customer selection,Point of Sale,ORACLE_XSTORE,Oracle,Oracle Retail Xstore POS,Oracle Retail Xstore Point of Service documentation,https://docs.oracle.com/en/industries/retail/retail-xstore-point-of-service/,"Retail store/register/till, scanning, tender, receipt and return workflows.",decision,2,APPROVED,Official/primary source authority is relevant to the feature domain; feature-specific requirements remain governed by the canonical dossier and Pass B/C contracts.,2026-08-31
PFD-MAP-F277-1,F277,Cart,Point of Sale,MS_COMMERCE,Microsoft,Dynamics 365 Commerce POS,Online and offline POS operations,https://learn.microsoft.com/en-us/dynamics365/commerce/pos-operations,"POS operations, checkout, returns and online/offline operation behavior.",pos,1,APPROVED,Official/primary source authority is relevant to the feature domain; feature-specific requirements remain governed by the canonical dossier and Pass B/C contracts.,2026-08-31
PFD-MAP-F277-2,F277,Cart,Point of Sale,ORACLE_XSTORE,Oracle,Oracle Retail Xstore POS,Oracle Retail Xstore Point of Service documentation,https://docs.oracle.com/en/industries/retail/retail-xstore-point-of-service/,"Retail store/register/till, scanning, tender, receipt and return workflows.",pos,2,APPROVED,Official/primary source authority is relevant to the feature domain; feature-specific requirements remain governed by the canonical dossier and Pass B/C contracts.,2026-08-31
PFD-MAP-F278-1,F278,Taxes,Point of Sale,MS_COMMERCE,Microsoft,Dynamics 365 Commerce POS,Online and offline POS operations,https://learn.microsoft.com/en-us/dynamics365/commerce/pos-operations,"POS operations, checkout, returns and online/offline operation behavior.",calculation,1,APPROVED,Official/primary source authority is relevant to the feature domain; feature-specific requirements remain governed by the canonical dossier and Pass B/C contracts.,2026-08-31
PFD-MAP-F278-2,F278,Taxes,Point of Sale,ORACLE_XSTORE,Oracle,Oracle Retail Xstore POS,Oracle Retail Xstore Point of Service documentation,https://docs.oracle.com/en/industries/retail/retail-xstore-point-of-service/,"Retail store/register/till, scanning, tender, receipt and return workflows.",calculation,2,APPROVED,Official/primary source authority is relevant to the feature domain; feature-specific requirements remain governed by the canonical dossier and Pass B/C contracts.,2026-08-31
PFD-MAP-F279-1,F279,Discounts,Point of Sale,MS_COMMERCE,Microsoft,Dynamics 365 Commerce POS,Online and offline POS operations,https://learn.microsoft.com/en-us/dynamics365/commerce/pos-operations,"POS operations, checkout, returns and online/offline operation behavior.",pos,1,APPROVED,Official/primary source authority is relevant to the feature domain; feature-specific requirements remain governed by the canonical dossier and Pass B/C contracts.,2026-08-31
PFD-MAP-F279-2,F279,Discounts,Point of Sale,ORACLE_XSTORE,Oracle,Oracle Retail Xstore POS,Oracle Retail Xstore Point of Service documentation,https://docs.oracle.com/en/industries/retail/retail-xstore-point-of-service/,"Retail store/register/till, scanning, tender, receipt and return workflows.",pos,2,APPROVED,Official/primary source authority is relevant to the feature domain; feature-specific requirements remain governed by the canonical dossier and Pass B/C contracts.,2026-08-31
PFD-MAP-F280-1,F280,Promotions,Point of Sale,MS_COMMERCE,Microsoft,Dynamics 365 Commerce POS,Online and offline POS operations,https://learn.microsoft.com/en-us/dynamics365/commerce/pos-operations,"POS operations, checkout, returns and online/offline operation behavior.",pos,1,APPROVED,Official/primary source authority is relevant to the feature domain; feature-specific requirements remain governed by the canonical dossier and Pass B/C contracts.,2026-08-31
PFD-MAP-F280-2,F280,Promotions,Point of Sale,ORACLE_XSTORE,Oracle,Oracle Retail Xstore POS,Oracle Retail Xstore Point of Service documentation,https://docs.oracle.com/en/industries/retail/retail-xstore-point-of-service/,"Retail store/register/till, scanning, tender, receipt and return workflows.",pos,2,APPROVED,Official/primary source authority is relevant to the feature domain; feature-specific requirements remain governed by the canonical dossier and Pass B/C contracts.,2026-08-31
PFD-MAP-F281-1,F281,Coupons,Point of Sale,MS_COMMERCE,Microsoft,Dynamics 365 Commerce POS,Online and offline POS operations,https://learn.microsoft.com/en-us/dynamics365/commerce/pos-operations,"POS operations, checkout, returns and online/offline operation behavior.",pos,1,APPROVED,Official/primary source authority is relevant to the feature domain; feature-specific requirements remain governed by the canonical dossier and Pass B/C contracts.,2026-08-31
PFD-MAP-F281-2,F281,Coupons,Point of Sale,ORACLE_XSTORE,Oracle,Oracle Retail Xstore POS,Oracle Retail Xstore Point of Service documentation,https://docs.oracle.com/en/industries/retail/retail-xstore-point-of-service/,"Retail store/register/till, scanning, tender, receipt and return workflows.",pos,2,APPROVED,Official/primary source authority is relevant to the feature domain; feature-specific requirements remain governed by the canonical dossier and Pass B/C contracts.,2026-08-31
PFD-MAP-F282-1,F282,Cash payments,Point of Sale,MS_COMMERCE,Microsoft,Dynamics 365 Commerce POS,Online and offline POS operations,https://learn.microsoft.com/en-us/dynamics365/commerce/pos-operations,"POS operations, checkout, returns and online/offline operation behavior.",money_movement,1,APPROVED,Official/primary source authority is relevant to the feature domain; feature-specific requirements remain governed by the canonical dossier and Pass B/C contracts.,2026-08-31
PFD-MAP-F282-2,F282,Cash payments,Point of Sale,ORACLE_XSTORE,Oracle,Oracle Retail Xstore POS,Oracle Retail Xstore Point of Service documentation,https://docs.oracle.com/en/industries/retail/retail-xstore-point-of-service/,"Retail store/register/till, scanning, tender, receipt and return workflows.",money_movement,2,APPROVED,Official/primary source authority is relevant to the feature domain; feature-specific requirements remain governed by the canonical dossier and Pass B/C contracts.,2026-08-31
PFD-MAP-F283-1,F283,Card payments,Point of Sale,MS_COMMERCE,Microsoft,Dynamics 365 Commerce POS,Online and offline POS operations,https://learn.microsoft.com/en-us/dynamics365/commerce/pos-operations,"POS operations, checkout, returns and online/offline operation behavior.",money_movement,1,APPROVED,Official/primary source authority is relevant to the feature domain; feature-specific requirements remain governed by the canonical dossier and Pass B/C contracts.,2026-08-31
PFD-MAP-F283-2,F283,Card payments,Point of Sale,PCI,PCI SSC,PCI DSS,PCI Data Security Standard,https://www.pcisecuritystandards.org/standards/pci-dss/,Security requirements for payment-account data environments; relevant only to card/tender security scope.,money_movement,2,APPROVED,Official/primary source authority is relevant to the feature domain; feature-specific requirements remain governed by the canonical dossier and Pass B/C contracts.,2026-08-31
PFD-MAP-F284-1,F284,UPI and digital payments,Point of Sale,MS_COMMERCE,Microsoft,Dynamics 365 Commerce POS,Online and offline POS operations,https://learn.microsoft.com/en-us/dynamics365/commerce/pos-operations,"POS operations, checkout, returns and online/offline operation behavior.",money_movement,1,APPROVED,Official/primary source authority is relevant to the feature domain; feature-specific requirements remain governed by the canonical dossier and Pass B/C contracts.,2026-08-31
PFD-MAP-F284-2,F284,UPI and digital payments,Point of Sale,NPCI_UPI,NPCI,UPI,UPI product overview,https://www.npci.org.in/what-we-do/upi/product-overview,UPI real-time payment-system behavior and external payment truth; relevant only to digital-payment/reconciliation scope.,money_movement,2,APPROVED,Official/primary source authority is relevant to the feature domain; feature-specific requirements remain governed by the canonical dossier and Pass B/C contracts.,2026-08-31
PFD-MAP-F285-1,F285,Split payments,Point of Sale,MS_COMMERCE,Microsoft,Dynamics 365 Commerce POS,Online and offline POS operations,https://learn.microsoft.com/en-us/dynamics365/commerce/pos-operations,"POS operations, checkout, returns and online/offline operation behavior.",money_movement,1,APPROVED,Official/primary source authority is relevant to the feature domain; feature-specific requirements remain governed by the canonical dossier and Pass B/C contracts.,2026-08-31
PFD-MAP-F285-2,F285,Split payments,Point of Sale,NPCI_UPI,NPCI,UPI,UPI product overview,https://www.npci.org.in/what-we-do/upi/product-overview,UPI real-time payment-system behavior and external payment truth; relevant only to digital-payment/reconciliation scope.,money_movement,2,APPROVED,Official/primary source authority is relevant to the feature domain; feature-specific requirements remain governed by the canonical dossier and Pass B/C contracts.,2026-08-31
PFD-MAP-F286-1,F286,Multiple payment methods,Point of Sale,MS_COMMERCE,Microsoft,Dynamics 365 Commerce POS,Online and offline POS operations,https://learn.microsoft.com/en-us/dynamics365/commerce/pos-operations,"POS operations, checkout, returns and online/offline operation behavior.",money_movement,1,APPROVED,Official/primary source authority is relevant to the feature domain; feature-specific requirements remain governed by the canonical dossier and Pass B/C contracts.,2026-08-31
PFD-MAP-F286-2,F286,Multiple payment methods,Point of Sale,NPCI_UPI,NPCI,UPI,UPI product overview,https://www.npci.org.in/what-we-do/upi/product-overview,UPI real-time payment-system behavior and external payment truth; relevant only to digital-payment/reconciliation scope.,money_movement,2,APPROVED,Official/primary source authority is relevant to the feature domain; feature-specific requirements remain governed by the canonical dossier and Pass B/C contracts.,2026-08-31
PFD-MAP-F287-1,F287,Hold / suspend sale,Point of Sale,MS_COMMERCE,Microsoft,Dynamics 365 Commerce POS,Online and offline POS operations,https://learn.microsoft.com/en-us/dynamics365/commerce/pos-operations,"POS operations, checkout, returns and online/offline operation behavior.",pos,1,APPROVED,Official/primary source authority is relevant to the feature domain; feature-specific requirements remain governed by the canonical dossier and Pass B/C contracts.,2026-08-31
PFD-MAP-F287-2,F287,Hold / suspend sale,Point of Sale,ORACLE_XSTORE,Oracle,Oracle Retail Xstore POS,Oracle Retail Xstore Point of Service documentation,https://docs.oracle.com/en/industries/retail/retail-xstore-point-of-service/,"Retail store/register/till, scanning, tender, receipt and return workflows.",pos,2,APPROVED,Official/primary source authority is relevant to the feature domain; feature-specific requirements remain governed by the canonical dossier and Pass B/C contracts.,2026-08-31
PFD-MAP-F288-1,F288,Resume sale,Point of Sale,MS_COMMERCE,Microsoft,Dynamics 365 Commerce POS,Online and offline POS operations,https://learn.microsoft.com/en-us/dynamics365/commerce/pos-operations,"POS operations, checkout, returns and online/offline operation behavior.",pos,1,APPROVED,Official/primary source authority is relevant to the feature domain; feature-specific requirements remain governed by the canonical dossier and Pass B/C contracts.,2026-08-31
PFD-MAP-F288-2,F288,Resume sale,Point of Sale,ORACLE_XSTORE,Oracle,Oracle Retail Xstore POS,Oracle Retail Xstore Point of Service documentation,https://docs.oracle.com/en/industries/retail/retail-xstore-point-of-service/,"Retail store/register/till, scanning, tender, receipt and return workflows.",pos,2,APPROVED,Official/primary source authority is relevant to the feature domain; feature-specific requirements remain governed by the canonical dossier and Pass B/C contracts.,2026-08-31
PFD-MAP-F289-1,F289,Receipt printing,Point of Sale,MS_COMMERCE,Microsoft,Dynamics 365 Commerce POS,Online and offline POS operations,https://learn.microsoft.com/en-us/dynamics365/commerce/pos-operations,"POS operations, checkout, returns and online/offline operation behavior.",pos,1,APPROVED,Official/primary source authority is relevant to the feature domain; feature-specific requirements remain governed by the canonical dossier and Pass B/C contracts.,2026-08-31
PFD-MAP-F289-2,F289,Receipt printing,Point of Sale,ORACLE_XSTORE,Oracle,Oracle Retail Xstore POS,Oracle Retail Xstore Point of Service documentation,https://docs.oracle.com/en/industries/retail/retail-xstore-point-of-service/,"Retail store/register/till, scanning, tender, receipt and return workflows.",pos,2,APPROVED,Official/primary source authority is relevant to the feature domain; feature-specific requirements remain governed by the canonical dossier and Pass B/C contracts.,2026-08-31
PFD-MAP-F290-1,F290,Invoice generation,Point of Sale,MS_COMMERCE,Microsoft,Dynamics 365 Commerce POS,Online and offline POS operations,https://learn.microsoft.com/en-us/dynamics365/commerce/pos-operations,"POS operations, checkout, returns and online/offline operation behavior.",document,1,APPROVED,Official/primary source authority is relevant to the feature domain; feature-specific requirements remain governed by the canonical dossier and Pass B/C contracts.,2026-08-31
PFD-MAP-F290-2,F290,Invoice generation,Point of Sale,ORACLE_XSTORE,Oracle,Oracle Retail Xstore POS,Oracle Retail Xstore Point of Service documentation,https://docs.oracle.com/en/industries/retail/retail-xstore-point-of-service/,"Retail store/register/till, scanning, tender, receipt and return workflows.",document,2,APPROVED,Official/primary source authority is relevant to the feature domain; feature-specific requirements remain governed by the canonical dossier and Pass B/C contracts.,2026-08-31
PFD-MAP-F291-1,F291,Returns,Point of Sale,MS_COMMERCE,Microsoft,Dynamics 365 Commerce POS,Online and offline POS operations,https://learn.microsoft.com/en-us/dynamics365/commerce/pos-operations,"POS operations, checkout, returns and online/offline operation behavior.",pos,1,APPROVED,Official/primary source authority is relevant to the feature domain; feature-specific requirements remain governed by the canonical dossier and Pass B/C contracts.,2026-08-31
PFD-MAP-F291-2,F291,Returns,Point of Sale,ORACLE_XSTORE,Oracle,Oracle Retail Xstore POS,Oracle Retail Xstore Point of Service documentation,https://docs.oracle.com/en/industries/retail/retail-xstore-point-of-service/,"Retail store/register/till, scanning, tender, receipt and return workflows.",pos,2,APPROVED,Official/primary source authority is relevant to the feature domain; feature-specific requirements remain governed by the canonical dossier and Pass B/C contracts.,2026-08-31
PFD-MAP-F292-1,F292,Refunds,Point of Sale,MS_COMMERCE,Microsoft,Dynamics 365 Commerce POS,Online and offline POS operations,https://learn.microsoft.com/en-us/dynamics365/commerce/pos-operations,"POS operations, checkout, returns and online/offline operation behavior.",money_movement,1,APPROVED,Official/primary source authority is relevant to the feature domain; feature-specific requirements remain governed by the canonical dossier and Pass B/C contracts.,2026-08-31
PFD-MAP-F292-2,F292,Refunds,Point of Sale,NPCI_UPI,NPCI,UPI,UPI product overview,https://www.npci.org.in/what-we-do/upi/product-overview,UPI real-time payment-system behavior and external payment truth; relevant only to digital-payment/reconciliation scope.,money_movement,2,APPROVED,Official/primary source authority is relevant to the feature domain; feature-specific requirements remain governed by the canonical dossier and Pass B/C contracts.,2026-08-31
PFD-MAP-F293-1,F293,Exchanges,Point of Sale,MS_COMMERCE,Microsoft,Dynamics 365 Commerce POS,Online and offline POS operations,https://learn.microsoft.com/en-us/dynamics365/commerce/pos-operations,"POS operations, checkout, returns and online/offline operation behavior.",pos,1,APPROVED,Official/primary source authority is relevant to the feature domain; feature-specific requirements remain governed by the canonical dossier and Pass B/C contracts.,2026-08-31
PFD-MAP-F293-2,F293,Exchanges,Point of Sale,ORACLE_XSTORE,Oracle,Oracle Retail Xstore POS,Oracle Retail Xstore Point of Service documentation,https://docs.oracle.com/en/industries/retail/retail-xstore-point-of-service/,"Retail store/register/till, scanning, tender, receipt and return workflows.",pos,2,APPROVED,Official/primary source authority is relevant to the feature domain; feature-specific requirements remain governed by the canonical dossier and Pass B/C contracts.,2026-08-31
PFD-MAP-F294-1,F294,Stock reduction,Point of Sale,MS_COMMERCE,Microsoft,Dynamics 365 Commerce POS,Online and offline POS operations,https://learn.microsoft.com/en-us/dynamics365/commerce/pos-operations,"POS operations, checkout, returns and online/offline operation behavior.",pos,1,APPROVED,Official/primary source authority is relevant to the feature domain; feature-specific requirements remain governed by the canonical dossier and Pass B/C contracts.,2026-08-31
PFD-MAP-F294-2,F294,Stock reduction,Point of Sale,ORACLE_XSTORE,Oracle,Oracle Retail Xstore POS,Oracle Retail Xstore Point of Service documentation,https://docs.oracle.com/en/industries/retail/retail-xstore-point-of-service/,"Retail store/register/till, scanning, tender, receipt and return workflows.",pos,2,APPROVED,Official/primary source authority is relevant to the feature domain; feature-specific requirements remain governed by the canonical dossier and Pass B/C contracts.,2026-08-31
PFD-MAP-F295-1,F295,Lot / serial support where required,Point of Sale,MS_COMMERCE,Microsoft,Dynamics 365 Commerce POS,Online and offline POS operations,https://learn.microsoft.com/en-us/dynamics365/commerce/pos-operations,"POS operations, checkout, returns and online/offline operation behavior.",pos,1,APPROVED,Official/primary source authority is relevant to the feature domain; feature-specific requirements remain governed by the canonical dossier and Pass B/C contracts.,2026-08-31
PFD-MAP-F295-2,F295,Lot / serial support where required,Point of Sale,ORACLE_XSTORE,Oracle,Oracle Retail Xstore POS,Oracle Retail Xstore Point of Service documentation,https://docs.oracle.com/en/industries/retail/retail-xstore-point-of-service/,"Retail store/register/till, scanning, tender, receipt and return workflows.",pos,2,APPROVED,Official/primary source authority is relevant to the feature domain; feature-specific requirements remain governed by the canonical dossier and Pass B/C contracts.,2026-08-31
PFD-MAP-F296-1,F296,Real-time inventory,Point of Sale,MS_COMMERCE,Microsoft,Dynamics 365 Commerce POS,Online and offline POS operations,https://learn.microsoft.com/en-us/dynamics365/commerce/pos-operations,"POS operations, checkout, returns and online/offline operation behavior.",pos,1,APPROVED,Official/primary source authority is relevant to the feature domain; feature-specific requirements remain governed by the canonical dossier and Pass B/C contracts.,2026-08-31
PFD-MAP-F296-2,F296,Real-time inventory,Point of Sale,ORACLE_XSTORE,Oracle,Oracle Retail Xstore POS,Oracle Retail Xstore Point of Service documentation,https://docs.oracle.com/en/industries/retail/retail-xstore-point-of-service/,"Retail store/register/till, scanning, tender, receipt and return workflows.",pos,2,APPROVED,Official/primary source authority is relevant to the feature domain; feature-specific requirements remain governed by the canonical dossier and Pass B/C contracts.,2026-08-31
PFD-MAP-F297-1,F297,Offline POS,Point of Sale,MS_COMMERCE,Microsoft,Dynamics 365 Commerce POS,Online and offline POS operations,https://learn.microsoft.com/en-us/dynamics365/commerce/pos-operations,"POS operations, checkout, returns and online/offline operation behavior.",pos,1,APPROVED,Official/primary source authority is relevant to the feature domain; feature-specific requirements remain governed by the canonical dossier and Pass B/C contracts.,2026-08-31
PFD-MAP-F297-2,F297,Offline POS,Point of Sale,ORACLE_XSTORE,Oracle,Oracle Retail Xstore POS,Oracle Retail Xstore Point of Service documentation,https://docs.oracle.com/en/industries/retail/retail-xstore-point-of-service/,"Retail store/register/till, scanning, tender, receipt and return workflows.",pos,2,APPROVED,Official/primary source authority is relevant to the feature domain; feature-specific requirements remain governed by the canonical dossier and Pass B/C contracts.,2026-08-31
PFD-MAP-F298-1,F298,Offline-to-online synchronization,Point of Sale,MS_COMMERCE,Microsoft,Dynamics 365 Commerce POS,Online and offline POS operations,https://learn.microsoft.com/en-us/dynamics365/commerce/pos-operations,"POS operations, checkout, returns and online/offline operation behavior.",pos,1,APPROVED,Official/primary source authority is relevant to the feature domain; feature-specific requirements remain governed by the canonical dossier and Pass B/C contracts.,2026-08-31
PFD-MAP-F298-2,F298,Offline-to-online synchronization,Point of Sale,ORACLE_XSTORE,Oracle,Oracle Retail Xstore POS,Oracle Retail Xstore Point of Service documentation,https://docs.oracle.com/en/industries/retail/retail-xstore-point-of-service/,"Retail store/register/till, scanning, tender, receipt and return workflows.",pos,2,APPROVED,Official/primary source authority is relevant to the feature domain; feature-specific requirements remain governed by the canonical dossier and Pass B/C contracts.,2026-08-31
PFD-MAP-F299-1,F299,Cash drawer opening balance,Point of Sale,MS_COMMERCE,Microsoft,Dynamics 365 Commerce POS,Online and offline POS operations,https://learn.microsoft.com/en-us/dynamics365/commerce/pos-operations,"POS operations, checkout, returns and online/offline operation behavior.",money_movement,1,APPROVED,Official/primary source authority is relevant to the feature domain; feature-specific requirements remain governed by the canonical dossier and Pass B/C contracts.,2026-08-31
PFD-MAP-F299-2,F299,Cash drawer opening balance,Point of Sale,ORACLE_XSTORE,Oracle,Oracle Retail Xstore POS,Oracle Retail Xstore Point of Service documentation,https://docs.oracle.com/en/industries/retail/retail-xstore-point-of-service/,"Retail store/register/till, scanning, tender, receipt and return workflows.",money_movement,2,APPROVED,Official/primary source authority is relevant to the feature domain; feature-specific requirements remain governed by the canonical dossier and Pass B/C contracts.,2026-08-31
PFD-MAP-F300-1,F300,Cash movements,Point of Sale,MS_COMMERCE,Microsoft,Dynamics 365 Commerce POS,Online and offline POS operations,https://learn.microsoft.com/en-us/dynamics365/commerce/pos-operations,"POS operations, checkout, returns and online/offline operation behavior.",money_movement,1,APPROVED,Official/primary source authority is relevant to the feature domain; feature-specific requirements remain governed by the canonical dossier and Pass B/C contracts.,2026-08-31
PFD-MAP-F300-2,F300,Cash movements,Point of Sale,ORACLE_XSTORE,Oracle,Oracle Retail Xstore POS,Oracle Retail Xstore Point of Service documentation,https://docs.oracle.com/en/industries/retail/retail-xstore-point-of-service/,"Retail store/register/till, scanning, tender, receipt and return workflows.",money_movement,2,APPROVED,Official/primary source authority is relevant to the feature domain; feature-specific requirements remain governed by the canonical dossier and Pass B/C contracts.,2026-08-31
PFD-MAP-F301-1,F301,Shift opening,Point of Sale,MS_COMMERCE,Microsoft,Dynamics 365 Commerce POS,Online and offline POS operations,https://learn.microsoft.com/en-us/dynamics365/commerce/pos-operations,"POS operations, checkout, returns and online/offline operation behavior.",pos,1,APPROVED,Official/primary source authority is relevant to the feature domain; feature-specific requirements remain governed by the canonical dossier and Pass B/C contracts.,2026-08-31
PFD-MAP-F301-2,F301,Shift opening,Point of Sale,ORACLE_XSTORE,Oracle,Oracle Retail Xstore POS,Oracle Retail Xstore Point of Service documentation,https://docs.oracle.com/en/industries/retail/retail-xstore-point-of-service/,"Retail store/register/till, scanning, tender, receipt and return workflows.",pos,2,APPROVED,Official/primary source authority is relevant to the feature domain; feature-specific requirements remain governed by the canonical dossier and Pass B/C contracts.,2026-08-31
PFD-MAP-F302-1,F302,Shift closing,Point of Sale,MS_COMMERCE,Microsoft,Dynamics 365 Commerce POS,Online and offline POS operations,https://learn.microsoft.com/en-us/dynamics365/commerce/pos-operations,"POS operations, checkout, returns and online/offline operation behavior.",pos,1,APPROVED,Official/primary source authority is relevant to the feature domain; feature-specific requirements remain governed by the canonical dossier and Pass B/C contracts.,2026-08-31
PFD-MAP-F302-2,F302,Shift closing,Point of Sale,ORACLE_XSTORE,Oracle,Oracle Retail Xstore POS,Oracle Retail Xstore Point of Service documentation,https://docs.oracle.com/en/industries/retail/retail-xstore-point-of-service/,"Retail store/register/till, scanning, tender, receipt and return workflows.",pos,2,APPROVED,Official/primary source authority is relevant to the feature domain; feature-specific requirements remain governed by the canonical dossier and Pass B/C contracts.,2026-08-31
PFD-MAP-F303-1,F303,Day-end / Z report,Point of Sale,MS_COMMERCE,Microsoft,Dynamics 365 Commerce POS,Online and offline POS operations,https://learn.microsoft.com/en-us/dynamics365/commerce/pos-operations,"POS operations, checkout, returns and online/offline operation behavior.",pos,1,APPROVED,Official/primary source authority is relevant to the feature domain; feature-specific requirements remain governed by the canonical dossier and Pass B/C contracts.,2026-08-31
PFD-MAP-F303-2,F303,Day-end / Z report,Point of Sale,ORACLE_XSTORE,Oracle,Oracle Retail Xstore POS,Oracle Retail Xstore Point of Service documentation,https://docs.oracle.com/en/industries/retail/retail-xstore-point-of-service/,"Retail store/register/till, scanning, tender, receipt and return workflows.",pos,2,APPROVED,Official/primary source authority is relevant to the feature domain; feature-specific requirements remain governed by the canonical dossier and Pass B/C contracts.,2026-08-31
PFD-MAP-F304-1,F304,Payment reconciliation,Point of Sale,MS_COMMERCE,Microsoft,Dynamics 365 Commerce POS,Online and offline POS operations,https://learn.microsoft.com/en-us/dynamics365/commerce/pos-operations,"POS operations, checkout, returns and online/offline operation behavior.",money_movement,1,APPROVED,Official/primary source authority is relevant to the feature domain; feature-specific requirements remain governed by the canonical dossier and Pass B/C contracts.,2026-08-31
PFD-MAP-F304-2,F304,Payment reconciliation,Point of Sale,NPCI_UPI,NPCI,UPI,UPI product overview,https://www.npci.org.in/what-we-do/upi/product-overview,UPI real-time payment-system behavior and external payment truth; relevant only to digital-payment/reconciliation scope.,money_movement,2,APPROVED,Official/primary source authority is relevant to the feature domain; feature-specific requirements remain governed by the canonical dossier and Pass B/C contracts.,2026-08-31
PFD-MAP-F305-1,F305,POS accounting posting,Point of Sale,MS_COMMERCE,Microsoft,Dynamics 365 Commerce POS,Online and offline POS operations,https://learn.microsoft.com/en-us/dynamics365/commerce/pos-operations,"POS operations, checkout, returns and online/offline operation behavior.",pos,1,APPROVED,Official/primary source authority is relevant to the feature domain; feature-specific requirements remain governed by the canonical dossier and Pass B/C contracts.,2026-08-31
PFD-MAP-F305-2,F305,POS accounting posting,Point of Sale,NPCI_UPI,NPCI,UPI,UPI product overview,https://www.npci.org.in/what-we-do/upi/product-overview,UPI real-time payment-system behavior and external payment truth; relevant only to digital-payment/reconciliation scope.,pos,2,APPROVED,Official/primary source authority is relevant to the feature domain; feature-specific requirements remain governed by the canonical dossier and Pass B/C contracts.,2026-08-31
PFD-MAP-F306-1,F306,Loyalty,Point of Sale,MS_COMMERCE,Microsoft,Dynamics 365 Commerce POS,Online and offline POS operations,https://learn.microsoft.com/en-us/dynamics365/commerce/pos-operations,"POS operations, checkout, returns and online/offline operation behavior.",pos,1,APPROVED,Official/primary source authority is relevant to the feature domain; feature-specific requirements remain governed by the canonical dossier and Pass B/C contracts.,2026-08-31
PFD-MAP-F306-2,F306,Loyalty,Point of Sale,ORACLE_XSTORE,Oracle,Oracle Retail Xstore POS,Oracle Retail Xstore Point of Service documentation,https://docs.oracle.com/en/industries/retail/retail-xstore-point-of-service/,"Retail store/register/till, scanning, tender, receipt and return workflows.",pos,2,APPROVED,Official/primary source authority is relevant to the feature domain; feature-specific requirements remain governed by the canonical dossier and Pass B/C contracts.,2026-08-31
PFD-MAP-F307-1,F307,POS sales analytics,Point of Sale,MS_COMMERCE,Microsoft,Dynamics 365 Commerce POS,Online and offline POS operations,https://learn.microsoft.com/en-us/dynamics365/commerce/pos-operations,"POS operations, checkout, returns and online/offline operation behavior.",analytics,1,APPROVED,Official/primary source authority is relevant to the feature domain; feature-specific requirements remain governed by the canonical dossier and Pass B/C contracts.,2026-08-31
PFD-MAP-F307-2,F307,POS sales analytics,Point of Sale,ORACLE_XSTORE,Oracle,Oracle Retail Xstore POS,Oracle Retail Xstore Point of Service documentation,https://docs.oracle.com/en/industries/retail/retail-xstore-point-of-service/,"Retail store/register/till, scanning, tender, receipt and return workflows.",analytics,2,APPROVED,Official/primary source authority is relevant to the feature domain; feature-specific requirements remain governed by the canonical dossier and Pass B/C contracts.,2026-08-31
PFD-MAP-F308-1,F308,Quality standards,Quality,MS_QUALITY,Microsoft,Dynamics 365 Supply Chain Management Quality,Quality and nonconformance management overview,https://learn.microsoft.com/en-us/dynamics365/supply-chain/inventory/quality-management-processes,"Quality testing, nonconformance and controlled quality-management processes.",master_config,1,APPROVED,Official/primary source authority is relevant to the feature domain; feature-specific requirements remain governed by the canonical dossier and Pass B/C contracts.,2026-08-31
PFD-MAP-F308-2,F308,Quality standards,Quality,ODOO_QUALITY,Odoo,Odoo 19 Quality,Odoo 19 Quality documentation,https://www.odoo.com/documentation/19.0/applications/inventory_and_mrp/quality.html,"Quality control points, checks, alerts and inspection-oriented workflows.",master_config,2,APPROVED,Official/primary source authority is relevant to the feature domain; feature-specific requirements remain governed by the canonical dossier and Pass B/C contracts.,2026-08-31
PFD-MAP-F309-1,F309,Inspection specifications,Quality,MS_QUALITY,Microsoft,Dynamics 365 Supply Chain Management Quality,Quality and nonconformance management overview,https://learn.microsoft.com/en-us/dynamics365/supply-chain/inventory/quality-management-processes,"Quality testing, nonconformance and controlled quality-management processes.",quality,1,APPROVED,Official/primary source authority is relevant to the feature domain; feature-specific requirements remain governed by the canonical dossier and Pass B/C contracts.,2026-08-31
PFD-MAP-F309-2,F309,Inspection specifications,Quality,ODOO_QUALITY,Odoo,Odoo 19 Quality,Odoo 19 Quality documentation,https://www.odoo.com/documentation/19.0/applications/inventory_and_mrp/quality.html,"Quality control points, checks, alerts and inspection-oriented workflows.",quality,2,APPROVED,Official/primary source authority is relevant to the feature domain; feature-specific requirements remain governed by the canonical dossier and Pass B/C contracts.,2026-08-31
PFD-MAP-F310-1,F310,Quality plans,Quality,MS_QUALITY,Microsoft,Dynamics 365 Supply Chain Management Quality,Quality and nonconformance management overview,https://learn.microsoft.com/en-us/dynamics365/supply-chain/inventory/quality-management-processes,"Quality testing, nonconformance and controlled quality-management processes.",master_config,1,APPROVED,Official/primary source authority is relevant to the feature domain; feature-specific requirements remain governed by the canonical dossier and Pass B/C contracts.,2026-08-31
PFD-MAP-F310-2,F310,Quality plans,Quality,ODOO_QUALITY,Odoo,Odoo 19 Quality,Odoo 19 Quality documentation,https://www.odoo.com/documentation/19.0/applications/inventory_and_mrp/quality.html,"Quality control points, checks, alerts and inspection-oriented workflows.",master_config,2,APPROVED,Official/primary source authority is relevant to the feature domain; feature-specific requirements remain governed by the canonical dossier and Pass B/C contracts.,2026-08-31
PFD-MAP-F311-1,F311,Quality control points,Quality,MS_QUALITY,Microsoft,Dynamics 365 Supply Chain Management Quality,Quality and nonconformance management overview,https://learn.microsoft.com/en-us/dynamics365/supply-chain/inventory/quality-management-processes,"Quality testing, nonconformance and controlled quality-management processes.",operational,1,APPROVED,Official/primary source authority is relevant to the feature domain; feature-specific requirements remain governed by the canonical dossier and Pass B/C contracts.,2026-08-31
PFD-MAP-F311-2,F311,Quality control points,Quality,ODOO_QUALITY,Odoo,Odoo 19 Quality,Odoo 19 Quality documentation,https://www.odoo.com/documentation/19.0/applications/inventory_and_mrp/quality.html,"Quality control points, checks, alerts and inspection-oriented workflows.",operational,2,APPROVED,Official/primary source authority is relevant to the feature domain; feature-specific requirements remain governed by the canonical dossier and Pass B/C contracts.,2026-08-31
PFD-MAP-F312-1,F312,Incoming inspection,Quality,MS_QUALITY,Microsoft,Dynamics 365 Supply Chain Management Quality,Quality and nonconformance management overview,https://learn.microsoft.com/en-us/dynamics365/supply-chain/inventory/quality-management-processes,"Quality testing, nonconformance and controlled quality-management processes.",quality,1,APPROVED,Official/primary source authority is relevant to the feature domain; feature-specific requirements remain governed by the canonical dossier and Pass B/C contracts.,2026-08-31
PFD-MAP-F312-2,F312,Incoming inspection,Quality,ODOO_QUALITY,Odoo,Odoo 19 Quality,Odoo 19 Quality documentation,https://www.odoo.com/documentation/19.0/applications/inventory_and_mrp/quality.html,"Quality control points, checks, alerts and inspection-oriented workflows.",quality,2,APPROVED,Official/primary source authority is relevant to the feature domain; feature-specific requirements remain governed by the canonical dossier and Pass B/C contracts.,2026-08-31
PFD-MAP-F313-1,F313,In-process inspection,Quality,MS_QUALITY,Microsoft,Dynamics 365 Supply Chain Management Quality,Quality and nonconformance management overview,https://learn.microsoft.com/en-us/dynamics365/supply-chain/inventory/quality-management-processes,"Quality testing, nonconformance and controlled quality-management processes.",quality,1,APPROVED,Official/primary source authority is relevant to the feature domain; feature-specific requirements remain governed by the canonical dossier and Pass B/C contracts.,2026-08-31
PFD-MAP-F313-2,F313,In-process inspection,Quality,ODOO_QUALITY,Odoo,Odoo 19 Quality,Odoo 19 Quality documentation,https://www.odoo.com/documentation/19.0/applications/inventory_and_mrp/quality.html,"Quality control points, checks, alerts and inspection-oriented workflows.",quality,2,APPROVED,Official/primary source authority is relevant to the feature domain; feature-specific requirements remain governed by the canonical dossier and Pass B/C contracts.,2026-08-31
PFD-MAP-F314-1,F314,Final inspection,Quality,MS_QUALITY,Microsoft,Dynamics 365 Supply Chain Management Quality,Quality and nonconformance management overview,https://learn.microsoft.com/en-us/dynamics365/supply-chain/inventory/quality-management-processes,"Quality testing, nonconformance and controlled quality-management processes.",quality,1,APPROVED,Official/primary source authority is relevant to the feature domain; feature-specific requirements remain governed by the canonical dossier and Pass B/C contracts.,2026-08-31
PFD-MAP-F314-2,F314,Final inspection,Quality,ODOO_QUALITY,Odoo,Odoo 19 Quality,Odoo 19 Quality documentation,https://www.odoo.com/documentation/19.0/applications/inventory_and_mrp/quality.html,"Quality control points, checks, alerts and inspection-oriented workflows.",quality,2,APPROVED,Official/primary source authority is relevant to the feature domain; feature-specific requirements remain governed by the canonical dossier and Pass B/C contracts.,2026-08-31
PFD-MAP-F315-1,F315,Sampling plans,Quality,MS_QUALITY,Microsoft,Dynamics 365 Supply Chain Management Quality,Quality and nonconformance management overview,https://learn.microsoft.com/en-us/dynamics365/supply-chain/inventory/quality-management-processes,"Quality testing, nonconformance and controlled quality-management processes.",quality,1,APPROVED,Official/primary source authority is relevant to the feature domain; feature-specific requirements remain governed by the canonical dossier and Pass B/C contracts.,2026-08-31
PFD-MAP-F315-2,F315,Sampling plans,Quality,ODOO_QUALITY,Odoo,Odoo 19 Quality,Odoo 19 Quality documentation,https://www.odoo.com/documentation/19.0/applications/inventory_and_mrp/quality.html,"Quality control points, checks, alerts and inspection-oriented workflows.",quality,2,APPROVED,Official/primary source authority is relevant to the feature domain; feature-specific requirements remain governed by the canonical dossier and Pass B/C contracts.,2026-08-31
PFD-MAP-F316-1,F316,Measurement checks,Quality,MS_QUALITY,Microsoft,Dynamics 365 Supply Chain Management Quality,Quality and nonconformance management overview,https://learn.microsoft.com/en-us/dynamics365/supply-chain/inventory/quality-management-processes,"Quality testing, nonconformance and controlled quality-management processes.",quality,1,APPROVED,Official/primary source authority is relevant to the feature domain; feature-specific requirements remain governed by the canonical dossier and Pass B/C contracts.,2026-08-31
PFD-MAP-F316-2,F316,Measurement checks,Quality,ODOO_QUALITY,Odoo,Odoo 19 Quality,Odoo 19 Quality documentation,https://www.odoo.com/documentation/19.0/applications/inventory_and_mrp/quality.html,"Quality control points, checks, alerts and inspection-oriented workflows.",quality,2,APPROVED,Official/primary source authority is relevant to the feature domain; feature-specific requirements remain governed by the canonical dossier and Pass B/C contracts.,2026-08-31
PFD-MAP-F317-1,F317,Pass / fail checks,Quality,MS_QUALITY,Microsoft,Dynamics 365 Supply Chain Management Quality,Quality and nonconformance management overview,https://learn.microsoft.com/en-us/dynamics365/supply-chain/inventory/quality-management-processes,"Quality testing, nonconformance and controlled quality-management processes.",operational,1,APPROVED,Official/primary source authority is relevant to the feature domain; feature-specific requirements remain governed by the canonical dossier and Pass B/C contracts.,2026-08-31
PFD-MAP-F317-2,F317,Pass / fail checks,Quality,ODOO_QUALITY,Odoo,Odoo 19 Quality,Odoo 19 Quality documentation,https://www.odoo.com/documentation/19.0/applications/inventory_and_mrp/quality.html,"Quality control points, checks, alerts and inspection-oriented workflows.",operational,2,APPROVED,Official/primary source authority is relevant to the feature domain; feature-specific requirements remain governed by the canonical dossier and Pass B/C contracts.,2026-08-31
PFD-MAP-F318-1,F318,Tolerances,Quality,MS_QUALITY,Microsoft,Dynamics 365 Supply Chain Management Quality,Quality and nonconformance management overview,https://learn.microsoft.com/en-us/dynamics365/supply-chain/inventory/quality-management-processes,"Quality testing, nonconformance and controlled quality-management processes.",quality,1,APPROVED,Official/primary source authority is relevant to the feature domain; feature-specific requirements remain governed by the canonical dossier and Pass B/C contracts.,2026-08-31
PFD-MAP-F318-2,F318,Tolerances,Quality,ODOO_QUALITY,Odoo,Odoo 19 Quality,Odoo 19 Quality documentation,https://www.odoo.com/documentation/19.0/applications/inventory_and_mrp/quality.html,"Quality control points, checks, alerts and inspection-oriented workflows.",quality,2,APPROVED,Official/primary source authority is relevant to the feature domain; feature-specific requirements remain governed by the canonical dossier and Pass B/C contracts.,2026-08-31
PFD-MAP-F319-1,F319,Inspection results,Quality,MS_QUALITY,Microsoft,Dynamics 365 Supply Chain Management Quality,Quality and nonconformance management overview,https://learn.microsoft.com/en-us/dynamics365/supply-chain/inventory/quality-management-processes,"Quality testing, nonconformance and controlled quality-management processes.",quality,1,APPROVED,Official/primary source authority is relevant to the feature domain; feature-specific requirements remain governed by the canonical dossier and Pass B/C contracts.,2026-08-31
PFD-MAP-F319-2,F319,Inspection results,Quality,ODOO_QUALITY,Odoo,Odoo 19 Quality,Odoo 19 Quality documentation,https://www.odoo.com/documentation/19.0/applications/inventory_and_mrp/quality.html,"Quality control points, checks, alerts and inspection-oriented workflows.",quality,2,APPROVED,Official/primary source authority is relevant to the feature domain; feature-specific requirements remain governed by the canonical dossier and Pass B/C contracts.,2026-08-31
PFD-MAP-F320-1,F320,Defect recording,Quality,MS_QUALITY,Microsoft,Dynamics 365 Supply Chain Management Quality,Quality and nonconformance management overview,https://learn.microsoft.com/en-us/dynamics365/supply-chain/inventory/quality-management-processes,"Quality testing, nonconformance and controlled quality-management processes.",quality,1,APPROVED,Official/primary source authority is relevant to the feature domain; feature-specific requirements remain governed by the canonical dossier and Pass B/C contracts.,2026-08-31
PFD-MAP-F320-2,F320,Defect recording,Quality,ODOO_QUALITY,Odoo,Odoo 19 Quality,Odoo 19 Quality documentation,https://www.odoo.com/documentation/19.0/applications/inventory_and_mrp/quality.html,"Quality control points, checks, alerts and inspection-oriented workflows.",quality,2,APPROVED,Official/primary source authority is relevant to the feature domain; feature-specific requirements remain governed by the canonical dossier and Pass B/C contracts.,2026-08-31
PFD-MAP-F321-1,F321,Non-conformance / NCR,Quality,MS_QUALITY,Microsoft,Dynamics 365 Supply Chain Management Quality,Quality and nonconformance management overview,https://learn.microsoft.com/en-us/dynamics365/supply-chain/inventory/quality-management-processes,"Quality testing, nonconformance and controlled quality-management processes.",quality,1,APPROVED,Official/primary source authority is relevant to the feature domain; feature-specific requirements remain governed by the canonical dossier and Pass B/C contracts.,2026-08-31
PFD-MAP-F321-2,F321,Non-conformance / NCR,Quality,ODOO_QUALITY,Odoo,Odoo 19 Quality,Odoo 19 Quality documentation,https://www.odoo.com/documentation/19.0/applications/inventory_and_mrp/quality.html,"Quality control points, checks, alerts and inspection-oriented workflows.",quality,2,APPROVED,Official/primary source authority is relevant to the feature domain; feature-specific requirements remain governed by the canonical dossier and Pass B/C contracts.,2026-08-31
PFD-MAP-F322-1,F322,Quality hold,Quality,MS_QUALITY,Microsoft,Dynamics 365 Supply Chain Management Quality,Quality and nonconformance management overview,https://learn.microsoft.com/en-us/dynamics365/supply-chain/inventory/quality-management-processes,"Quality testing, nonconformance and controlled quality-management processes.",quality,1,APPROVED,Official/primary source authority is relevant to the feature domain; feature-specific requirements remain governed by the canonical dossier and Pass B/C contracts.,2026-08-31
PFD-MAP-F322-2,F322,Quality hold,Quality,ODOO_QUALITY,Odoo,Odoo 19 Quality,Odoo 19 Quality documentation,https://www.odoo.com/documentation/19.0/applications/inventory_and_mrp/quality.html,"Quality control points, checks, alerts and inspection-oriented workflows.",quality,2,APPROVED,Official/primary source authority is relevant to the feature domain; feature-specific requirements remain governed by the canonical dossier and Pass B/C contracts.,2026-08-31
PFD-MAP-F323-1,F323,Quality hold must block stock movement,Quality,MS_QUALITY,Microsoft,Dynamics 365 Supply Chain Management Quality,Quality and nonconformance management overview,https://learn.microsoft.com/en-us/dynamics365/supply-chain/inventory/quality-management-processes,"Quality testing, nonconformance and controlled quality-management processes.",quality,1,APPROVED,Official/primary source authority is relevant to the feature domain; feature-specific requirements remain governed by the canonical dossier and Pass B/C contracts.,2026-08-31
PFD-MAP-F323-2,F323,Quality hold must block stock movement,Quality,ODOO_QUALITY,Odoo,Odoo 19 Quality,Odoo 19 Quality documentation,https://www.odoo.com/documentation/19.0/applications/inventory_and_mrp/quality.html,"Quality control points, checks, alerts and inspection-oriented workflows.",quality,2,APPROVED,Official/primary source authority is relevant to the feature domain; feature-specific requirements remain governed by the canonical dossier and Pass B/C contracts.,2026-08-31
PFD-MAP-F324-1,F324,Hold release,Quality,MS_QUALITY,Microsoft,Dynamics 365 Supply Chain Management Quality,Quality and nonconformance management overview,https://learn.microsoft.com/en-us/dynamics365/supply-chain/inventory/quality-management-processes,"Quality testing, nonconformance and controlled quality-management processes.",decision,1,APPROVED,Official/primary source authority is relevant to the feature domain; feature-specific requirements remain governed by the canonical dossier and Pass B/C contracts.,2026-08-31
PFD-MAP-F324-2,F324,Hold release,Quality,ODOO_QUALITY,Odoo,Odoo 19 Quality,Odoo 19 Quality documentation,https://www.odoo.com/documentation/19.0/applications/inventory_and_mrp/quality.html,"Quality control points, checks, alerts and inspection-oriented workflows.",decision,2,APPROVED,Official/primary source authority is relevant to the feature domain; feature-specific requirements remain governed by the canonical dossier and Pass B/C contracts.,2026-08-31
PFD-MAP-F325-1,F325,Disposition,Quality,MS_QUALITY,Microsoft,Dynamics 365 Supply Chain Management Quality,Quality and nonconformance management overview,https://learn.microsoft.com/en-us/dynamics365/supply-chain/inventory/quality-management-processes,"Quality testing, nonconformance and controlled quality-management processes.",decision,1,APPROVED,Official/primary source authority is relevant to the feature domain; feature-specific requirements remain governed by the canonical dossier and Pass B/C contracts.,2026-08-31
PFD-MAP-F325-2,F325,Disposition,Quality,ODOO_QUALITY,Odoo,Odoo 19 Quality,Odoo 19 Quality documentation,https://www.odoo.com/documentation/19.0/applications/inventory_and_mrp/quality.html,"Quality control points, checks, alerts and inspection-oriented workflows.",decision,2,APPROVED,Official/primary source authority is relevant to the feature domain; feature-specific requirements remain governed by the canonical dossier and Pass B/C contracts.,2026-08-31
PFD-MAP-F326-1,F326,Rework,Quality,MS_QUALITY,Microsoft,Dynamics 365 Supply Chain Management Quality,Quality and nonconformance management overview,https://learn.microsoft.com/en-us/dynamics365/supply-chain/inventory/quality-management-processes,"Quality testing, nonconformance and controlled quality-management processes.",operational,1,APPROVED,Official/primary source authority is relevant to the feature domain; feature-specific requirements remain governed by the canonical dossier and Pass B/C contracts.,2026-08-31
PFD-MAP-F326-2,F326,Rework,Quality,ODOO_QUALITY,Odoo,Odoo 19 Quality,Odoo 19 Quality documentation,https://www.odoo.com/documentation/19.0/applications/inventory_and_mrp/quality.html,"Quality control points, checks, alerts and inspection-oriented workflows.",operational,2,APPROVED,Official/primary source authority is relevant to the feature domain; feature-specific requirements remain governed by the canonical dossier and Pass B/C contracts.,2026-08-31
PFD-MAP-F327-1,F327,Scrap,Quality,MS_QUALITY,Microsoft,Dynamics 365 Supply Chain Management Quality,Quality and nonconformance management overview,https://learn.microsoft.com/en-us/dynamics365/supply-chain/inventory/quality-management-processes,"Quality testing, nonconformance and controlled quality-management processes.",operational,1,APPROVED,Official/primary source authority is relevant to the feature domain; feature-specific requirements remain governed by the canonical dossier and Pass B/C contracts.,2026-08-31
PFD-MAP-F327-2,F327,Scrap,Quality,ODOO_QUALITY,Odoo,Odoo 19 Quality,Odoo 19 Quality documentation,https://www.odoo.com/documentation/19.0/applications/inventory_and_mrp/quality.html,"Quality control points, checks, alerts and inspection-oriented workflows.",operational,2,APPROVED,Official/primary source authority is relevant to the feature domain; feature-specific requirements remain governed by the canonical dossier and Pass B/C contracts.,2026-08-31
PFD-MAP-F328-1,F328,Return to supplier,Quality,MS_QUALITY,Microsoft,Dynamics 365 Supply Chain Management Quality,Quality and nonconformance management overview,https://learn.microsoft.com/en-us/dynamics365/supply-chain/inventory/quality-management-processes,"Quality testing, nonconformance and controlled quality-management processes.",operational,1,APPROVED,Official/primary source authority is relevant to the feature domain; feature-specific requirements remain governed by the canonical dossier and Pass B/C contracts.,2026-08-31
PFD-MAP-F328-2,F328,Return to supplier,Quality,ODOO_QUALITY,Odoo,Odoo 19 Quality,Odoo 19 Quality documentation,https://www.odoo.com/documentation/19.0/applications/inventory_and_mrp/quality.html,"Quality control points, checks, alerts and inspection-oriented workflows.",operational,2,APPROVED,Official/primary source authority is relevant to the feature domain; feature-specific requirements remain governed by the canonical dossier and Pass B/C contracts.,2026-08-31
PFD-MAP-F329-1,F329,Use-as-is approval,Quality,MS_QUALITY,Microsoft,Dynamics 365 Supply Chain Management Quality,Quality and nonconformance management overview,https://learn.microsoft.com/en-us/dynamics365/supply-chain/inventory/quality-management-processes,"Quality testing, nonconformance and controlled quality-management processes.",decision,1,APPROVED,Official/primary source authority is relevant to the feature domain; feature-specific requirements remain governed by the canonical dossier and Pass B/C contracts.,2026-08-31
PFD-MAP-F329-2,F329,Use-as-is approval,Quality,ODOO_QUALITY,Odoo,Odoo 19 Quality,Odoo 19 Quality documentation,https://www.odoo.com/documentation/19.0/applications/inventory_and_mrp/quality.html,"Quality control points, checks, alerts and inspection-oriented workflows.",decision,2,APPROVED,Official/primary source authority is relevant to the feature domain; feature-specific requirements remain governed by the canonical dossier and Pass B/C contracts.,2026-08-31
PFD-MAP-F330-1,F330,Root-cause analysis,Quality,MS_QUALITY,Microsoft,Dynamics 365 Supply Chain Management Quality,Quality and nonconformance management overview,https://learn.microsoft.com/en-us/dynamics365/supply-chain/inventory/quality-management-processes,"Quality testing, nonconformance and controlled quality-management processes.",analytics,1,APPROVED,Official/primary source authority is relevant to the feature domain; feature-specific requirements remain governed by the canonical dossier and Pass B/C contracts.,2026-08-31
PFD-MAP-F330-2,F330,Root-cause analysis,Quality,ODOO_QUALITY,Odoo,Odoo 19 Quality,Odoo 19 Quality documentation,https://www.odoo.com/documentation/19.0/applications/inventory_and_mrp/quality.html,"Quality control points, checks, alerts and inspection-oriented workflows.",analytics,2,APPROVED,Official/primary source authority is relevant to the feature domain; feature-specific requirements remain governed by the canonical dossier and Pass B/C contracts.,2026-08-31
PFD-MAP-F331-1,F331,CAPA,Quality,MS_QUALITY,Microsoft,Dynamics 365 Supply Chain Management Quality,Quality and nonconformance management overview,https://learn.microsoft.com/en-us/dynamics365/supply-chain/inventory/quality-management-processes,"Quality testing, nonconformance and controlled quality-management processes.",quality,1,APPROVED,Official/primary source authority is relevant to the feature domain; feature-specific requirements remain governed by the canonical dossier and Pass B/C contracts.,2026-08-31
PFD-MAP-F331-2,F331,CAPA,Quality,ODOO_QUALITY,Odoo,Odoo 19 Quality,Odoo 19 Quality documentation,https://www.odoo.com/documentation/19.0/applications/inventory_and_mrp/quality.html,"Quality control points, checks, alerts and inspection-oriented workflows.",quality,2,APPROVED,Official/primary source authority is relevant to the feature domain; feature-specific requirements remain governed by the canonical dossier and Pass B/C contracts.,2026-08-31
PFD-MAP-F332-1,F332,Corrective actions,Quality,MS_QUALITY,Microsoft,Dynamics 365 Supply Chain Management Quality,Quality and nonconformance management overview,https://learn.microsoft.com/en-us/dynamics365/supply-chain/inventory/quality-management-processes,"Quality testing, nonconformance and controlled quality-management processes.",operational,1,APPROVED,Official/primary source authority is relevant to the feature domain; feature-specific requirements remain governed by the canonical dossier and Pass B/C contracts.,2026-08-31
PFD-MAP-F332-2,F332,Corrective actions,Quality,ODOO_QUALITY,Odoo,Odoo 19 Quality,Odoo 19 Quality documentation,https://www.odoo.com/documentation/19.0/applications/inventory_and_mrp/quality.html,"Quality control points, checks, alerts and inspection-oriented workflows.",operational,2,APPROVED,Official/primary source authority is relevant to the feature domain; feature-specific requirements remain governed by the canonical dossier and Pass B/C contracts.,2026-08-31
PFD-MAP-F333-1,F333,Preventive actions,Quality,MS_QUALITY,Microsoft,Dynamics 365 Supply Chain Management Quality,Quality and nonconformance management overview,https://learn.microsoft.com/en-us/dynamics365/supply-chain/inventory/quality-management-processes,"Quality testing, nonconformance and controlled quality-management processes.",operational,1,APPROVED,Official/primary source authority is relevant to the feature domain; feature-specific requirements remain governed by the canonical dossier and Pass B/C contracts.,2026-08-31
PFD-MAP-F333-2,F333,Preventive actions,Quality,ODOO_QUALITY,Odoo,Odoo 19 Quality,Odoo 19 Quality documentation,https://www.odoo.com/documentation/19.0/applications/inventory_and_mrp/quality.html,"Quality control points, checks, alerts and inspection-oriented workflows.",operational,2,APPROVED,Official/primary source authority is relevant to the feature domain; feature-specific requirements remain governed by the canonical dossier and Pass B/C contracts.,2026-08-31
PFD-MAP-F334-1,F334,Supplier quality,Quality,MS_QUALITY,Microsoft,Dynamics 365 Supply Chain Management Quality,Quality and nonconformance management overview,https://learn.microsoft.com/en-us/dynamics365/supply-chain/inventory/quality-management-processes,"Quality testing, nonconformance and controlled quality-management processes.",operational,1,APPROVED,Official/primary source authority is relevant to the feature domain; feature-specific requirements remain governed by the canonical dossier and Pass B/C contracts.,2026-08-31
PFD-MAP-F334-2,F334,Supplier quality,Quality,ODOO_QUALITY,Odoo,Odoo 19 Quality,Odoo 19 Quality documentation,https://www.odoo.com/documentation/19.0/applications/inventory_and_mrp/quality.html,"Quality control points, checks, alerts and inspection-oriented workflows.",operational,2,APPROVED,Official/primary source authority is relevant to the feature domain; feature-specific requirements remain governed by the canonical dossier and Pass B/C contracts.,2026-08-31
PFD-MAP-F335-1,F335,Customer quality complaints,Quality,MS_QUALITY,Microsoft,Dynamics 365 Supply Chain Management Quality,Quality and nonconformance management overview,https://learn.microsoft.com/en-us/dynamics365/supply-chain/inventory/quality-management-processes,"Quality testing, nonconformance and controlled quality-management processes.",operational,1,APPROVED,Official/primary source authority is relevant to the feature domain; feature-specific requirements remain governed by the canonical dossier and Pass B/C contracts.,2026-08-31
PFD-MAP-F335-2,F335,Customer quality complaints,Quality,ODOO_QUALITY,Odoo,Odoo 19 Quality,Odoo 19 Quality documentation,https://www.odoo.com/documentation/19.0/applications/inventory_and_mrp/quality.html,"Quality control points, checks, alerts and inspection-oriented workflows.",operational,2,APPROVED,Official/primary source authority is relevant to the feature domain; feature-specific requirements remain governed by the canonical dossier and Pass B/C contracts.,2026-08-31
PFD-MAP-F336-1,F336,Calibration,Quality,MS_QUALITY,Microsoft,Dynamics 365 Supply Chain Management Quality,Quality and nonconformance management overview,https://learn.microsoft.com/en-us/dynamics365/supply-chain/inventory/quality-management-processes,"Quality testing, nonconformance and controlled quality-management processes.",quality,1,APPROVED,Official/primary source authority is relevant to the feature domain; feature-specific requirements remain governed by the canonical dossier and Pass B/C contracts.,2026-08-31
PFD-MAP-F336-2,F336,Calibration,Quality,ODOO_QUALITY,Odoo,Odoo 19 Quality,Odoo 19 Quality documentation,https://www.odoo.com/documentation/19.0/applications/inventory_and_mrp/quality.html,"Quality control points, checks, alerts and inspection-oriented workflows.",quality,2,APPROVED,Official/primary source authority is relevant to the feature domain; feature-specific requirements remain governed by the canonical dossier and Pass B/C contracts.,2026-08-31
PFD-MAP-F337-1,F337,Quality audits,Quality,MS_QUALITY,Microsoft,Dynamics 365 Supply Chain Management Quality,Quality and nonconformance management overview,https://learn.microsoft.com/en-us/dynamics365/supply-chain/inventory/quality-management-processes,"Quality testing, nonconformance and controlled quality-management processes.",quality,1,APPROVED,Official/primary source authority is relevant to the feature domain; feature-specific requirements remain governed by the canonical dossier and Pass B/C contracts.,2026-08-31
PFD-MAP-F337-2,F337,Quality audits,Quality,ODOO_QUALITY,Odoo,Odoo 19 Quality,Odoo 19 Quality documentation,https://www.odoo.com/documentation/19.0/applications/inventory_and_mrp/quality.html,"Quality control points, checks, alerts and inspection-oriented workflows.",quality,2,APPROVED,Official/primary source authority is relevant to the feature domain; feature-specific requirements remain governed by the canonical dossier and Pass B/C contracts.,2026-08-31
PFD-MAP-F338-1,F338,Certificate of Analysis,Quality,MS_QUALITY,Microsoft,Dynamics 365 Supply Chain Management Quality,Quality and nonconformance management overview,https://learn.microsoft.com/en-us/dynamics365/supply-chain/inventory/quality-management-processes,"Quality testing, nonconformance and controlled quality-management processes.",analytics,1,APPROVED,Official/primary source authority is relevant to the feature domain; feature-specific requirements remain governed by the canonical dossier and Pass B/C contracts.,2026-08-31
PFD-MAP-F338-2,F338,Certificate of Analysis,Quality,ODOO_QUALITY,Odoo,Odoo 19 Quality,Odoo 19 Quality documentation,https://www.odoo.com/documentation/19.0/applications/inventory_and_mrp/quality.html,"Quality control points, checks, alerts and inspection-oriented workflows.",analytics,2,APPROVED,Official/primary source authority is relevant to the feature domain; feature-specific requirements remain governed by the canonical dossier and Pass B/C contracts.,2026-08-31
PFD-MAP-F339-1,F339,Lot / batch traceability,Quality,MS_QUALITY,Microsoft,Dynamics 365 Supply Chain Management Quality,Quality and nonconformance management overview,https://learn.microsoft.com/en-us/dynamics365/supply-chain/inventory/quality-management-processes,"Quality testing, nonconformance and controlled quality-management processes.",quality,1,APPROVED,Official/primary source authority is relevant to the feature domain; feature-specific requirements remain governed by the canonical dossier and Pass B/C contracts.,2026-08-31
PFD-MAP-F339-2,F339,Lot / batch traceability,Quality,ODOO_QUALITY,Odoo,Odoo 19 Quality,Odoo 19 Quality documentation,https://www.odoo.com/documentation/19.0/applications/inventory_and_mrp/quality.html,"Quality control points, checks, alerts and inspection-oriented workflows.",quality,2,APPROVED,Official/primary source authority is relevant to the feature domain; feature-specific requirements remain governed by the canonical dossier and Pass B/C contracts.,2026-08-31
PFD-MAP-F340-1,F340,Quality documents,Quality,MS_QUALITY,Microsoft,Dynamics 365 Supply Chain Management Quality,Quality and nonconformance management overview,https://learn.microsoft.com/en-us/dynamics365/supply-chain/inventory/quality-management-processes,"Quality testing, nonconformance and controlled quality-management processes.",operational,1,APPROVED,Official/primary source authority is relevant to the feature domain; feature-specific requirements remain governed by the canonical dossier and Pass B/C contracts.,2026-08-31
PFD-MAP-F340-2,F340,Quality documents,Quality,ODOO_QUALITY,Odoo,Odoo 19 Quality,Odoo 19 Quality documentation,https://www.odoo.com/documentation/19.0/applications/inventory_and_mrp/quality.html,"Quality control points, checks, alerts and inspection-oriented workflows.",operational,2,APPROVED,Official/primary source authority is relevant to the feature domain; feature-specific requirements remain governed by the canonical dossier and Pass B/C contracts.,2026-08-31
PFD-MAP-F341-1,F341,Quality cost reporting,Quality,MS_QUALITY,Microsoft,Dynamics 365 Supply Chain Management Quality,Quality and nonconformance management overview,https://learn.microsoft.com/en-us/dynamics365/supply-chain/inventory/quality-management-processes,"Quality testing, nonconformance and controlled quality-management processes.",analytics,1,APPROVED,Official/primary source authority is relevant to the feature domain; feature-specific requirements remain governed by the canonical dossier and Pass B/C contracts.,2026-08-31
PFD-MAP-F341-2,F341,Quality cost reporting,Quality,ODOO_QUALITY,Odoo,Odoo 19 Quality,Odoo 19 Quality documentation,https://www.odoo.com/documentation/19.0/applications/inventory_and_mrp/quality.html,"Quality control points, checks, alerts and inspection-oriented workflows.",analytics,2,APPROVED,Official/primary source authority is relevant to the feature domain; feature-specific requirements remain governed by the canonical dossier and Pass B/C contracts.,2026-08-31
PFD-MAP-F342-1,F342,Quality KPI dashboard,Quality,MS_QUALITY,Microsoft,Dynamics 365 Supply Chain Management Quality,Quality and nonconformance management overview,https://learn.microsoft.com/en-us/dynamics365/supply-chain/inventory/quality-management-processes,"Quality testing, nonconformance and controlled quality-management processes.",analytics,1,APPROVED,Official/primary source authority is relevant to the feature domain; feature-specific requirements remain governed by the canonical dossier and Pass B/C contracts.,2026-08-31
PFD-MAP-F342-2,F342,Quality KPI dashboard,Quality,ODOO_QUALITY,Odoo,Odoo 19 Quality,Odoo 19 Quality documentation,https://www.odoo.com/documentation/19.0/applications/inventory_and_mrp/quality.html,"Quality control points, checks, alerts and inspection-oriented workflows.",analytics,2,APPROVED,Official/primary source authority is relevant to the feature domain; feature-specific requirements remain governed by the canonical dossier and Pass B/C contracts.,2026-08-31
PFD-MAP-F343-1,F343,Tickets and cases,Support / Customer Service,MS_SUPPORT,Microsoft,Dynamics 365 Customer Service,Dynamics 365 Customer Service documentation,https://learn.microsoft.com/en-us/dynamics365/customer-service/,"Cases, queues/routing, SLA, email/timeline, knowledge and customer-service operations.",case_management,1,APPROVED,Official/primary source authority is relevant to the feature domain; feature-specific requirements remain governed by the canonical dossier and Pass B/C contracts.,2026-08-31
PFD-MAP-F343-2,F343,Tickets and cases,Support / Customer Service,ODOO_HELPDESK,Odoo,Odoo 19 Helpdesk,Odoo 19 Helpdesk documentation,https://www.odoo.com/documentation/19.0/applications/services/helpdesk.html,"Helpdesk tickets, teams, SLA and support workflow behavior.",case_management,2,APPROVED,Official/primary source authority is relevant to the feature domain; feature-specific requirements remain governed by the canonical dossier and Pass B/C contracts.,2026-08-31
PFD-MAP-F344-1,F344,Ticket number,Support / Customer Service,MS_SUPPORT,Microsoft,Dynamics 365 Customer Service,Dynamics 365 Customer Service documentation,https://learn.microsoft.com/en-us/dynamics365/customer-service/,"Cases, queues/routing, SLA, email/timeline, knowledge and customer-service operations.",case_management,1,APPROVED,Official/primary source authority is relevant to the feature domain; feature-specific requirements remain governed by the canonical dossier and Pass B/C contracts.,2026-08-31
PFD-MAP-F344-2,F344,Ticket number,Support / Customer Service,ODOO_HELPDESK,Odoo,Odoo 19 Helpdesk,Odoo 19 Helpdesk documentation,https://www.odoo.com/documentation/19.0/applications/services/helpdesk.html,"Helpdesk tickets, teams, SLA and support workflow behavior.",case_management,2,APPROVED,Official/primary source authority is relevant to the feature domain; feature-specific requirements remain governed by the canonical dossier and Pass B/C contracts.,2026-08-31
PFD-MAP-F345-1,F345,Customer,Support / Customer Service,MS_SUPPORT,Microsoft,Dynamics 365 Customer Service,Dynamics 365 Customer Service documentation,https://learn.microsoft.com/en-us/dynamics365/customer-service/,"Cases, queues/routing, SLA, email/timeline, knowledge and customer-service operations.",case_management,1,APPROVED,Official/primary source authority is relevant to the feature domain; feature-specific requirements remain governed by the canonical dossier and Pass B/C contracts.,2026-08-31
PFD-MAP-F345-2,F345,Customer,Support / Customer Service,ODOO_HELPDESK,Odoo,Odoo 19 Helpdesk,Odoo 19 Helpdesk documentation,https://www.odoo.com/documentation/19.0/applications/services/helpdesk.html,"Helpdesk tickets, teams, SLA and support workflow behavior.",case_management,2,APPROVED,Official/primary source authority is relevant to the feature domain; feature-specific requirements remain governed by the canonical dossier and Pass B/C contracts.,2026-08-31
PFD-MAP-F346-1,F346,Contact,Support / Customer Service,MS_SUPPORT,Microsoft,Dynamics 365 Customer Service,Dynamics 365 Customer Service documentation,https://learn.microsoft.com/en-us/dynamics365/customer-service/,"Cases, queues/routing, SLA, email/timeline, knowledge and customer-service operations.",case_management,1,APPROVED,Official/primary source authority is relevant to the feature domain; feature-specific requirements remain governed by the canonical dossier and Pass B/C contracts.,2026-08-31
PFD-MAP-F346-2,F346,Contact,Support / Customer Service,ODOO_HELPDESK,Odoo,Odoo 19 Helpdesk,Odoo 19 Helpdesk documentation,https://www.odoo.com/documentation/19.0/applications/services/helpdesk.html,"Helpdesk tickets, teams, SLA and support workflow behavior.",case_management,2,APPROVED,Official/primary source authority is relevant to the feature domain; feature-specific requirements remain governed by the canonical dossier and Pass B/C contracts.,2026-08-31
PFD-MAP-F347-1,F347,Category,Support / Customer Service,MS_SUPPORT,Microsoft,Dynamics 365 Customer Service,Dynamics 365 Customer Service documentation,https://learn.microsoft.com/en-us/dynamics365/customer-service/,"Cases, queues/routing, SLA, email/timeline, knowledge and customer-service operations.",case_management,1,APPROVED,Official/primary source authority is relevant to the feature domain; feature-specific requirements remain governed by the canonical dossier and Pass B/C contracts.,2026-08-31
PFD-MAP-F347-2,F347,Category,Support / Customer Service,ODOO_HELPDESK,Odoo,Odoo 19 Helpdesk,Odoo 19 Helpdesk documentation,https://www.odoo.com/documentation/19.0/applications/services/helpdesk.html,"Helpdesk tickets, teams, SLA and support workflow behavior.",case_management,2,APPROVED,Official/primary source authority is relevant to the feature domain; feature-specific requirements remain governed by the canonical dossier and Pass B/C contracts.,2026-08-31
PFD-MAP-F348-1,F348,Priority,Support / Customer Service,MS_SUPPORT,Microsoft,Dynamics 365 Customer Service,Dynamics 365 Customer Service documentation,https://learn.microsoft.com/en-us/dynamics365/customer-service/,"Cases, queues/routing, SLA, email/timeline, knowledge and customer-service operations.",case_management,1,APPROVED,Official/primary source authority is relevant to the feature domain; feature-specific requirements remain governed by the canonical dossier and Pass B/C contracts.,2026-08-31
PFD-MAP-F348-2,F348,Priority,Support / Customer Service,ODOO_HELPDESK,Odoo,Odoo 19 Helpdesk,Odoo 19 Helpdesk documentation,https://www.odoo.com/documentation/19.0/applications/services/helpdesk.html,"Helpdesk tickets, teams, SLA and support workflow behavior.",case_management,2,APPROVED,Official/primary source authority is relevant to the feature domain; feature-specific requirements remain governed by the canonical dossier and Pass B/C contracts.,2026-08-31
PFD-MAP-F349-1,F349,Status,Support / Customer Service,MS_SUPPORT,Microsoft,Dynamics 365 Customer Service,Dynamics 365 Customer Service documentation,https://learn.microsoft.com/en-us/dynamics365/customer-service/,"Cases, queues/routing, SLA, email/timeline, knowledge and customer-service operations.",case_management,1,APPROVED,Official/primary source authority is relevant to the feature domain; feature-specific requirements remain governed by the canonical dossier and Pass B/C contracts.,2026-08-31
PFD-MAP-F349-2,F349,Status,Support / Customer Service,ODOO_HELPDESK,Odoo,Odoo 19 Helpdesk,Odoo 19 Helpdesk documentation,https://www.odoo.com/documentation/19.0/applications/services/helpdesk.html,"Helpdesk tickets, teams, SLA and support workflow behavior.",case_management,2,APPROVED,Official/primary source authority is relevant to the feature domain; feature-specific requirements remain governed by the canonical dossier and Pass B/C contracts.,2026-08-31
PFD-MAP-F350-1,F350,Queues,Support / Customer Service,MS_SUPPORT,Microsoft,Dynamics 365 Customer Service,Dynamics 365 Customer Service documentation,https://learn.microsoft.com/en-us/dynamics365/customer-service/,"Cases, queues/routing, SLA, email/timeline, knowledge and customer-service operations.",case_management,1,APPROVED,Official/primary source authority is relevant to the feature domain; feature-specific requirements remain governed by the canonical dossier and Pass B/C contracts.,2026-08-31
PFD-MAP-F350-2,F350,Queues,Support / Customer Service,ODOO_HELPDESK,Odoo,Odoo 19 Helpdesk,Odoo 19 Helpdesk documentation,https://www.odoo.com/documentation/19.0/applications/services/helpdesk.html,"Helpdesk tickets, teams, SLA and support workflow behavior.",case_management,2,APPROVED,Official/primary source authority is relevant to the feature domain; feature-specific requirements remain governed by the canonical dossier and Pass B/C contracts.,2026-08-31
PFD-MAP-F351-1,F351,Agent assignment,Support / Customer Service,MS_SUPPORT,Microsoft,Dynamics 365 Customer Service,Dynamics 365 Customer Service documentation,https://learn.microsoft.com/en-us/dynamics365/customer-service/,"Cases, queues/routing, SLA, email/timeline, knowledge and customer-service operations.",decision,1,APPROVED,Official/primary source authority is relevant to the feature domain; feature-specific requirements remain governed by the canonical dossier and Pass B/C contracts.,2026-08-31
PFD-MAP-F351-2,F351,Agent assignment,Support / Customer Service,ODOO_HELPDESK,Odoo,Odoo 19 Helpdesk,Odoo 19 Helpdesk documentation,https://www.odoo.com/documentation/19.0/applications/services/helpdesk.html,"Helpdesk tickets, teams, SLA and support workflow behavior.",decision,2,APPROVED,Official/primary source authority is relevant to the feature domain; feature-specific requirements remain governed by the canonical dossier and Pass B/C contracts.,2026-08-31
PFD-MAP-F352-1,F352,Automatic routing,Support / Customer Service,MS_SUPPORT,Microsoft,Dynamics 365 Customer Service,Dynamics 365 Customer Service documentation,https://learn.microsoft.com/en-us/dynamics365/customer-service/,"Cases, queues/routing, SLA, email/timeline, knowledge and customer-service operations.",decision,1,APPROVED,Official/primary source authority is relevant to the feature domain; feature-specific requirements remain governed by the canonical dossier and Pass B/C contracts.,2026-08-31
PFD-MAP-F352-2,F352,Automatic routing,Support / Customer Service,ODOO_HELPDESK,Odoo,Odoo 19 Helpdesk,Odoo 19 Helpdesk documentation,https://www.odoo.com/documentation/19.0/applications/services/helpdesk.html,"Helpdesk tickets, teams, SLA and support workflow behavior.",decision,2,APPROVED,Official/primary source authority is relevant to the feature domain; feature-specific requirements remain governed by the canonical dossier and Pass B/C contracts.,2026-08-31
PFD-MAP-F353-1,F353,Email-to-ticket,Support / Customer Service,MS_SUPPORT,Microsoft,Dynamics 365 Customer Service,Dynamics 365 Customer Service documentation,https://learn.microsoft.com/en-us/dynamics365/customer-service/,"Cases, queues/routing, SLA, email/timeline, knowledge and customer-service operations.",case_management,1,APPROVED,Official/primary source authority is relevant to the feature domain; feature-specific requirements remain governed by the canonical dossier and Pass B/C contracts.,2026-08-31
PFD-MAP-F353-2,F353,Email-to-ticket,Support / Customer Service,ODOO_HELPDESK,Odoo,Odoo 19 Helpdesk,Odoo 19 Helpdesk documentation,https://www.odoo.com/documentation/19.0/applications/services/helpdesk.html,"Helpdesk tickets, teams, SLA and support workflow behavior.",case_management,2,APPROVED,Official/primary source authority is relevant to the feature domain; feature-specific requirements remain governed by the canonical dossier and Pass B/C contracts.,2026-08-31
PFD-MAP-F354-1,F354,Web ticket creation,Support / Customer Service,MS_SUPPORT,Microsoft,Dynamics 365 Customer Service,Dynamics 365 Customer Service documentation,https://learn.microsoft.com/en-us/dynamics365/customer-service/,"Cases, queues/routing, SLA, email/timeline, knowledge and customer-service operations.",case_management,1,APPROVED,Official/primary source authority is relevant to the feature domain; feature-specific requirements remain governed by the canonical dossier and Pass B/C contracts.,2026-08-31
PFD-MAP-F354-2,F354,Web ticket creation,Support / Customer Service,ODOO_HELPDESK,Odoo,Odoo 19 Helpdesk,Odoo 19 Helpdesk documentation,https://www.odoo.com/documentation/19.0/applications/services/helpdesk.html,"Helpdesk tickets, teams, SLA and support workflow behavior.",case_management,2,APPROVED,Official/primary source authority is relevant to the feature domain; feature-specific requirements remain governed by the canonical dossier and Pass B/C contracts.,2026-08-31
PFD-MAP-F355-1,F355,Manual ticket creation,Support / Customer Service,MS_SUPPORT,Microsoft,Dynamics 365 Customer Service,Dynamics 365 Customer Service documentation,https://learn.microsoft.com/en-us/dynamics365/customer-service/,"Cases, queues/routing, SLA, email/timeline, knowledge and customer-service operations.",case_management,1,APPROVED,Official/primary source authority is relevant to the feature domain; feature-specific requirements remain governed by the canonical dossier and Pass B/C contracts.,2026-08-31
PFD-MAP-F355-2,F355,Manual ticket creation,Support / Customer Service,ODOO_HELPDESK,Odoo,Odoo 19 Helpdesk,Odoo 19 Helpdesk documentation,https://www.odoo.com/documentation/19.0/applications/services/helpdesk.html,"Helpdesk tickets, teams, SLA and support workflow behavior.",case_management,2,APPROVED,Official/primary source authority is relevant to the feature domain; feature-specific requirements remain governed by the canonical dossier and Pass B/C contracts.,2026-08-31
PFD-MAP-F356-1,F356,Customer replies,Support / Customer Service,MS_SUPPORT,Microsoft,Dynamics 365 Customer Service,Dynamics 365 Customer Service documentation,https://learn.microsoft.com/en-us/dynamics365/customer-service/,"Cases, queues/routing, SLA, email/timeline, knowledge and customer-service operations.",case_management,1,APPROVED,Official/primary source authority is relevant to the feature domain; feature-specific requirements remain governed by the canonical dossier and Pass B/C contracts.,2026-08-31
PFD-MAP-F356-2,F356,Customer replies,Support / Customer Service,ODOO_HELPDESK,Odoo,Odoo 19 Helpdesk,Odoo 19 Helpdesk documentation,https://www.odoo.com/documentation/19.0/applications/services/helpdesk.html,"Helpdesk tickets, teams, SLA and support workflow behavior.",case_management,2,APPROVED,Official/primary source authority is relevant to the feature domain; feature-specific requirements remain governed by the canonical dossier and Pass B/C contracts.,2026-08-31
PFD-MAP-F357-1,F357,Internal / private notes,Support / Customer Service,MS_SUPPORT,Microsoft,Dynamics 365 Customer Service,Dynamics 365 Customer Service documentation,https://learn.microsoft.com/en-us/dynamics365/customer-service/,"Cases, queues/routing, SLA, email/timeline, knowledge and customer-service operations.",case_management,1,APPROVED,Official/primary source authority is relevant to the feature domain; feature-specific requirements remain governed by the canonical dossier and Pass B/C contracts.,2026-08-31
PFD-MAP-F357-2,F357,Internal / private notes,Support / Customer Service,ODOO_HELPDESK,Odoo,Odoo 19 Helpdesk,Odoo 19 Helpdesk documentation,https://www.odoo.com/documentation/19.0/applications/services/helpdesk.html,"Helpdesk tickets, teams, SLA and support workflow behavior.",case_management,2,APPROVED,Official/primary source authority is relevant to the feature domain; feature-specific requirements remain governed by the canonical dossier and Pass B/C contracts.,2026-08-31
PFD-MAP-F358-1,F358,Attachments,Support / Customer Service,MS_SUPPORT,Microsoft,Dynamics 365 Customer Service,Dynamics 365 Customer Service documentation,https://learn.microsoft.com/en-us/dynamics365/customer-service/,"Cases, queues/routing, SLA, email/timeline, knowledge and customer-service operations.",case_management,1,APPROVED,Official/primary source authority is relevant to the feature domain; feature-specific requirements remain governed by the canonical dossier and Pass B/C contracts.,2026-08-31
PFD-MAP-F358-2,F358,Attachments,Support / Customer Service,ODOO_HELPDESK,Odoo,Odoo 19 Helpdesk,Odoo 19 Helpdesk documentation,https://www.odoo.com/documentation/19.0/applications/services/helpdesk.html,"Helpdesk tickets, teams, SLA and support workflow behavior.",case_management,2,APPROVED,Official/primary source authority is relevant to the feature domain; feature-specific requirements remain governed by the canonical dossier and Pass B/C contracts.,2026-08-31
PFD-MAP-F359-1,F359,SLA policies,Support / Customer Service,MS_SUPPORT,Microsoft,Dynamics 365 Customer Service,Dynamics 365 Customer Service documentation,https://learn.microsoft.com/en-us/dynamics365/customer-service/,"Cases, queues/routing, SLA, email/timeline, knowledge and customer-service operations.",case_management,1,APPROVED,Official/primary source authority is relevant to the feature domain; feature-specific requirements remain governed by the canonical dossier and Pass B/C contracts.,2026-08-31
PFD-MAP-F359-2,F359,SLA policies,Support / Customer Service,ODOO_HELPDESK,Odoo,Odoo 19 Helpdesk,Odoo 19 Helpdesk documentation,https://www.odoo.com/documentation/19.0/applications/services/helpdesk.html,"Helpdesk tickets, teams, SLA and support workflow behavior.",case_management,2,APPROVED,Official/primary source authority is relevant to the feature domain; feature-specific requirements remain governed by the canonical dossier and Pass B/C contracts.,2026-08-31
PFD-MAP-F360-1,F360,First-response SLA,Support / Customer Service,MS_SUPPORT,Microsoft,Dynamics 365 Customer Service,Dynamics 365 Customer Service documentation,https://learn.microsoft.com/en-us/dynamics365/customer-service/,"Cases, queues/routing, SLA, email/timeline, knowledge and customer-service operations.",case_management,1,APPROVED,Official/primary source authority is relevant to the feature domain; feature-specific requirements remain governed by the canonical dossier and Pass B/C contracts.,2026-08-31
PFD-MAP-F360-2,F360,First-response SLA,Support / Customer Service,ODOO_HELPDESK,Odoo,Odoo 19 Helpdesk,Odoo 19 Helpdesk documentation,https://www.odoo.com/documentation/19.0/applications/services/helpdesk.html,"Helpdesk tickets, teams, SLA and support workflow behavior.",case_management,2,APPROVED,Official/primary source authority is relevant to the feature domain; feature-specific requirements remain governed by the canonical dossier and Pass B/C contracts.,2026-08-31
PFD-MAP-F361-1,F361,Resolution SLA,Support / Customer Service,MS_SUPPORT,Microsoft,Dynamics 365 Customer Service,Dynamics 365 Customer Service documentation,https://learn.microsoft.com/en-us/dynamics365/customer-service/,"Cases, queues/routing, SLA, email/timeline, knowledge and customer-service operations.",case_management,1,APPROVED,Official/primary source authority is relevant to the feature domain; feature-specific requirements remain governed by the canonical dossier and Pass B/C contracts.,2026-08-31
PFD-MAP-F361-2,F361,Resolution SLA,Support / Customer Service,ODOO_HELPDESK,Odoo,Odoo 19 Helpdesk,Odoo 19 Helpdesk documentation,https://www.odoo.com/documentation/19.0/applications/services/helpdesk.html,"Helpdesk tickets, teams, SLA and support workflow behavior.",case_management,2,APPROVED,Official/primary source authority is relevant to the feature domain; feature-specific requirements remain governed by the canonical dossier and Pass B/C contracts.,2026-08-31
PFD-MAP-F362-1,F362,SLA breach handling,Support / Customer Service,MS_SUPPORT,Microsoft,Dynamics 365 Customer Service,Dynamics 365 Customer Service documentation,https://learn.microsoft.com/en-us/dynamics365/customer-service/,"Cases, queues/routing, SLA, email/timeline, knowledge and customer-service operations.",case_management,1,APPROVED,Official/primary source authority is relevant to the feature domain; feature-specific requirements remain governed by the canonical dossier and Pass B/C contracts.,2026-08-31
PFD-MAP-F362-2,F362,SLA breach handling,Support / Customer Service,ODOO_HELPDESK,Odoo,Odoo 19 Helpdesk,Odoo 19 Helpdesk documentation,https://www.odoo.com/documentation/19.0/applications/services/helpdesk.html,"Helpdesk tickets, teams, SLA and support workflow behavior.",case_management,2,APPROVED,Official/primary source authority is relevant to the feature domain; feature-specific requirements remain governed by the canonical dossier and Pass B/C contracts.,2026-08-31
PFD-MAP-F363-1,F363,Escalations,Support / Customer Service,MS_SUPPORT,Microsoft,Dynamics 365 Customer Service,Dynamics 365 Customer Service documentation,https://learn.microsoft.com/en-us/dynamics365/customer-service/,"Cases, queues/routing, SLA, email/timeline, knowledge and customer-service operations.",decision,1,APPROVED,Official/primary source authority is relevant to the feature domain; feature-specific requirements remain governed by the canonical dossier and Pass B/C contracts.,2026-08-31
PFD-MAP-F363-2,F363,Escalations,Support / Customer Service,ODOO_HELPDESK,Odoo,Odoo 19 Helpdesk,Odoo 19 Helpdesk documentation,https://www.odoo.com/documentation/19.0/applications/services/helpdesk.html,"Helpdesk tickets, teams, SLA and support workflow behavior.",decision,2,APPROVED,Official/primary source authority is relevant to the feature domain; feature-specific requirements remain governed by the canonical dossier and Pass B/C contracts.,2026-08-31
PFD-MAP-F364-1,F364,Reassignment,Support / Customer Service,MS_SUPPORT,Microsoft,Dynamics 365 Customer Service,Dynamics 365 Customer Service documentation,https://learn.microsoft.com/en-us/dynamics365/customer-service/,"Cases, queues/routing, SLA, email/timeline, knowledge and customer-service operations.",decision,1,APPROVED,Official/primary source authority is relevant to the feature domain; feature-specific requirements remain governed by the canonical dossier and Pass B/C contracts.,2026-08-31
PFD-MAP-F364-2,F364,Reassignment,Support / Customer Service,ODOO_HELPDESK,Odoo,Odoo 19 Helpdesk,Odoo 19 Helpdesk documentation,https://www.odoo.com/documentation/19.0/applications/services/helpdesk.html,"Helpdesk tickets, teams, SLA and support workflow behavior.",decision,2,APPROVED,Official/primary source authority is relevant to the feature domain; feature-specific requirements remain governed by the canonical dossier and Pass B/C contracts.,2026-08-31
PFD-MAP-F365-1,F365,Ticket history,Support / Customer Service,MS_SUPPORT,Microsoft,Dynamics 365 Customer Service,Dynamics 365 Customer Service documentation,https://learn.microsoft.com/en-us/dynamics365/customer-service/,"Cases, queues/routing, SLA, email/timeline, knowledge and customer-service operations.",case_management,1,APPROVED,Official/primary source authority is relevant to the feature domain; feature-specific requirements remain governed by the canonical dossier and Pass B/C contracts.,2026-08-31
PFD-MAP-F365-2,F365,Ticket history,Support / Customer Service,ODOO_HELPDESK,Odoo,Odoo 19 Helpdesk,Odoo 19 Helpdesk documentation,https://www.odoo.com/documentation/19.0/applications/services/helpdesk.html,"Helpdesk tickets, teams, SLA and support workflow behavior.",case_management,2,APPROVED,Official/primary source authority is relevant to the feature domain; feature-specific requirements remain governed by the canonical dossier and Pass B/C contracts.,2026-08-31
PFD-MAP-F366-1,F366,Reopen ticket,Support / Customer Service,MS_SUPPORT,Microsoft,Dynamics 365 Customer Service,Dynamics 365 Customer Service documentation,https://learn.microsoft.com/en-us/dynamics365/customer-service/,"Cases, queues/routing, SLA, email/timeline, knowledge and customer-service operations.",decision,1,APPROVED,Official/primary source authority is relevant to the feature domain; feature-specific requirements remain governed by the canonical dossier and Pass B/C contracts.,2026-08-31
PFD-MAP-F366-2,F366,Reopen ticket,Support / Customer Service,ODOO_HELPDESK,Odoo,Odoo 19 Helpdesk,Odoo 19 Helpdesk documentation,https://www.odoo.com/documentation/19.0/applications/services/helpdesk.html,"Helpdesk tickets, teams, SLA and support workflow behavior.",decision,2,APPROVED,Official/primary source authority is relevant to the feature domain; feature-specific requirements remain governed by the canonical dossier and Pass B/C contracts.,2026-08-31
PFD-MAP-F367-1,F367,Merge duplicate tickets,Support / Customer Service,MS_SUPPORT,Microsoft,Dynamics 365 Customer Service,Dynamics 365 Customer Service documentation,https://learn.microsoft.com/en-us/dynamics365/customer-service/,"Cases, queues/routing, SLA, email/timeline, knowledge and customer-service operations.",case_management,1,APPROVED,Official/primary source authority is relevant to the feature domain; feature-specific requirements remain governed by the canonical dossier and Pass B/C contracts.,2026-08-31
PFD-MAP-F367-2,F367,Merge duplicate tickets,Support / Customer Service,ODOO_HELPDESK,Odoo,Odoo 19 Helpdesk,Odoo 19 Helpdesk documentation,https://www.odoo.com/documentation/19.0/applications/services/helpdesk.html,"Helpdesk tickets, teams, SLA and support workflow behavior.",case_management,2,APPROVED,Official/primary source authority is relevant to the feature domain; feature-specific requirements remain governed by the canonical dossier and Pass B/C contracts.,2026-08-31
PFD-MAP-F368-1,F368,Tags,Support / Customer Service,MS_SUPPORT,Microsoft,Dynamics 365 Customer Service,Dynamics 365 Customer Service documentation,https://learn.microsoft.com/en-us/dynamics365/customer-service/,"Cases, queues/routing, SLA, email/timeline, knowledge and customer-service operations.",case_management,1,APPROVED,Official/primary source authority is relevant to the feature domain; feature-specific requirements remain governed by the canonical dossier and Pass B/C contracts.,2026-08-31
PFD-MAP-F368-2,F368,Tags,Support / Customer Service,ODOO_HELPDESK,Odoo,Odoo 19 Helpdesk,Odoo 19 Helpdesk documentation,https://www.odoo.com/documentation/19.0/applications/services/helpdesk.html,"Helpdesk tickets, teams, SLA and support workflow behavior.",case_management,2,APPROVED,Official/primary source authority is relevant to the feature domain; feature-specific requirements remain governed by the canonical dossier and Pass B/C contracts.,2026-08-31
PFD-MAP-F369-1,F369,Knowledge base,Support / Customer Service,MS_SUPPORT,Microsoft,Dynamics 365 Customer Service,Dynamics 365 Customer Service documentation,https://learn.microsoft.com/en-us/dynamics365/customer-service/,"Cases, queues/routing, SLA, email/timeline, knowledge and customer-service operations.",case_management,1,APPROVED,Official/primary source authority is relevant to the feature domain; feature-specific requirements remain governed by the canonical dossier and Pass B/C contracts.,2026-08-31
PFD-MAP-F369-2,F369,Knowledge base,Support / Customer Service,ODOO_HELPDESK,Odoo,Odoo 19 Helpdesk,Odoo 19 Helpdesk documentation,https://www.odoo.com/documentation/19.0/applications/services/helpdesk.html,"Helpdesk tickets, teams, SLA and support workflow behavior.",case_management,2,APPROVED,Official/primary source authority is relevant to the feature domain; feature-specific requirements remain governed by the canonical dossier and Pass B/C contracts.,2026-08-31
PFD-MAP-F370-1,F370,Canned responses,Support / Customer Service,MS_SUPPORT,Microsoft,Dynamics 365 Customer Service,Dynamics 365 Customer Service documentation,https://learn.microsoft.com/en-us/dynamics365/customer-service/,"Cases, queues/routing, SLA, email/timeline, knowledge and customer-service operations.",case_management,1,APPROVED,Official/primary source authority is relevant to the feature domain; feature-specific requirements remain governed by the canonical dossier and Pass B/C contracts.,2026-08-31
PFD-MAP-F370-2,F370,Canned responses,Support / Customer Service,ODOO_HELPDESK,Odoo,Odoo 19 Helpdesk,Odoo 19 Helpdesk documentation,https://www.odoo.com/documentation/19.0/applications/services/helpdesk.html,"Helpdesk tickets, teams, SLA and support workflow behavior.",case_management,2,APPROVED,Official/primary source authority is relevant to the feature domain; feature-specific requirements remain governed by the canonical dossier and Pass B/C contracts.,2026-08-31
PFD-MAP-F371-1,F371,Customer portal,Support / Customer Service,MS_SUPPORT,Microsoft,Dynamics 365 Customer Service,Dynamics 365 Customer Service documentation,https://learn.microsoft.com/en-us/dynamics365/customer-service/,"Cases, queues/routing, SLA, email/timeline, knowledge and customer-service operations.",case_management,1,APPROVED,Official/primary source authority is relevant to the feature domain; feature-specific requirements remain governed by the canonical dossier and Pass B/C contracts.,2026-08-31
PFD-MAP-F371-2,F371,Customer portal,Support / Customer Service,ODOO_HELPDESK,Odoo,Odoo 19 Helpdesk,Odoo 19 Helpdesk documentation,https://www.odoo.com/documentation/19.0/applications/services/helpdesk.html,"Helpdesk tickets, teams, SLA and support workflow behavior.",case_management,2,APPROVED,Official/primary source authority is relevant to the feature domain; feature-specific requirements remain governed by the canonical dossier and Pass B/C contracts.,2026-08-31
PFD-MAP-F372-1,F372,Customer order history,Support / Customer Service,MS_SUPPORT,Microsoft,Dynamics 365 Customer Service,Dynamics 365 Customer Service documentation,https://learn.microsoft.com/en-us/dynamics365/customer-service/,"Cases, queues/routing, SLA, email/timeline, knowledge and customer-service operations.",document,1,APPROVED,Official/primary source authority is relevant to the feature domain; feature-specific requirements remain governed by the canonical dossier and Pass B/C contracts.,2026-08-31
PFD-MAP-F372-2,F372,Customer order history,Support / Customer Service,ODOO_HELPDESK,Odoo,Odoo 19 Helpdesk,Odoo 19 Helpdesk documentation,https://www.odoo.com/documentation/19.0/applications/services/helpdesk.html,"Helpdesk tickets, teams, SLA and support workflow behavior.",document,2,APPROVED,Official/primary source authority is relevant to the feature domain; feature-specific requirements remain governed by the canonical dossier and Pass B/C contracts.,2026-08-31
PFD-MAP-F373-1,F373,Product linkage,Support / Customer Service,MS_SUPPORT,Microsoft,Dynamics 365 Customer Service,Dynamics 365 Customer Service documentation,https://learn.microsoft.com/en-us/dynamics365/customer-service/,"Cases, queues/routing, SLA, email/timeline, knowledge and customer-service operations.",case_management,1,APPROVED,Official/primary source authority is relevant to the feature domain; feature-specific requirements remain governed by the canonical dossier and Pass B/C contracts.,2026-08-31
PFD-MAP-F373-2,F373,Product linkage,Support / Customer Service,ODOO_HELPDESK,Odoo,Odoo 19 Helpdesk,Odoo 19 Helpdesk documentation,https://www.odoo.com/documentation/19.0/applications/services/helpdesk.html,"Helpdesk tickets, teams, SLA and support workflow behavior.",case_management,2,APPROVED,Official/primary source authority is relevant to the feature domain; feature-specific requirements remain governed by the canonical dossier and Pass B/C contracts.,2026-08-31
PFD-MAP-F374-1,F374,Asset linkage,Support / Customer Service,MS_SUPPORT,Microsoft,Dynamics 365 Customer Service,Dynamics 365 Customer Service documentation,https://learn.microsoft.com/en-us/dynamics365/customer-service/,"Cases, queues/routing, SLA, email/timeline, knowledge and customer-service operations.",case_management,1,APPROVED,Official/primary source authority is relevant to the feature domain; feature-specific requirements remain governed by the canonical dossier and Pass B/C contracts.,2026-08-31
PFD-MAP-F374-2,F374,Asset linkage,Support / Customer Service,ODOO_HELPDESK,Odoo,Odoo 19 Helpdesk,Odoo 19 Helpdesk documentation,https://www.odoo.com/documentation/19.0/applications/services/helpdesk.html,"Helpdesk tickets, teams, SLA and support workflow behavior.",case_management,2,APPROVED,Official/primary source authority is relevant to the feature domain; feature-specific requirements remain governed by the canonical dossier and Pass B/C contracts.,2026-08-31
PFD-MAP-F375-1,F375,Warranty and service entitlement,Support / Customer Service,MS_SUPPORT,Microsoft,Dynamics 365 Customer Service,Dynamics 365 Customer Service documentation,https://learn.microsoft.com/en-us/dynamics365/customer-service/,"Cases, queues/routing, SLA, email/timeline, knowledge and customer-service operations.",case_management,1,APPROVED,Official/primary source authority is relevant to the feature domain; feature-specific requirements remain governed by the canonical dossier and Pass B/C contracts.,2026-08-31
PFD-MAP-F375-2,F375,Warranty and service entitlement,Support / Customer Service,ODOO_HELPDESK,Odoo,Odoo 19 Helpdesk,Odoo 19 Helpdesk documentation,https://www.odoo.com/documentation/19.0/applications/services/helpdesk.html,"Helpdesk tickets, teams, SLA and support workflow behavior.",case_management,2,APPROVED,Official/primary source authority is relevant to the feature domain; feature-specific requirements remain governed by the canonical dossier and Pass B/C contracts.,2026-08-31
PFD-MAP-F376-1,F376,CSAT / customer rating,Support / Customer Service,MS_SUPPORT,Microsoft,Dynamics 365 Customer Service,Dynamics 365 Customer Service documentation,https://learn.microsoft.com/en-us/dynamics365/customer-service/,"Cases, queues/routing, SLA, email/timeline, knowledge and customer-service operations.",case_management,1,APPROVED,Official/primary source authority is relevant to the feature domain; feature-specific requirements remain governed by the canonical dossier and Pass B/C contracts.,2026-08-31
PFD-MAP-F376-2,F376,CSAT / customer rating,Support / Customer Service,ODOO_HELPDESK,Odoo,Odoo 19 Helpdesk,Odoo 19 Helpdesk documentation,https://www.odoo.com/documentation/19.0/applications/services/helpdesk.html,"Helpdesk tickets, teams, SLA and support workflow behavior.",case_management,2,APPROVED,Official/primary source authority is relevant to the feature domain; feature-specific requirements remain governed by the canonical dossier and Pass B/C contracts.,2026-08-31
PFD-MAP-F377-1,F377,Agent performance,Support / Customer Service,MS_SUPPORT,Microsoft,Dynamics 365 Customer Service,Dynamics 365 Customer Service documentation,https://learn.microsoft.com/en-us/dynamics365/customer-service/,"Cases, queues/routing, SLA, email/timeline, knowledge and customer-service operations.",case_management,1,APPROVED,Official/primary source authority is relevant to the feature domain; feature-specific requirements remain governed by the canonical dossier and Pass B/C contracts.,2026-08-31
PFD-MAP-F377-2,F377,Agent performance,Support / Customer Service,ODOO_HELPDESK,Odoo,Odoo 19 Helpdesk,Odoo 19 Helpdesk documentation,https://www.odoo.com/documentation/19.0/applications/services/helpdesk.html,"Helpdesk tickets, teams, SLA and support workflow behavior.",case_management,2,APPROVED,Official/primary source authority is relevant to the feature domain; feature-specific requirements remain governed by the canonical dossier and Pass B/C contracts.,2026-08-31
PFD-MAP-F378-1,F378,SLA reporting,Support / Customer Service,MS_SUPPORT,Microsoft,Dynamics 365 Customer Service,Dynamics 365 Customer Service documentation,https://learn.microsoft.com/en-us/dynamics365/customer-service/,"Cases, queues/routing, SLA, email/timeline, knowledge and customer-service operations.",analytics,1,APPROVED,Official/primary source authority is relevant to the feature domain; feature-specific requirements remain governed by the canonical dossier and Pass B/C contracts.,2026-08-31
PFD-MAP-F378-2,F378,SLA reporting,Support / Customer Service,ODOO_HELPDESK,Odoo,Odoo 19 Helpdesk,Odoo 19 Helpdesk documentation,https://www.odoo.com/documentation/19.0/applications/services/helpdesk.html,"Helpdesk tickets, teams, SLA and support workflow behavior.",analytics,2,APPROVED,Official/primary source authority is relevant to the feature domain; feature-specific requirements remain governed by the canonical dossier and Pass B/C contracts.,2026-08-31
PFD-MAP-F379-1,F379,Ticket dashboards,Support / Customer Service,MS_SUPPORT,Microsoft,Dynamics 365 Customer Service,Dynamics 365 Customer Service documentation,https://learn.microsoft.com/en-us/dynamics365/customer-service/,"Cases, queues/routing, SLA, email/timeline, knowledge and customer-service operations.",analytics,1,APPROVED,Official/primary source authority is relevant to the feature domain; feature-specific requirements remain governed by the canonical dossier and Pass B/C contracts.,2026-08-31
PFD-MAP-F379-2,F379,Ticket dashboards,Support / Customer Service,ODOO_HELPDESK,Odoo,Odoo 19 Helpdesk,Odoo 19 Helpdesk documentation,https://www.odoo.com/documentation/19.0/applications/services/helpdesk.html,"Helpdesk tickets, teams, SLA and support workflow behavior.",analytics,2,APPROVED,Official/primary source authority is relevant to the feature domain; feature-specific requirements remain governed by the canonical dossier and Pass B/C contracts.,2026-08-31
PFD-MAP-F380-1,F380,Complete audit trail,Support / Customer Service,MS_SUPPORT,Microsoft,Dynamics 365 Customer Service,Dynamics 365 Customer Service documentation,https://learn.microsoft.com/en-us/dynamics365/customer-service/,"Cases, queues/routing, SLA, email/timeline, knowledge and customer-service operations.",case_management,1,APPROVED,Official/primary source authority is relevant to the feature domain; feature-specific requirements remain governed by the canonical dossier and Pass B/C contracts.,2026-08-31
PFD-MAP-F380-2,F380,Complete audit trail,Support / Customer Service,ODOO_HELPDESK,Odoo,Odoo 19 Helpdesk,Odoo 19 Helpdesk documentation,https://www.odoo.com/documentation/19.0/applications/services/helpdesk.html,"Helpdesk tickets, teams, SLA and support workflow behavior.",case_management,2,APPROVED,Official/primary source authority is relevant to the feature domain; feature-specific requirements remain governed by the canonical dossier and Pass B/C contracts.,2026-08-31
PFD-MAP-F381-1,F381,Employee master,HR & Payroll,ORACLE_HCM,Oracle,Fusion Cloud HCM,Oracle Fusion Cloud Human Capital Management documentation,https://docs.oracle.com/en/cloud/saas/human-resources/,"Employee, workforce, recruiting, time, compensation, performance and HR controls.",people_lifecycle,1,APPROVED,Official/primary source authority is relevant to the feature domain; feature-specific requirements remain governed by the canonical dossier and Pass B/C contracts.,2026-08-31
PFD-MAP-F381-2,F381,Employee master,HR & Payroll,ODOO_HR,Odoo,Odoo 19 Human Resources,Odoo 19 Human Resources documentation,https://www.odoo.com/documentation/19.0/applications/hr.html,"Employees, recruitment, attendance, time off, appraisals and HR workflows.",people_lifecycle,2,APPROVED,Official/primary source authority is relevant to the feature domain; feature-specific requirements remain governed by the canonical dossier and Pass B/C contracts.,2026-08-31
PFD-MAP-F382-1,F382,Employee number,HR & Payroll,ORACLE_HCM,Oracle,Fusion Cloud HCM,Oracle Fusion Cloud Human Capital Management documentation,https://docs.oracle.com/en/cloud/saas/human-resources/,"Employee, workforce, recruiting, time, compensation, performance and HR controls.",people_lifecycle,1,APPROVED,Official/primary source authority is relevant to the feature domain; feature-specific requirements remain governed by the canonical dossier and Pass B/C contracts.,2026-08-31
PFD-MAP-F382-2,F382,Employee number,HR & Payroll,ODOO_HR,Odoo,Odoo 19 Human Resources,Odoo 19 Human Resources documentation,https://www.odoo.com/documentation/19.0/applications/hr.html,"Employees, recruitment, attendance, time off, appraisals and HR workflows.",people_lifecycle,2,APPROVED,Official/primary source authority is relevant to the feature domain; feature-specific requirements remain governed by the canonical dossier and Pass B/C contracts.,2026-08-31
PFD-MAP-F383-1,F383,Departments,HR & Payroll,ORACLE_HCM,Oracle,Fusion Cloud HCM,Oracle Fusion Cloud Human Capital Management documentation,https://docs.oracle.com/en/cloud/saas/human-resources/,"Employee, workforce, recruiting, time, compensation, performance and HR controls.",master_config,1,APPROVED,Official/primary source authority is relevant to the feature domain; feature-specific requirements remain governed by the canonical dossier and Pass B/C contracts.,2026-08-31
PFD-MAP-F383-2,F383,Departments,HR & Payroll,ODOO_HR,Odoo,Odoo 19 Human Resources,Odoo 19 Human Resources documentation,https://www.odoo.com/documentation/19.0/applications/hr.html,"Employees, recruitment, attendance, time off, appraisals and HR workflows.",master_config,2,APPROVED,Official/primary source authority is relevant to the feature domain; feature-specific requirements remain governed by the canonical dossier and Pass B/C contracts.,2026-08-31
PFD-MAP-F384-1,F384,Designations,HR & Payroll,ORACLE_HCM,Oracle,Fusion Cloud HCM,Oracle Fusion Cloud Human Capital Management documentation,https://docs.oracle.com/en/cloud/saas/human-resources/,"Employee, workforce, recruiting, time, compensation, performance and HR controls.",master_config,1,APPROVED,Official/primary source authority is relevant to the feature domain; feature-specific requirements remain governed by the canonical dossier and Pass B/C contracts.,2026-08-31
PFD-MAP-F384-2,F384,Designations,HR & Payroll,ODOO_HR,Odoo,Odoo 19 Human Resources,Odoo 19 Human Resources documentation,https://www.odoo.com/documentation/19.0/applications/hr.html,"Employees, recruitment, attendance, time off, appraisals and HR workflows.",master_config,2,APPROVED,Official/primary source authority is relevant to the feature domain; feature-specific requirements remain governed by the canonical dossier and Pass B/C contracts.,2026-08-31
PFD-MAP-F385-1,F385,Reporting manager,HR & Payroll,ORACLE_HCM,Oracle,Fusion Cloud HCM,Oracle Fusion Cloud Human Capital Management documentation,https://docs.oracle.com/en/cloud/saas/human-resources/,"Employee, workforce, recruiting, time, compensation, performance and HR controls.",analytics,1,APPROVED,Official/primary source authority is relevant to the feature domain; feature-specific requirements remain governed by the canonical dossier and Pass B/C contracts.,2026-08-31
PFD-MAP-F385-2,F385,Reporting manager,HR & Payroll,ODOO_HR,Odoo,Odoo 19 Human Resources,Odoo 19 Human Resources documentation,https://www.odoo.com/documentation/19.0/applications/hr.html,"Employees, recruitment, attendance, time off, appraisals and HR workflows.",analytics,2,APPROVED,Official/primary source authority is relevant to the feature domain; feature-specific requirements remain governed by the canonical dossier and Pass B/C contracts.,2026-08-31
PFD-MAP-F386-1,F386,Branch and location,HR & Payroll,ORACLE_HCM,Oracle,Fusion Cloud HCM,Oracle Fusion Cloud Human Capital Management documentation,https://docs.oracle.com/en/cloud/saas/human-resources/,"Employee, workforce, recruiting, time, compensation, performance and HR controls.",operational,1,APPROVED,Official/primary source authority is relevant to the feature domain; feature-specific requirements remain governed by the canonical dossier and Pass B/C contracts.,2026-08-31
PFD-MAP-F386-2,F386,Branch and location,HR & Payroll,ODOO_HR,Odoo,Odoo 19 Human Resources,Odoo 19 Human Resources documentation,https://www.odoo.com/documentation/19.0/applications/hr.html,"Employees, recruitment, attendance, time off, appraisals and HR workflows.",operational,2,APPROVED,Official/primary source authority is relevant to the feature domain; feature-specific requirements remain governed by the canonical dossier and Pass B/C contracts.,2026-08-31
PFD-MAP-F387-1,F387,Employment type,HR & Payroll,ORACLE_HCM,Oracle,Fusion Cloud HCM,Oracle Fusion Cloud Human Capital Management documentation,https://docs.oracle.com/en/cloud/saas/human-resources/,"Employee, workforce, recruiting, time, compensation, performance and HR controls.",operational,1,APPROVED,Official/primary source authority is relevant to the feature domain; feature-specific requirements remain governed by the canonical dossier and Pass B/C contracts.,2026-08-31
PFD-MAP-F387-2,F387,Employment type,HR & Payroll,ODOO_HR,Odoo,Odoo 19 Human Resources,Odoo 19 Human Resources documentation,https://www.odoo.com/documentation/19.0/applications/hr.html,"Employees, recruitment, attendance, time off, appraisals and HR workflows.",operational,2,APPROVED,Official/primary source authority is relevant to the feature domain; feature-specific requirements remain governed by the canonical dossier and Pass B/C contracts.,2026-08-31
PFD-MAP-F388-1,F388,Employee documents,HR & Payroll,ORACLE_HCM,Oracle,Fusion Cloud HCM,Oracle Fusion Cloud Human Capital Management documentation,https://docs.oracle.com/en/cloud/saas/human-resources/,"Employee, workforce, recruiting, time, compensation, performance and HR controls.",people_lifecycle,1,APPROVED,Official/primary source authority is relevant to the feature domain; feature-specific requirements remain governed by the canonical dossier and Pass B/C contracts.,2026-08-31
PFD-MAP-F388-2,F388,Employee documents,HR & Payroll,ODOO_HR,Odoo,Odoo 19 Human Resources,Odoo 19 Human Resources documentation,https://www.odoo.com/documentation/19.0/applications/hr.html,"Employees, recruitment, attendance, time off, appraisals and HR workflows.",people_lifecycle,2,APPROVED,Official/primary source authority is relevant to the feature domain; feature-specific requirements remain governed by the canonical dossier and Pass B/C contracts.,2026-08-31
PFD-MAP-F389-1,F389,Joining,HR & Payroll,ORACLE_HCM,Oracle,Fusion Cloud HCM,Oracle Fusion Cloud Human Capital Management documentation,https://docs.oracle.com/en/cloud/saas/human-resources/,"Employee, workforce, recruiting, time, compensation, performance and HR controls.",people_lifecycle,1,APPROVED,Official/primary source authority is relevant to the feature domain; feature-specific requirements remain governed by the canonical dossier and Pass B/C contracts.,2026-08-31
PFD-MAP-F389-2,F389,Joining,HR & Payroll,ODOO_HR,Odoo,Odoo 19 Human Resources,Odoo 19 Human Resources documentation,https://www.odoo.com/documentation/19.0/applications/hr.html,"Employees, recruitment, attendance, time off, appraisals and HR workflows.",people_lifecycle,2,APPROVED,Official/primary source authority is relevant to the feature domain; feature-specific requirements remain governed by the canonical dossier and Pass B/C contracts.,2026-08-31
PFD-MAP-F390-1,F390,Probation,HR & Payroll,ORACLE_HCM,Oracle,Fusion Cloud HCM,Oracle Fusion Cloud Human Capital Management documentation,https://docs.oracle.com/en/cloud/saas/human-resources/,"Employee, workforce, recruiting, time, compensation, performance and HR controls.",people_lifecycle,1,APPROVED,Official/primary source authority is relevant to the feature domain; feature-specific requirements remain governed by the canonical dossier and Pass B/C contracts.,2026-08-31
PFD-MAP-F390-2,F390,Probation,HR & Payroll,ODOO_HR,Odoo,Odoo 19 Human Resources,Odoo 19 Human Resources documentation,https://www.odoo.com/documentation/19.0/applications/hr.html,"Employees, recruitment, attendance, time off, appraisals and HR workflows.",people_lifecycle,2,APPROVED,Official/primary source authority is relevant to the feature domain; feature-specific requirements remain governed by the canonical dossier and Pass B/C contracts.,2026-08-31
PFD-MAP-F391-1,F391,Confirmation,HR & Payroll,ORACLE_HCM,Oracle,Fusion Cloud HCM,Oracle Fusion Cloud Human Capital Management documentation,https://docs.oracle.com/en/cloud/saas/human-resources/,"Employee, workforce, recruiting, time, compensation, performance and HR controls.",decision,1,APPROVED,Official/primary source authority is relevant to the feature domain; feature-specific requirements remain governed by the canonical dossier and Pass B/C contracts.,2026-08-31
PFD-MAP-F391-2,F391,Confirmation,HR & Payroll,ODOO_HR,Odoo,Odoo 19 Human Resources,Odoo 19 Human Resources documentation,https://www.odoo.com/documentation/19.0/applications/hr.html,"Employees, recruitment, attendance, time off, appraisals and HR workflows.",decision,2,APPROVED,Official/primary source authority is relevant to the feature domain; feature-specific requirements remain governed by the canonical dossier and Pass B/C contracts.,2026-08-31
PFD-MAP-F392-1,F392,Transfers,HR & Payroll,ORACLE_HCM,Oracle,Fusion Cloud HCM,Oracle Fusion Cloud Human Capital Management documentation,https://docs.oracle.com/en/cloud/saas/human-resources/,"Employee, workforce, recruiting, time, compensation, performance and HR controls.",people_lifecycle,1,APPROVED,Official/primary source authority is relevant to the feature domain; feature-specific requirements remain governed by the canonical dossier and Pass B/C contracts.,2026-08-31
PFD-MAP-F392-2,F392,Transfers,HR & Payroll,ODOO_HR,Odoo,Odoo 19 Human Resources,Odoo 19 Human Resources documentation,https://www.odoo.com/documentation/19.0/applications/hr.html,"Employees, recruitment, attendance, time off, appraisals and HR workflows.",people_lifecycle,2,APPROVED,Official/primary source authority is relevant to the feature domain; feature-specific requirements remain governed by the canonical dossier and Pass B/C contracts.,2026-08-31
PFD-MAP-F393-1,F393,Promotions,HR & Payroll,ORACLE_HCM,Oracle,Fusion Cloud HCM,Oracle Fusion Cloud Human Capital Management documentation,https://docs.oracle.com/en/cloud/saas/human-resources/,"Employee, workforce, recruiting, time, compensation, performance and HR controls.",people_lifecycle,1,APPROVED,Official/primary source authority is relevant to the feature domain; feature-specific requirements remain governed by the canonical dossier and Pass B/C contracts.,2026-08-31
PFD-MAP-F393-2,F393,Promotions,HR & Payroll,ODOO_HR,Odoo,Odoo 19 Human Resources,Odoo 19 Human Resources documentation,https://www.odoo.com/documentation/19.0/applications/hr.html,"Employees, recruitment, attendance, time off, appraisals and HR workflows.",people_lifecycle,2,APPROVED,Official/primary source authority is relevant to the feature domain; feature-specific requirements remain governed by the canonical dossier and Pass B/C contracts.,2026-08-31
PFD-MAP-F394-1,F394,Separation,HR & Payroll,ORACLE_HCM,Oracle,Fusion Cloud HCM,Oracle Fusion Cloud Human Capital Management documentation,https://docs.oracle.com/en/cloud/saas/human-resources/,"Employee, workforce, recruiting, time, compensation, performance and HR controls.",people_lifecycle,1,APPROVED,Official/primary source authority is relevant to the feature domain; feature-specific requirements remain governed by the canonical dossier and Pass B/C contracts.,2026-08-31
PFD-MAP-F394-2,F394,Separation,HR & Payroll,ODOO_HR,Odoo,Odoo 19 Human Resources,Odoo 19 Human Resources documentation,https://www.odoo.com/documentation/19.0/applications/hr.html,"Employees, recruitment, attendance, time off, appraisals and HR workflows.",people_lifecycle,2,APPROVED,Official/primary source authority is relevant to the feature domain; feature-specific requirements remain governed by the canonical dossier and Pass B/C contracts.,2026-08-31
PFD-MAP-F395-1,F395,Offboarding,HR & Payroll,ORACLE_HCM,Oracle,Fusion Cloud HCM,Oracle Fusion Cloud Human Capital Management documentation,https://docs.oracle.com/en/cloud/saas/human-resources/,"Employee, workforce, recruiting, time, compensation, performance and HR controls.",people_lifecycle,1,APPROVED,Official/primary source authority is relevant to the feature domain; feature-specific requirements remain governed by the canonical dossier and Pass B/C contracts.,2026-08-31
PFD-MAP-F395-2,F395,Offboarding,HR & Payroll,ODOO_HR,Odoo,Odoo 19 Human Resources,Odoo 19 Human Resources documentation,https://www.odoo.com/documentation/19.0/applications/hr.html,"Employees, recruitment, attendance, time off, appraisals and HR workflows.",people_lifecycle,2,APPROVED,Official/primary source authority is relevant to the feature domain; feature-specific requirements remain governed by the canonical dossier and Pass B/C contracts.,2026-08-31
PFD-MAP-F396-1,F396,Employee self-service,HR & Payroll,ORACLE_HCM,Oracle,Fusion Cloud HCM,Oracle Fusion Cloud Human Capital Management documentation,https://docs.oracle.com/en/cloud/saas/human-resources/,"Employee, workforce, recruiting, time, compensation, performance and HR controls.",people_lifecycle,1,APPROVED,Official/primary source authority is relevant to the feature domain; feature-specific requirements remain governed by the canonical dossier and Pass B/C contracts.,2026-08-31
PFD-MAP-F396-2,F396,Employee self-service,HR & Payroll,ODOO_HR,Odoo,Odoo 19 Human Resources,Odoo 19 Human Resources documentation,https://www.odoo.com/documentation/19.0/applications/hr.html,"Employees, recruitment, attendance, time off, appraisals and HR workflows.",people_lifecycle,2,APPROVED,Official/primary source authority is relevant to the feature domain; feature-specific requirements remain governed by the canonical dossier and Pass B/C contracts.,2026-08-31
PFD-MAP-F397-1,F397,Job openings,HR & Payroll,ORACLE_HCM,Oracle,Fusion Cloud HCM,Oracle Fusion Cloud Human Capital Management documentation,https://docs.oracle.com/en/cloud/saas/human-resources/,"Employee, workforce, recruiting, time, compensation, performance and HR controls.",operational,1,APPROVED,Official/primary source authority is relevant to the feature domain; feature-specific requirements remain governed by the canonical dossier and Pass B/C contracts.,2026-08-31
PFD-MAP-F397-2,F397,Job openings,HR & Payroll,ODOO_HR,Odoo,Odoo 19 Human Resources,Odoo 19 Human Resources documentation,https://www.odoo.com/documentation/19.0/applications/hr.html,"Employees, recruitment, attendance, time off, appraisals and HR workflows.",operational,2,APPROVED,Official/primary source authority is relevant to the feature domain; feature-specific requirements remain governed by the canonical dossier and Pass B/C contracts.,2026-08-31
PFD-MAP-F398-1,F398,Candidates,HR & Payroll,ORACLE_HCM,Oracle,Fusion Cloud HCM,Oracle Fusion Cloud Human Capital Management documentation,https://docs.oracle.com/en/cloud/saas/human-resources/,"Employee, workforce, recruiting, time, compensation, performance and HR controls.",people_lifecycle,1,APPROVED,Official/primary source authority is relevant to the feature domain; feature-specific requirements remain governed by the canonical dossier and Pass B/C contracts.,2026-08-31
PFD-MAP-F398-2,F398,Candidates,HR & Payroll,ODOO_HR,Odoo,Odoo 19 Human Resources,Odoo 19 Human Resources documentation,https://www.odoo.com/documentation/19.0/applications/hr.html,"Employees, recruitment, attendance, time off, appraisals and HR workflows.",people_lifecycle,2,APPROVED,Official/primary source authority is relevant to the feature domain; feature-specific requirements remain governed by the canonical dossier and Pass B/C contracts.,2026-08-31
PFD-MAP-F399-1,F399,Recruitment pipeline,HR & Payroll,ORACLE_HCM,Oracle,Fusion Cloud HCM,Oracle Fusion Cloud Human Capital Management documentation,https://docs.oracle.com/en/cloud/saas/human-resources/,"Employee, workforce, recruiting, time, compensation, performance and HR controls.",people_lifecycle,1,APPROVED,Official/primary source authority is relevant to the feature domain; feature-specific requirements remain governed by the canonical dossier and Pass B/C contracts.,2026-08-31
PFD-MAP-F399-2,F399,Recruitment pipeline,HR & Payroll,ODOO_HR,Odoo,Odoo 19 Human Resources,Odoo 19 Human Resources documentation,https://www.odoo.com/documentation/19.0/applications/hr.html,"Employees, recruitment, attendance, time off, appraisals and HR workflows.",people_lifecycle,2,APPROVED,Official/primary source authority is relevant to the feature domain; feature-specific requirements remain governed by the canonical dossier and Pass B/C contracts.,2026-08-31
PFD-MAP-F400-1,F400,Interviews,HR & Payroll,ORACLE_HCM,Oracle,Fusion Cloud HCM,Oracle Fusion Cloud Human Capital Management documentation,https://docs.oracle.com/en/cloud/saas/human-resources/,"Employee, workforce, recruiting, time, compensation, performance and HR controls.",people_lifecycle,1,APPROVED,Official/primary source authority is relevant to the feature domain; feature-specific requirements remain governed by the canonical dossier and Pass B/C contracts.,2026-08-31
PFD-MAP-F400-2,F400,Interviews,HR & Payroll,ODOO_HR,Odoo,Odoo 19 Human Resources,Odoo 19 Human Resources documentation,https://www.odoo.com/documentation/19.0/applications/hr.html,"Employees, recruitment, attendance, time off, appraisals and HR workflows.",people_lifecycle,2,APPROVED,Official/primary source authority is relevant to the feature domain; feature-specific requirements remain governed by the canonical dossier and Pass B/C contracts.,2026-08-31
PFD-MAP-F401-1,F401,Offers,HR & Payroll,ORACLE_HCM,Oracle,Fusion Cloud HCM,Oracle Fusion Cloud Human Capital Management documentation,https://docs.oracle.com/en/cloud/saas/human-resources/,"Employee, workforce, recruiting, time, compensation, performance and HR controls.",people_lifecycle,1,APPROVED,Official/primary source authority is relevant to the feature domain; feature-specific requirements remain governed by the canonical dossier and Pass B/C contracts.,2026-08-31
PFD-MAP-F401-2,F401,Offers,HR & Payroll,ODOO_HR,Odoo,Odoo 19 Human Resources,Odoo 19 Human Resources documentation,https://www.odoo.com/documentation/19.0/applications/hr.html,"Employees, recruitment, attendance, time off, appraisals and HR workflows.",people_lifecycle,2,APPROVED,Official/primary source authority is relevant to the feature domain; feature-specific requirements remain governed by the canonical dossier and Pass B/C contracts.,2026-08-31
PFD-MAP-F402-1,F402,Candidate-to-employee conversion,HR & Payroll,ORACLE_HCM,Oracle,Fusion Cloud HCM,Oracle Fusion Cloud Human Capital Management documentation,https://docs.oracle.com/en/cloud/saas/human-resources/,"Employee, workforce, recruiting, time, compensation, performance and HR controls.",people_lifecycle,1,APPROVED,Official/primary source authority is relevant to the feature domain; feature-specific requirements remain governed by the canonical dossier and Pass B/C contracts.,2026-08-31
PFD-MAP-F402-2,F402,Candidate-to-employee conversion,HR & Payroll,ODOO_HR,Odoo,Odoo 19 Human Resources,Odoo 19 Human Resources documentation,https://www.odoo.com/documentation/19.0/applications/hr.html,"Employees, recruitment, attendance, time off, appraisals and HR workflows.",people_lifecycle,2,APPROVED,Official/primary source authority is relevant to the feature domain; feature-specific requirements remain governed by the canonical dossier and Pass B/C contracts.,2026-08-31
PFD-MAP-F403-1,F403,Shifts,HR & Payroll,ORACLE_HCM,Oracle,Fusion Cloud HCM,Oracle Fusion Cloud Human Capital Management documentation,https://docs.oracle.com/en/cloud/saas/human-resources/,"Employee, workforce, recruiting, time, compensation, performance and HR controls.",workforce_time,1,APPROVED,Official/primary source authority is relevant to the feature domain; feature-specific requirements remain governed by the canonical dossier and Pass B/C contracts.,2026-08-31
PFD-MAP-F403-2,F403,Shifts,HR & Payroll,ODOO_HR,Odoo,Odoo 19 Human Resources,Odoo 19 Human Resources documentation,https://www.odoo.com/documentation/19.0/applications/hr.html,"Employees, recruitment, attendance, time off, appraisals and HR workflows.",workforce_time,2,APPROVED,Official/primary source authority is relevant to the feature domain; feature-specific requirements remain governed by the canonical dossier and Pass B/C contracts.,2026-08-31
PFD-MAP-F404-1,F404,Attendance,HR & Payroll,ORACLE_HCM,Oracle,Fusion Cloud HCM,Oracle Fusion Cloud Human Capital Management documentation,https://docs.oracle.com/en/cloud/saas/human-resources/,"Employee, workforce, recruiting, time, compensation, performance and HR controls.",workforce_time,1,APPROVED,Official/primary source authority is relevant to the feature domain; feature-specific requirements remain governed by the canonical dossier and Pass B/C contracts.,2026-08-31
PFD-MAP-F404-2,F404,Attendance,HR & Payroll,ODOO_HR,Odoo,Odoo 19 Human Resources,Odoo 19 Human Resources documentation,https://www.odoo.com/documentation/19.0/applications/hr.html,"Employees, recruitment, attendance, time off, appraisals and HR workflows.",workforce_time,2,APPROVED,Official/primary source authority is relevant to the feature domain; feature-specific requirements remain governed by the canonical dossier and Pass B/C contracts.,2026-08-31
PFD-MAP-F405-1,F405,Check-in and check-out,HR & Payroll,ORACLE_HCM,Oracle,Fusion Cloud HCM,Oracle Fusion Cloud Human Capital Management documentation,https://docs.oracle.com/en/cloud/saas/human-resources/,"Employee, workforce, recruiting, time, compensation, performance and HR controls.",workforce_time,1,APPROVED,Official/primary source authority is relevant to the feature domain; feature-specific requirements remain governed by the canonical dossier and Pass B/C contracts.,2026-08-31
PFD-MAP-F405-2,F405,Check-in and check-out,HR & Payroll,ODOO_HR,Odoo,Odoo 19 Human Resources,Odoo 19 Human Resources documentation,https://www.odoo.com/documentation/19.0/applications/hr.html,"Employees, recruitment, attendance, time off, appraisals and HR workflows.",workforce_time,2,APPROVED,Official/primary source authority is relevant to the feature domain; feature-specific requirements remain governed by the canonical dossier and Pass B/C contracts.,2026-08-31
PFD-MAP-F406-1,F406,Late arrival,HR & Payroll,ORACLE_HCM,Oracle,Fusion Cloud HCM,Oracle Fusion Cloud Human Capital Management documentation,https://docs.oracle.com/en/cloud/saas/human-resources/,"Employee, workforce, recruiting, time, compensation, performance and HR controls.",workforce_time,1,APPROVED,Official/primary source authority is relevant to the feature domain; feature-specific requirements remain governed by the canonical dossier and Pass B/C contracts.,2026-08-31
PFD-MAP-F406-2,F406,Late arrival,HR & Payroll,ODOO_HR,Odoo,Odoo 19 Human Resources,Odoo 19 Human Resources documentation,https://www.odoo.com/documentation/19.0/applications/hr.html,"Employees, recruitment, attendance, time off, appraisals and HR workflows.",workforce_time,2,APPROVED,Official/primary source authority is relevant to the feature domain; feature-specific requirements remain governed by the canonical dossier and Pass B/C contracts.,2026-08-31
PFD-MAP-F407-1,F407,Early exit,HR & Payroll,ORACLE_HCM,Oracle,Fusion Cloud HCM,Oracle Fusion Cloud Human Capital Management documentation,https://docs.oracle.com/en/cloud/saas/human-resources/,"Employee, workforce, recruiting, time, compensation, performance and HR controls.",workforce_time,1,APPROVED,Official/primary source authority is relevant to the feature domain; feature-specific requirements remain governed by the canonical dossier and Pass B/C contracts.,2026-08-31
PFD-MAP-F407-2,F407,Early exit,HR & Payroll,ODOO_HR,Odoo,Odoo 19 Human Resources,Odoo 19 Human Resources documentation,https://www.odoo.com/documentation/19.0/applications/hr.html,"Employees, recruitment, attendance, time off, appraisals and HR workflows.",workforce_time,2,APPROVED,Official/primary source authority is relevant to the feature domain; feature-specific requirements remain governed by the canonical dossier and Pass B/C contracts.,2026-08-31
PFD-MAP-F408-1,F408,Overtime,HR & Payroll,ORACLE_HCM,Oracle,Fusion Cloud HCM,Oracle Fusion Cloud Human Capital Management documentation,https://docs.oracle.com/en/cloud/saas/human-resources/,"Employee, workforce, recruiting, time, compensation, performance and HR controls.",workforce_time,1,APPROVED,Official/primary source authority is relevant to the feature domain; feature-specific requirements remain governed by the canonical dossier and Pass B/C contracts.,2026-08-31
PFD-MAP-F408-2,F408,Overtime,HR & Payroll,ODOO_HR,Odoo,Odoo 19 Human Resources,Odoo 19 Human Resources documentation,https://www.odoo.com/documentation/19.0/applications/hr.html,"Employees, recruitment, attendance, time off, appraisals and HR workflows.",workforce_time,2,APPROVED,Official/primary source authority is relevant to the feature domain; feature-specific requirements remain governed by the canonical dossier and Pass B/C contracts.,2026-08-31
PFD-MAP-F409-1,F409,Attendance regularization,HR & Payroll,ORACLE_HCM,Oracle,Fusion Cloud HCM,Oracle Fusion Cloud Human Capital Management documentation,https://docs.oracle.com/en/cloud/saas/human-resources/,"Employee, workforce, recruiting, time, compensation, performance and HR controls.",decision,1,APPROVED,Official/primary source authority is relevant to the feature domain; feature-specific requirements remain governed by the canonical dossier and Pass B/C contracts.,2026-08-31
PFD-MAP-F409-2,F409,Attendance regularization,HR & Payroll,ODOO_HR,Odoo,Odoo 19 Human Resources,Odoo 19 Human Resources documentation,https://www.odoo.com/documentation/19.0/applications/hr.html,"Employees, recruitment, attendance, time off, appraisals and HR workflows.",decision,2,APPROVED,Official/primary source authority is relevant to the feature domain; feature-specific requirements remain governed by the canonical dossier and Pass B/C contracts.,2026-08-31
PFD-MAP-F410-1,F410,Leave types,HR & Payroll,ORACLE_HCM,Oracle,Fusion Cloud HCM,Oracle Fusion Cloud Human Capital Management documentation,https://docs.oracle.com/en/cloud/saas/human-resources/,"Employee, workforce, recruiting, time, compensation, performance and HR controls.",workforce_time,1,APPROVED,Official/primary source authority is relevant to the feature domain; feature-specific requirements remain governed by the canonical dossier and Pass B/C contracts.,2026-08-31
PFD-MAP-F410-2,F410,Leave types,HR & Payroll,ODOO_HR,Odoo,Odoo 19 Human Resources,Odoo 19 Human Resources documentation,https://www.odoo.com/documentation/19.0/applications/hr.html,"Employees, recruitment, attendance, time off, appraisals and HR workflows.",workforce_time,2,APPROVED,Official/primary source authority is relevant to the feature domain; feature-specific requirements remain governed by the canonical dossier and Pass B/C contracts.,2026-08-31
PFD-MAP-F411-1,F411,Leave policies,HR & Payroll,ORACLE_HCM,Oracle,Fusion Cloud HCM,Oracle Fusion Cloud Human Capital Management documentation,https://docs.oracle.com/en/cloud/saas/human-resources/,"Employee, workforce, recruiting, time, compensation, performance and HR controls.",workforce_time,1,APPROVED,Official/primary source authority is relevant to the feature domain; feature-specific requirements remain governed by the canonical dossier and Pass B/C contracts.,2026-08-31
PFD-MAP-F411-2,F411,Leave policies,HR & Payroll,ODOO_HR,Odoo,Odoo 19 Human Resources,Odoo 19 Human Resources documentation,https://www.odoo.com/documentation/19.0/applications/hr.html,"Employees, recruitment, attendance, time off, appraisals and HR workflows.",workforce_time,2,APPROVED,Official/primary source authority is relevant to the feature domain; feature-specific requirements remain governed by the canonical dossier and Pass B/C contracts.,2026-08-31
PFD-MAP-F412-1,F412,Leave balances,HR & Payroll,ORACLE_HCM,Oracle,Fusion Cloud HCM,Oracle Fusion Cloud Human Capital Management documentation,https://docs.oracle.com/en/cloud/saas/human-resources/,"Employee, workforce, recruiting, time, compensation, performance and HR controls.",workforce_time,1,APPROVED,Official/primary source authority is relevant to the feature domain; feature-specific requirements remain governed by the canonical dossier and Pass B/C contracts.,2026-08-31
PFD-MAP-F412-2,F412,Leave balances,HR & Payroll,ODOO_HR,Odoo,Odoo 19 Human Resources,Odoo 19 Human Resources documentation,https://www.odoo.com/documentation/19.0/applications/hr.html,"Employees, recruitment, attendance, time off, appraisals and HR workflows.",workforce_time,2,APPROVED,Official/primary source authority is relevant to the feature domain; feature-specific requirements remain governed by the canonical dossier and Pass B/C contracts.,2026-08-31
PFD-MAP-F413-1,F413,Leave accrual,HR & Payroll,ORACLE_HCM,Oracle,Fusion Cloud HCM,Oracle Fusion Cloud Human Capital Management documentation,https://docs.oracle.com/en/cloud/saas/human-resources/,"Employee, workforce, recruiting, time, compensation, performance and HR controls.",calculation,1,APPROVED,Official/primary source authority is relevant to the feature domain; feature-specific requirements remain governed by the canonical dossier and Pass B/C contracts.,2026-08-31
PFD-MAP-F413-2,F413,Leave accrual,HR & Payroll,ODOO_HR,Odoo,Odoo 19 Human Resources,Odoo 19 Human Resources documentation,https://www.odoo.com/documentation/19.0/applications/hr.html,"Employees, recruitment, attendance, time off, appraisals and HR workflows.",calculation,2,APPROVED,Official/primary source authority is relevant to the feature domain; feature-specific requirements remain governed by the canonical dossier and Pass B/C contracts.,2026-08-31
PFD-MAP-F414-1,F414,Carry-forward,HR & Payroll,ORACLE_HCM,Oracle,Fusion Cloud HCM,Oracle Fusion Cloud Human Capital Management documentation,https://docs.oracle.com/en/cloud/saas/human-resources/,"Employee, workforce, recruiting, time, compensation, performance and HR controls.",operational,1,APPROVED,Official/primary source authority is relevant to the feature domain; feature-specific requirements remain governed by the canonical dossier and Pass B/C contracts.,2026-08-31
PFD-MAP-F414-2,F414,Carry-forward,HR & Payroll,ODOO_HR,Odoo,Odoo 19 Human Resources,Odoo 19 Human Resources documentation,https://www.odoo.com/documentation/19.0/applications/hr.html,"Employees, recruitment, attendance, time off, appraisals and HR workflows.",operational,2,APPROVED,Official/primary source authority is relevant to the feature domain; feature-specific requirements remain governed by the canonical dossier and Pass B/C contracts.,2026-08-31
PFD-MAP-F415-1,F415,Holiday calendars,HR & Payroll,ORACLE_HCM,Oracle,Fusion Cloud HCM,Oracle Fusion Cloud Human Capital Management documentation,https://docs.oracle.com/en/cloud/saas/human-resources/,"Employee, workforce, recruiting, time, compensation, performance and HR controls.",workforce_time,1,APPROVED,Official/primary source authority is relevant to the feature domain; feature-specific requirements remain governed by the canonical dossier and Pass B/C contracts.,2026-08-31
PFD-MAP-F415-2,F415,Holiday calendars,HR & Payroll,ODOO_HR,Odoo,Odoo 19 Human Resources,Odoo 19 Human Resources documentation,https://www.odoo.com/documentation/19.0/applications/hr.html,"Employees, recruitment, attendance, time off, appraisals and HR workflows.",workforce_time,2,APPROVED,Official/primary source authority is relevant to the feature domain; feature-specific requirements remain governed by the canonical dossier and Pass B/C contracts.,2026-08-31
PFD-MAP-F416-1,F416,Leave requests,HR & Payroll,ORACLE_HCM,Oracle,Fusion Cloud HCM,Oracle Fusion Cloud Human Capital Management documentation,https://docs.oracle.com/en/cloud/saas/human-resources/,"Employee, workforce, recruiting, time, compensation, performance and HR controls.",workforce_time,1,APPROVED,Official/primary source authority is relevant to the feature domain; feature-specific requirements remain governed by the canonical dossier and Pass B/C contracts.,2026-08-31
PFD-MAP-F416-2,F416,Leave requests,HR & Payroll,ODOO_HR,Odoo,Odoo 19 Human Resources,Odoo 19 Human Resources documentation,https://www.odoo.com/documentation/19.0/applications/hr.html,"Employees, recruitment, attendance, time off, appraisals and HR workflows.",workforce_time,2,APPROVED,Official/primary source authority is relevant to the feature domain; feature-specific requirements remain governed by the canonical dossier and Pass B/C contracts.,2026-08-31
PFD-MAP-F417-1,F417,Leave approval,HR & Payroll,ORACLE_HCM,Oracle,Fusion Cloud HCM,Oracle Fusion Cloud Human Capital Management documentation,https://docs.oracle.com/en/cloud/saas/human-resources/,"Employee, workforce, recruiting, time, compensation, performance and HR controls.",decision,1,APPROVED,Official/primary source authority is relevant to the feature domain; feature-specific requirements remain governed by the canonical dossier and Pass B/C contracts.,2026-08-31
PFD-MAP-F417-2,F417,Leave approval,HR & Payroll,ODOO_HR,Odoo,Odoo 19 Human Resources,Odoo 19 Human Resources documentation,https://www.odoo.com/documentation/19.0/applications/hr.html,"Employees, recruitment, attendance, time off, appraisals and HR workflows.",decision,2,APPROVED,Official/primary source authority is relevant to the feature domain; feature-specific requirements remain governed by the canonical dossier and Pass B/C contracts.,2026-08-31
PFD-MAP-F418-1,F418,Salary components,HR & Payroll,ORACLE_HCM,Oracle,Fusion Cloud HCM,Oracle Fusion Cloud Human Capital Management documentation,https://docs.oracle.com/en/cloud/saas/human-resources/,"Employee, workforce, recruiting, time, compensation, performance and HR controls.",operational,1,APPROVED,Official/primary source authority is relevant to the feature domain; feature-specific requirements remain governed by the canonical dossier and Pass B/C contracts.,2026-08-31
PFD-MAP-F418-2,F418,Salary components,HR & Payroll,ODOO_HR,Odoo,Odoo 19 Human Resources,Odoo 19 Human Resources documentation,https://www.odoo.com/documentation/19.0/applications/hr.html,"Employees, recruitment, attendance, time off, appraisals and HR workflows.",operational,2,APPROVED,Official/primary source authority is relevant to the feature domain; feature-specific requirements remain governed by the canonical dossier and Pass B/C contracts.,2026-08-31
PFD-MAP-F419-1,F419,Earnings,HR & Payroll,ORACLE_HCM,Oracle,Fusion Cloud HCM,Oracle Fusion Cloud Human Capital Management documentation,https://docs.oracle.com/en/cloud/saas/human-resources/,"Employee, workforce, recruiting, time, compensation, performance and HR controls.",operational,1,APPROVED,Official/primary source authority is relevant to the feature domain; feature-specific requirements remain governed by the canonical dossier and Pass B/C contracts.,2026-08-31
PFD-MAP-F419-2,F419,Earnings,HR & Payroll,ODOO_HR,Odoo,Odoo 19 Human Resources,Odoo 19 Human Resources documentation,https://www.odoo.com/documentation/19.0/applications/hr.html,"Employees, recruitment, attendance, time off, appraisals and HR workflows.",operational,2,APPROVED,Official/primary source authority is relevant to the feature domain; feature-specific requirements remain governed by the canonical dossier and Pass B/C contracts.,2026-08-31
PFD-MAP-F420-1,F420,Deductions,HR & Payroll,ORACLE_HCM,Oracle,Fusion Cloud HCM,Oracle Fusion Cloud Human Capital Management documentation,https://docs.oracle.com/en/cloud/saas/human-resources/,"Employee, workforce, recruiting, time, compensation, performance and HR controls.",operational,1,APPROVED,Official/primary source authority is relevant to the feature domain; feature-specific requirements remain governed by the canonical dossier and Pass B/C contracts.,2026-08-31
PFD-MAP-F420-2,F420,Deductions,HR & Payroll,ODOO_HR,Odoo,Odoo 19 Human Resources,Odoo 19 Human Resources documentation,https://www.odoo.com/documentation/19.0/applications/hr.html,"Employees, recruitment, attendance, time off, appraisals and HR workflows.",operational,2,APPROVED,Official/primary source authority is relevant to the feature domain; feature-specific requirements remain governed by the canonical dossier and Pass B/C contracts.,2026-08-31
PFD-MAP-F421-1,F421,Salary structures,HR & Payroll,ORACLE_HCM,Oracle,Fusion Cloud HCM,Oracle Fusion Cloud Human Capital Management documentation,https://docs.oracle.com/en/cloud/saas/human-resources/,"Employee, workforce, recruiting, time, compensation, performance and HR controls.",operational,1,APPROVED,Official/primary source authority is relevant to the feature domain; feature-specific requirements remain governed by the canonical dossier and Pass B/C contracts.,2026-08-31
PFD-MAP-F421-2,F421,Salary structures,HR & Payroll,ODOO_HR,Odoo,Odoo 19 Human Resources,Odoo 19 Human Resources documentation,https://www.odoo.com/documentation/19.0/applications/hr.html,"Employees, recruitment, attendance, time off, appraisals and HR workflows.",operational,2,APPROVED,Official/primary source authority is relevant to the feature domain; feature-specific requirements remain governed by the canonical dossier and Pass B/C contracts.,2026-08-31
PFD-MAP-F422-1,F422,Employee compensation assignment,HR & Payroll,ORACLE_HCM,Oracle,Fusion Cloud HCM,Oracle Fusion Cloud Human Capital Management documentation,https://docs.oracle.com/en/cloud/saas/human-resources/,"Employee, workforce, recruiting, time, compensation, performance and HR controls.",decision,1,APPROVED,Official/primary source authority is relevant to the feature domain; feature-specific requirements remain governed by the canonical dossier and Pass B/C contracts.,2026-08-31
PFD-MAP-F422-2,F422,Employee compensation assignment,HR & Payroll,ODOO_HR,Odoo,Odoo 19 Human Resources,Odoo 19 Human Resources documentation,https://www.odoo.com/documentation/19.0/applications/hr.html,"Employees, recruitment, attendance, time off, appraisals and HR workflows.",decision,2,APPROVED,Official/primary source authority is relevant to the feature domain; feature-specific requirements remain governed by the canonical dossier and Pass B/C contracts.,2026-08-31
PFD-MAP-F423-1,F423,Payroll periods,HR & Payroll,ORACLE_HCM,Oracle,Fusion Cloud HCM,Oracle Fusion Cloud Human Capital Management documentation,https://docs.oracle.com/en/cloud/saas/human-resources/,"Employee, workforce, recruiting, time, compensation, performance and HR controls.",operational,1,APPROVED,Official/primary source authority is relevant to the feature domain; feature-specific requirements remain governed by the canonical dossier and Pass B/C contracts.,2026-08-31
PFD-MAP-F423-2,F423,Payroll periods,HR & Payroll,ODOO_HR,Odoo,Odoo 19 Human Resources,Odoo 19 Human Resources documentation,https://www.odoo.com/documentation/19.0/applications/hr.html,"Employees, recruitment, attendance, time off, appraisals and HR workflows.",operational,2,APPROVED,Official/primary source authority is relevant to the feature domain; feature-specific requirements remain governed by the canonical dossier and Pass B/C contracts.,2026-08-31
PFD-MAP-F424-1,F424,Payroll calculation,HR & Payroll,ORACLE_HCM,Oracle,Fusion Cloud HCM,Oracle Fusion Cloud Human Capital Management documentation,https://docs.oracle.com/en/cloud/saas/human-resources/,"Employee, workforce, recruiting, time, compensation, performance and HR controls.",calculation,1,APPROVED,Official/primary source authority is relevant to the feature domain; feature-specific requirements remain governed by the canonical dossier and Pass B/C contracts.,2026-08-31
PFD-MAP-F424-2,F424,Payroll calculation,HR & Payroll,ODOO_HR,Odoo,Odoo 19 Human Resources,Odoo 19 Human Resources documentation,https://www.odoo.com/documentation/19.0/applications/hr.html,"Employees, recruitment, attendance, time off, appraisals and HR workflows.",calculation,2,APPROVED,Official/primary source authority is relevant to the feature domain; feature-specific requirements remain governed by the canonical dossier and Pass B/C contracts.,2026-08-31
PFD-MAP-F425-1,F425,Attendance-based payroll,HR & Payroll,ORACLE_HCM,Oracle,Fusion Cloud HCM,Oracle Fusion Cloud Human Capital Management documentation,https://docs.oracle.com/en/cloud/saas/human-resources/,"Employee, workforce, recruiting, time, compensation, performance and HR controls.",workforce_time,1,APPROVED,Official/primary source authority is relevant to the feature domain; feature-specific requirements remain governed by the canonical dossier and Pass B/C contracts.,2026-08-31
PFD-MAP-F425-2,F425,Attendance-based payroll,HR & Payroll,ODOO_HR,Odoo,Odoo 19 Human Resources,Odoo 19 Human Resources documentation,https://www.odoo.com/documentation/19.0/applications/hr.html,"Employees, recruitment, attendance, time off, appraisals and HR workflows.",workforce_time,2,APPROVED,Official/primary source authority is relevant to the feature domain; feature-specific requirements remain governed by the canonical dossier and Pass B/C contracts.,2026-08-31
PFD-MAP-F426-1,F426,Joining / separation proration,HR & Payroll,ORACLE_HCM,Oracle,Fusion Cloud HCM,Oracle Fusion Cloud Human Capital Management documentation,https://docs.oracle.com/en/cloud/saas/human-resources/,"Employee, workforce, recruiting, time, compensation, performance and HR controls.",calculation,1,APPROVED,Official/primary source authority is relevant to the feature domain; feature-specific requirements remain governed by the canonical dossier and Pass B/C contracts.,2026-08-31
PFD-MAP-F426-2,F426,Joining / separation proration,HR & Payroll,ODOO_HR,Odoo,Odoo 19 Human Resources,Odoo 19 Human Resources documentation,https://www.odoo.com/documentation/19.0/applications/hr.html,"Employees, recruitment, attendance, time off, appraisals and HR workflows.",calculation,2,APPROVED,Official/primary source authority is relevant to the feature domain; feature-specific requirements remain governed by the canonical dossier and Pass B/C contracts.,2026-08-31
PFD-MAP-F427-1,F427,Overtime calculation,HR & Payroll,ORACLE_HCM,Oracle,Fusion Cloud HCM,Oracle Fusion Cloud Human Capital Management documentation,https://docs.oracle.com/en/cloud/saas/human-resources/,"Employee, workforce, recruiting, time, compensation, performance and HR controls.",calculation,1,APPROVED,Official/primary source authority is relevant to the feature domain; feature-specific requirements remain governed by the canonical dossier and Pass B/C contracts.,2026-08-31
PFD-MAP-F427-2,F427,Overtime calculation,HR & Payroll,ODOO_HR,Odoo,Odoo 19 Human Resources,Odoo 19 Human Resources documentation,https://www.odoo.com/documentation/19.0/applications/hr.html,"Employees, recruitment, attendance, time off, appraisals and HR workflows.",calculation,2,APPROVED,Official/primary source authority is relevant to the feature domain; feature-specific requirements remain governed by the canonical dossier and Pass B/C contracts.,2026-08-31
PFD-MAP-F428-1,F428,Bonus,HR & Payroll,ORACLE_HCM,Oracle,Fusion Cloud HCM,Oracle Fusion Cloud Human Capital Management documentation,https://docs.oracle.com/en/cloud/saas/human-resources/,"Employee, workforce, recruiting, time, compensation, performance and HR controls.",operational,1,APPROVED,Official/primary source authority is relevant to the feature domain; feature-specific requirements remain governed by the canonical dossier and Pass B/C contracts.,2026-08-31
PFD-MAP-F428-2,F428,Bonus,HR & Payroll,ODOO_HR,Odoo,Odoo 19 Human Resources,Odoo 19 Human Resources documentation,https://www.odoo.com/documentation/19.0/applications/hr.html,"Employees, recruitment, attendance, time off, appraisals and HR workflows.",operational,2,APPROVED,Official/primary source authority is relevant to the feature domain; feature-specific requirements remain governed by the canonical dossier and Pass B/C contracts.,2026-08-31
PFD-MAP-F429-1,F429,Incentives,HR & Payroll,ORACLE_HCM,Oracle,Fusion Cloud HCM,Oracle Fusion Cloud Human Capital Management documentation,https://docs.oracle.com/en/cloud/saas/human-resources/,"Employee, workforce, recruiting, time, compensation, performance and HR controls.",operational,1,APPROVED,Official/primary source authority is relevant to the feature domain; feature-specific requirements remain governed by the canonical dossier and Pass B/C contracts.,2026-08-31
PFD-MAP-F429-2,F429,Incentives,HR & Payroll,ODOO_HR,Odoo,Odoo 19 Human Resources,Odoo 19 Human Resources documentation,https://www.odoo.com/documentation/19.0/applications/hr.html,"Employees, recruitment, attendance, time off, appraisals and HR workflows.",operational,2,APPROVED,Official/primary source authority is relevant to the feature domain; feature-specific requirements remain governed by the canonical dossier and Pass B/C contracts.,2026-08-31
PFD-MAP-F430-1,F430,Reimbursements,HR & Payroll,ORACLE_HCM,Oracle,Fusion Cloud HCM,Oracle Fusion Cloud Human Capital Management documentation,https://docs.oracle.com/en/cloud/saas/human-resources/,"Employee, workforce, recruiting, time, compensation, performance and HR controls.",operational,1,APPROVED,Official/primary source authority is relevant to the feature domain; feature-specific requirements remain governed by the canonical dossier and Pass B/C contracts.,2026-08-31
PFD-MAP-F430-2,F430,Reimbursements,HR & Payroll,ODOO_HR,Odoo,Odoo 19 Human Resources,Odoo 19 Human Resources documentation,https://www.odoo.com/documentation/19.0/applications/hr.html,"Employees, recruitment, attendance, time off, appraisals and HR workflows.",operational,2,APPROVED,Official/primary source authority is relevant to the feature domain; feature-specific requirements remain governed by the canonical dossier and Pass B/C contracts.,2026-08-31
PFD-MAP-F431-1,F431,Loans and salary advances,HR & Payroll,ORACLE_HCM,Oracle,Fusion Cloud HCM,Oracle Fusion Cloud Human Capital Management documentation,https://docs.oracle.com/en/cloud/saas/human-resources/,"Employee, workforce, recruiting, time, compensation, performance and HR controls.",money_movement,1,APPROVED,Official/primary source authority is relevant to the feature domain; feature-specific requirements remain governed by the canonical dossier and Pass B/C contracts.,2026-08-31
PFD-MAP-F431-2,F431,Loans and salary advances,HR & Payroll,ODOO_HR,Odoo,Odoo 19 Human Resources,Odoo 19 Human Resources documentation,https://www.odoo.com/documentation/19.0/applications/hr.html,"Employees, recruitment, attendance, time off, appraisals and HR workflows.",money_movement,2,APPROVED,Official/primary source authority is relevant to the feature domain; feature-specific requirements remain governed by the canonical dossier and Pass B/C contracts.,2026-08-31
PFD-MAP-F432-1,F432,Arrears,HR & Payroll,ORACLE_HCM,Oracle,Fusion Cloud HCM,Oracle Fusion Cloud Human Capital Management documentation,https://docs.oracle.com/en/cloud/saas/human-resources/,"Employee, workforce, recruiting, time, compensation, performance and HR controls.",operational,1,APPROVED,Official/primary source authority is relevant to the feature domain; feature-specific requirements remain governed by the canonical dossier and Pass B/C contracts.,2026-08-31
PFD-MAP-F432-2,F432,Arrears,HR & Payroll,ODOO_HR,Odoo,Odoo 19 Human Resources,Odoo 19 Human Resources documentation,https://www.odoo.com/documentation/19.0/applications/hr.html,"Employees, recruitment, attendance, time off, appraisals and HR workflows.",operational,2,APPROVED,Official/primary source authority is relevant to the feature domain; feature-specific requirements remain governed by the canonical dossier and Pass B/C contracts.,2026-08-31
PFD-MAP-F433-1,F433,Final settlement,HR & Payroll,ORACLE_HCM,Oracle,Fusion Cloud HCM,Oracle Fusion Cloud Human Capital Management documentation,https://docs.oracle.com/en/cloud/saas/human-resources/,"Employee, workforce, recruiting, time, compensation, performance and HR controls.",operational,1,APPROVED,Official/primary source authority is relevant to the feature domain; feature-specific requirements remain governed by the canonical dossier and Pass B/C contracts.,2026-08-31
PFD-MAP-F433-2,F433,Final settlement,HR & Payroll,ODOO_HR,Odoo,Odoo 19 Human Resources,Odoo 19 Human Resources documentation,https://www.odoo.com/documentation/19.0/applications/hr.html,"Employees, recruitment, attendance, time off, appraisals and HR workflows.",operational,2,APPROVED,Official/primary source authority is relevant to the feature domain; feature-specific requirements remain governed by the canonical dossier and Pass B/C contracts.,2026-08-31
PFD-MAP-F434-1,F434,Payroll approval,HR & Payroll,ORACLE_HCM,Oracle,Fusion Cloud HCM,Oracle Fusion Cloud Human Capital Management documentation,https://docs.oracle.com/en/cloud/saas/human-resources/,"Employee, workforce, recruiting, time, compensation, performance and HR controls.",decision,1,APPROVED,Official/primary source authority is relevant to the feature domain; feature-specific requirements remain governed by the canonical dossier and Pass B/C contracts.,2026-08-31
PFD-MAP-F434-2,F434,Payroll approval,HR & Payroll,ODOO_HR,Odoo,Odoo 19 Human Resources,Odoo 19 Human Resources documentation,https://www.odoo.com/documentation/19.0/applications/hr.html,"Employees, recruitment, attendance, time off, appraisals and HR workflows.",decision,2,APPROVED,Official/primary source authority is relevant to the feature domain; feature-specific requirements remain governed by the canonical dossier and Pass B/C contracts.,2026-08-31
PFD-MAP-F435-1,F435,Payslips,HR & Payroll,ORACLE_HCM,Oracle,Fusion Cloud HCM,Oracle Fusion Cloud Human Capital Management documentation,https://docs.oracle.com/en/cloud/saas/human-resources/,"Employee, workforce, recruiting, time, compensation, performance and HR controls.",document,1,APPROVED,Official/primary source authority is relevant to the feature domain; feature-specific requirements remain governed by the canonical dossier and Pass B/C contracts.,2026-08-31
PFD-MAP-F435-2,F435,Payslips,HR & Payroll,ODOO_HR,Odoo,Odoo 19 Human Resources,Odoo 19 Human Resources documentation,https://www.odoo.com/documentation/19.0/applications/hr.html,"Employees, recruitment, attendance, time off, appraisals and HR workflows.",document,2,APPROVED,Official/primary source authority is relevant to the feature domain; feature-specific requirements remain governed by the canonical dossier and Pass B/C contracts.,2026-08-31
PFD-MAP-F436-1,F436,Bank-transfer file,HR & Payroll,ORACLE_HCM,Oracle,Fusion Cloud HCM,Oracle Fusion Cloud Human Capital Management documentation,https://docs.oracle.com/en/cloud/saas/human-resources/,"Employee, workforce, recruiting, time, compensation, performance and HR controls.",money_movement,1,APPROVED,Official/primary source authority is relevant to the feature domain; feature-specific requirements remain governed by the canonical dossier and Pass B/C contracts.,2026-08-31
PFD-MAP-F436-2,F436,Bank-transfer file,HR & Payroll,ODOO_HR,Odoo,Odoo 19 Human Resources,Odoo 19 Human Resources documentation,https://www.odoo.com/documentation/19.0/applications/hr.html,"Employees, recruitment, attendance, time off, appraisals and HR workflows.",money_movement,2,APPROVED,Official/primary source authority is relevant to the feature domain; feature-specific requirements remain governed by the canonical dossier and Pass B/C contracts.,2026-08-31
PFD-MAP-F437-1,F437,Payroll accounting posting,HR & Payroll,ORACLE_HCM,Oracle,Fusion Cloud HCM,Oracle Fusion Cloud Human Capital Management documentation,https://docs.oracle.com/en/cloud/saas/human-resources/,"Employee, workforce, recruiting, time, compensation, performance and HR controls.",operational,1,APPROVED,Official/primary source authority is relevant to the feature domain; feature-specific requirements remain governed by the canonical dossier and Pass B/C contracts.,2026-08-31
PFD-MAP-F437-2,F437,Payroll accounting posting,HR & Payroll,ODOO_HR,Odoo,Odoo 19 Human Resources,Odoo 19 Human Resources documentation,https://www.odoo.com/documentation/19.0/applications/hr.html,"Employees, recruitment, attendance, time off, appraisals and HR workflows.",operational,2,APPROVED,Official/primary source authority is relevant to the feature domain; feature-specific requirements remain governed by the canonical dossier and Pass B/C contracts.,2026-08-31
PFD-MAP-F438-1,F438,Payroll reconciliation,HR & Payroll,ORACLE_HCM,Oracle,Fusion Cloud HCM,Oracle Fusion Cloud Human Capital Management documentation,https://docs.oracle.com/en/cloud/saas/human-resources/,"Employee, workforce, recruiting, time, compensation, performance and HR controls.",money_movement,1,APPROVED,Official/primary source authority is relevant to the feature domain; feature-specific requirements remain governed by the canonical dossier and Pass B/C contracts.,2026-08-31
PFD-MAP-F438-2,F438,Payroll reconciliation,HR & Payroll,ODOO_HR,Odoo,Odoo 19 Human Resources,Odoo 19 Human Resources documentation,https://www.odoo.com/documentation/19.0/applications/hr.html,"Employees, recruitment, attendance, time off, appraisals and HR workflows.",money_movement,2,APPROVED,Official/primary source authority is relevant to the feature domain; feature-specific requirements remain governed by the canonical dossier and Pass B/C contracts.,2026-08-31
PFD-MAP-F439-1,F439,Provident Fund (PF),HR & Payroll,ORACLE_HCM,Oracle,Fusion Cloud HCM,Oracle Fusion Cloud Human Capital Management documentation,https://docs.oracle.com/en/cloud/saas/human-resources/,"Employee, workforce, recruiting, time, compensation, performance and HR controls.",calculation,1,APPROVED,Official/primary source authority is relevant to the feature domain; feature-specific requirements remain governed by the canonical dossier and Pass B/C contracts.,2026-08-31
PFD-MAP-F439-2,F439,Provident Fund (PF),HR & Payroll,EPFO,Government of India / EPFO,EPFO,Employees Provident Fund Organisation,https://www.epfindia.gov.in/,Primary authority for provident-fund administration and applicable statutory updates.,calculation,2,APPROVED,Official/primary source authority is relevant to the feature domain; feature-specific requirements remain governed by the canonical dossier and Pass B/C contracts.,2026-08-31
PFD-MAP-F440-1,F440,ESIC,HR & Payroll,ORACLE_HCM,Oracle,Fusion Cloud HCM,Oracle Fusion Cloud Human Capital Management documentation,https://docs.oracle.com/en/cloud/saas/human-resources/,"Employee, workforce, recruiting, time, compensation, performance and HR controls.",calculation,1,APPROVED,Official/primary source authority is relevant to the feature domain; feature-specific requirements remain governed by the canonical dossier and Pass B/C contracts.,2026-08-31
PFD-MAP-F440-2,F440,ESIC,HR & Payroll,ESIC,Government of India / ESIC,ESIC,Employees State Insurance Corporation,https://www.esic.gov.in/,Primary authority for ESI administration and applicable statutory updates.,calculation,2,APPROVED,Official/primary source authority is relevant to the feature domain; feature-specific requirements remain governed by the canonical dossier and Pass B/C contracts.,2026-08-31
PFD-MAP-F441-1,F441,Professional Tax,HR & Payroll,ORACLE_HCM,Oracle,Fusion Cloud HCM,Oracle Fusion Cloud Human Capital Management documentation,https://docs.oracle.com/en/cloud/saas/human-resources/,"Employee, workforce, recruiting, time, compensation, performance and HR controls.",calculation,1,APPROVED,Official/primary source authority is relevant to the feature domain; feature-specific requirements remain governed by the canonical dossier and Pass B/C contracts.,2026-08-31
PFD-MAP-F441-2,F441,Professional Tax,HR & Payroll,LABOUR,Government of India,Ministry of Labour & Employment,Ministry of Labour & Employment,https://labour.gov.in/,Primary labour-policy/statutory authority context; state-specific rules remain effective-dated configuration.,calculation,2,APPROVED,Official/primary source authority is relevant to the feature domain; feature-specific requirements remain governed by the canonical dossier and Pass B/C contracts.,2026-08-31
PFD-MAP-F442-1,F442,TDS,HR & Payroll,ORACLE_HCM,Oracle,Fusion Cloud HCM,Oracle Fusion Cloud Human Capital Management documentation,https://docs.oracle.com/en/cloud/saas/human-resources/,"Employee, workforce, recruiting, time, compensation, performance and HR controls.",calculation,1,APPROVED,Official/primary source authority is relevant to the feature domain; feature-specific requirements remain governed by the canonical dossier and Pass B/C contracts.,2026-08-31
PFD-MAP-F442-2,F442,TDS,HR & Payroll,INCOME_TAX,Government of India,Income Tax Department,Income Tax Department portal,https://www.incometax.gov.in/,Primary authority context for income-tax/TDS rules and statutory updates.,calculation,2,APPROVED,Official/primary source authority is relevant to the feature domain; feature-specific requirements remain governed by the canonical dossier and Pass B/C contracts.,2026-08-31
PFD-MAP-F443-1,F443,Labour Welfare Fund where applicable,HR & Payroll,ORACLE_HCM,Oracle,Fusion Cloud HCM,Oracle Fusion Cloud Human Capital Management documentation,https://docs.oracle.com/en/cloud/saas/human-resources/,"Employee, workforce, recruiting, time, compensation, performance and HR controls.",operational,1,APPROVED,Official/primary source authority is relevant to the feature domain; feature-specific requirements remain governed by the canonical dossier and Pass B/C contracts.,2026-08-31
PFD-MAP-F443-2,F443,Labour Welfare Fund where applicable,HR & Payroll,LABOUR,Government of India,Ministry of Labour & Employment,Ministry of Labour & Employment,https://labour.gov.in/,Primary labour-policy/statutory authority context; state-specific rules remain effective-dated configuration.,operational,2,APPROVED,Official/primary source authority is relevant to the feature domain; feature-specific requirements remain governed by the canonical dossier and Pass B/C contracts.,2026-08-31
PFD-MAP-F444-1,F444,Gratuity,HR & Payroll,ORACLE_HCM,Oracle,Fusion Cloud HCM,Oracle Fusion Cloud Human Capital Management documentation,https://docs.oracle.com/en/cloud/saas/human-resources/,"Employee, workforce, recruiting, time, compensation, performance and HR controls.",calculation,1,APPROVED,Official/primary source authority is relevant to the feature domain; feature-specific requirements remain governed by the canonical dossier and Pass B/C contracts.,2026-08-31
PFD-MAP-F444-2,F444,Gratuity,HR & Payroll,LABOUR,Government of India,Ministry of Labour & Employment,Ministry of Labour & Employment,https://labour.gov.in/,Primary labour-policy/statutory authority context; state-specific rules remain effective-dated configuration.,calculation,2,APPROVED,Official/primary source authority is relevant to the feature domain; feature-specific requirements remain governed by the canonical dossier and Pass B/C contracts.,2026-08-31
PFD-MAP-F445-1,F445,Statutory reports,HR & Payroll,ORACLE_HCM,Oracle,Fusion Cloud HCM,Oracle Fusion Cloud Human Capital Management documentation,https://docs.oracle.com/en/cloud/saas/human-resources/,"Employee, workforce, recruiting, time, compensation, performance and HR controls.",analytics,1,APPROVED,Official/primary source authority is relevant to the feature domain; feature-specific requirements remain governed by the canonical dossier and Pass B/C contracts.,2026-08-31
PFD-MAP-F445-2,F445,Statutory reports,HR & Payroll,EPFO,Government of India / EPFO,EPFO,Employees Provident Fund Organisation,https://www.epfindia.gov.in/,Primary authority for provident-fund administration and applicable statutory updates.,analytics,2,APPROVED,Official/primary source authority is relevant to the feature domain; feature-specific requirements remain governed by the canonical dossier and Pass B/C contracts.,2026-08-31
PFD-MAP-F446-1,F446,State-specific statutory configuration,HR & Payroll,ORACLE_HCM,Oracle,Fusion Cloud HCM,Oracle Fusion Cloud Human Capital Management documentation,https://docs.oracle.com/en/cloud/saas/human-resources/,"Employee, workforce, recruiting, time, compensation, performance and HR controls.",operational,1,APPROVED,Official/primary source authority is relevant to the feature domain; feature-specific requirements remain governed by the canonical dossier and Pass B/C contracts.,2026-08-31
PFD-MAP-F446-2,F446,State-specific statutory configuration,HR & Payroll,INCOME_TAX,Government of India,Income Tax Department,Income Tax Department portal,https://www.incometax.gov.in/,Primary authority context for income-tax/TDS rules and statutory updates.,operational,2,APPROVED,Official/primary source authority is relevant to the feature domain; feature-specific requirements remain governed by the canonical dossier and Pass B/C contracts.,2026-08-31
PFD-MAP-F447-1,F447,Payroll compliance reports,HR & Payroll,ORACLE_HCM,Oracle,Fusion Cloud HCM,Oracle Fusion Cloud Human Capital Management documentation,https://docs.oracle.com/en/cloud/saas/human-resources/,"Employee, workforce, recruiting, time, compensation, performance and HR controls.",analytics,1,APPROVED,Official/primary source authority is relevant to the feature domain; feature-specific requirements remain governed by the canonical dossier and Pass B/C contracts.,2026-08-31
PFD-MAP-F447-2,F447,Payroll compliance reports,HR & Payroll,EPFO,Government of India / EPFO,EPFO,Employees Provident Fund Organisation,https://www.epfindia.gov.in/,Primary authority for provident-fund administration and applicable statutory updates.,analytics,2,APPROVED,Official/primary source authority is relevant to the feature domain; feature-specific requirements remain governed by the canonical dossier and Pass B/C contracts.,2026-08-31
PFD-MAP-F448-1,F448,Goals,HR & Payroll,ORACLE_HCM,Oracle,Fusion Cloud HCM,Oracle Fusion Cloud Human Capital Management documentation,https://docs.oracle.com/en/cloud/saas/human-resources/,"Employee, workforce, recruiting, time, compensation, performance and HR controls.",operational,1,APPROVED,Official/primary source authority is relevant to the feature domain; feature-specific requirements remain governed by the canonical dossier and Pass B/C contracts.,2026-08-31
PFD-MAP-F448-2,F448,Goals,HR & Payroll,ODOO_HR,Odoo,Odoo 19 Human Resources,Odoo 19 Human Resources documentation,https://www.odoo.com/documentation/19.0/applications/hr.html,"Employees, recruitment, attendance, time off, appraisals and HR workflows.",operational,2,APPROVED,Official/primary source authority is relevant to the feature domain; feature-specific requirements remain governed by the canonical dossier and Pass B/C contracts.,2026-08-31
PFD-MAP-F449-1,F449,Appraisals,HR & Payroll,ORACLE_HCM,Oracle,Fusion Cloud HCM,Oracle Fusion Cloud Human Capital Management documentation,https://docs.oracle.com/en/cloud/saas/human-resources/,"Employee, workforce, recruiting, time, compensation, performance and HR controls.",operational,1,APPROVED,Official/primary source authority is relevant to the feature domain; feature-specific requirements remain governed by the canonical dossier and Pass B/C contracts.,2026-08-31
PFD-MAP-F449-2,F449,Appraisals,HR & Payroll,ODOO_HR,Odoo,Odoo 19 Human Resources,Odoo 19 Human Resources documentation,https://www.odoo.com/documentation/19.0/applications/hr.html,"Employees, recruitment, attendance, time off, appraisals and HR workflows.",operational,2,APPROVED,Official/primary source authority is relevant to the feature domain; feature-specific requirements remain governed by the canonical dossier and Pass B/C contracts.,2026-08-31
PFD-MAP-F450-1,F450,Performance reviews,HR & Payroll,ORACLE_HCM,Oracle,Fusion Cloud HCM,Oracle Fusion Cloud Human Capital Management documentation,https://docs.oracle.com/en/cloud/saas/human-resources/,"Employee, workforce, recruiting, time, compensation, performance and HR controls.",operational,1,APPROVED,Official/primary source authority is relevant to the feature domain; feature-specific requirements remain governed by the canonical dossier and Pass B/C contracts.,2026-08-31
PFD-MAP-F450-2,F450,Performance reviews,HR & Payroll,ODOO_HR,Odoo,Odoo 19 Human Resources,Odoo 19 Human Resources documentation,https://www.odoo.com/documentation/19.0/applications/hr.html,"Employees, recruitment, attendance, time off, appraisals and HR workflows.",operational,2,APPROVED,Official/primary source authority is relevant to the feature domain; feature-specific requirements remain governed by the canonical dossier and Pass B/C contracts.,2026-08-31
PFD-MAP-F451-1,F451,Skills,HR & Payroll,ORACLE_HCM,Oracle,Fusion Cloud HCM,Oracle Fusion Cloud Human Capital Management documentation,https://docs.oracle.com/en/cloud/saas/human-resources/,"Employee, workforce, recruiting, time, compensation, performance and HR controls.",operational,1,APPROVED,Official/primary source authority is relevant to the feature domain; feature-specific requirements remain governed by the canonical dossier and Pass B/C contracts.,2026-08-31
PFD-MAP-F451-2,F451,Skills,HR & Payroll,ODOO_HR,Odoo,Odoo 19 Human Resources,Odoo 19 Human Resources documentation,https://www.odoo.com/documentation/19.0/applications/hr.html,"Employees, recruitment, attendance, time off, appraisals and HR workflows.",operational,2,APPROVED,Official/primary source authority is relevant to the feature domain; feature-specific requirements remain governed by the canonical dossier and Pass B/C contracts.,2026-08-31
PFD-MAP-F452-1,F452,Training,HR & Payroll,ORACLE_HCM,Oracle,Fusion Cloud HCM,Oracle Fusion Cloud Human Capital Management documentation,https://docs.oracle.com/en/cloud/saas/human-resources/,"Employee, workforce, recruiting, time, compensation, performance and HR controls.",operational,1,APPROVED,Official/primary source authority is relevant to the feature domain; feature-specific requirements remain governed by the canonical dossier and Pass B/C contracts.,2026-08-31
PFD-MAP-F452-2,F452,Training,HR & Payroll,ODOO_HR,Odoo,Odoo 19 Human Resources,Odoo 19 Human Resources documentation,https://www.odoo.com/documentation/19.0/applications/hr.html,"Employees, recruitment, attendance, time off, appraisals and HR workflows.",operational,2,APPROVED,Official/primary source authority is relevant to the feature domain; feature-specific requirements remain governed by the canonical dossier and Pass B/C contracts.,2026-08-31
PFD-MAP-F453-1,F453,Chart of Accounts,Accounting / Finance,MS_FIN,Microsoft,Dynamics 365 Finance,Dynamics 365 Finance documentation,https://learn.microsoft.com/en-us/dynamics365/finance/,"General ledger, AP, AR, budgeting, fixed assets, cash/bank, credit and financial controls.",operational,1,APPROVED,Official/primary source authority is relevant to the feature domain; feature-specific requirements remain governed by the canonical dossier and Pass B/C contracts.,2026-08-31
PFD-MAP-F453-2,F453,Chart of Accounts,Accounting / Finance,ORACLE_FIN,Oracle,Fusion Cloud Financials,Oracle Fusion Cloud Financials documentation,https://docs.oracle.com/en/cloud/saas/financials/,"General ledger, payables, receivables, cash management, tax and financial reporting.",operational,2,APPROVED,Official/primary source authority is relevant to the feature domain; feature-specific requirements remain governed by the canonical dossier and Pass B/C contracts.,2026-08-31
PFD-MAP-F454-1,F454,General Ledger,Accounting / Finance,MS_FIN,Microsoft,Dynamics 365 Finance,Dynamics 365 Finance documentation,https://learn.microsoft.com/en-us/dynamics365/finance/,"General ledger, AP, AR, budgeting, fixed assets, cash/bank, credit and financial controls.",operational,1,APPROVED,Official/primary source authority is relevant to the feature domain; feature-specific requirements remain governed by the canonical dossier and Pass B/C contracts.,2026-08-31
PFD-MAP-F454-2,F454,General Ledger,Accounting / Finance,ORACLE_FIN,Oracle,Fusion Cloud Financials,Oracle Fusion Cloud Financials documentation,https://docs.oracle.com/en/cloud/saas/financials/,"General ledger, payables, receivables, cash management, tax and financial reporting.",operational,2,APPROVED,Official/primary source authority is relevant to the feature domain; feature-specific requirements remain governed by the canonical dossier and Pass B/C contracts.,2026-08-31
PFD-MAP-F455-1,F455,Journal entries,Accounting / Finance,MS_FIN,Microsoft,Dynamics 365 Finance,Dynamics 365 Finance documentation,https://learn.microsoft.com/en-us/dynamics365/finance/,"General ledger, AP, AR, budgeting, fixed assets, cash/bank, credit and financial controls.",operational,1,APPROVED,Official/primary source authority is relevant to the feature domain; feature-specific requirements remain governed by the canonical dossier and Pass B/C contracts.,2026-08-31
PFD-MAP-F455-2,F455,Journal entries,Accounting / Finance,ORACLE_FIN,Oracle,Fusion Cloud Financials,Oracle Fusion Cloud Financials documentation,https://docs.oracle.com/en/cloud/saas/financials/,"General ledger, payables, receivables, cash management, tax and financial reporting.",operational,2,APPROVED,Official/primary source authority is relevant to the feature domain; feature-specific requirements remain governed by the canonical dossier and Pass B/C contracts.,2026-08-31
PFD-MAP-F456-1,F456,Double-entry enforcement,Accounting / Finance,MS_FIN,Microsoft,Dynamics 365 Finance,Dynamics 365 Finance documentation,https://learn.microsoft.com/en-us/dynamics365/finance/,"General ledger, AP, AR, budgeting, fixed assets, cash/bank, credit and financial controls.",operational,1,APPROVED,Official/primary source authority is relevant to the feature domain; feature-specific requirements remain governed by the canonical dossier and Pass B/C contracts.,2026-08-31
PFD-MAP-F456-2,F456,Double-entry enforcement,Accounting / Finance,ORACLE_FIN,Oracle,Fusion Cloud Financials,Oracle Fusion Cloud Financials documentation,https://docs.oracle.com/en/cloud/saas/financials/,"General ledger, payables, receivables, cash management, tax and financial reporting.",operational,2,APPROVED,Official/primary source authority is relevant to the feature domain; feature-specific requirements remain governed by the canonical dossier and Pass B/C contracts.,2026-08-31
PFD-MAP-F457-1,F457,Fiscal years,Accounting / Finance,MS_FIN,Microsoft,Dynamics 365 Finance,Dynamics 365 Finance documentation,https://learn.microsoft.com/en-us/dynamics365/finance/,"General ledger, AP, AR, budgeting, fixed assets, cash/bank, credit and financial controls.",operational,1,APPROVED,Official/primary source authority is relevant to the feature domain; feature-specific requirements remain governed by the canonical dossier and Pass B/C contracts.,2026-08-31
PFD-MAP-F457-2,F457,Fiscal years,Accounting / Finance,ORACLE_FIN,Oracle,Fusion Cloud Financials,Oracle Fusion Cloud Financials documentation,https://docs.oracle.com/en/cloud/saas/financials/,"General ledger, payables, receivables, cash management, tax and financial reporting.",operational,2,APPROVED,Official/primary source authority is relevant to the feature domain; feature-specific requirements remain governed by the canonical dossier and Pass B/C contracts.,2026-08-31
PFD-MAP-F458-1,F458,Accounting periods,Accounting / Finance,MS_FIN,Microsoft,Dynamics 365 Finance,Dynamics 365 Finance documentation,https://learn.microsoft.com/en-us/dynamics365/finance/,"General ledger, AP, AR, budgeting, fixed assets, cash/bank, credit and financial controls.",operational,1,APPROVED,Official/primary source authority is relevant to the feature domain; feature-specific requirements remain governed by the canonical dossier and Pass B/C contracts.,2026-08-31
PFD-MAP-F458-2,F458,Accounting periods,Accounting / Finance,ORACLE_FIN,Oracle,Fusion Cloud Financials,Oracle Fusion Cloud Financials documentation,https://docs.oracle.com/en/cloud/saas/financials/,"General ledger, payables, receivables, cash management, tax and financial reporting.",operational,2,APPROVED,Official/primary source authority is relevant to the feature domain; feature-specific requirements remain governed by the canonical dossier and Pass B/C contracts.,2026-08-31
PFD-MAP-F459-1,F459,Period locks,Accounting / Finance,MS_FIN,Microsoft,Dynamics 365 Finance,Dynamics 365 Finance documentation,https://learn.microsoft.com/en-us/dynamics365/finance/,"General ledger, AP, AR, budgeting, fixed assets, cash/bank, credit and financial controls.",operational,1,APPROVED,Official/primary source authority is relevant to the feature domain; feature-specific requirements remain governed by the canonical dossier and Pass B/C contracts.,2026-08-31
PFD-MAP-F459-2,F459,Period locks,Accounting / Finance,ORACLE_FIN,Oracle,Fusion Cloud Financials,Oracle Fusion Cloud Financials documentation,https://docs.oracle.com/en/cloud/saas/financials/,"General ledger, payables, receivables, cash management, tax and financial reporting.",operational,2,APPROVED,Official/primary source authority is relevant to the feature domain; feature-specific requirements remain governed by the canonical dossier and Pass B/C contracts.,2026-08-31
PFD-MAP-F460-1,F460,Cost centres,Accounting / Finance,MS_FIN,Microsoft,Dynamics 365 Finance,Dynamics 365 Finance documentation,https://learn.microsoft.com/en-us/dynamics365/finance/,"General ledger, AP, AR, budgeting, fixed assets, cash/bank, credit and financial controls.",calculation,1,APPROVED,Official/primary source authority is relevant to the feature domain; feature-specific requirements remain governed by the canonical dossier and Pass B/C contracts.,2026-08-31
PFD-MAP-F460-2,F460,Cost centres,Accounting / Finance,ORACLE_FIN,Oracle,Fusion Cloud Financials,Oracle Fusion Cloud Financials documentation,https://docs.oracle.com/en/cloud/saas/financials/,"General ledger, payables, receivables, cash management, tax and financial reporting.",calculation,2,APPROVED,Official/primary source authority is relevant to the feature domain; feature-specific requirements remain governed by the canonical dossier and Pass B/C contracts.,2026-08-31
PFD-MAP-F461-1,F461,Departments / financial dimensions,Accounting / Finance,MS_FIN,Microsoft,Dynamics 365 Finance,Dynamics 365 Finance documentation,https://learn.microsoft.com/en-us/dynamics365/finance/,"General ledger, AP, AR, budgeting, fixed assets, cash/bank, credit and financial controls.",master_config,1,APPROVED,Official/primary source authority is relevant to the feature domain; feature-specific requirements remain governed by the canonical dossier and Pass B/C contracts.,2026-08-31
PFD-MAP-F461-2,F461,Departments / financial dimensions,Accounting / Finance,ORACLE_FIN,Oracle,Fusion Cloud Financials,Oracle Fusion Cloud Financials documentation,https://docs.oracle.com/en/cloud/saas/financials/,"General ledger, payables, receivables, cash management, tax and financial reporting.",master_config,2,APPROVED,Official/primary source authority is relevant to the feature domain; feature-specific requirements remain governed by the canonical dossier and Pass B/C contracts.,2026-08-31
PFD-MAP-F462-1,F462,Custom accounting dimensions,Accounting / Finance,MS_FIN,Microsoft,Dynamics 365 Finance,Dynamics 365 Finance documentation,https://learn.microsoft.com/en-us/dynamics365/finance/,"General ledger, AP, AR, budgeting, fixed assets, cash/bank, credit and financial controls.",operational,1,APPROVED,Official/primary source authority is relevant to the feature domain; feature-specific requirements remain governed by the canonical dossier and Pass B/C contracts.,2026-08-31
PFD-MAP-F462-2,F462,Custom accounting dimensions,Accounting / Finance,ORACLE_FIN,Oracle,Fusion Cloud Financials,Oracle Fusion Cloud Financials documentation,https://docs.oracle.com/en/cloud/saas/financials/,"General ledger, payables, receivables, cash management, tax and financial reporting.",operational,2,APPROVED,Official/primary source authority is relevant to the feature domain; feature-specific requirements remain governed by the canonical dossier and Pass B/C contracts.,2026-08-31
PFD-MAP-F463-1,F463,Customer invoices,Accounting / Finance,MS_FIN,Microsoft,Dynamics 365 Finance,Dynamics 365 Finance documentation,https://learn.microsoft.com/en-us/dynamics365/finance/,"General ledger, AP, AR, budgeting, fixed assets, cash/bank, credit and financial controls.",document,1,APPROVED,Official/primary source authority is relevant to the feature domain; feature-specific requirements remain governed by the canonical dossier and Pass B/C contracts.,2026-08-31
PFD-MAP-F463-2,F463,Customer invoices,Accounting / Finance,ORACLE_FIN,Oracle,Fusion Cloud Financials,Oracle Fusion Cloud Financials documentation,https://docs.oracle.com/en/cloud/saas/financials/,"General ledger, payables, receivables, cash management, tax and financial reporting.",document,2,APPROVED,Official/primary source authority is relevant to the feature domain; feature-specific requirements remain governed by the canonical dossier and Pass B/C contracts.,2026-08-31
PFD-MAP-F464-1,F464,Credit notes,Accounting / Finance,MS_FIN,Microsoft,Dynamics 365 Finance,Dynamics 365 Finance documentation,https://learn.microsoft.com/en-us/dynamics365/finance/,"General ledger, AP, AR, budgeting, fixed assets, cash/bank, credit and financial controls.",document,1,APPROVED,Official/primary source authority is relevant to the feature domain; feature-specific requirements remain governed by the canonical dossier and Pass B/C contracts.,2026-08-31
PFD-MAP-F464-2,F464,Credit notes,Accounting / Finance,ORACLE_FIN,Oracle,Fusion Cloud Financials,Oracle Fusion Cloud Financials documentation,https://docs.oracle.com/en/cloud/saas/financials/,"General ledger, payables, receivables, cash management, tax and financial reporting.",document,2,APPROVED,Official/primary source authority is relevant to the feature domain; feature-specific requirements remain governed by the canonical dossier and Pass B/C contracts.,2026-08-31
PFD-MAP-F465-1,F465,Customer receipts,Accounting / Finance,MS_FIN,Microsoft,Dynamics 365 Finance,Dynamics 365 Finance documentation,https://learn.microsoft.com/en-us/dynamics365/finance/,"General ledger, AP, AR, budgeting, fixed assets, cash/bank, credit and financial controls.",operational,1,APPROVED,Official/primary source authority is relevant to the feature domain; feature-specific requirements remain governed by the canonical dossier and Pass B/C contracts.,2026-08-31
PFD-MAP-F465-2,F465,Customer receipts,Accounting / Finance,ORACLE_FIN,Oracle,Fusion Cloud Financials,Oracle Fusion Cloud Financials documentation,https://docs.oracle.com/en/cloud/saas/financials/,"General ledger, payables, receivables, cash management, tax and financial reporting.",operational,2,APPROVED,Official/primary source authority is relevant to the feature domain; feature-specific requirements remain governed by the canonical dossier and Pass B/C contracts.,2026-08-31
PFD-MAP-F466-1,F466,Payment allocation,Accounting / Finance,MS_FIN,Microsoft,Dynamics 365 Finance,Dynamics 365 Finance documentation,https://learn.microsoft.com/en-us/dynamics365/finance/,"General ledger, AP, AR, budgeting, fixed assets, cash/bank, credit and financial controls.",money_movement,1,APPROVED,Official/primary source authority is relevant to the feature domain; feature-specific requirements remain governed by the canonical dossier and Pass B/C contracts.,2026-08-31
PFD-MAP-F466-2,F466,Payment allocation,Accounting / Finance,ORACLE_FIN,Oracle,Fusion Cloud Financials,Oracle Fusion Cloud Financials documentation,https://docs.oracle.com/en/cloud/saas/financials/,"General ledger, payables, receivables, cash management, tax and financial reporting.",money_movement,2,APPROVED,Official/primary source authority is relevant to the feature domain; feature-specific requirements remain governed by the canonical dossier and Pass B/C contracts.,2026-08-31
PFD-MAP-F467-1,F467,Outstanding balances,Accounting / Finance,MS_FIN,Microsoft,Dynamics 365 Finance,Dynamics 365 Finance documentation,https://learn.microsoft.com/en-us/dynamics365/finance/,"General ledger, AP, AR, budgeting, fixed assets, cash/bank, credit and financial controls.",operational,1,APPROVED,Official/primary source authority is relevant to the feature domain; feature-specific requirements remain governed by the canonical dossier and Pass B/C contracts.,2026-08-31
PFD-MAP-F467-2,F467,Outstanding balances,Accounting / Finance,ORACLE_FIN,Oracle,Fusion Cloud Financials,Oracle Fusion Cloud Financials documentation,https://docs.oracle.com/en/cloud/saas/financials/,"General ledger, payables, receivables, cash management, tax and financial reporting.",operational,2,APPROVED,Official/primary source authority is relevant to the feature domain; feature-specific requirements remain governed by the canonical dossier and Pass B/C contracts.,2026-08-31
PFD-MAP-F468-1,F468,AR aging,Accounting / Finance,MS_FIN,Microsoft,Dynamics 365 Finance,Dynamics 365 Finance documentation,https://learn.microsoft.com/en-us/dynamics365/finance/,"General ledger, AP, AR, budgeting, fixed assets, cash/bank, credit and financial controls.",operational,1,APPROVED,Official/primary source authority is relevant to the feature domain; feature-specific requirements remain governed by the canonical dossier and Pass B/C contracts.,2026-08-31
PFD-MAP-F468-2,F468,AR aging,Accounting / Finance,ORACLE_FIN,Oracle,Fusion Cloud Financials,Oracle Fusion Cloud Financials documentation,https://docs.oracle.com/en/cloud/saas/financials/,"General ledger, payables, receivables, cash management, tax and financial reporting.",operational,2,APPROVED,Official/primary source authority is relevant to the feature domain; feature-specific requirements remain governed by the canonical dossier and Pass B/C contracts.,2026-08-31
PFD-MAP-F469-1,F469,Customer statements,Accounting / Finance,MS_FIN,Microsoft,Dynamics 365 Finance,Dynamics 365 Finance documentation,https://learn.microsoft.com/en-us/dynamics365/finance/,"General ledger, AP, AR, budgeting, fixed assets, cash/bank, credit and financial controls.",operational,1,APPROVED,Official/primary source authority is relevant to the feature domain; feature-specific requirements remain governed by the canonical dossier and Pass B/C contracts.,2026-08-31
PFD-MAP-F469-2,F469,Customer statements,Accounting / Finance,ORACLE_FIN,Oracle,Fusion Cloud Financials,Oracle Fusion Cloud Financials documentation,https://docs.oracle.com/en/cloud/saas/financials/,"General ledger, payables, receivables, cash management, tax and financial reporting.",operational,2,APPROVED,Official/primary source authority is relevant to the feature domain; feature-specific requirements remain governed by the canonical dossier and Pass B/C contracts.,2026-08-31
PFD-MAP-F470-1,F470,Credit control,Accounting / Finance,MS_FIN,Microsoft,Dynamics 365 Finance,Dynamics 365 Finance documentation,https://learn.microsoft.com/en-us/dynamics365/finance/,"General ledger, AP, AR, budgeting, fixed assets, cash/bank, credit and financial controls.",operational,1,APPROVED,Official/primary source authority is relevant to the feature domain; feature-specific requirements remain governed by the canonical dossier and Pass B/C contracts.,2026-08-31
PFD-MAP-F470-2,F470,Credit control,Accounting / Finance,ORACLE_FIN,Oracle,Fusion Cloud Financials,Oracle Fusion Cloud Financials documentation,https://docs.oracle.com/en/cloud/saas/financials/,"General ledger, payables, receivables, cash management, tax and financial reporting.",operational,2,APPROVED,Official/primary source authority is relevant to the feature domain; feature-specific requirements remain governed by the canonical dossier and Pass B/C contracts.,2026-08-31
PFD-MAP-F471-1,F471,Supplier invoices,Accounting / Finance,MS_FIN,Microsoft,Dynamics 365 Finance,Dynamics 365 Finance documentation,https://learn.microsoft.com/en-us/dynamics365/finance/,"General ledger, AP, AR, budgeting, fixed assets, cash/bank, credit and financial controls.",document,1,APPROVED,Official/primary source authority is relevant to the feature domain; feature-specific requirements remain governed by the canonical dossier and Pass B/C contracts.,2026-08-31
PFD-MAP-F471-2,F471,Supplier invoices,Accounting / Finance,ORACLE_FIN,Oracle,Fusion Cloud Financials,Oracle Fusion Cloud Financials documentation,https://docs.oracle.com/en/cloud/saas/financials/,"General ledger, payables, receivables, cash management, tax and financial reporting.",document,2,APPROVED,Official/primary source authority is relevant to the feature domain; feature-specific requirements remain governed by the canonical dossier and Pass B/C contracts.,2026-08-31
PFD-MAP-F472-1,F472,Debit notes,Accounting / Finance,MS_FIN,Microsoft,Dynamics 365 Finance,Dynamics 365 Finance documentation,https://learn.microsoft.com/en-us/dynamics365/finance/,"General ledger, AP, AR, budgeting, fixed assets, cash/bank, credit and financial controls.",operational,1,APPROVED,Official/primary source authority is relevant to the feature domain; feature-specific requirements remain governed by the canonical dossier and Pass B/C contracts.,2026-08-31
PFD-MAP-F472-2,F472,Debit notes,Accounting / Finance,ORACLE_FIN,Oracle,Fusion Cloud Financials,Oracle Fusion Cloud Financials documentation,https://docs.oracle.com/en/cloud/saas/financials/,"General ledger, payables, receivables, cash management, tax and financial reporting.",operational,2,APPROVED,Official/primary source authority is relevant to the feature domain; feature-specific requirements remain governed by the canonical dossier and Pass B/C contracts.,2026-08-31
PFD-MAP-F473-1,F473,Supplier payments,Accounting / Finance,MS_FIN,Microsoft,Dynamics 365 Finance,Dynamics 365 Finance documentation,https://learn.microsoft.com/en-us/dynamics365/finance/,"General ledger, AP, AR, budgeting, fixed assets, cash/bank, credit and financial controls.",money_movement,1,APPROVED,Official/primary source authority is relevant to the feature domain; feature-specific requirements remain governed by the canonical dossier and Pass B/C contracts.,2026-08-31
PFD-MAP-F473-2,F473,Supplier payments,Accounting / Finance,ORACLE_FIN,Oracle,Fusion Cloud Financials,Oracle Fusion Cloud Financials documentation,https://docs.oracle.com/en/cloud/saas/financials/,"General ledger, payables, receivables, cash management, tax and financial reporting.",money_movement,2,APPROVED,Official/primary source authority is relevant to the feature domain; feature-specific requirements remain governed by the canonical dossier and Pass B/C contracts.,2026-08-31
PFD-MAP-F474-1,F474,Supplier payment allocation,Accounting / Finance,MS_FIN,Microsoft,Dynamics 365 Finance,Dynamics 365 Finance documentation,https://learn.microsoft.com/en-us/dynamics365/finance/,"General ledger, AP, AR, budgeting, fixed assets, cash/bank, credit and financial controls.",money_movement,1,APPROVED,Official/primary source authority is relevant to the feature domain; feature-specific requirements remain governed by the canonical dossier and Pass B/C contracts.,2026-08-31
PFD-MAP-F474-2,F474,Supplier payment allocation,Accounting / Finance,ORACLE_FIN,Oracle,Fusion Cloud Financials,Oracle Fusion Cloud Financials documentation,https://docs.oracle.com/en/cloud/saas/financials/,"General ledger, payables, receivables, cash management, tax and financial reporting.",money_movement,2,APPROVED,Official/primary source authority is relevant to the feature domain; feature-specific requirements remain governed by the canonical dossier and Pass B/C contracts.,2026-08-31
PFD-MAP-F475-1,F475,AP aging,Accounting / Finance,MS_FIN,Microsoft,Dynamics 365 Finance,Dynamics 365 Finance documentation,https://learn.microsoft.com/en-us/dynamics365/finance/,"General ledger, AP, AR, budgeting, fixed assets, cash/bank, credit and financial controls.",operational,1,APPROVED,Official/primary source authority is relevant to the feature domain; feature-specific requirements remain governed by the canonical dossier and Pass B/C contracts.,2026-08-31
PFD-MAP-F475-2,F475,AP aging,Accounting / Finance,ORACLE_FIN,Oracle,Fusion Cloud Financials,Oracle Fusion Cloud Financials documentation,https://docs.oracle.com/en/cloud/saas/financials/,"General ledger, payables, receivables, cash management, tax and financial reporting.",operational,2,APPROVED,Official/primary source authority is relevant to the feature domain; feature-specific requirements remain governed by the canonical dossier and Pass B/C contracts.,2026-08-31
PFD-MAP-F476-1,F476,Bank accounts,Accounting / Finance,MS_FIN,Microsoft,Dynamics 365 Finance,Dynamics 365 Finance documentation,https://learn.microsoft.com/en-us/dynamics365/finance/,"General ledger, AP, AR, budgeting, fixed assets, cash/bank, credit and financial controls.",money_movement,1,APPROVED,Official/primary source authority is relevant to the feature domain; feature-specific requirements remain governed by the canonical dossier and Pass B/C contracts.,2026-08-31
PFD-MAP-F476-2,F476,Bank accounts,Accounting / Finance,ORACLE_FIN,Oracle,Fusion Cloud Financials,Oracle Fusion Cloud Financials documentation,https://docs.oracle.com/en/cloud/saas/financials/,"General ledger, payables, receivables, cash management, tax and financial reporting.",money_movement,2,APPROVED,Official/primary source authority is relevant to the feature domain; feature-specific requirements remain governed by the canonical dossier and Pass B/C contracts.,2026-08-31
PFD-MAP-F477-1,F477,Cash accounts,Accounting / Finance,MS_FIN,Microsoft,Dynamics 365 Finance,Dynamics 365 Finance documentation,https://learn.microsoft.com/en-us/dynamics365/finance/,"General ledger, AP, AR, budgeting, fixed assets, cash/bank, credit and financial controls.",operational,1,APPROVED,Official/primary source authority is relevant to the feature domain; feature-specific requirements remain governed by the canonical dossier and Pass B/C contracts.,2026-08-31
PFD-MAP-F477-2,F477,Cash accounts,Accounting / Finance,ORACLE_FIN,Oracle,Fusion Cloud Financials,Oracle Fusion Cloud Financials documentation,https://docs.oracle.com/en/cloud/saas/financials/,"General ledger, payables, receivables, cash management, tax and financial reporting.",operational,2,APPROVED,Official/primary source authority is relevant to the feature domain; feature-specific requirements remain governed by the canonical dossier and Pass B/C contracts.,2026-08-31
PFD-MAP-F478-1,F478,Bank transactions,Accounting / Finance,MS_FIN,Microsoft,Dynamics 365 Finance,Dynamics 365 Finance documentation,https://learn.microsoft.com/en-us/dynamics365/finance/,"General ledger, AP, AR, budgeting, fixed assets, cash/bank, credit and financial controls.",money_movement,1,APPROVED,Official/primary source authority is relevant to the feature domain; feature-specific requirements remain governed by the canonical dossier and Pass B/C contracts.,2026-08-31
PFD-MAP-F478-2,F478,Bank transactions,Accounting / Finance,ORACLE_FIN,Oracle,Fusion Cloud Financials,Oracle Fusion Cloud Financials documentation,https://docs.oracle.com/en/cloud/saas/financials/,"General ledger, payables, receivables, cash management, tax and financial reporting.",money_movement,2,APPROVED,Official/primary source authority is relevant to the feature domain; feature-specific requirements remain governed by the canonical dossier and Pass B/C contracts.,2026-08-31
PFD-MAP-F479-1,F479,Bank reconciliation,Accounting / Finance,MS_FIN,Microsoft,Dynamics 365 Finance,Dynamics 365 Finance documentation,https://learn.microsoft.com/en-us/dynamics365/finance/,"General ledger, AP, AR, budgeting, fixed assets, cash/bank, credit and financial controls.",money_movement,1,APPROVED,Official/primary source authority is relevant to the feature domain; feature-specific requirements remain governed by the canonical dossier and Pass B/C contracts.,2026-08-31
PFD-MAP-F479-2,F479,Bank reconciliation,Accounting / Finance,ORACLE_FIN,Oracle,Fusion Cloud Financials,Oracle Fusion Cloud Financials documentation,https://docs.oracle.com/en/cloud/saas/financials/,"General ledger, payables, receivables, cash management, tax and financial reporting.",money_movement,2,APPROVED,Official/primary source authority is relevant to the feature domain; feature-specific requirements remain governed by the canonical dossier and Pass B/C contracts.,2026-08-31
PFD-MAP-F480-1,F480,Payment reconciliation,Accounting / Finance,MS_FIN,Microsoft,Dynamics 365 Finance,Dynamics 365 Finance documentation,https://learn.microsoft.com/en-us/dynamics365/finance/,"General ledger, AP, AR, budgeting, fixed assets, cash/bank, credit and financial controls.",money_movement,1,APPROVED,Official/primary source authority is relevant to the feature domain; feature-specific requirements remain governed by the canonical dossier and Pass B/C contracts.,2026-08-31
PFD-MAP-F480-2,F480,Payment reconciliation,Accounting / Finance,GST,Government of India,GST Portal,Goods and Services Tax portal,https://www.gst.gov.in/,Primary GST portal context for GST compliance configuration and statutory updates.,money_movement,2,APPROVED,Official/primary source authority is relevant to the feature domain; feature-specific requirements remain governed by the canonical dossier and Pass B/C contracts.,2026-08-31
PFD-MAP-F481-1,F481,Tax codes,Accounting / Finance,MS_FIN,Microsoft,Dynamics 365 Finance,Dynamics 365 Finance documentation,https://learn.microsoft.com/en-us/dynamics365/finance/,"General ledger, AP, AR, budgeting, fixed assets, cash/bank, credit and financial controls.",calculation,1,APPROVED,Official/primary source authority is relevant to the feature domain; feature-specific requirements remain governed by the canonical dossier and Pass B/C contracts.,2026-08-31
PFD-MAP-F481-2,F481,Tax codes,Accounting / Finance,GST,Government of India,GST Portal,Goods and Services Tax portal,https://www.gst.gov.in/,Primary GST portal context for GST compliance configuration and statutory updates.,calculation,2,APPROVED,Official/primary source authority is relevant to the feature domain; feature-specific requirements remain governed by the canonical dossier and Pass B/C contracts.,2026-08-31
PFD-MAP-F482-1,F482,Tax calculation,Accounting / Finance,MS_FIN,Microsoft,Dynamics 365 Finance,Dynamics 365 Finance documentation,https://learn.microsoft.com/en-us/dynamics365/finance/,"General ledger, AP, AR, budgeting, fixed assets, cash/bank, credit and financial controls.",calculation,1,APPROVED,Official/primary source authority is relevant to the feature domain; feature-specific requirements remain governed by the canonical dossier and Pass B/C contracts.,2026-08-31
PFD-MAP-F482-2,F482,Tax calculation,Accounting / Finance,GST,Government of India,GST Portal,Goods and Services Tax portal,https://www.gst.gov.in/,Primary GST portal context for GST compliance configuration and statutory updates.,calculation,2,APPROVED,Official/primary source authority is relevant to the feature domain; feature-specific requirements remain governed by the canonical dossier and Pass B/C contracts.,2026-08-31
PFD-MAP-F483-1,F483,GST,Accounting / Finance,MS_FIN,Microsoft,Dynamics 365 Finance,Dynamics 365 Finance documentation,https://learn.microsoft.com/en-us/dynamics365/finance/,"General ledger, AP, AR, budgeting, fixed assets, cash/bank, credit and financial controls.",operational,1,APPROVED,Official/primary source authority is relevant to the feature domain; feature-specific requirements remain governed by the canonical dossier and Pass B/C contracts.,2026-08-31
PFD-MAP-F483-2,F483,GST,Accounting / Finance,GST,Government of India,GST Portal,Goods and Services Tax portal,https://www.gst.gov.in/,Primary GST portal context for GST compliance configuration and statutory updates.,operational,2,APPROVED,Official/primary source authority is relevant to the feature domain; feature-specific requirements remain governed by the canonical dossier and Pass B/C contracts.,2026-08-31
PFD-MAP-F484-1,F484,CGST / SGST / IGST,Accounting / Finance,MS_FIN,Microsoft,Dynamics 365 Finance,Dynamics 365 Finance documentation,https://learn.microsoft.com/en-us/dynamics365/finance/,"General ledger, AP, AR, budgeting, fixed assets, cash/bank, credit and financial controls.",operational,1,APPROVED,Official/primary source authority is relevant to the feature domain; feature-specific requirements remain governed by the canonical dossier and Pass B/C contracts.,2026-08-31
PFD-MAP-F484-2,F484,CGST / SGST / IGST,Accounting / Finance,GST,Government of India,GST Portal,Goods and Services Tax portal,https://www.gst.gov.in/,Primary GST portal context for GST compliance configuration and statutory updates.,operational,2,APPROVED,Official/primary source authority is relevant to the feature domain; feature-specific requirements remain governed by the canonical dossier and Pass B/C contracts.,2026-08-31
PFD-MAP-F485-1,F485,TDS,Accounting / Finance,MS_FIN,Microsoft,Dynamics 365 Finance,Dynamics 365 Finance documentation,https://learn.microsoft.com/en-us/dynamics365/finance/,"General ledger, AP, AR, budgeting, fixed assets, cash/bank, credit and financial controls.",calculation,1,APPROVED,Official/primary source authority is relevant to the feature domain; feature-specific requirements remain governed by the canonical dossier and Pass B/C contracts.,2026-08-31
PFD-MAP-F485-2,F485,TDS,Accounting / Finance,GST,Government of India,GST Portal,Goods and Services Tax portal,https://www.gst.gov.in/,Primary GST portal context for GST compliance configuration and statutory updates.,calculation,2,APPROVED,Official/primary source authority is relevant to the feature domain; feature-specific requirements remain governed by the canonical dossier and Pass B/C contracts.,2026-08-31
PFD-MAP-F486-1,F486,TCS,Accounting / Finance,MS_FIN,Microsoft,Dynamics 365 Finance,Dynamics 365 Finance documentation,https://learn.microsoft.com/en-us/dynamics365/finance/,"General ledger, AP, AR, budgeting, fixed assets, cash/bank, credit and financial controls.",operational,1,APPROVED,Official/primary source authority is relevant to the feature domain; feature-specific requirements remain governed by the canonical dossier and Pass B/C contracts.,2026-08-31
PFD-MAP-F486-2,F486,TCS,Accounting / Finance,GST,Government of India,GST Portal,Goods and Services Tax portal,https://www.gst.gov.in/,Primary GST portal context for GST compliance configuration and statutory updates.,operational,2,APPROVED,Official/primary source authority is relevant to the feature domain; feature-specific requirements remain governed by the canonical dossier and Pass B/C contracts.,2026-08-31
PFD-MAP-F487-1,F487,Tax reports,Accounting / Finance,MS_FIN,Microsoft,Dynamics 365 Finance,Dynamics 365 Finance documentation,https://learn.microsoft.com/en-us/dynamics365/finance/,"General ledger, AP, AR, budgeting, fixed assets, cash/bank, credit and financial controls.",analytics,1,APPROVED,Official/primary source authority is relevant to the feature domain; feature-specific requirements remain governed by the canonical dossier and Pass B/C contracts.,2026-08-31
PFD-MAP-F487-2,F487,Tax reports,Accounting / Finance,GST,Government of India,GST Portal,Goods and Services Tax portal,https://www.gst.gov.in/,Primary GST portal context for GST compliance configuration and statutory updates.,analytics,2,APPROVED,Official/primary source authority is relevant to the feature domain; feature-specific requirements remain governed by the canonical dossier and Pass B/C contracts.,2026-08-31
PFD-MAP-F488-1,F488,Budgets,Accounting / Finance,MS_FIN,Microsoft,Dynamics 365 Finance,Dynamics 365 Finance documentation,https://learn.microsoft.com/en-us/dynamics365/finance/,"General ledger, AP, AR, budgeting, fixed assets, cash/bank, credit and financial controls.",operational,1,APPROVED,Official/primary source authority is relevant to the feature domain; feature-specific requirements remain governed by the canonical dossier and Pass B/C contracts.,2026-08-31
PFD-MAP-F488-2,F488,Budgets,Accounting / Finance,GST,Government of India,GST Portal,Goods and Services Tax portal,https://www.gst.gov.in/,Primary GST portal context for GST compliance configuration and statutory updates.,operational,2,APPROVED,Official/primary source authority is relevant to the feature domain; feature-specific requirements remain governed by the canonical dossier and Pass B/C contracts.,2026-08-31
PFD-MAP-F489-1,F489,Budget vs actual,Accounting / Finance,MS_FIN,Microsoft,Dynamics 365 Finance,Dynamics 365 Finance documentation,https://learn.microsoft.com/en-us/dynamics365/finance/,"General ledger, AP, AR, budgeting, fixed assets, cash/bank, credit and financial controls.",operational,1,APPROVED,Official/primary source authority is relevant to the feature domain; feature-specific requirements remain governed by the canonical dossier and Pass B/C contracts.,2026-08-31
PFD-MAP-F489-2,F489,Budget vs actual,Accounting / Finance,INCOME_TAX,Government of India,Income Tax Department,Income Tax Department portal,https://www.incometax.gov.in/,Primary authority context for income-tax/TDS rules and statutory updates.,operational,2,APPROVED,Official/primary source authority is relevant to the feature domain; feature-specific requirements remain governed by the canonical dossier and Pass B/C contracts.,2026-08-31
PFD-MAP-F490-1,F490,Recurring journals,Accounting / Finance,MS_FIN,Microsoft,Dynamics 365 Finance,Dynamics 365 Finance documentation,https://learn.microsoft.com/en-us/dynamics365/finance/,"General ledger, AP, AR, budgeting, fixed assets, cash/bank, credit and financial controls.",operational,1,APPROVED,Official/primary source authority is relevant to the feature domain; feature-specific requirements remain governed by the canonical dossier and Pass B/C contracts.,2026-08-31
PFD-MAP-F490-2,F490,Recurring journals,Accounting / Finance,INCOME_TAX,Government of India,Income Tax Department,Income Tax Department portal,https://www.incometax.gov.in/,Primary authority context for income-tax/TDS rules and statutory updates.,operational,2,APPROVED,Official/primary source authority is relevant to the feature domain; feature-specific requirements remain governed by the canonical dossier and Pass B/C contracts.,2026-08-31
PFD-MAP-F491-1,F491,Accruals,Accounting / Finance,MS_FIN,Microsoft,Dynamics 365 Finance,Dynamics 365 Finance documentation,https://learn.microsoft.com/en-us/dynamics365/finance/,"General ledger, AP, AR, budgeting, fixed assets, cash/bank, credit and financial controls.",calculation,1,APPROVED,Official/primary source authority is relevant to the feature domain; feature-specific requirements remain governed by the canonical dossier and Pass B/C contracts.,2026-08-31
PFD-MAP-F491-2,F491,Accruals,Accounting / Finance,INCOME_TAX,Government of India,Income Tax Department,Income Tax Department portal,https://www.incometax.gov.in/,Primary authority context for income-tax/TDS rules and statutory updates.,calculation,2,APPROVED,Official/primary source authority is relevant to the feature domain; feature-specific requirements remain governed by the canonical dossier and Pass B/C contracts.,2026-08-31
PFD-MAP-F492-1,F492,Deferrals and prepayments,Accounting / Finance,MS_FIN,Microsoft,Dynamics 365 Finance,Dynamics 365 Finance documentation,https://learn.microsoft.com/en-us/dynamics365/finance/,"General ledger, AP, AR, budgeting, fixed assets, cash/bank, credit and financial controls.",money_movement,1,APPROVED,Official/primary source authority is relevant to the feature domain; feature-specific requirements remain governed by the canonical dossier and Pass B/C contracts.,2026-08-31
PFD-MAP-F492-2,F492,Deferrals and prepayments,Accounting / Finance,INCOME_TAX,Government of India,Income Tax Department,Income Tax Department portal,https://www.incometax.gov.in/,Primary authority context for income-tax/TDS rules and statutory updates.,money_movement,2,APPROVED,Official/primary source authority is relevant to the feature domain; feature-specific requirements remain governed by the canonical dossier and Pass B/C contracts.,2026-08-31
PFD-MAP-F493-1,F493,Revenue recognition,Accounting / Finance,MS_FIN,Microsoft,Dynamics 365 Finance,Dynamics 365 Finance documentation,https://learn.microsoft.com/en-us/dynamics365/finance/,"General ledger, AP, AR, budgeting, fixed assets, cash/bank, credit and financial controls.",calculation,1,APPROVED,Official/primary source authority is relevant to the feature domain; feature-specific requirements remain governed by the canonical dossier and Pass B/C contracts.,2026-08-31
PFD-MAP-F493-2,F493,Revenue recognition,Accounting / Finance,INCOME_TAX,Government of India,Income Tax Department,Income Tax Department portal,https://www.incometax.gov.in/,Primary authority context for income-tax/TDS rules and statutory updates.,calculation,2,APPROVED,Official/primary source authority is relevant to the feature domain; feature-specific requirements remain governed by the canonical dossier and Pass B/C contracts.,2026-08-31
PFD-MAP-F494-1,F494,Multi-currency,Accounting / Finance,MS_FIN,Microsoft,Dynamics 365 Finance,Dynamics 365 Finance documentation,https://learn.microsoft.com/en-us/dynamics365/finance/,"General ledger, AP, AR, budgeting, fixed assets, cash/bank, credit and financial controls.",operational,1,APPROVED,Official/primary source authority is relevant to the feature domain; feature-specific requirements remain governed by the canonical dossier and Pass B/C contracts.,2026-08-31
PFD-MAP-F494-2,F494,Multi-currency,Accounting / Finance,ORACLE_FIN,Oracle,Fusion Cloud Financials,Oracle Fusion Cloud Financials documentation,https://docs.oracle.com/en/cloud/saas/financials/,"General ledger, payables, receivables, cash management, tax and financial reporting.",operational,2,APPROVED,Official/primary source authority is relevant to the feature domain; feature-specific requirements remain governed by the canonical dossier and Pass B/C contracts.,2026-08-31
PFD-MAP-F495-1,F495,Exchange rates,Accounting / Finance,MS_FIN,Microsoft,Dynamics 365 Finance,Dynamics 365 Finance documentation,https://learn.microsoft.com/en-us/dynamics365/finance/,"General ledger, AP, AR, budgeting, fixed assets, cash/bank, credit and financial controls.",operational,1,APPROVED,Official/primary source authority is relevant to the feature domain; feature-specific requirements remain governed by the canonical dossier and Pass B/C contracts.,2026-08-31
PFD-MAP-F495-2,F495,Exchange rates,Accounting / Finance,ORACLE_FIN,Oracle,Fusion Cloud Financials,Oracle Fusion Cloud Financials documentation,https://docs.oracle.com/en/cloud/saas/financials/,"General ledger, payables, receivables, cash management, tax and financial reporting.",operational,2,APPROVED,Official/primary source authority is relevant to the feature domain; feature-specific requirements remain governed by the canonical dossier and Pass B/C contracts.,2026-08-31
PFD-MAP-F496-1,F496,FX gains and losses,Accounting / Finance,MS_FIN,Microsoft,Dynamics 365 Finance,Dynamics 365 Finance documentation,https://learn.microsoft.com/en-us/dynamics365/finance/,"General ledger, AP, AR, budgeting, fixed assets, cash/bank, credit and financial controls.",operational,1,APPROVED,Official/primary source authority is relevant to the feature domain; feature-specific requirements remain governed by the canonical dossier and Pass B/C contracts.,2026-08-31
PFD-MAP-F496-2,F496,FX gains and losses,Accounting / Finance,ORACLE_FIN,Oracle,Fusion Cloud Financials,Oracle Fusion Cloud Financials documentation,https://docs.oracle.com/en/cloud/saas/financials/,"General ledger, payables, receivables, cash management, tax and financial reporting.",operational,2,APPROVED,Official/primary source authority is relevant to the feature domain; feature-specific requirements remain governed by the canonical dossier and Pass B/C contracts.,2026-08-31
PFD-MAP-F497-1,F497,Intercompany,Accounting / Finance,MS_FIN,Microsoft,Dynamics 365 Finance,Dynamics 365 Finance documentation,https://learn.microsoft.com/en-us/dynamics365/finance/,"General ledger, AP, AR, budgeting, fixed assets, cash/bank, credit and financial controls.",operational,1,APPROVED,Official/primary source authority is relevant to the feature domain; feature-specific requirements remain governed by the canonical dossier and Pass B/C contracts.,2026-08-31
PFD-MAP-F497-2,F497,Intercompany,Accounting / Finance,ORACLE_FIN,Oracle,Fusion Cloud Financials,Oracle Fusion Cloud Financials documentation,https://docs.oracle.com/en/cloud/saas/financials/,"General ledger, payables, receivables, cash management, tax and financial reporting.",operational,2,APPROVED,Official/primary source authority is relevant to the feature domain; feature-specific requirements remain governed by the canonical dossier and Pass B/C contracts.,2026-08-31
PFD-MAP-F498-1,F498,Multi-company,Accounting / Finance,MS_FIN,Microsoft,Dynamics 365 Finance,Dynamics 365 Finance documentation,https://learn.microsoft.com/en-us/dynamics365/finance/,"General ledger, AP, AR, budgeting, fixed assets, cash/bank, credit and financial controls.",operational,1,APPROVED,Official/primary source authority is relevant to the feature domain; feature-specific requirements remain governed by the canonical dossier and Pass B/C contracts.,2026-08-31
PFD-MAP-F498-2,F498,Multi-company,Accounting / Finance,ORACLE_FIN,Oracle,Fusion Cloud Financials,Oracle Fusion Cloud Financials documentation,https://docs.oracle.com/en/cloud/saas/financials/,"General ledger, payables, receivables, cash management, tax and financial reporting.",operational,2,APPROVED,Official/primary source authority is relevant to the feature domain; feature-specific requirements remain governed by the canonical dossier and Pass B/C contracts.,2026-08-31
PFD-MAP-F499-1,F499,Consolidation,Accounting / Finance,MS_FIN,Microsoft,Dynamics 365 Finance,Dynamics 365 Finance documentation,https://learn.microsoft.com/en-us/dynamics365/finance/,"General ledger, AP, AR, budgeting, fixed assets, cash/bank, credit and financial controls.",operational,1,APPROVED,Official/primary source authority is relevant to the feature domain; feature-specific requirements remain governed by the canonical dossier and Pass B/C contracts.,2026-08-31
PFD-MAP-F499-2,F499,Consolidation,Accounting / Finance,ORACLE_FIN,Oracle,Fusion Cloud Financials,Oracle Fusion Cloud Financials documentation,https://docs.oracle.com/en/cloud/saas/financials/,"General ledger, payables, receivables, cash management, tax and financial reporting.",operational,2,APPROVED,Official/primary source authority is relevant to the feature domain; feature-specific requirements remain governed by the canonical dossier and Pass B/C contracts.,2026-08-31
PFD-MAP-F500-1,F500,Financial close,Accounting / Finance,MS_FIN,Microsoft,Dynamics 365 Finance,Dynamics 365 Finance documentation,https://learn.microsoft.com/en-us/dynamics365/finance/,"General ledger, AP, AR, budgeting, fixed assets, cash/bank, credit and financial controls.",operational,1,APPROVED,Official/primary source authority is relevant to the feature domain; feature-specific requirements remain governed by the canonical dossier and Pass B/C contracts.,2026-08-31
PFD-MAP-F500-2,F500,Financial close,Accounting / Finance,ORACLE_FIN,Oracle,Fusion Cloud Financials,Oracle Fusion Cloud Financials documentation,https://docs.oracle.com/en/cloud/saas/financials/,"General ledger, payables, receivables, cash management, tax and financial reporting.",operational,2,APPROVED,Official/primary source authority is relevant to the feature domain; feature-specific requirements remain governed by the canonical dossier and Pass B/C contracts.,2026-08-31
PFD-MAP-F501-1,F501,Trial balance,Accounting / Finance,MS_FIN,Microsoft,Dynamics 365 Finance,Dynamics 365 Finance documentation,https://learn.microsoft.com/en-us/dynamics365/finance/,"General ledger, AP, AR, budgeting, fixed assets, cash/bank, credit and financial controls.",operational,1,APPROVED,Official/primary source authority is relevant to the feature domain; feature-specific requirements remain governed by the canonical dossier and Pass B/C contracts.,2026-08-31
PFD-MAP-F501-2,F501,Trial balance,Accounting / Finance,ORACLE_FIN,Oracle,Fusion Cloud Financials,Oracle Fusion Cloud Financials documentation,https://docs.oracle.com/en/cloud/saas/financials/,"General ledger, payables, receivables, cash management, tax and financial reporting.",operational,2,APPROVED,Official/primary source authority is relevant to the feature domain; feature-specific requirements remain governed by the canonical dossier and Pass B/C contracts.,2026-08-31
PFD-MAP-F502-1,F502,Profit & Loss,Accounting / Finance,MS_FIN,Microsoft,Dynamics 365 Finance,Dynamics 365 Finance documentation,https://learn.microsoft.com/en-us/dynamics365/finance/,"General ledger, AP, AR, budgeting, fixed assets, cash/bank, credit and financial controls.",operational,1,APPROVED,Official/primary source authority is relevant to the feature domain; feature-specific requirements remain governed by the canonical dossier and Pass B/C contracts.,2026-08-31
PFD-MAP-F502-2,F502,Profit & Loss,Accounting / Finance,ORACLE_FIN,Oracle,Fusion Cloud Financials,Oracle Fusion Cloud Financials documentation,https://docs.oracle.com/en/cloud/saas/financials/,"General ledger, payables, receivables, cash management, tax and financial reporting.",operational,2,APPROVED,Official/primary source authority is relevant to the feature domain; feature-specific requirements remain governed by the canonical dossier and Pass B/C contracts.,2026-08-31
PFD-MAP-F503-1,F503,Balance Sheet,Accounting / Finance,MS_FIN,Microsoft,Dynamics 365 Finance,Dynamics 365 Finance documentation,https://learn.microsoft.com/en-us/dynamics365/finance/,"General ledger, AP, AR, budgeting, fixed assets, cash/bank, credit and financial controls.",operational,1,APPROVED,Official/primary source authority is relevant to the feature domain; feature-specific requirements remain governed by the canonical dossier and Pass B/C contracts.,2026-08-31
PFD-MAP-F503-2,F503,Balance Sheet,Accounting / Finance,ORACLE_FIN,Oracle,Fusion Cloud Financials,Oracle Fusion Cloud Financials documentation,https://docs.oracle.com/en/cloud/saas/financials/,"General ledger, payables, receivables, cash management, tax and financial reporting.",operational,2,APPROVED,Official/primary source authority is relevant to the feature domain; feature-specific requirements remain governed by the canonical dossier and Pass B/C contracts.,2026-08-31
PFD-MAP-F504-1,F504,Cash Flow Statement,Accounting / Finance,MS_FIN,Microsoft,Dynamics 365 Finance,Dynamics 365 Finance documentation,https://learn.microsoft.com/en-us/dynamics365/finance/,"General ledger, AP, AR, budgeting, fixed assets, cash/bank, credit and financial controls.",operational,1,APPROVED,Official/primary source authority is relevant to the feature domain; feature-specific requirements remain governed by the canonical dossier and Pass B/C contracts.,2026-08-31
PFD-MAP-F504-2,F504,Cash Flow Statement,Accounting / Finance,ORACLE_FIN,Oracle,Fusion Cloud Financials,Oracle Fusion Cloud Financials documentation,https://docs.oracle.com/en/cloud/saas/financials/,"General ledger, payables, receivables, cash management, tax and financial reporting.",operational,2,APPROVED,Official/primary source authority is relevant to the feature domain; feature-specific requirements remain governed by the canonical dossier and Pass B/C contracts.,2026-08-31
PFD-MAP-F505-1,F505,General Ledger report,Accounting / Finance,MS_FIN,Microsoft,Dynamics 365 Finance,Dynamics 365 Finance documentation,https://learn.microsoft.com/en-us/dynamics365/finance/,"General ledger, AP, AR, budgeting, fixed assets, cash/bank, credit and financial controls.",operational,1,APPROVED,Official/primary source authority is relevant to the feature domain; feature-specific requirements remain governed by the canonical dossier and Pass B/C contracts.,2026-08-31
PFD-MAP-F505-2,F505,General Ledger report,Accounting / Finance,GST,Government of India,GST Portal,Goods and Services Tax portal,https://www.gst.gov.in/,Primary GST portal context for GST compliance configuration and statutory updates.,operational,2,APPROVED,Official/primary source authority is relevant to the feature domain; feature-specific requirements remain governed by the canonical dossier and Pass B/C contracts.,2026-08-31
PFD-MAP-F506-1,F506,AR aging report,Accounting / Finance,MS_FIN,Microsoft,Dynamics 365 Finance,Dynamics 365 Finance documentation,https://learn.microsoft.com/en-us/dynamics365/finance/,"General ledger, AP, AR, budgeting, fixed assets, cash/bank, credit and financial controls.",operational,1,APPROVED,Official/primary source authority is relevant to the feature domain; feature-specific requirements remain governed by the canonical dossier and Pass B/C contracts.,2026-08-31
PFD-MAP-F506-2,F506,AR aging report,Accounting / Finance,GST,Government of India,GST Portal,Goods and Services Tax portal,https://www.gst.gov.in/,Primary GST portal context for GST compliance configuration and statutory updates.,operational,2,APPROVED,Official/primary source authority is relevant to the feature domain; feature-specific requirements remain governed by the canonical dossier and Pass B/C contracts.,2026-08-31
PFD-MAP-F507-1,F507,AP aging report,Accounting / Finance,MS_FIN,Microsoft,Dynamics 365 Finance,Dynamics 365 Finance documentation,https://learn.microsoft.com/en-us/dynamics365/finance/,"General ledger, AP, AR, budgeting, fixed assets, cash/bank, credit and financial controls.",operational,1,APPROVED,Official/primary source authority is relevant to the feature domain; feature-specific requirements remain governed by the canonical dossier and Pass B/C contracts.,2026-08-31
PFD-MAP-F507-2,F507,AP aging report,Accounting / Finance,GST,Government of India,GST Portal,Goods and Services Tax portal,https://www.gst.gov.in/,Primary GST portal context for GST compliance configuration and statutory updates.,operational,2,APPROVED,Official/primary source authority is relevant to the feature domain; feature-specific requirements remain governed by the canonical dossier and Pass B/C contracts.,2026-08-31
PFD-MAP-F508-1,F508,Cost-centre / dimension reports,Accounting / Finance,MS_FIN,Microsoft,Dynamics 365 Finance,Dynamics 365 Finance documentation,https://learn.microsoft.com/en-us/dynamics365/finance/,"General ledger, AP, AR, budgeting, fixed assets, cash/bank, credit and financial controls.",analytics,1,APPROVED,Official/primary source authority is relevant to the feature domain; feature-specific requirements remain governed by the canonical dossier and Pass B/C contracts.,2026-08-31
PFD-MAP-F508-2,F508,Cost-centre / dimension reports,Accounting / Finance,GST,Government of India,GST Portal,Goods and Services Tax portal,https://www.gst.gov.in/,Primary GST portal context for GST compliance configuration and statutory updates.,analytics,2,APPROVED,Official/primary source authority is relevant to the feature domain; feature-specific requirements remain governed by the canonical dossier and Pass B/C contracts.,2026-08-31
PFD-MAP-F509-1,F509,Financial dashboards,Accounting / Finance,MS_FIN,Microsoft,Dynamics 365 Finance,Dynamics 365 Finance documentation,https://learn.microsoft.com/en-us/dynamics365/finance/,"General ledger, AP, AR, budgeting, fixed assets, cash/bank, credit and financial controls.",analytics,1,APPROVED,Official/primary source authority is relevant to the feature domain; feature-specific requirements remain governed by the canonical dossier and Pass B/C contracts.,2026-08-31
PFD-MAP-F509-2,F509,Financial dashboards,Accounting / Finance,ORACLE_FIN,Oracle,Fusion Cloud Financials,Oracle Fusion Cloud Financials documentation,https://docs.oracle.com/en/cloud/saas/financials/,"General ledger, payables, receivables, cash management, tax and financial reporting.",analytics,2,APPROVED,Official/primary source authority is relevant to the feature domain; feature-specific requirements remain governed by the canonical dossier and Pass B/C contracts.,2026-08-31
PFD-MAP-F510-1,F510,Audit trail,Accounting / Finance,MS_FIN,Microsoft,Dynamics 365 Finance,Dynamics 365 Finance documentation,https://learn.microsoft.com/en-us/dynamics365/finance/,"General ledger, AP, AR, budgeting, fixed assets, cash/bank, credit and financial controls.",operational,1,APPROVED,Official/primary source authority is relevant to the feature domain; feature-specific requirements remain governed by the canonical dossier and Pass B/C contracts.,2026-08-31
PFD-MAP-F510-2,F510,Audit trail,Accounting / Finance,ORACLE_FIN,Oracle,Fusion Cloud Financials,Oracle Fusion Cloud Financials documentation,https://docs.oracle.com/en/cloud/saas/financials/,"General ledger, payables, receivables, cash management, tax and financial reporting.",operational,2,APPROVED,Official/primary source authority is relevant to the feature domain; feature-specific requirements remain governed by the canonical dossier and Pass B/C contracts.,2026-08-31
