feature_id,feature_name,module,review_status,semantic_family,curated_benchmark_ids,curated_source_ids,independent_official_source_count,legacy_retained_ids,legacy_rejected_or_remap_ids,source_authority_check,module_domain_fit,restricted_source_check,finding_relevance_check,decision,acceptance,reviewed_on
F001,Leads,CRM,APPROVED,operational,PFD-BM-F001-1;PFD-BM-F001-2,MS_SALES;ODOO_CRM,2,CRM-P1-BM-001;CRM-P1-BM-002,,PASS,PASS,PASS,PASS,PASS_D_RELEVANCE_FROZEN,At least two independent official/primary sources are intentionally mapped to this feature; restricted-topic sources are only used for their applicable scope; non-authoritative legacy mappings are explicitly identified.,2026-08-31
F002,Accounts / companies,CRM,APPROVED,operational,PFD-BM-F002-1;PFD-BM-F002-2,MS_SALES;ODOO_CRM,2,CRM-P1-BM-003;CRM-P1-BM-004,,PASS,PASS,PASS,PASS,PASS_D_RELEVANCE_FROZEN,At least two independent official/primary sources are intentionally mapped to this feature; restricted-topic sources are only used for their applicable scope; non-authoritative legacy mappings are explicitly identified.,2026-08-31
F003,Contacts,CRM,APPROVED,master_config,PFD-BM-F003-1;PFD-BM-F003-2,MS_SALES;ODOO_CRM,2,CRM-P1-BM-005;CRM-P1-BM-006,,PASS,PASS,PASS,PASS,PASS_D_RELEVANCE_FROZEN,At least two independent official/primary sources are intentionally mapped to this feature; restricted-topic sources are only used for their applicable scope; non-authoritative legacy mappings are explicitly identified.,2026-08-31
F004,Lead sources,CRM,APPROVED,master_config,PFD-BM-F004-1;PFD-BM-F004-2,MS_SALES;ODOO_CRM,2,CRM-P1-BM-007;CRM-P1-BM-008,,PASS,PASS,PASS,PASS,PASS_D_RELEVANCE_FROZEN,At least two independent official/primary sources are intentionally mapped to this feature; restricted-topic sources are only used for their applicable scope; non-authoritative legacy mappings are explicitly identified.,2026-08-31
F005,Lead assignment,CRM,APPROVED,decision,PFD-BM-F005-1;PFD-BM-F005-2,MS_SALES;ODOO_CRM,2,CRM-P1-BM-009;CRM-P1-BM-010,,PASS,PASS,PASS,PASS,PASS_D_RELEVANCE_FROZEN,At least two independent official/primary sources are intentionally mapped to this feature; restricted-topic sources are only used for their applicable scope; non-authoritative legacy mappings are explicitly identified.,2026-08-31
F006,Lead qualification,CRM,APPROVED,decision,PFD-BM-F006-1;PFD-BM-F006-2,MS_SALES;ODOO_CRM,2,CRM-P1-BM-011;CRM-P1-BM-012,,PASS,PASS,PASS,PASS,PASS_D_RELEVANCE_FROZEN,At least two independent official/primary sources are intentionally mapped to this feature; restricted-topic sources are only used for their applicable scope; non-authoritative legacy mappings are explicitly identified.,2026-08-31
F007,Lead stages and statuses,CRM,APPROVED,master_config,PFD-BM-F007-1;PFD-BM-F007-2,MS_SALES;ODOO_CRM,2,CRM-P1-BM-013;CRM-P1-BM-014,,PASS,PASS,PASS,PASS,PASS_D_RELEVANCE_FROZEN,At least two independent official/primary sources are intentionally mapped to this feature; restricted-topic sources are only used for their applicable scope; non-authoritative legacy mappings are explicitly identified.,2026-08-31
F008,Duplicate detection,CRM,APPROVED,operational,PFD-BM-F008-1;PFD-BM-F008-2,MS_SALES;ODOO_CRM,2,CRM-P1-BM-015;CRM-P1-BM-016,,PASS,PASS,PASS,PASS,PASS_D_RELEVANCE_FROZEN,At least two independent official/primary sources are intentionally mapped to this feature; restricted-topic sources are only used for their applicable scope; non-authoritative legacy mappings are explicitly identified.,2026-08-31
F009,Opportunities,CRM,APPROVED,operational,PFD-BM-F009-1;PFD-BM-F009-2,MS_SALES;ODOO_CRM,2,CRM-P1-BM-017;CRM-P1-BM-018,,PASS,PASS,PASS,PASS,PASS_D_RELEVANCE_FROZEN,At least two independent official/primary sources are intentionally mapped to this feature; restricted-topic sources are only used for their applicable scope; non-authoritative legacy mappings are explicitly identified.,2026-08-31
F010,Opportunity pipeline,CRM,APPROVED,operational,PFD-BM-F010-1;PFD-BM-F010-2,MS_SALES;ODOO_CRM,2,CRM-P1-BM-019;CRM-P1-BM-020,,PASS,PASS,PASS,PASS,PASS_D_RELEVANCE_FROZEN,At least two independent official/primary sources are intentionally mapped to this feature; restricted-topic sources are only used for their applicable scope; non-authoritative legacy mappings are explicitly identified.,2026-08-31
F011,Probability and expected revenue,CRM,APPROVED,calculation,PFD-BM-F011-1;PFD-BM-F011-2,MS_SALES;ODOO_CRM,2,CRM-P1-BM-021;CRM-P1-BM-022,,PASS,PASS,PASS,PASS,PASS_D_RELEVANCE_FROZEN,At least two independent official/primary sources are intentionally mapped to this feature; restricted-topic sources are only used for their applicable scope; non-authoritative legacy mappings are explicitly identified.,2026-08-31
F012,Sales stages,CRM,APPROVED,master_config,PFD-BM-F012-1;PFD-BM-F012-2,MS_SALES;ODOO_CRM,2,CRM-P1-BM-023;CRM-P1-BM-024,,PASS,PASS,PASS,PASS,PASS_D_RELEVANCE_FROZEN,At least two independent official/primary sources are intentionally mapped to this feature; restricted-topic sources are only used for their applicable scope; non-authoritative legacy mappings are explicitly identified.,2026-08-31
F013,Calls,CRM,APPROVED,operational,PFD-BM-F013-1;PFD-BM-F013-2,MS_SALES;ODOO_CRM,2,CRM-P1-BM-025;CRM-P1-BM-026,,PASS,PASS,PASS,PASS,PASS_D_RELEVANCE_FROZEN,At least two independent official/primary sources are intentionally mapped to this feature; restricted-topic sources are only used for their applicable scope; non-authoritative legacy mappings are explicitly identified.,2026-08-31
F014,Meetings,CRM,APPROVED,operational,PFD-BM-F014-1;PFD-BM-F014-2,MS_SALES;ODOO_CRM,2,CRM-P1-BM-027;CRM-P1-BM-028,,PASS,PASS,PASS,PASS,PASS_D_RELEVANCE_FROZEN,At least two independent official/primary sources are intentionally mapped to this feature; restricted-topic sources are only used for their applicable scope; non-authoritative legacy mappings are explicitly identified.,2026-08-31
F015,Tasks,CRM,APPROVED,operational,PFD-BM-F015-1;PFD-BM-F015-2,MS_SALES;ODOO_CRM,2,CRM-P1-BM-029;CRM-P1-BM-030,,PASS,PASS,PASS,PASS,PASS_D_RELEVANCE_FROZEN,At least two independent official/primary sources are intentionally mapped to this feature; restricted-topic sources are only used for their applicable scope; non-authoritative legacy mappings are explicitly identified.,2026-08-31
F016,Follow-ups and reminders,CRM,APPROVED,operational,PFD-BM-F016-1;PFD-BM-F016-2,MS_SALES;ODOO_CRM,2,CRM-P1-BM-031;CRM-P1-BM-032,,PASS,PASS,PASS,PASS,PASS_D_RELEVANCE_FROZEN,At least two independent official/primary sources are intentionally mapped to this feature; restricted-topic sources are only used for their applicable scope; non-authoritative legacy mappings are explicitly identified.,2026-08-31
F017,Notes and attachments,CRM,APPROVED,operational,PFD-BM-F017-1;PFD-BM-F017-2,MS_SALES;ODOO_CRM,2,CRM-P1-BM-033;CRM-P1-BM-034,,PASS,PASS,PASS,PASS,PASS_D_RELEVANCE_FROZEN,At least two independent official/primary sources are intentionally mapped to this feature; restricted-topic sources are only used for their applicable scope; non-authoritative legacy mappings are explicitly identified.,2026-08-31
F018,Email history,CRM,APPROVED,operational,PFD-BM-F018-1;PFD-BM-F018-2,MS_SALES;ODOO_CRM,2,CRM-P1-BM-035;CRM-P1-BM-036,,PASS,PASS,PASS,PASS,PASS_D_RELEVANCE_FROZEN,At least two independent official/primary sources are intentionally mapped to this feature; restricted-topic sources are only used for their applicable scope; non-authoritative legacy mappings are explicitly identified.,2026-08-31
F019,Activity timeline,CRM,APPROVED,operational,PFD-BM-F019-1;PFD-BM-F019-2,MS_SALES;ODOO_CRM,2,CRM-P1-BM-037;CRM-P1-BM-038,,PASS,PASS,PASS,PASS,PASS_D_RELEVANCE_FROZEN,At least two independent official/primary sources are intentionally mapped to this feature; restricted-topic sources are only used for their applicable scope; non-authoritative legacy mappings are explicitly identified.,2026-08-31
F020,Territories and sales teams,CRM,APPROVED,operational,PFD-BM-F020-1;PFD-BM-F020-2,MS_SALES;ODOO_CRM,2,CRM-P1-BM-039;CRM-P1-BM-040,,PASS,PASS,PASS,PASS,PASS_D_RELEVANCE_FROZEN,At least two independent official/primary sources are intentionally mapped to this feature; restricted-topic sources are only used for their applicable scope; non-authoritative legacy mappings are explicitly identified.,2026-08-31
F021,Lead import and export,CRM,APPROVED,operational,PFD-BM-F021-1;PFD-BM-F021-2,MS_SALES;ODOO_CRM,2,CRM-P1-BM-041;CRM-P1-BM-042,,PASS,PASS,PASS,PASS,PASS_D_RELEVANCE_FROZEN,At least two independent official/primary sources are intentionally mapped to this feature; restricted-topic sources are only used for their applicable scope; non-authoritative legacy mappings are explicitly identified.,2026-08-31
F022,Lead-to-opportunity conversion,CRM,APPROVED,operational,PFD-BM-F022-1;PFD-BM-F022-2,MS_SALES;ODOO_CRM,2,CRM-P1-BM-043;CRM-P1-BM-044,,PASS,PASS,PASS,PASS,PASS_D_RELEVANCE_FROZEN,At least two independent official/primary sources are intentionally mapped to this feature; restricted-topic sources are only used for their applicable scope; non-authoritative legacy mappings are explicitly identified.,2026-08-31
F023,Opportunity-to-quotation conversion,CRM,APPROVED,document,PFD-BM-F023-1;PFD-BM-F023-2,MS_SALES;ODOO_CRM,2,CRM-P1-BM-045;CRM-P1-BM-046,,PASS,PASS,PASS,PASS,PASS_D_RELEVANCE_FROZEN,At least two independent official/primary sources are intentionally mapped to this feature; restricted-topic sources are only used for their applicable scope; non-authoritative legacy mappings are explicitly identified.,2026-08-31
F024,Pipeline dashboard,CRM,APPROVED,analytics,PFD-BM-F024-1;PFD-BM-F024-2,MS_SALES;ODOO_CRM,2,CRM-P1-BM-047;CRM-P1-BM-048,,PASS,PASS,PASS,PASS,PASS_D_RELEVANCE_FROZEN,At least two independent official/primary sources are intentionally mapped to this feature; restricted-topic sources are only used for their applicable scope; non-authoritative legacy mappings are explicitly identified.,2026-08-31
F025,Sales forecast,CRM,APPROVED,analytics,PFD-BM-F025-1;PFD-BM-F025-2,MS_SALES;ODOO_CRM,2,CRM-P1-BM-049;CRM-P1-BM-050,,PASS,PASS,PASS,PASS,PASS_D_RELEVANCE_FROZEN,At least two independent official/primary sources are intentionally mapped to this feature; restricted-topic sources are only used for their applicable scope; non-authoritative legacy mappings are explicitly identified.,2026-08-31
F026,Won / lost reasons,CRM,APPROVED,operational,PFD-BM-F026-1;PFD-BM-F026-2,MS_SALES;ODOO_CRM,2,CRM-P1-BM-051;CRM-P1-BM-052,,PASS,PASS,PASS,PASS,PASS_D_RELEVANCE_FROZEN,At least two independent official/primary sources are intentionally mapped to this feature; restricted-topic sources are only used for their applicable scope; non-authoritative legacy mappings are explicitly identified.,2026-08-31
F027,Basic lead scoring,CRM,APPROVED,operational,PFD-BM-F027-1;PFD-BM-F027-2,MS_SALES;ODOO_CRM,2,CRM-P1-BM-053;CRM-P1-BM-054,,PASS,PASS,PASS,PASS,PASS_D_RELEVANCE_FROZEN,At least two independent official/primary sources are intentionally mapped to this feature; restricted-topic sources are only used for their applicable scope; non-authoritative legacy mappings are explicitly identified.,2026-08-31
F028,Custom fields and tags,CRM,APPROVED,master_config,PFD-BM-F028-1;PFD-BM-F028-2,MS_SALES;ODOO_CRM,2,CRM-P1-BM-055;CRM-P1-BM-056,,PASS,PASS,PASS,PASS,PASS_D_RELEVANCE_FROZEN,At least two independent official/primary sources are intentionally mapped to this feature; restricted-topic sources are only used for their applicable scope; non-authoritative legacy mappings are explicitly identified.,2026-08-31
F029,Bulk actions,CRM,APPROVED,operational,PFD-BM-F029-1;PFD-BM-F029-2,MS_SALES;ODOO_CRM,2,CRM-P1-BM-057;CRM-P1-BM-058,,PASS,PASS,PASS,PASS,PASS_D_RELEVANCE_FROZEN,At least two independent official/primary sources are intentionally mapped to this feature; restricted-topic sources are only used for their applicable scope; non-authoritative legacy mappings are explicitly identified.,2026-08-31
F030,CRM reports,CRM,APPROVED,analytics,PFD-BM-F030-1;PFD-BM-F030-2,MS_SALES;ODOO_CRM,2,CRM-P1-BM-059;CRM-P1-BM-060,,PASS,PASS,PASS,PASS,PASS_D_RELEVANCE_FROZEN,At least two independent official/primary sources are intentionally mapped to this feature; restricted-topic sources are only used for their applicable scope; non-authoritative legacy mappings are explicitly identified.,2026-08-31
F031,Customer master,Sales,APPROVED,master_config,PFD-BM-F031-1;PFD-BM-F031-2,MS_SALES;ODOO_SALES,2,SALES-P2-BM-001;SALES-P2-BM-002,,PASS,PASS,PASS,PASS,PASS_D_RELEVANCE_FROZEN,At least two independent official/primary sources are intentionally mapped to this feature; restricted-topic sources are only used for their applicable scope; non-authoritative legacy mappings are explicitly identified.,2026-08-31
F032,Customer addresses and contacts,Sales,APPROVED,master_config,PFD-BM-F032-1;PFD-BM-F032-2,MS_SALES;ODOO_SALES,2,SALES-P2-BM-003;SALES-P2-BM-004,,PASS,PASS,PASS,PASS,PASS_D_RELEVANCE_FROZEN,At least two independent official/primary sources are intentionally mapped to this feature; restricted-topic sources are only used for their applicable scope; non-authoritative legacy mappings are explicitly identified.,2026-08-31
F033,Products and services,Sales,APPROVED,master_config,PFD-BM-F033-1;PFD-BM-F033-2,MS_SALES;ODOO_SALES,2,SALES-P2-BM-005;SALES-P2-BM-006,,PASS,PASS,PASS,PASS,PASS_D_RELEVANCE_FROZEN,At least two independent official/primary sources are intentionally mapped to this feature; restricted-topic sources are only used for their applicable scope; non-authoritative legacy mappings are explicitly identified.,2026-08-31
F034,Price lists,Sales,APPROVED,master_config,PFD-BM-F034-1;PFD-BM-F034-2,MS_SALES;ODOO_SALES,2,SALES-P2-BM-007;SALES-P2-BM-008,,PASS,PASS,PASS,PASS,PASS_D_RELEVANCE_FROZEN,At least two independent official/primary sources are intentionally mapped to this feature; restricted-topic sources are only used for their applicable scope; non-authoritative legacy mappings are explicitly identified.,2026-08-31
F035,Customer-specific prices,Sales,APPROVED,operational,PFD-BM-F035-1;PFD-BM-F035-2,MS_SALES;ODOO_SALES,2,SALES-P2-BM-009;SALES-P2-BM-010,,PASS,PASS,PASS,PASS,PASS_D_RELEVANCE_FROZEN,At least two independent official/primary sources are intentionally mapped to this feature; restricted-topic sources are only used for their applicable scope; non-authoritative legacy mappings are explicitly identified.,2026-08-31
F036,Quotations,Sales,APPROVED,document,PFD-BM-F036-1;PFD-BM-F036-2,MS_SALES;ODOO_SALES,2,SALES-P2-BM-011;SALES-P2-BM-012,,PASS,PASS,PASS,PASS,PASS_D_RELEVANCE_FROZEN,At least two independent official/primary sources are intentionally mapped to this feature; restricted-topic sources are only used for their applicable scope; non-authoritative legacy mappings are explicitly identified.,2026-08-31
F037,Quotation versions and revisions,Sales,APPROVED,document,PFD-BM-F037-1;PFD-BM-F037-2,MS_SALES;ODOO_SALES,2,SALES-P2-BM-013;SALES-P2-BM-014,,PASS,PASS,PASS,PASS,PASS_D_RELEVANCE_FROZEN,At least two independent official/primary sources are intentionally mapped to this feature; restricted-topic sources are only used for their applicable scope; non-authoritative legacy mappings are explicitly identified.,2026-08-31
F038,Quotation expiry,Sales,APPROVED,document,PFD-BM-F038-1;PFD-BM-F038-2,MS_SALES;ODOO_SALES,2,SALES-P2-BM-015;SALES-P2-BM-016,,PASS,PASS,PASS,PASS,PASS_D_RELEVANCE_FROZEN,At least two independent official/primary sources are intentionally mapped to this feature; restricted-topic sources are only used for their applicable scope; non-authoritative legacy mappings are explicitly identified.,2026-08-31
F039,Discounts,Sales,APPROVED,operational,PFD-BM-F039-1;PFD-BM-F039-2,MS_SALES;ODOO_SALES,2,SALES-P2-BM-017;SALES-P2-BM-018,,PASS,PASS,PASS,PASS,PASS_D_RELEVANCE_FROZEN,At least two independent official/primary sources are intentionally mapped to this feature; restricted-topic sources are only used for their applicable scope; non-authoritative legacy mappings are explicitly identified.,2026-08-31
F040,Taxes,Sales,APPROVED,calculation,PFD-BM-F040-1;PFD-BM-F040-2,MS_SALES;ODOO_SALES,2,SALES-P2-BM-019;SALES-P2-BM-020,,PASS,PASS,PASS,PASS,PASS_D_RELEVANCE_FROZEN,At least two independent official/primary sources are intentionally mapped to this feature; restricted-topic sources are only used for their applicable scope; non-authoritative legacy mappings are explicitly identified.,2026-08-31
F041,Approval workflow,Sales,APPROVED,decision,PFD-BM-F041-1;PFD-BM-F041-2,MS_SALES;ODOO_SALES,2,SALES-P2-BM-021;SALES-P2-BM-022,,PASS,PASS,PASS,PASS,PASS_D_RELEVANCE_FROZEN,At least two independent official/primary sources are intentionally mapped to this feature; restricted-topic sources are only used for their applicable scope; non-authoritative legacy mappings are explicitly identified.,2026-08-31
F042,Sales orders,Sales,APPROVED,document,PFD-BM-F042-1;PFD-BM-F042-2,MS_SALES;ODOO_SALES,2,SALES-P2-BM-023;SALES-P2-BM-024,,PASS,PASS,PASS,PASS,PASS_D_RELEVANCE_FROZEN,At least two independent official/primary sources are intentionally mapped to this feature; restricted-topic sources are only used for their applicable scope; non-authoritative legacy mappings are explicitly identified.,2026-08-31
F043,Order confirmation,Sales,APPROVED,document,PFD-BM-F043-1;PFD-BM-F043-2,MS_SALES;ODOO_SALES,2,SALES-P2-BM-025;SALES-P2-BM-026,,PASS,PASS,PASS,PASS,PASS_D_RELEVANCE_FROZEN,At least two independent official/primary sources are intentionally mapped to this feature; restricted-topic sources are only used for their applicable scope; non-authoritative legacy mappings are explicitly identified.,2026-08-31
F044,Order amendments,Sales,APPROVED,document,PFD-BM-F044-1;PFD-BM-F044-2,MS_SALES;ODOO_SALES,2,SALES-P2-BM-027;SALES-P2-BM-028,,PASS,PASS,PASS,PASS,PASS_D_RELEVANCE_FROZEN,At least two independent official/primary sources are intentionally mapped to this feature; restricted-topic sources are only used for their applicable scope; non-authoritative legacy mappings are explicitly identified.,2026-08-31
F045,Availability check,Sales,APPROVED,operational,PFD-BM-F045-1;PFD-BM-F045-2,MS_SALES;ODOO_SALES,2,SALES-P2-BM-029;SALES-P2-BM-030,,PASS,PASS,PASS,PASS,PASS_D_RELEVANCE_FROZEN,At least two independent official/primary sources are intentionally mapped to this feature; restricted-topic sources are only used for their applicable scope; non-authoritative legacy mappings are explicitly identified.,2026-08-31
F046,Stock reservation,Sales,APPROVED,operational,PFD-BM-F046-1;PFD-BM-F046-2,MS_SALES;ODOO_SALES,2,SALES-P2-BM-031;SALES-P2-BM-032,,PASS,PASS,PASS,PASS,PASS_D_RELEVANCE_FROZEN,At least two independent official/primary sources are intentionally mapped to this feature; restricted-topic sources are only used for their applicable scope; non-authoritative legacy mappings are explicitly identified.,2026-08-31
F047,Partial fulfilment,Sales,APPROVED,operational,PFD-BM-F047-1;PFD-BM-F047-2,MS_SALES;ODOO_SALES,2,SALES-P2-BM-033;SALES-P2-BM-034,,PASS,PASS,PASS,PASS,PASS_D_RELEVANCE_FROZEN,At least two independent official/primary sources are intentionally mapped to this feature; restricted-topic sources are only used for their applicable scope; non-authoritative legacy mappings are explicitly identified.,2026-08-31
F048,Backorders,Sales,APPROVED,document,PFD-BM-F048-1;PFD-BM-F048-2,MS_SALES;ODOO_SALES,2,SALES-P2-BM-035;SALES-P2-BM-036,,PASS,PASS,PASS,PASS,PASS_D_RELEVANCE_FROZEN,At least two independent official/primary sources are intentionally mapped to this feature; restricted-topic sources are only used for their applicable scope; non-authoritative legacy mappings are explicitly identified.,2026-08-31
F049,Delivery and shipment,Sales,APPROVED,operational,PFD-BM-F049-1;PFD-BM-F049-2,MS_SALES;ODOO_SALES,2,SALES-P2-BM-037;SALES-P2-BM-038,,PASS,PASS,PASS,PASS,PASS_D_RELEVANCE_FROZEN,At least two independent official/primary sources are intentionally mapped to this feature; restricted-topic sources are only used for their applicable scope; non-authoritative legacy mappings are explicitly identified.,2026-08-31
F050,Sales invoices,Sales,APPROVED,document,PFD-BM-F050-1;PFD-BM-F050-2,MS_SALES;ODOO_SALES,2,SALES-P2-BM-039;SALES-P2-BM-040,,PASS,PASS,PASS,PASS,PASS_D_RELEVANCE_FROZEN,At least two independent official/primary sources are intentionally mapped to this feature; restricted-topic sources are only used for their applicable scope; non-authoritative legacy mappings are explicitly identified.,2026-08-31
F051,Partial invoicing,Sales,APPROVED,operational,PFD-BM-F051-1;PFD-BM-F051-2,MS_SALES;ODOO_SALES,2,SALES-P2-BM-041;SALES-P2-BM-042,,PASS,PASS,PASS,PASS,PASS_D_RELEVANCE_FROZEN,At least two independent official/primary sources are intentionally mapped to this feature; restricted-topic sources are only used for their applicable scope; non-authoritative legacy mappings are explicitly identified.,2026-08-31
F052,Advance payments,Sales,APPROVED,money_movement,PFD-BM-F052-1;PFD-BM-F052-2,MS_SALES;ODOO_SALES,2,SALES-P2-BM-043;SALES-P2-BM-044,,PASS,PASS,PASS,PASS,PASS_D_RELEVANCE_FROZEN,At least two independent official/primary sources are intentionally mapped to this feature; restricted-topic sources are only used for their applicable scope; non-authoritative legacy mappings are explicitly identified.,2026-08-31
F053,Credit limits,Sales,APPROVED,operational,PFD-BM-F053-1;PFD-BM-F053-2,MS_SALES;ODOO_SALES,2,SALES-P2-BM-045;SALES-P2-BM-046,,PASS,PASS,PASS,PASS,PASS_D_RELEVANCE_FROZEN,At least two independent official/primary sources are intentionally mapped to this feature; restricted-topic sources are only used for their applicable scope; non-authoritative legacy mappings are explicitly identified.,2026-08-31
F054,Customer returns,Sales,APPROVED,operational,PFD-BM-F054-1;PFD-BM-F054-2,MS_SALES;ODOO_SALES,2,SALES-P2-BM-047;SALES-P2-BM-048,,PASS,PASS,PASS,PASS,PASS_D_RELEVANCE_FROZEN,At least two independent official/primary sources are intentionally mapped to this feature; restricted-topic sources are only used for their applicable scope; non-authoritative legacy mappings are explicitly identified.,2026-08-31
F055,Credit notes and refunds,Sales,APPROVED,document,PFD-BM-F055-1;PFD-BM-F055-2,MS_SALES;ODOO_SALES,2,SALES-P2-BM-049;SALES-P2-BM-050,,PASS,PASS,PASS,PASS,PASS_D_RELEVANCE_FROZEN,At least two independent official/primary sources are intentionally mapped to this feature; restricted-topic sources are only used for their applicable scope; non-authoritative legacy mappings are explicitly identified.,2026-08-31
F056,Drop shipping,Sales,APPROVED,operational,PFD-BM-F056-1;PFD-BM-F056-2,MS_SALES;ODOO_SALES,2,SALES-P2-BM-051;SALES-P2-BM-052,,PASS,PASS,PASS,PASS,PASS_D_RELEVANCE_FROZEN,At least two independent official/primary sources are intentionally mapped to this feature; restricted-topic sources are only used for their applicable scope; non-authoritative legacy mappings are explicitly identified.,2026-08-31
F057,Sales commissions,Sales,APPROVED,operational,PFD-BM-F057-1;PFD-BM-F057-2,MS_SALES;ODOO_SALES,2,SALES-P2-BM-053;SALES-P2-BM-054,,PASS,PASS,PASS,PASS,PASS_D_RELEVANCE_FROZEN,At least two independent official/primary sources are intentionally mapped to this feature; restricted-topic sources are only used for their applicable scope; non-authoritative legacy mappings are explicitly identified.,2026-08-31
F058,Payment terms,Sales,APPROVED,money_movement,PFD-BM-F058-1;PFD-BM-F058-2,MS_SALES;ODOO_SALES,2,SALES-P2-BM-055;SALES-P2-BM-056,,PASS,PASS,PASS,PASS,PASS_D_RELEVANCE_FROZEN,At least two independent official/primary sources are intentionally mapped to this feature; restricted-topic sources are only used for their applicable scope; non-authoritative legacy mappings are explicitly identified.,2026-08-31
F059,Order status tracking,Sales,APPROVED,document,PFD-BM-F059-1;PFD-BM-F059-2,MS_SALES;ODOO_SALES,2,SALES-P2-BM-057;SALES-P2-BM-058,,PASS,PASS,PASS,PASS,PASS_D_RELEVANCE_FROZEN,At least two independent official/primary sources are intentionally mapped to this feature; restricted-topic sources are only used for their applicable scope; non-authoritative legacy mappings are explicitly identified.,2026-08-31
F060,Sales analytics,Sales,APPROVED,analytics,PFD-BM-F060-1;PFD-BM-F060-2,MS_SALES;ODOO_SALES,2,SALES-P2-BM-059;SALES-P2-BM-060,,PASS,PASS,PASS,PASS,PASS_D_RELEVANCE_FROZEN,At least two independent official/primary sources are intentionally mapped to this feature; restricted-topic sources are only used for their applicable scope; non-authoritative legacy mappings are explicitly identified.,2026-08-31
F061,Margin and profitability,Sales,APPROVED,calculation,PFD-BM-F061-1;PFD-BM-F061-2,MS_SALES;ODOO_SALES,2,SALES-P2-BM-061;SALES-P2-BM-062,,PASS,PASS,PASS,PASS,PASS_D_RELEVANCE_FROZEN,At least two independent official/primary sources are intentionally mapped to this feature; restricted-topic sources are only used for their applicable scope; non-authoritative legacy mappings are explicitly identified.,2026-08-31
F062,Order-to-cash reporting,Sales,APPROVED,analytics,PFD-BM-F062-1;PFD-BM-F062-2,MS_SALES;ODOO_SALES,2,SALES-P2-BM-063;SALES-P2-BM-064,,PASS,PASS,PASS,PASS,PASS_D_RELEVANCE_FROZEN,At least two independent official/primary sources are intentionally mapped to this feature; restricted-topic sources are only used for their applicable scope; non-authoritative legacy mappings are explicitly identified.,2026-08-31
F063,Supplier master,Procurement,APPROVED,master_config,PFD-BM-F063-1;PFD-BM-F063-2,MS_SCM;ORACLE_PROC,2,PROC-P3-BM-001;PROC-P3-BM-002,,PASS,PASS,PASS,PASS,PASS_D_RELEVANCE_FROZEN,At least two independent official/primary sources are intentionally mapped to this feature; restricted-topic sources are only used for their applicable scope; non-authoritative legacy mappings are explicitly identified.,2026-08-31
F064,Supplier contacts and addresses,Procurement,APPROVED,master_config,PFD-BM-F064-1;PFD-BM-F064-2,MS_SCM;ORACLE_PROC,2,PROC-P3-BM-003;PROC-P3-BM-004,,PASS,PASS,PASS,PASS,PASS_D_RELEVANCE_FROZEN,At least two independent official/primary sources are intentionally mapped to this feature; restricted-topic sources are only used for their applicable scope; non-authoritative legacy mappings are explicitly identified.,2026-08-31
F065,Supplier onboarding,Procurement,APPROVED,operational,PFD-BM-F065-1;PFD-BM-F065-2,MS_SCM;ORACLE_PROC,2,PROC-P3-BM-005;PROC-P3-BM-006,,PASS,PASS,PASS,PASS,PASS_D_RELEVANCE_FROZEN,At least two independent official/primary sources are intentionally mapped to this feature; restricted-topic sources are only used for their applicable scope; non-authoritative legacy mappings are explicitly identified.,2026-08-31
F066,Supplier categories,Procurement,APPROVED,master_config,PFD-BM-F066-1;PFD-BM-F066-2,MS_SCM;ORACLE_PROC,2,PROC-P3-BM-007;PROC-P3-BM-008,,PASS,PASS,PASS,PASS,PASS_D_RELEVANCE_FROZEN,At least two independent official/primary sources are intentionally mapped to this feature; restricted-topic sources are only used for their applicable scope; non-authoritative legacy mappings are explicitly identified.,2026-08-31
F067,Purchase requisitions,Procurement,APPROVED,document,PFD-BM-F067-1;PFD-BM-F067-2,MS_SCM;ORACLE_PROC,2,PROC-P3-BM-009;PROC-P3-BM-010,,PASS,PASS,PASS,PASS,PASS_D_RELEVANCE_FROZEN,At least two independent official/primary sources are intentionally mapped to this feature; restricted-topic sources are only used for their applicable scope; non-authoritative legacy mappings are explicitly identified.,2026-08-31
F068,Requisition approvals,Procurement,APPROVED,document,PFD-BM-F068-1;PFD-BM-F068-2,MS_SCM;ORACLE_PROC,2,PROC-P3-BM-011;PROC-P3-BM-012,,PASS,PASS,PASS,PASS,PASS_D_RELEVANCE_FROZEN,At least two independent official/primary sources are intentionally mapped to this feature; restricted-topic sources are only used for their applicable scope; non-authoritative legacy mappings are explicitly identified.,2026-08-31
F069,RFQ creation,Procurement,APPROVED,document,PFD-BM-F069-1;PFD-BM-F069-2,MS_SCM;ORACLE_PROC,2,PROC-P3-BM-013;PROC-P3-BM-014,,PASS,PASS,PASS,PASS,PASS_D_RELEVANCE_FROZEN,At least two independent official/primary sources are intentionally mapped to this feature; restricted-topic sources are only used for their applicable scope; non-authoritative legacy mappings are explicitly identified.,2026-08-31
F070,RFQ to multiple vendors,Procurement,APPROVED,document,PFD-BM-F070-1;PFD-BM-F070-2,MS_SCM;ORACLE_PROC,2,PROC-P3-BM-015;PROC-P3-BM-016,,PASS,PASS,PASS,PASS,PASS_D_RELEVANCE_FROZEN,At least two independent official/primary sources are intentionally mapped to this feature; restricted-topic sources are only used for their applicable scope; non-authoritative legacy mappings are explicitly identified.,2026-08-31
F071,Supplier quotations,Procurement,APPROVED,document,PFD-BM-F071-1;PFD-BM-F071-2,MS_SCM;ORACLE_PROC,2,PROC-P3-BM-017;PROC-P3-BM-018,,PASS,PASS,PASS,PASS,PASS_D_RELEVANCE_FROZEN,At least two independent official/primary sources are intentionally mapped to this feature; restricted-topic sources are only used for their applicable scope; non-authoritative legacy mappings are explicitly identified.,2026-08-31
F072,Bid comparison,Procurement,APPROVED,operational,PFD-BM-F072-1;PFD-BM-F072-2,MS_SCM;ORACLE_PROC,2,PROC-P3-BM-019;PROC-P3-BM-020,,PASS,PASS,PASS,PASS,PASS_D_RELEVANCE_FROZEN,At least two independent official/primary sources are intentionally mapped to this feature; restricted-topic sources are only used for their applicable scope; non-authoritative legacy mappings are explicitly identified.,2026-08-31
F073,Supplier selection,Procurement,APPROVED,decision,PFD-BM-F073-1;PFD-BM-F073-2,MS_SCM;ORACLE_PROC,2,PROC-P3-BM-021;PROC-P3-BM-022,,PASS,PASS,PASS,PASS,PASS_D_RELEVANCE_FROZEN,At least two independent official/primary sources are intentionally mapped to this feature; restricted-topic sources are only used for their applicable scope; non-authoritative legacy mappings are explicitly identified.,2026-08-31
F074,Purchase orders,Procurement,APPROVED,document,PFD-BM-F074-1;PFD-BM-F074-2,MS_SCM;ORACLE_PROC,2,PROC-P3-BM-023;PROC-P3-BM-024,,PASS,PASS,PASS,PASS,PASS_D_RELEVANCE_FROZEN,At least two independent official/primary sources are intentionally mapped to this feature; restricted-topic sources are only used for their applicable scope; non-authoritative legacy mappings are explicitly identified.,2026-08-31
F075,PO approvals,Procurement,APPROVED,decision,PFD-BM-F075-1;PFD-BM-F075-2,MS_SCM;ORACLE_PROC,2,PROC-P3-BM-025;PROC-P3-BM-026,,PASS,PASS,PASS,PASS,PASS_D_RELEVANCE_FROZEN,At least two independent official/primary sources are intentionally mapped to this feature; restricted-topic sources are only used for their applicable scope; non-authoritative legacy mappings are explicitly identified.,2026-08-31
F076,PO amendments,Procurement,APPROVED,operational,PFD-BM-F076-1;PFD-BM-F076-2,MS_SCM;ORACLE_PROC,2,PROC-P3-BM-027;PROC-P3-BM-028,,PASS,PASS,PASS,PASS,PASS_D_RELEVANCE_FROZEN,At least two independent official/primary sources are intentionally mapped to this feature; restricted-topic sources are only used for their applicable scope; non-authoritative legacy mappings are explicitly identified.,2026-08-31
F077,Blanket purchase orders,Procurement,APPROVED,document,PFD-BM-F077-1;PFD-BM-F077-2,MS_SCM;ORACLE_PROC,2,PROC-P3-BM-029;PROC-P3-BM-030,,PASS,PASS,PASS,PASS,PASS_D_RELEVANCE_FROZEN,At least two independent official/primary sources are intentionally mapped to this feature; restricted-topic sources are only used for their applicable scope; non-authoritative legacy mappings are explicitly identified.,2026-08-31
F078,Purchase agreements and contracts,Procurement,APPROVED,document,PFD-BM-F078-1;PFD-BM-F078-2,MS_SCM;ORACLE_PROC,2,PROC-P3-BM-031;PROC-P3-BM-032,,PASS,PASS,PASS,PASS,PASS_D_RELEVANCE_FROZEN,At least two independent official/primary sources are intentionally mapped to this feature; restricted-topic sources are only used for their applicable scope; non-authoritative legacy mappings are explicitly identified.,2026-08-31
F079,Supplier price lists,Procurement,APPROVED,master_config,PFD-BM-F079-1;PFD-BM-F079-2,MS_SCM;ORACLE_PROC,2,PROC-P3-BM-033;PROC-P3-BM-034,,PASS,PASS,PASS,PASS,PASS_D_RELEVANCE_FROZEN,At least two independent official/primary sources are intentionally mapped to this feature; restricted-topic sources are only used for their applicable scope; non-authoritative legacy mappings are explicitly identified.,2026-08-31
F080,Goods receipt / GRN,Procurement,APPROVED,document,PFD-BM-F080-1;PFD-BM-F080-2,MS_SCM;ORACLE_PROC,2,PROC-P3-BM-035;PROC-P3-BM-036,,PASS,PASS,PASS,PASS,PASS_D_RELEVANCE_FROZEN,At least two independent official/primary sources are intentionally mapped to this feature; restricted-topic sources are only used for their applicable scope; non-authoritative legacy mappings are explicitly identified.,2026-08-31
F081,Partial receipts,Procurement,APPROVED,operational,PFD-BM-F081-1;PFD-BM-F081-2,MS_SCM;ORACLE_PROC,2,PROC-P3-BM-037;PROC-P3-BM-038,,PASS,PASS,PASS,PASS,PASS_D_RELEVANCE_FROZEN,At least two independent official/primary sources are intentionally mapped to this feature; restricted-topic sources are only used for their applicable scope; non-authoritative legacy mappings are explicitly identified.,2026-08-31
F082,Rejected receipts,Procurement,APPROVED,operational,PFD-BM-F082-1;PFD-BM-F082-2,MS_SCM;ORACLE_PROC,2,PROC-P3-BM-039;PROC-P3-BM-040,,PASS,PASS,PASS,PASS,PASS_D_RELEVANCE_FROZEN,At least two independent official/primary sources are intentionally mapped to this feature; restricted-topic sources are only used for their applicable scope; non-authoritative legacy mappings are explicitly identified.,2026-08-31
F083,Purchase returns,Procurement,APPROVED,operational,PFD-BM-F083-1;PFD-BM-F083-2,MS_SCM;ORACLE_PROC,2,PROC-P3-BM-041;PROC-P3-BM-042,,PASS,PASS,PASS,PASS,PASS_D_RELEVANCE_FROZEN,At least two independent official/primary sources are intentionally mapped to this feature; restricted-topic sources are only used for their applicable scope; non-authoritative legacy mappings are explicitly identified.,2026-08-31
F084,Supplier invoices,Procurement,APPROVED,document,PFD-BM-F084-1;PFD-BM-F084-2,MS_SCM;ORACLE_PROC,2,PROC-P3-BM-043;PROC-P3-BM-044,,PASS,PASS,PASS,PASS,PASS_D_RELEVANCE_FROZEN,At least two independent official/primary sources are intentionally mapped to this feature; restricted-topic sources are only used for their applicable scope; non-authoritative legacy mappings are explicitly identified.,2026-08-31
F085,2-way matching,Procurement,APPROVED,operational,PFD-BM-F085-1;PFD-BM-F085-2,MS_SCM;ORACLE_PROC,2,PROC-P3-BM-045;PROC-P3-BM-046,,PASS,PASS,PASS,PASS,PASS_D_RELEVANCE_FROZEN,At least two independent official/primary sources are intentionally mapped to this feature; restricted-topic sources are only used for their applicable scope; non-authoritative legacy mappings are explicitly identified.,2026-08-31
F086,3-way matching: PO – GRN – Invoice,Procurement,APPROVED,document,PFD-BM-F086-1;PFD-BM-F086-2,MS_SCM;ORACLE_PROC,2,PROC-P3-BM-047;PROC-P3-BM-048,,PASS,PASS,PASS,PASS,PASS_D_RELEVANCE_FROZEN,At least two independent official/primary sources are intentionally mapped to this feature; restricted-topic sources are only used for their applicable scope; non-authoritative legacy mappings are explicitly identified.,2026-08-31
F087,Landed costs,Procurement,APPROVED,calculation,PFD-BM-F087-1;PFD-BM-F087-2,MS_SCM;ORACLE_PROC,2,PROC-P3-BM-049;PROC-P3-BM-050,,PASS,PASS,PASS,PASS,PASS_D_RELEVANCE_FROZEN,At least two independent official/primary sources are intentionally mapped to this feature; restricted-topic sources are only used for their applicable scope; non-authoritative legacy mappings are explicitly identified.,2026-08-31
F088,Payment terms,Procurement,APPROVED,money_movement,PFD-BM-F088-1;PFD-BM-F088-2,MS_SCM;ORACLE_PROC,2,PROC-P3-BM-051;PROC-P3-BM-052,,PASS,PASS,PASS,PASS,PASS_D_RELEVANCE_FROZEN,At least two independent official/primary sources are intentionally mapped to this feature; restricted-topic sources are only used for their applicable scope; non-authoritative legacy mappings are explicitly identified.,2026-08-31
F089,Supplier performance,Procurement,APPROVED,operational,PFD-BM-F089-1;PFD-BM-F089-2,MS_SCM;ORACLE_PROC,2,PROC-P3-BM-053;PROC-P3-BM-054,,PASS,PASS,PASS,PASS,PASS_D_RELEVANCE_FROZEN,At least two independent official/primary sources are intentionally mapped to this feature; restricted-topic sources are only used for their applicable scope; non-authoritative legacy mappings are explicitly identified.,2026-08-31
F090,Supplier rating,Procurement,APPROVED,operational,PFD-BM-F090-1;PFD-BM-F090-2,MS_SCM;ORACLE_PROC,2,PROC-P3-BM-055;PROC-P3-BM-056,,PASS,PASS,PASS,PASS,PASS_D_RELEVANCE_FROZEN,At least two independent official/primary sources are intentionally mapped to this feature; restricted-topic sources are only used for their applicable scope; non-authoritative legacy mappings are explicitly identified.,2026-08-31
F091,Supplier lead times,Procurement,APPROVED,operational,PFD-BM-F091-1;PFD-BM-F091-2,MS_SCM;ORACLE_PROC,2,PROC-P3-BM-057;PROC-P3-BM-058,,PASS,PASS,PASS,PASS,PASS_D_RELEVANCE_FROZEN,At least two independent official/primary sources are intentionally mapped to this feature; restricted-topic sources are only used for their applicable scope; non-authoritative legacy mappings are explicitly identified.,2026-08-31
F092,Spend analysis,Procurement,APPROVED,analytics,PFD-BM-F092-1;PFD-BM-F092-2,MS_SCM;ORACLE_PROC,2,PROC-P3-BM-059;PROC-P3-BM-060,,PASS,PASS,PASS,PASS,PASS_D_RELEVANCE_FROZEN,At least two independent official/primary sources are intentionally mapped to this feature; restricted-topic sources are only used for their applicable scope; non-authoritative legacy mappings are explicitly identified.,2026-08-31
F093,Purchase history,Procurement,APPROVED,operational,PFD-BM-F093-1;PFD-BM-F093-2,MS_SCM;ORACLE_PROC,2,PROC-P3-BM-061;PROC-P3-BM-062,,PASS,PASS,PASS,PASS,PASS_D_RELEVANCE_FROZEN,At least two independent official/primary sources are intentionally mapped to this feature; restricted-topic sources are only used for their applicable scope; non-authoritative legacy mappings are explicitly identified.,2026-08-31
F094,Reorder-generated purchasing,Procurement,APPROVED,document,PFD-BM-F094-1;PFD-BM-F094-2,MS_SCM;ORACLE_PROC,2,PROC-P3-BM-063;PROC-P3-BM-064,,PASS,PASS,PASS,PASS,PASS_D_RELEVANCE_FROZEN,At least two independent official/primary sources are intentionally mapped to this feature; restricted-topic sources are only used for their applicable scope; non-authoritative legacy mappings are explicitly identified.,2026-08-31
F095,Subcontract purchasing,Procurement,APPROVED,document,PFD-BM-F095-1;PFD-BM-F095-2,MS_SCM;ORACLE_PROC,2,PROC-P3-BM-065;PROC-P3-BM-066,,PASS,PASS,PASS,PASS,PASS_D_RELEVANCE_FROZEN,At least two independent official/primary sources are intentionally mapped to this feature; restricted-topic sources are only used for their applicable scope; non-authoritative legacy mappings are explicitly identified.,2026-08-31
F096,Procurement dashboard,Procurement,APPROVED,analytics,PFD-BM-F096-1;PFD-BM-F096-2,MS_SCM;ORACLE_PROC,2,PROC-P3-BM-067;PROC-P3-BM-068,,PASS,PASS,PASS,PASS,PASS_D_RELEVANCE_FROZEN,At least two independent official/primary sources are intentionally mapped to this feature; restricted-topic sources are only used for their applicable scope; non-authoritative legacy mappings are explicitly identified.,2026-08-31
F097,Item master,Stock / Inventory,APPROVED,master_config,PFD-BM-F097-1;PFD-BM-F097-2,MS_SCM;ODOO_INVENTORY,2,STOCK-P4-BM-001;STOCK-P4-BM-002,,PASS,PASS,PASS,PASS,PASS_D_RELEVANCE_FROZEN,At least two independent official/primary sources are intentionally mapped to this feature; restricted-topic sources are only used for their applicable scope; non-authoritative legacy mappings are explicitly identified.,2026-08-31
F098,Item categories,Stock / Inventory,APPROVED,master_config,PFD-BM-F098-1;PFD-BM-F098-2,MS_SCM;ODOO_INVENTORY,2,STOCK-P4-BM-003;STOCK-P4-BM-004,,PASS,PASS,PASS,PASS,PASS_D_RELEVANCE_FROZEN,At least two independent official/primary sources are intentionally mapped to this feature; restricted-topic sources are only used for their applicable scope; non-authoritative legacy mappings are explicitly identified.,2026-08-31
F099,SKUs,Stock / Inventory,APPROVED,operational,PFD-BM-F099-1;PFD-BM-F099-2,MS_SCM;ODOO_INVENTORY,2,STOCK-P4-BM-005;STOCK-P4-BM-006,,PASS,PASS,PASS,PASS,PASS_D_RELEVANCE_FROZEN,At least two independent official/primary sources are intentionally mapped to this feature; restricted-topic sources are only used for their applicable scope; non-authoritative legacy mappings are explicitly identified.,2026-08-31
F100,Variants,Stock / Inventory,APPROVED,operational,PFD-BM-F100-1;PFD-BM-F100-2,MS_SCM;ODOO_INVENTORY,2,STOCK-P4-BM-007;STOCK-P4-BM-008,,PASS,PASS,PASS,PASS,PASS_D_RELEVANCE_FROZEN,At least two independent official/primary sources are intentionally mapped to this feature; restricted-topic sources are only used for their applicable scope; non-authoritative legacy mappings are explicitly identified.,2026-08-31
F101,Multiple units of measure,Stock / Inventory,APPROVED,operational,PFD-BM-F101-1;PFD-BM-F101-2,MS_SCM;ODOO_INVENTORY,2,STOCK-P4-BM-009;STOCK-P4-BM-010,,PASS,PASS,PASS,PASS,PASS_D_RELEVANCE_FROZEN,At least two independent official/primary sources are intentionally mapped to this feature; restricted-topic sources are only used for their applicable scope; non-authoritative legacy mappings are explicitly identified.,2026-08-31
F102,UOM conversions,Stock / Inventory,APPROVED,master_config,PFD-BM-F102-1;PFD-BM-F102-2,MS_SCM;ODOO_INVENTORY,2,STOCK-P4-BM-011;STOCK-P4-BM-012,,PASS,PASS,PASS,PASS,PASS_D_RELEVANCE_FROZEN,At least two independent official/primary sources are intentionally mapped to this feature; restricted-topic sources are only used for their applicable scope; non-authoritative legacy mappings are explicitly identified.,2026-08-31
F103,Warehouses,Stock / Inventory,APPROVED,master_config,PFD-BM-F103-1;PFD-BM-F103-2,MS_SCM;ODOO_INVENTORY,2,STOCK-P4-BM-013;STOCK-P4-BM-014,,PASS,PASS,PASS,PASS,PASS_D_RELEVANCE_FROZEN,At least two independent official/primary sources are intentionally mapped to this feature; restricted-topic sources are only used for their applicable scope; non-authoritative legacy mappings are explicitly identified.,2026-08-31
F104,Warehouse locations and bins,Stock / Inventory,APPROVED,master_config,PFD-BM-F104-1;PFD-BM-F104-2,MS_SCM;ODOO_INVENTORY,2,STOCK-P4-BM-015;STOCK-P4-BM-016,,PASS,PASS,PASS,PASS,PASS_D_RELEVANCE_FROZEN,At least two independent official/primary sources are intentionally mapped to this feature; restricted-topic sources are only used for their applicable scope; non-authoritative legacy mappings are explicitly identified.,2026-08-31
F105,Multi-warehouse inventory,Stock / Inventory,APPROVED,inventory,PFD-BM-F105-1;PFD-BM-F105-2,MS_SCM;ODOO_INVENTORY,2,STOCK-P4-BM-017;STOCK-P4-BM-018,,PASS,PASS,PASS,PASS,PASS_D_RELEVANCE_FROZEN,At least two independent official/primary sources are intentionally mapped to this feature; restricted-topic sources are only used for their applicable scope; non-authoritative legacy mappings are explicitly identified.,2026-08-31
F106,Real-time stock balance,Stock / Inventory,APPROVED,inventory,PFD-BM-F106-1;PFD-BM-F106-2,MS_SCM;ODOO_INVENTORY,2,STOCK-P4-BM-019;STOCK-P4-BM-020,,PASS,PASS,PASS,PASS,PASS_D_RELEVANCE_FROZEN,At least two independent official/primary sources are intentionally mapped to this feature; restricted-topic sources are only used for their applicable scope; non-authoritative legacy mappings are explicitly identified.,2026-08-31
F107,Stock ledger,Stock / Inventory,APPROVED,inventory,PFD-BM-F107-1;PFD-BM-F107-2,MS_SCM;ODOO_INVENTORY,2,STOCK-P4-BM-021;STOCK-P4-BM-022,,PASS,PASS,PASS,PASS,PASS_D_RELEVANCE_FROZEN,At least two independent official/primary sources are intentionally mapped to this feature; restricted-topic sources are only used for their applicable scope; non-authoritative legacy mappings are explicitly identified.,2026-08-31
F108,Goods receipts,Stock / Inventory,APPROVED,document,PFD-BM-F108-1;PFD-BM-F108-2,MS_SCM;ODOO_INVENTORY,2,STOCK-P4-BM-023;STOCK-P4-BM-024,,PASS,PASS,PASS,PASS,PASS_D_RELEVANCE_FROZEN,At least two independent official/primary sources are intentionally mapped to this feature; restricted-topic sources are only used for their applicable scope; non-authoritative legacy mappings are explicitly identified.,2026-08-31
F109,Goods issues,Stock / Inventory,APPROVED,inventory,PFD-BM-F109-1;PFD-BM-F109-2,MS_SCM;ODOO_INVENTORY,2,STOCK-P4-BM-025;STOCK-P4-BM-026,,PASS,PASS,PASS,PASS,PASS_D_RELEVANCE_FROZEN,At least two independent official/primary sources are intentionally mapped to this feature; restricted-topic sources are only used for their applicable scope; non-authoritative legacy mappings are explicitly identified.,2026-08-31
F110,Internal transfers,Stock / Inventory,APPROVED,inventory,PFD-BM-F110-1;PFD-BM-F110-2,MS_SCM;ODOO_INVENTORY,2,STOCK-P4-BM-027;STOCK-P4-BM-028,,PASS,PASS,PASS,PASS,PASS_D_RELEVANCE_FROZEN,At least two independent official/primary sources are intentionally mapped to this feature; restricted-topic sources are only used for their applicable scope; non-authoritative legacy mappings are explicitly identified.,2026-08-31
F111,Stock adjustments,Stock / Inventory,APPROVED,inventory,PFD-BM-F111-1;PFD-BM-F111-2,MS_SCM;ODOO_INVENTORY,2,STOCK-P4-BM-029;STOCK-P4-BM-030,,PASS,PASS,PASS,PASS,PASS_D_RELEVANCE_FROZEN,At least two independent official/primary sources are intentionally mapped to this feature; restricted-topic sources are only used for their applicable scope; non-authoritative legacy mappings are explicitly identified.,2026-08-31
F112,Stock reservations,Stock / Inventory,APPROVED,inventory,PFD-BM-F112-1;PFD-BM-F112-2,MS_SCM;ODOO_INVENTORY,2,STOCK-P4-BM-031;STOCK-P4-BM-032,,PASS,PASS,PASS,PASS,PASS_D_RELEVANCE_FROZEN,At least two independent official/primary sources are intentionally mapped to this feature; restricted-topic sources are only used for their applicable scope; non-authoritative legacy mappings are explicitly identified.,2026-08-31
F113,Available stock,Stock / Inventory,APPROVED,inventory,PFD-BM-F113-1;PFD-BM-F113-2,MS_SCM;ODOO_INVENTORY,2,STOCK-P4-BM-033;STOCK-P4-BM-034,,PASS,PASS,PASS,PASS,PASS_D_RELEVANCE_FROZEN,At least two independent official/primary sources are intentionally mapped to this feature; restricted-topic sources are only used for their applicable scope; non-authoritative legacy mappings are explicitly identified.,2026-08-31
F114,Available-to-promise,Stock / Inventory,APPROVED,operational,PFD-BM-F114-1;PFD-BM-F114-2,MS_SCM;ODOO_INVENTORY,2,STOCK-P4-BM-035;STOCK-P4-BM-036,,PASS,PASS,PASS,PASS,PASS_D_RELEVANCE_FROZEN,At least two independent official/primary sources are intentionally mapped to this feature; restricted-topic sources are only used for their applicable scope; non-authoritative legacy mappings are explicitly identified.,2026-08-31
F115,Batch tracking,Stock / Inventory,APPROVED,inventory,PFD-BM-F115-1;PFD-BM-F115-2,MS_SCM;ODOO_INVENTORY,2,STOCK-P4-BM-037;STOCK-P4-BM-038,,PASS,PASS,PASS,PASS,PASS_D_RELEVANCE_FROZEN,At least two independent official/primary sources are intentionally mapped to this feature; restricted-topic sources are only used for their applicable scope; non-authoritative legacy mappings are explicitly identified.,2026-08-31
F116,Lot tracking,Stock / Inventory,APPROVED,inventory,PFD-BM-F116-1;PFD-BM-F116-2,MS_SCM;ODOO_INVENTORY,2,STOCK-P4-BM-039;STOCK-P4-BM-040,,PASS,PASS,PASS,PASS,PASS_D_RELEVANCE_FROZEN,At least two independent official/primary sources are intentionally mapped to this feature; restricted-topic sources are only used for their applicable scope; non-authoritative legacy mappings are explicitly identified.,2026-08-31
F117,Serial-number tracking,Stock / Inventory,APPROVED,inventory,PFD-BM-F117-1;PFD-BM-F117-2,MS_SCM;ODOO_INVENTORY,2,STOCK-P4-BM-041;STOCK-P4-BM-042,,PASS,PASS,PASS,PASS,PASS_D_RELEVANCE_FROZEN,At least two independent official/primary sources are intentionally mapped to this feature; restricted-topic sources are only used for their applicable scope; non-authoritative legacy mappings are explicitly identified.,2026-08-31
F118,Expiry dates,Stock / Inventory,APPROVED,operational,PFD-BM-F118-1;PFD-BM-F118-2,MS_SCM;ODOO_INVENTORY,2,STOCK-P4-BM-043;STOCK-P4-BM-044,,PASS,PASS,PASS,PASS,PASS_D_RELEVANCE_FROZEN,At least two independent official/primary sources are intentionally mapped to this feature; restricted-topic sources are only used for their applicable scope; non-authoritative legacy mappings are explicitly identified.,2026-08-31
F119,Barcode scanning,Stock / Inventory,APPROVED,inventory,PFD-BM-F119-1;PFD-BM-F119-2,MS_SCM;ODOO_INVENTORY,2,STOCK-P4-BM-045;STOCK-P4-BM-046,,PASS,PASS,PASS,PASS,PASS_D_RELEVANCE_FROZEN,At least two independent official/primary sources are intentionally mapped to this feature; restricted-topic sources are only used for their applicable scope; non-authoritative legacy mappings are explicitly identified.,2026-08-31
F120,Cycle counting,Stock / Inventory,APPROVED,operational,PFD-BM-F120-1;PFD-BM-F120-2,MS_SCM;ODOO_INVENTORY,2,STOCK-P4-BM-047;STOCK-P4-BM-048,,PASS,PASS,PASS,PASS,PASS_D_RELEVANCE_FROZEN,At least two independent official/primary sources are intentionally mapped to this feature; restricted-topic sources are only used for their applicable scope; non-authoritative legacy mappings are explicitly identified.,2026-08-31
F121,Physical inventory,Stock / Inventory,APPROVED,inventory,PFD-BM-F121-1;PFD-BM-F121-2,MS_SCM;ODOO_INVENTORY,2,STOCK-P4-BM-049;STOCK-P4-BM-050,,PASS,PASS,PASS,PASS,PASS_D_RELEVANCE_FROZEN,At least two independent official/primary sources are intentionally mapped to this feature; restricted-topic sources are only used for their applicable scope; non-authoritative legacy mappings are explicitly identified.,2026-08-31
F122,Reorder point,Stock / Inventory,APPROVED,document,PFD-BM-F122-1;PFD-BM-F122-2,MS_SCM;ODOO_INVENTORY,2,STOCK-P4-BM-051;STOCK-P4-BM-052,,PASS,PASS,PASS,PASS,PASS_D_RELEVANCE_FROZEN,At least two independent official/primary sources are intentionally mapped to this feature; restricted-topic sources are only used for their applicable scope; non-authoritative legacy mappings are explicitly identified.,2026-08-31
F123,Minimum / maximum stock,Stock / Inventory,APPROVED,inventory,PFD-BM-F123-1;PFD-BM-F123-2,MS_SCM;ODOO_INVENTORY,2,STOCK-P4-BM-053;STOCK-P4-BM-054,,PASS,PASS,PASS,PASS,PASS_D_RELEVANCE_FROZEN,At least two independent official/primary sources are intentionally mapped to this feature; restricted-topic sources are only used for their applicable scope; non-authoritative legacy mappings are explicitly identified.,2026-08-31
F124,Safety stock,Stock / Inventory,APPROVED,inventory,PFD-BM-F124-1;PFD-BM-F124-2,MS_SCM;ODOO_INVENTORY,2,STOCK-P4-BM-055;STOCK-P4-BM-056,,PASS,PASS,PASS,PASS,PASS_D_RELEVANCE_FROZEN,At least two independent official/primary sources are intentionally mapped to this feature; restricted-topic sources are only used for their applicable scope; non-authoritative legacy mappings are explicitly identified.,2026-08-31
F125,Automatic replenishment,Stock / Inventory,APPROVED,operational,PFD-BM-F125-1;PFD-BM-F125-2,MS_SCM;ODOO_INVENTORY,2,STOCK-P4-BM-057;STOCK-P4-BM-058,,PASS,PASS,PASS,PASS,PASS_D_RELEVANCE_FROZEN,At least two independent official/primary sources are intentionally mapped to this feature; restricted-topic sources are only used for their applicable scope; non-authoritative legacy mappings are explicitly identified.,2026-08-31
F126,Negative-stock control,Stock / Inventory,APPROVED,inventory,PFD-BM-F126-1;PFD-BM-F126-2,MS_SCM;ODOO_INVENTORY,2,STOCK-P4-BM-059;STOCK-P4-BM-060,,PASS,PASS,PASS,PASS,PASS_D_RELEVANCE_FROZEN,At least two independent official/primary sources are intentionally mapped to this feature; restricted-topic sources are only used for their applicable scope; non-authoritative legacy mappings are explicitly identified.,2026-08-31
F127,FIFO valuation,Stock / Inventory,APPROVED,calculation,PFD-BM-F127-1;PFD-BM-F127-2,MS_SCM;ODOO_INVENTORY,2,STOCK-P4-BM-061;STOCK-P4-BM-062,,PASS,PASS,PASS,PASS,PASS_D_RELEVANCE_FROZEN,At least two independent official/primary sources are intentionally mapped to this feature; restricted-topic sources are only used for their applicable scope; non-authoritative legacy mappings are explicitly identified.,2026-08-31
F128,Weighted / moving-average valuation,Stock / Inventory,APPROVED,calculation,PFD-BM-F128-1;PFD-BM-F128-2,MS_SCM;ODOO_INVENTORY,2,STOCK-P4-BM-063;STOCK-P4-BM-064,,PASS,PASS,PASS,PASS,PASS_D_RELEVANCE_FROZEN,At least two independent official/primary sources are intentionally mapped to this feature; restricted-topic sources are only used for their applicable scope; non-authoritative legacy mappings are explicitly identified.,2026-08-31
F129,Standard costing,Stock / Inventory,APPROVED,calculation,PFD-BM-F129-1;PFD-BM-F129-2,MS_SCM;ODOO_INVENTORY,2,STOCK-P4-BM-065;STOCK-P4-BM-066,,PASS,PASS,PASS,PASS,PASS_D_RELEVANCE_FROZEN,At least two independent official/primary sources are intentionally mapped to this feature; restricted-topic sources are only used for their applicable scope; non-authoritative legacy mappings are explicitly identified.,2026-08-31
F130,Inventory valuation,Stock / Inventory,APPROVED,calculation,PFD-BM-F130-1;PFD-BM-F130-2,MS_SCM;ODOO_INVENTORY,2,STOCK-P4-BM-067;STOCK-P4-BM-068,,PASS,PASS,PASS,PASS,PASS_D_RELEVANCE_FROZEN,At least two independent official/primary sources are intentionally mapped to this feature; restricted-topic sources are only used for their applicable scope; non-authoritative legacy mappings are explicitly identified.,2026-08-31
F131,Landed cost allocation,Stock / Inventory,APPROVED,calculation,PFD-BM-F131-1;PFD-BM-F131-2,MS_SCM;ODOO_INVENTORY,2,STOCK-P4-BM-069;STOCK-P4-BM-070,,PASS,PASS,PASS,PASS,PASS_D_RELEVANCE_FROZEN,At least two independent official/primary sources are intentionally mapped to this feature; restricted-topic sources are only used for their applicable scope; non-authoritative legacy mappings are explicitly identified.,2026-08-31
F132,Stock aging,Stock / Inventory,APPROVED,inventory,PFD-BM-F132-1;PFD-BM-F132-2,MS_SCM;ODOO_INVENTORY,2,STOCK-P4-BM-071;STOCK-P4-BM-072,,PASS,PASS,PASS,PASS,PASS_D_RELEVANCE_FROZEN,At least two independent official/primary sources are intentionally mapped to this feature; restricted-topic sources are only used for their applicable scope; non-authoritative legacy mappings are explicitly identified.,2026-08-31
F133,Slow-moving inventory,Stock / Inventory,APPROVED,inventory,PFD-BM-F133-1;PFD-BM-F133-2,MS_SCM;ODOO_INVENTORY,2,STOCK-P4-BM-073;STOCK-P4-BM-074,,PASS,PASS,PASS,PASS,PASS_D_RELEVANCE_FROZEN,At least two independent official/primary sources are intentionally mapped to this feature; restricted-topic sources are only used for their applicable scope; non-authoritative legacy mappings are explicitly identified.,2026-08-31
F134,Dead-stock reporting,Stock / Inventory,APPROVED,analytics,PFD-BM-F134-1;PFD-BM-F134-2,MS_SCM;ODOO_INVENTORY,2,STOCK-P4-BM-075;STOCK-P4-BM-076,,PASS,PASS,PASS,PASS,PASS_D_RELEVANCE_FROZEN,At least two independent official/primary sources are intentionally mapped to this feature; restricted-topic sources are only used for their applicable scope; non-authoritative legacy mappings are explicitly identified.,2026-08-31
F135,Picking,Stock / Inventory,APPROVED,inventory,PFD-BM-F135-1;PFD-BM-F135-2,MS_SCM;ODOO_INVENTORY,2,STOCK-P4-BM-077;STOCK-P4-BM-078,,PASS,PASS,PASS,PASS,PASS_D_RELEVANCE_FROZEN,At least two independent official/primary sources are intentionally mapped to this feature; restricted-topic sources are only used for their applicable scope; non-authoritative legacy mappings are explicitly identified.,2026-08-31
F136,Packing,Stock / Inventory,APPROVED,inventory,PFD-BM-F136-1;PFD-BM-F136-2,MS_SCM;ODOO_INVENTORY,2,STOCK-P4-BM-079;STOCK-P4-BM-080,,PASS,PASS,PASS,PASS,PASS_D_RELEVANCE_FROZEN,At least two independent official/primary sources are intentionally mapped to this feature; restricted-topic sources are only used for their applicable scope; non-authoritative legacy mappings are explicitly identified.,2026-08-31
F137,Shipping,Stock / Inventory,APPROVED,inventory,PFD-BM-F137-1;PFD-BM-F137-2,MS_SCM;ODOO_INVENTORY,2,STOCK-P4-BM-081;STOCK-P4-BM-082,,PASS,PASS,PASS,PASS,PASS_D_RELEVANCE_FROZEN,At least two independent official/primary sources are intentionally mapped to this feature; restricted-topic sources are only used for their applicable scope; non-authoritative legacy mappings are explicitly identified.,2026-08-31
F138,Returns,Stock / Inventory,APPROVED,inventory,PFD-BM-F138-1;PFD-BM-F138-2,MS_SCM;ODOO_INVENTORY,2,STOCK-P4-BM-083;STOCK-P4-BM-084,,PASS,PASS,PASS,PASS,PASS_D_RELEVANCE_FROZEN,At least two independent official/primary sources are intentionally mapped to this feature; restricted-topic sources are only used for their applicable scope; non-authoritative legacy mappings are explicitly identified.,2026-08-31
F139,Damaged stock,Stock / Inventory,APPROVED,inventory,PFD-BM-F139-1;PFD-BM-F139-2,MS_SCM;ODOO_INVENTORY,2,STOCK-P4-BM-085;STOCK-P4-BM-086,,PASS,PASS,PASS,PASS,PASS_D_RELEVANCE_FROZEN,At least two independent official/primary sources are intentionally mapped to this feature; restricted-topic sources are only used for their applicable scope; non-authoritative legacy mappings are explicitly identified.,2026-08-31
F140,Quarantine and quality-held stock,Stock / Inventory,APPROVED,inventory,PFD-BM-F140-1;PFD-BM-F140-2,MS_SCM;ODOO_INVENTORY,2,STOCK-P4-BM-087;STOCK-P4-BM-088,,PASS,PASS,PASS,PASS,PASS_D_RELEVANCE_FROZEN,At least two independent official/primary sources are intentionally mapped to this feature; restricted-topic sources are only used for their applicable scope; non-authoritative legacy mappings are explicitly identified.,2026-08-31
F141,Batch / serial traceability,Stock / Inventory,APPROVED,inventory,PFD-BM-F141-1;PFD-BM-F141-2,MS_SCM;ODOO_INVENTORY,2,STOCK-P4-BM-089;STOCK-P4-BM-090,,PASS,PASS,PASS,PASS,PASS_D_RELEVANCE_FROZEN,At least two independent official/primary sources are intentionally mapped to this feature; restricted-topic sources are only used for their applicable scope; non-authoritative legacy mappings are explicitly identified.,2026-08-31
F142,Inventory movement history,Stock / Inventory,APPROVED,inventory,PFD-BM-F142-1;PFD-BM-F142-2,MS_SCM;ODOO_INVENTORY,2,STOCK-P4-BM-091;STOCK-P4-BM-092,,PASS,PASS,PASS,PASS,PASS_D_RELEVANCE_FROZEN,At least two independent official/primary sources are intentionally mapped to this feature; restricted-topic sources are only used for their applicable scope; non-authoritative legacy mappings are explicitly identified.,2026-08-31
F143,Stock reports,Stock / Inventory,APPROVED,analytics,PFD-BM-F143-1;PFD-BM-F143-2,MS_SCM;ODOO_INVENTORY,2,STOCK-P4-BM-093;STOCK-P4-BM-094,,PASS,PASS,PASS,PASS,PASS_D_RELEVANCE_FROZEN,At least two independent official/primary sources are intentionally mapped to this feature; restricted-topic sources are only used for their applicable scope; non-authoritative legacy mappings are explicitly identified.,2026-08-31
F144,Inventory dashboard,Stock / Inventory,APPROVED,analytics,PFD-BM-F144-1;PFD-BM-F144-2,MS_SCM;ODOO_INVENTORY,2,STOCK-P4-BM-095;STOCK-P4-BM-096,,PASS,PASS,PASS,PASS,PASS_D_RELEVANCE_FROZEN,At least two independent official/primary sources are intentionally mapped to this feature; restricted-topic sources are only used for their applicable scope; non-authoritative legacy mappings are explicitly identified.,2026-08-31
F145,Bill of Materials (BOM),Manufacturing,APPROVED,manufacturing,PFD-BM-F145-1;PFD-BM-F145-2,MS_SCM;ODOO_MFG,2,MFG-P5-BM-001;MFG-P5-BM-002,,PASS,PASS,PASS,PASS,PASS_D_RELEVANCE_FROZEN,At least two independent official/primary sources are intentionally mapped to this feature; restricted-topic sources are only used for their applicable scope; non-authoritative legacy mappings are explicitly identified.,2026-08-31
F146,Multi-level BOM,Manufacturing,APPROVED,manufacturing,PFD-BM-F146-1;PFD-BM-F146-2,MS_SCM;ODOO_MFG,2,MFG-P5-BM-003;MFG-P5-BM-004,,PASS,PASS,PASS,PASS,PASS_D_RELEVANCE_FROZEN,At least two independent official/primary sources are intentionally mapped to this feature; restricted-topic sources are only used for their applicable scope; non-authoritative legacy mappings are explicitly identified.,2026-08-31
F147,BOM versions,Manufacturing,APPROVED,manufacturing,PFD-BM-F147-1;PFD-BM-F147-2,MS_SCM;ODOO_MFG,2,MFG-P5-BM-005;MFG-P5-BM-006,,PASS,PASS,PASS,PASS,PASS_D_RELEVANCE_FROZEN,At least two independent official/primary sources are intentionally mapped to this feature; restricted-topic sources are only used for their applicable scope; non-authoritative legacy mappings are explicitly identified.,2026-08-31
F148,BOM revisions,Manufacturing,APPROVED,manufacturing,PFD-BM-F148-1;PFD-BM-F148-2,MS_SCM;ODOO_MFG,2,MFG-P5-BM-007;MFG-P5-BM-008,,PASS,PASS,PASS,PASS,PASS_D_RELEVANCE_FROZEN,At least two independent official/primary sources are intentionally mapped to this feature; restricted-topic sources are only used for their applicable scope; non-authoritative legacy mappings are explicitly identified.,2026-08-31
F149,Alternate BOM,Manufacturing,APPROVED,manufacturing,PFD-BM-F149-1;PFD-BM-F149-2,MS_SCM;ODOO_MFG,2,MFG-P5-BM-009;MFG-P5-BM-010,,PASS,PASS,PASS,PASS,PASS_D_RELEVANCE_FROZEN,At least two independent official/primary sources are intentionally mapped to this feature; restricted-topic sources are only used for their applicable scope; non-authoritative legacy mappings are explicitly identified.,2026-08-31
F150,Routings,Manufacturing,APPROVED,decision,PFD-BM-F150-1;PFD-BM-F150-2,MS_SCM;ODOO_MFG,2,MFG-P5-BM-011;MFG-P5-BM-012,,PASS,PASS,PASS,PASS,PASS_D_RELEVANCE_FROZEN,At least two independent official/primary sources are intentionally mapped to this feature; restricted-topic sources are only used for their applicable scope; non-authoritative legacy mappings are explicitly identified.,2026-08-31
F151,Operations,Manufacturing,APPROVED,manufacturing,PFD-BM-F151-1;PFD-BM-F151-2,MS_SCM;ODOO_MFG,2,MFG-P5-BM-013;MFG-P5-BM-014,,PASS,PASS,PASS,PASS,PASS_D_RELEVANCE_FROZEN,At least two independent official/primary sources are intentionally mapped to this feature; restricted-topic sources are only used for their applicable scope; non-authoritative legacy mappings are explicitly identified.,2026-08-31
F152,Work centres,Manufacturing,APPROVED,manufacturing,PFD-BM-F152-1;PFD-BM-F152-2,MS_SCM;ODOO_MFG,2,MFG-P5-BM-015;MFG-P5-BM-016,,PASS,PASS,PASS,PASS,PASS_D_RELEVANCE_FROZEN,At least two independent official/primary sources are intentionally mapped to this feature; restricted-topic sources are only used for their applicable scope; non-authoritative legacy mappings are explicitly identified.,2026-08-31
F153,Machine / work-centre capacity,Manufacturing,APPROVED,operational,PFD-BM-F153-1;PFD-BM-F153-2,MS_SCM;ODOO_MFG,2,MFG-P5-BM-017;MFG-P5-BM-018,,PASS,PASS,PASS,PASS,PASS_D_RELEVANCE_FROZEN,At least two independent official/primary sources are intentionally mapped to this feature; restricted-topic sources are only used for their applicable scope; non-authoritative legacy mappings are explicitly identified.,2026-08-31
F154,Shift calendars,Manufacturing,APPROVED,operational,PFD-BM-F154-1;PFD-BM-F154-2,MS_SCM;ODOO_MFG,2,MFG-P5-BM-019;MFG-P5-BM-020,,PASS,PASS,PASS,PASS,PASS_D_RELEVANCE_FROZEN,At least two independent official/primary sources are intentionally mapped to this feature; restricted-topic sources are only used for their applicable scope; non-authoritative legacy mappings are explicitly identified.,2026-08-31
F155,Manufacturing orders,Manufacturing,APPROVED,document,PFD-BM-F155-1;PFD-BM-F155-2,MS_SCM;ODOO_MFG,2,MFG-P5-BM-021;MFG-P5-BM-022,,PASS,PASS,PASS,PASS,PASS_D_RELEVANCE_FROZEN,At least two independent official/primary sources are intentionally mapped to this feature; restricted-topic sources are only used for their applicable scope; non-authoritative legacy mappings are explicitly identified.,2026-08-31
F156,Work orders,Manufacturing,APPROVED,document,PFD-BM-F156-1;PFD-BM-F156-2,MS_SCM;ODOO_MFG,2,MFG-P5-BM-023;MFG-P5-BM-024,,PASS,PASS,PASS,PASS,PASS_D_RELEVANCE_FROZEN,At least two independent official/primary sources are intentionally mapped to this feature; restricted-topic sources are only used for their applicable scope; non-authoritative legacy mappings are explicitly identified.,2026-08-31
F157,Job cards,Manufacturing,APPROVED,operational,PFD-BM-F157-1;PFD-BM-F157-2,MS_SCM;ODOO_MFG,2,MFG-P5-BM-025;MFG-P5-BM-026,,PASS,PASS,PASS,PASS,PASS_D_RELEVANCE_FROZEN,At least two independent official/primary sources are intentionally mapped to this feature; restricted-topic sources are only used for their applicable scope; non-authoritative legacy mappings are explicitly identified.,2026-08-31
F158,Production planning,Manufacturing,APPROVED,manufacturing,PFD-BM-F158-1;PFD-BM-F158-2,MS_SCM;ODOO_MFG,2,MFG-P5-BM-027;MFG-P5-BM-028,,PASS,PASS,PASS,PASS,PASS_D_RELEVANCE_FROZEN,At least two independent official/primary sources are intentionally mapped to this feature; restricted-topic sources are only used for their applicable scope; non-authoritative legacy mappings are explicitly identified.,2026-08-31
F159,MRP,Manufacturing,APPROVED,manufacturing,PFD-BM-F159-1;PFD-BM-F159-2,MS_SCM;ODOO_MFG,2,MFG-P5-BM-029;MFG-P5-BM-030,,PASS,PASS,PASS,PASS,PASS_D_RELEVANCE_FROZEN,At least two independent official/primary sources are intentionally mapped to this feature; restricted-topic sources are only used for their applicable scope; non-authoritative legacy mappings are explicitly identified.,2026-08-31
F160,Material requirements,Manufacturing,APPROVED,manufacturing,PFD-BM-F160-1;PFD-BM-F160-2,MS_SCM;ODOO_MFG,2,MFG-P5-BM-031;MFG-P5-BM-032,,PASS,PASS,PASS,PASS,PASS_D_RELEVANCE_FROZEN,At least two independent official/primary sources are intentionally mapped to this feature; restricted-topic sources are only used for their applicable scope; non-authoritative legacy mappings are explicitly identified.,2026-08-31
F161,Material availability,Manufacturing,APPROVED,manufacturing,PFD-BM-F161-1;PFD-BM-F161-2,MS_SCM;ODOO_MFG,2,MFG-P5-BM-033;MFG-P5-BM-034,,PASS,PASS,PASS,PASS,PASS_D_RELEVANCE_FROZEN,At least two independent official/primary sources are intentionally mapped to this feature; restricted-topic sources are only used for their applicable scope; non-authoritative legacy mappings are explicitly identified.,2026-08-31
F162,Raw-material reservations,Manufacturing,APPROVED,manufacturing,PFD-BM-F162-1;PFD-BM-F162-2,MS_SCM;ODOO_MFG,2,MFG-P5-BM-035;MFG-P5-BM-036,,PASS,PASS,PASS,PASS,PASS_D_RELEVANCE_FROZEN,At least two independent official/primary sources are intentionally mapped to this feature; restricted-topic sources are only used for their applicable scope; non-authoritative legacy mappings are explicitly identified.,2026-08-31
F163,Material issue,Manufacturing,APPROVED,manufacturing,PFD-BM-F163-1;PFD-BM-F163-2,MS_SCM;ODOO_MFG,2,MFG-P5-BM-037;MFG-P5-BM-038,,PASS,PASS,PASS,PASS,PASS_D_RELEVANCE_FROZEN,At least two independent official/primary sources are intentionally mapped to this feature; restricted-topic sources are only used for their applicable scope; non-authoritative legacy mappings are explicitly identified.,2026-08-31
F164,Material consumption,Manufacturing,APPROVED,manufacturing,PFD-BM-F164-1;PFD-BM-F164-2,MS_SCM;ODOO_MFG,2,MFG-P5-BM-039;MFG-P5-BM-040,,PASS,PASS,PASS,PASS,PASS_D_RELEVANCE_FROZEN,At least two independent official/primary sources are intentionally mapped to this feature; restricted-topic sources are only used for their applicable scope; non-authoritative legacy mappings are explicitly identified.,2026-08-31
F165,Backflushing,Manufacturing,APPROVED,operational,PFD-BM-F165-1;PFD-BM-F165-2,MS_SCM;ODOO_MFG,2,MFG-P5-BM-041;MFG-P5-BM-042,,PASS,PASS,PASS,PASS,PASS_D_RELEVANCE_FROZEN,At least two independent official/primary sources are intentionally mapped to this feature; restricted-topic sources are only used for their applicable scope; non-authoritative legacy mappings are explicitly identified.,2026-08-31
F166,Work in progress,Manufacturing,APPROVED,operational,PFD-BM-F166-1;PFD-BM-F166-2,MS_SCM;ODOO_MFG,2,MFG-P5-BM-043;MFG-P5-BM-044,,PASS,PASS,PASS,PASS,PASS_D_RELEVANCE_FROZEN,At least two independent official/primary sources are intentionally mapped to this feature; restricted-topic sources are only used for their applicable scope; non-authoritative legacy mappings are explicitly identified.,2026-08-31
F167,Finished-goods receipt,Manufacturing,APPROVED,document,PFD-BM-F167-1;PFD-BM-F167-2,MS_SCM;ODOO_MFG,2,MFG-P5-BM-045;MFG-P5-BM-046,,PASS,PASS,PASS,PASS,PASS_D_RELEVANCE_FROZEN,At least two independent official/primary sources are intentionally mapped to this feature; restricted-topic sources are only used for their applicable scope; non-authoritative legacy mappings are explicitly identified.,2026-08-31
F168,Production scheduling,Manufacturing,APPROVED,manufacturing,PFD-BM-F168-1;PFD-BM-F168-2,MS_SCM;ODOO_MFG,2,MFG-P5-BM-047;MFG-P5-BM-048,,PASS,PASS,PASS,PASS,PASS_D_RELEVANCE_FROZEN,At least two independent official/primary sources are intentionally mapped to this feature; restricted-topic sources are only used for their applicable scope; non-authoritative legacy mappings are explicitly identified.,2026-08-31
F169,Labor time,Manufacturing,APPROVED,operational,PFD-BM-F169-1;PFD-BM-F169-2,MS_SCM;ODOO_MFG,2,MFG-P5-BM-049;MFG-P5-BM-050,,PASS,PASS,PASS,PASS,PASS_D_RELEVANCE_FROZEN,At least two independent official/primary sources are intentionally mapped to this feature; restricted-topic sources are only used for their applicable scope; non-authoritative legacy mappings are explicitly identified.,2026-08-31
F170,Machine time,Manufacturing,APPROVED,operational,PFD-BM-F170-1;PFD-BM-F170-2,MS_SCM;ODOO_MFG,2,MFG-P5-BM-051;MFG-P5-BM-052,,PASS,PASS,PASS,PASS,PASS_D_RELEVANCE_FROZEN,At least two independent official/primary sources are intentionally mapped to this feature; restricted-topic sources are only used for their applicable scope; non-authoritative legacy mappings are explicitly identified.,2026-08-31
F171,Setup time,Manufacturing,APPROVED,operational,PFD-BM-F171-1;PFD-BM-F171-2,MS_SCM;ODOO_MFG,2,MFG-P5-BM-053;MFG-P5-BM-054,,PASS,PASS,PASS,PASS,PASS_D_RELEVANCE_FROZEN,At least two independent official/primary sources are intentionally mapped to this feature; restricted-topic sources are only used for their applicable scope; non-authoritative legacy mappings are explicitly identified.,2026-08-31
F172,Scrap,Manufacturing,APPROVED,manufacturing,PFD-BM-F172-1;PFD-BM-F172-2,MS_SCM;ODOO_MFG,2,MFG-P5-BM-055;MFG-P5-BM-056,,PASS,PASS,PASS,PASS,PASS_D_RELEVANCE_FROZEN,At least two independent official/primary sources are intentionally mapped to this feature; restricted-topic sources are only used for their applicable scope; non-authoritative legacy mappings are explicitly identified.,2026-08-31
F173,Waste,Manufacturing,APPROVED,operational,PFD-BM-F173-1;PFD-BM-F173-2,MS_SCM;ODOO_MFG,2,MFG-P5-BM-057;MFG-P5-BM-058,,PASS,PASS,PASS,PASS,PASS_D_RELEVANCE_FROZEN,At least two independent official/primary sources are intentionally mapped to this feature; restricted-topic sources are only used for their applicable scope; non-authoritative legacy mappings are explicitly identified.,2026-08-31
F174,By-products and co-products,Manufacturing,APPROVED,master_config,PFD-BM-F174-1;PFD-BM-F174-2,MS_SCM;ODOO_MFG,2,MFG-P5-BM-059;MFG-P5-BM-060,,PASS,PASS,PASS,PASS,PASS_D_RELEVANCE_FROZEN,At least two independent official/primary sources are intentionally mapped to this feature; restricted-topic sources are only used for their applicable scope; non-authoritative legacy mappings are explicitly identified.,2026-08-31
F175,Rework,Manufacturing,APPROVED,manufacturing,PFD-BM-F175-1;PFD-BM-F175-2,MS_SCM;ODOO_MFG,2,MFG-P5-BM-061;MFG-P5-BM-062,,PASS,PASS,PASS,PASS,PASS_D_RELEVANCE_FROZEN,At least two independent official/primary sources are intentionally mapped to this feature; restricted-topic sources are only used for their applicable scope; non-authoritative legacy mappings are explicitly identified.,2026-08-31
F176,Batch manufacturing,Manufacturing,APPROVED,operational,PFD-BM-F176-1;PFD-BM-F176-2,MS_SCM;ODOO_MFG,2,MFG-P5-BM-063;MFG-P5-BM-064,,PASS,PASS,PASS,PASS,PASS_D_RELEVANCE_FROZEN,At least two independent official/primary sources are intentionally mapped to this feature; restricted-topic sources are only used for their applicable scope; non-authoritative legacy mappings are explicitly identified.,2026-08-31
F177,Serial tracking,Manufacturing,APPROVED,operational,PFD-BM-F177-1;PFD-BM-F177-2,MS_SCM;ODOO_MFG,2,MFG-P5-BM-065;MFG-P5-BM-066,,PASS,PASS,PASS,PASS,PASS_D_RELEVANCE_FROZEN,At least two independent official/primary sources are intentionally mapped to this feature; restricted-topic sources are only used for their applicable scope; non-authoritative legacy mappings are explicitly identified.,2026-08-31
F178,Make-to-stock,Manufacturing,APPROVED,operational,PFD-BM-F178-1;PFD-BM-F178-2,MS_SCM;ODOO_MFG,2,MFG-P5-BM-067;MFG-P5-BM-068,,PASS,PASS,PASS,PASS,PASS_D_RELEVANCE_FROZEN,At least two independent official/primary sources are intentionally mapped to this feature; restricted-topic sources are only used for their applicable scope; non-authoritative legacy mappings are explicitly identified.,2026-08-31
F179,Make-to-order,Manufacturing,APPROVED,document,PFD-BM-F179-1;PFD-BM-F179-2,MS_SCM;ODOO_MFG,2,MFG-P5-BM-069;MFG-P5-BM-070,,PASS,PASS,PASS,PASS,PASS_D_RELEVANCE_FROZEN,At least two independent official/primary sources are intentionally mapped to this feature; restricted-topic sources are only used for their applicable scope; non-authoritative legacy mappings are explicitly identified.,2026-08-31
F180,Subcontract manufacturing,Manufacturing,APPROVED,document,PFD-BM-F180-1;PFD-BM-F180-2,MS_SCM;ODOO_MFG,2,MFG-P5-BM-071;MFG-P5-BM-072,,PASS,PASS,PASS,PASS,PASS_D_RELEVANCE_FROZEN,At least two independent official/primary sources are intentionally mapped to this feature; restricted-topic sources are only used for their applicable scope; non-authoritative legacy mappings are explicitly identified.,2026-08-31
F181,Production quality inspections,Manufacturing,APPROVED,manufacturing,PFD-BM-F181-1;PFD-BM-F181-2,MS_SCM;ODOO_MFG,2,MFG-P5-BM-073;MFG-P5-BM-074,,PASS,PASS,PASS,PASS,PASS_D_RELEVANCE_FROZEN,At least two independent official/primary sources are intentionally mapped to this feature; restricted-topic sources are only used for their applicable scope; non-authoritative legacy mappings are explicitly identified.,2026-08-31
F182,Production hold,Manufacturing,APPROVED,manufacturing,PFD-BM-F182-1;PFD-BM-F182-2,MS_SCM;ODOO_MFG,2,MFG-P5-BM-075;MFG-P5-BM-076,,PASS,PASS,PASS,PASS,PASS_D_RELEVANCE_FROZEN,At least two independent official/primary sources are intentionally mapped to this feature; restricted-topic sources are only used for their applicable scope; non-authoritative legacy mappings are explicitly identified.,2026-08-31
F183,Production costing,Manufacturing,APPROVED,calculation,PFD-BM-F183-1;PFD-BM-F183-2,MS_SCM;ODOO_MFG,2,MFG-P5-BM-077;MFG-P5-BM-078,,PASS,PASS,PASS,PASS,PASS_D_RELEVANCE_FROZEN,At least two independent official/primary sources are intentionally mapped to this feature; restricted-topic sources are only used for their applicable scope; non-authoritative legacy mappings are explicitly identified.,2026-08-31
F184,Standard vs actual costing,Manufacturing,APPROVED,calculation,PFD-BM-F184-1;PFD-BM-F184-2,MS_SCM;ODOO_MFG,2,MFG-P5-BM-079;MFG-P5-BM-080,,PASS,PASS,PASS,PASS,PASS_D_RELEVANCE_FROZEN,At least two independent official/primary sources are intentionally mapped to this feature; restricted-topic sources are only used for their applicable scope; non-authoritative legacy mappings are explicitly identified.,2026-08-31
F185,Cost variance,Manufacturing,APPROVED,calculation,PFD-BM-F185-1;PFD-BM-F185-2,MS_SCM;ODOO_MFG,2,MFG-P5-BM-081;MFG-P5-BM-082,,PASS,PASS,PASS,PASS,PASS_D_RELEVANCE_FROZEN,At least two independent official/primary sources are intentionally mapped to this feature; restricted-topic sources are only used for their applicable scope; non-authoritative legacy mappings are explicitly identified.,2026-08-31
F186,Yield analysis,Manufacturing,APPROVED,analytics,PFD-BM-F186-1;PFD-BM-F186-2,MS_SCM;ODOO_MFG,2,MFG-P5-BM-083;MFG-P5-BM-084,,PASS,PASS,PASS,PASS,PASS_D_RELEVANCE_FROZEN,At least two independent official/primary sources are intentionally mapped to this feature; restricted-topic sources are only used for their applicable scope; non-authoritative legacy mappings are explicitly identified.,2026-08-31
F187,Production efficiency,Manufacturing,APPROVED,manufacturing,PFD-BM-F187-1;PFD-BM-F187-2,MS_SCM;ODOO_MFG,2,MFG-P5-BM-085;MFG-P5-BM-086,,PASS,PASS,PASS,PASS,PASS_D_RELEVANCE_FROZEN,At least two independent official/primary sources are intentionally mapped to this feature; restricted-topic sources are only used for their applicable scope; non-authoritative legacy mappings are explicitly identified.,2026-08-31
F188,Downtime,Manufacturing,APPROVED,manufacturing,PFD-BM-F188-1;PFD-BM-F188-2,MS_SCM;ODOO_MFG,2,MFG-P5-BM-087;MFG-P5-BM-088,,PASS,PASS,PASS,PASS,PASS_D_RELEVANCE_FROZEN,At least two independent official/primary sources are intentionally mapped to this feature; restricted-topic sources are only used for their applicable scope; non-authoritative legacy mappings are explicitly identified.,2026-08-31
F189,Maintenance integration,Manufacturing,APPROVED,operational,PFD-BM-F189-1;PFD-BM-F189-2,MS_SCM;ODOO_MFG,2,MFG-P5-BM-089;MFG-P5-BM-090,,PASS,PASS,PASS,PASS,PASS_D_RELEVANCE_FROZEN,At least two independent official/primary sources are intentionally mapped to this feature; restricted-topic sources are only used for their applicable scope; non-authoritative legacy mappings are explicitly identified.,2026-08-31
F190,Engineering change and revision control,Manufacturing,APPROVED,operational,PFD-BM-F190-1;PFD-BM-F190-2,MS_SCM;ODOO_MFG,2,MFG-P5-BM-091;MFG-P5-BM-092,,PASS,PASS,PASS,PASS,PASS_D_RELEVANCE_FROZEN,At least two independent official/primary sources are intentionally mapped to this feature; restricted-topic sources are only used for their applicable scope; non-authoritative legacy mappings are explicitly identified.,2026-08-31
F191,Production reports,Manufacturing,APPROVED,analytics,PFD-BM-F191-1;PFD-BM-F191-2,MS_SCM;ODOO_MFG,2,MFG-P5-BM-093;MFG-P5-BM-094,,PASS,PASS,PASS,PASS,PASS_D_RELEVANCE_FROZEN,At least two independent official/primary sources are intentionally mapped to this feature; restricted-topic sources are only used for their applicable scope; non-authoritative legacy mappings are explicitly identified.,2026-08-31
F192,Production dashboard,Manufacturing,APPROVED,analytics,PFD-BM-F192-1;PFD-BM-F192-2,MS_SCM;ODOO_MFG,2,MFG-P5-BM-095;MFG-P5-BM-096,,PASS,PASS,PASS,PASS,PASS_D_RELEVANCE_FROZEN,At least two independent official/primary sources are intentionally mapped to this feature; restricted-topic sources are only used for their applicable scope; non-authoritative legacy mappings are explicitly identified.,2026-08-31
F193,Projects,Projects,APPROVED,project,PFD-BM-F193-1;PFD-BM-F193-2,MS_PROJECT;ODOO_PROJECT,2,PRJ-P6-BM-001;PRJ-P6-BM-002,,PASS,PASS,PASS,PASS,PASS_D_RELEVANCE_FROZEN,At least two independent official/primary sources are intentionally mapped to this feature; restricted-topic sources are only used for their applicable scope; non-authoritative legacy mappings are explicitly identified.,2026-08-31
F194,Customer projects,Projects,APPROVED,project,PFD-BM-F194-1;PFD-BM-F194-2,MS_PROJECT;ODOO_PROJECT,2,PRJ-P6-BM-003;PRJ-P6-BM-004,,PASS,PASS,PASS,PASS,PASS_D_RELEVANCE_FROZEN,At least two independent official/primary sources are intentionally mapped to this feature; restricted-topic sources are only used for their applicable scope; non-authoritative legacy mappings are explicitly identified.,2026-08-31
F195,Internal projects,Projects,APPROVED,project,PFD-BM-F195-1;PFD-BM-F195-2,MS_PROJECT;ODOO_PROJECT,2,PRJ-P6-BM-005;PRJ-P6-BM-006,,PASS,PASS,PASS,PASS,PASS_D_RELEVANCE_FROZEN,At least two independent official/primary sources are intentionally mapped to this feature; restricted-topic sources are only used for their applicable scope; non-authoritative legacy mappings are explicitly identified.,2026-08-31
F196,Project templates,Projects,APPROVED,project,PFD-BM-F196-1;PFD-BM-F196-2,MS_PROJECT;ODOO_PROJECT,2,PRJ-P6-BM-007;PRJ-P6-BM-008,,PASS,PASS,PASS,PASS,PASS_D_RELEVANCE_FROZEN,At least two independent official/primary sources are intentionally mapped to this feature; restricted-topic sources are only used for their applicable scope; non-authoritative legacy mappings are explicitly identified.,2026-08-31
F197,Work Breakdown Structure (WBS),Projects,APPROVED,project,PFD-BM-F197-1;PFD-BM-F197-2,MS_PROJECT;ODOO_PROJECT,2,PRJ-P6-BM-009;PRJ-P6-BM-010,,PASS,PASS,PASS,PASS,PASS_D_RELEVANCE_FROZEN,At least two independent official/primary sources are intentionally mapped to this feature; restricted-topic sources are only used for their applicable scope; non-authoritative legacy mappings are explicitly identified.,2026-08-31
F198,Milestones,Projects,APPROVED,project,PFD-BM-F198-1;PFD-BM-F198-2,MS_PROJECT;ODOO_PROJECT,2,PRJ-P6-BM-011;PRJ-P6-BM-012,,PASS,PASS,PASS,PASS,PASS_D_RELEVANCE_FROZEN,At least two independent official/primary sources are intentionally mapped to this feature; restricted-topic sources are only used for their applicable scope; non-authoritative legacy mappings are explicitly identified.,2026-08-31
F199,Tasks,Projects,APPROVED,project,PFD-BM-F199-1;PFD-BM-F199-2,MS_PROJECT;ODOO_PROJECT,2,PRJ-P6-BM-013;PRJ-P6-BM-014,,PASS,PASS,PASS,PASS,PASS_D_RELEVANCE_FROZEN,At least two independent official/primary sources are intentionally mapped to this feature; restricted-topic sources are only used for their applicable scope; non-authoritative legacy mappings are explicitly identified.,2026-08-31
F200,Subtasks,Projects,APPROVED,project,PFD-BM-F200-1;PFD-BM-F200-2,MS_PROJECT;ODOO_PROJECT,2,PRJ-P6-BM-015;PRJ-P6-BM-016,,PASS,PASS,PASS,PASS,PASS_D_RELEVANCE_FROZEN,At least two independent official/primary sources are intentionally mapped to this feature; restricted-topic sources are only used for their applicable scope; non-authoritative legacy mappings are explicitly identified.,2026-08-31
F201,Task dependencies,Projects,APPROVED,project,PFD-BM-F201-1;PFD-BM-F201-2,MS_PROJECT;ODOO_PROJECT,2,PRJ-P6-BM-017;PRJ-P6-BM-018,,PASS,PASS,PASS,PASS,PASS_D_RELEVANCE_FROZEN,At least two independent official/primary sources are intentionally mapped to this feature; restricted-topic sources are only used for their applicable scope; non-authoritative legacy mappings are explicitly identified.,2026-08-31
F202,Assignees,Projects,APPROVED,operational,PFD-BM-F202-1;PFD-BM-F202-2,MS_PROJECT;ODOO_PROJECT,2,PRJ-P6-BM-019;PRJ-P6-BM-020,,PASS,PASS,PASS,PASS,PASS_D_RELEVANCE_FROZEN,At least two independent official/primary sources are intentionally mapped to this feature; restricted-topic sources are only used for their applicable scope; non-authoritative legacy mappings are explicitly identified.,2026-08-31
F203,Priority,Projects,APPROVED,operational,PFD-BM-F203-1;PFD-BM-F203-2,MS_PROJECT;ODOO_PROJECT,2,PRJ-P6-BM-021;PRJ-P6-BM-022,,PASS,PASS,PASS,PASS,PASS_D_RELEVANCE_FROZEN,At least two independent official/primary sources are intentionally mapped to this feature; restricted-topic sources are only used for their applicable scope; non-authoritative legacy mappings are explicitly identified.,2026-08-31
F204,Project status,Projects,APPROVED,project,PFD-BM-F204-1;PFD-BM-F204-2,MS_PROJECT;ODOO_PROJECT,2,PRJ-P6-BM-023;PRJ-P6-BM-024,,PASS,PASS,PASS,PASS,PASS_D_RELEVANCE_FROZEN,At least two independent official/primary sources are intentionally mapped to this feature; restricted-topic sources are only used for their applicable scope; non-authoritative legacy mappings are explicitly identified.,2026-08-31
F205,Gantt chart,Projects,APPROVED,operational,PFD-BM-F205-1;PFD-BM-F205-2,MS_PROJECT;ODOO_PROJECT,2,PRJ-P6-BM-025;PRJ-P6-BM-026,,PASS,PASS,PASS,PASS,PASS_D_RELEVANCE_FROZEN,At least two independent official/primary sources are intentionally mapped to this feature; restricted-topic sources are only used for their applicable scope; non-authoritative legacy mappings are explicitly identified.,2026-08-31
F206,Kanban / task board,Projects,APPROVED,project,PFD-BM-F206-1;PFD-BM-F206-2,MS_PROJECT;ODOO_PROJECT,2,PRJ-P6-BM-027;PRJ-P6-BM-028,,PASS,PASS,PASS,PASS,PASS_D_RELEVANCE_FROZEN,At least two independent official/primary sources are intentionally mapped to this feature; restricted-topic sources are only used for their applicable scope; non-authoritative legacy mappings are explicitly identified.,2026-08-31
F207,Project calendar,Projects,APPROVED,project,PFD-BM-F207-1;PFD-BM-F207-2,MS_PROJECT;ODOO_PROJECT,2,PRJ-P6-BM-029;PRJ-P6-BM-030,,PASS,PASS,PASS,PASS,PASS_D_RELEVANCE_FROZEN,At least two independent official/primary sources are intentionally mapped to this feature; restricted-topic sources are only used for their applicable scope; non-authoritative legacy mappings are explicitly identified.,2026-08-31
F208,Resource allocation,Projects,APPROVED,project,PFD-BM-F208-1;PFD-BM-F208-2,MS_PROJECT;ODOO_PROJECT,2,PRJ-P6-BM-031;PRJ-P6-BM-032,,PASS,PASS,PASS,PASS,PASS_D_RELEVANCE_FROZEN,At least two independent official/primary sources are intentionally mapped to this feature; restricted-topic sources are only used for their applicable scope; non-authoritative legacy mappings are explicitly identified.,2026-08-31
F209,Resource availability,Projects,APPROVED,project,PFD-BM-F209-1;PFD-BM-F209-2,MS_PROJECT;ODOO_PROJECT,2,PRJ-P6-BM-033;PRJ-P6-BM-034,,PASS,PASS,PASS,PASS,PASS_D_RELEVANCE_FROZEN,At least two independent official/primary sources are intentionally mapped to this feature; restricted-topic sources are only used for their applicable scope; non-authoritative legacy mappings are explicitly identified.,2026-08-31
F210,Timesheets,Projects,APPROVED,project,PFD-BM-F210-1;PFD-BM-F210-2,MS_PROJECT;ODOO_PROJECT,2,PRJ-P6-BM-035;PRJ-P6-BM-036,,PASS,PASS,PASS,PASS,PASS_D_RELEVANCE_FROZEN,At least two independent official/primary sources are intentionally mapped to this feature; restricted-topic sources are only used for their applicable scope; non-authoritative legacy mappings are explicitly identified.,2026-08-31
F211,Project expenses,Projects,APPROVED,project,PFD-BM-F211-1;PFD-BM-F211-2,MS_PROJECT;ODOO_PROJECT,2,PRJ-P6-BM-037;PRJ-P6-BM-038,,PASS,PASS,PASS,PASS,PASS_D_RELEVANCE_FROZEN,At least two independent official/primary sources are intentionally mapped to this feature; restricted-topic sources are only used for their applicable scope; non-authoritative legacy mappings are explicitly identified.,2026-08-31
F212,Materials consumed,Projects,APPROVED,operational,PFD-BM-F212-1;PFD-BM-F212-2,MS_PROJECT;ODOO_PROJECT,2,PRJ-P6-BM-039;PRJ-P6-BM-040,,PASS,PASS,PASS,PASS,PASS_D_RELEVANCE_FROZEN,At least two independent official/primary sources are intentionally mapped to this feature; restricted-topic sources are only used for their applicable scope; non-authoritative legacy mappings are explicitly identified.,2026-08-31
F213,Project procurement,Projects,APPROVED,project,PFD-BM-F213-1;PFD-BM-F213-2,MS_PROJECT;ODOO_PROJECT,2,PRJ-P6-BM-041;PRJ-P6-BM-042,,PASS,PASS,PASS,PASS,PASS_D_RELEVANCE_FROZEN,At least two independent official/primary sources are intentionally mapped to this feature; restricted-topic sources are only used for their applicable scope; non-authoritative legacy mappings are explicitly identified.,2026-08-31
F214,Project budget,Projects,APPROVED,project,PFD-BM-F214-1;PFD-BM-F214-2,MS_PROJECT;ODOO_PROJECT,2,PRJ-P6-BM-043;PRJ-P6-BM-044,,PASS,PASS,PASS,PASS,PASS_D_RELEVANCE_FROZEN,At least two independent official/primary sources are intentionally mapped to this feature; restricted-topic sources are only used for their applicable scope; non-authoritative legacy mappings are explicitly identified.,2026-08-31
F215,Budget revisions,Projects,APPROVED,project,PFD-BM-F215-1;PFD-BM-F215-2,MS_PROJECT;ODOO_PROJECT,2,PRJ-P6-BM-045;PRJ-P6-BM-046,,PASS,PASS,PASS,PASS,PASS_D_RELEVANCE_FROZEN,At least two independent official/primary sources are intentionally mapped to this feature; restricted-topic sources are only used for their applicable scope; non-authoritative legacy mappings are explicitly identified.,2026-08-31
F216,Cost tracking,Projects,APPROVED,calculation,PFD-BM-F216-1;PFD-BM-F216-2,MS_PROJECT;ODOO_PROJECT,2,PRJ-P6-BM-047;PRJ-P6-BM-048,,PASS,PASS,PASS,PASS,PASS_D_RELEVANCE_FROZEN,At least two independent official/primary sources are intentionally mapped to this feature; restricted-topic sources are only used for their applicable scope; non-authoritative legacy mappings are explicitly identified.,2026-08-31
F217,Revenue tracking,Projects,APPROVED,calculation,PFD-BM-F217-1;PFD-BM-F217-2,MS_PROJECT;ODOO_PROJECT,2,PRJ-P6-BM-049;PRJ-P6-BM-050,,PASS,PASS,PASS,PASS,PASS_D_RELEVANCE_FROZEN,At least two independent official/primary sources are intentionally mapped to this feature; restricted-topic sources are only used for their applicable scope; non-authoritative legacy mappings are explicitly identified.,2026-08-31
F218,Fixed-price billing,Projects,APPROVED,project,PFD-BM-F218-1;PFD-BM-F218-2,MS_PROJECT;ODOO_PROJECT,2,PRJ-P6-BM-051;PRJ-P6-BM-052,,PASS,PASS,PASS,PASS,PASS_D_RELEVANCE_FROZEN,At least two independent official/primary sources are intentionally mapped to this feature; restricted-topic sources are only used for their applicable scope; non-authoritative legacy mappings are explicitly identified.,2026-08-31
F219,Time-and-material billing,Projects,APPROVED,project,PFD-BM-F219-1;PFD-BM-F219-2,MS_PROJECT;ODOO_PROJECT,2,PRJ-P6-BM-053;PRJ-P6-BM-054,,PASS,PASS,PASS,PASS,PASS_D_RELEVANCE_FROZEN,At least two independent official/primary sources are intentionally mapped to this feature; restricted-topic sources are only used for their applicable scope; non-authoritative legacy mappings are explicitly identified.,2026-08-31
F220,Milestone billing,Projects,APPROVED,project,PFD-BM-F220-1;PFD-BM-F220-2,MS_PROJECT;ODOO_PROJECT,2,PRJ-P6-BM-055;PRJ-P6-BM-056,,PASS,PASS,PASS,PASS,PASS_D_RELEVANCE_FROZEN,At least two independent official/primary sources are intentionally mapped to this feature; restricted-topic sources are only used for their applicable scope; non-authoritative legacy mappings are explicitly identified.,2026-08-31
F221,Project invoices,Projects,APPROVED,document,PFD-BM-F221-1;PFD-BM-F221-2,MS_PROJECT;ODOO_PROJECT,2,PRJ-P6-BM-057;PRJ-P6-BM-058,,PASS,PASS,PASS,PASS,PASS_D_RELEVANCE_FROZEN,At least two independent official/primary sources are intentionally mapped to this feature; restricted-topic sources are only used for their applicable scope; non-authoritative legacy mappings are explicitly identified.,2026-08-31
F222,Project profitability,Projects,APPROVED,calculation,PFD-BM-F222-1;PFD-BM-F222-2,MS_PROJECT;ODOO_PROJECT,2,PRJ-P6-BM-059;PRJ-P6-BM-060,,PASS,PASS,PASS,PASS,PASS_D_RELEVANCE_FROZEN,At least two independent official/primary sources are intentionally mapped to this feature; restricted-topic sources are only used for their applicable scope; non-authoritative legacy mappings are explicitly identified.,2026-08-31
F223,Cost variance,Projects,APPROVED,calculation,PFD-BM-F223-1;PFD-BM-F223-2,MS_PROJECT;ODOO_PROJECT,2,PRJ-P6-BM-061;PRJ-P6-BM-062,,PASS,PASS,PASS,PASS,PASS_D_RELEVANCE_FROZEN,At least two independent official/primary sources are intentionally mapped to this feature; restricted-topic sources are only used for their applicable scope; non-authoritative legacy mappings are explicitly identified.,2026-08-31
F224,Issues,Projects,APPROVED,project,PFD-BM-F224-1;PFD-BM-F224-2,MS_PROJECT;ODOO_PROJECT,2,PRJ-P6-BM-063;PRJ-P6-BM-064,,PASS,PASS,PASS,PASS,PASS_D_RELEVANCE_FROZEN,At least two independent official/primary sources are intentionally mapped to this feature; restricted-topic sources are only used for their applicable scope; non-authoritative legacy mappings are explicitly identified.,2026-08-31
F225,Risks,Projects,APPROVED,project,PFD-BM-F225-1;PFD-BM-F225-2,MS_PROJECT;ODOO_PROJECT,2,PRJ-P6-BM-065;PRJ-P6-BM-066,,PASS,PASS,PASS,PASS,PASS_D_RELEVANCE_FROZEN,At least two independent official/primary sources are intentionally mapped to this feature; restricted-topic sources are only used for their applicable scope; non-authoritative legacy mappings are explicitly identified.,2026-08-31
F226,Documents,Projects,APPROVED,operational,PFD-BM-F226-1;PFD-BM-F226-2,MS_PROJECT;ODOO_PROJECT,2,PRJ-P6-BM-067;PRJ-P6-BM-068,,PASS,PASS,PASS,PASS,PASS_D_RELEVANCE_FROZEN,At least two independent official/primary sources are intentionally mapped to this feature; restricted-topic sources are only used for their applicable scope; non-authoritative legacy mappings are explicitly identified.,2026-08-31
F227,Comments and collaboration,Projects,APPROVED,operational,PFD-BM-F227-1;PFD-BM-F227-2,MS_PROJECT;ODOO_PROJECT,2,PRJ-P6-BM-069;PRJ-P6-BM-070,,PASS,PASS,PASS,PASS,PASS_D_RELEVANCE_FROZEN,At least two independent official/primary sources are intentionally mapped to this feature; restricted-topic sources are only used for their applicable scope; non-authoritative legacy mappings are explicitly identified.,2026-08-31
F228,Progress tracking,Projects,APPROVED,operational,PFD-BM-F228-1;PFD-BM-F228-2,MS_PROJECT;ODOO_PROJECT,2,PRJ-P6-BM-071;PRJ-P6-BM-072,,PASS,PASS,PASS,PASS,PASS_D_RELEVANCE_FROZEN,At least two independent official/primary sources are intentionally mapped to this feature; restricted-topic sources are only used for their applicable scope; non-authoritative legacy mappings are explicitly identified.,2026-08-31
F229,Project dashboard,Projects,APPROVED,analytics,PFD-BM-F229-1;PFD-BM-F229-2,MS_PROJECT;ODOO_PROJECT,2,PRJ-P6-BM-073;PRJ-P6-BM-074,,PASS,PASS,PASS,PASS,PASS_D_RELEVANCE_FROZEN,At least two independent official/primary sources are intentionally mapped to this feature; restricted-topic sources are only used for their applicable scope; non-authoritative legacy mappings are explicitly identified.,2026-08-31
F230,Project reports,Projects,APPROVED,analytics,PFD-BM-F230-1;PFD-BM-F230-2,MS_PROJECT;ODOO_PROJECT,2,PRJ-P6-BM-075;PRJ-P6-BM-076,,PASS,PASS,PASS,PASS,PASS_D_RELEVANCE_FROZEN,At least two independent official/primary sources are intentionally mapped to this feature; restricted-topic sources are only used for their applicable scope; non-authoritative legacy mappings are explicitly identified.,2026-08-31
F231,Asset register,Assets,APPROVED,asset,PFD-BM-F231-1;PFD-BM-F231-2,MS_FIN;MS_SCM,2,AST-P7-BM-001;AST-P7-BM-002,,PASS,PASS,PASS,PASS,PASS_D_RELEVANCE_FROZEN,At least two independent official/primary sources are intentionally mapped to this feature; restricted-topic sources are only used for their applicable scope; non-authoritative legacy mappings are explicitly identified.,2026-08-31
F232,Asset categories,Assets,APPROVED,asset,PFD-BM-F232-1;PFD-BM-F232-2,MS_FIN;MS_SCM,2,AST-P7-BM-003;AST-P7-BM-004,,PASS,PASS,PASS,PASS,PASS_D_RELEVANCE_FROZEN,At least two independent official/primary sources are intentionally mapped to this feature; restricted-topic sources are only used for their applicable scope; non-authoritative legacy mappings are explicitly identified.,2026-08-31
F233,Asset identification and code,Assets,APPROVED,asset,PFD-BM-F233-1;PFD-BM-F233-2,MS_FIN;MS_SCM,2,AST-P7-BM-005;AST-P7-BM-006,,PASS,PASS,PASS,PASS,PASS_D_RELEVANCE_FROZEN,At least two independent official/primary sources are intentionally mapped to this feature; restricted-topic sources are only used for their applicable scope; non-authoritative legacy mappings are explicitly identified.,2026-08-31
F234,Asset location,Assets,APPROVED,asset,PFD-BM-F234-1;PFD-BM-F234-2,MS_FIN;MS_SCM,2,AST-P7-BM-007;AST-P7-BM-008,,PASS,PASS,PASS,PASS,PASS_D_RELEVANCE_FROZEN,At least two independent official/primary sources are intentionally mapped to this feature; restricted-topic sources are only used for their applicable scope; non-authoritative legacy mappings are explicitly identified.,2026-08-31
F235,Custodian,Assets,APPROVED,asset,PFD-BM-F235-1;PFD-BM-F235-2,MS_FIN;MS_SCM,2,AST-P7-BM-009;AST-P7-BM-010,,PASS,PASS,PASS,PASS,PASS_D_RELEVANCE_FROZEN,At least two independent official/primary sources are intentionally mapped to this feature; restricted-topic sources are only used for their applicable scope; non-authoritative legacy mappings are explicitly identified.,2026-08-31
F236,Department,Assets,APPROVED,asset,PFD-BM-F236-1;PFD-BM-F236-2,MS_FIN;MS_SCM,2,AST-P7-BM-011;AST-P7-BM-012,,PASS,PASS,PASS,PASS,PASS_D_RELEVANCE_FROZEN,At least two independent official/primary sources are intentionally mapped to this feature; restricted-topic sources are only used for their applicable scope; non-authoritative legacy mappings are explicitly identified.,2026-08-31
F237,Purchase and capitalization,Assets,APPROVED,asset,PFD-BM-F237-1;PFD-BM-F237-2,MS_FIN;MS_SCM,2,AST-P7-BM-013;AST-P7-BM-014,,PASS,PASS,PASS,PASS,PASS_D_RELEVANCE_FROZEN,At least two independent official/primary sources are intentionally mapped to this feature; restricted-topic sources are only used for their applicable scope; non-authoritative legacy mappings are explicitly identified.,2026-08-31
F238,Asset creation from procurement,Assets,APPROVED,asset,PFD-BM-F238-1;PFD-BM-F238-2,MS_FIN;MS_SCM,2,AST-P7-BM-015;AST-P7-BM-016,,PASS,PASS,PASS,PASS,PASS_D_RELEVANCE_FROZEN,At least two independent official/primary sources are intentionally mapped to this feature; restricted-topic sources are only used for their applicable scope; non-authoritative legacy mappings are explicitly identified.,2026-08-31
F239,Asset transfers,Assets,APPROVED,asset,PFD-BM-F239-1;PFD-BM-F239-2,MS_FIN;MS_SCM,2,AST-P7-BM-017;AST-P7-BM-018,,PASS,PASS,PASS,PASS,PASS_D_RELEVANCE_FROZEN,At least two independent official/primary sources are intentionally mapped to this feature; restricted-topic sources are only used for their applicable scope; non-authoritative legacy mappings are explicitly identified.,2026-08-31
F240,Asset assignment,Assets,APPROVED,decision,PFD-BM-F240-1;PFD-BM-F240-2,MS_FIN;MS_SCM,2,AST-P7-BM-019;AST-P7-BM-020,,PASS,PASS,PASS,PASS,PASS_D_RELEVANCE_FROZEN,At least two independent official/primary sources are intentionally mapped to this feature; restricted-topic sources are only used for their applicable scope; non-authoritative legacy mappings are explicitly identified.,2026-08-31
F241,Asset movement history,Assets,APPROVED,asset,PFD-BM-F241-1;PFD-BM-F241-2,MS_FIN;MS_SCM,2,AST-P7-BM-021;AST-P7-BM-022,,PASS,PASS,PASS,PASS,PASS_D_RELEVANCE_FROZEN,At least two independent official/primary sources are intentionally mapped to this feature; restricted-topic sources are only used for their applicable scope; non-authoritative legacy mappings are explicitly identified.,2026-08-31
F242,Asset value,Assets,APPROVED,asset,PFD-BM-F242-1;PFD-BM-F242-2,MS_FIN;MS_SCM,2,AST-P7-BM-023;AST-P7-BM-024,,PASS,PASS,PASS,PASS,PASS_D_RELEVANCE_FROZEN,At least two independent official/primary sources are intentionally mapped to this feature; restricted-topic sources are only used for their applicable scope; non-authoritative legacy mappings are explicitly identified.,2026-08-31
F243,Useful life,Assets,APPROVED,asset,PFD-BM-F243-1;PFD-BM-F243-2,MS_FIN;MS_SCM,2,AST-P7-BM-025;AST-P7-BM-026,,PASS,PASS,PASS,PASS,PASS_D_RELEVANCE_FROZEN,At least two independent official/primary sources are intentionally mapped to this feature; restricted-topic sources are only used for their applicable scope; non-authoritative legacy mappings are explicitly identified.,2026-08-31
F244,Salvage value,Assets,APPROVED,asset,PFD-BM-F244-1;PFD-BM-F244-2,MS_FIN;MS_SCM,2,AST-P7-BM-027;AST-P7-BM-028,,PASS,PASS,PASS,PASS,PASS_D_RELEVANCE_FROZEN,At least two independent official/primary sources are intentionally mapped to this feature; restricted-topic sources are only used for their applicable scope; non-authoritative legacy mappings are explicitly identified.,2026-08-31
F245,Straight-line depreciation,Assets,APPROVED,calculation,PFD-BM-F245-1;PFD-BM-F245-2,MS_FIN;MS_SCM,2,AST-P7-BM-029;AST-P7-BM-030,,PASS,PASS,PASS,PASS,PASS_D_RELEVANCE_FROZEN,At least two independent official/primary sources are intentionally mapped to this feature; restricted-topic sources are only used for their applicable scope; non-authoritative legacy mappings are explicitly identified.,2026-08-31
F246,Declining-balance depreciation,Assets,APPROVED,calculation,PFD-BM-F246-1;PFD-BM-F246-2,MS_FIN;MS_SCM,2,AST-P7-BM-031;AST-P7-BM-032,,PASS,PASS,PASS,PASS,PASS_D_RELEVANCE_FROZEN,At least two independent official/primary sources are intentionally mapped to this feature; restricted-topic sources are only used for their applicable scope; non-authoritative legacy mappings are explicitly identified.,2026-08-31
F247,Units-of-production depreciation,Assets,APPROVED,calculation,PFD-BM-F247-1;PFD-BM-F247-2,MS_FIN;MS_SCM,2,AST-P7-BM-033;AST-P7-BM-034,,PASS,PASS,PASS,PASS,PASS_D_RELEVANCE_FROZEN,At least two independent official/primary sources are intentionally mapped to this feature; restricted-topic sources are only used for their applicable scope; non-authoritative legacy mappings are explicitly identified.,2026-08-31
F248,Depreciation schedule,Assets,APPROVED,calculation,PFD-BM-F248-1;PFD-BM-F248-2,MS_FIN;MS_SCM,2,AST-P7-BM-035;AST-P7-BM-036,,PASS,PASS,PASS,PASS,PASS_D_RELEVANCE_FROZEN,At least two independent official/primary sources are intentionally mapped to this feature; restricted-topic sources are only used for their applicable scope; non-authoritative legacy mappings are explicitly identified.,2026-08-31
F249,Depreciation posting,Assets,APPROVED,calculation,PFD-BM-F249-1;PFD-BM-F249-2,MS_FIN;MS_SCM,2,AST-P7-BM-037;AST-P7-BM-038,,PASS,PASS,PASS,PASS,PASS_D_RELEVANCE_FROZEN,At least two independent official/primary sources are intentionally mapped to this feature; restricted-topic sources are only used for their applicable scope; non-authoritative legacy mappings are explicitly identified.,2026-08-31
F250,Asset revaluation,Assets,APPROVED,calculation,PFD-BM-F250-1;PFD-BM-F250-2,MS_FIN;MS_SCM,2,AST-P7-BM-039;AST-P7-BM-040,,PASS,PASS,PASS,PASS,PASS_D_RELEVANCE_FROZEN,At least two independent official/primary sources are intentionally mapped to this feature; restricted-topic sources are only used for their applicable scope; non-authoritative legacy mappings are explicitly identified.,2026-08-31
F251,Asset impairment,Assets,APPROVED,calculation,PFD-BM-F251-1;PFD-BM-F251-2,MS_FIN;MS_SCM,2,AST-P7-BM-041;AST-P7-BM-042,,PASS,PASS,PASS,PASS,PASS_D_RELEVANCE_FROZEN,At least two independent official/primary sources are intentionally mapped to this feature; restricted-topic sources are only used for their applicable scope; non-authoritative legacy mappings are explicitly identified.,2026-08-31
F252,Asset maintenance,Assets,APPROVED,asset,PFD-BM-F252-1;PFD-BM-F252-2,MS_SCM;ODOO_MAINT,2,AST-P7-BM-043;AST-P7-BM-044,,PASS,PASS,PASS,PASS,PASS_D_RELEVANCE_FROZEN,At least two independent official/primary sources are intentionally mapped to this feature; restricted-topic sources are only used for their applicable scope; non-authoritative legacy mappings are explicitly identified.,2026-08-31
F253,Preventive maintenance,Assets,APPROVED,asset,PFD-BM-F253-1;PFD-BM-F253-2,MS_SCM;ODOO_MAINT,2,AST-P7-BM-045;AST-P7-BM-046,,PASS,PASS,PASS,PASS,PASS_D_RELEVANCE_FROZEN,At least two independent official/primary sources are intentionally mapped to this feature; restricted-topic sources are only used for their applicable scope; non-authoritative legacy mappings are explicitly identified.,2026-08-31
F254,Maintenance schedule,Assets,APPROVED,asset,PFD-BM-F254-1;PFD-BM-F254-2,MS_SCM;ODOO_MAINT,2,AST-P7-BM-047;AST-P7-BM-048,,PASS,PASS,PASS,PASS,PASS_D_RELEVANCE_FROZEN,At least two independent official/primary sources are intentionally mapped to this feature; restricted-topic sources are only used for their applicable scope; non-authoritative legacy mappings are explicitly identified.,2026-08-31
F255,Repair history,Assets,APPROVED,asset,PFD-BM-F255-1;PFD-BM-F255-2,MS_SCM;ODOO_MAINT,2,AST-P7-BM-049;AST-P7-BM-050,,PASS,PASS,PASS,PASS,PASS_D_RELEVANCE_FROZEN,At least two independent official/primary sources are intentionally mapped to this feature; restricted-topic sources are only used for their applicable scope; non-authoritative legacy mappings are explicitly identified.,2026-08-31
F256,Downtime,Assets,APPROVED,asset,PFD-BM-F256-1;PFD-BM-F256-2,MS_SCM;ODOO_MAINT,2,AST-P7-BM-051;AST-P7-BM-052,,PASS,PASS,PASS,PASS,PASS_D_RELEVANCE_FROZEN,At least two independent official/primary sources are intentionally mapped to this feature; restricted-topic sources are only used for their applicable scope; non-authoritative legacy mappings are explicitly identified.,2026-08-31
F257,Warranty,Assets,APPROVED,asset,PFD-BM-F257-1;PFD-BM-F257-2,MS_SCM;ODOO_MAINT,2,AST-P7-BM-053;AST-P7-BM-054,,PASS,PASS,PASS,PASS,PASS_D_RELEVANCE_FROZEN,At least two independent official/primary sources are intentionally mapped to this feature; restricted-topic sources are only used for their applicable scope; non-authoritative legacy mappings are explicitly identified.,2026-08-31
F258,Inspection,Assets,APPROVED,asset,PFD-BM-F258-1;PFD-BM-F258-2,MS_SCM;ODOO_MAINT,2,AST-P7-BM-055;AST-P7-BM-056,,PASS,PASS,PASS,PASS,PASS_D_RELEVANCE_FROZEN,At least two independent official/primary sources are intentionally mapped to this feature; restricted-topic sources are only used for their applicable scope; non-authoritative legacy mappings are explicitly identified.,2026-08-31
F259,Calibration,Assets,APPROVED,asset,PFD-BM-F259-1;PFD-BM-F259-2,MS_SCM;ODOO_MAINT,2,AST-P7-BM-057;AST-P7-BM-058,,PASS,PASS,PASS,PASS,PASS_D_RELEVANCE_FROZEN,At least two independent official/primary sources are intentionally mapped to this feature; restricted-topic sources are only used for their applicable scope; non-authoritative legacy mappings are explicitly identified.,2026-08-31
F260,Physical verification and audit,Assets,APPROVED,asset,PFD-BM-F260-1;PFD-BM-F260-2,MS_SCM;ODOO_MAINT,2,AST-P7-BM-059;AST-P7-BM-060,,PASS,PASS,PASS,PASS,PASS_D_RELEVANCE_FROZEN,At least two independent official/primary sources are intentionally mapped to this feature; restricted-topic sources are only used for their applicable scope; non-authoritative legacy mappings are explicitly identified.,2026-08-31
F261,Barcode / QR identification,Assets,APPROVED,asset,PFD-BM-F261-1;PFD-BM-F261-2,MS_SCM;ODOO_MAINT,2,AST-P7-BM-061;AST-P7-BM-062,,PASS,PASS,PASS,PASS,PASS_D_RELEVANCE_FROZEN,At least two independent official/primary sources are intentionally mapped to this feature; restricted-topic sources are only used for their applicable scope; non-authoritative legacy mappings are explicitly identified.,2026-08-31
F262,Asset disposal,Assets,APPROVED,asset,PFD-BM-F262-1;PFD-BM-F262-2,MS_FIN;MS_SCM,2,AST-P7-BM-063;AST-P7-BM-064,,PASS,PASS,PASS,PASS,PASS_D_RELEVANCE_FROZEN,At least two independent official/primary sources are intentionally mapped to this feature; restricted-topic sources are only used for their applicable scope; non-authoritative legacy mappings are explicitly identified.,2026-08-31
F263,Asset sale,Assets,APPROVED,asset,PFD-BM-F263-1;PFD-BM-F263-2,MS_FIN;MS_SCM,2,AST-P7-BM-065;AST-P7-BM-066,,PASS,PASS,PASS,PASS,PASS_D_RELEVANCE_FROZEN,At least two independent official/primary sources are intentionally mapped to this feature; restricted-topic sources are only used for their applicable scope; non-authoritative legacy mappings are explicitly identified.,2026-08-31
F264,Asset scrap,Assets,APPROVED,asset,PFD-BM-F264-1;PFD-BM-F264-2,MS_FIN;MS_SCM,2,AST-P7-BM-067;AST-P7-BM-068,,PASS,PASS,PASS,PASS,PASS_D_RELEVANCE_FROZEN,At least two independent official/primary sources are intentionally mapped to this feature; restricted-topic sources are only used for their applicable scope; non-authoritative legacy mappings are explicitly identified.,2026-08-31
F265,Gain / loss on disposal,Assets,APPROVED,calculation,PFD-BM-F265-1;PFD-BM-F265-2,MS_FIN;MS_SCM,2,AST-P7-BM-069;AST-P7-BM-070,,PASS,PASS,PASS,PASS,PASS_D_RELEVANCE_FROZEN,At least two independent official/primary sources are intentionally mapped to this feature; restricted-topic sources are only used for their applicable scope; non-authoritative legacy mappings are explicitly identified.,2026-08-31
F266,Asset accounting integration,Assets,APPROVED,asset,PFD-BM-F266-1;PFD-BM-F266-2,MS_FIN;MS_SCM,2,AST-P7-BM-071;AST-P7-BM-072,,PASS,PASS,PASS,PASS,PASS_D_RELEVANCE_FROZEN,At least two independent official/primary sources are intentionally mapped to this feature; restricted-topic sources are only used for their applicable scope; non-authoritative legacy mappings are explicitly identified.,2026-08-31
F267,Asset reports,Assets,APPROVED,analytics,PFD-BM-F267-1;PFD-BM-F267-2,MS_FIN;MS_SCM,2,AST-P7-BM-073;AST-P7-BM-074,,PASS,PASS,PASS,PASS,PASS_D_RELEVANCE_FROZEN,At least two independent official/primary sources are intentionally mapped to this feature; restricted-topic sources are only used for their applicable scope; non-authoritative legacy mappings are explicitly identified.,2026-08-31
F268,Stores and outlets,Point of Sale,APPROVED,pos,PFD-BM-F268-1;PFD-BM-F268-2,MS_COMMERCE;ORACLE_XSTORE,2,POS-P8-BM-001-A;POS-P8-BM-001-B,,PASS,PASS,PASS,PASS,PASS_D_RELEVANCE_FROZEN,At least two independent official/primary sources are intentionally mapped to this feature; restricted-topic sources are only used for their applicable scope; non-authoritative legacy mappings are explicitly identified.,2026-08-31
F269,POS terminals,Point of Sale,APPROVED,pos,PFD-BM-F269-1;PFD-BM-F269-2,MS_COMMERCE;ORACLE_XSTORE,2,POS-P8-BM-002-A;POS-P8-BM-002-B,,PASS,PASS,PASS,PASS,PASS_D_RELEVANCE_FROZEN,At least two independent official/primary sources are intentionally mapped to this feature; restricted-topic sources are only used for their applicable scope; non-authoritative legacy mappings are explicitly identified.,2026-08-31
F270,Cashiers,Point of Sale,APPROVED,pos,PFD-BM-F270-1;PFD-BM-F270-2,MS_COMMERCE;ORACLE_XSTORE,2,POS-P8-BM-003-A,POS-P8-BM-003-B,PASS,PASS,PASS,PASS,PASS_D_RELEVANCE_FROZEN,At least two independent official/primary sources are intentionally mapped to this feature; restricted-topic sources are only used for their applicable scope; non-authoritative legacy mappings are explicitly identified.,2026-08-31
F271,Cashier permissions,Point of Sale,APPROVED,pos,PFD-BM-F271-1;PFD-BM-F271-2,MS_COMMERCE;ORACLE_XSTORE,2,POS-P8-BM-004-A,POS-P8-BM-004-B,PASS,PASS,PASS,PASS,PASS_D_RELEVANCE_FROZEN,At least two independent official/primary sources are intentionally mapped to this feature; restricted-topic sources are only used for their applicable scope; non-authoritative legacy mappings are explicitly identified.,2026-08-31
F272,Product search,Point of Sale,APPROVED,pos,PFD-BM-F272-1;PFD-BM-F272-2,MS_COMMERCE;ORACLE_XSTORE,2,POS-P8-BM-005-B,POS-P8-BM-005-A,PASS,PASS,PASS,PASS,PASS_D_RELEVANCE_FROZEN,At least two independent official/primary sources are intentionally mapped to this feature; restricted-topic sources are only used for their applicable scope; non-authoritative legacy mappings are explicitly identified.,2026-08-31
F273,Barcode scanning,Point of Sale,APPROVED,pos,PFD-BM-F273-1;PFD-BM-F273-2,MS_COMMERCE;ORACLE_XSTORE,2,POS-P8-BM-006-B,POS-P8-BM-006-A,PASS,PASS,PASS,PASS,PASS_D_RELEVANCE_FROZEN,At least two independent official/primary sources are intentionally mapped to this feature; restricted-topic sources are only used for their applicable scope; non-authoritative legacy mappings are explicitly identified.,2026-08-31
F274,Product variants,Point of Sale,APPROVED,pos,PFD-BM-F274-1;PFD-BM-F274-2,MS_COMMERCE;ORACLE_XSTORE,2,POS-P8-BM-007-A;POS-P8-BM-007-B,,PASS,PASS,PASS,PASS,PASS_D_RELEVANCE_FROZEN,At least two independent official/primary sources are intentionally mapped to this feature; restricted-topic sources are only used for their applicable scope; non-authoritative legacy mappings are explicitly identified.,2026-08-31
F275,Price lists,Point of Sale,APPROVED,pos,PFD-BM-F275-1;PFD-BM-F275-2,MS_COMMERCE;ORACLE_XSTORE,2,POS-P8-BM-008-A;POS-P8-BM-008-B,,PASS,PASS,PASS,PASS,PASS_D_RELEVANCE_FROZEN,At least two independent official/primary sources are intentionally mapped to this feature; restricted-topic sources are only used for their applicable scope; non-authoritative legacy mappings are explicitly identified.,2026-08-31
F276,Customer selection,Point of Sale,APPROVED,decision,PFD-BM-F276-1;PFD-BM-F276-2,MS_COMMERCE;ORACLE_XSTORE,2,POS-P8-BM-009-A,POS-P8-BM-009-B,PASS,PASS,PASS,PASS,PASS_D_RELEVANCE_FROZEN,At least two independent official/primary sources are intentionally mapped to this feature; restricted-topic sources are only used for their applicable scope; non-authoritative legacy mappings are explicitly identified.,2026-08-31
F277,Cart,Point of Sale,APPROVED,pos,PFD-BM-F277-1;PFD-BM-F277-2,MS_COMMERCE;ORACLE_XSTORE,2,POS-P8-BM-010-A,POS-P8-BM-010-B,PASS,PASS,PASS,PASS,PASS_D_RELEVANCE_FROZEN,At least two independent official/primary sources are intentionally mapped to this feature; restricted-topic sources are only used for their applicable scope; non-authoritative legacy mappings are explicitly identified.,2026-08-31
F278,Taxes,Point of Sale,APPROVED,calculation,PFD-BM-F278-1;PFD-BM-F278-2,MS_COMMERCE;ORACLE_XSTORE,2,POS-P8-BM-011-B,POS-P8-BM-011-A,PASS,PASS,PASS,PASS,PASS_D_RELEVANCE_FROZEN,At least two independent official/primary sources are intentionally mapped to this feature; restricted-topic sources are only used for their applicable scope; non-authoritative legacy mappings are explicitly identified.,2026-08-31
F279,Discounts,Point of Sale,APPROVED,pos,PFD-BM-F279-1;PFD-BM-F279-2,MS_COMMERCE;ORACLE_XSTORE,2,POS-P8-BM-012-B,POS-P8-BM-012-A,PASS,PASS,PASS,PASS,PASS_D_RELEVANCE_FROZEN,At least two independent official/primary sources are intentionally mapped to this feature; restricted-topic sources are only used for their applicable scope; non-authoritative legacy mappings are explicitly identified.,2026-08-31
F280,Promotions,Point of Sale,APPROVED,pos,PFD-BM-F280-1;PFD-BM-F280-2,MS_COMMERCE;ORACLE_XSTORE,2,POS-P8-BM-013-A;POS-P8-BM-013-B,,PASS,PASS,PASS,PASS,PASS_D_RELEVANCE_FROZEN,At least two independent official/primary sources are intentionally mapped to this feature; restricted-topic sources are only used for their applicable scope; non-authoritative legacy mappings are explicitly identified.,2026-08-31
F281,Coupons,Point of Sale,APPROVED,pos,PFD-BM-F281-1;PFD-BM-F281-2,MS_COMMERCE;ORACLE_XSTORE,2,POS-P8-BM-014-A;POS-P8-BM-014-B,,PASS,PASS,PASS,PASS,PASS_D_RELEVANCE_FROZEN,At least two independent official/primary sources are intentionally mapped to this feature; restricted-topic sources are only used for their applicable scope; non-authoritative legacy mappings are explicitly identified.,2026-08-31
F282,Cash payments,Point of Sale,APPROVED,money_movement,PFD-BM-F282-1;PFD-BM-F282-2,MS_COMMERCE;ORACLE_XSTORE,2,POS-P8-BM-015-A,POS-P8-BM-015-B,PASS,PASS,PASS,PASS,PASS_D_RELEVANCE_FROZEN,At least two independent official/primary sources are intentionally mapped to this feature; restricted-topic sources are only used for their applicable scope; non-authoritative legacy mappings are explicitly identified.,2026-08-31
F283,Card payments,Point of Sale,APPROVED,money_movement,PFD-BM-F283-1;PFD-BM-F283-2,MS_COMMERCE;PCI,2,POS-P8-BM-016-A,POS-P8-BM-016-B,PASS,PASS,PASS,PASS,PASS_D_RELEVANCE_FROZEN,At least two independent official/primary sources are intentionally mapped to this feature; restricted-topic sources are only used for their applicable scope; non-authoritative legacy mappings are explicitly identified.,2026-08-31
F284,UPI and digital payments,Point of Sale,APPROVED,money_movement,PFD-BM-F284-1;PFD-BM-F284-2,MS_COMMERCE;NPCI_UPI,2,POS-P8-BM-017-B,POS-P8-BM-017-A,PASS,PASS,PASS,PASS,PASS_D_RELEVANCE_FROZEN,At least two independent official/primary sources are intentionally mapped to this feature; restricted-topic sources are only used for their applicable scope; non-authoritative legacy mappings are explicitly identified.,2026-08-31
F285,Split payments,Point of Sale,APPROVED,money_movement,PFD-BM-F285-1;PFD-BM-F285-2,MS_COMMERCE;NPCI_UPI,2,POS-P8-BM-018-A;POS-P8-BM-018-B,,PASS,PASS,PASS,PASS,PASS_D_RELEVANCE_FROZEN,At least two independent official/primary sources are intentionally mapped to this feature; restricted-topic sources are only used for their applicable scope; non-authoritative legacy mappings are explicitly identified.,2026-08-31
F286,Multiple payment methods,Point of Sale,APPROVED,money_movement,PFD-BM-F286-1;PFD-BM-F286-2,MS_COMMERCE;NPCI_UPI,2,POS-P8-BM-019-A;POS-P8-BM-019-B,,PASS,PASS,PASS,PASS,PASS_D_RELEVANCE_FROZEN,At least two independent official/primary sources are intentionally mapped to this feature; restricted-topic sources are only used for their applicable scope; non-authoritative legacy mappings are explicitly identified.,2026-08-31
F287,Hold / suspend sale,Point of Sale,APPROVED,pos,PFD-BM-F287-1;PFD-BM-F287-2,MS_COMMERCE;ORACLE_XSTORE,2,POS-P8-BM-020-A;POS-P8-BM-020-B,,PASS,PASS,PASS,PASS,PASS_D_RELEVANCE_FROZEN,At least two independent official/primary sources are intentionally mapped to this feature; restricted-topic sources are only used for their applicable scope; non-authoritative legacy mappings are explicitly identified.,2026-08-31
F288,Resume sale,Point of Sale,APPROVED,pos,PFD-BM-F288-1;PFD-BM-F288-2,MS_COMMERCE;ORACLE_XSTORE,2,POS-P8-BM-021-A,POS-P8-BM-021-B,PASS,PASS,PASS,PASS,PASS_D_RELEVANCE_FROZEN,At least two independent official/primary sources are intentionally mapped to this feature; restricted-topic sources are only used for their applicable scope; non-authoritative legacy mappings are explicitly identified.,2026-08-31
F289,Receipt printing,Point of Sale,APPROVED,pos,PFD-BM-F289-1;PFD-BM-F289-2,MS_COMMERCE;ORACLE_XSTORE,2,POS-P8-BM-022-A,POS-P8-BM-022-B,PASS,PASS,PASS,PASS,PASS_D_RELEVANCE_FROZEN,At least two independent official/primary sources are intentionally mapped to this feature; restricted-topic sources are only used for their applicable scope; non-authoritative legacy mappings are explicitly identified.,2026-08-31
F290,Invoice generation,Point of Sale,APPROVED,document,PFD-BM-F290-1;PFD-BM-F290-2,MS_COMMERCE;ORACLE_XSTORE,2,POS-P8-BM-023-B,POS-P8-BM-023-A,PASS,PASS,PASS,PASS,PASS_D_RELEVANCE_FROZEN,At least two independent official/primary sources are intentionally mapped to this feature; restricted-topic sources are only used for their applicable scope; non-authoritative legacy mappings are explicitly identified.,2026-08-31
F291,Returns,Point of Sale,APPROVED,pos,PFD-BM-F291-1;PFD-BM-F291-2,MS_COMMERCE;ORACLE_XSTORE,2,POS-P8-BM-024-B,POS-P8-BM-024-A,PASS,PASS,PASS,PASS,PASS_D_RELEVANCE_FROZEN,At least two independent official/primary sources are intentionally mapped to this feature; restricted-topic sources are only used for their applicable scope; non-authoritative legacy mappings are explicitly identified.,2026-08-31
F292,Refunds,Point of Sale,APPROVED,money_movement,PFD-BM-F292-1;PFD-BM-F292-2,MS_COMMERCE;NPCI_UPI,2,POS-P8-BM-025-A;POS-P8-BM-025-B,,PASS,PASS,PASS,PASS,PASS_D_RELEVANCE_FROZEN,At least two independent official/primary sources are intentionally mapped to this feature; restricted-topic sources are only used for their applicable scope; non-authoritative legacy mappings are explicitly identified.,2026-08-31
F293,Exchanges,Point of Sale,APPROVED,pos,PFD-BM-F293-1;PFD-BM-F293-2,MS_COMMERCE;ORACLE_XSTORE,2,POS-P8-BM-026-A;POS-P8-BM-026-B,,PASS,PASS,PASS,PASS,PASS_D_RELEVANCE_FROZEN,At least two independent official/primary sources are intentionally mapped to this feature; restricted-topic sources are only used for their applicable scope; non-authoritative legacy mappings are explicitly identified.,2026-08-31
F294,Stock reduction,Point of Sale,APPROVED,pos,PFD-BM-F294-1;PFD-BM-F294-2,MS_COMMERCE;ORACLE_XSTORE,2,POS-P8-BM-027-A,POS-P8-BM-027-B,PASS,PASS,PASS,PASS,PASS_D_RELEVANCE_FROZEN,At least two independent official/primary sources are intentionally mapped to this feature; restricted-topic sources are only used for their applicable scope; non-authoritative legacy mappings are explicitly identified.,2026-08-31
F295,Lot / serial support where required,Point of Sale,APPROVED,pos,PFD-BM-F295-1;PFD-BM-F295-2,MS_COMMERCE;ORACLE_XSTORE,2,POS-P8-BM-028-A,POS-P8-BM-028-B,PASS,PASS,PASS,PASS,PASS_D_RELEVANCE_FROZEN,At least two independent official/primary sources are intentionally mapped to this feature; restricted-topic sources are only used for their applicable scope; non-authoritative legacy mappings are explicitly identified.,2026-08-31
F296,Real-time inventory,Point of Sale,APPROVED,pos,PFD-BM-F296-1;PFD-BM-F296-2,MS_COMMERCE;ORACLE_XSTORE,2,POS-P8-BM-029-B,POS-P8-BM-029-A,PASS,PASS,PASS,PASS,PASS_D_RELEVANCE_FROZEN,At least two independent official/primary sources are intentionally mapped to this feature; restricted-topic sources are only used for their applicable scope; non-authoritative legacy mappings are explicitly identified.,2026-08-31
F297,Offline POS,Point of Sale,APPROVED,pos,PFD-BM-F297-1;PFD-BM-F297-2,MS_COMMERCE;ORACLE_XSTORE,2,POS-P8-BM-030-B,POS-P8-BM-030-A,PASS,PASS,PASS,PASS,PASS_D_RELEVANCE_FROZEN,At least two independent official/primary sources are intentionally mapped to this feature; restricted-topic sources are only used for their applicable scope; non-authoritative legacy mappings are explicitly identified.,2026-08-31
F298,Offline-to-online synchronization,Point of Sale,APPROVED,pos,PFD-BM-F298-1;PFD-BM-F298-2,MS_COMMERCE;ORACLE_XSTORE,2,POS-P8-BM-031-A;POS-P8-BM-031-B,,PASS,PASS,PASS,PASS,PASS_D_RELEVANCE_FROZEN,At least two independent official/primary sources are intentionally mapped to this feature; restricted-topic sources are only used for their applicable scope; non-authoritative legacy mappings are explicitly identified.,2026-08-31
F299,Cash drawer opening balance,Point of Sale,APPROVED,money_movement,PFD-BM-F299-1;PFD-BM-F299-2,MS_COMMERCE;ORACLE_XSTORE,2,POS-P8-BM-032-A;POS-P8-BM-032-B,,PASS,PASS,PASS,PASS,PASS_D_RELEVANCE_FROZEN,At least two independent official/primary sources are intentionally mapped to this feature; restricted-topic sources are only used for their applicable scope; non-authoritative legacy mappings are explicitly identified.,2026-08-31
F300,Cash movements,Point of Sale,APPROVED,money_movement,PFD-BM-F300-1;PFD-BM-F300-2,MS_COMMERCE;ORACLE_XSTORE,2,POS-P8-BM-033-A,POS-P8-BM-033-B,PASS,PASS,PASS,PASS,PASS_D_RELEVANCE_FROZEN,At least two independent official/primary sources are intentionally mapped to this feature; restricted-topic sources are only used for their applicable scope; non-authoritative legacy mappings are explicitly identified.,2026-08-31
F301,Shift opening,Point of Sale,APPROVED,pos,PFD-BM-F301-1;PFD-BM-F301-2,MS_COMMERCE;ORACLE_XSTORE,2,POS-P8-BM-034-A,POS-P8-BM-034-B,PASS,PASS,PASS,PASS,PASS_D_RELEVANCE_FROZEN,At least two independent official/primary sources are intentionally mapped to this feature; restricted-topic sources are only used for their applicable scope; non-authoritative legacy mappings are explicitly identified.,2026-08-31
F302,Shift closing,Point of Sale,APPROVED,pos,PFD-BM-F302-1;PFD-BM-F302-2,MS_COMMERCE;ORACLE_XSTORE,2,POS-P8-BM-035-B,POS-P8-BM-035-A,PASS,PASS,PASS,PASS,PASS_D_RELEVANCE_FROZEN,At least two independent official/primary sources are intentionally mapped to this feature; restricted-topic sources are only used for their applicable scope; non-authoritative legacy mappings are explicitly identified.,2026-08-31
F303,Day-end / Z report,Point of Sale,APPROVED,pos,PFD-BM-F303-1;PFD-BM-F303-2,MS_COMMERCE;ORACLE_XSTORE,2,POS-P8-BM-036-B,POS-P8-BM-036-A,PASS,PASS,PASS,PASS,PASS_D_RELEVANCE_FROZEN,At least two independent official/primary sources are intentionally mapped to this feature; restricted-topic sources are only used for their applicable scope; non-authoritative legacy mappings are explicitly identified.,2026-08-31
F304,Payment reconciliation,Point of Sale,APPROVED,money_movement,PFD-BM-F304-1;PFD-BM-F304-2,MS_COMMERCE;NPCI_UPI,2,POS-P8-BM-037-A;POS-P8-BM-037-B,,PASS,PASS,PASS,PASS,PASS_D_RELEVANCE_FROZEN,At least two independent official/primary sources are intentionally mapped to this feature; restricted-topic sources are only used for their applicable scope; non-authoritative legacy mappings are explicitly identified.,2026-08-31
F305,POS accounting posting,Point of Sale,APPROVED,pos,PFD-BM-F305-1;PFD-BM-F305-2,MS_COMMERCE;NPCI_UPI,2,POS-P8-BM-038-A;POS-P8-BM-038-B,,PASS,PASS,PASS,PASS,PASS_D_RELEVANCE_FROZEN,At least two independent official/primary sources are intentionally mapped to this feature; restricted-topic sources are only used for their applicable scope; non-authoritative legacy mappings are explicitly identified.,2026-08-31
F306,Loyalty,Point of Sale,APPROVED,pos,PFD-BM-F306-1;PFD-BM-F306-2,MS_COMMERCE;ORACLE_XSTORE,2,POS-P8-BM-039-A,POS-P8-BM-039-B,PASS,PASS,PASS,PASS,PASS_D_RELEVANCE_FROZEN,At least two independent official/primary sources are intentionally mapped to this feature; restricted-topic sources are only used for their applicable scope; non-authoritative legacy mappings are explicitly identified.,2026-08-31
F307,POS sales analytics,Point of Sale,APPROVED,analytics,PFD-BM-F307-1;PFD-BM-F307-2,MS_COMMERCE;ORACLE_XSTORE,2,POS-P8-BM-040-A,POS-P8-BM-040-B,PASS,PASS,PASS,PASS,PASS_D_RELEVANCE_FROZEN,At least two independent official/primary sources are intentionally mapped to this feature; restricted-topic sources are only used for their applicable scope; non-authoritative legacy mappings are explicitly identified.,2026-08-31
F308,Quality standards,Quality,APPROVED,master_config,PFD-BM-F308-1;PFD-BM-F308-2,MS_QUALITY;ODOO_QUALITY,2,QUALITY-P9-BM-001-A;QUALITY-P9-BM-001-B,,PASS,PASS,PASS,PASS,PASS_D_RELEVANCE_FROZEN,At least two independent official/primary sources are intentionally mapped to this feature; restricted-topic sources are only used for their applicable scope; non-authoritative legacy mappings are explicitly identified.,2026-08-31
F309,Inspection specifications,Quality,APPROVED,quality,PFD-BM-F309-1;PFD-BM-F309-2,MS_QUALITY;ODOO_QUALITY,2,QUALITY-P9-BM-002-A;QUALITY-P9-BM-002-B,,PASS,PASS,PASS,PASS,PASS_D_RELEVANCE_FROZEN,At least two independent official/primary sources are intentionally mapped to this feature; restricted-topic sources are only used for their applicable scope; non-authoritative legacy mappings are explicitly identified.,2026-08-31
F310,Quality plans,Quality,APPROVED,master_config,PFD-BM-F310-1;PFD-BM-F310-2,MS_QUALITY;ODOO_QUALITY,2,QUALITY-P9-BM-003-A;QUALITY-P9-BM-003-B,,PASS,PASS,PASS,PASS,PASS_D_RELEVANCE_FROZEN,At least two independent official/primary sources are intentionally mapped to this feature; restricted-topic sources are only used for their applicable scope; non-authoritative legacy mappings are explicitly identified.,2026-08-31
F311,Quality control points,Quality,APPROVED,operational,PFD-BM-F311-1;PFD-BM-F311-2,MS_QUALITY;ODOO_QUALITY,2,QUALITY-P9-BM-004-A;QUALITY-P9-BM-004-B,,PASS,PASS,PASS,PASS,PASS_D_RELEVANCE_FROZEN,At least two independent official/primary sources are intentionally mapped to this feature; restricted-topic sources are only used for their applicable scope; non-authoritative legacy mappings are explicitly identified.,2026-08-31
F312,Incoming inspection,Quality,APPROVED,quality,PFD-BM-F312-1;PFD-BM-F312-2,MS_QUALITY;ODOO_QUALITY,2,QUALITY-P9-BM-005-A;QUALITY-P9-BM-005-B,,PASS,PASS,PASS,PASS,PASS_D_RELEVANCE_FROZEN,At least two independent official/primary sources are intentionally mapped to this feature; restricted-topic sources are only used for their applicable scope; non-authoritative legacy mappings are explicitly identified.,2026-08-31
F313,In-process inspection,Quality,APPROVED,quality,PFD-BM-F313-1;PFD-BM-F313-2,MS_QUALITY;ODOO_QUALITY,2,QUALITY-P9-BM-006-A;QUALITY-P9-BM-006-B,,PASS,PASS,PASS,PASS,PASS_D_RELEVANCE_FROZEN,At least two independent official/primary sources are intentionally mapped to this feature; restricted-topic sources are only used for their applicable scope; non-authoritative legacy mappings are explicitly identified.,2026-08-31
F314,Final inspection,Quality,APPROVED,quality,PFD-BM-F314-1;PFD-BM-F314-2,MS_QUALITY;ODOO_QUALITY,2,QUALITY-P9-BM-007-A;QUALITY-P9-BM-007-B,,PASS,PASS,PASS,PASS,PASS_D_RELEVANCE_FROZEN,At least two independent official/primary sources are intentionally mapped to this feature; restricted-topic sources are only used for their applicable scope; non-authoritative legacy mappings are explicitly identified.,2026-08-31
F315,Sampling plans,Quality,APPROVED,quality,PFD-BM-F315-1;PFD-BM-F315-2,MS_QUALITY;ODOO_QUALITY,2,QUALITY-P9-BM-008-A;QUALITY-P9-BM-008-B,,PASS,PASS,PASS,PASS,PASS_D_RELEVANCE_FROZEN,At least two independent official/primary sources are intentionally mapped to this feature; restricted-topic sources are only used for their applicable scope; non-authoritative legacy mappings are explicitly identified.,2026-08-31
F316,Measurement checks,Quality,APPROVED,quality,PFD-BM-F316-1;PFD-BM-F316-2,MS_QUALITY;ODOO_QUALITY,2,QUALITY-P9-BM-009-A;QUALITY-P9-BM-009-B,,PASS,PASS,PASS,PASS,PASS_D_RELEVANCE_FROZEN,At least two independent official/primary sources are intentionally mapped to this feature; restricted-topic sources are only used for their applicable scope; non-authoritative legacy mappings are explicitly identified.,2026-08-31
F317,Pass / fail checks,Quality,APPROVED,operational,PFD-BM-F317-1;PFD-BM-F317-2,MS_QUALITY;ODOO_QUALITY,2,QUALITY-P9-BM-010-A;QUALITY-P9-BM-010-B,,PASS,PASS,PASS,PASS,PASS_D_RELEVANCE_FROZEN,At least two independent official/primary sources are intentionally mapped to this feature; restricted-topic sources are only used for their applicable scope; non-authoritative legacy mappings are explicitly identified.,2026-08-31
F318,Tolerances,Quality,APPROVED,quality,PFD-BM-F318-1;PFD-BM-F318-2,MS_QUALITY;ODOO_QUALITY,2,QUALITY-P9-BM-011-A;QUALITY-P9-BM-011-B,,PASS,PASS,PASS,PASS,PASS_D_RELEVANCE_FROZEN,At least two independent official/primary sources are intentionally mapped to this feature; restricted-topic sources are only used for their applicable scope; non-authoritative legacy mappings are explicitly identified.,2026-08-31
F319,Inspection results,Quality,APPROVED,quality,PFD-BM-F319-1;PFD-BM-F319-2,MS_QUALITY;ODOO_QUALITY,2,QUALITY-P9-BM-012-A;QUALITY-P9-BM-012-B,,PASS,PASS,PASS,PASS,PASS_D_RELEVANCE_FROZEN,At least two independent official/primary sources are intentionally mapped to this feature; restricted-topic sources are only used for their applicable scope; non-authoritative legacy mappings are explicitly identified.,2026-08-31
F320,Defect recording,Quality,APPROVED,quality,PFD-BM-F320-1;PFD-BM-F320-2,MS_QUALITY;ODOO_QUALITY,2,QUALITY-P9-BM-013-A;QUALITY-P9-BM-013-B,,PASS,PASS,PASS,PASS,PASS_D_RELEVANCE_FROZEN,At least two independent official/primary sources are intentionally mapped to this feature; restricted-topic sources are only used for their applicable scope; non-authoritative legacy mappings are explicitly identified.,2026-08-31
F321,Non-conformance / NCR,Quality,APPROVED,quality,PFD-BM-F321-1;PFD-BM-F321-2,MS_QUALITY;ODOO_QUALITY,2,QUALITY-P9-BM-014-A;QUALITY-P9-BM-014-B,,PASS,PASS,PASS,PASS,PASS_D_RELEVANCE_FROZEN,At least two independent official/primary sources are intentionally mapped to this feature; restricted-topic sources are only used for their applicable scope; non-authoritative legacy mappings are explicitly identified.,2026-08-31
F322,Quality hold,Quality,APPROVED,quality,PFD-BM-F322-1;PFD-BM-F322-2,MS_QUALITY;ODOO_QUALITY,2,QUALITY-P9-BM-015-A;QUALITY-P9-BM-015-B,,PASS,PASS,PASS,PASS,PASS_D_RELEVANCE_FROZEN,At least two independent official/primary sources are intentionally mapped to this feature; restricted-topic sources are only used for their applicable scope; non-authoritative legacy mappings are explicitly identified.,2026-08-31
F323,Quality hold must block stock movement,Quality,APPROVED,quality,PFD-BM-F323-1;PFD-BM-F323-2,MS_QUALITY;ODOO_QUALITY,2,QUALITY-P9-BM-016-A;QUALITY-P9-BM-016-B,,PASS,PASS,PASS,PASS,PASS_D_RELEVANCE_FROZEN,At least two independent official/primary sources are intentionally mapped to this feature; restricted-topic sources are only used for their applicable scope; non-authoritative legacy mappings are explicitly identified.,2026-08-31
F324,Hold release,Quality,APPROVED,decision,PFD-BM-F324-1;PFD-BM-F324-2,MS_QUALITY;ODOO_QUALITY,2,QUALITY-P9-BM-017-A;QUALITY-P9-BM-017-B,,PASS,PASS,PASS,PASS,PASS_D_RELEVANCE_FROZEN,At least two independent official/primary sources are intentionally mapped to this feature; restricted-topic sources are only used for their applicable scope; non-authoritative legacy mappings are explicitly identified.,2026-08-31
F325,Disposition,Quality,APPROVED,decision,PFD-BM-F325-1;PFD-BM-F325-2,MS_QUALITY;ODOO_QUALITY,2,QUALITY-P9-BM-018-A;QUALITY-P9-BM-018-B,,PASS,PASS,PASS,PASS,PASS_D_RELEVANCE_FROZEN,At least two independent official/primary sources are intentionally mapped to this feature; restricted-topic sources are only used for their applicable scope; non-authoritative legacy mappings are explicitly identified.,2026-08-31
F326,Rework,Quality,APPROVED,operational,PFD-BM-F326-1;PFD-BM-F326-2,MS_QUALITY;ODOO_QUALITY,2,QUALITY-P9-BM-019-A;QUALITY-P9-BM-019-B,,PASS,PASS,PASS,PASS,PASS_D_RELEVANCE_FROZEN,At least two independent official/primary sources are intentionally mapped to this feature; restricted-topic sources are only used for their applicable scope; non-authoritative legacy mappings are explicitly identified.,2026-08-31
F327,Scrap,Quality,APPROVED,operational,PFD-BM-F327-1;PFD-BM-F327-2,MS_QUALITY;ODOO_QUALITY,2,QUALITY-P9-BM-020-A;QUALITY-P9-BM-020-B,,PASS,PASS,PASS,PASS,PASS_D_RELEVANCE_FROZEN,At least two independent official/primary sources are intentionally mapped to this feature; restricted-topic sources are only used for their applicable scope; non-authoritative legacy mappings are explicitly identified.,2026-08-31
F328,Return to supplier,Quality,APPROVED,operational,PFD-BM-F328-1;PFD-BM-F328-2,MS_QUALITY;ODOO_QUALITY,2,QUALITY-P9-BM-021-A;QUALITY-P9-BM-021-B,,PASS,PASS,PASS,PASS,PASS_D_RELEVANCE_FROZEN,At least two independent official/primary sources are intentionally mapped to this feature; restricted-topic sources are only used for their applicable scope; non-authoritative legacy mappings are explicitly identified.,2026-08-31
F329,Use-as-is approval,Quality,APPROVED,decision,PFD-BM-F329-1;PFD-BM-F329-2,MS_QUALITY;ODOO_QUALITY,2,QUALITY-P9-BM-022-A;QUALITY-P9-BM-022-B,,PASS,PASS,PASS,PASS,PASS_D_RELEVANCE_FROZEN,At least two independent official/primary sources are intentionally mapped to this feature; restricted-topic sources are only used for their applicable scope; non-authoritative legacy mappings are explicitly identified.,2026-08-31
F330,Root-cause analysis,Quality,APPROVED,analytics,PFD-BM-F330-1;PFD-BM-F330-2,MS_QUALITY;ODOO_QUALITY,2,QUALITY-P9-BM-023-A;QUALITY-P9-BM-023-B,,PASS,PASS,PASS,PASS,PASS_D_RELEVANCE_FROZEN,At least two independent official/primary sources are intentionally mapped to this feature; restricted-topic sources are only used for their applicable scope; non-authoritative legacy mappings are explicitly identified.,2026-08-31
F331,CAPA,Quality,APPROVED,quality,PFD-BM-F331-1;PFD-BM-F331-2,MS_QUALITY;ODOO_QUALITY,2,QUALITY-P9-BM-024-A;QUALITY-P9-BM-024-B,,PASS,PASS,PASS,PASS,PASS_D_RELEVANCE_FROZEN,At least two independent official/primary sources are intentionally mapped to this feature; restricted-topic sources are only used for their applicable scope; non-authoritative legacy mappings are explicitly identified.,2026-08-31
F332,Corrective actions,Quality,APPROVED,operational,PFD-BM-F332-1;PFD-BM-F332-2,MS_QUALITY;ODOO_QUALITY,2,QUALITY-P9-BM-025-A;QUALITY-P9-BM-025-B,,PASS,PASS,PASS,PASS,PASS_D_RELEVANCE_FROZEN,At least two independent official/primary sources are intentionally mapped to this feature; restricted-topic sources are only used for their applicable scope; non-authoritative legacy mappings are explicitly identified.,2026-08-31
F333,Preventive actions,Quality,APPROVED,operational,PFD-BM-F333-1;PFD-BM-F333-2,MS_QUALITY;ODOO_QUALITY,2,QUALITY-P9-BM-026-A;QUALITY-P9-BM-026-B,,PASS,PASS,PASS,PASS,PASS_D_RELEVANCE_FROZEN,At least two independent official/primary sources are intentionally mapped to this feature; restricted-topic sources are only used for their applicable scope; non-authoritative legacy mappings are explicitly identified.,2026-08-31
F334,Supplier quality,Quality,APPROVED,operational,PFD-BM-F334-1;PFD-BM-F334-2,MS_QUALITY;ODOO_QUALITY,2,QUALITY-P9-BM-027-A;QUALITY-P9-BM-027-B,,PASS,PASS,PASS,PASS,PASS_D_RELEVANCE_FROZEN,At least two independent official/primary sources are intentionally mapped to this feature; restricted-topic sources are only used for their applicable scope; non-authoritative legacy mappings are explicitly identified.,2026-08-31
F335,Customer quality complaints,Quality,APPROVED,operational,PFD-BM-F335-1;PFD-BM-F335-2,MS_QUALITY;ODOO_QUALITY,2,QUALITY-P9-BM-028-A;QUALITY-P9-BM-028-B,,PASS,PASS,PASS,PASS,PASS_D_RELEVANCE_FROZEN,At least two independent official/primary sources are intentionally mapped to this feature; restricted-topic sources are only used for their applicable scope; non-authoritative legacy mappings are explicitly identified.,2026-08-31
F336,Calibration,Quality,APPROVED,quality,PFD-BM-F336-1;PFD-BM-F336-2,MS_QUALITY;ODOO_QUALITY,2,QUALITY-P9-BM-029-A;QUALITY-P9-BM-029-B,,PASS,PASS,PASS,PASS,PASS_D_RELEVANCE_FROZEN,At least two independent official/primary sources are intentionally mapped to this feature; restricted-topic sources are only used for their applicable scope; non-authoritative legacy mappings are explicitly identified.,2026-08-31
F337,Quality audits,Quality,APPROVED,quality,PFD-BM-F337-1;PFD-BM-F337-2,MS_QUALITY;ODOO_QUALITY,2,QUALITY-P9-BM-030-A;QUALITY-P9-BM-030-B,,PASS,PASS,PASS,PASS,PASS_D_RELEVANCE_FROZEN,At least two independent official/primary sources are intentionally mapped to this feature; restricted-topic sources are only used for their applicable scope; non-authoritative legacy mappings are explicitly identified.,2026-08-31
F338,Certificate of Analysis,Quality,APPROVED,analytics,PFD-BM-F338-1;PFD-BM-F338-2,MS_QUALITY;ODOO_QUALITY,2,QUALITY-P9-BM-031-A;QUALITY-P9-BM-031-B,,PASS,PASS,PASS,PASS,PASS_D_RELEVANCE_FROZEN,At least two independent official/primary sources are intentionally mapped to this feature; restricted-topic sources are only used for their applicable scope; non-authoritative legacy mappings are explicitly identified.,2026-08-31
F339,Lot / batch traceability,Quality,APPROVED,quality,PFD-BM-F339-1;PFD-BM-F339-2,MS_QUALITY;ODOO_QUALITY,2,QUALITY-P9-BM-032-A;QUALITY-P9-BM-032-B,,PASS,PASS,PASS,PASS,PASS_D_RELEVANCE_FROZEN,At least two independent official/primary sources are intentionally mapped to this feature; restricted-topic sources are only used for their applicable scope; non-authoritative legacy mappings are explicitly identified.,2026-08-31
F340,Quality documents,Quality,APPROVED,operational,PFD-BM-F340-1;PFD-BM-F340-2,MS_QUALITY;ODOO_QUALITY,2,QUALITY-P9-BM-033-A;QUALITY-P9-BM-033-B,,PASS,PASS,PASS,PASS,PASS_D_RELEVANCE_FROZEN,At least two independent official/primary sources are intentionally mapped to this feature; restricted-topic sources are only used for their applicable scope; non-authoritative legacy mappings are explicitly identified.,2026-08-31
F341,Quality cost reporting,Quality,APPROVED,analytics,PFD-BM-F341-1;PFD-BM-F341-2,MS_QUALITY;ODOO_QUALITY,2,QUALITY-P9-BM-034-A;QUALITY-P9-BM-034-B,,PASS,PASS,PASS,PASS,PASS_D_RELEVANCE_FROZEN,At least two independent official/primary sources are intentionally mapped to this feature; restricted-topic sources are only used for their applicable scope; non-authoritative legacy mappings are explicitly identified.,2026-08-31
F342,Quality KPI dashboard,Quality,APPROVED,analytics,PFD-BM-F342-1;PFD-BM-F342-2,MS_QUALITY;ODOO_QUALITY,2,QUALITY-P9-BM-035-A;QUALITY-P9-BM-035-B,,PASS,PASS,PASS,PASS,PASS_D_RELEVANCE_FROZEN,At least two independent official/primary sources are intentionally mapped to this feature; restricted-topic sources are only used for their applicable scope; non-authoritative legacy mappings are explicitly identified.,2026-08-31
F343,Tickets and cases,Support / Customer Service,APPROVED,case_management,PFD-BM-F343-1;PFD-BM-F343-2,MS_SUPPORT;ODOO_HELPDESK,2,SUPPORT-P10-BM-001-A;SUPPORT-P10-BM-001-B,,PASS,PASS,PASS,PASS,PASS_D_RELEVANCE_FROZEN,At least two independent official/primary sources are intentionally mapped to this feature; restricted-topic sources are only used for their applicable scope; non-authoritative legacy mappings are explicitly identified.,2026-08-31
F344,Ticket number,Support / Customer Service,APPROVED,case_management,PFD-BM-F344-1;PFD-BM-F344-2,MS_SUPPORT;ODOO_HELPDESK,2,SUPPORT-P10-BM-002-B,SUPPORT-P10-BM-002-A,PASS,PASS,PASS,PASS,PASS_D_RELEVANCE_FROZEN,At least two independent official/primary sources are intentionally mapped to this feature; restricted-topic sources are only used for their applicable scope; non-authoritative legacy mappings are explicitly identified.,2026-08-31
F345,Customer,Support / Customer Service,APPROVED,case_management,PFD-BM-F345-1;PFD-BM-F345-2,MS_SUPPORT;ODOO_HELPDESK,2,SUPPORT-P10-BM-003-B,SUPPORT-P10-BM-003-A,PASS,PASS,PASS,PASS,PASS_D_RELEVANCE_FROZEN,At least two independent official/primary sources are intentionally mapped to this feature; restricted-topic sources are only used for their applicable scope; non-authoritative legacy mappings are explicitly identified.,2026-08-31
F346,Contact,Support / Customer Service,APPROVED,case_management,PFD-BM-F346-1;PFD-BM-F346-2,MS_SUPPORT;ODOO_HELPDESK,2,SUPPORT-P10-BM-004-A;SUPPORT-P10-BM-004-B,,PASS,PASS,PASS,PASS,PASS_D_RELEVANCE_FROZEN,At least two independent official/primary sources are intentionally mapped to this feature; restricted-topic sources are only used for their applicable scope; non-authoritative legacy mappings are explicitly identified.,2026-08-31
F347,Category,Support / Customer Service,APPROVED,case_management,PFD-BM-F347-1;PFD-BM-F347-2,MS_SUPPORT;ODOO_HELPDESK,2,SUPPORT-P10-BM-005-A;SUPPORT-P10-BM-005-B,,PASS,PASS,PASS,PASS,PASS_D_RELEVANCE_FROZEN,At least two independent official/primary sources are intentionally mapped to this feature; restricted-topic sources are only used for their applicable scope; non-authoritative legacy mappings are explicitly identified.,2026-08-31
F348,Priority,Support / Customer Service,APPROVED,case_management,PFD-BM-F348-1;PFD-BM-F348-2,MS_SUPPORT;ODOO_HELPDESK,2,SUPPORT-P10-BM-006-A,SUPPORT-P10-BM-006-B,PASS,PASS,PASS,PASS,PASS_D_RELEVANCE_FROZEN,At least two independent official/primary sources are intentionally mapped to this feature; restricted-topic sources are only used for their applicable scope; non-authoritative legacy mappings are explicitly identified.,2026-08-31
F349,Status,Support / Customer Service,APPROVED,case_management,PFD-BM-F349-1;PFD-BM-F349-2,MS_SUPPORT;ODOO_HELPDESK,2,SUPPORT-P10-BM-007-A;SUPPORT-P10-BM-007-B,,PASS,PASS,PASS,PASS,PASS_D_RELEVANCE_FROZEN,At least two independent official/primary sources are intentionally mapped to this feature; restricted-topic sources are only used for their applicable scope; non-authoritative legacy mappings are explicitly identified.,2026-08-31
F350,Queues,Support / Customer Service,APPROVED,case_management,PFD-BM-F350-1;PFD-BM-F350-2,MS_SUPPORT;ODOO_HELPDESK,2,SUPPORT-P10-BM-008-A,SUPPORT-P10-BM-008-B,PASS,PASS,PASS,PASS,PASS_D_RELEVANCE_FROZEN,At least two independent official/primary sources are intentionally mapped to this feature; restricted-topic sources are only used for their applicable scope; non-authoritative legacy mappings are explicitly identified.,2026-08-31
F351,Agent assignment,Support / Customer Service,APPROVED,decision,PFD-BM-F351-1;PFD-BM-F351-2,MS_SUPPORT;ODOO_HELPDESK,2,SUPPORT-P10-BM-009-A,SUPPORT-P10-BM-009-B,PASS,PASS,PASS,PASS,PASS_D_RELEVANCE_FROZEN,At least two independent official/primary sources are intentionally mapped to this feature; restricted-topic sources are only used for their applicable scope; non-authoritative legacy mappings are explicitly identified.,2026-08-31
F352,Automatic routing,Support / Customer Service,APPROVED,decision,PFD-BM-F352-1;PFD-BM-F352-2,MS_SUPPORT;ODOO_HELPDESK,2,SUPPORT-P10-BM-010-B,SUPPORT-P10-BM-010-A,PASS,PASS,PASS,PASS,PASS_D_RELEVANCE_FROZEN,At least two independent official/primary sources are intentionally mapped to this feature; restricted-topic sources are only used for their applicable scope; non-authoritative legacy mappings are explicitly identified.,2026-08-31
F353,Email-to-ticket,Support / Customer Service,APPROVED,case_management,PFD-BM-F353-1;PFD-BM-F353-2,MS_SUPPORT;ODOO_HELPDESK,2,SUPPORT-P10-BM-011-A;SUPPORT-P10-BM-011-B,,PASS,PASS,PASS,PASS,PASS_D_RELEVANCE_FROZEN,At least two independent official/primary sources are intentionally mapped to this feature; restricted-topic sources are only used for their applicable scope; non-authoritative legacy mappings are explicitly identified.,2026-08-31
F354,Web ticket creation,Support / Customer Service,APPROVED,case_management,PFD-BM-F354-1;PFD-BM-F354-2,MS_SUPPORT;ODOO_HELPDESK,2,SUPPORT-P10-BM-012-B,SUPPORT-P10-BM-012-A,PASS,PASS,PASS,PASS,PASS_D_RELEVANCE_FROZEN,At least two independent official/primary sources are intentionally mapped to this feature; restricted-topic sources are only used for their applicable scope; non-authoritative legacy mappings are explicitly identified.,2026-08-31
F355,Manual ticket creation,Support / Customer Service,APPROVED,case_management,PFD-BM-F355-1;PFD-BM-F355-2,MS_SUPPORT;ODOO_HELPDESK,2,SUPPORT-P10-BM-013-B,SUPPORT-P10-BM-013-A,PASS,PASS,PASS,PASS,PASS_D_RELEVANCE_FROZEN,At least two independent official/primary sources are intentionally mapped to this feature; restricted-topic sources are only used for their applicable scope; non-authoritative legacy mappings are explicitly identified.,2026-08-31
F356,Customer replies,Support / Customer Service,APPROVED,case_management,PFD-BM-F356-1;PFD-BM-F356-2,MS_SUPPORT;ODOO_HELPDESK,2,SUPPORT-P10-BM-014-A;SUPPORT-P10-BM-014-B,,PASS,PASS,PASS,PASS,PASS_D_RELEVANCE_FROZEN,At least two independent official/primary sources are intentionally mapped to this feature; restricted-topic sources are only used for their applicable scope; non-authoritative legacy mappings are explicitly identified.,2026-08-31
F357,Internal / private notes,Support / Customer Service,APPROVED,case_management,PFD-BM-F357-1;PFD-BM-F357-2,MS_SUPPORT;ODOO_HELPDESK,2,SUPPORT-P10-BM-015-A;SUPPORT-P10-BM-015-B,,PASS,PASS,PASS,PASS,PASS_D_RELEVANCE_FROZEN,At least two independent official/primary sources are intentionally mapped to this feature; restricted-topic sources are only used for their applicable scope; non-authoritative legacy mappings are explicitly identified.,2026-08-31
F358,Attachments,Support / Customer Service,APPROVED,case_management,PFD-BM-F358-1;PFD-BM-F358-2,MS_SUPPORT;ODOO_HELPDESK,2,SUPPORT-P10-BM-016-A,SUPPORT-P10-BM-016-B,PASS,PASS,PASS,PASS,PASS_D_RELEVANCE_FROZEN,At least two independent official/primary sources are intentionally mapped to this feature; restricted-topic sources are only used for their applicable scope; non-authoritative legacy mappings are explicitly identified.,2026-08-31
F359,SLA policies,Support / Customer Service,APPROVED,case_management,PFD-BM-F359-1;PFD-BM-F359-2,MS_SUPPORT;ODOO_HELPDESK,2,SUPPORT-P10-BM-017-A;SUPPORT-P10-BM-017-B,,PASS,PASS,PASS,PASS,PASS_D_RELEVANCE_FROZEN,At least two independent official/primary sources are intentionally mapped to this feature; restricted-topic sources are only used for their applicable scope; non-authoritative legacy mappings are explicitly identified.,2026-08-31
F360,First-response SLA,Support / Customer Service,APPROVED,case_management,PFD-BM-F360-1;PFD-BM-F360-2,MS_SUPPORT;ODOO_HELPDESK,2,SUPPORT-P10-BM-018-A,SUPPORT-P10-BM-018-B,PASS,PASS,PASS,PASS,PASS_D_RELEVANCE_FROZEN,At least two independent official/primary sources are intentionally mapped to this feature; restricted-topic sources are only used for their applicable scope; non-authoritative legacy mappings are explicitly identified.,2026-08-31
F361,Resolution SLA,Support / Customer Service,APPROVED,case_management,PFD-BM-F361-1;PFD-BM-F361-2,MS_SUPPORT;ODOO_HELPDESK,2,SUPPORT-P10-BM-019-A,SUPPORT-P10-BM-019-B,PASS,PASS,PASS,PASS,PASS_D_RELEVANCE_FROZEN,At least two independent official/primary sources are intentionally mapped to this feature; restricted-topic sources are only used for their applicable scope; non-authoritative legacy mappings are explicitly identified.,2026-08-31
F362,SLA breach handling,Support / Customer Service,APPROVED,case_management,PFD-BM-F362-1;PFD-BM-F362-2,MS_SUPPORT;ODOO_HELPDESK,2,SUPPORT-P10-BM-020-B,SUPPORT-P10-BM-020-A,PASS,PASS,PASS,PASS,PASS_D_RELEVANCE_FROZEN,At least two independent official/primary sources are intentionally mapped to this feature; restricted-topic sources are only used for their applicable scope; non-authoritative legacy mappings are explicitly identified.,2026-08-31
F363,Escalations,Support / Customer Service,APPROVED,decision,PFD-BM-F363-1;PFD-BM-F363-2,MS_SUPPORT;ODOO_HELPDESK,2,SUPPORT-P10-BM-021-A;SUPPORT-P10-BM-021-B,,PASS,PASS,PASS,PASS,PASS_D_RELEVANCE_FROZEN,At least two independent official/primary sources are intentionally mapped to this feature; restricted-topic sources are only used for their applicable scope; non-authoritative legacy mappings are explicitly identified.,2026-08-31
F364,Reassignment,Support / Customer Service,APPROVED,decision,PFD-BM-F364-1;PFD-BM-F364-2,MS_SUPPORT;ODOO_HELPDESK,2,SUPPORT-P10-BM-022-B,SUPPORT-P10-BM-022-A,PASS,PASS,PASS,PASS,PASS_D_RELEVANCE_FROZEN,At least two independent official/primary sources are intentionally mapped to this feature; restricted-topic sources are only used for their applicable scope; non-authoritative legacy mappings are explicitly identified.,2026-08-31
F365,Ticket history,Support / Customer Service,APPROVED,case_management,PFD-BM-F365-1;PFD-BM-F365-2,MS_SUPPORT;ODOO_HELPDESK,2,SUPPORT-P10-BM-023-B,SUPPORT-P10-BM-023-A,PASS,PASS,PASS,PASS,PASS_D_RELEVANCE_FROZEN,At least two independent official/primary sources are intentionally mapped to this feature; restricted-topic sources are only used for their applicable scope; non-authoritative legacy mappings are explicitly identified.,2026-08-31
F366,Reopen ticket,Support / Customer Service,APPROVED,decision,PFD-BM-F366-1;PFD-BM-F366-2,MS_SUPPORT;ODOO_HELPDESK,2,SUPPORT-P10-BM-024-A;SUPPORT-P10-BM-024-B,,PASS,PASS,PASS,PASS,PASS_D_RELEVANCE_FROZEN,At least two independent official/primary sources are intentionally mapped to this feature; restricted-topic sources are only used for their applicable scope; non-authoritative legacy mappings are explicitly identified.,2026-08-31
F367,Merge duplicate tickets,Support / Customer Service,APPROVED,case_management,PFD-BM-F367-1;PFD-BM-F367-2,MS_SUPPORT;ODOO_HELPDESK,2,SUPPORT-P10-BM-025-A;SUPPORT-P10-BM-025-B,,PASS,PASS,PASS,PASS,PASS_D_RELEVANCE_FROZEN,At least two independent official/primary sources are intentionally mapped to this feature; restricted-topic sources are only used for their applicable scope; non-authoritative legacy mappings are explicitly identified.,2026-08-31
F368,Tags,Support / Customer Service,APPROVED,case_management,PFD-BM-F368-1;PFD-BM-F368-2,MS_SUPPORT;ODOO_HELPDESK,2,SUPPORT-P10-BM-026-A,SUPPORT-P10-BM-026-B,PASS,PASS,PASS,PASS,PASS_D_RELEVANCE_FROZEN,At least two independent official/primary sources are intentionally mapped to this feature; restricted-topic sources are only used for their applicable scope; non-authoritative legacy mappings are explicitly identified.,2026-08-31
F369,Knowledge base,Support / Customer Service,APPROVED,case_management,PFD-BM-F369-1;PFD-BM-F369-2,MS_SUPPORT;ODOO_HELPDESK,2,SUPPORT-P10-BM-027-A;SUPPORT-P10-BM-027-B,,PASS,PASS,PASS,PASS,PASS_D_RELEVANCE_FROZEN,At least two independent official/primary sources are intentionally mapped to this feature; restricted-topic sources are only used for their applicable scope; non-authoritative legacy mappings are explicitly identified.,2026-08-31
F370,Canned responses,Support / Customer Service,APPROVED,case_management,PFD-BM-F370-1;PFD-BM-F370-2,MS_SUPPORT;ODOO_HELPDESK,2,SUPPORT-P10-BM-028-A,SUPPORT-P10-BM-028-B,PASS,PASS,PASS,PASS,PASS_D_RELEVANCE_FROZEN,At least two independent official/primary sources are intentionally mapped to this feature; restricted-topic sources are only used for their applicable scope; non-authoritative legacy mappings are explicitly identified.,2026-08-31
F371,Customer portal,Support / Customer Service,APPROVED,case_management,PFD-BM-F371-1;PFD-BM-F371-2,MS_SUPPORT;ODOO_HELPDESK,2,SUPPORT-P10-BM-029-A,SUPPORT-P10-BM-029-B,PASS,PASS,PASS,PASS,PASS_D_RELEVANCE_FROZEN,At least two independent official/primary sources are intentionally mapped to this feature; restricted-topic sources are only used for their applicable scope; non-authoritative legacy mappings are explicitly identified.,2026-08-31
F372,Customer order history,Support / Customer Service,APPROVED,document,PFD-BM-F372-1;PFD-BM-F372-2,MS_SUPPORT;ODOO_HELPDESK,2,SUPPORT-P10-BM-030-B,SUPPORT-P10-BM-030-A,PASS,PASS,PASS,PASS,PASS_D_RELEVANCE_FROZEN,At least two independent official/primary sources are intentionally mapped to this feature; restricted-topic sources are only used for their applicable scope; non-authoritative legacy mappings are explicitly identified.,2026-08-31
F373,Product linkage,Support / Customer Service,APPROVED,case_management,PFD-BM-F373-1;PFD-BM-F373-2,MS_SUPPORT;ODOO_HELPDESK,2,SUPPORT-P10-BM-031-A;SUPPORT-P10-BM-031-B,,PASS,PASS,PASS,PASS,PASS_D_RELEVANCE_FROZEN,At least two independent official/primary sources are intentionally mapped to this feature; restricted-topic sources are only used for their applicable scope; non-authoritative legacy mappings are explicitly identified.,2026-08-31
F374,Asset linkage,Support / Customer Service,APPROVED,case_management,PFD-BM-F374-1;PFD-BM-F374-2,MS_SUPPORT;ODOO_HELPDESK,2,SUPPORT-P10-BM-032-B,SUPPORT-P10-BM-032-A,PASS,PASS,PASS,PASS,PASS_D_RELEVANCE_FROZEN,At least two independent official/primary sources are intentionally mapped to this feature; restricted-topic sources are only used for their applicable scope; non-authoritative legacy mappings are explicitly identified.,2026-08-31
F375,Warranty and service entitlement,Support / Customer Service,APPROVED,case_management,PFD-BM-F375-1;PFD-BM-F375-2,MS_SUPPORT;ODOO_HELPDESK,2,SUPPORT-P10-BM-033-B,SUPPORT-P10-BM-033-A,PASS,PASS,PASS,PASS,PASS_D_RELEVANCE_FROZEN,At least two independent official/primary sources are intentionally mapped to this feature; restricted-topic sources are only used for their applicable scope; non-authoritative legacy mappings are explicitly identified.,2026-08-31
F376,CSAT / customer rating,Support / Customer Service,APPROVED,case_management,PFD-BM-F376-1;PFD-BM-F376-2,MS_SUPPORT;ODOO_HELPDESK,2,SUPPORT-P10-BM-034-A;SUPPORT-P10-BM-034-B,,PASS,PASS,PASS,PASS,PASS_D_RELEVANCE_FROZEN,At least two independent official/primary sources are intentionally mapped to this feature; restricted-topic sources are only used for their applicable scope; non-authoritative legacy mappings are explicitly identified.,2026-08-31
F377,Agent performance,Support / Customer Service,APPROVED,case_management,PFD-BM-F377-1;PFD-BM-F377-2,MS_SUPPORT;ODOO_HELPDESK,2,SUPPORT-P10-BM-035-A;SUPPORT-P10-BM-035-B,,PASS,PASS,PASS,PASS,PASS_D_RELEVANCE_FROZEN,At least two independent official/primary sources are intentionally mapped to this feature; restricted-topic sources are only used for their applicable scope; non-authoritative legacy mappings are explicitly identified.,2026-08-31
F378,SLA reporting,Support / Customer Service,APPROVED,analytics,PFD-BM-F378-1;PFD-BM-F378-2,MS_SUPPORT;ODOO_HELPDESK,2,SUPPORT-P10-BM-036-A,SUPPORT-P10-BM-036-B,PASS,PASS,PASS,PASS,PASS_D_RELEVANCE_FROZEN,At least two independent official/primary sources are intentionally mapped to this feature; restricted-topic sources are only used for their applicable scope; non-authoritative legacy mappings are explicitly identified.,2026-08-31
F379,Ticket dashboards,Support / Customer Service,APPROVED,analytics,PFD-BM-F379-1;PFD-BM-F379-2,MS_SUPPORT;ODOO_HELPDESK,2,SUPPORT-P10-BM-037-A;SUPPORT-P10-BM-037-B,,PASS,PASS,PASS,PASS,PASS_D_RELEVANCE_FROZEN,At least two independent official/primary sources are intentionally mapped to this feature; restricted-topic sources are only used for their applicable scope; non-authoritative legacy mappings are explicitly identified.,2026-08-31
F380,Complete audit trail,Support / Customer Service,APPROVED,case_management,PFD-BM-F380-1;PFD-BM-F380-2,MS_SUPPORT;ODOO_HELPDESK,2,SUPPORT-P10-BM-038-A,SUPPORT-P10-BM-038-B,PASS,PASS,PASS,PASS,PASS_D_RELEVANCE_FROZEN,At least two independent official/primary sources are intentionally mapped to this feature; restricted-topic sources are only used for their applicable scope; non-authoritative legacy mappings are explicitly identified.,2026-08-31
F381,Employee master,HR & Payroll,APPROVED,people_lifecycle,PFD-BM-F381-1;PFD-BM-F381-2,ORACLE_HCM;ODOO_HR,2,HR-P11-BM-001-A;HR-P11-BM-001-B,,PASS,PASS,PASS,PASS,PASS_D_RELEVANCE_FROZEN,At least two independent official/primary sources are intentionally mapped to this feature; restricted-topic sources are only used for their applicable scope; non-authoritative legacy mappings are explicitly identified.,2026-08-31
F382,Employee number,HR & Payroll,APPROVED,people_lifecycle,PFD-BM-F382-1;PFD-BM-F382-2,ORACLE_HCM;ODOO_HR,2,HR-P11-BM-002-A;HR-P11-BM-002-B,,PASS,PASS,PASS,PASS,PASS_D_RELEVANCE_FROZEN,At least two independent official/primary sources are intentionally mapped to this feature; restricted-topic sources are only used for their applicable scope; non-authoritative legacy mappings are explicitly identified.,2026-08-31
F383,Departments,HR & Payroll,APPROVED,master_config,PFD-BM-F383-1;PFD-BM-F383-2,ORACLE_HCM;ODOO_HR,2,HR-P11-BM-003-A;HR-P11-BM-003-B,,PASS,PASS,PASS,PASS,PASS_D_RELEVANCE_FROZEN,At least two independent official/primary sources are intentionally mapped to this feature; restricted-topic sources are only used for their applicable scope; non-authoritative legacy mappings are explicitly identified.,2026-08-31
F384,Designations,HR & Payroll,APPROVED,master_config,PFD-BM-F384-1;PFD-BM-F384-2,ORACLE_HCM;ODOO_HR,2,HR-P11-BM-004-A;HR-P11-BM-004-B,,PASS,PASS,PASS,PASS,PASS_D_RELEVANCE_FROZEN,At least two independent official/primary sources are intentionally mapped to this feature; restricted-topic sources are only used for their applicable scope; non-authoritative legacy mappings are explicitly identified.,2026-08-31
F385,Reporting manager,HR & Payroll,APPROVED,analytics,PFD-BM-F385-1;PFD-BM-F385-2,ORACLE_HCM;ODOO_HR,2,HR-P11-BM-005-A;HR-P11-BM-005-B,,PASS,PASS,PASS,PASS,PASS_D_RELEVANCE_FROZEN,At least two independent official/primary sources are intentionally mapped to this feature; restricted-topic sources are only used for their applicable scope; non-authoritative legacy mappings are explicitly identified.,2026-08-31
F386,Branch and location,HR & Payroll,APPROVED,operational,PFD-BM-F386-1;PFD-BM-F386-2,ORACLE_HCM;ODOO_HR,2,HR-P11-BM-006-A;HR-P11-BM-006-B,,PASS,PASS,PASS,PASS,PASS_D_RELEVANCE_FROZEN,At least two independent official/primary sources are intentionally mapped to this feature; restricted-topic sources are only used for their applicable scope; non-authoritative legacy mappings are explicitly identified.,2026-08-31
F387,Employment type,HR & Payroll,APPROVED,operational,PFD-BM-F387-1;PFD-BM-F387-2,ORACLE_HCM;ODOO_HR,2,HR-P11-BM-007-A;HR-P11-BM-007-B,,PASS,PASS,PASS,PASS,PASS_D_RELEVANCE_FROZEN,At least two independent official/primary sources are intentionally mapped to this feature; restricted-topic sources are only used for their applicable scope; non-authoritative legacy mappings are explicitly identified.,2026-08-31
F388,Employee documents,HR & Payroll,APPROVED,people_lifecycle,PFD-BM-F388-1;PFD-BM-F388-2,ORACLE_HCM;ODOO_HR,2,HR-P11-BM-008-A,HR-P11-BM-008-B,PASS,PASS,PASS,PASS,PASS_D_RELEVANCE_FROZEN,At least two independent official/primary sources are intentionally mapped to this feature; restricted-topic sources are only used for their applicable scope; non-authoritative legacy mappings are explicitly identified.,2026-08-31
F389,Joining,HR & Payroll,APPROVED,people_lifecycle,PFD-BM-F389-1;PFD-BM-F389-2,ORACLE_HCM;ODOO_HR,2,HR-P11-BM-009-A;HR-P11-BM-009-B,,PASS,PASS,PASS,PASS,PASS_D_RELEVANCE_FROZEN,At least two independent official/primary sources are intentionally mapped to this feature; restricted-topic sources are only used for their applicable scope; non-authoritative legacy mappings are explicitly identified.,2026-08-31
F390,Probation,HR & Payroll,APPROVED,people_lifecycle,PFD-BM-F390-1;PFD-BM-F390-2,ORACLE_HCM;ODOO_HR,2,HR-P11-BM-010-A;HR-P11-BM-010-B,,PASS,PASS,PASS,PASS,PASS_D_RELEVANCE_FROZEN,At least two independent official/primary sources are intentionally mapped to this feature; restricted-topic sources are only used for their applicable scope; non-authoritative legacy mappings are explicitly identified.,2026-08-31
F391,Confirmation,HR & Payroll,APPROVED,decision,PFD-BM-F391-1;PFD-BM-F391-2,ORACLE_HCM;ODOO_HR,2,HR-P11-BM-011-A;HR-P11-BM-011-B,,PASS,PASS,PASS,PASS,PASS_D_RELEVANCE_FROZEN,At least two independent official/primary sources are intentionally mapped to this feature; restricted-topic sources are only used for their applicable scope; non-authoritative legacy mappings are explicitly identified.,2026-08-31
F392,Transfers,HR & Payroll,APPROVED,people_lifecycle,PFD-BM-F392-1;PFD-BM-F392-2,ORACLE_HCM;ODOO_HR,2,HR-P11-BM-012-A;HR-P11-BM-012-B,,PASS,PASS,PASS,PASS,PASS_D_RELEVANCE_FROZEN,At least two independent official/primary sources are intentionally mapped to this feature; restricted-topic sources are only used for their applicable scope; non-authoritative legacy mappings are explicitly identified.,2026-08-31
F393,Promotions,HR & Payroll,APPROVED,people_lifecycle,PFD-BM-F393-1;PFD-BM-F393-2,ORACLE_HCM;ODOO_HR,2,HR-P11-BM-013-A;HR-P11-BM-013-B,,PASS,PASS,PASS,PASS,PASS_D_RELEVANCE_FROZEN,At least two independent official/primary sources are intentionally mapped to this feature; restricted-topic sources are only used for their applicable scope; non-authoritative legacy mappings are explicitly identified.,2026-08-31
F394,Separation,HR & Payroll,APPROVED,people_lifecycle,PFD-BM-F394-1;PFD-BM-F394-2,ORACLE_HCM;ODOO_HR,2,HR-P11-BM-014-A;HR-P11-BM-014-B,,PASS,PASS,PASS,PASS,PASS_D_RELEVANCE_FROZEN,At least two independent official/primary sources are intentionally mapped to this feature; restricted-topic sources are only used for their applicable scope; non-authoritative legacy mappings are explicitly identified.,2026-08-31
F395,Offboarding,HR & Payroll,APPROVED,people_lifecycle,PFD-BM-F395-1;PFD-BM-F395-2,ORACLE_HCM;ODOO_HR,2,HR-P11-BM-015-A;HR-P11-BM-015-B,,PASS,PASS,PASS,PASS,PASS_D_RELEVANCE_FROZEN,At least two independent official/primary sources are intentionally mapped to this feature; restricted-topic sources are only used for their applicable scope; non-authoritative legacy mappings are explicitly identified.,2026-08-31
F396,Employee self-service,HR & Payroll,APPROVED,people_lifecycle,PFD-BM-F396-1;PFD-BM-F396-2,ORACLE_HCM;ODOO_HR,2,HR-P11-BM-016-A,HR-P11-BM-016-B,PASS,PASS,PASS,PASS,PASS_D_RELEVANCE_FROZEN,At least two independent official/primary sources are intentionally mapped to this feature; restricted-topic sources are only used for their applicable scope; non-authoritative legacy mappings are explicitly identified.,2026-08-31
F397,Job openings,HR & Payroll,APPROVED,operational,PFD-BM-F397-1;PFD-BM-F397-2,ORACLE_HCM;ODOO_HR,2,HR-P11-BM-017-A;HR-P11-BM-017-B,,PASS,PASS,PASS,PASS,PASS_D_RELEVANCE_FROZEN,At least two independent official/primary sources are intentionally mapped to this feature; restricted-topic sources are only used for their applicable scope; non-authoritative legacy mappings are explicitly identified.,2026-08-31
F398,Candidates,HR & Payroll,APPROVED,people_lifecycle,PFD-BM-F398-1;PFD-BM-F398-2,ORACLE_HCM;ODOO_HR,2,HR-P11-BM-018-A;HR-P11-BM-018-B,,PASS,PASS,PASS,PASS,PASS_D_RELEVANCE_FROZEN,At least two independent official/primary sources are intentionally mapped to this feature; restricted-topic sources are only used for their applicable scope; non-authoritative legacy mappings are explicitly identified.,2026-08-31
F399,Recruitment pipeline,HR & Payroll,APPROVED,people_lifecycle,PFD-BM-F399-1;PFD-BM-F399-2,ORACLE_HCM;ODOO_HR,2,HR-P11-BM-019-A;HR-P11-BM-019-B,,PASS,PASS,PASS,PASS,PASS_D_RELEVANCE_FROZEN,At least two independent official/primary sources are intentionally mapped to this feature; restricted-topic sources are only used for their applicable scope; non-authoritative legacy mappings are explicitly identified.,2026-08-31
F400,Interviews,HR & Payroll,APPROVED,people_lifecycle,PFD-BM-F400-1;PFD-BM-F400-2,ORACLE_HCM;ODOO_HR,2,HR-P11-BM-020-A;HR-P11-BM-020-B,,PASS,PASS,PASS,PASS,PASS_D_RELEVANCE_FROZEN,At least two independent official/primary sources are intentionally mapped to this feature; restricted-topic sources are only used for their applicable scope; non-authoritative legacy mappings are explicitly identified.,2026-08-31
F401,Offers,HR & Payroll,APPROVED,people_lifecycle,PFD-BM-F401-1;PFD-BM-F401-2,ORACLE_HCM;ODOO_HR,2,HR-P11-BM-021-A;HR-P11-BM-021-B,,PASS,PASS,PASS,PASS,PASS_D_RELEVANCE_FROZEN,At least two independent official/primary sources are intentionally mapped to this feature; restricted-topic sources are only used for their applicable scope; non-authoritative legacy mappings are explicitly identified.,2026-08-31
F402,Candidate-to-employee conversion,HR & Payroll,APPROVED,people_lifecycle,PFD-BM-F402-1;PFD-BM-F402-2,ORACLE_HCM;ODOO_HR,2,HR-P11-BM-022-A;HR-P11-BM-022-B,,PASS,PASS,PASS,PASS,PASS_D_RELEVANCE_FROZEN,At least two independent official/primary sources are intentionally mapped to this feature; restricted-topic sources are only used for their applicable scope; non-authoritative legacy mappings are explicitly identified.,2026-08-31
F403,Shifts,HR & Payroll,APPROVED,workforce_time,PFD-BM-F403-1;PFD-BM-F403-2,ORACLE_HCM;ODOO_HR,2,HR-P11-BM-023-A;HR-P11-BM-023-B,,PASS,PASS,PASS,PASS,PASS_D_RELEVANCE_FROZEN,At least two independent official/primary sources are intentionally mapped to this feature; restricted-topic sources are only used for their applicable scope; non-authoritative legacy mappings are explicitly identified.,2026-08-31
F404,Attendance,HR & Payroll,APPROVED,workforce_time,PFD-BM-F404-1;PFD-BM-F404-2,ORACLE_HCM;ODOO_HR,2,HR-P11-BM-024-A;HR-P11-BM-024-B,,PASS,PASS,PASS,PASS,PASS_D_RELEVANCE_FROZEN,At least two independent official/primary sources are intentionally mapped to this feature; restricted-topic sources are only used for their applicable scope; non-authoritative legacy mappings are explicitly identified.,2026-08-31
F405,Check-in and check-out,HR & Payroll,APPROVED,workforce_time,PFD-BM-F405-1;PFD-BM-F405-2,ORACLE_HCM;ODOO_HR,2,HR-P11-BM-025-A;HR-P11-BM-025-B,,PASS,PASS,PASS,PASS,PASS_D_RELEVANCE_FROZEN,At least two independent official/primary sources are intentionally mapped to this feature; restricted-topic sources are only used for their applicable scope; non-authoritative legacy mappings are explicitly identified.,2026-08-31
F406,Late arrival,HR & Payroll,APPROVED,workforce_time,PFD-BM-F406-1;PFD-BM-F406-2,ORACLE_HCM;ODOO_HR,2,HR-P11-BM-026-A;HR-P11-BM-026-B,,PASS,PASS,PASS,PASS,PASS_D_RELEVANCE_FROZEN,At least two independent official/primary sources are intentionally mapped to this feature; restricted-topic sources are only used for their applicable scope; non-authoritative legacy mappings are explicitly identified.,2026-08-31
F407,Early exit,HR & Payroll,APPROVED,workforce_time,PFD-BM-F407-1;PFD-BM-F407-2,ORACLE_HCM;ODOO_HR,2,HR-P11-BM-027-A;HR-P11-BM-027-B,,PASS,PASS,PASS,PASS,PASS_D_RELEVANCE_FROZEN,At least two independent official/primary sources are intentionally mapped to this feature; restricted-topic sources are only used for their applicable scope; non-authoritative legacy mappings are explicitly identified.,2026-08-31
F408,Overtime,HR & Payroll,APPROVED,workforce_time,PFD-BM-F408-1;PFD-BM-F408-2,ORACLE_HCM;ODOO_HR,2,HR-P11-BM-028-A;HR-P11-BM-028-B,,PASS,PASS,PASS,PASS,PASS_D_RELEVANCE_FROZEN,At least two independent official/primary sources are intentionally mapped to this feature; restricted-topic sources are only used for their applicable scope; non-authoritative legacy mappings are explicitly identified.,2026-08-31
F409,Attendance regularization,HR & Payroll,APPROVED,decision,PFD-BM-F409-1;PFD-BM-F409-2,ORACLE_HCM;ODOO_HR,2,HR-P11-BM-029-A;HR-P11-BM-029-B,,PASS,PASS,PASS,PASS,PASS_D_RELEVANCE_FROZEN,At least two independent official/primary sources are intentionally mapped to this feature; restricted-topic sources are only used for their applicable scope; non-authoritative legacy mappings are explicitly identified.,2026-08-31
F410,Leave types,HR & Payroll,APPROVED,workforce_time,PFD-BM-F410-1;PFD-BM-F410-2,ORACLE_HCM;ODOO_HR,2,HR-P11-BM-030-A;HR-P11-BM-030-B,,PASS,PASS,PASS,PASS,PASS_D_RELEVANCE_FROZEN,At least two independent official/primary sources are intentionally mapped to this feature; restricted-topic sources are only used for their applicable scope; non-authoritative legacy mappings are explicitly identified.,2026-08-31
F411,Leave policies,HR & Payroll,APPROVED,workforce_time,PFD-BM-F411-1;PFD-BM-F411-2,ORACLE_HCM;ODOO_HR,2,HR-P11-BM-031-A;HR-P11-BM-031-B,,PASS,PASS,PASS,PASS,PASS_D_RELEVANCE_FROZEN,At least two independent official/primary sources are intentionally mapped to this feature; restricted-topic sources are only used for their applicable scope; non-authoritative legacy mappings are explicitly identified.,2026-08-31
F412,Leave balances,HR & Payroll,APPROVED,workforce_time,PFD-BM-F412-1;PFD-BM-F412-2,ORACLE_HCM;ODOO_HR,2,HR-P11-BM-032-A;HR-P11-BM-032-B,,PASS,PASS,PASS,PASS,PASS_D_RELEVANCE_FROZEN,At least two independent official/primary sources are intentionally mapped to this feature; restricted-topic sources are only used for their applicable scope; non-authoritative legacy mappings are explicitly identified.,2026-08-31
F413,Leave accrual,HR & Payroll,APPROVED,calculation,PFD-BM-F413-1;PFD-BM-F413-2,ORACLE_HCM;ODOO_HR,2,HR-P11-BM-033-A;HR-P11-BM-033-B,,PASS,PASS,PASS,PASS,PASS_D_RELEVANCE_FROZEN,At least two independent official/primary sources are intentionally mapped to this feature; restricted-topic sources are only used for their applicable scope; non-authoritative legacy mappings are explicitly identified.,2026-08-31
F414,Carry-forward,HR & Payroll,APPROVED,operational,PFD-BM-F414-1;PFD-BM-F414-2,ORACLE_HCM;ODOO_HR,2,HR-P11-BM-034-A;HR-P11-BM-034-B,,PASS,PASS,PASS,PASS,PASS_D_RELEVANCE_FROZEN,At least two independent official/primary sources are intentionally mapped to this feature; restricted-topic sources are only used for their applicable scope; non-authoritative legacy mappings are explicitly identified.,2026-08-31
F415,Holiday calendars,HR & Payroll,APPROVED,workforce_time,PFD-BM-F415-1;PFD-BM-F415-2,ORACLE_HCM;ODOO_HR,2,HR-P11-BM-035-A;HR-P11-BM-035-B,,PASS,PASS,PASS,PASS,PASS_D_RELEVANCE_FROZEN,At least two independent official/primary sources are intentionally mapped to this feature; restricted-topic sources are only used for their applicable scope; non-authoritative legacy mappings are explicitly identified.,2026-08-31
F416,Leave requests,HR & Payroll,APPROVED,workforce_time,PFD-BM-F416-1;PFD-BM-F416-2,ORACLE_HCM;ODOO_HR,2,HR-P11-BM-036-A;HR-P11-BM-036-B,,PASS,PASS,PASS,PASS,PASS_D_RELEVANCE_FROZEN,At least two independent official/primary sources are intentionally mapped to this feature; restricted-topic sources are only used for their applicable scope; non-authoritative legacy mappings are explicitly identified.,2026-08-31
F417,Leave approval,HR & Payroll,APPROVED,decision,PFD-BM-F417-1;PFD-BM-F417-2,ORACLE_HCM;ODOO_HR,2,HR-P11-BM-037-A;HR-P11-BM-037-B,,PASS,PASS,PASS,PASS,PASS_D_RELEVANCE_FROZEN,At least two independent official/primary sources are intentionally mapped to this feature; restricted-topic sources are only used for their applicable scope; non-authoritative legacy mappings are explicitly identified.,2026-08-31
F418,Salary components,HR & Payroll,APPROVED,operational,PFD-BM-F418-1;PFD-BM-F418-2,ORACLE_HCM;ODOO_HR,2,HR-P11-BM-038-A;HR-P11-BM-038-B,,PASS,PASS,PASS,PASS,PASS_D_RELEVANCE_FROZEN,At least two independent official/primary sources are intentionally mapped to this feature; restricted-topic sources are only used for their applicable scope; non-authoritative legacy mappings are explicitly identified.,2026-08-31
F419,Earnings,HR & Payroll,APPROVED,operational,PFD-BM-F419-1;PFD-BM-F419-2,ORACLE_HCM;ODOO_HR,2,HR-P11-BM-039-A;HR-P11-BM-039-B,,PASS,PASS,PASS,PASS,PASS_D_RELEVANCE_FROZEN,At least two independent official/primary sources are intentionally mapped to this feature; restricted-topic sources are only used for their applicable scope; non-authoritative legacy mappings are explicitly identified.,2026-08-31
F420,Deductions,HR & Payroll,APPROVED,operational,PFD-BM-F420-1;PFD-BM-F420-2,ORACLE_HCM;ODOO_HR,2,HR-P11-BM-040-A;HR-P11-BM-040-B,,PASS,PASS,PASS,PASS,PASS_D_RELEVANCE_FROZEN,At least two independent official/primary sources are intentionally mapped to this feature; restricted-topic sources are only used for their applicable scope; non-authoritative legacy mappings are explicitly identified.,2026-08-31
F421,Salary structures,HR & Payroll,APPROVED,operational,PFD-BM-F421-1;PFD-BM-F421-2,ORACLE_HCM;ODOO_HR,2,HR-P11-BM-041-A;HR-P11-BM-041-B,,PASS,PASS,PASS,PASS,PASS_D_RELEVANCE_FROZEN,At least two independent official/primary sources are intentionally mapped to this feature; restricted-topic sources are only used for their applicable scope; non-authoritative legacy mappings are explicitly identified.,2026-08-31
F422,Employee compensation assignment,HR & Payroll,APPROVED,decision,PFD-BM-F422-1;PFD-BM-F422-2,ORACLE_HCM;ODOO_HR,2,HR-P11-BM-042-A;HR-P11-BM-042-B,,PASS,PASS,PASS,PASS,PASS_D_RELEVANCE_FROZEN,At least two independent official/primary sources are intentionally mapped to this feature; restricted-topic sources are only used for their applicable scope; non-authoritative legacy mappings are explicitly identified.,2026-08-31
F423,Payroll periods,HR & Payroll,APPROVED,operational,PFD-BM-F423-1;PFD-BM-F423-2,ORACLE_HCM;ODOO_HR,2,HR-P11-BM-043-A;HR-P11-BM-043-B,,PASS,PASS,PASS,PASS,PASS_D_RELEVANCE_FROZEN,At least two independent official/primary sources are intentionally mapped to this feature; restricted-topic sources are only used for their applicable scope; non-authoritative legacy mappings are explicitly identified.,2026-08-31
F424,Payroll calculation,HR & Payroll,APPROVED,calculation,PFD-BM-F424-1;PFD-BM-F424-2,ORACLE_HCM;ODOO_HR,2,HR-P11-BM-044-A;HR-P11-BM-044-B,,PASS,PASS,PASS,PASS,PASS_D_RELEVANCE_FROZEN,At least two independent official/primary sources are intentionally mapped to this feature; restricted-topic sources are only used for their applicable scope; non-authoritative legacy mappings are explicitly identified.,2026-08-31
F425,Attendance-based payroll,HR & Payroll,APPROVED,workforce_time,PFD-BM-F425-1;PFD-BM-F425-2,ORACLE_HCM;ODOO_HR,2,HR-P11-BM-045-A;HR-P11-BM-045-B,,PASS,PASS,PASS,PASS,PASS_D_RELEVANCE_FROZEN,At least two independent official/primary sources are intentionally mapped to this feature; restricted-topic sources are only used for their applicable scope; non-authoritative legacy mappings are explicitly identified.,2026-08-31
F426,Joining / separation proration,HR & Payroll,APPROVED,calculation,PFD-BM-F426-1;PFD-BM-F426-2,ORACLE_HCM;ODOO_HR,2,HR-P11-BM-046-A;HR-P11-BM-046-B,,PASS,PASS,PASS,PASS,PASS_D_RELEVANCE_FROZEN,At least two independent official/primary sources are intentionally mapped to this feature; restricted-topic sources are only used for their applicable scope; non-authoritative legacy mappings are explicitly identified.,2026-08-31
F427,Overtime calculation,HR & Payroll,APPROVED,calculation,PFD-BM-F427-1;PFD-BM-F427-2,ORACLE_HCM;ODOO_HR,2,HR-P11-BM-047-A;HR-P11-BM-047-B,,PASS,PASS,PASS,PASS,PASS_D_RELEVANCE_FROZEN,At least two independent official/primary sources are intentionally mapped to this feature; restricted-topic sources are only used for their applicable scope; non-authoritative legacy mappings are explicitly identified.,2026-08-31
F428,Bonus,HR & Payroll,APPROVED,operational,PFD-BM-F428-1;PFD-BM-F428-2,ORACLE_HCM;ODOO_HR,2,HR-P11-BM-048-A;HR-P11-BM-048-B,,PASS,PASS,PASS,PASS,PASS_D_RELEVANCE_FROZEN,At least two independent official/primary sources are intentionally mapped to this feature; restricted-topic sources are only used for their applicable scope; non-authoritative legacy mappings are explicitly identified.,2026-08-31
F429,Incentives,HR & Payroll,APPROVED,operational,PFD-BM-F429-1;PFD-BM-F429-2,ORACLE_HCM;ODOO_HR,2,HR-P11-BM-049-A;HR-P11-BM-049-B,,PASS,PASS,PASS,PASS,PASS_D_RELEVANCE_FROZEN,At least two independent official/primary sources are intentionally mapped to this feature; restricted-topic sources are only used for their applicable scope; non-authoritative legacy mappings are explicitly identified.,2026-08-31
F430,Reimbursements,HR & Payroll,APPROVED,operational,PFD-BM-F430-1;PFD-BM-F430-2,ORACLE_HCM;ODOO_HR,2,HR-P11-BM-050-A;HR-P11-BM-050-B,,PASS,PASS,PASS,PASS,PASS_D_RELEVANCE_FROZEN,At least two independent official/primary sources are intentionally mapped to this feature; restricted-topic sources are only used for their applicable scope; non-authoritative legacy mappings are explicitly identified.,2026-08-31
F431,Loans and salary advances,HR & Payroll,APPROVED,money_movement,PFD-BM-F431-1;PFD-BM-F431-2,ORACLE_HCM;ODOO_HR,2,HR-P11-BM-051-A;HR-P11-BM-051-B,,PASS,PASS,PASS,PASS,PASS_D_RELEVANCE_FROZEN,At least two independent official/primary sources are intentionally mapped to this feature; restricted-topic sources are only used for their applicable scope; non-authoritative legacy mappings are explicitly identified.,2026-08-31
F432,Arrears,HR & Payroll,APPROVED,operational,PFD-BM-F432-1;PFD-BM-F432-2,ORACLE_HCM;ODOO_HR,2,HR-P11-BM-052-A;HR-P11-BM-052-B,,PASS,PASS,PASS,PASS,PASS_D_RELEVANCE_FROZEN,At least two independent official/primary sources are intentionally mapped to this feature; restricted-topic sources are only used for their applicable scope; non-authoritative legacy mappings are explicitly identified.,2026-08-31
F433,Final settlement,HR & Payroll,APPROVED,operational,PFD-BM-F433-1;PFD-BM-F433-2,ORACLE_HCM;ODOO_HR,2,HR-P11-BM-053-A;HR-P11-BM-053-B,,PASS,PASS,PASS,PASS,PASS_D_RELEVANCE_FROZEN,At least two independent official/primary sources are intentionally mapped to this feature; restricted-topic sources are only used for their applicable scope; non-authoritative legacy mappings are explicitly identified.,2026-08-31
F434,Payroll approval,HR & Payroll,APPROVED,decision,PFD-BM-F434-1;PFD-BM-F434-2,ORACLE_HCM;ODOO_HR,2,HR-P11-BM-054-A;HR-P11-BM-054-B,,PASS,PASS,PASS,PASS,PASS_D_RELEVANCE_FROZEN,At least two independent official/primary sources are intentionally mapped to this feature; restricted-topic sources are only used for their applicable scope; non-authoritative legacy mappings are explicitly identified.,2026-08-31
F435,Payslips,HR & Payroll,APPROVED,document,PFD-BM-F435-1;PFD-BM-F435-2,ORACLE_HCM;ODOO_HR,2,HR-P11-BM-055-A,HR-P11-BM-055-B,PASS,PASS,PASS,PASS,PASS_D_RELEVANCE_FROZEN,At least two independent official/primary sources are intentionally mapped to this feature; restricted-topic sources are only used for their applicable scope; non-authoritative legacy mappings are explicitly identified.,2026-08-31
F436,Bank-transfer file,HR & Payroll,APPROVED,money_movement,PFD-BM-F436-1;PFD-BM-F436-2,ORACLE_HCM;ODOO_HR,2,HR-P11-BM-056-A;HR-P11-BM-056-B,,PASS,PASS,PASS,PASS,PASS_D_RELEVANCE_FROZEN,At least two independent official/primary sources are intentionally mapped to this feature; restricted-topic sources are only used for their applicable scope; non-authoritative legacy mappings are explicitly identified.,2026-08-31
F437,Payroll accounting posting,HR & Payroll,APPROVED,operational,PFD-BM-F437-1;PFD-BM-F437-2,ORACLE_HCM;ODOO_HR,2,HR-P11-BM-057-A;HR-P11-BM-057-B,,PASS,PASS,PASS,PASS,PASS_D_RELEVANCE_FROZEN,At least two independent official/primary sources are intentionally mapped to this feature; restricted-topic sources are only used for their applicable scope; non-authoritative legacy mappings are explicitly identified.,2026-08-31
F438,Payroll reconciliation,HR & Payroll,APPROVED,money_movement,PFD-BM-F438-1;PFD-BM-F438-2,ORACLE_HCM;ODOO_HR,2,HR-P11-BM-058-A;HR-P11-BM-058-B,,PASS,PASS,PASS,PASS,PASS_D_RELEVANCE_FROZEN,At least two independent official/primary sources are intentionally mapped to this feature; restricted-topic sources are only used for their applicable scope; non-authoritative legacy mappings are explicitly identified.,2026-08-31
F439,Provident Fund (PF),HR & Payroll,APPROVED,calculation,PFD-BM-F439-1;PFD-BM-F439-2,ORACLE_HCM;EPFO,2,HR-P11-BM-059-A;HR-P11-BM-059-B,,PASS,PASS,PASS,PASS,PASS_D_RELEVANCE_FROZEN,At least two independent official/primary sources are intentionally mapped to this feature; restricted-topic sources are only used for their applicable scope; non-authoritative legacy mappings are explicitly identified.,2026-08-31
F440,ESIC,HR & Payroll,APPROVED,calculation,PFD-BM-F440-1;PFD-BM-F440-2,ORACLE_HCM;ESIC,2,HR-P11-BM-060-A;HR-P11-BM-060-B,,PASS,PASS,PASS,PASS,PASS_D_RELEVANCE_FROZEN,At least two independent official/primary sources are intentionally mapped to this feature; restricted-topic sources are only used for their applicable scope; non-authoritative legacy mappings are explicitly identified.,2026-08-31
F441,Professional Tax,HR & Payroll,APPROVED,calculation,PFD-BM-F441-1;PFD-BM-F441-2,ORACLE_HCM;LABOUR,2,HR-P11-BM-061-B,HR-P11-BM-061-A,PASS,PASS,PASS,PASS,PASS_D_RELEVANCE_FROZEN,At least two independent official/primary sources are intentionally mapped to this feature; restricted-topic sources are only used for their applicable scope; non-authoritative legacy mappings are explicitly identified.,2026-08-31
F442,TDS,HR & Payroll,APPROVED,calculation,PFD-BM-F442-1;PFD-BM-F442-2,ORACLE_HCM;INCOME_TAX,2,HR-P11-BM-062-A;HR-P11-BM-062-B,,PASS,PASS,PASS,PASS,PASS_D_RELEVANCE_FROZEN,At least two independent official/primary sources are intentionally mapped to this feature; restricted-topic sources are only used for their applicable scope; non-authoritative legacy mappings are explicitly identified.,2026-08-31
F443,Labour Welfare Fund where applicable,HR & Payroll,APPROVED,operational,PFD-BM-F443-1;PFD-BM-F443-2,ORACLE_HCM;LABOUR,2,HR-P11-BM-063-B,HR-P11-BM-063-A,PASS,PASS,PASS,PASS,PASS_D_RELEVANCE_FROZEN,At least two independent official/primary sources are intentionally mapped to this feature; restricted-topic sources are only used for their applicable scope; non-authoritative legacy mappings are explicitly identified.,2026-08-31
F444,Gratuity,HR & Payroll,APPROVED,calculation,PFD-BM-F444-1;PFD-BM-F444-2,ORACLE_HCM;LABOUR,2,HR-P11-BM-064-B,HR-P11-BM-064-A,PASS,PASS,PASS,PASS,PASS_D_RELEVANCE_FROZEN,At least two independent official/primary sources are intentionally mapped to this feature; restricted-topic sources are only used for their applicable scope; non-authoritative legacy mappings are explicitly identified.,2026-08-31
F445,Statutory reports,HR & Payroll,APPROVED,analytics,PFD-BM-F445-1;PFD-BM-F445-2,ORACLE_HCM;EPFO,2,HR-P11-BM-065-A;HR-P11-BM-065-B,,PASS,PASS,PASS,PASS,PASS_D_RELEVANCE_FROZEN,At least two independent official/primary sources are intentionally mapped to this feature; restricted-topic sources are only used for their applicable scope; non-authoritative legacy mappings are explicitly identified.,2026-08-31
F446,State-specific statutory configuration,HR & Payroll,APPROVED,operational,PFD-BM-F446-1;PFD-BM-F446-2,ORACLE_HCM;INCOME_TAX,2,HR-P11-BM-066-B,HR-P11-BM-066-A,PASS,PASS,PASS,PASS,PASS_D_RELEVANCE_FROZEN,At least two independent official/primary sources are intentionally mapped to this feature; restricted-topic sources are only used for their applicable scope; non-authoritative legacy mappings are explicitly identified.,2026-08-31
F447,Payroll compliance reports,HR & Payroll,APPROVED,analytics,PFD-BM-F447-1;PFD-BM-F447-2,ORACLE_HCM;EPFO,2,HR-P11-BM-067-A;HR-P11-BM-067-B,,PASS,PASS,PASS,PASS,PASS_D_RELEVANCE_FROZEN,At least two independent official/primary sources are intentionally mapped to this feature; restricted-topic sources are only used for their applicable scope; non-authoritative legacy mappings are explicitly identified.,2026-08-31
F448,Goals,HR & Payroll,APPROVED,operational,PFD-BM-F448-1;PFD-BM-F448-2,ORACLE_HCM;ODOO_HR,2,HR-P11-BM-068-A,HR-P11-BM-068-B,PASS,PASS,PASS,PASS,PASS_D_RELEVANCE_FROZEN,At least two independent official/primary sources are intentionally mapped to this feature; restricted-topic sources are only used for their applicable scope; non-authoritative legacy mappings are explicitly identified.,2026-08-31
F449,Appraisals,HR & Payroll,APPROVED,operational,PFD-BM-F449-1;PFD-BM-F449-2,ORACLE_HCM;ODOO_HR,2,HR-P11-BM-069-A,HR-P11-BM-069-B,PASS,PASS,PASS,PASS,PASS_D_RELEVANCE_FROZEN,At least two independent official/primary sources are intentionally mapped to this feature; restricted-topic sources are only used for their applicable scope; non-authoritative legacy mappings are explicitly identified.,2026-08-31
F450,Performance reviews,HR & Payroll,APPROVED,operational,PFD-BM-F450-1;PFD-BM-F450-2,ORACLE_HCM;ODOO_HR,2,HR-P11-BM-070-A,HR-P11-BM-070-B,PASS,PASS,PASS,PASS,PASS_D_RELEVANCE_FROZEN,At least two independent official/primary sources are intentionally mapped to this feature; restricted-topic sources are only used for their applicable scope; non-authoritative legacy mappings are explicitly identified.,2026-08-31
F451,Skills,HR & Payroll,APPROVED,operational,PFD-BM-F451-1;PFD-BM-F451-2,ORACLE_HCM;ODOO_HR,2,HR-P11-BM-071-A,HR-P11-BM-071-B,PASS,PASS,PASS,PASS,PASS_D_RELEVANCE_FROZEN,At least two independent official/primary sources are intentionally mapped to this feature; restricted-topic sources are only used for their applicable scope; non-authoritative legacy mappings are explicitly identified.,2026-08-31
F452,Training,HR & Payroll,APPROVED,operational,PFD-BM-F452-1;PFD-BM-F452-2,ORACLE_HCM;ODOO_HR,2,HR-P11-BM-072-A,HR-P11-BM-072-B,PASS,PASS,PASS,PASS,PASS_D_RELEVANCE_FROZEN,At least two independent official/primary sources are intentionally mapped to this feature; restricted-topic sources are only used for their applicable scope; non-authoritative legacy mappings are explicitly identified.,2026-08-31
F453,Chart of Accounts,Accounting / Finance,APPROVED,operational,PFD-BM-F453-1;PFD-BM-F453-2,MS_FIN;ORACLE_FIN,2,ACC-P12-BM-001-A;ACC-P12-BM-001-B,,PASS,PASS,PASS,PASS,PASS_D_RELEVANCE_FROZEN,At least two independent official/primary sources are intentionally mapped to this feature; restricted-topic sources are only used for their applicable scope; non-authoritative legacy mappings are explicitly identified.,2026-08-31
F454,General Ledger,Accounting / Finance,APPROVED,operational,PFD-BM-F454-1;PFD-BM-F454-2,MS_FIN;ORACLE_FIN,2,ACC-P12-BM-002-A;ACC-P12-BM-002-B,,PASS,PASS,PASS,PASS,PASS_D_RELEVANCE_FROZEN,At least two independent official/primary sources are intentionally mapped to this feature; restricted-topic sources are only used for their applicable scope; non-authoritative legacy mappings are explicitly identified.,2026-08-31
F455,Journal entries,Accounting / Finance,APPROVED,operational,PFD-BM-F455-1;PFD-BM-F455-2,MS_FIN;ORACLE_FIN,2,ACC-P12-BM-003-A;ACC-P12-BM-003-B,,PASS,PASS,PASS,PASS,PASS_D_RELEVANCE_FROZEN,At least two independent official/primary sources are intentionally mapped to this feature; restricted-topic sources are only used for their applicable scope; non-authoritative legacy mappings are explicitly identified.,2026-08-31
F456,Double-entry enforcement,Accounting / Finance,APPROVED,operational,PFD-BM-F456-1;PFD-BM-F456-2,MS_FIN;ORACLE_FIN,2,ACC-P12-BM-004-A;ACC-P12-BM-004-B,,PASS,PASS,PASS,PASS,PASS_D_RELEVANCE_FROZEN,At least two independent official/primary sources are intentionally mapped to this feature; restricted-topic sources are only used for their applicable scope; non-authoritative legacy mappings are explicitly identified.,2026-08-31
F457,Fiscal years,Accounting / Finance,APPROVED,operational,PFD-BM-F457-1;PFD-BM-F457-2,MS_FIN;ORACLE_FIN,2,ACC-P12-BM-005-A;ACC-P12-BM-005-B,,PASS,PASS,PASS,PASS,PASS_D_RELEVANCE_FROZEN,At least two independent official/primary sources are intentionally mapped to this feature; restricted-topic sources are only used for their applicable scope; non-authoritative legacy mappings are explicitly identified.,2026-08-31
F458,Accounting periods,Accounting / Finance,APPROVED,operational,PFD-BM-F458-1;PFD-BM-F458-2,MS_FIN;ORACLE_FIN,2,ACC-P12-BM-006-A;ACC-P12-BM-006-B,,PASS,PASS,PASS,PASS,PASS_D_RELEVANCE_FROZEN,At least two independent official/primary sources are intentionally mapped to this feature; restricted-topic sources are only used for their applicable scope; non-authoritative legacy mappings are explicitly identified.,2026-08-31
F459,Period locks,Accounting / Finance,APPROVED,operational,PFD-BM-F459-1;PFD-BM-F459-2,MS_FIN;ORACLE_FIN,2,ACC-P12-BM-007-A;ACC-P12-BM-007-B,,PASS,PASS,PASS,PASS,PASS_D_RELEVANCE_FROZEN,At least two independent official/primary sources are intentionally mapped to this feature; restricted-topic sources are only used for their applicable scope; non-authoritative legacy mappings are explicitly identified.,2026-08-31
F460,Cost centres,Accounting / Finance,APPROVED,calculation,PFD-BM-F460-1;PFD-BM-F460-2,MS_FIN;ORACLE_FIN,2,ACC-P12-BM-008-A;ACC-P12-BM-008-B,,PASS,PASS,PASS,PASS,PASS_D_RELEVANCE_FROZEN,At least two independent official/primary sources are intentionally mapped to this feature; restricted-topic sources are only used for their applicable scope; non-authoritative legacy mappings are explicitly identified.,2026-08-31
F461,Departments / financial dimensions,Accounting / Finance,APPROVED,master_config,PFD-BM-F461-1;PFD-BM-F461-2,MS_FIN;ORACLE_FIN,2,ACC-P12-BM-009-A;ACC-P12-BM-009-B,,PASS,PASS,PASS,PASS,PASS_D_RELEVANCE_FROZEN,At least two independent official/primary sources are intentionally mapped to this feature; restricted-topic sources are only used for their applicable scope; non-authoritative legacy mappings are explicitly identified.,2026-08-31
F462,Custom accounting dimensions,Accounting / Finance,APPROVED,operational,PFD-BM-F462-1;PFD-BM-F462-2,MS_FIN;ORACLE_FIN,2,ACC-P12-BM-010-A;ACC-P12-BM-010-B,,PASS,PASS,PASS,PASS,PASS_D_RELEVANCE_FROZEN,At least two independent official/primary sources are intentionally mapped to this feature; restricted-topic sources are only used for their applicable scope; non-authoritative legacy mappings are explicitly identified.,2026-08-31
F463,Customer invoices,Accounting / Finance,APPROVED,document,PFD-BM-F463-1;PFD-BM-F463-2,MS_FIN;ORACLE_FIN,2,ACC-P12-BM-011-A;ACC-P12-BM-011-B,,PASS,PASS,PASS,PASS,PASS_D_RELEVANCE_FROZEN,At least two independent official/primary sources are intentionally mapped to this feature; restricted-topic sources are only used for their applicable scope; non-authoritative legacy mappings are explicitly identified.,2026-08-31
F464,Credit notes,Accounting / Finance,APPROVED,document,PFD-BM-F464-1;PFD-BM-F464-2,MS_FIN;ORACLE_FIN,2,ACC-P12-BM-012-A;ACC-P12-BM-012-B,,PASS,PASS,PASS,PASS,PASS_D_RELEVANCE_FROZEN,At least two independent official/primary sources are intentionally mapped to this feature; restricted-topic sources are only used for their applicable scope; non-authoritative legacy mappings are explicitly identified.,2026-08-31
F465,Customer receipts,Accounting / Finance,APPROVED,operational,PFD-BM-F465-1;PFD-BM-F465-2,MS_FIN;ORACLE_FIN,2,ACC-P12-BM-013-A;ACC-P12-BM-013-B,,PASS,PASS,PASS,PASS,PASS_D_RELEVANCE_FROZEN,At least two independent official/primary sources are intentionally mapped to this feature; restricted-topic sources are only used for their applicable scope; non-authoritative legacy mappings are explicitly identified.,2026-08-31
F466,Payment allocation,Accounting / Finance,APPROVED,money_movement,PFD-BM-F466-1;PFD-BM-F466-2,MS_FIN;ORACLE_FIN,2,ACC-P12-BM-014-A;ACC-P12-BM-014-B,,PASS,PASS,PASS,PASS,PASS_D_RELEVANCE_FROZEN,At least two independent official/primary sources are intentionally mapped to this feature; restricted-topic sources are only used for their applicable scope; non-authoritative legacy mappings are explicitly identified.,2026-08-31
F467,Outstanding balances,Accounting / Finance,APPROVED,operational,PFD-BM-F467-1;PFD-BM-F467-2,MS_FIN;ORACLE_FIN,2,ACC-P12-BM-015-A;ACC-P12-BM-015-B,,PASS,PASS,PASS,PASS,PASS_D_RELEVANCE_FROZEN,At least two independent official/primary sources are intentionally mapped to this feature; restricted-topic sources are only used for their applicable scope; non-authoritative legacy mappings are explicitly identified.,2026-08-31
F468,AR aging,Accounting / Finance,APPROVED,operational,PFD-BM-F468-1;PFD-BM-F468-2,MS_FIN;ORACLE_FIN,2,ACC-P12-BM-016-A;ACC-P12-BM-016-B,,PASS,PASS,PASS,PASS,PASS_D_RELEVANCE_FROZEN,At least two independent official/primary sources are intentionally mapped to this feature; restricted-topic sources are only used for their applicable scope; non-authoritative legacy mappings are explicitly identified.,2026-08-31
F469,Customer statements,Accounting / Finance,APPROVED,operational,PFD-BM-F469-1;PFD-BM-F469-2,MS_FIN;ORACLE_FIN,2,ACC-P12-BM-017-A;ACC-P12-BM-017-B,,PASS,PASS,PASS,PASS,PASS_D_RELEVANCE_FROZEN,At least two independent official/primary sources are intentionally mapped to this feature; restricted-topic sources are only used for their applicable scope; non-authoritative legacy mappings are explicitly identified.,2026-08-31
F470,Credit control,Accounting / Finance,APPROVED,operational,PFD-BM-F470-1;PFD-BM-F470-2,MS_FIN;ORACLE_FIN,2,ACC-P12-BM-018-A;ACC-P12-BM-018-B,,PASS,PASS,PASS,PASS,PASS_D_RELEVANCE_FROZEN,At least two independent official/primary sources are intentionally mapped to this feature; restricted-topic sources are only used for their applicable scope; non-authoritative legacy mappings are explicitly identified.,2026-08-31
F471,Supplier invoices,Accounting / Finance,APPROVED,document,PFD-BM-F471-1;PFD-BM-F471-2,MS_FIN;ORACLE_FIN,2,ACC-P12-BM-019-A;ACC-P12-BM-019-B,,PASS,PASS,PASS,PASS,PASS_D_RELEVANCE_FROZEN,At least two independent official/primary sources are intentionally mapped to this feature; restricted-topic sources are only used for their applicable scope; non-authoritative legacy mappings are explicitly identified.,2026-08-31
F472,Debit notes,Accounting / Finance,APPROVED,operational,PFD-BM-F472-1;PFD-BM-F472-2,MS_FIN;ORACLE_FIN,2,ACC-P12-BM-020-A;ACC-P12-BM-020-B,,PASS,PASS,PASS,PASS,PASS_D_RELEVANCE_FROZEN,At least two independent official/primary sources are intentionally mapped to this feature; restricted-topic sources are only used for their applicable scope; non-authoritative legacy mappings are explicitly identified.,2026-08-31
F473,Supplier payments,Accounting / Finance,APPROVED,money_movement,PFD-BM-F473-1;PFD-BM-F473-2,MS_FIN;ORACLE_FIN,2,ACC-P12-BM-021-A;ACC-P12-BM-021-B,,PASS,PASS,PASS,PASS,PASS_D_RELEVANCE_FROZEN,At least two independent official/primary sources are intentionally mapped to this feature; restricted-topic sources are only used for their applicable scope; non-authoritative legacy mappings are explicitly identified.,2026-08-31
F474,Supplier payment allocation,Accounting / Finance,APPROVED,money_movement,PFD-BM-F474-1;PFD-BM-F474-2,MS_FIN;ORACLE_FIN,2,ACC-P12-BM-022-A;ACC-P12-BM-022-B,,PASS,PASS,PASS,PASS,PASS_D_RELEVANCE_FROZEN,At least two independent official/primary sources are intentionally mapped to this feature; restricted-topic sources are only used for their applicable scope; non-authoritative legacy mappings are explicitly identified.,2026-08-31
F475,AP aging,Accounting / Finance,APPROVED,operational,PFD-BM-F475-1;PFD-BM-F475-2,MS_FIN;ORACLE_FIN,2,ACC-P12-BM-023-A;ACC-P12-BM-023-B,,PASS,PASS,PASS,PASS,PASS_D_RELEVANCE_FROZEN,At least two independent official/primary sources are intentionally mapped to this feature; restricted-topic sources are only used for their applicable scope; non-authoritative legacy mappings are explicitly identified.,2026-08-31
F476,Bank accounts,Accounting / Finance,APPROVED,money_movement,PFD-BM-F476-1;PFD-BM-F476-2,MS_FIN;ORACLE_FIN,2,ACC-P12-BM-024-A;ACC-P12-BM-024-B,,PASS,PASS,PASS,PASS,PASS_D_RELEVANCE_FROZEN,At least two independent official/primary sources are intentionally mapped to this feature; restricted-topic sources are only used for their applicable scope; non-authoritative legacy mappings are explicitly identified.,2026-08-31
F477,Cash accounts,Accounting / Finance,APPROVED,operational,PFD-BM-F477-1;PFD-BM-F477-2,MS_FIN;ORACLE_FIN,2,ACC-P12-BM-025-A;ACC-P12-BM-025-B,,PASS,PASS,PASS,PASS,PASS_D_RELEVANCE_FROZEN,At least two independent official/primary sources are intentionally mapped to this feature; restricted-topic sources are only used for their applicable scope; non-authoritative legacy mappings are explicitly identified.,2026-08-31
F478,Bank transactions,Accounting / Finance,APPROVED,money_movement,PFD-BM-F478-1;PFD-BM-F478-2,MS_FIN;ORACLE_FIN,2,ACC-P12-BM-026-A;ACC-P12-BM-026-B,,PASS,PASS,PASS,PASS,PASS_D_RELEVANCE_FROZEN,At least two independent official/primary sources are intentionally mapped to this feature; restricted-topic sources are only used for their applicable scope; non-authoritative legacy mappings are explicitly identified.,2026-08-31
F479,Bank reconciliation,Accounting / Finance,APPROVED,money_movement,PFD-BM-F479-1;PFD-BM-F479-2,MS_FIN;ORACLE_FIN,2,ACC-P12-BM-027-A;ACC-P12-BM-027-B,,PASS,PASS,PASS,PASS,PASS_D_RELEVANCE_FROZEN,At least two independent official/primary sources are intentionally mapped to this feature; restricted-topic sources are only used for their applicable scope; non-authoritative legacy mappings are explicitly identified.,2026-08-31
F480,Payment reconciliation,Accounting / Finance,APPROVED,money_movement,PFD-BM-F480-1;PFD-BM-F480-2,MS_FIN;GST,2,ACC-P12-BM-028-A;ACC-P12-BM-028-B,,PASS,PASS,PASS,PASS,PASS_D_RELEVANCE_FROZEN,At least two independent official/primary sources are intentionally mapped to this feature; restricted-topic sources are only used for their applicable scope; non-authoritative legacy mappings are explicitly identified.,2026-08-31
F481,Tax codes,Accounting / Finance,APPROVED,calculation,PFD-BM-F481-1;PFD-BM-F481-2,MS_FIN;GST,2,ACC-P12-BM-029-A;ACC-P12-BM-029-B,,PASS,PASS,PASS,PASS,PASS_D_RELEVANCE_FROZEN,At least two independent official/primary sources are intentionally mapped to this feature; restricted-topic sources are only used for their applicable scope; non-authoritative legacy mappings are explicitly identified.,2026-08-31
F482,Tax calculation,Accounting / Finance,APPROVED,calculation,PFD-BM-F482-1;PFD-BM-F482-2,MS_FIN;GST,2,ACC-P12-BM-030-A;ACC-P12-BM-030-B,,PASS,PASS,PASS,PASS,PASS_D_RELEVANCE_FROZEN,At least two independent official/primary sources are intentionally mapped to this feature; restricted-topic sources are only used for their applicable scope; non-authoritative legacy mappings are explicitly identified.,2026-08-31
F483,GST,Accounting / Finance,APPROVED,operational,PFD-BM-F483-1;PFD-BM-F483-2,MS_FIN;GST,2,ACC-P12-BM-031-A;ACC-P12-BM-031-B,,PASS,PASS,PASS,PASS,PASS_D_RELEVANCE_FROZEN,At least two independent official/primary sources are intentionally mapped to this feature; restricted-topic sources are only used for their applicable scope; non-authoritative legacy mappings are explicitly identified.,2026-08-31
F484,CGST / SGST / IGST,Accounting / Finance,APPROVED,operational,PFD-BM-F484-1;PFD-BM-F484-2,MS_FIN;GST,2,ACC-P12-BM-032-A;ACC-P12-BM-032-B,,PASS,PASS,PASS,PASS,PASS_D_RELEVANCE_FROZEN,At least two independent official/primary sources are intentionally mapped to this feature; restricted-topic sources are only used for their applicable scope; non-authoritative legacy mappings are explicitly identified.,2026-08-31
F485,TDS,Accounting / Finance,APPROVED,calculation,PFD-BM-F485-1;PFD-BM-F485-2,MS_FIN;GST,2,ACC-P12-BM-033-B,ACC-P12-BM-033-A,PASS,PASS,PASS,PASS,PASS_D_RELEVANCE_FROZEN,At least two independent official/primary sources are intentionally mapped to this feature; restricted-topic sources are only used for their applicable scope; non-authoritative legacy mappings are explicitly identified.,2026-08-31
F486,TCS,Accounting / Finance,APPROVED,operational,PFD-BM-F486-1;PFD-BM-F486-2,MS_FIN;GST,2,ACC-P12-BM-034-B,ACC-P12-BM-034-A,PASS,PASS,PASS,PASS,PASS_D_RELEVANCE_FROZEN,At least two independent official/primary sources are intentionally mapped to this feature; restricted-topic sources are only used for their applicable scope; non-authoritative legacy mappings are explicitly identified.,2026-08-31
F487,Tax reports,Accounting / Finance,APPROVED,analytics,PFD-BM-F487-1;PFD-BM-F487-2,MS_FIN;GST,2,ACC-P12-BM-035-A;ACC-P12-BM-035-B,,PASS,PASS,PASS,PASS,PASS_D_RELEVANCE_FROZEN,At least two independent official/primary sources are intentionally mapped to this feature; restricted-topic sources are only used for their applicable scope; non-authoritative legacy mappings are explicitly identified.,2026-08-31
F488,Budgets,Accounting / Finance,APPROVED,operational,PFD-BM-F488-1;PFD-BM-F488-2,MS_FIN;GST,2,ACC-P12-BM-036-A;ACC-P12-BM-036-B,,PASS,PASS,PASS,PASS,PASS_D_RELEVANCE_FROZEN,At least two independent official/primary sources are intentionally mapped to this feature; restricted-topic sources are only used for their applicable scope; non-authoritative legacy mappings are explicitly identified.,2026-08-31
F489,Budget vs actual,Accounting / Finance,APPROVED,operational,PFD-BM-F489-1;PFD-BM-F489-2,MS_FIN;INCOME_TAX,2,ACC-P12-BM-037-A;ACC-P12-BM-037-B,,PASS,PASS,PASS,PASS,PASS_D_RELEVANCE_FROZEN,At least two independent official/primary sources are intentionally mapped to this feature; restricted-topic sources are only used for their applicable scope; non-authoritative legacy mappings are explicitly identified.,2026-08-31
F490,Recurring journals,Accounting / Finance,APPROVED,operational,PFD-BM-F490-1;PFD-BM-F490-2,MS_FIN;INCOME_TAX,2,ACC-P12-BM-038-A;ACC-P12-BM-038-B,,PASS,PASS,PASS,PASS,PASS_D_RELEVANCE_FROZEN,At least two independent official/primary sources are intentionally mapped to this feature; restricted-topic sources are only used for their applicable scope; non-authoritative legacy mappings are explicitly identified.,2026-08-31
F491,Accruals,Accounting / Finance,APPROVED,calculation,PFD-BM-F491-1;PFD-BM-F491-2,MS_FIN;INCOME_TAX,2,ACC-P12-BM-039-A;ACC-P12-BM-039-B,,PASS,PASS,PASS,PASS,PASS_D_RELEVANCE_FROZEN,At least two independent official/primary sources are intentionally mapped to this feature; restricted-topic sources are only used for their applicable scope; non-authoritative legacy mappings are explicitly identified.,2026-08-31
F492,Deferrals and prepayments,Accounting / Finance,APPROVED,money_movement,PFD-BM-F492-1;PFD-BM-F492-2,MS_FIN;INCOME_TAX,2,ACC-P12-BM-040-A;ACC-P12-BM-040-B,,PASS,PASS,PASS,PASS,PASS_D_RELEVANCE_FROZEN,At least two independent official/primary sources are intentionally mapped to this feature; restricted-topic sources are only used for their applicable scope; non-authoritative legacy mappings are explicitly identified.,2026-08-31
F493,Revenue recognition,Accounting / Finance,APPROVED,calculation,PFD-BM-F493-1;PFD-BM-F493-2,MS_FIN;INCOME_TAX,2,ACC-P12-BM-041-A;ACC-P12-BM-041-B,,PASS,PASS,PASS,PASS,PASS_D_RELEVANCE_FROZEN,At least two independent official/primary sources are intentionally mapped to this feature; restricted-topic sources are only used for their applicable scope; non-authoritative legacy mappings are explicitly identified.,2026-08-31
F494,Multi-currency,Accounting / Finance,APPROVED,operational,PFD-BM-F494-1;PFD-BM-F494-2,MS_FIN;ORACLE_FIN,2,ACC-P12-BM-042-A;ACC-P12-BM-042-B,,PASS,PASS,PASS,PASS,PASS_D_RELEVANCE_FROZEN,At least two independent official/primary sources are intentionally mapped to this feature; restricted-topic sources are only used for their applicable scope; non-authoritative legacy mappings are explicitly identified.,2026-08-31
F495,Exchange rates,Accounting / Finance,APPROVED,operational,PFD-BM-F495-1;PFD-BM-F495-2,MS_FIN;ORACLE_FIN,2,ACC-P12-BM-043-A;ACC-P12-BM-043-B,,PASS,PASS,PASS,PASS,PASS_D_RELEVANCE_FROZEN,At least two independent official/primary sources are intentionally mapped to this feature; restricted-topic sources are only used for their applicable scope; non-authoritative legacy mappings are explicitly identified.,2026-08-31
F496,FX gains and losses,Accounting / Finance,APPROVED,operational,PFD-BM-F496-1;PFD-BM-F496-2,MS_FIN;ORACLE_FIN,2,ACC-P12-BM-044-A;ACC-P12-BM-044-B,,PASS,PASS,PASS,PASS,PASS_D_RELEVANCE_FROZEN,At least two independent official/primary sources are intentionally mapped to this feature; restricted-topic sources are only used for their applicable scope; non-authoritative legacy mappings are explicitly identified.,2026-08-31
F497,Intercompany,Accounting / Finance,APPROVED,operational,PFD-BM-F497-1;PFD-BM-F497-2,MS_FIN;ORACLE_FIN,2,ACC-P12-BM-045-A;ACC-P12-BM-045-B,,PASS,PASS,PASS,PASS,PASS_D_RELEVANCE_FROZEN,At least two independent official/primary sources are intentionally mapped to this feature; restricted-topic sources are only used for their applicable scope; non-authoritative legacy mappings are explicitly identified.,2026-08-31
F498,Multi-company,Accounting / Finance,APPROVED,operational,PFD-BM-F498-1;PFD-BM-F498-2,MS_FIN;ORACLE_FIN,2,ACC-P12-BM-046-A;ACC-P12-BM-046-B,,PASS,PASS,PASS,PASS,PASS_D_RELEVANCE_FROZEN,At least two independent official/primary sources are intentionally mapped to this feature; restricted-topic sources are only used for their applicable scope; non-authoritative legacy mappings are explicitly identified.,2026-08-31
F499,Consolidation,Accounting / Finance,APPROVED,operational,PFD-BM-F499-1;PFD-BM-F499-2,MS_FIN;ORACLE_FIN,2,ACC-P12-BM-047-A;ACC-P12-BM-047-B,,PASS,PASS,PASS,PASS,PASS_D_RELEVANCE_FROZEN,At least two independent official/primary sources are intentionally mapped to this feature; restricted-topic sources are only used for their applicable scope; non-authoritative legacy mappings are explicitly identified.,2026-08-31
F500,Financial close,Accounting / Finance,APPROVED,operational,PFD-BM-F500-1;PFD-BM-F500-2,MS_FIN;ORACLE_FIN,2,ACC-P12-BM-048-A;ACC-P12-BM-048-B,,PASS,PASS,PASS,PASS,PASS_D_RELEVANCE_FROZEN,At least two independent official/primary sources are intentionally mapped to this feature; restricted-topic sources are only used for their applicable scope; non-authoritative legacy mappings are explicitly identified.,2026-08-31
F501,Trial balance,Accounting / Finance,APPROVED,operational,PFD-BM-F501-1;PFD-BM-F501-2,MS_FIN;ORACLE_FIN,2,ACC-P12-BM-049-A;ACC-P12-BM-049-B,,PASS,PASS,PASS,PASS,PASS_D_RELEVANCE_FROZEN,At least two independent official/primary sources are intentionally mapped to this feature; restricted-topic sources are only used for their applicable scope; non-authoritative legacy mappings are explicitly identified.,2026-08-31
F502,Profit & Loss,Accounting / Finance,APPROVED,operational,PFD-BM-F502-1;PFD-BM-F502-2,MS_FIN;ORACLE_FIN,2,ACC-P12-BM-050-A;ACC-P12-BM-050-B,,PASS,PASS,PASS,PASS,PASS_D_RELEVANCE_FROZEN,At least two independent official/primary sources are intentionally mapped to this feature; restricted-topic sources are only used for their applicable scope; non-authoritative legacy mappings are explicitly identified.,2026-08-31
F503,Balance Sheet,Accounting / Finance,APPROVED,operational,PFD-BM-F503-1;PFD-BM-F503-2,MS_FIN;ORACLE_FIN,2,ACC-P12-BM-051-A;ACC-P12-BM-051-B,,PASS,PASS,PASS,PASS,PASS_D_RELEVANCE_FROZEN,At least two independent official/primary sources are intentionally mapped to this feature; restricted-topic sources are only used for their applicable scope; non-authoritative legacy mappings are explicitly identified.,2026-08-31
F504,Cash Flow Statement,Accounting / Finance,APPROVED,operational,PFD-BM-F504-1;PFD-BM-F504-2,MS_FIN;ORACLE_FIN,2,ACC-P12-BM-052-A;ACC-P12-BM-052-B,,PASS,PASS,PASS,PASS,PASS_D_RELEVANCE_FROZEN,At least two independent official/primary sources are intentionally mapped to this feature; restricted-topic sources are only used for their applicable scope; non-authoritative legacy mappings are explicitly identified.,2026-08-31
F505,General Ledger report,Accounting / Finance,APPROVED,operational,PFD-BM-F505-1;PFD-BM-F505-2,MS_FIN;GST,2,ACC-P12-BM-053-A;ACC-P12-BM-053-B,,PASS,PASS,PASS,PASS,PASS_D_RELEVANCE_FROZEN,At least two independent official/primary sources are intentionally mapped to this feature; restricted-topic sources are only used for their applicable scope; non-authoritative legacy mappings are explicitly identified.,2026-08-31
F506,AR aging report,Accounting / Finance,APPROVED,operational,PFD-BM-F506-1;PFD-BM-F506-2,MS_FIN;GST,2,ACC-P12-BM-054-A;ACC-P12-BM-054-B,,PASS,PASS,PASS,PASS,PASS_D_RELEVANCE_FROZEN,At least two independent official/primary sources are intentionally mapped to this feature; restricted-topic sources are only used for their applicable scope; non-authoritative legacy mappings are explicitly identified.,2026-08-31
F507,AP aging report,Accounting / Finance,APPROVED,operational,PFD-BM-F507-1;PFD-BM-F507-2,MS_FIN;GST,2,ACC-P12-BM-055-A;ACC-P12-BM-055-B,,PASS,PASS,PASS,PASS,PASS_D_RELEVANCE_FROZEN,At least two independent official/primary sources are intentionally mapped to this feature; restricted-topic sources are only used for their applicable scope; non-authoritative legacy mappings are explicitly identified.,2026-08-31
F508,Cost-centre / dimension reports,Accounting / Finance,APPROVED,analytics,PFD-BM-F508-1;PFD-BM-F508-2,MS_FIN;GST,2,ACC-P12-BM-056-A;ACC-P12-BM-056-B,,PASS,PASS,PASS,PASS,PASS_D_RELEVANCE_FROZEN,At least two independent official/primary sources are intentionally mapped to this feature; restricted-topic sources are only used for their applicable scope; non-authoritative legacy mappings are explicitly identified.,2026-08-31
F509,Financial dashboards,Accounting / Finance,APPROVED,analytics,PFD-BM-F509-1;PFD-BM-F509-2,MS_FIN;ORACLE_FIN,2,ACC-P12-BM-057-A;ACC-P12-BM-057-B,,PASS,PASS,PASS,PASS,PASS_D_RELEVANCE_FROZEN,At least two independent official/primary sources are intentionally mapped to this feature; restricted-topic sources are only used for their applicable scope; non-authoritative legacy mappings are explicitly identified.,2026-08-31
F510,Audit trail,Accounting / Finance,APPROVED,operational,PFD-BM-F510-1;PFD-BM-F510-2,MS_FIN;ORACLE_FIN,2,ACC-P12-BM-058-A;ACC-P12-BM-058-B,,PASS,PASS,PASS,PASS,PASS_D_RELEVANCE_FROZEN,At least two independent official/primary sources are intentionally mapped to this feature; restricted-topic sources are only used for their applicable scope; non-authoritative legacy mappings are explicitly identified.,2026-08-31
