audit_id,benchmark_id,feature_id,module,source_title,source_url,source_authority,domain_fit,feature_fit,finding_quality,decision,reason,reviewed_on
PFD-LEG-00001,BM-001,,CRM,,,SOURCE_LIBRARY,NOT_FEATURE_MAPPED,NOT_APPLICABLE,NOT_APPLICABLE,SOURCE_LIBRARY_ONLY,No canonical business feature mapping; retain only as source library/context.,2026-08-31
PFD-LEG-00002,BM-002,,CRM,,,SOURCE_LIBRARY,NOT_FEATURE_MAPPED,NOT_APPLICABLE,NOT_APPLICABLE,SOURCE_LIBRARY_ONLY,No canonical business feature mapping; retain only as source library/context.,2026-08-31
PFD-LEG-00003,BM-003,,CRM,,,SOURCE_LIBRARY,NOT_FEATURE_MAPPED,NOT_APPLICABLE,NOT_APPLICABLE,SOURCE_LIBRARY_ONLY,No canonical business feature mapping; retain only as source library/context.,2026-08-31
PFD-LEG-00004,BM-004,,CRM,,,SOURCE_LIBRARY,NOT_FEATURE_MAPPED,NOT_APPLICABLE,NOT_APPLICABLE,SOURCE_LIBRARY_ONLY,No canonical business feature mapping; retain only as source library/context.,2026-08-31
PFD-LEG-00005,BM-005,,CRM,,,SOURCE_LIBRARY,NOT_FEATURE_MAPPED,NOT_APPLICABLE,NOT_APPLICABLE,SOURCE_LIBRARY_ONLY,No canonical business feature mapping; retain only as source library/context.,2026-08-31
PFD-LEG-00006,BM-006,,Sales,,,SOURCE_LIBRARY,NOT_FEATURE_MAPPED,NOT_APPLICABLE,NOT_APPLICABLE,SOURCE_LIBRARY_ONLY,No canonical business feature mapping; retain only as source library/context.,2026-08-31
PFD-LEG-00007,BM-007,,Sales,,,SOURCE_LIBRARY,NOT_FEATURE_MAPPED,NOT_APPLICABLE,NOT_APPLICABLE,SOURCE_LIBRARY_ONLY,No canonical business feature mapping; retain only as source library/context.,2026-08-31
PFD-LEG-00008,BM-008,,Sales,,,SOURCE_LIBRARY,NOT_FEATURE_MAPPED,NOT_APPLICABLE,NOT_APPLICABLE,SOURCE_LIBRARY_ONLY,No canonical business feature mapping; retain only as source library/context.,2026-08-31
PFD-LEG-00009,BM-009,,Sales,,,SOURCE_LIBRARY,NOT_FEATURE_MAPPED,NOT_APPLICABLE,NOT_APPLICABLE,SOURCE_LIBRARY_ONLY,No canonical business feature mapping; retain only as source library/context.,2026-08-31
PFD-LEG-00010,BM-010,,Sales,,,SOURCE_LIBRARY,NOT_FEATURE_MAPPED,NOT_APPLICABLE,NOT_APPLICABLE,SOURCE_LIBRARY_ONLY,No canonical business feature mapping; retain only as source library/context.,2026-08-31
PFD-LEG-00011,BM-011,,Procurement,,,SOURCE_LIBRARY,NOT_FEATURE_MAPPED,NOT_APPLICABLE,NOT_APPLICABLE,SOURCE_LIBRARY_ONLY,No canonical business feature mapping; retain only as source library/context.,2026-08-31
PFD-LEG-00012,BM-012,,Procurement,,,SOURCE_LIBRARY,NOT_FEATURE_MAPPED,NOT_APPLICABLE,NOT_APPLICABLE,SOURCE_LIBRARY_ONLY,No canonical business feature mapping; retain only as source library/context.,2026-08-31
PFD-LEG-00013,BM-013,,Procurement,,,SOURCE_LIBRARY,NOT_FEATURE_MAPPED,NOT_APPLICABLE,NOT_APPLICABLE,SOURCE_LIBRARY_ONLY,No canonical business feature mapping; retain only as source library/context.,2026-08-31
PFD-LEG-00014,BM-014,,Procurement,,,SOURCE_LIBRARY,NOT_FEATURE_MAPPED,NOT_APPLICABLE,NOT_APPLICABLE,SOURCE_LIBRARY_ONLY,No canonical business feature mapping; retain only as source library/context.,2026-08-31
PFD-LEG-00015,BM-015,,Stock / Inventory,,,SOURCE_LIBRARY,NOT_FEATURE_MAPPED,NOT_APPLICABLE,NOT_APPLICABLE,SOURCE_LIBRARY_ONLY,No canonical business feature mapping; retain only as source library/context.,2026-08-31
PFD-LEG-00016,BM-016,,Stock / Inventory,,,SOURCE_LIBRARY,NOT_FEATURE_MAPPED,NOT_APPLICABLE,NOT_APPLICABLE,SOURCE_LIBRARY_ONLY,No canonical business feature mapping; retain only as source library/context.,2026-08-31
PFD-LEG-00017,BM-017,,Stock / Inventory,,,SOURCE_LIBRARY,NOT_FEATURE_MAPPED,NOT_APPLICABLE,NOT_APPLICABLE,SOURCE_LIBRARY_ONLY,No canonical business feature mapping; retain only as source library/context.,2026-08-31
PFD-LEG-00018,BM-018,,Stock / Inventory,,,SOURCE_LIBRARY,NOT_FEATURE_MAPPED,NOT_APPLICABLE,NOT_APPLICABLE,SOURCE_LIBRARY_ONLY,No canonical business feature mapping; retain only as source library/context.,2026-08-31
PFD-LEG-00019,BM-019,,Manufacturing,,,SOURCE_LIBRARY,NOT_FEATURE_MAPPED,NOT_APPLICABLE,NOT_APPLICABLE,SOURCE_LIBRARY_ONLY,No canonical business feature mapping; retain only as source library/context.,2026-08-31
PFD-LEG-00020,BM-020,,Manufacturing,,,SOURCE_LIBRARY,NOT_FEATURE_MAPPED,NOT_APPLICABLE,NOT_APPLICABLE,SOURCE_LIBRARY_ONLY,No canonical business feature mapping; retain only as source library/context.,2026-08-31
PFD-LEG-00021,BM-021,,Manufacturing,,,SOURCE_LIBRARY,NOT_FEATURE_MAPPED,NOT_APPLICABLE,NOT_APPLICABLE,SOURCE_LIBRARY_ONLY,No canonical business feature mapping; retain only as source library/context.,2026-08-31
PFD-LEG-00022,BM-022,,Manufacturing,,,SOURCE_LIBRARY,NOT_FEATURE_MAPPED,NOT_APPLICABLE,NOT_APPLICABLE,SOURCE_LIBRARY_ONLY,No canonical business feature mapping; retain only as source library/context.,2026-08-31
PFD-LEG-00023,BM-023,,Projects,,,SOURCE_LIBRARY,NOT_FEATURE_MAPPED,NOT_APPLICABLE,NOT_APPLICABLE,SOURCE_LIBRARY_ONLY,No canonical business feature mapping; retain only as source library/context.,2026-08-31
PFD-LEG-00024,BM-024,,Projects,,,SOURCE_LIBRARY,NOT_FEATURE_MAPPED,NOT_APPLICABLE,NOT_APPLICABLE,SOURCE_LIBRARY_ONLY,No canonical business feature mapping; retain only as source library/context.,2026-08-31
PFD-LEG-00025,BM-025,,Projects,,,SOURCE_LIBRARY,NOT_FEATURE_MAPPED,NOT_APPLICABLE,NOT_APPLICABLE,SOURCE_LIBRARY_ONLY,No canonical business feature mapping; retain only as source library/context.,2026-08-31
PFD-LEG-00026,BM-026,,Projects,,,SOURCE_LIBRARY,NOT_FEATURE_MAPPED,NOT_APPLICABLE,NOT_APPLICABLE,SOURCE_LIBRARY_ONLY,No canonical business feature mapping; retain only as source library/context.,2026-08-31
PFD-LEG-00027,BM-027,,Assets,,,SOURCE_LIBRARY,NOT_FEATURE_MAPPED,NOT_APPLICABLE,NOT_APPLICABLE,SOURCE_LIBRARY_ONLY,No canonical business feature mapping; retain only as source library/context.,2026-08-31
PFD-LEG-00028,BM-028,,Assets,,,SOURCE_LIBRARY,NOT_FEATURE_MAPPED,NOT_APPLICABLE,NOT_APPLICABLE,SOURCE_LIBRARY_ONLY,No canonical business feature mapping; retain only as source library/context.,2026-08-31
PFD-LEG-00029,BM-029,,Assets,,,SOURCE_LIBRARY,NOT_FEATURE_MAPPED,NOT_APPLICABLE,NOT_APPLICABLE,SOURCE_LIBRARY_ONLY,No canonical business feature mapping; retain only as source library/context.,2026-08-31
PFD-LEG-00030,BM-030,,Point of Sale,,,SOURCE_LIBRARY,NOT_FEATURE_MAPPED,NOT_APPLICABLE,NOT_APPLICABLE,SOURCE_LIBRARY_ONLY,No canonical business feature mapping; retain only as source library/context.,2026-08-31
PFD-LEG-00031,BM-031,,Point of Sale,,,SOURCE_LIBRARY,NOT_FEATURE_MAPPED,NOT_APPLICABLE,NOT_APPLICABLE,SOURCE_LIBRARY_ONLY,No canonical business feature mapping; retain only as source library/context.,2026-08-31
PFD-LEG-00032,BM-032,,Point of Sale,,,SOURCE_LIBRARY,NOT_FEATURE_MAPPED,NOT_APPLICABLE,NOT_APPLICABLE,SOURCE_LIBRARY_ONLY,No canonical business feature mapping; retain only as source library/context.,2026-08-31
PFD-LEG-00033,BM-033,,Quality,,,SOURCE_LIBRARY,NOT_FEATURE_MAPPED,NOT_APPLICABLE,NOT_APPLICABLE,SOURCE_LIBRARY_ONLY,No canonical business feature mapping; retain only as source library/context.,2026-08-31
PFD-LEG-00034,BM-034,,Quality,,,SOURCE_LIBRARY,NOT_FEATURE_MAPPED,NOT_APPLICABLE,NOT_APPLICABLE,SOURCE_LIBRARY_ONLY,No canonical business feature mapping; retain only as source library/context.,2026-08-31
PFD-LEG-00035,BM-035,,Quality,,,SOURCE_LIBRARY,NOT_FEATURE_MAPPED,NOT_APPLICABLE,NOT_APPLICABLE,SOURCE_LIBRARY_ONLY,No canonical business feature mapping; retain only as source library/context.,2026-08-31
PFD-LEG-00036,BM-036,,Quality,,,SOURCE_LIBRARY,NOT_FEATURE_MAPPED,NOT_APPLICABLE,NOT_APPLICABLE,SOURCE_LIBRARY_ONLY,No canonical business feature mapping; retain only as source library/context.,2026-08-31
PFD-LEG-00037,BM-037,,Support / Customer Service,,,SOURCE_LIBRARY,NOT_FEATURE_MAPPED,NOT_APPLICABLE,NOT_APPLICABLE,SOURCE_LIBRARY_ONLY,No canonical business feature mapping; retain only as source library/context.,2026-08-31
PFD-LEG-00038,BM-038,,Support / Customer Service,,,SOURCE_LIBRARY,NOT_FEATURE_MAPPED,NOT_APPLICABLE,NOT_APPLICABLE,SOURCE_LIBRARY_ONLY,No canonical business feature mapping; retain only as source library/context.,2026-08-31
PFD-LEG-00039,BM-039,,Support / Customer Service,,,SOURCE_LIBRARY,NOT_FEATURE_MAPPED,NOT_APPLICABLE,NOT_APPLICABLE,SOURCE_LIBRARY_ONLY,No canonical business feature mapping; retain only as source library/context.,2026-08-31
PFD-LEG-00040,BM-040,,Support / Customer Service,,,SOURCE_LIBRARY,NOT_FEATURE_MAPPED,NOT_APPLICABLE,NOT_APPLICABLE,SOURCE_LIBRARY_ONLY,No canonical business feature mapping; retain only as source library/context.,2026-08-31
PFD-LEG-00041,BM-041,,HR & Payroll,,,SOURCE_LIBRARY,NOT_FEATURE_MAPPED,NOT_APPLICABLE,NOT_APPLICABLE,SOURCE_LIBRARY_ONLY,No canonical business feature mapping; retain only as source library/context.,2026-08-31
PFD-LEG-00042,BM-042,,HR & Payroll,,,SOURCE_LIBRARY,NOT_FEATURE_MAPPED,NOT_APPLICABLE,NOT_APPLICABLE,SOURCE_LIBRARY_ONLY,No canonical business feature mapping; retain only as source library/context.,2026-08-31
PFD-LEG-00043,BM-043,,HR & Payroll,,,SOURCE_LIBRARY,NOT_FEATURE_MAPPED,NOT_APPLICABLE,NOT_APPLICABLE,SOURCE_LIBRARY_ONLY,No canonical business feature mapping; retain only as source library/context.,2026-08-31
PFD-LEG-00044,BM-044,,HR & Payroll,,,SOURCE_LIBRARY,NOT_FEATURE_MAPPED,NOT_APPLICABLE,NOT_APPLICABLE,SOURCE_LIBRARY_ONLY,No canonical business feature mapping; retain only as source library/context.,2026-08-31
PFD-LEG-00045,BM-045,,Accounting / Finance,,,SOURCE_LIBRARY,NOT_FEATURE_MAPPED,NOT_APPLICABLE,NOT_APPLICABLE,SOURCE_LIBRARY_ONLY,No canonical business feature mapping; retain only as source library/context.,2026-08-31
PFD-LEG-00046,BM-046,,Accounting / Finance,,,SOURCE_LIBRARY,NOT_FEATURE_MAPPED,NOT_APPLICABLE,NOT_APPLICABLE,SOURCE_LIBRARY_ONLY,No canonical business feature mapping; retain only as source library/context.,2026-08-31
PFD-LEG-00047,BM-047,,Accounting / Finance,,,SOURCE_LIBRARY,NOT_FEATURE_MAPPED,NOT_APPLICABLE,NOT_APPLICABLE,SOURCE_LIBRARY_ONLY,No canonical business feature mapping; retain only as source library/context.,2026-08-31
PFD-LEG-00048,BM-048,,Accounting / Finance,,,SOURCE_LIBRARY,NOT_FEATURE_MAPPED,NOT_APPLICABLE,NOT_APPLICABLE,SOURCE_LIBRARY_ONLY,No canonical business feature mapping; retain only as source library/context.,2026-08-31
PFD-LEG-00049,BM-049,,Accounting / Finance,,,SOURCE_LIBRARY,NOT_FEATURE_MAPPED,NOT_APPLICABLE,NOT_APPLICABLE,SOURCE_LIBRARY_ONLY,No canonical business feature mapping; retain only as source library/context.,2026-08-31
PFD-LEG-00050,SRC-CRM-SF,,CRM,Salesforce Help — Manage Leads,https://help.salesforce.com/s/articleView?id=sales.leads_manage_parent.htm&language=en_US&type=5,SOURCE_LIBRARY,NOT_FEATURE_MAPPED,NOT_APPLICABLE,NOT_APPLICABLE,SOURCE_LIBRARY_ONLY,No canonical business feature mapping; retain only as source library/context.,2026-08-31
PFD-LEG-00051,SRC-CRM-D365,,CRM,Dynamics 365 Sales documentation,https://learn.microsoft.com/en-us/dynamics365/sales/,SOURCE_LIBRARY,NOT_FEATURE_MAPPED,NOT_APPLICABLE,NOT_APPLICABLE,SOURCE_LIBRARY_ONLY,No canonical business feature mapping; retain only as source library/context.,2026-08-31
PFD-LEG-00052,SRC-CRM-HUB,,CRM,HubSpot Knowledge Base — CRM / Leads,https://knowledge.hubspot.com/records/manage-leads,SOURCE_LIBRARY,NOT_FEATURE_MAPPED,NOT_APPLICABLE,NOT_APPLICABLE,SOURCE_LIBRARY_ONLY,No canonical business feature mapping; retain only as source library/context.,2026-08-31
PFD-LEG-00053,SRC-CRM-ZOHO,,CRM,Zoho CRM Help,https://help.zoho.com/portal/en/kb/crm,SOURCE_LIBRARY,NOT_FEATURE_MAPPED,NOT_APPLICABLE,NOT_APPLICABLE,SOURCE_LIBRARY_ONLY,No canonical business feature mapping; retain only as source library/context.,2026-08-31
PFD-LEG-00054,SRC-ODOO19,,Cross-module,Odoo 19 Documentation,https://www.odoo.com/documentation/19.0/,SOURCE_LIBRARY,NOT_FEATURE_MAPPED,NOT_APPLICABLE,NOT_APPLICABLE,SOURCE_LIBRARY_ONLY,No canonical business feature mapping; retain only as source library/context.,2026-08-31
PFD-LEG-00055,SRC-SAP-S4,,Operations,SAP Help Portal — S/4HANA,https://help.sap.com/docs/SAP_S4HANA_CLOUD,SOURCE_LIBRARY,NOT_FEATURE_MAPPED,NOT_APPLICABLE,NOT_APPLICABLE,SOURCE_LIBRARY_ONLY,No canonical business feature mapping; retain only as source library/context.,2026-08-31
PFD-LEG-00056,SRC-D365-SCM,,Operations,Dynamics 365 Supply Chain Management documentation,https://learn.microsoft.com/en-us/dynamics365/supply-chain/,SOURCE_LIBRARY,NOT_FEATURE_MAPPED,NOT_APPLICABLE,NOT_APPLICABLE,SOURCE_LIBRARY_ONLY,No canonical business feature mapping; retain only as source library/context.,2026-08-31
PFD-LEG-00057,SRC-ORACLE-SCM,,Operations,Oracle Fusion Cloud SCM documentation,https://docs.oracle.com/en/cloud/saas/supply-chain-and-manufacturing/,SOURCE_LIBRARY,NOT_FEATURE_MAPPED,NOT_APPLICABLE,NOT_APPLICABLE,SOURCE_LIBRARY_ONLY,No canonical business feature mapping; retain only as source library/context.,2026-08-31
PFD-LEG-00058,SRC-NETSUITE,,Cross-module,NetSuite Applications Suite documentation,https://docs.oracle.com/en/cloud/saas/netsuite/,SOURCE_LIBRARY,NOT_FEATURE_MAPPED,NOT_APPLICABLE,NOT_APPLICABLE,SOURCE_LIBRARY_ONLY,No canonical business feature mapping; retain only as source library/context.,2026-08-31
PFD-LEG-00059,SRC-ORACLE-FIN,,Accounting / Finance,Oracle Fusion Cloud Financials documentation,https://docs.oracle.com/en/cloud/saas/financials/,SOURCE_LIBRARY,NOT_FEATURE_MAPPED,NOT_APPLICABLE,NOT_APPLICABLE,SOURCE_LIBRARY_ONLY,No canonical business feature mapping; retain only as source library/context.,2026-08-31
PFD-LEG-00060,SRC-WCAG22,,Shared platform,Web Content Accessibility Guidelines (WCAG) 2.2,https://www.w3.org/TR/WCAG22/,SOURCE_LIBRARY,NOT_FEATURE_MAPPED,NOT_APPLICABLE,NOT_APPLICABLE,SOURCE_LIBRARY_ONLY,No canonical business feature mapping; retain only as source library/context.,2026-08-31
PFD-LEG-00061,SRC-OPENAPI32,,Shared platform,OpenAPI Specification,https://spec.openapis.org/oas/latest.html,SOURCE_LIBRARY,NOT_FEATURE_MAPPED,NOT_APPLICABLE,NOT_APPLICABLE,SOURCE_LIBRARY_ONLY,No canonical business feature mapping; retain only as source library/context.,2026-08-31
PFD-LEG-00062,SRC-ASVS50,,Shared platform,OWASP Application Security Verification Standard,https://owasp.org/www-project-application-security-verification-standard/,SOURCE_LIBRARY,NOT_FEATURE_MAPPED,NOT_APPLICABLE,NOT_APPLICABLE,SOURCE_LIBRARY_ONLY,No canonical business feature mapping; retain only as source library/context.,2026-08-31
PFD-LEG-00063,SRC-MASVS,,Shared platform,OWASP Mobile Application Security Verification Standard,https://mas.owasp.org/MASVS/,SOURCE_LIBRARY,NOT_FEATURE_MAPPED,NOT_APPLICABLE,NOT_APPLICABLE,SOURCE_LIBRARY_ONLY,No canonical business feature mapping; retain only as source library/context.,2026-08-31
PFD-LEG-00064,SRC-POSTGRES,,Shared platform,PostgreSQL current documentation,https://www.postgresql.org/docs/current/,SOURCE_LIBRARY,NOT_FEATURE_MAPPED,NOT_APPLICABLE,NOT_APPLICABLE,SOURCE_LIBRARY_ONLY,No canonical business feature mapping; retain only as source library/context.,2026-08-31
PFD-LEG-00065,SRC-NIST-AIRMF,,Shared platform,NIST AI Risk Management Framework,https://www.nist.gov/itl/ai-risk-management-framework,SOURCE_LIBRARY,NOT_FEATURE_MAPPED,NOT_APPLICABLE,NOT_APPLICABLE,SOURCE_LIBRARY_ONLY,No canonical business feature mapping; retain only as source library/context.,2026-08-31
PFD-LEG-00066,CRM-P1-BM-001,F001,CRM,Track Prospects with Salesforce Leads,https://trailhead.salesforce.com/content/learn/modules/prospect-tracking-with-salesforce-leads-quick-look/track-prospects-with-salesforce-leads,OFFICIAL_OR_PRIMARY,PASS,PASS,PASS,RETAIN,Official/primary source with a recorded finding and no restricted-source/module mismatch.,2026-08-31
PFD-LEG-00067,CRM-P1-BM-002,F001,CRM,Manage leads,https://knowledge.hubspot.com/records/manage-leads,OFFICIAL_OR_PRIMARY,PASS,PASS,PASS,RETAIN,Official/primary source with a recorded finding and no restricted-source/module mismatch.,2026-08-31
PFD-LEG-00068,CRM-P1-BM-003,F002,CRM,Leads and Opportunities for Lightning Experience,https://trailhead.salesforce.com/content/learn/modules/leads_opportunities_lightning_experience,OFFICIAL_OR_PRIMARY,PASS,PASS,PASS,RETAIN,Official/primary source with a recorded finding and no restricted-source/module mismatch.,2026-08-31
PFD-LEG-00069,CRM-P1-BM-004,F002,CRM,Manage activities,https://learn.microsoft.com/en-us/dynamics365/sales/manage-activities,OFFICIAL_OR_PRIMARY,PASS,PASS,PASS,RETAIN,Official/primary source with a recorded finding and no restricted-source/module mismatch.,2026-08-31
PFD-LEG-00070,CRM-P1-BM-005,F003,CRM,Leads and Opportunities for Lightning Experience,https://trailhead.salesforce.com/content/learn/modules/leads_opportunities_lightning_experience,OFFICIAL_OR_PRIMARY,PASS,PASS,PASS,RETAIN,Official/primary source with a recorded finding and no restricted-source/module mismatch.,2026-08-31
PFD-LEG-00071,CRM-P1-BM-006,F003,CRM,View record access,https://knowledge.hubspot.com/records/view-record-access,OFFICIAL_OR_PRIMARY,PASS,PASS,PASS,RETAIN,Official/primary source with a recorded finding and no restricted-source/module mismatch.,2026-08-31
PFD-LEG-00072,CRM-P1-BM-007,F004,CRM,CRM documentation,https://www.odoo.com/documentation/19.0/applications/sales/crm.html,OFFICIAL_OR_PRIMARY,PASS,PASS,PASS,RETAIN,Official/primary source with a recorded finding and no restricted-source/module mismatch.,2026-08-31
PFD-LEG-00073,CRM-P1-BM-008,F004,CRM,Sales force automation in Zoho CRM,https://help.zoho.com/portal/en/kb/crm/sales-force-automation/sfa-in-zoho-crm/articles/sales-force-automation-sfa-in-zoho-crm,OFFICIAL_OR_PRIMARY,PASS,PASS,PASS,RETAIN,Official/primary source with a recorded finding and no restricted-source/module mismatch.,2026-08-31
PFD-LEG-00074,CRM-P1-BM-009,F005,CRM,Track Prospects with Salesforce Leads,https://trailhead.salesforce.com/content/learn/modules/prospect-tracking-with-salesforce-leads-quick-look/track-prospects-with-salesforce-leads,OFFICIAL_OR_PRIMARY,PASS,PASS,PASS,RETAIN,Official/primary source with a recorded finding and no restricted-source/module mismatch.,2026-08-31
PFD-LEG-00075,CRM-P1-BM-010,F005,CRM,Manage sales teams,https://learn.microsoft.com/en-us/dynamics365/sales/wa-manage-sales-teams,OFFICIAL_OR_PRIMARY,PASS,PASS,PASS,RETAIN,Official/primary source with a recorded finding and no restricted-source/module mismatch.,2026-08-31
PFD-LEG-00076,CRM-P1-BM-011,F006,CRM,Define the lead qualification experience,https://learn.microsoft.com/en-us/dynamics365/sales/define-lead-qualification-experience,OFFICIAL_OR_PRIMARY,PASS,PASS,PASS,RETAIN,Official/primary source with a recorded finding and no restricted-source/module mismatch.,2026-08-31
PFD-LEG-00077,CRM-P1-BM-012,F006,CRM,Track Prospects with Salesforce Leads,https://trailhead.salesforce.com/content/learn/modules/prospect-tracking-with-salesforce-leads-quick-look/track-prospects-with-salesforce-leads,OFFICIAL_OR_PRIMARY,PASS,PASS,PASS,RETAIN,Official/primary source with a recorded finding and no restricted-source/module mismatch.,2026-08-31
PFD-LEG-00078,CRM-P1-BM-013,F007,CRM,Use stage calculated properties,https://knowledge.hubspot.com/properties/stage-calculated-properties,OFFICIAL_OR_PRIMARY,PASS,PASS,PASS,RETAIN,Official/primary source with a recorded finding and no restricted-source/module mismatch.,2026-08-31
PFD-LEG-00079,CRM-P1-BM-014,F007,CRM,Define the lead qualification experience,https://learn.microsoft.com/en-us/dynamics365/sales/define-lead-qualification-experience,OFFICIAL_OR_PRIMARY,PASS,PASS,PASS,RETAIN,Official/primary source with a recorded finding and no restricted-source/module mismatch.,2026-08-31
PFD-LEG-00080,CRM-P1-BM-015,F008,CRM,Enable duplicate lead detection,https://learn.microsoft.com/en-us/dynamics365/sales/enable-duplicate-lead-detection,OFFICIAL_OR_PRIMARY,PASS,PASS,PASS,RETAIN,Official/primary source with a recorded finding and no restricted-source/module mismatch.,2026-08-31
PFD-LEG-00081,CRM-P1-BM-016,F008,CRM,Manage duplicate records,https://knowledge.hubspot.com/records/manage-duplicate-records,OFFICIAL_OR_PRIMARY,PASS,PASS,PASS,RETAIN,Official/primary source with a recorded finding and no restricted-source/module mismatch.,2026-08-31
PFD-LEG-00082,CRM-P1-BM-017,F009,CRM,Leads and Opportunities for Lightning Experience,https://trailhead.salesforce.com/content/learn/modules/leads_opportunities_lightning_experience,OFFICIAL_OR_PRIMARY,PASS,PASS,PASS,RETAIN,Official/primary source with a recorded finding and no restricted-source/module mismatch.,2026-08-31
PFD-LEG-00083,CRM-P1-BM-018,F009,CRM,Opportunity management overview,https://learn.microsoft.com/en-us/dynamics365/sales/opportunity-management-overview,OFFICIAL_OR_PRIMARY,PASS,PASS,PASS,RETAIN,Official/primary source with a recorded finding and no restricted-source/module mismatch.,2026-08-31
PFD-LEG-00084,CRM-P1-BM-019,F010,CRM,Leads and Opportunities for Lightning Experience,https://trailhead.salesforce.com/content/learn/modules/leads_opportunities_lightning_experience,OFFICIAL_OR_PRIMARY,PASS,PASS,PASS,RETAIN,Official/primary source with a recorded finding and no restricted-source/module mismatch.,2026-08-31
PFD-LEG-00085,CRM-P1-BM-020,F010,CRM,CRM documentation,https://www.odoo.com/documentation/19.0/applications/sales/crm.html,OFFICIAL_OR_PRIMARY,PASS,PASS,PASS,RETAIN,Official/primary source with a recorded finding and no restricted-source/module mismatch.,2026-08-31
PFD-LEG-00086,CRM-P1-BM-021,F011,CRM,Work with predictive opportunity scoring,https://learn.microsoft.com/en-us/dynamics365/sales/work-predictive-opportunity-scoring,OFFICIAL_OR_PRIMARY,PASS,PASS,PASS,RETAIN,Official/primary source with a recorded finding and no restricted-source/module mismatch.,2026-08-31
PFD-LEG-00087,CRM-P1-BM-022,F011,CRM,Predictive lead scoring,https://www.odoo.com/documentation/19.0/applications/sales/crm/track_leads/lead_scoring.html,OFFICIAL_OR_PRIMARY,PASS,PASS,PASS,RETAIN,Official/primary source with a recorded finding and no restricted-source/module mismatch.,2026-08-31
PFD-LEG-00088,CRM-P1-BM-023,F012,CRM,Use stage calculated properties,https://knowledge.hubspot.com/properties/stage-calculated-properties,OFFICIAL_OR_PRIMARY,PASS,PASS,PASS,RETAIN,Official/primary source with a recorded finding and no restricted-source/module mismatch.,2026-08-31
PFD-LEG-00089,CRM-P1-BM-024,F012,CRM,Configure Sales Forecasting in Salesforce,https://trailhead.salesforce.com/it/content/learn/modules/sales-forecasting/configure-sales-forecasting-in-salesforce,OFFICIAL_OR_PRIMARY,PASS,PASS,PASS,RETAIN,Official/primary source with a recorded finding and no restricted-source/module mismatch.,2026-08-31
PFD-LEG-00090,CRM-P1-BM-025,F013,CRM,Manage activities,https://learn.microsoft.com/en-us/dynamics365/sales/manage-activities,OFFICIAL_OR_PRIMARY,PASS,PASS,PASS,RETAIN,Official/primary source with a recorded finding and no restricted-source/module mismatch.,2026-08-31
PFD-LEG-00091,CRM-P1-BM-026,F013,CRM,Review sales activity in the sales workspace,https://knowledge.hubspot.com/prospecting/review-sales-activity-in-the-sales-workspace,OFFICIAL_OR_PRIMARY,PASS,PASS,PASS,RETAIN,Official/primary source with a recorded finding and no restricted-source/module mismatch.,2026-08-31
PFD-LEG-00092,CRM-P1-BM-027,F014,CRM,Manage activities,https://learn.microsoft.com/en-us/dynamics365/sales/manage-activities,OFFICIAL_OR_PRIMARY,PASS,PASS,PASS,RETAIN,Official/primary source with a recorded finding and no restricted-source/module mismatch.,2026-08-31
PFD-LEG-00093,CRM-P1-BM-028,F014,CRM,Review sales activity in the sales workspace,https://knowledge.hubspot.com/prospecting/review-sales-activity-in-the-sales-workspace,OFFICIAL_OR_PRIMARY,PASS,PASS,PASS,RETAIN,Official/primary source with a recorded finding and no restricted-source/module mismatch.,2026-08-31
PFD-LEG-00094,CRM-P1-BM-029,F015,CRM,Review sales activity in the sales workspace,https://knowledge.hubspot.com/prospecting/review-sales-activity-in-the-sales-workspace,OFFICIAL_OR_PRIMARY,PASS,PASS,PASS,RETAIN,Official/primary source with a recorded finding and no restricted-source/module mismatch.,2026-08-31
PFD-LEG-00095,CRM-P1-BM-030,F015,CRM,Manage activities,https://learn.microsoft.com/en-us/dynamics365/sales/manage-activities,OFFICIAL_OR_PRIMARY,PASS,PASS,PASS,RETAIN,Official/primary source with a recorded finding and no restricted-source/module mismatch.,2026-08-31
PFD-LEG-00096,CRM-P1-BM-031,F016,CRM,Use stage calculated properties,https://knowledge.hubspot.com/properties/stage-calculated-properties,OFFICIAL_OR_PRIMARY,PASS,PASS,PASS,RETAIN,Official/primary source with a recorded finding and no restricted-source/module mismatch.,2026-08-31
PFD-LEG-00097,CRM-P1-BM-032,F016,CRM,Manage activities,https://learn.microsoft.com/en-us/dynamics365/sales/manage-activities,OFFICIAL_OR_PRIMARY,PASS,PASS,PASS,RETAIN,Official/primary source with a recorded finding and no restricted-source/module mismatch.,2026-08-31
PFD-LEG-00098,CRM-P1-BM-033,F017,CRM,Manage activities,https://learn.microsoft.com/en-us/dynamics365/sales/manage-activities,OFFICIAL_OR_PRIMARY,PASS,PASS,PASS,RETAIN,Official/primary source with a recorded finding and no restricted-source/module mismatch.,2026-08-31
PFD-LEG-00099,CRM-P1-BM-034,F017,CRM,View record access,https://knowledge.hubspot.com/records/view-record-access,OFFICIAL_OR_PRIMARY,PASS,PASS,PASS,RETAIN,Official/primary source with a recorded finding and no restricted-source/module mismatch.,2026-08-31
PFD-LEG-00100,CRM-P1-BM-035,F018,CRM,Limit access to logged emails in the CRM,https://knowledge.hubspot.com/connected-email/limit-access-to-logged-emails-in-the-crm,OFFICIAL_OR_PRIMARY,PASS,PASS,PASS,RETAIN,Official/primary source with a recorded finding and no restricted-source/module mismatch.,2026-08-31
PFD-LEG-00101,CRM-P1-BM-036,F018,CRM,Manage activities,https://learn.microsoft.com/en-us/dynamics365/sales/manage-activities,OFFICIAL_OR_PRIMARY,PASS,PASS,PASS,RETAIN,Official/primary source with a recorded finding and no restricted-source/module mismatch.,2026-08-31
PFD-LEG-00102,CRM-P1-BM-037,F019,CRM,Manage activities,https://learn.microsoft.com/en-us/dynamics365/sales/manage-activities,OFFICIAL_OR_PRIMARY,PASS,PASS,PASS,RETAIN,Official/primary source with a recorded finding and no restricted-source/module mismatch.,2026-08-31
PFD-LEG-00103,CRM-P1-BM-038,F019,CRM,View record access,https://knowledge.hubspot.com/records/view-record-access,OFFICIAL_OR_PRIMARY,PASS,PASS,PASS,RETAIN,Official/primary source with a recorded finding and no restricted-source/module mismatch.,2026-08-31
PFD-LEG-00104,CRM-P1-BM-039,F020,CRM,Manage sales teams,https://learn.microsoft.com/en-us/dynamics365/sales/wa-manage-sales-teams,OFFICIAL_OR_PRIMARY,PASS,PASS,PASS,RETAIN,Official/primary source with a recorded finding and no restricted-source/module mismatch.,2026-08-31
PFD-LEG-00105,CRM-P1-BM-040,F020,CRM,Creating and working with forecasts,https://help.zoho.com/portal/en/kb/crm/sales-force-automation/forecasts/articles/creating-and-working-with-forecasts,OFFICIAL_OR_PRIMARY,PASS,PASS,PASS,RETAIN,Official/primary source with a recorded finding and no restricted-source/module mismatch.,2026-08-31
PFD-LEG-00106,CRM-P1-BM-041,F021,CRM,Manage leads,https://knowledge.hubspot.com/records/manage-leads,OFFICIAL_OR_PRIMARY,PASS,PASS,PASS,RETAIN,Official/primary source with a recorded finding and no restricted-source/module mismatch.,2026-08-31
PFD-LEG-00107,CRM-P1-BM-042,F021,CRM,CRM documentation,https://www.odoo.com/documentation/19.0/applications/sales/crm.html,OFFICIAL_OR_PRIMARY,PASS,PASS,PASS,RETAIN,Official/primary source with a recorded finding and no restricted-source/module mismatch.,2026-08-31
PFD-LEG-00108,CRM-P1-BM-043,F022,CRM,Track Prospects with Salesforce Leads,https://trailhead.salesforce.com/content/learn/modules/prospect-tracking-with-salesforce-leads-quick-look/track-prospects-with-salesforce-leads,OFFICIAL_OR_PRIMARY,PASS,PASS,PASS,RETAIN,Official/primary source with a recorded finding and no restricted-source/module mismatch.,2026-08-31
PFD-LEG-00109,CRM-P1-BM-044,F022,CRM,Convert Lead API,https://www.zoho.com/crm/developer/docs/api/v8/convert-lead.html,OFFICIAL_OR_PRIMARY,PASS,PASS,PASS,RETAIN,Official/primary source with a recorded finding and no restricted-source/module mismatch.,2026-08-31
PFD-LEG-00110,CRM-P1-BM-045,F023,CRM,Sales documentation,https://www.odoo.com/documentation/19.0/applications/sales.html,OFFICIAL_OR_PRIMARY,PASS,PASS,PASS,RETAIN,Official/primary source with a recorded finding and no restricted-source/module mismatch.,2026-08-31
PFD-LEG-00111,CRM-P1-BM-046,F023,CRM,Security roles for sales,https://learn.microsoft.com/en-us/dynamics365/sales/security-roles-for-sales,OFFICIAL_OR_PRIMARY,PASS,PASS,PASS,RETAIN,Official/primary source with a recorded finding and no restricted-source/module mismatch.,2026-08-31
PFD-LEG-00112,CRM-P1-BM-047,F024,CRM,Leads and Opportunities for Lightning Experience,https://trailhead.salesforce.com/content/learn/modules/leads_opportunities_lightning_experience,OFFICIAL_OR_PRIMARY,PASS,PASS,PASS,RETAIN,Official/primary source with a recorded finding and no restricted-source/module mismatch.,2026-08-31
PFD-LEG-00113,CRM-P1-BM-048,F024,CRM,CRM documentation,https://www.odoo.com/documentation/19.0/applications/sales/crm.html,OFFICIAL_OR_PRIMARY,PASS,PASS,PASS,RETAIN,Official/primary source with a recorded finding and no restricted-source/module mismatch.,2026-08-31
PFD-LEG-00114,CRM-P1-BM-049,F025,CRM,Configure Sales Forecasting in Salesforce,https://trailhead.salesforce.com/it/content/learn/modules/sales-forecasting/configure-sales-forecasting-in-salesforce,OFFICIAL_OR_PRIMARY,PASS,PASS,PASS,RETAIN,Official/primary source with a recorded finding and no restricted-source/module mismatch.,2026-08-31
PFD-LEG-00115,CRM-P1-BM-050,F025,CRM,Configure a forecast,https://learn.microsoft.com/en-us/dynamics365/sales/configure-forecast,OFFICIAL_OR_PRIMARY,PASS,PASS,PASS,RETAIN,Official/primary source with a recorded finding and no restricted-source/module mismatch.,2026-08-31
PFD-LEG-00116,CRM-P1-BM-051,F026,CRM,HubSpot's default deal properties,https://knowledge.hubspot.com/properties/hubspots-default-deal-properties,OFFICIAL_OR_PRIMARY,PASS,PASS,PASS,RETAIN,Official/primary source with a recorded finding and no restricted-source/module mismatch.,2026-08-31
PFD-LEG-00117,CRM-P1-BM-052,F026,CRM,Sales documentation,https://www.odoo.com/documentation/19.0/applications/sales.html,OFFICIAL_OR_PRIMARY,PASS,PASS,PASS,RETAIN,Official/primary source with a recorded finding and no restricted-source/module mismatch.,2026-08-31
PFD-LEG-00118,CRM-P1-BM-053,F027,CRM,Multiple scoring rules,https://help.zoho.com/portal/en/kb/crm/automate-business-processes/scoring-rules/articles/multiple-scoring-rule,OFFICIAL_OR_PRIMARY,PASS,PASS,PASS,RETAIN,Official/primary source with a recorded finding and no restricted-source/module mismatch.,2026-08-31
PFD-LEG-00119,CRM-P1-BM-054,F027,CRM,Predictive lead scoring,https://www.odoo.com/documentation/19.0/applications/sales/crm/track_leads/lead_scoring.html,OFFICIAL_OR_PRIMARY,PASS,PASS,PASS,RETAIN,Official/primary source with a recorded finding and no restricted-source/module mismatch.,2026-08-31
PFD-LEG-00120,CRM-P1-BM-055,F028,CRM,Customize records,https://knowledge.hubspot.com/object-settings/customize-records,OFFICIAL_OR_PRIMARY,PASS,PASS,PASS,RETAIN,Official/primary source with a recorded finding and no restricted-source/module mismatch.,2026-08-31
PFD-LEG-00121,CRM-P1-BM-056,F028,CRM,Use custom fields,https://help.zoho.com/portal/en/kb/crm/customize-crm-account/customizing-fields/articles/use-custom-fields,OFFICIAL_OR_PRIMARY,PASS,PASS,PASS,RETAIN,Official/primary source with a recorded finding and no restricted-source/module mismatch.,2026-08-31
PFD-LEG-00122,CRM-P1-BM-057,F029,CRM,Manage leads,https://knowledge.hubspot.com/records/manage-leads,OFFICIAL_OR_PRIMARY,PASS,PASS,PASS,RETAIN,Official/primary source with a recorded finding and no restricted-source/module mismatch.,2026-08-31
PFD-LEG-00123,CRM-P1-BM-058,F029,CRM,Manage activities,https://learn.microsoft.com/en-us/dynamics365/sales/manage-activities,OFFICIAL_OR_PRIMARY,PASS,PASS,PASS,RETAIN,Official/primary source with a recorded finding and no restricted-source/module mismatch.,2026-08-31
PFD-LEG-00124,CRM-P1-BM-059,F030,CRM,Leads and Opportunities for Lightning Experience,https://trailhead.salesforce.com/content/learn/modules/leads_opportunities_lightning_experience,OFFICIAL_OR_PRIMARY,PASS,PASS,PASS,RETAIN,Official/primary source with a recorded finding and no restricted-source/module mismatch.,2026-08-31
PFD-LEG-00125,CRM-P1-BM-060,F030,CRM,Sales force automation in Zoho CRM,https://help.zoho.com/portal/en/kb/crm/sales-force-automation/sfa-in-zoho-crm/articles/sales-force-automation-sfa-in-zoho-crm,OFFICIAL_OR_PRIMARY,PASS,PASS,PASS,RETAIN,Official/primary source with a recorded finding and no restricted-source/module mismatch.,2026-08-31
PFD-LEG-00126,SALES-P2-BM-001,F031,Sales,"Quote, order, and invoice tables",https://learn.microsoft.com/en-us/dynamics365/sales/developer/quote-order-invoice-entities,OFFICIAL_OR_PRIMARY,PASS,PASS,PASS,RETAIN,Official/primary source with a recorded finding and no restricted-source/module mismatch.,2026-08-31
PFD-LEG-00127,SALES-P2-BM-002,F031,Sales,Sales quotations,https://www.odoo.com/documentation/18.0/applications/sales/sales/sales_quotations.html,OFFICIAL_OR_PRIMARY,PASS,PASS,PASS,RETAIN,Official/primary source with a recorded finding and no restricted-source/module mismatch.,2026-08-31
PFD-LEG-00128,SALES-P2-BM-003,F032,Sales,"Quote, order, and invoice tables",https://learn.microsoft.com/en-us/dynamics365/sales/developer/quote-order-invoice-entities,OFFICIAL_OR_PRIMARY,PASS,PASS,PASS,RETAIN,Official/primary source with a recorded finding and no restricted-source/module mismatch.,2026-08-31
PFD-LEG-00129,SALES-P2-BM-004,F032,Sales,Sales quotations,https://www.odoo.com/documentation/18.0/applications/sales/sales/sales_quotations.html,OFFICIAL_OR_PRIMARY,PASS,PASS,PASS,RETAIN,Official/primary source with a recorded finding and no restricted-source/module mismatch.,2026-08-31
PFD-LEG-00130,SALES-P2-BM-005,F033,Sales,"Quote, order, and invoice tables",https://learn.microsoft.com/en-us/dynamics365/sales/developer/quote-order-invoice-entities,OFFICIAL_OR_PRIMARY,PASS,PASS,PASS,RETAIN,Official/primary source with a recorded finding and no restricted-source/module mismatch.,2026-08-31
PFD-LEG-00131,SALES-P2-BM-006,F033,Sales,Sales quotations,https://www.odoo.com/documentation/18.0/applications/sales/sales/sales_quotations.html,OFFICIAL_OR_PRIMARY,PASS,PASS,PASS,RETAIN,Official/primary source with a recorded finding and no restricted-source/module mismatch.,2026-08-31
PFD-LEG-00132,SALES-P2-BM-007,F034,Sales,"Price calculation for opportunity, quote, order, and invoice records",https://learn.microsoft.com/en-us/dynamics365/sales/price-calculation-opportunity-quote-order-invoice-records,OFFICIAL_OR_PRIMARY,PASS,PASS,PASS,RETAIN,Official/primary source with a recorded finding and no restricted-source/module mismatch.,2026-08-31
PFD-LEG-00133,SALES-P2-BM-008,F034,Sales,Pricelists,https://www.odoo.com/documentation/18.0/applications/sales/sales/products_prices/prices/pricing.html,OFFICIAL_OR_PRIMARY,PASS,PASS,PASS,RETAIN,Official/primary source with a recorded finding and no restricted-source/module mismatch.,2026-08-31
PFD-LEG-00134,SALES-P2-BM-009,F035,Sales,"Price calculation for opportunity, quote, order, and invoice records",https://learn.microsoft.com/en-us/dynamics365/sales/price-calculation-opportunity-quote-order-invoice-records,OFFICIAL_OR_PRIMARY,PASS,PASS,PASS,RETAIN,Official/primary source with a recorded finding and no restricted-source/module mismatch.,2026-08-31
PFD-LEG-00135,SALES-P2-BM-010,F035,Sales,Pricelists,https://www.odoo.com/documentation/18.0/applications/sales/sales/products_prices/prices/pricing.html,OFFICIAL_OR_PRIMARY,PASS,PASS,PASS,RETAIN,Official/primary source with a recorded finding and no restricted-source/module mismatch.,2026-08-31
PFD-LEG-00136,SALES-P2-BM-011,F036,Sales,Sales Quotation Management,https://help.sap.com/docs/SAP_S4HANA_ON-PREMISE/7b24a64d9d0941bda1afa753263d9e39/c98ff39d219c40c9870e0c1ad0ed3ad6.html,OFFICIAL_OR_PRIMARY,PASS,PASS,PASS,RETAIN,Official/primary source with a recorded finding and no restricted-source/module mismatch.,2026-08-31
PFD-LEG-00137,SALES-P2-BM-012,F036,Sales,"Quote, order, and invoice tables",https://learn.microsoft.com/en-us/dynamics365/sales/developer/quote-order-invoice-entities,OFFICIAL_OR_PRIMARY,PASS,PASS,PASS,RETAIN,Official/primary source with a recorded finding and no restricted-source/module mismatch.,2026-08-31
PFD-LEG-00138,SALES-P2-BM-013,F037,Sales,Sales Quotation Management,https://help.sap.com/docs/SAP_S4HANA_ON-PREMISE/7b24a64d9d0941bda1afa753263d9e39/c98ff39d219c40c9870e0c1ad0ed3ad6.html,OFFICIAL_OR_PRIMARY,PASS,PASS,PASS,RETAIN,Official/primary source with a recorded finding and no restricted-source/module mismatch.,2026-08-31
PFD-LEG-00139,SALES-P2-BM-014,F037,Sales,"Quote, order, and invoice tables",https://learn.microsoft.com/en-us/dynamics365/sales/developer/quote-order-invoice-entities,OFFICIAL_OR_PRIMARY,PASS,PASS,PASS,RETAIN,Official/primary source with a recorded finding and no restricted-source/module mismatch.,2026-08-31
PFD-LEG-00140,SALES-P2-BM-015,F038,Sales,Sales Quotation Management,https://help.sap.com/docs/SAP_S4HANA_ON-PREMISE/7b24a64d9d0941bda1afa753263d9e39/c98ff39d219c40c9870e0c1ad0ed3ad6.html,OFFICIAL_OR_PRIMARY,PASS,PASS,PASS,RETAIN,Official/primary source with a recorded finding and no restricted-source/module mismatch.,2026-08-31
PFD-LEG-00141,SALES-P2-BM-016,F038,Sales,"Quote, order, and invoice tables",https://learn.microsoft.com/en-us/dynamics365/sales/developer/quote-order-invoice-entities,OFFICIAL_OR_PRIMARY,PASS,PASS,PASS,RETAIN,Official/primary source with a recorded finding and no restricted-source/module mismatch.,2026-08-31
PFD-LEG-00142,SALES-P2-BM-017,F039,Sales,Pricing in Sales Documents,https://help.sap.com/docs/SAP_S4HANA_ON-PREMISE/7b24a64d9d0941bda1afa753263d9e39/bf8dc95360267214e10000000a174cb4.html,OFFICIAL_OR_PRIMARY,PASS,PASS,PASS,RETAIN,Official/primary source with a recorded finding and no restricted-source/module mismatch.,2026-08-31
PFD-LEG-00143,SALES-P2-BM-018,F039,Sales,"Price calculation for opportunity, quote, order, and invoice records",https://learn.microsoft.com/en-us/dynamics365/sales/price-calculation-opportunity-quote-order-invoice-records,OFFICIAL_OR_PRIMARY,PASS,PASS,PASS,RETAIN,Official/primary source with a recorded finding and no restricted-source/module mismatch.,2026-08-31
PFD-LEG-00144,SALES-P2-BM-019,F040,Sales,Pricing in Sales Documents,https://help.sap.com/docs/SAP_S4HANA_ON-PREMISE/7b24a64d9d0941bda1afa753263d9e39/bf8dc95360267214e10000000a174cb4.html,OFFICIAL_OR_PRIMARY,PASS,PASS,PASS,RETAIN,Official/primary source with a recorded finding and no restricted-source/module mismatch.,2026-08-31
PFD-LEG-00145,SALES-P2-BM-020,F040,Sales,"Price calculation for opportunity, quote, order, and invoice records",https://learn.microsoft.com/en-us/dynamics365/sales/price-calculation-opportunity-quote-order-invoice-records,OFFICIAL_OR_PRIMARY,PASS,PASS,PASS,RETAIN,Official/primary source with a recorded finding and no restricted-source/module mismatch.,2026-08-31
PFD-LEG-00146,SALES-P2-BM-021,F041,Sales,Sales Quotation Management,https://help.sap.com/docs/SAP_S4HANA_ON-PREMISE/7b24a64d9d0941bda1afa753263d9e39/c98ff39d219c40c9870e0c1ad0ed3ad6.html,OFFICIAL_OR_PRIMARY,PASS,PASS,PASS,RETAIN,Official/primary source with a recorded finding and no restricted-source/module mismatch.,2026-08-31
PFD-LEG-00147,SALES-P2-BM-022,F041,Sales,"Quote, order, and invoice tables",https://learn.microsoft.com/en-us/dynamics365/sales/developer/quote-order-invoice-entities,OFFICIAL_OR_PRIMARY,PASS,PASS,PASS,RETAIN,Official/primary source with a recorded finding and no restricted-source/module mismatch.,2026-08-31
PFD-LEG-00148,SALES-P2-BM-023,F042,Sales,Sales Quotation Management,https://help.sap.com/docs/SAP_S4HANA_ON-PREMISE/7b24a64d9d0941bda1afa753263d9e39/c98ff39d219c40c9870e0c1ad0ed3ad6.html,OFFICIAL_OR_PRIMARY,PASS,PASS,PASS,RETAIN,Official/primary source with a recorded finding and no restricted-source/module mismatch.,2026-08-31
PFD-LEG-00149,SALES-P2-BM-024,F042,Sales,"Quote, order, and invoice tables",https://learn.microsoft.com/en-us/dynamics365/sales/developer/quote-order-invoice-entities,OFFICIAL_OR_PRIMARY,PASS,PASS,PASS,RETAIN,Official/primary source with a recorded finding and no restricted-source/module mismatch.,2026-08-31
PFD-LEG-00150,SALES-P2-BM-025,F043,Sales,Sales Quotation Management,https://help.sap.com/docs/SAP_S4HANA_ON-PREMISE/7b24a64d9d0941bda1afa753263d9e39/c98ff39d219c40c9870e0c1ad0ed3ad6.html,OFFICIAL_OR_PRIMARY,PASS,PASS,PASS,RETAIN,Official/primary source with a recorded finding and no restricted-source/module mismatch.,2026-08-31
PFD-LEG-00151,SALES-P2-BM-026,F043,Sales,"Quote, order, and invoice tables",https://learn.microsoft.com/en-us/dynamics365/sales/developer/quote-order-invoice-entities,OFFICIAL_OR_PRIMARY,PASS,PASS,PASS,RETAIN,Official/primary source with a recorded finding and no restricted-source/module mismatch.,2026-08-31
PFD-LEG-00152,SALES-P2-BM-027,F044,Sales,Sales Quotation Management,https://help.sap.com/docs/SAP_S4HANA_ON-PREMISE/7b24a64d9d0941bda1afa753263d9e39/c98ff39d219c40c9870e0c1ad0ed3ad6.html,OFFICIAL_OR_PRIMARY,PASS,PASS,PASS,RETAIN,Official/primary source with a recorded finding and no restricted-source/module mismatch.,2026-08-31
PFD-LEG-00153,SALES-P2-BM-028,F044,Sales,"Quote, order, and invoice tables",https://learn.microsoft.com/en-us/dynamics365/sales/developer/quote-order-invoice-entities,OFFICIAL_OR_PRIMARY,PASS,PASS,PASS,RETAIN,Official/primary source with a recorded finding and no restricted-source/module mismatch.,2026-08-31
PFD-LEG-00154,SALES-P2-BM-029,F045,Sales,Sales quotations,https://www.odoo.com/documentation/18.0/applications/sales/sales/sales_quotations.html,OFFICIAL_OR_PRIMARY,PASS,PASS,PASS,RETAIN,Official/primary source with a recorded finding and no restricted-source/module mismatch.,2026-08-31
PFD-LEG-00155,SALES-P2-BM-030,F045,Sales,Sales Quotation Management,https://help.sap.com/docs/SAP_S4HANA_ON-PREMISE/7b24a64d9d0941bda1afa753263d9e39/c98ff39d219c40c9870e0c1ad0ed3ad6.html,OFFICIAL_OR_PRIMARY,PASS,PASS,PASS,RETAIN,Official/primary source with a recorded finding and no restricted-source/module mismatch.,2026-08-31
PFD-LEG-00156,SALES-P2-BM-031,F046,Sales,Sales quotations,https://www.odoo.com/documentation/18.0/applications/sales/sales/sales_quotations.html,OFFICIAL_OR_PRIMARY,PASS,PASS,PASS,RETAIN,Official/primary source with a recorded finding and no restricted-source/module mismatch.,2026-08-31
PFD-LEG-00157,SALES-P2-BM-032,F046,Sales,Sales Quotation Management,https://help.sap.com/docs/SAP_S4HANA_ON-PREMISE/7b24a64d9d0941bda1afa753263d9e39/c98ff39d219c40c9870e0c1ad0ed3ad6.html,OFFICIAL_OR_PRIMARY,PASS,PASS,PASS,RETAIN,Official/primary source with a recorded finding and no restricted-source/module mismatch.,2026-08-31
PFD-LEG-00158,SALES-P2-BM-033,F047,Sales,Sales quotations,https://www.odoo.com/documentation/18.0/applications/sales/sales/sales_quotations.html,OFFICIAL_OR_PRIMARY,PASS,PASS,PASS,RETAIN,Official/primary source with a recorded finding and no restricted-source/module mismatch.,2026-08-31
PFD-LEG-00159,SALES-P2-BM-034,F047,Sales,Sales Quotation Management,https://help.sap.com/docs/SAP_S4HANA_ON-PREMISE/7b24a64d9d0941bda1afa753263d9e39/c98ff39d219c40c9870e0c1ad0ed3ad6.html,OFFICIAL_OR_PRIMARY,PASS,PASS,PASS,RETAIN,Official/primary source with a recorded finding and no restricted-source/module mismatch.,2026-08-31
PFD-LEG-00160,SALES-P2-BM-035,F048,Sales,Sales quotations,https://www.odoo.com/documentation/18.0/applications/sales/sales/sales_quotations.html,OFFICIAL_OR_PRIMARY,PASS,PASS,PASS,RETAIN,Official/primary source with a recorded finding and no restricted-source/module mismatch.,2026-08-31
PFD-LEG-00161,SALES-P2-BM-036,F048,Sales,Sales Quotation Management,https://help.sap.com/docs/SAP_S4HANA_ON-PREMISE/7b24a64d9d0941bda1afa753263d9e39/c98ff39d219c40c9870e0c1ad0ed3ad6.html,OFFICIAL_OR_PRIMARY,PASS,PASS,PASS,RETAIN,Official/primary source with a recorded finding and no restricted-source/module mismatch.,2026-08-31
PFD-LEG-00162,SALES-P2-BM-037,F049,Sales,Sales Quotation Management,https://help.sap.com/docs/SAP_S4HANA_ON-PREMISE/7b24a64d9d0941bda1afa753263d9e39/c98ff39d219c40c9870e0c1ad0ed3ad6.html,OFFICIAL_OR_PRIMARY,PASS,PASS,PASS,RETAIN,Official/primary source with a recorded finding and no restricted-source/module mismatch.,2026-08-31
PFD-LEG-00163,SALES-P2-BM-038,F049,Sales,"Quote, order, and invoice tables",https://learn.microsoft.com/en-us/dynamics365/sales/developer/quote-order-invoice-entities,OFFICIAL_OR_PRIMARY,PASS,PASS,PASS,RETAIN,Official/primary source with a recorded finding and no restricted-source/module mismatch.,2026-08-31
PFD-LEG-00164,SALES-P2-BM-039,F050,Sales,Invoicing policy,https://www.odoo.com/documentation/18.0/applications/sales/sales/invoicing/invoicing_policy.html,OFFICIAL_OR_PRIMARY,PASS,PASS,PASS,RETAIN,Official/primary source with a recorded finding and no restricted-source/module mismatch.,2026-08-31
PFD-LEG-00165,SALES-P2-BM-040,F050,Sales,"Quote, order, and invoice tables",https://learn.microsoft.com/en-us/dynamics365/sales/developer/quote-order-invoice-entities,OFFICIAL_OR_PRIMARY,PASS,PASS,PASS,RETAIN,Official/primary source with a recorded finding and no restricted-source/module mismatch.,2026-08-31
PFD-LEG-00166,SALES-P2-BM-041,F051,Sales,Invoicing policy,https://www.odoo.com/documentation/18.0/applications/sales/sales/invoicing/invoicing_policy.html,OFFICIAL_OR_PRIMARY,PASS,PASS,PASS,RETAIN,Official/primary source with a recorded finding and no restricted-source/module mismatch.,2026-08-31
PFD-LEG-00167,SALES-P2-BM-042,F051,Sales,"Quote, order, and invoice tables",https://learn.microsoft.com/en-us/dynamics365/sales/developer/quote-order-invoice-entities,OFFICIAL_OR_PRIMARY,PASS,PASS,PASS,RETAIN,Official/primary source with a recorded finding and no restricted-source/module mismatch.,2026-08-31
PFD-LEG-00168,SALES-P2-BM-043,F052,Sales,Down payments,https://www.odoo.com/documentation/18.0/applications/sales/sales/invoicing/down_payment.html,OFFICIAL_OR_PRIMARY,PASS,PASS,PASS,RETAIN,Official/primary source with a recorded finding and no restricted-source/module mismatch.,2026-08-31
PFD-LEG-00169,SALES-P2-BM-044,F052,Sales,"Quote, order, and invoice tables",https://learn.microsoft.com/en-us/dynamics365/sales/developer/quote-order-invoice-entities,OFFICIAL_OR_PRIMARY,PASS,PASS,PASS,RETAIN,Official/primary source with a recorded finding and no restricted-source/module mismatch.,2026-08-31
PFD-LEG-00170,SALES-P2-BM-045,F053,Sales,Customer credit limits,https://www.odoo.com/documentation/18.0/applications/finance/accounting/customer_invoices/credit_limit.html,OFFICIAL_OR_PRIMARY,PASS,PASS,PASS,RETAIN,Official/primary source with a recorded finding and no restricted-source/module mismatch.,2026-08-31
PFD-LEG-00171,SALES-P2-BM-046,F053,Sales,Sales Quotation Management,https://help.sap.com/docs/SAP_S4HANA_ON-PREMISE/7b24a64d9d0941bda1afa753263d9e39/c98ff39d219c40c9870e0c1ad0ed3ad6.html,OFFICIAL_OR_PRIMARY,PASS,PASS,PASS,RETAIN,Official/primary source with a recorded finding and no restricted-source/module mismatch.,2026-08-31
PFD-LEG-00172,SALES-P2-BM-047,F054,Sales,"Quote, order, and invoice tables",https://learn.microsoft.com/en-us/dynamics365/sales/developer/quote-order-invoice-entities,OFFICIAL_OR_PRIMARY,PASS,PASS,PASS,RETAIN,Official/primary source with a recorded finding and no restricted-source/module mismatch.,2026-08-31
PFD-LEG-00173,SALES-P2-BM-048,F054,Sales,Sales quotations,https://www.odoo.com/documentation/18.0/applications/sales/sales/sales_quotations.html,OFFICIAL_OR_PRIMARY,PASS,PASS,PASS,RETAIN,Official/primary source with a recorded finding and no restricted-source/module mismatch.,2026-08-31
PFD-LEG-00174,SALES-P2-BM-049,F055,Sales,Invoicing policy,https://www.odoo.com/documentation/18.0/applications/sales/sales/invoicing/invoicing_policy.html,OFFICIAL_OR_PRIMARY,PASS,PASS,PASS,RETAIN,Official/primary source with a recorded finding and no restricted-source/module mismatch.,2026-08-31
PFD-LEG-00175,SALES-P2-BM-050,F055,Sales,"Quote, order, and invoice tables",https://learn.microsoft.com/en-us/dynamics365/sales/developer/quote-order-invoice-entities,OFFICIAL_OR_PRIMARY,PASS,PASS,PASS,RETAIN,Official/primary source with a recorded finding and no restricted-source/module mismatch.,2026-08-31
PFD-LEG-00176,SALES-P2-BM-051,F056,Sales,"Quote, order, and invoice tables",https://learn.microsoft.com/en-us/dynamics365/sales/developer/quote-order-invoice-entities,OFFICIAL_OR_PRIMARY,PASS,PASS,PASS,RETAIN,Official/primary source with a recorded finding and no restricted-source/module mismatch.,2026-08-31
PFD-LEG-00177,SALES-P2-BM-052,F056,Sales,Sales quotations,https://www.odoo.com/documentation/18.0/applications/sales/sales/sales_quotations.html,OFFICIAL_OR_PRIMARY,PASS,PASS,PASS,RETAIN,Official/primary source with a recorded finding and no restricted-source/module mismatch.,2026-08-31
PFD-LEG-00178,SALES-P2-BM-053,F057,Sales,What Is Sales Cloud?,https://www.salesforce.com/sales/cloud/guide/,OFFICIAL_OR_PRIMARY,PASS,PASS,PASS,RETAIN,Official/primary source with a recorded finding and no restricted-source/module mismatch.,2026-08-31
PFD-LEG-00179,SALES-P2-BM-054,F057,Sales,Margins,https://www.odoo.com/documentation/18.0/applications/sales/sales/sales_quotations/margin.html,OFFICIAL_OR_PRIMARY,PASS,PASS,PASS,RETAIN,Official/primary source with a recorded finding and no restricted-source/module mismatch.,2026-08-31
PFD-LEG-00180,SALES-P2-BM-055,F058,Sales,Payment terms and installment plans,https://www.odoo.com/documentation/18.0/applications/finance/accounting/customer_invoices/payment_terms.html,OFFICIAL_OR_PRIMARY,PASS,PASS,PASS,RETAIN,Official/primary source with a recorded finding and no restricted-source/module mismatch.,2026-08-31
PFD-LEG-00181,SALES-P2-BM-056,F058,Sales,"Quote, order, and invoice tables",https://learn.microsoft.com/en-us/dynamics365/sales/developer/quote-order-invoice-entities,OFFICIAL_OR_PRIMARY,PASS,PASS,PASS,RETAIN,Official/primary source with a recorded finding and no restricted-source/module mismatch.,2026-08-31
PFD-LEG-00182,SALES-P2-BM-057,F059,Sales,Sales Quotation Management,https://help.sap.com/docs/SAP_S4HANA_ON-PREMISE/7b24a64d9d0941bda1afa753263d9e39/c98ff39d219c40c9870e0c1ad0ed3ad6.html,OFFICIAL_OR_PRIMARY,PASS,PASS,PASS,RETAIN,Official/primary source with a recorded finding and no restricted-source/module mismatch.,2026-08-31
PFD-LEG-00183,SALES-P2-BM-058,F059,Sales,"Quote, order, and invoice tables",https://learn.microsoft.com/en-us/dynamics365/sales/developer/quote-order-invoice-entities,OFFICIAL_OR_PRIMARY,PASS,PASS,PASS,RETAIN,Official/primary source with a recorded finding and no restricted-source/module mismatch.,2026-08-31
PFD-LEG-00184,SALES-P2-BM-059,F060,Sales,What Is Sales Cloud?,https://www.salesforce.com/sales/cloud/guide/,OFFICIAL_OR_PRIMARY,PASS,PASS,PASS,RETAIN,Official/primary source with a recorded finding and no restricted-source/module mismatch.,2026-08-31
PFD-LEG-00185,SALES-P2-BM-060,F060,Sales,Margins,https://www.odoo.com/documentation/18.0/applications/sales/sales/sales_quotations/margin.html,OFFICIAL_OR_PRIMARY,PASS,PASS,PASS,RETAIN,Official/primary source with a recorded finding and no restricted-source/module mismatch.,2026-08-31
PFD-LEG-00186,SALES-P2-BM-061,F061,Sales,Margins,https://www.odoo.com/documentation/18.0/applications/sales/sales/sales_quotations/margin.html,OFFICIAL_OR_PRIMARY,PASS,PASS,PASS,RETAIN,Official/primary source with a recorded finding and no restricted-source/module mismatch.,2026-08-31
PFD-LEG-00187,SALES-P2-BM-062,F061,Sales,Pricing in Sales Documents,https://help.sap.com/docs/SAP_S4HANA_ON-PREMISE/7b24a64d9d0941bda1afa753263d9e39/bf8dc95360267214e10000000a174cb4.html,OFFICIAL_OR_PRIMARY,PASS,PASS,PASS,RETAIN,Official/primary source with a recorded finding and no restricted-source/module mismatch.,2026-08-31
PFD-LEG-00188,SALES-P2-BM-063,F062,Sales,Sales Quotation Management,https://help.sap.com/docs/SAP_S4HANA_ON-PREMISE/7b24a64d9d0941bda1afa753263d9e39/c98ff39d219c40c9870e0c1ad0ed3ad6.html,OFFICIAL_OR_PRIMARY,PASS,PASS,PASS,RETAIN,Official/primary source with a recorded finding and no restricted-source/module mismatch.,2026-08-31
PFD-LEG-00189,SALES-P2-BM-064,F062,Sales,"Quote, order, and invoice tables",https://learn.microsoft.com/en-us/dynamics365/sales/developer/quote-order-invoice-entities,OFFICIAL_OR_PRIMARY,PASS,PASS,PASS,RETAIN,Official/primary source with a recorded finding and no restricted-source/module mismatch.,2026-08-31
PFD-LEG-00190,PROC-P3-BM-001,F063,Procurement,Supplier Registration Process,https://docs.oracle.com/en/cloud/saas/procurement/25c/oaprc/supplier-registration-process.html,OFFICIAL_OR_PRIMARY,PASS,PASS,PASS,RETAIN,Official/primary source with a recorded finding and no restricted-source/module mismatch.,2026-08-31
PFD-LEG-00191,PROC-P3-BM-002,F063,Procurement,Source to pay business process introduction,https://learn.microsoft.com/en-us/dynamics365/guidance/business-processes/source-to-pay-introduction,OFFICIAL_OR_PRIMARY,PASS,PASS,PASS,RETAIN,Official/primary source with a recorded finding and no restricted-source/module mismatch.,2026-08-31
PFD-LEG-00192,PROC-P3-BM-003,F064,Procurement,Supplier Registration Process,https://docs.oracle.com/en/cloud/saas/procurement/25c/oaprc/supplier-registration-process.html,OFFICIAL_OR_PRIMARY,PASS,PASS,PASS,RETAIN,Official/primary source with a recorded finding and no restricted-source/module mismatch.,2026-08-31
PFD-LEG-00193,PROC-P3-BM-004,F064,Procurement,Source to pay business process introduction,https://learn.microsoft.com/en-us/dynamics365/guidance/business-processes/source-to-pay-introduction,OFFICIAL_OR_PRIMARY,PASS,PASS,PASS,RETAIN,Official/primary source with a recorded finding and no restricted-source/module mismatch.,2026-08-31
PFD-LEG-00194,PROC-P3-BM-005,F065,Procurement,Supplier Registration Process,https://docs.oracle.com/en/cloud/saas/procurement/25c/oaprc/supplier-registration-process.html,OFFICIAL_OR_PRIMARY,PASS,PASS,PASS,RETAIN,Official/primary source with a recorded finding and no restricted-source/module mismatch.,2026-08-31
PFD-LEG-00195,PROC-P3-BM-006,F065,Procurement,Source to pay business process introduction,https://learn.microsoft.com/en-us/dynamics365/guidance/business-processes/source-to-pay-introduction,OFFICIAL_OR_PRIMARY,PASS,PASS,PASS,RETAIN,Official/primary source with a recorded finding and no restricted-source/module mismatch.,2026-08-31
PFD-LEG-00196,PROC-P3-BM-007,F066,Procurement,Raise purchase requisitions overview,https://learn.microsoft.com/en-us/dynamics365/guidance/business-processes/source-to-pay-raise-purchase-requisitions-overview,OFFICIAL_OR_PRIMARY,PASS,PASS,PASS,RETAIN,Official/primary source with a recorded finding and no restricted-source/module mismatch.,2026-08-31
PFD-LEG-00197,PROC-P3-BM-008,F066,Procurement,Supplier Evaluation,https://help.sap.com/docs/SAP_S4HANA_CLOUD/0e602d466b99490187fcbb30d1dc897c/99edf736476e46c397f2529886750117.html,OFFICIAL_OR_PRIMARY,PASS,PASS,PASS,RETAIN,Official/primary source with a recorded finding and no restricted-source/module mismatch.,2026-08-31
PFD-LEG-00198,PROC-P3-BM-009,F067,Procurement,Raise purchase requisitions overview,https://learn.microsoft.com/en-us/dynamics365/guidance/business-processes/source-to-pay-raise-purchase-requisitions-overview,OFFICIAL_OR_PRIMARY,PASS,PASS,PASS,RETAIN,Official/primary source with a recorded finding and no restricted-source/module mismatch.,2026-08-31
PFD-LEG-00199,PROC-P3-BM-010,F067,Procurement,Source to pay business process introduction,https://learn.microsoft.com/en-us/dynamics365/guidance/business-processes/source-to-pay-introduction,OFFICIAL_OR_PRIMARY,PASS,PASS,PASS,RETAIN,Official/primary source with a recorded finding and no restricted-source/module mismatch.,2026-08-31
PFD-LEG-00200,PROC-P3-BM-011,F068,Procurement,Raise purchase requisitions overview,https://learn.microsoft.com/en-us/dynamics365/guidance/business-processes/source-to-pay-raise-purchase-requisitions-overview,OFFICIAL_OR_PRIMARY,PASS,PASS,PASS,RETAIN,Official/primary source with a recorded finding and no restricted-source/module mismatch.,2026-08-31
PFD-LEG-00201,PROC-P3-BM-012,F068,Procurement,Source to pay business process introduction,https://learn.microsoft.com/en-us/dynamics365/guidance/business-processes/source-to-pay-introduction,OFFICIAL_OR_PRIMARY,PASS,PASS,PASS,RETAIN,Official/primary source with a recorded finding and no restricted-source/module mismatch.,2026-08-31
PFD-LEG-00202,PROC-P3-BM-013,F069,Procurement,Requests for quotation overview,https://learn.microsoft.com/en-us/dynamics365/supply-chain/procurement/request-quotations,OFFICIAL_OR_PRIMARY,PASS,PASS,PASS,RETAIN,Official/primary source with a recorded finding and no restricted-source/module mismatch.,2026-08-31
PFD-LEG-00203,PROC-P3-BM-014,F069,Procurement,Procure goods and services overview,https://learn.microsoft.com/en-us/dynamics365/guidance/business-processes/source-to-pay-procure-materials-services-overview,OFFICIAL_OR_PRIMARY,PASS,PASS,PASS,RETAIN,Official/primary source with a recorded finding and no restricted-source/module mismatch.,2026-08-31
PFD-LEG-00204,PROC-P3-BM-015,F070,Procurement,Requests for quotation overview,https://learn.microsoft.com/en-us/dynamics365/supply-chain/procurement/request-quotations,OFFICIAL_OR_PRIMARY,PASS,PASS,PASS,RETAIN,Official/primary source with a recorded finding and no restricted-source/module mismatch.,2026-08-31
PFD-LEG-00205,PROC-P3-BM-016,F070,Procurement,Procure goods and services overview,https://learn.microsoft.com/en-us/dynamics365/guidance/business-processes/source-to-pay-procure-materials-services-overview,OFFICIAL_OR_PRIMARY,PASS,PASS,PASS,RETAIN,Official/primary source with a recorded finding and no restricted-source/module mismatch.,2026-08-31
PFD-LEG-00206,PROC-P3-BM-017,F071,Procurement,Requests for quotation overview,https://learn.microsoft.com/en-us/dynamics365/supply-chain/procurement/request-quotations,OFFICIAL_OR_PRIMARY,PASS,PASS,PASS,RETAIN,Official/primary source with a recorded finding and no restricted-source/module mismatch.,2026-08-31
PFD-LEG-00207,PROC-P3-BM-018,F071,Procurement,Procure-to-pay overview,https://learn.microsoft.com/en-us/dynamics365/guidance/techtalks/supply-chain-procure-to-pay-overview,OFFICIAL_OR_PRIMARY,PASS,PASS,PASS,RETAIN,Official/primary source with a recorded finding and no restricted-source/module mismatch.,2026-08-31
PFD-LEG-00208,PROC-P3-BM-019,F072,Procurement,Requests for quotation overview,https://learn.microsoft.com/en-us/dynamics365/supply-chain/procurement/request-quotations,OFFICIAL_OR_PRIMARY,PASS,PASS,PASS,RETAIN,Official/primary source with a recorded finding and no restricted-source/module mismatch.,2026-08-31
PFD-LEG-00209,PROC-P3-BM-020,F072,Procurement,Procure-to-pay overview,https://learn.microsoft.com/en-us/dynamics365/guidance/techtalks/supply-chain-procure-to-pay-overview,OFFICIAL_OR_PRIMARY,PASS,PASS,PASS,RETAIN,Official/primary source with a recorded finding and no restricted-source/module mismatch.,2026-08-31
PFD-LEG-00210,PROC-P3-BM-021,F073,Procurement,Requests for quotation overview,https://learn.microsoft.com/en-us/dynamics365/supply-chain/procurement/request-quotations,OFFICIAL_OR_PRIMARY,PASS,PASS,PASS,RETAIN,Official/primary source with a recorded finding and no restricted-source/module mismatch.,2026-08-31
PFD-LEG-00211,PROC-P3-BM-022,F073,Procurement,Procure-to-pay overview,https://learn.microsoft.com/en-us/dynamics365/guidance/techtalks/supply-chain-procure-to-pay-overview,OFFICIAL_OR_PRIMARY,PASS,PASS,PASS,RETAIN,Official/primary source with a recorded finding and no restricted-source/module mismatch.,2026-08-31
PFD-LEG-00212,PROC-P3-BM-023,F074,Procurement,Create a purchase order,https://learn.microsoft.com/en-us/dynamics365/supply-chain/procurement/tasks/create-purchase-order,OFFICIAL_OR_PRIMARY,PASS,PASS,PASS,RETAIN,Official/primary source with a recorded finding and no restricted-source/module mismatch.,2026-08-31
PFD-LEG-00213,PROC-P3-BM-024,F074,Procurement,Source to pay business process introduction,https://learn.microsoft.com/en-us/dynamics365/guidance/business-processes/source-to-pay-introduction,OFFICIAL_OR_PRIMARY,PASS,PASS,PASS,RETAIN,Official/primary source with a recorded finding and no restricted-source/module mismatch.,2026-08-31
PFD-LEG-00214,PROC-P3-BM-025,F075,Procurement,Source to pay business process introduction,https://learn.microsoft.com/en-us/dynamics365/guidance/business-processes/source-to-pay-introduction,OFFICIAL_OR_PRIMARY,PASS,PASS,PASS,RETAIN,Official/primary source with a recorded finding and no restricted-source/module mismatch.,2026-08-31
PFD-LEG-00215,PROC-P3-BM-026,F075,Procurement,Create a purchase order,https://learn.microsoft.com/en-us/dynamics365/supply-chain/procurement/tasks/create-purchase-order,OFFICIAL_OR_PRIMARY,PASS,PASS,PASS,RETAIN,Official/primary source with a recorded finding and no restricted-source/module mismatch.,2026-08-31
PFD-LEG-00216,PROC-P3-BM-027,F076,Procurement,Create a purchase order,https://learn.microsoft.com/en-us/dynamics365/supply-chain/procurement/tasks/create-purchase-order,OFFICIAL_OR_PRIMARY,PASS,PASS,PASS,RETAIN,Official/primary source with a recorded finding and no restricted-source/module mismatch.,2026-08-31
PFD-LEG-00217,PROC-P3-BM-028,F076,Procurement,Source to pay business process introduction,https://learn.microsoft.com/en-us/dynamics365/guidance/business-processes/source-to-pay-introduction,OFFICIAL_OR_PRIMARY,PASS,PASS,PASS,RETAIN,Official/primary source with a recorded finding and no restricted-source/module mismatch.,2026-08-31
PFD-LEG-00218,PROC-P3-BM-029,F077,Procurement,Blanket orders,https://www.odoo.com/documentation/19.0/applications/inventory_and_mrp/purchase/manage_deals/blanket_orders.html,OFFICIAL_OR_PRIMARY,PASS,PASS,PASS,RETAIN,Official/primary source with a recorded finding and no restricted-source/module mismatch.,2026-08-31
PFD-LEG-00219,PROC-P3-BM-030,F077,Procurement,Scheduling Agreement,https://help.sap.com/docs/SAP_S4HANA_ON-PREMI-SE/af9ef57f504840d2b81be8667206d485/217fb65334e6b54ce10000000a174cb4.html,OFFICIAL_OR_PRIMARY,PASS,PASS,PASS,RETAIN,Official/primary source with a recorded finding and no restricted-source/module mismatch.,2026-08-31
PFD-LEG-00220,PROC-P3-BM-031,F078,Procurement,Blanket orders,https://www.odoo.com/documentation/19.0/applications/inventory_and_mrp/purchase/manage_deals/blanket_orders.html,OFFICIAL_OR_PRIMARY,PASS,PASS,PASS,RETAIN,Official/primary source with a recorded finding and no restricted-source/module mismatch.,2026-08-31
PFD-LEG-00221,PROC-P3-BM-032,F078,Procurement,Scheduling Agreement,https://help.sap.com/docs/SAP_S4HANA_ON-PREMI-SE/af9ef57f504840d2b81be8667206d485/217fb65334e6b54ce10000000a174cb4.html,OFFICIAL_OR_PRIMARY,PASS,PASS,PASS,RETAIN,Official/primary source with a recorded finding and no restricted-source/module mismatch.,2026-08-31
PFD-LEG-00222,PROC-P3-BM-033,F079,Procurement,Import vendor pricelist,https://www.odoo.com/documentation/19.0/applications/inventory_and_mrp/purchase/products/pricelist.html,OFFICIAL_OR_PRIMARY,PASS,PASS,PASS,RETAIN,Official/primary source with a recorded finding and no restricted-source/module mismatch.,2026-08-31
PFD-LEG-00223,PROC-P3-BM-034,F079,Procurement,Lead times,https://www.odoo.com/documentation/19.0/applications/inventory_and_mrp/inventory/warehouses_storage/replenishment/lead_times.html,OFFICIAL_OR_PRIMARY,PASS,PASS,PASS,RETAIN,Official/primary source with a recorded finding and no restricted-source/module mismatch.,2026-08-31
PFD-LEG-00224,PROC-P3-BM-035,F080,Procurement,Source to pay business process introduction,https://learn.microsoft.com/en-us/dynamics365/guidance/business-processes/source-to-pay-introduction,OFFICIAL_OR_PRIMARY,PASS,PASS,PASS,RETAIN,Official/primary source with a recorded finding and no restricted-source/module mismatch.,2026-08-31
PFD-LEG-00225,PROC-P3-BM-036,F080,Procurement,Create Supplier Invoice - Advanced,https://help.sap.com/docs/SAP_S4HANA_ON-PREMISE/ed84b70c199d4470ae2e5ccb93b2e45b/f9467657a11a0522e10000000a44147b.html,OFFICIAL_OR_PRIMARY,PASS,PASS,PASS,RETAIN,Official/primary source with a recorded finding and no restricted-source/module mismatch.,2026-08-31
PFD-LEG-00226,PROC-P3-BM-037,F081,Procurement,Control policies and 3-way matching,https://www.odoo.com/documentation/19.0/applications/inventory_and_mrp/purchase/manage_deals/control_bills.html,OFFICIAL_OR_PRIMARY,PASS,PASS,PASS,RETAIN,Official/primary source with a recorded finding and no restricted-source/module mismatch.,2026-08-31
PFD-LEG-00227,PROC-P3-BM-038,F081,Procurement,Source to pay business process introduction,https://learn.microsoft.com/en-us/dynamics365/guidance/business-processes/source-to-pay-introduction,OFFICIAL_OR_PRIMARY,PASS,PASS,PASS,RETAIN,Official/primary source with a recorded finding and no restricted-source/module mismatch.,2026-08-31
PFD-LEG-00228,PROC-P3-BM-039,F082,Procurement,Source to pay business process introduction,https://learn.microsoft.com/en-us/dynamics365/guidance/business-processes/source-to-pay-introduction,OFFICIAL_OR_PRIMARY,PASS,PASS,PASS,RETAIN,Official/primary source with a recorded finding and no restricted-source/module mismatch.,2026-08-31
PFD-LEG-00229,PROC-P3-BM-040,F082,Procurement,Create Supplier Invoice - Advanced,https://help.sap.com/docs/SAP_S4HANA_ON-PREMISE/ed84b70c199d4470ae2e5ccb93b2e45b/f9467657a11a0522e10000000a44147b.html,OFFICIAL_OR_PRIMARY,PASS,PASS,PASS,RETAIN,Official/primary source with a recorded finding and no restricted-source/module mismatch.,2026-08-31
PFD-LEG-00230,PROC-P3-BM-041,F083,Procurement,Source to pay business process introduction,https://learn.microsoft.com/en-us/dynamics365/guidance/business-processes/source-to-pay-introduction,OFFICIAL_OR_PRIMARY,PASS,PASS,PASS,RETAIN,Official/primary source with a recorded finding and no restricted-source/module mismatch.,2026-08-31
PFD-LEG-00231,PROC-P3-BM-042,F083,Procurement,Procure goods and services overview,https://learn.microsoft.com/en-us/dynamics365/guidance/business-processes/source-to-pay-procure-materials-services-overview,OFFICIAL_OR_PRIMARY,PASS,PASS,PASS,RETAIN,Official/primary source with a recorded finding and no restricted-source/module mismatch.,2026-08-31
PFD-LEG-00232,PROC-P3-BM-043,F084,Procurement,Vendor bills,https://www.odoo.com/documentation/19.0/applications/finance/accounting/vendor_bills.html,OFFICIAL_OR_PRIMARY,PASS,PASS,PASS,RETAIN,Official/primary source with a recorded finding and no restricted-source/module mismatch.,2026-08-31
PFD-LEG-00233,PROC-P3-BM-044,F084,Procurement,Create Supplier Invoice - Advanced,https://help.sap.com/docs/SAP_S4HANA_ON-PREMISE/ed84b70c199d4470ae2e5ccb93b2e45b/f9467657a11a0522e10000000a44147b.html,OFFICIAL_OR_PRIMARY,PASS,PASS,PASS,RETAIN,Official/primary source with a recorded finding and no restricted-source/module mismatch.,2026-08-31
PFD-LEG-00234,PROC-P3-BM-045,F085,Procurement,Procure-to-pay overview,https://learn.microsoft.com/en-us/dynamics365/guidance/techtalks/supply-chain-procure-to-pay-overview,OFFICIAL_OR_PRIMARY,PASS,PASS,PASS,RETAIN,Official/primary source with a recorded finding and no restricted-source/module mismatch.,2026-08-31
PFD-LEG-00235,PROC-P3-BM-046,F085,Procurement,Control policies and 3-way matching,https://www.odoo.com/documentation/19.0/applications/inventory_and_mrp/purchase/manage_deals/control_bills.html,OFFICIAL_OR_PRIMARY,PASS,PASS,PASS,RETAIN,Official/primary source with a recorded finding and no restricted-source/module mismatch.,2026-08-31
PFD-LEG-00236,PROC-P3-BM-047,F086,Procurement,Procure-to-pay overview,https://learn.microsoft.com/en-us/dynamics365/guidance/techtalks/supply-chain-procure-to-pay-overview,OFFICIAL_OR_PRIMARY,PASS,PASS,PASS,RETAIN,Official/primary source with a recorded finding and no restricted-source/module mismatch.,2026-08-31
PFD-LEG-00237,PROC-P3-BM-048,F086,Procurement,Control policies and 3-way matching,https://www.odoo.com/documentation/19.0/applications/inventory_and_mrp/purchase/manage_deals/control_bills.html,OFFICIAL_OR_PRIMARY,PASS,PASS,PASS,RETAIN,Official/primary source with a recorded finding and no restricted-source/module mismatch.,2026-08-31
PFD-LEG-00238,PROC-P3-BM-049,F087,Procurement,Landed costs,https://www.odoo.com/documentation/19.0/applications/inventory_and_mrp/inventory/inventory_valuation/landed_costs.html,OFFICIAL_OR_PRIMARY,PASS,PASS,PASS,RETAIN,Official/primary source with a recorded finding and no restricted-source/module mismatch.,2026-08-31
PFD-LEG-00239,PROC-P3-BM-050,F087,Procurement,Create Supplier Invoice - Advanced,https://help.sap.com/docs/SAP_S4HANA_ON-PREMISE/ed84b70c199d4470ae2e5ccb93b2e45b/f9467657a11a0522e10000000a44147b.html,OFFICIAL_OR_PRIMARY,PASS,PASS,PASS,RETAIN,Official/primary source with a recorded finding and no restricted-source/module mismatch.,2026-08-31
PFD-LEG-00240,PROC-P3-BM-051,F088,Procurement,Vendor bills,https://www.odoo.com/documentation/19.0/applications/finance/accounting/vendor_bills.html,OFFICIAL_OR_PRIMARY,PASS,PASS,PASS,RETAIN,Official/primary source with a recorded finding and no restricted-source/module mismatch.,2026-08-31
PFD-LEG-00241,PROC-P3-BM-052,F088,Procurement,Source to pay business process introduction,https://learn.microsoft.com/en-us/dynamics365/guidance/business-processes/source-to-pay-introduction,OFFICIAL_OR_PRIMARY,PASS,PASS,PASS,RETAIN,Official/primary source with a recorded finding and no restricted-source/module mismatch.,2026-08-31
PFD-LEG-00242,PROC-P3-BM-053,F089,Procurement,Supplier Evaluation,https://help.sap.com/docs/SAP_S4HANA_CLOUD/0e602d466b99490187fcbb30d1dc897c/99edf736476e46c397f2529886750117.html,OFFICIAL_OR_PRIMARY,PASS,PASS,PASS,RETAIN,Official/primary source with a recorded finding and no restricted-source/module mismatch.,2026-08-31
PFD-LEG-00243,PROC-P3-BM-054,F089,Procurement,Purchase Analysis report,https://www.odoo.com/documentation/19.0/applications/inventory_and_mrp/purchase/advanced/analyze.html,OFFICIAL_OR_PRIMARY,PASS,PASS,PASS,RETAIN,Official/primary source with a recorded finding and no restricted-source/module mismatch.,2026-08-31
PFD-LEG-00244,PROC-P3-BM-055,F090,Procurement,Supplier Evaluation,https://help.sap.com/docs/SAP_S4HANA_CLOUD/0e602d466b99490187fcbb30d1dc897c/99edf736476e46c397f2529886750117.html,OFFICIAL_OR_PRIMARY,PASS,PASS,PASS,RETAIN,Official/primary source with a recorded finding and no restricted-source/module mismatch.,2026-08-31
PFD-LEG-00245,PROC-P3-BM-056,F090,Procurement,Purchase Analysis report,https://www.odoo.com/documentation/19.0/applications/inventory_and_mrp/purchase/advanced/analyze.html,OFFICIAL_OR_PRIMARY,PASS,PASS,PASS,RETAIN,Official/primary source with a recorded finding and no restricted-source/module mismatch.,2026-08-31
PFD-LEG-00246,PROC-P3-BM-057,F091,Procurement,Lead times,https://www.odoo.com/documentation/19.0/applications/inventory_and_mrp/inventory/warehouses_storage/replenishment/lead_times.html,OFFICIAL_OR_PRIMARY,PASS,PASS,PASS,RETAIN,Official/primary source with a recorded finding and no restricted-source/module mismatch.,2026-08-31
PFD-LEG-00247,PROC-P3-BM-058,F091,Procurement,Purchase Analysis report,https://www.odoo.com/documentation/19.0/applications/inventory_and_mrp/purchase/advanced/analyze.html,OFFICIAL_OR_PRIMARY,PASS,PASS,PASS,RETAIN,Official/primary source with a recorded finding and no restricted-source/module mismatch.,2026-08-31
PFD-LEG-00248,PROC-P3-BM-059,F092,Procurement,Purchase Analysis report,https://www.odoo.com/documentation/19.0/applications/inventory_and_mrp/purchase/advanced/analyze.html,OFFICIAL_OR_PRIMARY,PASS,PASS,PASS,RETAIN,Official/primary source with a recorded finding and no restricted-source/module mismatch.,2026-08-31
PFD-LEG-00249,PROC-P3-BM-060,F092,Procurement,Source to pay business process introduction,https://learn.microsoft.com/en-us/dynamics365/guidance/business-processes/source-to-pay-introduction,OFFICIAL_OR_PRIMARY,PASS,PASS,PASS,RETAIN,Official/primary source with a recorded finding and no restricted-source/module mismatch.,2026-08-31
PFD-LEG-00250,PROC-P3-BM-061,F093,Procurement,Purchase Analysis report,https://www.odoo.com/documentation/19.0/applications/inventory_and_mrp/purchase/advanced/analyze.html,OFFICIAL_OR_PRIMARY,PASS,PASS,PASS,RETAIN,Official/primary source with a recorded finding and no restricted-source/module mismatch.,2026-08-31
PFD-LEG-00251,PROC-P3-BM-062,F093,Procurement,Source to pay business process introduction,https://learn.microsoft.com/en-us/dynamics365/guidance/business-processes/source-to-pay-introduction,OFFICIAL_OR_PRIMARY,PASS,PASS,PASS,RETAIN,Official/primary source with a recorded finding and no restricted-source/module mismatch.,2026-08-31
PFD-LEG-00252,PROC-P3-BM-063,F094,Procurement,Reordering rules,https://www.odoo.com/documentation/19.0/applications/inventory_and_mrp/inventory/warehouses_storage/replenishment/reordering_rules.html,OFFICIAL_OR_PRIMARY,PASS,PASS,PASS,RETAIN,Official/primary source with a recorded finding and no restricted-source/module mismatch.,2026-08-31
PFD-LEG-00253,PROC-P3-BM-064,F094,Procurement,Source to pay business process introduction,https://learn.microsoft.com/en-us/dynamics365/guidance/business-processes/source-to-pay-introduction,OFFICIAL_OR_PRIMARY,PASS,PASS,PASS,RETAIN,Official/primary source with a recorded finding and no restricted-source/module mismatch.,2026-08-31
PFD-LEG-00254,PROC-P3-BM-065,F095,Procurement,Basic subcontracting,https://www.odoo.com/documentation/19.0/applications/inventory_and_mrp/manufacturing/subcontracting/subcontracting_basic.html,OFFICIAL_OR_PRIMARY,PASS,PASS,PASS,RETAIN,Official/primary source with a recorded finding and no restricted-source/module mismatch.,2026-08-31
PFD-LEG-00255,PROC-P3-BM-066,F095,Procurement,Scheduling Agreement,https://help.sap.com/docs/SAP_S4HANA_ON-PREMI-SE/af9ef57f504840d2b81be8667206d485/217fb65334e6b54ce10000000a174cb4.html,OFFICIAL_OR_PRIMARY,PASS,PASS,PASS,RETAIN,Official/primary source with a recorded finding and no restricted-source/module mismatch.,2026-08-31
PFD-LEG-00256,PROC-P3-BM-067,F096,Procurement,Purchase,https://www.odoo.com/documentation/19.0/applications/inventory_and_mrp/purchase.html,OFFICIAL_OR_PRIMARY,PASS,PASS,PASS,RETAIN,Official/primary source with a recorded finding and no restricted-source/module mismatch.,2026-08-31
PFD-LEG-00257,PROC-P3-BM-068,F096,Procurement,Purchase Analysis report,https://www.odoo.com/documentation/19.0/applications/inventory_and_mrp/purchase/advanced/analyze.html,OFFICIAL_OR_PRIMARY,PASS,PASS,PASS,RETAIN,Official/primary source with a recorded finding and no restricted-source/module mismatch.,2026-08-31
PFD-LEG-00258,STOCK-P4-BM-001,F097,Stock / Inventory,Odoo official inventory guidance relevant to Item master,https://www.odoo.com/documentation/19.0/applications/inventory_and_mrp/inventory.html,OFFICIAL_OR_PRIMARY,PASS,PASS,PASS,RETAIN,Official/primary source with a recorded finding and no restricted-source/module mismatch.,2026-08-31
PFD-LEG-00259,STOCK-P4-BM-002,F097,Stock / Inventory,Odoo official inventory guidance relevant to Item master,https://www.odoo.com/documentation/19.0/applications/inventory_and_mrp/inventory/product_management/product_tracking.html,OFFICIAL_OR_PRIMARY,PASS,PASS,PASS,RETAIN,Official/primary source with a recorded finding and no restricted-source/module mismatch.,2026-08-31
PFD-LEG-00260,STOCK-P4-BM-003,F098,Stock / Inventory,Odoo official inventory guidance relevant to Item categories,https://www.odoo.com/documentation/19.0/applications/inventory_and_mrp/inventory.html,OFFICIAL_OR_PRIMARY,PASS,PASS,PASS,RETAIN,Official/primary source with a recorded finding and no restricted-source/module mismatch.,2026-08-31
PFD-LEG-00261,STOCK-P4-BM-004,F098,Stock / Inventory,Odoo official inventory guidance relevant to Item categories,https://www.odoo.com/documentation/19.0/applications/inventory_and_mrp/barcode.html,OFFICIAL_OR_PRIMARY,PASS,PASS,PASS,RETAIN,Official/primary source with a recorded finding and no restricted-source/module mismatch.,2026-08-31
PFD-LEG-00262,STOCK-P4-BM-005,F099,Stock / Inventory,Odoo official inventory guidance relevant to SKUs,https://www.odoo.com/documentation/19.0/applications/inventory_and_mrp/inventory.html,OFFICIAL_OR_PRIMARY,PASS,PASS,PASS,RETAIN,Official/primary source with a recorded finding and no restricted-source/module mismatch.,2026-08-31
PFD-LEG-00263,STOCK-P4-BM-006,F099,Stock / Inventory,Odoo official inventory guidance relevant to SKUs,https://www.odoo.com/documentation/19.0/applications/inventory_and_mrp/inventory.html,OFFICIAL_OR_PRIMARY,PASS,PASS,PASS,RETAIN,Official/primary source with a recorded finding and no restricted-source/module mismatch.,2026-08-31
PFD-LEG-00264,STOCK-P4-BM-007,F100,Stock / Inventory,Odoo official inventory guidance relevant to Variants,https://www.odoo.com/documentation/19.0/applications/inventory_and_mrp/inventory.html,OFFICIAL_OR_PRIMARY,PASS,PASS,PASS,RETAIN,Official/primary source with a recorded finding and no restricted-source/module mismatch.,2026-08-31
PFD-LEG-00265,STOCK-P4-BM-008,F100,Stock / Inventory,Microsoft official inventory guidance relevant to Variants,https://learn.microsoft.com/en-us/dynamics365/supply-chain/inventory/inventory-visibility-available-to-promise,OFFICIAL_OR_PRIMARY,PASS,PASS,PASS,RETAIN,Official/primary source with a recorded finding and no restricted-source/module mismatch.,2026-08-31
PFD-LEG-00266,STOCK-P4-BM-009,F101,Stock / Inventory,Odoo official inventory guidance relevant to Multiple units of measure,https://www.odoo.com/documentation/19.0/applications/inventory_and_mrp/inventory.html,OFFICIAL_OR_PRIMARY,PASS,PASS,PASS,RETAIN,Official/primary source with a recorded finding and no restricted-source/module mismatch.,2026-08-31
PFD-LEG-00267,STOCK-P4-BM-010,F101,Stock / Inventory,Microsoft official inventory guidance relevant to Multiple units of measure,https://learn.microsoft.com/en-us/dynamics365/supply-chain/inventory/inventory-visibility-reservations,OFFICIAL_OR_PRIMARY,PASS,PASS,PASS,RETAIN,Official/primary source with a recorded finding and no restricted-source/module mismatch.,2026-08-31
PFD-LEG-00268,STOCK-P4-BM-011,F102,Stock / Inventory,Odoo official inventory guidance relevant to UOM conversions,https://www.odoo.com/documentation/19.0/applications/inventory_and_mrp/inventory.html,OFFICIAL_OR_PRIMARY,PASS,PASS,PASS,RETAIN,Official/primary source with a recorded finding and no restricted-source/module mismatch.,2026-08-31
PFD-LEG-00269,STOCK-P4-BM-012,F102,Stock / Inventory,Microsoft official inventory guidance relevant to UOM conversions,https://learn.microsoft.com/en-us/dynamics365/supply-chain/warehousing/cycle-counting,OFFICIAL_OR_PRIMARY,PASS,PASS,PASS,RETAIN,Official/primary source with a recorded finding and no restricted-source/module mismatch.,2026-08-31
PFD-LEG-00270,STOCK-P4-BM-013,F103,Stock / Inventory,Microsoft official inventory guidance relevant to Warehouses,https://learn.microsoft.com/en-us/dynamics365/supply-chain/warehousing/control-warehouse-location-directives,OFFICIAL_OR_PRIMARY,PASS,PASS,PASS,RETAIN,Official/primary source with a recorded finding and no restricted-source/module mismatch.,2026-08-31
PFD-LEG-00271,STOCK-P4-BM-014,F103,Stock / Inventory,Odoo official inventory guidance relevant to Warehouses,https://www.odoo.com/documentation/19.0/applications/inventory_and_mrp/inventory.html,OFFICIAL_OR_PRIMARY,PASS,PASS,PASS,RETAIN,Official/primary source with a recorded finding and no restricted-source/module mismatch.,2026-08-31
PFD-LEG-00272,STOCK-P4-BM-015,F104,Stock / Inventory,Microsoft official inventory guidance relevant to Warehouse locations and bins,https://learn.microsoft.com/en-us/dynamics365/supply-chain/warehousing/control-warehouse-location-directives,OFFICIAL_OR_PRIMARY,PASS,PASS,PASS,RETAIN,Official/primary source with a recorded finding and no restricted-source/module mismatch.,2026-08-31
PFD-LEG-00273,STOCK-P4-BM-016,F104,Stock / Inventory,Odoo official inventory guidance relevant to Warehouse locations and bins,https://www.odoo.com/documentation/19.0/applications/inventory_and_mrp/inventory.html,OFFICIAL_OR_PRIMARY,PASS,PASS,PASS,RETAIN,Official/primary source with a recorded finding and no restricted-source/module mismatch.,2026-08-31
PFD-LEG-00274,STOCK-P4-BM-017,F105,Stock / Inventory,Odoo official inventory guidance relevant to Multi-warehouse inventory,https://www.odoo.com/documentation/19.0/applications/inventory_and_mrp/inventory.html,OFFICIAL_OR_PRIMARY,PASS,PASS,PASS,RETAIN,Official/primary source with a recorded finding and no restricted-source/module mismatch.,2026-08-31
PFD-LEG-00275,STOCK-P4-BM-018,F105,Stock / Inventory,Oracle official inventory guidance relevant to Multi-warehouse inventory,https://docs.oracle.com/en/cloud/saas/supply-chain-and-manufacturing/26c/famml/considerations-for-selecting-serial-number-uniqueness-control.html,OFFICIAL_OR_PRIMARY,PASS,PASS,PASS,RETAIN,Official/primary source with a recorded finding and no restricted-source/module mismatch.,2026-08-31
PFD-LEG-00276,STOCK-P4-BM-019,F106,Stock / Inventory,Odoo official inventory guidance relevant to Real-time stock balance,https://www.odoo.com/documentation/19.0/applications/inventory_and_mrp/inventory.html,OFFICIAL_OR_PRIMARY,PASS,PASS,PASS,RETAIN,Official/primary source with a recorded finding and no restricted-source/module mismatch.,2026-08-31
PFD-LEG-00277,STOCK-P4-BM-020,F106,Stock / Inventory,Oracle official inventory guidance relevant to Real-time stock balance,https://docs.oracle.com/en/cloud/saas/supply-chain-and-manufacturing/25c/famml/how-you-set-up-lot-control.html,OFFICIAL_OR_PRIMARY,PASS,PASS,PASS,RETAIN,Official/primary source with a recorded finding and no restricted-source/module mismatch.,2026-08-31
PFD-LEG-00278,STOCK-P4-BM-021,F107,Stock / Inventory,Odoo official inventory guidance relevant to Stock ledger,https://www.odoo.com/documentation/19.0/applications/inventory_and_mrp/inventory.html,OFFICIAL_OR_PRIMARY,PASS,PASS,PASS,RETAIN,Official/primary source with a recorded finding and no restricted-source/module mismatch.,2026-08-31
PFD-LEG-00279,STOCK-P4-BM-022,F107,Stock / Inventory,Odoo official inventory guidance relevant to Stock ledger,https://www.odoo.com/documentation/19.0/applications/inventory_and_mrp/inventory/product_management/product_tracking.html,OFFICIAL_OR_PRIMARY,PASS,PASS,PASS,RETAIN,Official/primary source with a recorded finding and no restricted-source/module mismatch.,2026-08-31
PFD-LEG-00280,STOCK-P4-BM-023,F108,Stock / Inventory,Odoo official inventory guidance relevant to Goods receipts,https://www.odoo.com/documentation/19.0/applications/inventory_and_mrp/inventory.html,OFFICIAL_OR_PRIMARY,PASS,PASS,PASS,RETAIN,Official/primary source with a recorded finding and no restricted-source/module mismatch.,2026-08-31
PFD-LEG-00281,STOCK-P4-BM-024,F108,Stock / Inventory,Odoo official inventory guidance relevant to Goods receipts,https://www.odoo.com/documentation/19.0/applications/inventory_and_mrp/barcode.html,OFFICIAL_OR_PRIMARY,PASS,PASS,PASS,RETAIN,Official/primary source with a recorded finding and no restricted-source/module mismatch.,2026-08-31
PFD-LEG-00282,STOCK-P4-BM-025,F109,Stock / Inventory,Odoo official inventory guidance relevant to Goods issues,https://www.odoo.com/documentation/19.0/applications/inventory_and_mrp/inventory.html,OFFICIAL_OR_PRIMARY,PASS,PASS,PASS,RETAIN,Official/primary source with a recorded finding and no restricted-source/module mismatch.,2026-08-31
PFD-LEG-00283,STOCK-P4-BM-026,F109,Stock / Inventory,Odoo official inventory guidance relevant to Goods issues,https://www.odoo.com/documentation/19.0/applications/inventory_and_mrp/inventory.html,OFFICIAL_OR_PRIMARY,PASS,PASS,PASS,RETAIN,Official/primary source with a recorded finding and no restricted-source/module mismatch.,2026-08-31
PFD-LEG-00284,STOCK-P4-BM-027,F110,Stock / Inventory,Odoo official inventory guidance relevant to Internal transfers,https://www.odoo.com/documentation/19.0/applications/inventory_and_mrp/inventory.html,OFFICIAL_OR_PRIMARY,PASS,PASS,PASS,RETAIN,Official/primary source with a recorded finding and no restricted-source/module mismatch.,2026-08-31
PFD-LEG-00285,STOCK-P4-BM-028,F110,Stock / Inventory,Microsoft official inventory guidance relevant to Internal transfers,https://learn.microsoft.com/en-us/dynamics365/supply-chain/inventory/inventory-visibility-available-to-promise,OFFICIAL_OR_PRIMARY,PASS,PASS,PASS,RETAIN,Official/primary source with a recorded finding and no restricted-source/module mismatch.,2026-08-31
PFD-LEG-00286,STOCK-P4-BM-029,F111,Stock / Inventory,Odoo official inventory guidance relevant to Stock adjustments,https://www.odoo.com/documentation/19.0/applications/inventory_and_mrp/inventory.html,OFFICIAL_OR_PRIMARY,PASS,PASS,PASS,RETAIN,Official/primary source with a recorded finding and no restricted-source/module mismatch.,2026-08-31
PFD-LEG-00287,STOCK-P4-BM-030,F111,Stock / Inventory,Microsoft official inventory guidance relevant to Stock adjustments,https://learn.microsoft.com/en-us/dynamics365/supply-chain/inventory/inventory-visibility-reservations,OFFICIAL_OR_PRIMARY,PASS,PASS,PASS,RETAIN,Official/primary source with a recorded finding and no restricted-source/module mismatch.,2026-08-31
PFD-LEG-00288,STOCK-P4-BM-031,F112,Stock / Inventory,Microsoft official inventory guidance relevant to Stock reservations,https://learn.microsoft.com/en-us/dynamics365/supply-chain/inventory/inventory-visibility-reservations,OFFICIAL_OR_PRIMARY,PASS,PASS,PASS,RETAIN,Official/primary source with a recorded finding and no restricted-source/module mismatch.,2026-08-31
PFD-LEG-00289,STOCK-P4-BM-032,F112,Stock / Inventory,Microsoft official inventory guidance relevant to Stock reservations,https://learn.microsoft.com/en-us/dynamics365/supply-chain/inventory/inventory-visibility-available-to-promise,OFFICIAL_OR_PRIMARY,PASS,PASS,PASS,RETAIN,Official/primary source with a recorded finding and no restricted-source/module mismatch.,2026-08-31
PFD-LEG-00290,STOCK-P4-BM-033,F113,Stock / Inventory,Microsoft official inventory guidance relevant to Available stock,https://learn.microsoft.com/en-us/dynamics365/supply-chain/inventory/inventory-visibility-reservations,OFFICIAL_OR_PRIMARY,PASS,PASS,PASS,RETAIN,Official/primary source with a recorded finding and no restricted-source/module mismatch.,2026-08-31
PFD-LEG-00291,STOCK-P4-BM-034,F113,Stock / Inventory,Microsoft official inventory guidance relevant to Available stock,https://learn.microsoft.com/en-us/dynamics365/supply-chain/inventory/inventory-visibility-available-to-promise,OFFICIAL_OR_PRIMARY,PASS,PASS,PASS,RETAIN,Official/primary source with a recorded finding and no restricted-source/module mismatch.,2026-08-31
PFD-LEG-00292,STOCK-P4-BM-035,F114,Stock / Inventory,Microsoft official inventory guidance relevant to Available-to-promise,https://learn.microsoft.com/en-us/dynamics365/supply-chain/inventory/inventory-visibility-reservations,OFFICIAL_OR_PRIMARY,PASS,PASS,PASS,RETAIN,Official/primary source with a recorded finding and no restricted-source/module mismatch.,2026-08-31
PFD-LEG-00293,STOCK-P4-BM-036,F114,Stock / Inventory,Microsoft official inventory guidance relevant to Available-to-promise,https://learn.microsoft.com/en-us/dynamics365/supply-chain/inventory/inventory-visibility-available-to-promise,OFFICIAL_OR_PRIMARY,PASS,PASS,PASS,RETAIN,Official/primary source with a recorded finding and no restricted-source/module mismatch.,2026-08-31
PFD-LEG-00294,STOCK-P4-BM-037,F115,Stock / Inventory,Oracle official inventory guidance relevant to Batch tracking,https://docs.oracle.com/en/cloud/saas/supply-chain-and-manufacturing/25c/famml/how-you-set-up-lot-control.html,OFFICIAL_OR_PRIMARY,PASS,PASS,PASS,RETAIN,Official/primary source with a recorded finding and no restricted-source/module mismatch.,2026-08-31
PFD-LEG-00295,STOCK-P4-BM-038,F115,Stock / Inventory,Odoo official inventory guidance relevant to Batch tracking,https://www.odoo.com/documentation/19.0/applications/inventory_and_mrp/inventory/product_management/product_tracking.html,OFFICIAL_OR_PRIMARY,PASS,PASS,PASS,RETAIN,Official/primary source with a recorded finding and no restricted-source/module mismatch.,2026-08-31
PFD-LEG-00296,STOCK-P4-BM-039,F116,Stock / Inventory,Oracle official inventory guidance relevant to Lot tracking,https://docs.oracle.com/en/cloud/saas/supply-chain-and-manufacturing/25c/famml/how-you-set-up-lot-control.html,OFFICIAL_OR_PRIMARY,PASS,PASS,PASS,RETAIN,Official/primary source with a recorded finding and no restricted-source/module mismatch.,2026-08-31
PFD-LEG-00297,STOCK-P4-BM-040,F116,Stock / Inventory,Odoo official inventory guidance relevant to Lot tracking,https://www.odoo.com/documentation/19.0/applications/inventory_and_mrp/inventory/product_management/product_tracking.html,OFFICIAL_OR_PRIMARY,PASS,PASS,PASS,RETAIN,Official/primary source with a recorded finding and no restricted-source/module mismatch.,2026-08-31
PFD-LEG-00298,STOCK-P4-BM-041,F117,Stock / Inventory,Oracle official inventory guidance relevant to Serial-number tracking,https://docs.oracle.com/en/cloud/saas/supply-chain-and-manufacturing/26c/famml/considerations-for-selecting-serial-number-uniqueness-control.html,OFFICIAL_OR_PRIMARY,PASS,PASS,PASS,RETAIN,Official/primary source with a recorded finding and no restricted-source/module mismatch.,2026-08-31
PFD-LEG-00299,STOCK-P4-BM-042,F117,Stock / Inventory,Odoo official inventory guidance relevant to Serial-number tracking,https://www.odoo.com/documentation/19.0/applications/inventory_and_mrp/inventory/product_management/product_tracking.html,OFFICIAL_OR_PRIMARY,PASS,PASS,PASS,RETAIN,Official/primary source with a recorded finding and no restricted-source/module mismatch.,2026-08-31
PFD-LEG-00300,STOCK-P4-BM-043,F118,Stock / Inventory,Oracle official inventory guidance relevant to Expiry dates,https://docs.oracle.com/en/cloud/saas/supply-chain-and-manufacturing/25c/famml/how-you-set-up-lot-control.html,OFFICIAL_OR_PRIMARY,PASS,PASS,PASS,RETAIN,Official/primary source with a recorded finding and no restricted-source/module mismatch.,2026-08-31
PFD-LEG-00301,STOCK-P4-BM-044,F118,Stock / Inventory,Odoo official inventory guidance relevant to Expiry dates,https://www.odoo.com/documentation/19.0/applications/inventory_and_mrp/inventory/product_management/product_tracking.html,OFFICIAL_OR_PRIMARY,PASS,PASS,PASS,RETAIN,Official/primary source with a recorded finding and no restricted-source/module mismatch.,2026-08-31
PFD-LEG-00302,STOCK-P4-BM-045,F119,Stock / Inventory,Odoo official inventory guidance relevant to Barcode scanning,https://www.odoo.com/documentation/19.0/applications/inventory_and_mrp/barcode.html,OFFICIAL_OR_PRIMARY,PASS,PASS,PASS,RETAIN,Official/primary source with a recorded finding and no restricted-source/module mismatch.,2026-08-31
PFD-LEG-00303,STOCK-P4-BM-046,F119,Stock / Inventory,Odoo official inventory guidance relevant to Barcode scanning,https://www.odoo.com/documentation/19.0/applications/inventory_and_mrp/inventory/product_management/product_tracking.html,OFFICIAL_OR_PRIMARY,PASS,PASS,PASS,RETAIN,Official/primary source with a recorded finding and no restricted-source/module mismatch.,2026-08-31
PFD-LEG-00304,STOCK-P4-BM-047,F120,Stock / Inventory,Microsoft official inventory guidance relevant to Cycle counting,https://learn.microsoft.com/en-us/dynamics365/supply-chain/warehousing/cycle-counting,OFFICIAL_OR_PRIMARY,PASS,PASS,PASS,RETAIN,Official/primary source with a recorded finding and no restricted-source/module mismatch.,2026-08-31
PFD-LEG-00305,STOCK-P4-BM-048,F120,Stock / Inventory,Odoo official inventory guidance relevant to Cycle counting,https://www.odoo.com/documentation/19.0/applications/inventory_and_mrp/inventory.html,OFFICIAL_OR_PRIMARY,PASS,PASS,PASS,RETAIN,Official/primary source with a recorded finding and no restricted-source/module mismatch.,2026-08-31
PFD-LEG-00306,STOCK-P4-BM-049,F121,Stock / Inventory,Microsoft official inventory guidance relevant to Physical inventory,https://learn.microsoft.com/en-us/dynamics365/supply-chain/warehousing/cycle-counting,OFFICIAL_OR_PRIMARY,PASS,PASS,PASS,RETAIN,Official/primary source with a recorded finding and no restricted-source/module mismatch.,2026-08-31
PFD-LEG-00307,STOCK-P4-BM-050,F121,Stock / Inventory,Odoo official inventory guidance relevant to Physical inventory,https://www.odoo.com/documentation/19.0/applications/inventory_and_mrp/inventory.html,OFFICIAL_OR_PRIMARY,PASS,PASS,PASS,RETAIN,Official/primary source with a recorded finding and no restricted-source/module mismatch.,2026-08-31
PFD-LEG-00308,STOCK-P4-BM-051,F122,Stock / Inventory,Odoo official inventory guidance relevant to Reorder point,https://www.odoo.com/documentation/19.0/applications/inventory_and_mrp/inventory.html,OFFICIAL_OR_PRIMARY,PASS,PASS,PASS,RETAIN,Official/primary source with a recorded finding and no restricted-source/module mismatch.,2026-08-31
PFD-LEG-00309,STOCK-P4-BM-052,F122,Stock / Inventory,Microsoft official inventory guidance relevant to Reorder point,https://learn.microsoft.com/en-us/dynamics365/supply-chain/warehousing/cycle-counting,OFFICIAL_OR_PRIMARY,PASS,PASS,PASS,RETAIN,Official/primary source with a recorded finding and no restricted-source/module mismatch.,2026-08-31
PFD-LEG-00310,STOCK-P4-BM-053,F123,Stock / Inventory,Odoo official inventory guidance relevant to Minimum / maximum stock,https://www.odoo.com/documentation/19.0/applications/inventory_and_mrp/inventory.html,OFFICIAL_OR_PRIMARY,PASS,PASS,PASS,RETAIN,Official/primary source with a recorded finding and no restricted-source/module mismatch.,2026-08-31
PFD-LEG-00311,STOCK-P4-BM-054,F123,Stock / Inventory,Microsoft official inventory guidance relevant to Minimum / maximum stock,https://learn.microsoft.com/en-us/dynamics365/supply-chain/warehousing/control-warehouse-location-directives,OFFICIAL_OR_PRIMARY,PASS,PASS,PASS,RETAIN,Official/primary source with a recorded finding and no restricted-source/module mismatch.,2026-08-31
PFD-LEG-00312,STOCK-P4-BM-055,F124,Stock / Inventory,Odoo official inventory guidance relevant to Safety stock,https://www.odoo.com/documentation/19.0/applications/inventory_and_mrp/inventory.html,OFFICIAL_OR_PRIMARY,PASS,PASS,PASS,RETAIN,Official/primary source with a recorded finding and no restricted-source/module mismatch.,2026-08-31
PFD-LEG-00313,STOCK-P4-BM-056,F124,Stock / Inventory,Microsoft official inventory guidance relevant to Safety stock,https://learn.microsoft.com/en-us/dynamics365/supply-chain/cost-management/cost-management-home-page,OFFICIAL_OR_PRIMARY,PASS,PASS,PASS,RETAIN,Official/primary source with a recorded finding and no restricted-source/module mismatch.,2026-08-31
PFD-LEG-00314,STOCK-P4-BM-057,F125,Stock / Inventory,Odoo official inventory guidance relevant to Automatic replenishment,https://www.odoo.com/documentation/19.0/applications/inventory_and_mrp/inventory.html,OFFICIAL_OR_PRIMARY,PASS,PASS,PASS,RETAIN,Official/primary source with a recorded finding and no restricted-source/module mismatch.,2026-08-31
PFD-LEG-00315,STOCK-P4-BM-058,F125,Stock / Inventory,Oracle official inventory guidance relevant to Automatic replenishment,https://docs.oracle.com/en/cloud/saas/supply-chain-and-manufacturing/26c/famml/considerations-for-selecting-serial-number-uniqueness-control.html,OFFICIAL_OR_PRIMARY,PASS,PASS,PASS,RETAIN,Official/primary source with a recorded finding and no restricted-source/module mismatch.,2026-08-31
PFD-LEG-00316,STOCK-P4-BM-059,F126,Stock / Inventory,Odoo official inventory guidance relevant to Negative-stock control,https://www.odoo.com/documentation/19.0/applications/inventory_and_mrp/inventory.html,OFFICIAL_OR_PRIMARY,PASS,PASS,PASS,RETAIN,Official/primary source with a recorded finding and no restricted-source/module mismatch.,2026-08-31
PFD-LEG-00317,STOCK-P4-BM-060,F126,Stock / Inventory,Oracle official inventory guidance relevant to Negative-stock control,https://docs.oracle.com/en/cloud/saas/supply-chain-and-manufacturing/25c/famml/how-you-set-up-lot-control.html,OFFICIAL_OR_PRIMARY,PASS,PASS,PASS,RETAIN,Official/primary source with a recorded finding and no restricted-source/module mismatch.,2026-08-31
PFD-LEG-00318,STOCK-P4-BM-061,F127,Stock / Inventory,Microsoft official inventory guidance relevant to FIFO valuation,https://learn.microsoft.com/en-us/dynamics365/supply-chain/cost-management/cost-management-home-page,OFFICIAL_OR_PRIMARY,PASS,PASS,PASS,RETAIN,Official/primary source with a recorded finding and no restricted-source/module mismatch.,2026-08-31
PFD-LEG-00319,STOCK-P4-BM-062,F127,Stock / Inventory,Odoo official inventory guidance relevant to FIFO valuation,https://www.odoo.com/documentation/19.0/applications/inventory_and_mrp/inventory.html,OFFICIAL_OR_PRIMARY,PASS,PASS,PASS,RETAIN,Official/primary source with a recorded finding and no restricted-source/module mismatch.,2026-08-31
PFD-LEG-00320,STOCK-P4-BM-063,F128,Stock / Inventory,Microsoft official inventory guidance relevant to Weighted / moving-average valuation,https://learn.microsoft.com/en-us/dynamics365/supply-chain/cost-management/cost-management-home-page,OFFICIAL_OR_PRIMARY,PASS,PASS,PASS,RETAIN,Official/primary source with a recorded finding and no restricted-source/module mismatch.,2026-08-31
PFD-LEG-00321,STOCK-P4-BM-064,F128,Stock / Inventory,Odoo official inventory guidance relevant to Weighted / moving-average valuation,https://www.odoo.com/documentation/19.0/applications/inventory_and_mrp/inventory.html,OFFICIAL_OR_PRIMARY,PASS,PASS,PASS,RETAIN,Official/primary source with a recorded finding and no restricted-source/module mismatch.,2026-08-31
PFD-LEG-00322,STOCK-P4-BM-065,F129,Stock / Inventory,Microsoft official inventory guidance relevant to Standard costing,https://learn.microsoft.com/en-us/dynamics365/supply-chain/cost-management/cost-management-home-page,OFFICIAL_OR_PRIMARY,PASS,PASS,PASS,RETAIN,Official/primary source with a recorded finding and no restricted-source/module mismatch.,2026-08-31
PFD-LEG-00323,STOCK-P4-BM-066,F129,Stock / Inventory,Odoo official inventory guidance relevant to Standard costing,https://www.odoo.com/documentation/19.0/applications/inventory_and_mrp/inventory.html,OFFICIAL_OR_PRIMARY,PASS,PASS,PASS,RETAIN,Official/primary source with a recorded finding and no restricted-source/module mismatch.,2026-08-31
PFD-LEG-00324,STOCK-P4-BM-067,F130,Stock / Inventory,Microsoft official inventory guidance relevant to Inventory valuation,https://learn.microsoft.com/en-us/dynamics365/supply-chain/cost-management/cost-management-home-page,OFFICIAL_OR_PRIMARY,PASS,PASS,PASS,RETAIN,Official/primary source with a recorded finding and no restricted-source/module mismatch.,2026-08-31
PFD-LEG-00325,STOCK-P4-BM-068,F130,Stock / Inventory,Odoo official inventory guidance relevant to Inventory valuation,https://www.odoo.com/documentation/19.0/applications/inventory_and_mrp/inventory.html,OFFICIAL_OR_PRIMARY,PASS,PASS,PASS,RETAIN,Official/primary source with a recorded finding and no restricted-source/module mismatch.,2026-08-31
PFD-LEG-00326,STOCK-P4-BM-069,F131,Stock / Inventory,Microsoft official inventory guidance relevant to Landed cost allocation,https://learn.microsoft.com/en-us/dynamics365/supply-chain/cost-management/cost-management-home-page,OFFICIAL_OR_PRIMARY,PASS,PASS,PASS,RETAIN,Official/primary source with a recorded finding and no restricted-source/module mismatch.,2026-08-31
PFD-LEG-00327,STOCK-P4-BM-070,F131,Stock / Inventory,Odoo official inventory guidance relevant to Landed cost allocation,https://www.odoo.com/documentation/19.0/applications/inventory_and_mrp/inventory.html,OFFICIAL_OR_PRIMARY,PASS,PASS,PASS,RETAIN,Official/primary source with a recorded finding and no restricted-source/module mismatch.,2026-08-31
PFD-LEG-00328,STOCK-P4-BM-071,F132,Stock / Inventory,Odoo official inventory guidance relevant to Stock aging,https://www.odoo.com/documentation/19.0/applications/inventory_and_mrp/inventory.html,OFFICIAL_OR_PRIMARY,PASS,PASS,PASS,RETAIN,Official/primary source with a recorded finding and no restricted-source/module mismatch.,2026-08-31
PFD-LEG-00329,STOCK-P4-BM-072,F132,Stock / Inventory,Microsoft official inventory guidance relevant to Stock aging,https://learn.microsoft.com/en-us/dynamics365/supply-chain/warehousing/cycle-counting,OFFICIAL_OR_PRIMARY,PASS,PASS,PASS,RETAIN,Official/primary source with a recorded finding and no restricted-source/module mismatch.,2026-08-31
PFD-LEG-00330,STOCK-P4-BM-073,F133,Stock / Inventory,Odoo official inventory guidance relevant to Slow-moving inventory,https://www.odoo.com/documentation/19.0/applications/inventory_and_mrp/inventory.html,OFFICIAL_OR_PRIMARY,PASS,PASS,PASS,RETAIN,Official/primary source with a recorded finding and no restricted-source/module mismatch.,2026-08-31
PFD-LEG-00331,STOCK-P4-BM-074,F133,Stock / Inventory,Microsoft official inventory guidance relevant to Slow-moving inventory,https://learn.microsoft.com/en-us/dynamics365/supply-chain/warehousing/control-warehouse-location-directives,OFFICIAL_OR_PRIMARY,PASS,PASS,PASS,RETAIN,Official/primary source with a recorded finding and no restricted-source/module mismatch.,2026-08-31
PFD-LEG-00332,STOCK-P4-BM-075,F134,Stock / Inventory,Odoo official inventory guidance relevant to Dead-stock reporting,https://www.odoo.com/documentation/19.0/applications/inventory_and_mrp/inventory.html,OFFICIAL_OR_PRIMARY,PASS,PASS,PASS,RETAIN,Official/primary source with a recorded finding and no restricted-source/module mismatch.,2026-08-31
PFD-LEG-00333,STOCK-P4-BM-076,F134,Stock / Inventory,Microsoft official inventory guidance relevant to Dead-stock reporting,https://learn.microsoft.com/en-us/dynamics365/supply-chain/cost-management/cost-management-home-page,OFFICIAL_OR_PRIMARY,PASS,PASS,PASS,RETAIN,Official/primary source with a recorded finding and no restricted-source/module mismatch.,2026-08-31
PFD-LEG-00334,STOCK-P4-BM-077,F135,Stock / Inventory,Microsoft official inventory guidance relevant to Picking,https://learn.microsoft.com/en-us/dynamics365/supply-chain/warehousing/control-warehouse-location-directives,OFFICIAL_OR_PRIMARY,PASS,PASS,PASS,RETAIN,Official/primary source with a recorded finding and no restricted-source/module mismatch.,2026-08-31
PFD-LEG-00335,STOCK-P4-BM-078,F135,Stock / Inventory,Odoo official inventory guidance relevant to Picking,https://www.odoo.com/documentation/19.0/applications/inventory_and_mrp/inventory.html,OFFICIAL_OR_PRIMARY,PASS,PASS,PASS,RETAIN,Official/primary source with a recorded finding and no restricted-source/module mismatch.,2026-08-31
PFD-LEG-00336,STOCK-P4-BM-079,F136,Stock / Inventory,Microsoft official inventory guidance relevant to Packing,https://learn.microsoft.com/en-us/dynamics365/supply-chain/warehousing/control-warehouse-location-directives,OFFICIAL_OR_PRIMARY,PASS,PASS,PASS,RETAIN,Official/primary source with a recorded finding and no restricted-source/module mismatch.,2026-08-31
PFD-LEG-00337,STOCK-P4-BM-080,F136,Stock / Inventory,Odoo official inventory guidance relevant to Packing,https://www.odoo.com/documentation/19.0/applications/inventory_and_mrp/inventory.html,OFFICIAL_OR_PRIMARY,PASS,PASS,PASS,RETAIN,Official/primary source with a recorded finding and no restricted-source/module mismatch.,2026-08-31
PFD-LEG-00338,STOCK-P4-BM-081,F137,Stock / Inventory,Microsoft official inventory guidance relevant to Shipping,https://learn.microsoft.com/en-us/dynamics365/supply-chain/warehousing/control-warehouse-location-directives,OFFICIAL_OR_PRIMARY,PASS,PASS,PASS,RETAIN,Official/primary source with a recorded finding and no restricted-source/module mismatch.,2026-08-31
PFD-LEG-00339,STOCK-P4-BM-082,F137,Stock / Inventory,Odoo official inventory guidance relevant to Shipping,https://www.odoo.com/documentation/19.0/applications/inventory_and_mrp/inventory.html,OFFICIAL_OR_PRIMARY,PASS,PASS,PASS,RETAIN,Official/primary source with a recorded finding and no restricted-source/module mismatch.,2026-08-31
PFD-LEG-00340,STOCK-P4-BM-083,F138,Stock / Inventory,Odoo official inventory guidance relevant to Returns,https://www.odoo.com/documentation/19.0/applications/inventory_and_mrp/inventory.html,OFFICIAL_OR_PRIMARY,PASS,PASS,PASS,RETAIN,Official/primary source with a recorded finding and no restricted-source/module mismatch.,2026-08-31
PFD-LEG-00341,STOCK-P4-BM-084,F138,Stock / Inventory,Odoo official inventory guidance relevant to Returns,https://www.odoo.com/documentation/19.0/applications/inventory_and_mrp/barcode.html,OFFICIAL_OR_PRIMARY,PASS,PASS,PASS,RETAIN,Official/primary source with a recorded finding and no restricted-source/module mismatch.,2026-08-31
PFD-LEG-00342,STOCK-P4-BM-085,F139,Stock / Inventory,Odoo official inventory guidance relevant to Damaged stock,https://www.odoo.com/documentation/19.0/applications/inventory_and_mrp/inventory.html,OFFICIAL_OR_PRIMARY,PASS,PASS,PASS,RETAIN,Official/primary source with a recorded finding and no restricted-source/module mismatch.,2026-08-31
PFD-LEG-00343,STOCK-P4-BM-086,F139,Stock / Inventory,Odoo official inventory guidance relevant to Damaged stock,https://www.odoo.com/documentation/19.0/applications/inventory_and_mrp/inventory.html,OFFICIAL_OR_PRIMARY,PASS,PASS,PASS,RETAIN,Official/primary source with a recorded finding and no restricted-source/module mismatch.,2026-08-31
PFD-LEG-00344,STOCK-P4-BM-087,F140,Stock / Inventory,Odoo official inventory guidance relevant to Quarantine and quality-held stock,https://www.odoo.com/documentation/19.0/applications/inventory_and_mrp/inventory.html,OFFICIAL_OR_PRIMARY,PASS,PASS,PASS,RETAIN,Official/primary source with a recorded finding and no restricted-source/module mismatch.,2026-08-31
PFD-LEG-00345,STOCK-P4-BM-088,F140,Stock / Inventory,Microsoft official inventory guidance relevant to Quarantine and quality-held stock,https://learn.microsoft.com/en-us/dynamics365/supply-chain/inventory/inventory-visibility-available-to-promise,OFFICIAL_OR_PRIMARY,PASS,PASS,PASS,RETAIN,Official/primary source with a recorded finding and no restricted-source/module mismatch.,2026-08-31
PFD-LEG-00346,STOCK-P4-BM-089,F141,Stock / Inventory,Oracle official inventory guidance relevant to Batch / serial traceability,https://docs.oracle.com/en/cloud/saas/supply-chain-and-manufacturing/25c/famml/how-you-set-up-lot-control.html,OFFICIAL_OR_PRIMARY,PASS,PASS,PASS,RETAIN,Official/primary source with a recorded finding and no restricted-source/module mismatch.,2026-08-31
PFD-LEG-00347,STOCK-P4-BM-090,F141,Stock / Inventory,Odoo official inventory guidance relevant to Batch / serial traceability,https://www.odoo.com/documentation/19.0/applications/inventory_and_mrp/inventory/product_management/product_tracking.html,OFFICIAL_OR_PRIMARY,PASS,PASS,PASS,RETAIN,Official/primary source with a recorded finding and no restricted-source/module mismatch.,2026-08-31
PFD-LEG-00348,STOCK-P4-BM-091,F142,Stock / Inventory,Odoo official inventory guidance relevant to Inventory movement history,https://www.odoo.com/documentation/19.0/applications/inventory_and_mrp/inventory.html,OFFICIAL_OR_PRIMARY,PASS,PASS,PASS,RETAIN,Official/primary source with a recorded finding and no restricted-source/module mismatch.,2026-08-31
PFD-LEG-00349,STOCK-P4-BM-092,F142,Stock / Inventory,Microsoft official inventory guidance relevant to Inventory movement history,https://learn.microsoft.com/en-us/dynamics365/supply-chain/warehousing/cycle-counting,OFFICIAL_OR_PRIMARY,PASS,PASS,PASS,RETAIN,Official/primary source with a recorded finding and no restricted-source/module mismatch.,2026-08-31
PFD-LEG-00350,STOCK-P4-BM-093,F143,Stock / Inventory,Odoo official inventory guidance relevant to Stock reports,https://www.odoo.com/documentation/19.0/applications/inventory_and_mrp/inventory.html,OFFICIAL_OR_PRIMARY,PASS,PASS,PASS,RETAIN,Official/primary source with a recorded finding and no restricted-source/module mismatch.,2026-08-31
PFD-LEG-00351,STOCK-P4-BM-094,F143,Stock / Inventory,Microsoft official inventory guidance relevant to Stock reports,https://learn.microsoft.com/en-us/dynamics365/supply-chain/warehousing/control-warehouse-location-directives,OFFICIAL_OR_PRIMARY,PASS,PASS,PASS,RETAIN,Official/primary source with a recorded finding and no restricted-source/module mismatch.,2026-08-31
PFD-LEG-00352,STOCK-P4-BM-095,F144,Stock / Inventory,Odoo official inventory guidance relevant to Inventory dashboard,https://www.odoo.com/documentation/19.0/applications/inventory_and_mrp/inventory.html,OFFICIAL_OR_PRIMARY,PASS,PASS,PASS,RETAIN,Official/primary source with a recorded finding and no restricted-source/module mismatch.,2026-08-31
PFD-LEG-00353,STOCK-P4-BM-096,F144,Stock / Inventory,Microsoft official inventory guidance relevant to Inventory dashboard,https://learn.microsoft.com/en-us/dynamics365/supply-chain/cost-management/cost-management-home-page,OFFICIAL_OR_PRIMARY,PASS,PASS,PASS,RETAIN,Official/primary source with a recorded finding and no restricted-source/module mismatch.,2026-08-31
PFD-LEG-00354,MFG-P5-BM-001,F145,Manufacturing,Bills of materials and formulas,https://learn.microsoft.com/en-us/dynamics365/supply-chain/production-control/bill-of-material-bom,OFFICIAL_OR_PRIMARY,PASS,PASS,PASS,RETAIN,Official/primary source with a recorded finding and no restricted-source/module mismatch.,2026-08-31
PFD-LEG-00355,MFG-P5-BM-002,F145,Manufacturing,Production process overview,https://learn.microsoft.com/en-us/dynamics365/supply-chain/production-control/production-process-overview,OFFICIAL_OR_PRIMARY,PASS,PASS,PASS,RETAIN,Official/primary source with a recorded finding and no restricted-source/module mismatch.,2026-08-31
PFD-LEG-00356,MFG-P5-BM-003,F146,Manufacturing,Master planning overview,https://learn.microsoft.com/en-us/dynamics365/supply-chain/master-planning/master-planning-home-page,OFFICIAL_OR_PRIMARY,PASS,PASS,PASS,RETAIN,Official/primary source with a recorded finding and no restricted-source/module mismatch.,2026-08-31
PFD-LEG-00357,MFG-P5-BM-004,F146,Manufacturing,Production Planning and Manufacturing,https://www.sap.com/products/scm/manufacturing.html,OFFICIAL_OR_PRIMARY,PASS,PASS,PASS,RETAIN,Official/primary source with a recorded finding and no restricted-source/module mismatch.,2026-08-31
PFD-LEG-00358,MFG-P5-BM-005,F147,Manufacturing,Manufacturing,https://docs.oracle.com/en/cloud/saas/supply-chain-and-manufacturing/,OFFICIAL_OR_PRIMARY,PASS,PASS,PASS,RETAIN,Official/primary source with a recorded finding and no restricted-source/module mismatch.,2026-08-31
PFD-LEG-00359,MFG-P5-BM-006,F147,Manufacturing,Bill of materials,https://www.odoo.com/documentation/19.0/applications/inventory_and_mrp/manufacturing/basic_setup/bill_configuration.html,OFFICIAL_OR_PRIMARY,PASS,PASS,PASS,RETAIN,Official/primary source with a recorded finding and no restricted-source/module mismatch.,2026-08-31
PFD-LEG-00360,MFG-P5-BM-007,F148,Manufacturing,Work order dependencies,https://www.odoo.com/documentation/19.0/applications/inventory_and_mrp/manufacturing/advanced_configuration/work_order_dependencies.html,OFFICIAL_OR_PRIMARY,PASS,PASS,PASS,RETAIN,Official/primary source with a recorded finding and no restricted-source/module mismatch.,2026-08-31
PFD-LEG-00361,MFG-P5-BM-008,F148,Manufacturing,Product lifecycle management,https://www.odoo.com/documentation/19.0/applications/inventory_and_mrp/plm.html,OFFICIAL_OR_PRIMARY,PASS,PASS,PASS,RETAIN,Official/primary source with a recorded finding and no restricted-source/module mismatch.,2026-08-31
PFD-LEG-00362,MFG-P5-BM-009,F149,Manufacturing,Work centers,https://www.odoo.com/documentation/19.0/applications/inventory_and_mrp/manufacturing/advanced_configuration/using_work_centers.html,OFFICIAL_OR_PRIMARY,PASS,PASS,PASS,RETAIN,Official/primary source with a recorded finding and no restricted-source/module mismatch.,2026-08-31
PFD-LEG-00363,MFG-P5-BM-010,F149,Manufacturing,Bills of materials and formulas,https://learn.microsoft.com/en-us/dynamics365/supply-chain/production-control/bill-of-material-bom,OFFICIAL_OR_PRIMARY,PASS,PASS,PASS,RETAIN,Official/primary source with a recorded finding and no restricted-source/module mismatch.,2026-08-31
PFD-LEG-00364,MFG-P5-BM-011,F150,Manufacturing,Production process overview,https://learn.microsoft.com/en-us/dynamics365/supply-chain/production-control/production-process-overview,OFFICIAL_OR_PRIMARY,PASS,PASS,PASS,RETAIN,Official/primary source with a recorded finding and no restricted-source/module mismatch.,2026-08-31
PFD-LEG-00365,MFG-P5-BM-012,F150,Manufacturing,Master planning overview,https://learn.microsoft.com/en-us/dynamics365/supply-chain/master-planning/master-planning-home-page,OFFICIAL_OR_PRIMARY,PASS,PASS,PASS,RETAIN,Official/primary source with a recorded finding and no restricted-source/module mismatch.,2026-08-31
PFD-LEG-00366,MFG-P5-BM-013,F151,Manufacturing,Production Planning and Manufacturing,https://www.sap.com/products/scm/manufacturing.html,OFFICIAL_OR_PRIMARY,PASS,PASS,PASS,RETAIN,Official/primary source with a recorded finding and no restricted-source/module mismatch.,2026-08-31
PFD-LEG-00367,MFG-P5-BM-014,F151,Manufacturing,Manufacturing,https://docs.oracle.com/en/cloud/saas/supply-chain-and-manufacturing/,OFFICIAL_OR_PRIMARY,PASS,PASS,PASS,RETAIN,Official/primary source with a recorded finding and no restricted-source/module mismatch.,2026-08-31
PFD-LEG-00368,MFG-P5-BM-015,F152,Manufacturing,Bill of materials,https://www.odoo.com/documentation/19.0/applications/inventory_and_mrp/manufacturing/basic_setup/bill_configuration.html,OFFICIAL_OR_PRIMARY,PASS,PASS,PASS,RETAIN,Official/primary source with a recorded finding and no restricted-source/module mismatch.,2026-08-31
PFD-LEG-00369,MFG-P5-BM-016,F152,Manufacturing,Work order dependencies,https://www.odoo.com/documentation/19.0/applications/inventory_and_mrp/manufacturing/advanced_configuration/work_order_dependencies.html,OFFICIAL_OR_PRIMARY,PASS,PASS,PASS,RETAIN,Official/primary source with a recorded finding and no restricted-source/module mismatch.,2026-08-31
PFD-LEG-00370,MFG-P5-BM-017,F153,Manufacturing,Product lifecycle management,https://www.odoo.com/documentation/19.0/applications/inventory_and_mrp/plm.html,OFFICIAL_OR_PRIMARY,PASS,PASS,PASS,RETAIN,Official/primary source with a recorded finding and no restricted-source/module mismatch.,2026-08-31
PFD-LEG-00371,MFG-P5-BM-018,F153,Manufacturing,Work centers,https://www.odoo.com/documentation/19.0/applications/inventory_and_mrp/manufacturing/advanced_configuration/using_work_centers.html,OFFICIAL_OR_PRIMARY,PASS,PASS,PASS,RETAIN,Official/primary source with a recorded finding and no restricted-source/module mismatch.,2026-08-31
PFD-LEG-00372,MFG-P5-BM-019,F154,Manufacturing,Bills of materials and formulas,https://learn.microsoft.com/en-us/dynamics365/supply-chain/production-control/bill-of-material-bom,OFFICIAL_OR_PRIMARY,PASS,PASS,PASS,RETAIN,Official/primary source with a recorded finding and no restricted-source/module mismatch.,2026-08-31
PFD-LEG-00373,MFG-P5-BM-020,F154,Manufacturing,Production process overview,https://learn.microsoft.com/en-us/dynamics365/supply-chain/production-control/production-process-overview,OFFICIAL_OR_PRIMARY,PASS,PASS,PASS,RETAIN,Official/primary source with a recorded finding and no restricted-source/module mismatch.,2026-08-31
PFD-LEG-00374,MFG-P5-BM-021,F155,Manufacturing,Master planning overview,https://learn.microsoft.com/en-us/dynamics365/supply-chain/master-planning/master-planning-home-page,OFFICIAL_OR_PRIMARY,PASS,PASS,PASS,RETAIN,Official/primary source with a recorded finding and no restricted-source/module mismatch.,2026-08-31
PFD-LEG-00375,MFG-P5-BM-022,F155,Manufacturing,Production Planning and Manufacturing,https://www.sap.com/products/scm/manufacturing.html,OFFICIAL_OR_PRIMARY,PASS,PASS,PASS,RETAIN,Official/primary source with a recorded finding and no restricted-source/module mismatch.,2026-08-31
PFD-LEG-00376,MFG-P5-BM-023,F156,Manufacturing,Manufacturing,https://docs.oracle.com/en/cloud/saas/supply-chain-and-manufacturing/,OFFICIAL_OR_PRIMARY,PASS,PASS,PASS,RETAIN,Official/primary source with a recorded finding and no restricted-source/module mismatch.,2026-08-31
PFD-LEG-00377,MFG-P5-BM-024,F156,Manufacturing,Bill of materials,https://www.odoo.com/documentation/19.0/applications/inventory_and_mrp/manufacturing/basic_setup/bill_configuration.html,OFFICIAL_OR_PRIMARY,PASS,PASS,PASS,RETAIN,Official/primary source with a recorded finding and no restricted-source/module mismatch.,2026-08-31
PFD-LEG-00378,MFG-P5-BM-025,F157,Manufacturing,Work order dependencies,https://www.odoo.com/documentation/19.0/applications/inventory_and_mrp/manufacturing/advanced_configuration/work_order_dependencies.html,OFFICIAL_OR_PRIMARY,PASS,PASS,PASS,RETAIN,Official/primary source with a recorded finding and no restricted-source/module mismatch.,2026-08-31
PFD-LEG-00379,MFG-P5-BM-026,F157,Manufacturing,Product lifecycle management,https://www.odoo.com/documentation/19.0/applications/inventory_and_mrp/plm.html,OFFICIAL_OR_PRIMARY,PASS,PASS,PASS,RETAIN,Official/primary source with a recorded finding and no restricted-source/module mismatch.,2026-08-31
PFD-LEG-00380,MFG-P5-BM-027,F158,Manufacturing,Work centers,https://www.odoo.com/documentation/19.0/applications/inventory_and_mrp/manufacturing/advanced_configuration/using_work_centers.html,OFFICIAL_OR_PRIMARY,PASS,PASS,PASS,RETAIN,Official/primary source with a recorded finding and no restricted-source/module mismatch.,2026-08-31
PFD-LEG-00381,MFG-P5-BM-028,F158,Manufacturing,Bills of materials and formulas,https://learn.microsoft.com/en-us/dynamics365/supply-chain/production-control/bill-of-material-bom,OFFICIAL_OR_PRIMARY,PASS,PASS,PASS,RETAIN,Official/primary source with a recorded finding and no restricted-source/module mismatch.,2026-08-31
PFD-LEG-00382,MFG-P5-BM-029,F159,Manufacturing,Production process overview,https://learn.microsoft.com/en-us/dynamics365/supply-chain/production-control/production-process-overview,OFFICIAL_OR_PRIMARY,PASS,PASS,PASS,RETAIN,Official/primary source with a recorded finding and no restricted-source/module mismatch.,2026-08-31
PFD-LEG-00383,MFG-P5-BM-030,F159,Manufacturing,Master planning overview,https://learn.microsoft.com/en-us/dynamics365/supply-chain/master-planning/master-planning-home-page,OFFICIAL_OR_PRIMARY,PASS,PASS,PASS,RETAIN,Official/primary source with a recorded finding and no restricted-source/module mismatch.,2026-08-31
PFD-LEG-00384,MFG-P5-BM-031,F160,Manufacturing,Production Planning and Manufacturing,https://www.sap.com/products/scm/manufacturing.html,OFFICIAL_OR_PRIMARY,PASS,PASS,PASS,RETAIN,Official/primary source with a recorded finding and no restricted-source/module mismatch.,2026-08-31
PFD-LEG-00385,MFG-P5-BM-032,F160,Manufacturing,Manufacturing,https://docs.oracle.com/en/cloud/saas/supply-chain-and-manufacturing/,OFFICIAL_OR_PRIMARY,PASS,PASS,PASS,RETAIN,Official/primary source with a recorded finding and no restricted-source/module mismatch.,2026-08-31
PFD-LEG-00386,MFG-P5-BM-033,F161,Manufacturing,Bill of materials,https://www.odoo.com/documentation/19.0/applications/inventory_and_mrp/manufacturing/basic_setup/bill_configuration.html,OFFICIAL_OR_PRIMARY,PASS,PASS,PASS,RETAIN,Official/primary source with a recorded finding and no restricted-source/module mismatch.,2026-08-31
PFD-LEG-00387,MFG-P5-BM-034,F161,Manufacturing,Work order dependencies,https://www.odoo.com/documentation/19.0/applications/inventory_and_mrp/manufacturing/advanced_configuration/work_order_dependencies.html,OFFICIAL_OR_PRIMARY,PASS,PASS,PASS,RETAIN,Official/primary source with a recorded finding and no restricted-source/module mismatch.,2026-08-31
PFD-LEG-00388,MFG-P5-BM-035,F162,Manufacturing,Product lifecycle management,https://www.odoo.com/documentation/19.0/applications/inventory_and_mrp/plm.html,OFFICIAL_OR_PRIMARY,PASS,PASS,PASS,RETAIN,Official/primary source with a recorded finding and no restricted-source/module mismatch.,2026-08-31
PFD-LEG-00389,MFG-P5-BM-036,F162,Manufacturing,Work centers,https://www.odoo.com/documentation/19.0/applications/inventory_and_mrp/manufacturing/advanced_configuration/using_work_centers.html,OFFICIAL_OR_PRIMARY,PASS,PASS,PASS,RETAIN,Official/primary source with a recorded finding and no restricted-source/module mismatch.,2026-08-31
PFD-LEG-00390,MFG-P5-BM-037,F163,Manufacturing,Bills of materials and formulas,https://learn.microsoft.com/en-us/dynamics365/supply-chain/production-control/bill-of-material-bom,OFFICIAL_OR_PRIMARY,PASS,PASS,PASS,RETAIN,Official/primary source with a recorded finding and no restricted-source/module mismatch.,2026-08-31
PFD-LEG-00391,MFG-P5-BM-038,F163,Manufacturing,Production process overview,https://learn.microsoft.com/en-us/dynamics365/supply-chain/production-control/production-process-overview,OFFICIAL_OR_PRIMARY,PASS,PASS,PASS,RETAIN,Official/primary source with a recorded finding and no restricted-source/module mismatch.,2026-08-31
PFD-LEG-00392,MFG-P5-BM-039,F164,Manufacturing,Master planning overview,https://learn.microsoft.com/en-us/dynamics365/supply-chain/master-planning/master-planning-home-page,OFFICIAL_OR_PRIMARY,PASS,PASS,PASS,RETAIN,Official/primary source with a recorded finding and no restricted-source/module mismatch.,2026-08-31
PFD-LEG-00393,MFG-P5-BM-040,F164,Manufacturing,Production Planning and Manufacturing,https://www.sap.com/products/scm/manufacturing.html,OFFICIAL_OR_PRIMARY,PASS,PASS,PASS,RETAIN,Official/primary source with a recorded finding and no restricted-source/module mismatch.,2026-08-31
PFD-LEG-00394,MFG-P5-BM-041,F165,Manufacturing,Manufacturing,https://docs.oracle.com/en/cloud/saas/supply-chain-and-manufacturing/,OFFICIAL_OR_PRIMARY,PASS,PASS,PASS,RETAIN,Official/primary source with a recorded finding and no restricted-source/module mismatch.,2026-08-31
PFD-LEG-00395,MFG-P5-BM-042,F165,Manufacturing,Bill of materials,https://www.odoo.com/documentation/19.0/applications/inventory_and_mrp/manufacturing/basic_setup/bill_configuration.html,OFFICIAL_OR_PRIMARY,PASS,PASS,PASS,RETAIN,Official/primary source with a recorded finding and no restricted-source/module mismatch.,2026-08-31
PFD-LEG-00396,MFG-P5-BM-043,F166,Manufacturing,Work order dependencies,https://www.odoo.com/documentation/19.0/applications/inventory_and_mrp/manufacturing/advanced_configuration/work_order_dependencies.html,OFFICIAL_OR_PRIMARY,PASS,PASS,PASS,RETAIN,Official/primary source with a recorded finding and no restricted-source/module mismatch.,2026-08-31
PFD-LEG-00397,MFG-P5-BM-044,F166,Manufacturing,Product lifecycle management,https://www.odoo.com/documentation/19.0/applications/inventory_and_mrp/plm.html,OFFICIAL_OR_PRIMARY,PASS,PASS,PASS,RETAIN,Official/primary source with a recorded finding and no restricted-source/module mismatch.,2026-08-31
PFD-LEG-00398,MFG-P5-BM-045,F167,Manufacturing,Work centers,https://www.odoo.com/documentation/19.0/applications/inventory_and_mrp/manufacturing/advanced_configuration/using_work_centers.html,OFFICIAL_OR_PRIMARY,PASS,PASS,PASS,RETAIN,Official/primary source with a recorded finding and no restricted-source/module mismatch.,2026-08-31
PFD-LEG-00399,MFG-P5-BM-046,F167,Manufacturing,Bills of materials and formulas,https://learn.microsoft.com/en-us/dynamics365/supply-chain/production-control/bill-of-material-bom,OFFICIAL_OR_PRIMARY,PASS,PASS,PASS,RETAIN,Official/primary source with a recorded finding and no restricted-source/module mismatch.,2026-08-31
PFD-LEG-00400,MFG-P5-BM-047,F168,Manufacturing,Production process overview,https://learn.microsoft.com/en-us/dynamics365/supply-chain/production-control/production-process-overview,OFFICIAL_OR_PRIMARY,PASS,PASS,PASS,RETAIN,Official/primary source with a recorded finding and no restricted-source/module mismatch.,2026-08-31
PFD-LEG-00401,MFG-P5-BM-048,F168,Manufacturing,Master planning overview,https://learn.microsoft.com/en-us/dynamics365/supply-chain/master-planning/master-planning-home-page,OFFICIAL_OR_PRIMARY,PASS,PASS,PASS,RETAIN,Official/primary source with a recorded finding and no restricted-source/module mismatch.,2026-08-31
PFD-LEG-00402,MFG-P5-BM-049,F169,Manufacturing,Production Planning and Manufacturing,https://www.sap.com/products/scm/manufacturing.html,OFFICIAL_OR_PRIMARY,PASS,PASS,PASS,RETAIN,Official/primary source with a recorded finding and no restricted-source/module mismatch.,2026-08-31
PFD-LEG-00403,MFG-P5-BM-050,F169,Manufacturing,Manufacturing,https://docs.oracle.com/en/cloud/saas/supply-chain-and-manufacturing/,OFFICIAL_OR_PRIMARY,PASS,PASS,PASS,RETAIN,Official/primary source with a recorded finding and no restricted-source/module mismatch.,2026-08-31
PFD-LEG-00404,MFG-P5-BM-051,F170,Manufacturing,Bill of materials,https://www.odoo.com/documentation/19.0/applications/inventory_and_mrp/manufacturing/basic_setup/bill_configuration.html,OFFICIAL_OR_PRIMARY,PASS,PASS,PASS,RETAIN,Official/primary source with a recorded finding and no restricted-source/module mismatch.,2026-08-31
PFD-LEG-00405,MFG-P5-BM-052,F170,Manufacturing,Work order dependencies,https://www.odoo.com/documentation/19.0/applications/inventory_and_mrp/manufacturing/advanced_configuration/work_order_dependencies.html,OFFICIAL_OR_PRIMARY,PASS,PASS,PASS,RETAIN,Official/primary source with a recorded finding and no restricted-source/module mismatch.,2026-08-31
PFD-LEG-00406,MFG-P5-BM-053,F171,Manufacturing,Product lifecycle management,https://www.odoo.com/documentation/19.0/applications/inventory_and_mrp/plm.html,OFFICIAL_OR_PRIMARY,PASS,PASS,PASS,RETAIN,Official/primary source with a recorded finding and no restricted-source/module mismatch.,2026-08-31
PFD-LEG-00407,MFG-P5-BM-054,F171,Manufacturing,Work centers,https://www.odoo.com/documentation/19.0/applications/inventory_and_mrp/manufacturing/advanced_configuration/using_work_centers.html,OFFICIAL_OR_PRIMARY,PASS,PASS,PASS,RETAIN,Official/primary source with a recorded finding and no restricted-source/module mismatch.,2026-08-31
PFD-LEG-00408,MFG-P5-BM-055,F172,Manufacturing,Bills of materials and formulas,https://learn.microsoft.com/en-us/dynamics365/supply-chain/production-control/bill-of-material-bom,OFFICIAL_OR_PRIMARY,PASS,PASS,PASS,RETAIN,Official/primary source with a recorded finding and no restricted-source/module mismatch.,2026-08-31
PFD-LEG-00409,MFG-P5-BM-056,F172,Manufacturing,Production process overview,https://learn.microsoft.com/en-us/dynamics365/supply-chain/production-control/production-process-overview,OFFICIAL_OR_PRIMARY,PASS,PASS,PASS,RETAIN,Official/primary source with a recorded finding and no restricted-source/module mismatch.,2026-08-31
PFD-LEG-00410,MFG-P5-BM-057,F173,Manufacturing,Master planning overview,https://learn.microsoft.com/en-us/dynamics365/supply-chain/master-planning/master-planning-home-page,OFFICIAL_OR_PRIMARY,PASS,PASS,PASS,RETAIN,Official/primary source with a recorded finding and no restricted-source/module mismatch.,2026-08-31
PFD-LEG-00411,MFG-P5-BM-058,F173,Manufacturing,Production Planning and Manufacturing,https://www.sap.com/products/scm/manufacturing.html,OFFICIAL_OR_PRIMARY,PASS,PASS,PASS,RETAIN,Official/primary source with a recorded finding and no restricted-source/module mismatch.,2026-08-31
PFD-LEG-00412,MFG-P5-BM-059,F174,Manufacturing,Manufacturing,https://docs.oracle.com/en/cloud/saas/supply-chain-and-manufacturing/,OFFICIAL_OR_PRIMARY,PASS,PASS,PASS,RETAIN,Official/primary source with a recorded finding and no restricted-source/module mismatch.,2026-08-31
PFD-LEG-00413,MFG-P5-BM-060,F174,Manufacturing,Bill of materials,https://www.odoo.com/documentation/19.0/applications/inventory_and_mrp/manufacturing/basic_setup/bill_configuration.html,OFFICIAL_OR_PRIMARY,PASS,PASS,PASS,RETAIN,Official/primary source with a recorded finding and no restricted-source/module mismatch.,2026-08-31
PFD-LEG-00414,MFG-P5-BM-061,F175,Manufacturing,Work order dependencies,https://www.odoo.com/documentation/19.0/applications/inventory_and_mrp/manufacturing/advanced_configuration/work_order_dependencies.html,OFFICIAL_OR_PRIMARY,PASS,PASS,PASS,RETAIN,Official/primary source with a recorded finding and no restricted-source/module mismatch.,2026-08-31
PFD-LEG-00415,MFG-P5-BM-062,F175,Manufacturing,Product lifecycle management,https://www.odoo.com/documentation/19.0/applications/inventory_and_mrp/plm.html,OFFICIAL_OR_PRIMARY,PASS,PASS,PASS,RETAIN,Official/primary source with a recorded finding and no restricted-source/module mismatch.,2026-08-31
PFD-LEG-00416,MFG-P5-BM-063,F176,Manufacturing,Work centers,https://www.odoo.com/documentation/19.0/applications/inventory_and_mrp/manufacturing/advanced_configuration/using_work_centers.html,OFFICIAL_OR_PRIMARY,PASS,PASS,PASS,RETAIN,Official/primary source with a recorded finding and no restricted-source/module mismatch.,2026-08-31
PFD-LEG-00417,MFG-P5-BM-064,F176,Manufacturing,Bills of materials and formulas,https://learn.microsoft.com/en-us/dynamics365/supply-chain/production-control/bill-of-material-bom,OFFICIAL_OR_PRIMARY,PASS,PASS,PASS,RETAIN,Official/primary source with a recorded finding and no restricted-source/module mismatch.,2026-08-31
PFD-LEG-00418,MFG-P5-BM-065,F177,Manufacturing,Production process overview,https://learn.microsoft.com/en-us/dynamics365/supply-chain/production-control/production-process-overview,OFFICIAL_OR_PRIMARY,PASS,PASS,PASS,RETAIN,Official/primary source with a recorded finding and no restricted-source/module mismatch.,2026-08-31
PFD-LEG-00419,MFG-P5-BM-066,F177,Manufacturing,Master planning overview,https://learn.microsoft.com/en-us/dynamics365/supply-chain/master-planning/master-planning-home-page,OFFICIAL_OR_PRIMARY,PASS,PASS,PASS,RETAIN,Official/primary source with a recorded finding and no restricted-source/module mismatch.,2026-08-31
PFD-LEG-00420,MFG-P5-BM-067,F178,Manufacturing,Production Planning and Manufacturing,https://www.sap.com/products/scm/manufacturing.html,OFFICIAL_OR_PRIMARY,PASS,PASS,PASS,RETAIN,Official/primary source with a recorded finding and no restricted-source/module mismatch.,2026-08-31
PFD-LEG-00421,MFG-P5-BM-068,F178,Manufacturing,Manufacturing,https://docs.oracle.com/en/cloud/saas/supply-chain-and-manufacturing/,OFFICIAL_OR_PRIMARY,PASS,PASS,PASS,RETAIN,Official/primary source with a recorded finding and no restricted-source/module mismatch.,2026-08-31
PFD-LEG-00422,MFG-P5-BM-069,F179,Manufacturing,Bill of materials,https://www.odoo.com/documentation/19.0/applications/inventory_and_mrp/manufacturing/basic_setup/bill_configuration.html,OFFICIAL_OR_PRIMARY,PASS,PASS,PASS,RETAIN,Official/primary source with a recorded finding and no restricted-source/module mismatch.,2026-08-31
PFD-LEG-00423,MFG-P5-BM-070,F179,Manufacturing,Work order dependencies,https://www.odoo.com/documentation/19.0/applications/inventory_and_mrp/manufacturing/advanced_configuration/work_order_dependencies.html,OFFICIAL_OR_PRIMARY,PASS,PASS,PASS,RETAIN,Official/primary source with a recorded finding and no restricted-source/module mismatch.,2026-08-31
PFD-LEG-00424,MFG-P5-BM-071,F180,Manufacturing,Product lifecycle management,https://www.odoo.com/documentation/19.0/applications/inventory_and_mrp/plm.html,OFFICIAL_OR_PRIMARY,PASS,PASS,PASS,RETAIN,Official/primary source with a recorded finding and no restricted-source/module mismatch.,2026-08-31
PFD-LEG-00425,MFG-P5-BM-072,F180,Manufacturing,Work centers,https://www.odoo.com/documentation/19.0/applications/inventory_and_mrp/manufacturing/advanced_configuration/using_work_centers.html,OFFICIAL_OR_PRIMARY,PASS,PASS,PASS,RETAIN,Official/primary source with a recorded finding and no restricted-source/module mismatch.,2026-08-31
PFD-LEG-00426,MFG-P5-BM-073,F181,Manufacturing,Bills of materials and formulas,https://learn.microsoft.com/en-us/dynamics365/supply-chain/production-control/bill-of-material-bom,OFFICIAL_OR_PRIMARY,PASS,PASS,PASS,RETAIN,Official/primary source with a recorded finding and no restricted-source/module mismatch.,2026-08-31
PFD-LEG-00427,MFG-P5-BM-074,F181,Manufacturing,Production process overview,https://learn.microsoft.com/en-us/dynamics365/supply-chain/production-control/production-process-overview,OFFICIAL_OR_PRIMARY,PASS,PASS,PASS,RETAIN,Official/primary source with a recorded finding and no restricted-source/module mismatch.,2026-08-31
PFD-LEG-00428,MFG-P5-BM-075,F182,Manufacturing,Master planning overview,https://learn.microsoft.com/en-us/dynamics365/supply-chain/master-planning/master-planning-home-page,OFFICIAL_OR_PRIMARY,PASS,PASS,PASS,RETAIN,Official/primary source with a recorded finding and no restricted-source/module mismatch.,2026-08-31
PFD-LEG-00429,MFG-P5-BM-076,F182,Manufacturing,Production Planning and Manufacturing,https://www.sap.com/products/scm/manufacturing.html,OFFICIAL_OR_PRIMARY,PASS,PASS,PASS,RETAIN,Official/primary source with a recorded finding and no restricted-source/module mismatch.,2026-08-31
PFD-LEG-00430,MFG-P5-BM-077,F183,Manufacturing,Manufacturing,https://docs.oracle.com/en/cloud/saas/supply-chain-and-manufacturing/,OFFICIAL_OR_PRIMARY,PASS,PASS,PASS,RETAIN,Official/primary source with a recorded finding and no restricted-source/module mismatch.,2026-08-31
PFD-LEG-00431,MFG-P5-BM-078,F183,Manufacturing,Bill of materials,https://www.odoo.com/documentation/19.0/applications/inventory_and_mrp/manufacturing/basic_setup/bill_configuration.html,OFFICIAL_OR_PRIMARY,PASS,PASS,PASS,RETAIN,Official/primary source with a recorded finding and no restricted-source/module mismatch.,2026-08-31
PFD-LEG-00432,MFG-P5-BM-079,F184,Manufacturing,Work order dependencies,https://www.odoo.com/documentation/19.0/applications/inventory_and_mrp/manufacturing/advanced_configuration/work_order_dependencies.html,OFFICIAL_OR_PRIMARY,PASS,PASS,PASS,RETAIN,Official/primary source with a recorded finding and no restricted-source/module mismatch.,2026-08-31
PFD-LEG-00433,MFG-P5-BM-080,F184,Manufacturing,Product lifecycle management,https://www.odoo.com/documentation/19.0/applications/inventory_and_mrp/plm.html,OFFICIAL_OR_PRIMARY,PASS,PASS,PASS,RETAIN,Official/primary source with a recorded finding and no restricted-source/module mismatch.,2026-08-31
PFD-LEG-00434,MFG-P5-BM-081,F185,Manufacturing,Work centers,https://www.odoo.com/documentation/19.0/applications/inventory_and_mrp/manufacturing/advanced_configuration/using_work_centers.html,OFFICIAL_OR_PRIMARY,PASS,PASS,PASS,RETAIN,Official/primary source with a recorded finding and no restricted-source/module mismatch.,2026-08-31
PFD-LEG-00435,MFG-P5-BM-082,F185,Manufacturing,Bills of materials and formulas,https://learn.microsoft.com/en-us/dynamics365/supply-chain/production-control/bill-of-material-bom,OFFICIAL_OR_PRIMARY,PASS,PASS,PASS,RETAIN,Official/primary source with a recorded finding and no restricted-source/module mismatch.,2026-08-31
PFD-LEG-00436,MFG-P5-BM-083,F186,Manufacturing,Production process overview,https://learn.microsoft.com/en-us/dynamics365/supply-chain/production-control/production-process-overview,OFFICIAL_OR_PRIMARY,PASS,PASS,PASS,RETAIN,Official/primary source with a recorded finding and no restricted-source/module mismatch.,2026-08-31
PFD-LEG-00437,MFG-P5-BM-084,F186,Manufacturing,Master planning overview,https://learn.microsoft.com/en-us/dynamics365/supply-chain/master-planning/master-planning-home-page,OFFICIAL_OR_PRIMARY,PASS,PASS,PASS,RETAIN,Official/primary source with a recorded finding and no restricted-source/module mismatch.,2026-08-31
PFD-LEG-00438,MFG-P5-BM-085,F187,Manufacturing,Production Planning and Manufacturing,https://www.sap.com/products/scm/manufacturing.html,OFFICIAL_OR_PRIMARY,PASS,PASS,PASS,RETAIN,Official/primary source with a recorded finding and no restricted-source/module mismatch.,2026-08-31
PFD-LEG-00439,MFG-P5-BM-086,F187,Manufacturing,Manufacturing,https://docs.oracle.com/en/cloud/saas/supply-chain-and-manufacturing/,OFFICIAL_OR_PRIMARY,PASS,PASS,PASS,RETAIN,Official/primary source with a recorded finding and no restricted-source/module mismatch.,2026-08-31
PFD-LEG-00440,MFG-P5-BM-087,F188,Manufacturing,Bill of materials,https://www.odoo.com/documentation/19.0/applications/inventory_and_mrp/manufacturing/basic_setup/bill_configuration.html,OFFICIAL_OR_PRIMARY,PASS,PASS,PASS,RETAIN,Official/primary source with a recorded finding and no restricted-source/module mismatch.,2026-08-31
PFD-LEG-00441,MFG-P5-BM-088,F188,Manufacturing,Work order dependencies,https://www.odoo.com/documentation/19.0/applications/inventory_and_mrp/manufacturing/advanced_configuration/work_order_dependencies.html,OFFICIAL_OR_PRIMARY,PASS,PASS,PASS,RETAIN,Official/primary source with a recorded finding and no restricted-source/module mismatch.,2026-08-31
PFD-LEG-00442,MFG-P5-BM-089,F189,Manufacturing,Product lifecycle management,https://www.odoo.com/documentation/19.0/applications/inventory_and_mrp/plm.html,OFFICIAL_OR_PRIMARY,PASS,PASS,PASS,RETAIN,Official/primary source with a recorded finding and no restricted-source/module mismatch.,2026-08-31
PFD-LEG-00443,MFG-P5-BM-090,F189,Manufacturing,Work centers,https://www.odoo.com/documentation/19.0/applications/inventory_and_mrp/manufacturing/advanced_configuration/using_work_centers.html,OFFICIAL_OR_PRIMARY,PASS,PASS,PASS,RETAIN,Official/primary source with a recorded finding and no restricted-source/module mismatch.,2026-08-31
PFD-LEG-00444,MFG-P5-BM-091,F190,Manufacturing,Bills of materials and formulas,https://learn.microsoft.com/en-us/dynamics365/supply-chain/production-control/bill-of-material-bom,OFFICIAL_OR_PRIMARY,PASS,PASS,PASS,RETAIN,Official/primary source with a recorded finding and no restricted-source/module mismatch.,2026-08-31
PFD-LEG-00445,MFG-P5-BM-092,F190,Manufacturing,Production process overview,https://learn.microsoft.com/en-us/dynamics365/supply-chain/production-control/production-process-overview,OFFICIAL_OR_PRIMARY,PASS,PASS,PASS,RETAIN,Official/primary source with a recorded finding and no restricted-source/module mismatch.,2026-08-31
PFD-LEG-00446,MFG-P5-BM-093,F191,Manufacturing,Master planning overview,https://learn.microsoft.com/en-us/dynamics365/supply-chain/master-planning/master-planning-home-page,OFFICIAL_OR_PRIMARY,PASS,PASS,PASS,RETAIN,Official/primary source with a recorded finding and no restricted-source/module mismatch.,2026-08-31
PFD-LEG-00447,MFG-P5-BM-094,F191,Manufacturing,Production Planning and Manufacturing,https://www.sap.com/products/scm/manufacturing.html,OFFICIAL_OR_PRIMARY,PASS,PASS,PASS,RETAIN,Official/primary source with a recorded finding and no restricted-source/module mismatch.,2026-08-31
PFD-LEG-00448,MFG-P5-BM-095,F192,Manufacturing,Manufacturing,https://docs.oracle.com/en/cloud/saas/supply-chain-and-manufacturing/,OFFICIAL_OR_PRIMARY,PASS,PASS,PASS,RETAIN,Official/primary source with a recorded finding and no restricted-source/module mismatch.,2026-08-31
PFD-LEG-00449,MFG-P5-BM-096,F192,Manufacturing,Bill of materials,https://www.odoo.com/documentation/19.0/applications/inventory_and_mrp/manufacturing/basic_setup/bill_configuration.html,OFFICIAL_OR_PRIMARY,PASS,PASS,PASS,RETAIN,Official/primary source with a recorded finding and no restricted-source/module mismatch.,2026-08-31
PFD-LEG-00450,PRJ-P6-BM-001,F193,Projects,Create a work breakdown structure,https://learn.microsoft.com/en-us/dynamics365/project-operations/project-management/create-wbs,OFFICIAL_OR_PRIMARY,PASS,PASS,PASS,RETAIN,Official/primary source with a recorded finding and no restricted-source/module mismatch.,2026-08-31
PFD-LEG-00451,PRJ-P6-BM-002,F193,Projects,Project budget management overview,https://learn.microsoft.com/en-us/dynamics365/project-operations/pro/budget/projectbudgetmanagement,OFFICIAL_OR_PRIMARY,PASS,PASS,PASS,RETAIN,Official/primary source with a recorded finding and no restricted-source/module mismatch.,2026-08-31
PFD-LEG-00452,PRJ-P6-BM-003,F194,Projects,Project,https://www.odoo.com/documentation/19.0/applications/services/project.html,OFFICIAL_OR_PRIMARY,PASS,PASS,PASS,RETAIN,Official/primary source with a recorded finding and no restricted-source/module mismatch.,2026-08-31
PFD-LEG-00453,PRJ-P6-BM-004,F194,Projects,Project milestones,https://www.odoo.com/documentation/19.0/applications/services/project/project_management/project_milestones.html,OFFICIAL_OR_PRIMARY,PASS,PASS,PASS,RETAIN,Official/primary source with a recorded finding and no restricted-source/module mismatch.,2026-08-31
PFD-LEG-00454,PRJ-P6-BM-005,F195,Projects,Project templates,https://www.odoo.com/documentation/19.0/applications/services/project/project_management/project_templates.html,OFFICIAL_OR_PRIMARY,PASS,PASS,PASS,RETAIN,Official/primary source with a recorded finding and no restricted-source/module mismatch.,2026-08-31
PFD-LEG-00455,PRJ-P6-BM-006,F195,Projects,Timesheets,https://www.odoo.com/documentation/19.0/applications/services/timesheets.html,OFFICIAL_OR_PRIMARY,PASS,PASS,PASS,RETAIN,Official/primary source with a recorded finding and no restricted-source/module mismatch.,2026-08-31
PFD-LEG-00456,PRJ-P6-BM-007,F196,Projects,Task dependencies,https://www.odoo.com/documentation/19.0/applications/services/project/tasks/task_dependencies.html,OFFICIAL_OR_PRIMARY,PASS,PASS,PASS,RETAIN,Official/primary source with a recorded finding and no restricted-source/module mismatch.,2026-08-31
PFD-LEG-00457,PRJ-P6-BM-008,F196,Projects,Project profitability,https://www.odoo.com/documentation/19.0/applications/services/project/project_management/project_profitability.html,OFFICIAL_OR_PRIMARY,PASS,PASS,PASS,RETAIN,Official/primary source with a recorded finding and no restricted-source/module mismatch.,2026-08-31
PFD-LEG-00458,PRJ-P6-BM-009,F197,Projects,Project dashboard,https://www.odoo.com/documentation/19.0/applications/services/project/project_management/project_dashboard.html,OFFICIAL_OR_PRIMARY,PASS,PASS,PASS,RETAIN,Official/primary source with a recorded finding and no restricted-source/module mismatch.,2026-08-31
PFD-LEG-00459,PRJ-P6-BM-010,F197,Projects,Create a work breakdown structure,https://learn.microsoft.com/en-us/dynamics365/project-operations/project-management/create-wbs,OFFICIAL_OR_PRIMARY,PASS,PASS,PASS,RETAIN,Official/primary source with a recorded finding and no restricted-source/module mismatch.,2026-08-31
PFD-LEG-00460,PRJ-P6-BM-011,F198,Projects,Project budget management overview,https://learn.microsoft.com/en-us/dynamics365/project-operations/pro/budget/projectbudgetmanagement,OFFICIAL_OR_PRIMARY,PASS,PASS,PASS,RETAIN,Official/primary source with a recorded finding and no restricted-source/module mismatch.,2026-08-31
PFD-LEG-00461,PRJ-P6-BM-012,F198,Projects,Project,https://www.odoo.com/documentation/19.0/applications/services/project.html,OFFICIAL_OR_PRIMARY,PASS,PASS,PASS,RETAIN,Official/primary source with a recorded finding and no restricted-source/module mismatch.,2026-08-31
PFD-LEG-00462,PRJ-P6-BM-013,F199,Projects,Project milestones,https://www.odoo.com/documentation/19.0/applications/services/project/project_management/project_milestones.html,OFFICIAL_OR_PRIMARY,PASS,PASS,PASS,RETAIN,Official/primary source with a recorded finding and no restricted-source/module mismatch.,2026-08-31
PFD-LEG-00463,PRJ-P6-BM-014,F199,Projects,Project templates,https://www.odoo.com/documentation/19.0/applications/services/project/project_management/project_templates.html,OFFICIAL_OR_PRIMARY,PASS,PASS,PASS,RETAIN,Official/primary source with a recorded finding and no restricted-source/module mismatch.,2026-08-31
PFD-LEG-00464,PRJ-P6-BM-015,F200,Projects,Timesheets,https://www.odoo.com/documentation/19.0/applications/services/timesheets.html,OFFICIAL_OR_PRIMARY,PASS,PASS,PASS,RETAIN,Official/primary source with a recorded finding and no restricted-source/module mismatch.,2026-08-31
PFD-LEG-00465,PRJ-P6-BM-016,F200,Projects,Task dependencies,https://www.odoo.com/documentation/19.0/applications/services/project/tasks/task_dependencies.html,OFFICIAL_OR_PRIMARY,PASS,PASS,PASS,RETAIN,Official/primary source with a recorded finding and no restricted-source/module mismatch.,2026-08-31
PFD-LEG-00466,PRJ-P6-BM-017,F201,Projects,Project profitability,https://www.odoo.com/documentation/19.0/applications/services/project/project_management/project_profitability.html,OFFICIAL_OR_PRIMARY,PASS,PASS,PASS,RETAIN,Official/primary source with a recorded finding and no restricted-source/module mismatch.,2026-08-31
PFD-LEG-00467,PRJ-P6-BM-018,F201,Projects,Project dashboard,https://www.odoo.com/documentation/19.0/applications/services/project/project_management/project_dashboard.html,OFFICIAL_OR_PRIMARY,PASS,PASS,PASS,RETAIN,Official/primary source with a recorded finding and no restricted-source/module mismatch.,2026-08-31
PFD-LEG-00468,PRJ-P6-BM-019,F202,Projects,Create a work breakdown structure,https://learn.microsoft.com/en-us/dynamics365/project-operations/project-management/create-wbs,OFFICIAL_OR_PRIMARY,PASS,PASS,PASS,RETAIN,Official/primary source with a recorded finding and no restricted-source/module mismatch.,2026-08-31
PFD-LEG-00469,PRJ-P6-BM-020,F202,Projects,Project budget management overview,https://learn.microsoft.com/en-us/dynamics365/project-operations/pro/budget/projectbudgetmanagement,OFFICIAL_OR_PRIMARY,PASS,PASS,PASS,RETAIN,Official/primary source with a recorded finding and no restricted-source/module mismatch.,2026-08-31
PFD-LEG-00470,PRJ-P6-BM-021,F203,Projects,Project,https://www.odoo.com/documentation/19.0/applications/services/project.html,OFFICIAL_OR_PRIMARY,PASS,PASS,PASS,RETAIN,Official/primary source with a recorded finding and no restricted-source/module mismatch.,2026-08-31
PFD-LEG-00471,PRJ-P6-BM-022,F203,Projects,Project milestones,https://www.odoo.com/documentation/19.0/applications/services/project/project_management/project_milestones.html,OFFICIAL_OR_PRIMARY,PASS,PASS,PASS,RETAIN,Official/primary source with a recorded finding and no restricted-source/module mismatch.,2026-08-31
PFD-LEG-00472,PRJ-P6-BM-023,F204,Projects,Project templates,https://www.odoo.com/documentation/19.0/applications/services/project/project_management/project_templates.html,OFFICIAL_OR_PRIMARY,PASS,PASS,PASS,RETAIN,Official/primary source with a recorded finding and no restricted-source/module mismatch.,2026-08-31
PFD-LEG-00473,PRJ-P6-BM-024,F204,Projects,Timesheets,https://www.odoo.com/documentation/19.0/applications/services/timesheets.html,OFFICIAL_OR_PRIMARY,PASS,PASS,PASS,RETAIN,Official/primary source with a recorded finding and no restricted-source/module mismatch.,2026-08-31
PFD-LEG-00474,PRJ-P6-BM-025,F205,Projects,Task dependencies,https://www.odoo.com/documentation/19.0/applications/services/project/tasks/task_dependencies.html,OFFICIAL_OR_PRIMARY,PASS,PASS,PASS,RETAIN,Official/primary source with a recorded finding and no restricted-source/module mismatch.,2026-08-31
PFD-LEG-00475,PRJ-P6-BM-026,F205,Projects,Project profitability,https://www.odoo.com/documentation/19.0/applications/services/project/project_management/project_profitability.html,OFFICIAL_OR_PRIMARY,PASS,PASS,PASS,RETAIN,Official/primary source with a recorded finding and no restricted-source/module mismatch.,2026-08-31
PFD-LEG-00476,PRJ-P6-BM-027,F206,Projects,Project dashboard,https://www.odoo.com/documentation/19.0/applications/services/project/project_management/project_dashboard.html,OFFICIAL_OR_PRIMARY,PASS,PASS,PASS,RETAIN,Official/primary source with a recorded finding and no restricted-source/module mismatch.,2026-08-31
PFD-LEG-00477,PRJ-P6-BM-028,F206,Projects,Create a work breakdown structure,https://learn.microsoft.com/en-us/dynamics365/project-operations/project-management/create-wbs,OFFICIAL_OR_PRIMARY,PASS,PASS,PASS,RETAIN,Official/primary source with a recorded finding and no restricted-source/module mismatch.,2026-08-31
PFD-LEG-00478,PRJ-P6-BM-029,F207,Projects,Project budget management overview,https://learn.microsoft.com/en-us/dynamics365/project-operations/pro/budget/projectbudgetmanagement,OFFICIAL_OR_PRIMARY,PASS,PASS,PASS,RETAIN,Official/primary source with a recorded finding and no restricted-source/module mismatch.,2026-08-31
PFD-LEG-00479,PRJ-P6-BM-030,F207,Projects,Project,https://www.odoo.com/documentation/19.0/applications/services/project.html,OFFICIAL_OR_PRIMARY,PASS,PASS,PASS,RETAIN,Official/primary source with a recorded finding and no restricted-source/module mismatch.,2026-08-31
PFD-LEG-00480,PRJ-P6-BM-031,F208,Projects,Project milestones,https://www.odoo.com/documentation/19.0/applications/services/project/project_management/project_milestones.html,OFFICIAL_OR_PRIMARY,PASS,PASS,PASS,RETAIN,Official/primary source with a recorded finding and no restricted-source/module mismatch.,2026-08-31
PFD-LEG-00481,PRJ-P6-BM-032,F208,Projects,Project templates,https://www.odoo.com/documentation/19.0/applications/services/project/project_management/project_templates.html,OFFICIAL_OR_PRIMARY,PASS,PASS,PASS,RETAIN,Official/primary source with a recorded finding and no restricted-source/module mismatch.,2026-08-31
PFD-LEG-00482,PRJ-P6-BM-033,F209,Projects,Timesheets,https://www.odoo.com/documentation/19.0/applications/services/timesheets.html,OFFICIAL_OR_PRIMARY,PASS,PASS,PASS,RETAIN,Official/primary source with a recorded finding and no restricted-source/module mismatch.,2026-08-31
PFD-LEG-00483,PRJ-P6-BM-034,F209,Projects,Task dependencies,https://www.odoo.com/documentation/19.0/applications/services/project/tasks/task_dependencies.html,OFFICIAL_OR_PRIMARY,PASS,PASS,PASS,RETAIN,Official/primary source with a recorded finding and no restricted-source/module mismatch.,2026-08-31
PFD-LEG-00484,PRJ-P6-BM-035,F210,Projects,Project profitability,https://www.odoo.com/documentation/19.0/applications/services/project/project_management/project_profitability.html,OFFICIAL_OR_PRIMARY,PASS,PASS,PASS,RETAIN,Official/primary source with a recorded finding and no restricted-source/module mismatch.,2026-08-31
PFD-LEG-00485,PRJ-P6-BM-036,F210,Projects,Project dashboard,https://www.odoo.com/documentation/19.0/applications/services/project/project_management/project_dashboard.html,OFFICIAL_OR_PRIMARY,PASS,PASS,PASS,RETAIN,Official/primary source with a recorded finding and no restricted-source/module mismatch.,2026-08-31
PFD-LEG-00486,PRJ-P6-BM-037,F211,Projects,Create a work breakdown structure,https://learn.microsoft.com/en-us/dynamics365/project-operations/project-management/create-wbs,OFFICIAL_OR_PRIMARY,PASS,PASS,PASS,RETAIN,Official/primary source with a recorded finding and no restricted-source/module mismatch.,2026-08-31
PFD-LEG-00487,PRJ-P6-BM-038,F211,Projects,Project budget management overview,https://learn.microsoft.com/en-us/dynamics365/project-operations/pro/budget/projectbudgetmanagement,OFFICIAL_OR_PRIMARY,PASS,PASS,PASS,RETAIN,Official/primary source with a recorded finding and no restricted-source/module mismatch.,2026-08-31
PFD-LEG-00488,PRJ-P6-BM-039,F212,Projects,Project,https://www.odoo.com/documentation/19.0/applications/services/project.html,OFFICIAL_OR_PRIMARY,PASS,PASS,PASS,RETAIN,Official/primary source with a recorded finding and no restricted-source/module mismatch.,2026-08-31
PFD-LEG-00489,PRJ-P6-BM-040,F212,Projects,Project milestones,https://www.odoo.com/documentation/19.0/applications/services/project/project_management/project_milestones.html,OFFICIAL_OR_PRIMARY,PASS,PASS,PASS,RETAIN,Official/primary source with a recorded finding and no restricted-source/module mismatch.,2026-08-31
PFD-LEG-00490,PRJ-P6-BM-041,F213,Projects,Project templates,https://www.odoo.com/documentation/19.0/applications/services/project/project_management/project_templates.html,OFFICIAL_OR_PRIMARY,PASS,PASS,PASS,RETAIN,Official/primary source with a recorded finding and no restricted-source/module mismatch.,2026-08-31
PFD-LEG-00491,PRJ-P6-BM-042,F213,Projects,Timesheets,https://www.odoo.com/documentation/19.0/applications/services/timesheets.html,OFFICIAL_OR_PRIMARY,PASS,PASS,PASS,RETAIN,Official/primary source with a recorded finding and no restricted-source/module mismatch.,2026-08-31
PFD-LEG-00492,PRJ-P6-BM-043,F214,Projects,Task dependencies,https://www.odoo.com/documentation/19.0/applications/services/project/tasks/task_dependencies.html,OFFICIAL_OR_PRIMARY,PASS,PASS,PASS,RETAIN,Official/primary source with a recorded finding and no restricted-source/module mismatch.,2026-08-31
PFD-LEG-00493,PRJ-P6-BM-044,F214,Projects,Project profitability,https://www.odoo.com/documentation/19.0/applications/services/project/project_management/project_profitability.html,OFFICIAL_OR_PRIMARY,PASS,PASS,PASS,RETAIN,Official/primary source with a recorded finding and no restricted-source/module mismatch.,2026-08-31
PFD-LEG-00494,PRJ-P6-BM-045,F215,Projects,Project dashboard,https://www.odoo.com/documentation/19.0/applications/services/project/project_management/project_dashboard.html,OFFICIAL_OR_PRIMARY,PASS,PASS,PASS,RETAIN,Official/primary source with a recorded finding and no restricted-source/module mismatch.,2026-08-31
PFD-LEG-00495,PRJ-P6-BM-046,F215,Projects,Create a work breakdown structure,https://learn.microsoft.com/en-us/dynamics365/project-operations/project-management/create-wbs,OFFICIAL_OR_PRIMARY,PASS,PASS,PASS,RETAIN,Official/primary source with a recorded finding and no restricted-source/module mismatch.,2026-08-31
PFD-LEG-00496,PRJ-P6-BM-047,F216,Projects,Project budget management overview,https://learn.microsoft.com/en-us/dynamics365/project-operations/pro/budget/projectbudgetmanagement,OFFICIAL_OR_PRIMARY,PASS,PASS,PASS,RETAIN,Official/primary source with a recorded finding and no restricted-source/module mismatch.,2026-08-31
PFD-LEG-00497,PRJ-P6-BM-048,F216,Projects,Project,https://www.odoo.com/documentation/19.0/applications/services/project.html,OFFICIAL_OR_PRIMARY,PASS,PASS,PASS,RETAIN,Official/primary source with a recorded finding and no restricted-source/module mismatch.,2026-08-31
PFD-LEG-00498,PRJ-P6-BM-049,F217,Projects,Project milestones,https://www.odoo.com/documentation/19.0/applications/services/project/project_management/project_milestones.html,OFFICIAL_OR_PRIMARY,PASS,PASS,PASS,RETAIN,Official/primary source with a recorded finding and no restricted-source/module mismatch.,2026-08-31
PFD-LEG-00499,PRJ-P6-BM-050,F217,Projects,Project templates,https://www.odoo.com/documentation/19.0/applications/services/project/project_management/project_templates.html,OFFICIAL_OR_PRIMARY,PASS,PASS,PASS,RETAIN,Official/primary source with a recorded finding and no restricted-source/module mismatch.,2026-08-31
PFD-LEG-00500,PRJ-P6-BM-051,F218,Projects,Timesheets,https://www.odoo.com/documentation/19.0/applications/services/timesheets.html,OFFICIAL_OR_PRIMARY,PASS,PASS,PASS,RETAIN,Official/primary source with a recorded finding and no restricted-source/module mismatch.,2026-08-31
PFD-LEG-00501,PRJ-P6-BM-052,F218,Projects,Task dependencies,https://www.odoo.com/documentation/19.0/applications/services/project/tasks/task_dependencies.html,OFFICIAL_OR_PRIMARY,PASS,PASS,PASS,RETAIN,Official/primary source with a recorded finding and no restricted-source/module mismatch.,2026-08-31
PFD-LEG-00502,PRJ-P6-BM-053,F219,Projects,Project profitability,https://www.odoo.com/documentation/19.0/applications/services/project/project_management/project_profitability.html,OFFICIAL_OR_PRIMARY,PASS,PASS,PASS,RETAIN,Official/primary source with a recorded finding and no restricted-source/module mismatch.,2026-08-31
PFD-LEG-00503,PRJ-P6-BM-054,F219,Projects,Project dashboard,https://www.odoo.com/documentation/19.0/applications/services/project/project_management/project_dashboard.html,OFFICIAL_OR_PRIMARY,PASS,PASS,PASS,RETAIN,Official/primary source with a recorded finding and no restricted-source/module mismatch.,2026-08-31
PFD-LEG-00504,PRJ-P6-BM-055,F220,Projects,Create a work breakdown structure,https://learn.microsoft.com/en-us/dynamics365/project-operations/project-management/create-wbs,OFFICIAL_OR_PRIMARY,PASS,PASS,PASS,RETAIN,Official/primary source with a recorded finding and no restricted-source/module mismatch.,2026-08-31
PFD-LEG-00505,PRJ-P6-BM-056,F220,Projects,Project budget management overview,https://learn.microsoft.com/en-us/dynamics365/project-operations/pro/budget/projectbudgetmanagement,OFFICIAL_OR_PRIMARY,PASS,PASS,PASS,RETAIN,Official/primary source with a recorded finding and no restricted-source/module mismatch.,2026-08-31
PFD-LEG-00506,PRJ-P6-BM-057,F221,Projects,Project,https://www.odoo.com/documentation/19.0/applications/services/project.html,OFFICIAL_OR_PRIMARY,PASS,PASS,PASS,RETAIN,Official/primary source with a recorded finding and no restricted-source/module mismatch.,2026-08-31
PFD-LEG-00507,PRJ-P6-BM-058,F221,Projects,Project milestones,https://www.odoo.com/documentation/19.0/applications/services/project/project_management/project_milestones.html,OFFICIAL_OR_PRIMARY,PASS,PASS,PASS,RETAIN,Official/primary source with a recorded finding and no restricted-source/module mismatch.,2026-08-31
PFD-LEG-00508,PRJ-P6-BM-059,F222,Projects,Project templates,https://www.odoo.com/documentation/19.0/applications/services/project/project_management/project_templates.html,OFFICIAL_OR_PRIMARY,PASS,PASS,PASS,RETAIN,Official/primary source with a recorded finding and no restricted-source/module mismatch.,2026-08-31
PFD-LEG-00509,PRJ-P6-BM-060,F222,Projects,Timesheets,https://www.odoo.com/documentation/19.0/applications/services/timesheets.html,OFFICIAL_OR_PRIMARY,PASS,PASS,PASS,RETAIN,Official/primary source with a recorded finding and no restricted-source/module mismatch.,2026-08-31
PFD-LEG-00510,PRJ-P6-BM-061,F223,Projects,Task dependencies,https://www.odoo.com/documentation/19.0/applications/services/project/tasks/task_dependencies.html,OFFICIAL_OR_PRIMARY,PASS,PASS,PASS,RETAIN,Official/primary source with a recorded finding and no restricted-source/module mismatch.,2026-08-31
PFD-LEG-00511,PRJ-P6-BM-062,F223,Projects,Project profitability,https://www.odoo.com/documentation/19.0/applications/services/project/project_management/project_profitability.html,OFFICIAL_OR_PRIMARY,PASS,PASS,PASS,RETAIN,Official/primary source with a recorded finding and no restricted-source/module mismatch.,2026-08-31
PFD-LEG-00512,PRJ-P6-BM-063,F224,Projects,Project dashboard,https://www.odoo.com/documentation/19.0/applications/services/project/project_management/project_dashboard.html,OFFICIAL_OR_PRIMARY,PASS,PASS,PASS,RETAIN,Official/primary source with a recorded finding and no restricted-source/module mismatch.,2026-08-31
PFD-LEG-00513,PRJ-P6-BM-064,F224,Projects,Create a work breakdown structure,https://learn.microsoft.com/en-us/dynamics365/project-operations/project-management/create-wbs,OFFICIAL_OR_PRIMARY,PASS,PASS,PASS,RETAIN,Official/primary source with a recorded finding and no restricted-source/module mismatch.,2026-08-31
PFD-LEG-00514,PRJ-P6-BM-065,F225,Projects,Project budget management overview,https://learn.microsoft.com/en-us/dynamics365/project-operations/pro/budget/projectbudgetmanagement,OFFICIAL_OR_PRIMARY,PASS,PASS,PASS,RETAIN,Official/primary source with a recorded finding and no restricted-source/module mismatch.,2026-08-31
PFD-LEG-00515,PRJ-P6-BM-066,F225,Projects,Project,https://www.odoo.com/documentation/19.0/applications/services/project.html,OFFICIAL_OR_PRIMARY,PASS,PASS,PASS,RETAIN,Official/primary source with a recorded finding and no restricted-source/module mismatch.,2026-08-31
PFD-LEG-00516,PRJ-P6-BM-067,F226,Projects,Project milestones,https://www.odoo.com/documentation/19.0/applications/services/project/project_management/project_milestones.html,OFFICIAL_OR_PRIMARY,PASS,PASS,PASS,RETAIN,Official/primary source with a recorded finding and no restricted-source/module mismatch.,2026-08-31
PFD-LEG-00517,PRJ-P6-BM-068,F226,Projects,Project templates,https://www.odoo.com/documentation/19.0/applications/services/project/project_management/project_templates.html,OFFICIAL_OR_PRIMARY,PASS,PASS,PASS,RETAIN,Official/primary source with a recorded finding and no restricted-source/module mismatch.,2026-08-31
PFD-LEG-00518,PRJ-P6-BM-069,F227,Projects,Timesheets,https://www.odoo.com/documentation/19.0/applications/services/timesheets.html,OFFICIAL_OR_PRIMARY,PASS,PASS,PASS,RETAIN,Official/primary source with a recorded finding and no restricted-source/module mismatch.,2026-08-31
PFD-LEG-00519,PRJ-P6-BM-070,F227,Projects,Task dependencies,https://www.odoo.com/documentation/19.0/applications/services/project/tasks/task_dependencies.html,OFFICIAL_OR_PRIMARY,PASS,PASS,PASS,RETAIN,Official/primary source with a recorded finding and no restricted-source/module mismatch.,2026-08-31
PFD-LEG-00520,PRJ-P6-BM-071,F228,Projects,Project profitability,https://www.odoo.com/documentation/19.0/applications/services/project/project_management/project_profitability.html,OFFICIAL_OR_PRIMARY,PASS,PASS,PASS,RETAIN,Official/primary source with a recorded finding and no restricted-source/module mismatch.,2026-08-31
PFD-LEG-00521,PRJ-P6-BM-072,F228,Projects,Project dashboard,https://www.odoo.com/documentation/19.0/applications/services/project/project_management/project_dashboard.html,OFFICIAL_OR_PRIMARY,PASS,PASS,PASS,RETAIN,Official/primary source with a recorded finding and no restricted-source/module mismatch.,2026-08-31
PFD-LEG-00522,PRJ-P6-BM-073,F229,Projects,Create a work breakdown structure,https://learn.microsoft.com/en-us/dynamics365/project-operations/project-management/create-wbs,OFFICIAL_OR_PRIMARY,PASS,PASS,PASS,RETAIN,Official/primary source with a recorded finding and no restricted-source/module mismatch.,2026-08-31
PFD-LEG-00523,PRJ-P6-BM-074,F229,Projects,Project budget management overview,https://learn.microsoft.com/en-us/dynamics365/project-operations/pro/budget/projectbudgetmanagement,OFFICIAL_OR_PRIMARY,PASS,PASS,PASS,RETAIN,Official/primary source with a recorded finding and no restricted-source/module mismatch.,2026-08-31
PFD-LEG-00524,PRJ-P6-BM-075,F230,Projects,Project,https://www.odoo.com/documentation/19.0/applications/services/project.html,OFFICIAL_OR_PRIMARY,PASS,PASS,PASS,RETAIN,Official/primary source with a recorded finding and no restricted-source/module mismatch.,2026-08-31
PFD-LEG-00525,PRJ-P6-BM-076,F230,Projects,Project milestones,https://www.odoo.com/documentation/19.0/applications/services/project/project_management/project_milestones.html,OFFICIAL_OR_PRIMARY,PASS,PASS,PASS,RETAIN,Official/primary source with a recorded finding and no restricted-source/module mismatch.,2026-08-31
PFD-LEG-00526,AST-P7-BM-001,F231,Assets,Manage fixed assets,https://learn.microsoft.com/en-us/dynamics365/business-central/fa-manage,OFFICIAL_OR_PRIMARY,PASS,PASS,PASS,RETAIN,Official/primary source with a recorded finding and no restricted-source/module mismatch.,2026-08-31
PFD-LEG-00527,AST-P7-BM-002,F231,Assets,Asset management overview,https://learn.microsoft.com/en-us/dynamics365/supply-chain/asset-management/,OFFICIAL_OR_PRIMARY,PASS,PASS,PASS,RETAIN,Official/primary source with a recorded finding and no restricted-source/module mismatch.,2026-08-31
PFD-LEG-00528,AST-P7-BM-003,F232,Assets,Asset management overview,https://learn.microsoft.com/en-us/dynamics365/supply-chain/asset-management/,OFFICIAL_OR_PRIMARY,PASS,PASS,PASS,RETAIN,Official/primary source with a recorded finding and no restricted-source/module mismatch.,2026-08-31
PFD-LEG-00529,AST-P7-BM-004,F232,Assets,Oracle Enterprise Asset Management User Guide,https://docs.oracle.com/cd/E18727_01/doc.121/e13670/T259967T259970.htm,OFFICIAL_OR_PRIMARY,PASS,PASS,PASS,RETAIN,Official/primary source with a recorded finding and no restricted-source/module mismatch.,2026-08-31
PFD-LEG-00530,AST-P7-BM-005,F233,Assets,Oracle Enterprise Asset Management User Guide,https://docs.oracle.com/cd/E18727_01/doc.121/e13670/T259967T259970.htm,OFFICIAL_OR_PRIMARY,PASS,PASS,PASS,RETAIN,Official/primary source with a recorded finding and no restricted-source/module mismatch.,2026-08-31
PFD-LEG-00531,AST-P7-BM-006,F233,Assets,Enterprise Asset Management and Maintenance,https://www.sap.com/products/scm/asset-management-eam.html,OFFICIAL_OR_PRIMARY,PASS,PASS,PASS,RETAIN,Official/primary source with a recorded finding and no restricted-source/module mismatch.,2026-08-31
PFD-LEG-00532,AST-P7-BM-007,F234,Assets,Enterprise Asset Management and Maintenance,https://www.sap.com/products/scm/asset-management-eam.html,OFFICIAL_OR_PRIMARY,PASS,PASS,PASS,RETAIN,Official/primary source with a recorded finding and no restricted-source/module mismatch.,2026-08-31
PFD-LEG-00533,AST-P7-BM-008,F234,Assets,Manage fixed assets,https://learn.microsoft.com/en-us/dynamics365/business-central/fa-manage,OFFICIAL_OR_PRIMARY,PASS,PASS,PASS,RETAIN,Official/primary source with a recorded finding and no restricted-source/module mismatch.,2026-08-31
PFD-LEG-00534,AST-P7-BM-009,F235,Assets,Manage fixed assets,https://learn.microsoft.com/en-us/dynamics365/business-central/fa-manage,OFFICIAL_OR_PRIMARY,PASS,PASS,PASS,RETAIN,Official/primary source with a recorded finding and no restricted-source/module mismatch.,2026-08-31
PFD-LEG-00535,AST-P7-BM-010,F235,Assets,Asset management overview,https://learn.microsoft.com/en-us/dynamics365/supply-chain/asset-management/,OFFICIAL_OR_PRIMARY,PASS,PASS,PASS,RETAIN,Official/primary source with a recorded finding and no restricted-source/module mismatch.,2026-08-31
PFD-LEG-00536,AST-P7-BM-011,F236,Assets,Asset management overview,https://learn.microsoft.com/en-us/dynamics365/supply-chain/asset-management/,OFFICIAL_OR_PRIMARY,PASS,PASS,PASS,RETAIN,Official/primary source with a recorded finding and no restricted-source/module mismatch.,2026-08-31
PFD-LEG-00537,AST-P7-BM-012,F236,Assets,Oracle Enterprise Asset Management User Guide,https://docs.oracle.com/cd/E18727_01/doc.121/e13670/T259967T259970.htm,OFFICIAL_OR_PRIMARY,PASS,PASS,PASS,RETAIN,Official/primary source with a recorded finding and no restricted-source/module mismatch.,2026-08-31
PFD-LEG-00538,AST-P7-BM-013,F237,Assets,Oracle Enterprise Asset Management User Guide,https://docs.oracle.com/cd/E18727_01/doc.121/e13670/T259967T259970.htm,OFFICIAL_OR_PRIMARY,PASS,PASS,PASS,RETAIN,Official/primary source with a recorded finding and no restricted-source/module mismatch.,2026-08-31
PFD-LEG-00539,AST-P7-BM-014,F237,Assets,Enterprise Asset Management and Maintenance,https://www.sap.com/products/scm/asset-management-eam.html,OFFICIAL_OR_PRIMARY,PASS,PASS,PASS,RETAIN,Official/primary source with a recorded finding and no restricted-source/module mismatch.,2026-08-31
PFD-LEG-00540,AST-P7-BM-015,F238,Assets,Enterprise Asset Management and Maintenance,https://www.sap.com/products/scm/asset-management-eam.html,OFFICIAL_OR_PRIMARY,PASS,PASS,PASS,RETAIN,Official/primary source with a recorded finding and no restricted-source/module mismatch.,2026-08-31
PFD-LEG-00541,AST-P7-BM-016,F238,Assets,Manage fixed assets,https://learn.microsoft.com/en-us/dynamics365/business-central/fa-manage,OFFICIAL_OR_PRIMARY,PASS,PASS,PASS,RETAIN,Official/primary source with a recorded finding and no restricted-source/module mismatch.,2026-08-31
PFD-LEG-00542,AST-P7-BM-017,F239,Assets,Manage fixed assets,https://learn.microsoft.com/en-us/dynamics365/business-central/fa-manage,OFFICIAL_OR_PRIMARY,PASS,PASS,PASS,RETAIN,Official/primary source with a recorded finding and no restricted-source/module mismatch.,2026-08-31
PFD-LEG-00543,AST-P7-BM-018,F239,Assets,Asset management overview,https://learn.microsoft.com/en-us/dynamics365/supply-chain/asset-management/,OFFICIAL_OR_PRIMARY,PASS,PASS,PASS,RETAIN,Official/primary source with a recorded finding and no restricted-source/module mismatch.,2026-08-31
PFD-LEG-00544,AST-P7-BM-019,F240,Assets,Asset management overview,https://learn.microsoft.com/en-us/dynamics365/supply-chain/asset-management/,OFFICIAL_OR_PRIMARY,PASS,PASS,PASS,RETAIN,Official/primary source with a recorded finding and no restricted-source/module mismatch.,2026-08-31
PFD-LEG-00545,AST-P7-BM-020,F240,Assets,Oracle Enterprise Asset Management User Guide,https://docs.oracle.com/cd/E18727_01/doc.121/e13670/T259967T259970.htm,OFFICIAL_OR_PRIMARY,PASS,PASS,PASS,RETAIN,Official/primary source with a recorded finding and no restricted-source/module mismatch.,2026-08-31
PFD-LEG-00546,AST-P7-BM-021,F241,Assets,Oracle Enterprise Asset Management User Guide,https://docs.oracle.com/cd/E18727_01/doc.121/e13670/T259967T259970.htm,OFFICIAL_OR_PRIMARY,PASS,PASS,PASS,RETAIN,Official/primary source with a recorded finding and no restricted-source/module mismatch.,2026-08-31
PFD-LEG-00547,AST-P7-BM-022,F241,Assets,Enterprise Asset Management and Maintenance,https://www.sap.com/products/scm/asset-management-eam.html,OFFICIAL_OR_PRIMARY,PASS,PASS,PASS,RETAIN,Official/primary source with a recorded finding and no restricted-source/module mismatch.,2026-08-31
PFD-LEG-00548,AST-P7-BM-023,F242,Assets,Manage fixed assets,https://learn.microsoft.com/en-us/dynamics365/business-central/fa-manage,OFFICIAL_OR_PRIMARY,PASS,PASS,PASS,RETAIN,Official/primary source with a recorded finding and no restricted-source/module mismatch.,2026-08-31
PFD-LEG-00549,AST-P7-BM-024,F242,Assets,Oracle Enterprise Asset Management User Guide,https://docs.oracle.com/cd/E18727_01/doc.121/e13670/T259967T259970.htm,OFFICIAL_OR_PRIMARY,PASS,PASS,PASS,RETAIN,Official/primary source with a recorded finding and no restricted-source/module mismatch.,2026-08-31
PFD-LEG-00550,AST-P7-BM-025,F243,Assets,Manage fixed assets,https://learn.microsoft.com/en-us/dynamics365/business-central/fa-manage,OFFICIAL_OR_PRIMARY,PASS,PASS,PASS,RETAIN,Official/primary source with a recorded finding and no restricted-source/module mismatch.,2026-08-31
PFD-LEG-00551,AST-P7-BM-026,F243,Assets,Oracle Enterprise Asset Management User Guide,https://docs.oracle.com/cd/E18727_01/doc.121/e13670/T259967T259970.htm,OFFICIAL_OR_PRIMARY,PASS,PASS,PASS,RETAIN,Official/primary source with a recorded finding and no restricted-source/module mismatch.,2026-08-31
PFD-LEG-00552,AST-P7-BM-027,F244,Assets,Manage fixed assets,https://learn.microsoft.com/en-us/dynamics365/business-central/fa-manage,OFFICIAL_OR_PRIMARY,PASS,PASS,PASS,RETAIN,Official/primary source with a recorded finding and no restricted-source/module mismatch.,2026-08-31
PFD-LEG-00553,AST-P7-BM-028,F244,Assets,Oracle Enterprise Asset Management User Guide,https://docs.oracle.com/cd/E18727_01/doc.121/e13670/T259967T259970.htm,OFFICIAL_OR_PRIMARY,PASS,PASS,PASS,RETAIN,Official/primary source with a recorded finding and no restricted-source/module mismatch.,2026-08-31
PFD-LEG-00554,AST-P7-BM-029,F245,Assets,Manage fixed assets,https://learn.microsoft.com/en-us/dynamics365/business-central/fa-manage,OFFICIAL_OR_PRIMARY,PASS,PASS,PASS,RETAIN,Official/primary source with a recorded finding and no restricted-source/module mismatch.,2026-08-31
PFD-LEG-00555,AST-P7-BM-030,F245,Assets,Oracle Enterprise Asset Management User Guide,https://docs.oracle.com/cd/E18727_01/doc.121/e13670/T259967T259970.htm,OFFICIAL_OR_PRIMARY,PASS,PASS,PASS,RETAIN,Official/primary source with a recorded finding and no restricted-source/module mismatch.,2026-08-31
PFD-LEG-00556,AST-P7-BM-031,F246,Assets,Manage fixed assets,https://learn.microsoft.com/en-us/dynamics365/business-central/fa-manage,OFFICIAL_OR_PRIMARY,PASS,PASS,PASS,RETAIN,Official/primary source with a recorded finding and no restricted-source/module mismatch.,2026-08-31
PFD-LEG-00557,AST-P7-BM-032,F246,Assets,Oracle Enterprise Asset Management User Guide,https://docs.oracle.com/cd/E18727_01/doc.121/e13670/T259967T259970.htm,OFFICIAL_OR_PRIMARY,PASS,PASS,PASS,RETAIN,Official/primary source with a recorded finding and no restricted-source/module mismatch.,2026-08-31
PFD-LEG-00558,AST-P7-BM-033,F247,Assets,Manage fixed assets,https://learn.microsoft.com/en-us/dynamics365/business-central/fa-manage,OFFICIAL_OR_PRIMARY,PASS,PASS,PASS,RETAIN,Official/primary source with a recorded finding and no restricted-source/module mismatch.,2026-08-31
PFD-LEG-00559,AST-P7-BM-034,F247,Assets,Oracle Enterprise Asset Management User Guide,https://docs.oracle.com/cd/E18727_01/doc.121/e13670/T259967T259970.htm,OFFICIAL_OR_PRIMARY,PASS,PASS,PASS,RETAIN,Official/primary source with a recorded finding and no restricted-source/module mismatch.,2026-08-31
PFD-LEG-00560,AST-P7-BM-035,F248,Assets,Manage fixed assets,https://learn.microsoft.com/en-us/dynamics365/business-central/fa-manage,OFFICIAL_OR_PRIMARY,PASS,PASS,PASS,RETAIN,Official/primary source with a recorded finding and no restricted-source/module mismatch.,2026-08-31
PFD-LEG-00561,AST-P7-BM-036,F248,Assets,Oracle Enterprise Asset Management User Guide,https://docs.oracle.com/cd/E18727_01/doc.121/e13670/T259967T259970.htm,OFFICIAL_OR_PRIMARY,PASS,PASS,PASS,RETAIN,Official/primary source with a recorded finding and no restricted-source/module mismatch.,2026-08-31
PFD-LEG-00562,AST-P7-BM-037,F249,Assets,Manage fixed assets,https://learn.microsoft.com/en-us/dynamics365/business-central/fa-manage,OFFICIAL_OR_PRIMARY,PASS,PASS,PASS,RETAIN,Official/primary source with a recorded finding and no restricted-source/module mismatch.,2026-08-31
PFD-LEG-00563,AST-P7-BM-038,F249,Assets,Oracle Enterprise Asset Management User Guide,https://docs.oracle.com/cd/E18727_01/doc.121/e13670/T259967T259970.htm,OFFICIAL_OR_PRIMARY,PASS,PASS,PASS,RETAIN,Official/primary source with a recorded finding and no restricted-source/module mismatch.,2026-08-31
PFD-LEG-00564,AST-P7-BM-039,F250,Assets,Manage fixed assets,https://learn.microsoft.com/en-us/dynamics365/business-central/fa-manage,OFFICIAL_OR_PRIMARY,PASS,PASS,PASS,RETAIN,Official/primary source with a recorded finding and no restricted-source/module mismatch.,2026-08-31
PFD-LEG-00565,AST-P7-BM-040,F250,Assets,Oracle Enterprise Asset Management User Guide,https://docs.oracle.com/cd/E18727_01/doc.121/e13670/T259967T259970.htm,OFFICIAL_OR_PRIMARY,PASS,PASS,PASS,RETAIN,Official/primary source with a recorded finding and no restricted-source/module mismatch.,2026-08-31
PFD-LEG-00566,AST-P7-BM-041,F251,Assets,Manage fixed assets,https://learn.microsoft.com/en-us/dynamics365/business-central/fa-manage,OFFICIAL_OR_PRIMARY,PASS,PASS,PASS,RETAIN,Official/primary source with a recorded finding and no restricted-source/module mismatch.,2026-08-31
PFD-LEG-00567,AST-P7-BM-042,F251,Assets,Oracle Enterprise Asset Management User Guide,https://docs.oracle.com/cd/E18727_01/doc.121/e13670/T259967T259970.htm,OFFICIAL_OR_PRIMARY,PASS,PASS,PASS,RETAIN,Official/primary source with a recorded finding and no restricted-source/module mismatch.,2026-08-31
PFD-LEG-00568,AST-P7-BM-043,F252,Assets,Asset management overview,https://learn.microsoft.com/en-us/dynamics365/supply-chain/asset-management/,OFFICIAL_OR_PRIMARY,PASS,PASS,PASS,RETAIN,Official/primary source with a recorded finding and no restricted-source/module mismatch.,2026-08-31
PFD-LEG-00569,AST-P7-BM-044,F252,Assets,Oracle Enterprise Asset Management User Guide,https://docs.oracle.com/cd/E18727_01/doc.121/e13670/T259967T259970.htm,OFFICIAL_OR_PRIMARY,PASS,PASS,PASS,RETAIN,Official/primary source with a recorded finding and no restricted-source/module mismatch.,2026-08-31
PFD-LEG-00570,AST-P7-BM-045,F253,Assets,Asset management overview,https://learn.microsoft.com/en-us/dynamics365/supply-chain/asset-management/,OFFICIAL_OR_PRIMARY,PASS,PASS,PASS,RETAIN,Official/primary source with a recorded finding and no restricted-source/module mismatch.,2026-08-31
PFD-LEG-00571,AST-P7-BM-046,F253,Assets,Oracle Enterprise Asset Management User Guide,https://docs.oracle.com/cd/E18727_01/doc.121/e13670/T259967T259970.htm,OFFICIAL_OR_PRIMARY,PASS,PASS,PASS,RETAIN,Official/primary source with a recorded finding and no restricted-source/module mismatch.,2026-08-31
PFD-LEG-00572,AST-P7-BM-047,F254,Assets,Asset management overview,https://learn.microsoft.com/en-us/dynamics365/supply-chain/asset-management/,OFFICIAL_OR_PRIMARY,PASS,PASS,PASS,RETAIN,Official/primary source with a recorded finding and no restricted-source/module mismatch.,2026-08-31
PFD-LEG-00573,AST-P7-BM-048,F254,Assets,Oracle Enterprise Asset Management User Guide,https://docs.oracle.com/cd/E18727_01/doc.121/e13670/T259967T259970.htm,OFFICIAL_OR_PRIMARY,PASS,PASS,PASS,RETAIN,Official/primary source with a recorded finding and no restricted-source/module mismatch.,2026-08-31
PFD-LEG-00574,AST-P7-BM-049,F255,Assets,Asset management overview,https://learn.microsoft.com/en-us/dynamics365/supply-chain/asset-management/,OFFICIAL_OR_PRIMARY,PASS,PASS,PASS,RETAIN,Official/primary source with a recorded finding and no restricted-source/module mismatch.,2026-08-31
PFD-LEG-00575,AST-P7-BM-050,F255,Assets,Oracle Enterprise Asset Management User Guide,https://docs.oracle.com/cd/E18727_01/doc.121/e13670/T259967T259970.htm,OFFICIAL_OR_PRIMARY,PASS,PASS,PASS,RETAIN,Official/primary source with a recorded finding and no restricted-source/module mismatch.,2026-08-31
PFD-LEG-00576,AST-P7-BM-051,F256,Assets,Asset management overview,https://learn.microsoft.com/en-us/dynamics365/supply-chain/asset-management/,OFFICIAL_OR_PRIMARY,PASS,PASS,PASS,RETAIN,Official/primary source with a recorded finding and no restricted-source/module mismatch.,2026-08-31
PFD-LEG-00577,AST-P7-BM-052,F256,Assets,Oracle Enterprise Asset Management User Guide,https://docs.oracle.com/cd/E18727_01/doc.121/e13670/T259967T259970.htm,OFFICIAL_OR_PRIMARY,PASS,PASS,PASS,RETAIN,Official/primary source with a recorded finding and no restricted-source/module mismatch.,2026-08-31
PFD-LEG-00578,AST-P7-BM-053,F257,Assets,Asset management overview,https://learn.microsoft.com/en-us/dynamics365/supply-chain/asset-management/,OFFICIAL_OR_PRIMARY,PASS,PASS,PASS,RETAIN,Official/primary source with a recorded finding and no restricted-source/module mismatch.,2026-08-31
PFD-LEG-00579,AST-P7-BM-054,F257,Assets,Oracle Enterprise Asset Management User Guide,https://docs.oracle.com/cd/E18727_01/doc.121/e13670/T259967T259970.htm,OFFICIAL_OR_PRIMARY,PASS,PASS,PASS,RETAIN,Official/primary source with a recorded finding and no restricted-source/module mismatch.,2026-08-31
PFD-LEG-00580,AST-P7-BM-055,F258,Assets,Asset management overview,https://learn.microsoft.com/en-us/dynamics365/supply-chain/asset-management/,OFFICIAL_OR_PRIMARY,PASS,PASS,PASS,RETAIN,Official/primary source with a recorded finding and no restricted-source/module mismatch.,2026-08-31
PFD-LEG-00581,AST-P7-BM-056,F258,Assets,Oracle Enterprise Asset Management User Guide,https://docs.oracle.com/cd/E18727_01/doc.121/e13670/T259967T259970.htm,OFFICIAL_OR_PRIMARY,PASS,PASS,PASS,RETAIN,Official/primary source with a recorded finding and no restricted-source/module mismatch.,2026-08-31
PFD-LEG-00582,AST-P7-BM-057,F259,Assets,Asset management overview,https://learn.microsoft.com/en-us/dynamics365/supply-chain/asset-management/,OFFICIAL_OR_PRIMARY,PASS,PASS,PASS,RETAIN,Official/primary source with a recorded finding and no restricted-source/module mismatch.,2026-08-31
PFD-LEG-00583,AST-P7-BM-058,F259,Assets,Oracle Enterprise Asset Management User Guide,https://docs.oracle.com/cd/E18727_01/doc.121/e13670/T259967T259970.htm,OFFICIAL_OR_PRIMARY,PASS,PASS,PASS,RETAIN,Official/primary source with a recorded finding and no restricted-source/module mismatch.,2026-08-31
PFD-LEG-00584,AST-P7-BM-059,F260,Assets,Asset management overview,https://learn.microsoft.com/en-us/dynamics365/supply-chain/asset-management/,OFFICIAL_OR_PRIMARY,PASS,PASS,PASS,RETAIN,Official/primary source with a recorded finding and no restricted-source/module mismatch.,2026-08-31
PFD-LEG-00585,AST-P7-BM-060,F260,Assets,Oracle Enterprise Asset Management User Guide,https://docs.oracle.com/cd/E18727_01/doc.121/e13670/T259967T259970.htm,OFFICIAL_OR_PRIMARY,PASS,PASS,PASS,RETAIN,Official/primary source with a recorded finding and no restricted-source/module mismatch.,2026-08-31
PFD-LEG-00586,AST-P7-BM-061,F261,Assets,Asset management overview,https://learn.microsoft.com/en-us/dynamics365/supply-chain/asset-management/,OFFICIAL_OR_PRIMARY,PASS,PASS,PASS,RETAIN,Official/primary source with a recorded finding and no restricted-source/module mismatch.,2026-08-31
PFD-LEG-00587,AST-P7-BM-062,F261,Assets,Oracle Enterprise Asset Management User Guide,https://docs.oracle.com/cd/E18727_01/doc.121/e13670/T259967T259970.htm,OFFICIAL_OR_PRIMARY,PASS,PASS,PASS,RETAIN,Official/primary source with a recorded finding and no restricted-source/module mismatch.,2026-08-31
PFD-LEG-00588,AST-P7-BM-063,F262,Assets,Manage fixed assets,https://learn.microsoft.com/en-us/dynamics365/business-central/fa-manage,OFFICIAL_OR_PRIMARY,PASS,PASS,PASS,RETAIN,Official/primary source with a recorded finding and no restricted-source/module mismatch.,2026-08-31
PFD-LEG-00589,AST-P7-BM-064,F262,Assets,Oracle Enterprise Asset Management User Guide,https://docs.oracle.com/cd/E18727_01/doc.121/e13670/T259967T259970.htm,OFFICIAL_OR_PRIMARY,PASS,PASS,PASS,RETAIN,Official/primary source with a recorded finding and no restricted-source/module mismatch.,2026-08-31
PFD-LEG-00590,AST-P7-BM-065,F263,Assets,Manage fixed assets,https://learn.microsoft.com/en-us/dynamics365/business-central/fa-manage,OFFICIAL_OR_PRIMARY,PASS,PASS,PASS,RETAIN,Official/primary source with a recorded finding and no restricted-source/module mismatch.,2026-08-31
PFD-LEG-00591,AST-P7-BM-066,F263,Assets,Oracle Enterprise Asset Management User Guide,https://docs.oracle.com/cd/E18727_01/doc.121/e13670/T259967T259970.htm,OFFICIAL_OR_PRIMARY,PASS,PASS,PASS,RETAIN,Official/primary source with a recorded finding and no restricted-source/module mismatch.,2026-08-31
PFD-LEG-00592,AST-P7-BM-067,F264,Assets,Manage fixed assets,https://learn.microsoft.com/en-us/dynamics365/business-central/fa-manage,OFFICIAL_OR_PRIMARY,PASS,PASS,PASS,RETAIN,Official/primary source with a recorded finding and no restricted-source/module mismatch.,2026-08-31
PFD-LEG-00593,AST-P7-BM-068,F264,Assets,Oracle Enterprise Asset Management User Guide,https://docs.oracle.com/cd/E18727_01/doc.121/e13670/T259967T259970.htm,OFFICIAL_OR_PRIMARY,PASS,PASS,PASS,RETAIN,Official/primary source with a recorded finding and no restricted-source/module mismatch.,2026-08-31
PFD-LEG-00594,AST-P7-BM-069,F265,Assets,Manage fixed assets,https://learn.microsoft.com/en-us/dynamics365/business-central/fa-manage,OFFICIAL_OR_PRIMARY,PASS,PASS,PASS,RETAIN,Official/primary source with a recorded finding and no restricted-source/module mismatch.,2026-08-31
PFD-LEG-00595,AST-P7-BM-070,F265,Assets,Oracle Enterprise Asset Management User Guide,https://docs.oracle.com/cd/E18727_01/doc.121/e13670/T259967T259970.htm,OFFICIAL_OR_PRIMARY,PASS,PASS,PASS,RETAIN,Official/primary source with a recorded finding and no restricted-source/module mismatch.,2026-08-31
PFD-LEG-00596,AST-P7-BM-071,F266,Assets,Manage fixed assets,https://learn.microsoft.com/en-us/dynamics365/business-central/fa-manage,OFFICIAL_OR_PRIMARY,PASS,PASS,PASS,RETAIN,Official/primary source with a recorded finding and no restricted-source/module mismatch.,2026-08-31
PFD-LEG-00597,AST-P7-BM-072,F266,Assets,Oracle Enterprise Asset Management User Guide,https://docs.oracle.com/cd/E18727_01/doc.121/e13670/T259967T259970.htm,OFFICIAL_OR_PRIMARY,PASS,PASS,PASS,RETAIN,Official/primary source with a recorded finding and no restricted-source/module mismatch.,2026-08-31
PFD-LEG-00598,AST-P7-BM-073,F267,Assets,Manage fixed assets,https://learn.microsoft.com/en-us/dynamics365/business-central/fa-manage,OFFICIAL_OR_PRIMARY,PASS,PASS,PASS,RETAIN,Official/primary source with a recorded finding and no restricted-source/module mismatch.,2026-08-31
PFD-LEG-00599,AST-P7-BM-074,F267,Assets,Asset management overview,https://learn.microsoft.com/en-us/dynamics365/supply-chain/asset-management/,OFFICIAL_OR_PRIMARY,PASS,PASS,PASS,RETAIN,Official/primary source with a recorded finding and no restricted-source/module mismatch.,2026-08-31
PFD-LEG-00600,POS-P8-BM-001-A,F268,Point of Sale,Offline point of sale functionality,https://learn.microsoft.com/en-us/dynamics365/commerce/dev-itpro/pos-offline-functionality,OFFICIAL_OR_PRIMARY,PASS,PASS,PASS,RETAIN,Official/primary source with a recorded finding and no restricted-source/module mismatch.,2026-08-31
PFD-LEG-00601,POS-P8-BM-001-B,F268,Point of Sale,Introduction to Oracle Retail Xstore POS,https://docs.oracle.com/en/industries/retail/retail-xstore-point-of-service/22.0/rpxmo/introduction-oracle-retail-xstore-pos.htm,OFFICIAL_OR_PRIMARY,PASS,PASS,PASS,RETAIN,Official/primary source with a recorded finding and no restricted-source/module mismatch.,2026-08-31
PFD-LEG-00602,POS-P8-BM-002-A,F269,Point of Sale,Online and offline POS operations,https://learn.microsoft.com/en-us/dynamics365/commerce/pos-operations,OFFICIAL_OR_PRIMARY,PASS,PASS,PASS,RETAIN,Official/primary source with a recorded finding and no restricted-source/module mismatch.,2026-08-31
PFD-LEG-00603,POS-P8-BM-002-B,F269,Point of Sale,Point of Sale documentation,https://www.odoo.com/documentation/19.0/applications/sales/point_of_sale.html,OFFICIAL_OR_PRIMARY,PASS,PASS,PASS,RETAIN,Official/primary source with a recorded finding and no restricted-source/module mismatch.,2026-08-31
PFD-LEG-00604,POS-P8-BM-003-A,F270,Point of Sale,Introduction to Oracle Retail Xstore POS,https://docs.oracle.com/en/industries/retail/retail-xstore-point-of-service/22.0/rpxmo/introduction-oracle-retail-xstore-pos.htm,OFFICIAL_OR_PRIMARY,PASS,PASS,PASS,RETAIN,Official/primary source with a recorded finding and no restricted-source/module mismatch.,2026-08-31
PFD-LEG-00605,POS-P8-BM-003-B,F270,Point of Sale,Payment Card Industry Data Security Standard,https://www.pcisecuritystandards.org/standards/pci-dss/,OFFICIAL_OR_PRIMARY,PASS,FAIL,PASS,REMAP_REQUIRED,"PCI DSS is payment-card security evidence, not generic POS/business behavior evidence.",2026-08-31
PFD-LEG-00606,POS-P8-BM-004-A,F271,Point of Sale,Point of Sale documentation,https://www.odoo.com/documentation/19.0/applications/sales/point_of_sale.html,OFFICIAL_OR_PRIMARY,PASS,PASS,PASS,RETAIN,Official/primary source with a recorded finding and no restricted-source/module mismatch.,2026-08-31
PFD-LEG-00607,POS-P8-BM-004-B,F271,Point of Sale,UPI product overview,https://www.npci.org.in/what-we-do/upi/product-overview,OFFICIAL_OR_PRIMARY,PASS,FAIL,PASS,REMAP_REQUIRED,UPI evidence is relevant only to digital-payment/refund/reconciliation scope.,2026-08-31
PFD-LEG-00608,POS-P8-BM-005-A,F272,Point of Sale,Payment Card Industry Data Security Standard,https://www.pcisecuritystandards.org/standards/pci-dss/,OFFICIAL_OR_PRIMARY,PASS,FAIL,PASS,REMAP_REQUIRED,"PCI DSS is payment-card security evidence, not generic POS/business behavior evidence.",2026-08-31
PFD-LEG-00609,POS-P8-BM-005-B,F272,Point of Sale,Offline point of sale functionality,https://learn.microsoft.com/en-us/dynamics365/commerce/dev-itpro/pos-offline-functionality,OFFICIAL_OR_PRIMARY,PASS,PASS,PASS,RETAIN,Official/primary source with a recorded finding and no restricted-source/module mismatch.,2026-08-31
PFD-LEG-00610,POS-P8-BM-006-A,F273,Point of Sale,UPI product overview,https://www.npci.org.in/what-we-do/upi/product-overview,OFFICIAL_OR_PRIMARY,PASS,FAIL,PASS,REMAP_REQUIRED,UPI evidence is relevant only to digital-payment/refund/reconciliation scope.,2026-08-31
PFD-LEG-00611,POS-P8-BM-006-B,F273,Point of Sale,Online and offline POS operations,https://learn.microsoft.com/en-us/dynamics365/commerce/pos-operations,OFFICIAL_OR_PRIMARY,PASS,PASS,PASS,RETAIN,Official/primary source with a recorded finding and no restricted-source/module mismatch.,2026-08-31
PFD-LEG-00612,POS-P8-BM-007-A,F274,Point of Sale,Offline point of sale functionality,https://learn.microsoft.com/en-us/dynamics365/commerce/dev-itpro/pos-offline-functionality,OFFICIAL_OR_PRIMARY,PASS,PASS,PASS,RETAIN,Official/primary source with a recorded finding and no restricted-source/module mismatch.,2026-08-31
PFD-LEG-00613,POS-P8-BM-007-B,F274,Point of Sale,Introduction to Oracle Retail Xstore POS,https://docs.oracle.com/en/industries/retail/retail-xstore-point-of-service/22.0/rpxmo/introduction-oracle-retail-xstore-pos.htm,OFFICIAL_OR_PRIMARY,PASS,PASS,PASS,RETAIN,Official/primary source with a recorded finding and no restricted-source/module mismatch.,2026-08-31
PFD-LEG-00614,POS-P8-BM-008-A,F275,Point of Sale,Online and offline POS operations,https://learn.microsoft.com/en-us/dynamics365/commerce/pos-operations,OFFICIAL_OR_PRIMARY,PASS,PASS,PASS,RETAIN,Official/primary source with a recorded finding and no restricted-source/module mismatch.,2026-08-31
PFD-LEG-00615,POS-P8-BM-008-B,F275,Point of Sale,Point of Sale documentation,https://www.odoo.com/documentation/19.0/applications/sales/point_of_sale.html,OFFICIAL_OR_PRIMARY,PASS,PASS,PASS,RETAIN,Official/primary source with a recorded finding and no restricted-source/module mismatch.,2026-08-31
PFD-LEG-00616,POS-P8-BM-009-A,F276,Point of Sale,Introduction to Oracle Retail Xstore POS,https://docs.oracle.com/en/industries/retail/retail-xstore-point-of-service/22.0/rpxmo/introduction-oracle-retail-xstore-pos.htm,OFFICIAL_OR_PRIMARY,PASS,PASS,PASS,RETAIN,Official/primary source with a recorded finding and no restricted-source/module mismatch.,2026-08-31
PFD-LEG-00617,POS-P8-BM-009-B,F276,Point of Sale,Payment Card Industry Data Security Standard,https://www.pcisecuritystandards.org/standards/pci-dss/,OFFICIAL_OR_PRIMARY,PASS,FAIL,PASS,REMAP_REQUIRED,"PCI DSS is payment-card security evidence, not generic POS/business behavior evidence.",2026-08-31
PFD-LEG-00618,POS-P8-BM-010-A,F277,Point of Sale,Point of Sale documentation,https://www.odoo.com/documentation/19.0/applications/sales/point_of_sale.html,OFFICIAL_OR_PRIMARY,PASS,PASS,PASS,RETAIN,Official/primary source with a recorded finding and no restricted-source/module mismatch.,2026-08-31
PFD-LEG-00619,POS-P8-BM-010-B,F277,Point of Sale,UPI product overview,https://www.npci.org.in/what-we-do/upi/product-overview,OFFICIAL_OR_PRIMARY,PASS,FAIL,PASS,REMAP_REQUIRED,UPI evidence is relevant only to digital-payment/refund/reconciliation scope.,2026-08-31
PFD-LEG-00620,POS-P8-BM-011-A,F278,Point of Sale,Payment Card Industry Data Security Standard,https://www.pcisecuritystandards.org/standards/pci-dss/,OFFICIAL_OR_PRIMARY,PASS,FAIL,PASS,REMAP_REQUIRED,"PCI DSS is payment-card security evidence, not generic POS/business behavior evidence.",2026-08-31
PFD-LEG-00621,POS-P8-BM-011-B,F278,Point of Sale,Offline point of sale functionality,https://learn.microsoft.com/en-us/dynamics365/commerce/dev-itpro/pos-offline-functionality,OFFICIAL_OR_PRIMARY,PASS,PASS,PASS,RETAIN,Official/primary source with a recorded finding and no restricted-source/module mismatch.,2026-08-31
PFD-LEG-00622,POS-P8-BM-012-A,F279,Point of Sale,UPI product overview,https://www.npci.org.in/what-we-do/upi/product-overview,OFFICIAL_OR_PRIMARY,PASS,FAIL,PASS,REMAP_REQUIRED,UPI evidence is relevant only to digital-payment/refund/reconciliation scope.,2026-08-31
PFD-LEG-00623,POS-P8-BM-012-B,F279,Point of Sale,Online and offline POS operations,https://learn.microsoft.com/en-us/dynamics365/commerce/pos-operations,OFFICIAL_OR_PRIMARY,PASS,PASS,PASS,RETAIN,Official/primary source with a recorded finding and no restricted-source/module mismatch.,2026-08-31
PFD-LEG-00624,POS-P8-BM-013-A,F280,Point of Sale,Offline point of sale functionality,https://learn.microsoft.com/en-us/dynamics365/commerce/dev-itpro/pos-offline-functionality,OFFICIAL_OR_PRIMARY,PASS,PASS,PASS,RETAIN,Official/primary source with a recorded finding and no restricted-source/module mismatch.,2026-08-31
PFD-LEG-00625,POS-P8-BM-013-B,F280,Point of Sale,Introduction to Oracle Retail Xstore POS,https://docs.oracle.com/en/industries/retail/retail-xstore-point-of-service/22.0/rpxmo/introduction-oracle-retail-xstore-pos.htm,OFFICIAL_OR_PRIMARY,PASS,PASS,PASS,RETAIN,Official/primary source with a recorded finding and no restricted-source/module mismatch.,2026-08-31
PFD-LEG-00626,POS-P8-BM-014-A,F281,Point of Sale,Online and offline POS operations,https://learn.microsoft.com/en-us/dynamics365/commerce/pos-operations,OFFICIAL_OR_PRIMARY,PASS,PASS,PASS,RETAIN,Official/primary source with a recorded finding and no restricted-source/module mismatch.,2026-08-31
PFD-LEG-00627,POS-P8-BM-014-B,F281,Point of Sale,Point of Sale documentation,https://www.odoo.com/documentation/19.0/applications/sales/point_of_sale.html,OFFICIAL_OR_PRIMARY,PASS,PASS,PASS,RETAIN,Official/primary source with a recorded finding and no restricted-source/module mismatch.,2026-08-31
PFD-LEG-00628,POS-P8-BM-015-A,F282,Point of Sale,Introduction to Oracle Retail Xstore POS,https://docs.oracle.com/en/industries/retail/retail-xstore-point-of-service/22.0/rpxmo/introduction-oracle-retail-xstore-pos.htm,OFFICIAL_OR_PRIMARY,PASS,PASS,PASS,RETAIN,Official/primary source with a recorded finding and no restricted-source/module mismatch.,2026-08-31
PFD-LEG-00629,POS-P8-BM-015-B,F282,Point of Sale,Payment Card Industry Data Security Standard,https://www.pcisecuritystandards.org/standards/pci-dss/,OFFICIAL_OR_PRIMARY,PASS,FAIL,PASS,REMAP_REQUIRED,"PCI DSS is payment-card security evidence, not generic POS/business behavior evidence.",2026-08-31
PFD-LEG-00630,POS-P8-BM-016-A,F283,Point of Sale,Point of Sale documentation,https://www.odoo.com/documentation/19.0/applications/sales/point_of_sale.html,OFFICIAL_OR_PRIMARY,PASS,PASS,PASS,RETAIN,Official/primary source with a recorded finding and no restricted-source/module mismatch.,2026-08-31
PFD-LEG-00631,POS-P8-BM-016-B,F283,Point of Sale,UPI product overview,https://www.npci.org.in/what-we-do/upi/product-overview,OFFICIAL_OR_PRIMARY,PASS,FAIL,PASS,REMAP_REQUIRED,UPI evidence is relevant only to digital-payment/refund/reconciliation scope.,2026-08-31
PFD-LEG-00632,POS-P8-BM-017-A,F284,Point of Sale,Payment Card Industry Data Security Standard,https://www.pcisecuritystandards.org/standards/pci-dss/,OFFICIAL_OR_PRIMARY,PASS,FAIL,PASS,REMAP_REQUIRED,"PCI DSS is payment-card security evidence, not generic POS/business behavior evidence.",2026-08-31
PFD-LEG-00633,POS-P8-BM-017-B,F284,Point of Sale,Offline point of sale functionality,https://learn.microsoft.com/en-us/dynamics365/commerce/dev-itpro/pos-offline-functionality,OFFICIAL_OR_PRIMARY,PASS,PASS,PASS,RETAIN,Official/primary source with a recorded finding and no restricted-source/module mismatch.,2026-08-31
PFD-LEG-00634,POS-P8-BM-018-A,F285,Point of Sale,UPI product overview,https://www.npci.org.in/what-we-do/upi/product-overview,OFFICIAL_OR_PRIMARY,PASS,PASS,PASS,RETAIN,Official/primary source with a recorded finding and no restricted-source/module mismatch.,2026-08-31
PFD-LEG-00635,POS-P8-BM-018-B,F285,Point of Sale,Online and offline POS operations,https://learn.microsoft.com/en-us/dynamics365/commerce/pos-operations,OFFICIAL_OR_PRIMARY,PASS,PASS,PASS,RETAIN,Official/primary source with a recorded finding and no restricted-source/module mismatch.,2026-08-31
PFD-LEG-00636,POS-P8-BM-019-A,F286,Point of Sale,Offline point of sale functionality,https://learn.microsoft.com/en-us/dynamics365/commerce/dev-itpro/pos-offline-functionality,OFFICIAL_OR_PRIMARY,PASS,PASS,PASS,RETAIN,Official/primary source with a recorded finding and no restricted-source/module mismatch.,2026-08-31
PFD-LEG-00637,POS-P8-BM-019-B,F286,Point of Sale,Introduction to Oracle Retail Xstore POS,https://docs.oracle.com/en/industries/retail/retail-xstore-point-of-service/22.0/rpxmo/introduction-oracle-retail-xstore-pos.htm,OFFICIAL_OR_PRIMARY,PASS,PASS,PASS,RETAIN,Official/primary source with a recorded finding and no restricted-source/module mismatch.,2026-08-31
PFD-LEG-00638,POS-P8-BM-020-A,F287,Point of Sale,Online and offline POS operations,https://learn.microsoft.com/en-us/dynamics365/commerce/pos-operations,OFFICIAL_OR_PRIMARY,PASS,PASS,PASS,RETAIN,Official/primary source with a recorded finding and no restricted-source/module mismatch.,2026-08-31
PFD-LEG-00639,POS-P8-BM-020-B,F287,Point of Sale,Point of Sale documentation,https://www.odoo.com/documentation/19.0/applications/sales/point_of_sale.html,OFFICIAL_OR_PRIMARY,PASS,PASS,PASS,RETAIN,Official/primary source with a recorded finding and no restricted-source/module mismatch.,2026-08-31
PFD-LEG-00640,POS-P8-BM-021-A,F288,Point of Sale,Introduction to Oracle Retail Xstore POS,https://docs.oracle.com/en/industries/retail/retail-xstore-point-of-service/22.0/rpxmo/introduction-oracle-retail-xstore-pos.htm,OFFICIAL_OR_PRIMARY,PASS,PASS,PASS,RETAIN,Official/primary source with a recorded finding and no restricted-source/module mismatch.,2026-08-31
PFD-LEG-00641,POS-P8-BM-021-B,F288,Point of Sale,Payment Card Industry Data Security Standard,https://www.pcisecuritystandards.org/standards/pci-dss/,OFFICIAL_OR_PRIMARY,PASS,FAIL,PASS,REMAP_REQUIRED,"PCI DSS is payment-card security evidence, not generic POS/business behavior evidence.",2026-08-31
PFD-LEG-00642,POS-P8-BM-022-A,F289,Point of Sale,Point of Sale documentation,https://www.odoo.com/documentation/19.0/applications/sales/point_of_sale.html,OFFICIAL_OR_PRIMARY,PASS,PASS,PASS,RETAIN,Official/primary source with a recorded finding and no restricted-source/module mismatch.,2026-08-31
PFD-LEG-00643,POS-P8-BM-022-B,F289,Point of Sale,UPI product overview,https://www.npci.org.in/what-we-do/upi/product-overview,OFFICIAL_OR_PRIMARY,PASS,FAIL,PASS,REMAP_REQUIRED,UPI evidence is relevant only to digital-payment/refund/reconciliation scope.,2026-08-31
PFD-LEG-00644,POS-P8-BM-023-A,F290,Point of Sale,Payment Card Industry Data Security Standard,https://www.pcisecuritystandards.org/standards/pci-dss/,OFFICIAL_OR_PRIMARY,PASS,FAIL,PASS,REMAP_REQUIRED,"PCI DSS is payment-card security evidence, not generic POS/business behavior evidence.",2026-08-31
PFD-LEG-00645,POS-P8-BM-023-B,F290,Point of Sale,Offline point of sale functionality,https://learn.microsoft.com/en-us/dynamics365/commerce/dev-itpro/pos-offline-functionality,OFFICIAL_OR_PRIMARY,PASS,PASS,PASS,RETAIN,Official/primary source with a recorded finding and no restricted-source/module mismatch.,2026-08-31
PFD-LEG-00646,POS-P8-BM-024-A,F291,Point of Sale,UPI product overview,https://www.npci.org.in/what-we-do/upi/product-overview,OFFICIAL_OR_PRIMARY,PASS,FAIL,PASS,REMAP_REQUIRED,UPI evidence is relevant only to digital-payment/refund/reconciliation scope.,2026-08-31
PFD-LEG-00647,POS-P8-BM-024-B,F291,Point of Sale,Online and offline POS operations,https://learn.microsoft.com/en-us/dynamics365/commerce/pos-operations,OFFICIAL_OR_PRIMARY,PASS,PASS,PASS,RETAIN,Official/primary source with a recorded finding and no restricted-source/module mismatch.,2026-08-31
PFD-LEG-00648,POS-P8-BM-025-A,F292,Point of Sale,Offline point of sale functionality,https://learn.microsoft.com/en-us/dynamics365/commerce/dev-itpro/pos-offline-functionality,OFFICIAL_OR_PRIMARY,PASS,PASS,PASS,RETAIN,Official/primary source with a recorded finding and no restricted-source/module mismatch.,2026-08-31
PFD-LEG-00649,POS-P8-BM-025-B,F292,Point of Sale,Introduction to Oracle Retail Xstore POS,https://docs.oracle.com/en/industries/retail/retail-xstore-point-of-service/22.0/rpxmo/introduction-oracle-retail-xstore-pos.htm,OFFICIAL_OR_PRIMARY,PASS,PASS,PASS,RETAIN,Official/primary source with a recorded finding and no restricted-source/module mismatch.,2026-08-31
PFD-LEG-00650,POS-P8-BM-026-A,F293,Point of Sale,Online and offline POS operations,https://learn.microsoft.com/en-us/dynamics365/commerce/pos-operations,OFFICIAL_OR_PRIMARY,PASS,PASS,PASS,RETAIN,Official/primary source with a recorded finding and no restricted-source/module mismatch.,2026-08-31
PFD-LEG-00651,POS-P8-BM-026-B,F293,Point of Sale,Point of Sale documentation,https://www.odoo.com/documentation/19.0/applications/sales/point_of_sale.html,OFFICIAL_OR_PRIMARY,PASS,PASS,PASS,RETAIN,Official/primary source with a recorded finding and no restricted-source/module mismatch.,2026-08-31
PFD-LEG-00652,POS-P8-BM-027-A,F294,Point of Sale,Introduction to Oracle Retail Xstore POS,https://docs.oracle.com/en/industries/retail/retail-xstore-point-of-service/22.0/rpxmo/introduction-oracle-retail-xstore-pos.htm,OFFICIAL_OR_PRIMARY,PASS,PASS,PASS,RETAIN,Official/primary source with a recorded finding and no restricted-source/module mismatch.,2026-08-31
PFD-LEG-00653,POS-P8-BM-027-B,F294,Point of Sale,Payment Card Industry Data Security Standard,https://www.pcisecuritystandards.org/standards/pci-dss/,OFFICIAL_OR_PRIMARY,PASS,FAIL,PASS,REMAP_REQUIRED,"PCI DSS is payment-card security evidence, not generic POS/business behavior evidence.",2026-08-31
PFD-LEG-00654,POS-P8-BM-028-A,F295,Point of Sale,Point of Sale documentation,https://www.odoo.com/documentation/19.0/applications/sales/point_of_sale.html,OFFICIAL_OR_PRIMARY,PASS,PASS,PASS,RETAIN,Official/primary source with a recorded finding and no restricted-source/module mismatch.,2026-08-31
PFD-LEG-00655,POS-P8-BM-028-B,F295,Point of Sale,UPI product overview,https://www.npci.org.in/what-we-do/upi/product-overview,OFFICIAL_OR_PRIMARY,PASS,FAIL,PASS,REMAP_REQUIRED,UPI evidence is relevant only to digital-payment/refund/reconciliation scope.,2026-08-31
PFD-LEG-00656,POS-P8-BM-029-A,F296,Point of Sale,Payment Card Industry Data Security Standard,https://www.pcisecuritystandards.org/standards/pci-dss/,OFFICIAL_OR_PRIMARY,PASS,FAIL,PASS,REMAP_REQUIRED,"PCI DSS is payment-card security evidence, not generic POS/business behavior evidence.",2026-08-31
PFD-LEG-00657,POS-P8-BM-029-B,F296,Point of Sale,Offline point of sale functionality,https://learn.microsoft.com/en-us/dynamics365/commerce/dev-itpro/pos-offline-functionality,OFFICIAL_OR_PRIMARY,PASS,PASS,PASS,RETAIN,Official/primary source with a recorded finding and no restricted-source/module mismatch.,2026-08-31
PFD-LEG-00658,POS-P8-BM-030-A,F297,Point of Sale,UPI product overview,https://www.npci.org.in/what-we-do/upi/product-overview,OFFICIAL_OR_PRIMARY,PASS,FAIL,PASS,REMAP_REQUIRED,UPI evidence is relevant only to digital-payment/refund/reconciliation scope.,2026-08-31
PFD-LEG-00659,POS-P8-BM-030-B,F297,Point of Sale,Online and offline POS operations,https://learn.microsoft.com/en-us/dynamics365/commerce/pos-operations,OFFICIAL_OR_PRIMARY,PASS,PASS,PASS,RETAIN,Official/primary source with a recorded finding and no restricted-source/module mismatch.,2026-08-31
PFD-LEG-00660,POS-P8-BM-031-A,F298,Point of Sale,Offline point of sale functionality,https://learn.microsoft.com/en-us/dynamics365/commerce/dev-itpro/pos-offline-functionality,OFFICIAL_OR_PRIMARY,PASS,PASS,PASS,RETAIN,Official/primary source with a recorded finding and no restricted-source/module mismatch.,2026-08-31
PFD-LEG-00661,POS-P8-BM-031-B,F298,Point of Sale,Introduction to Oracle Retail Xstore POS,https://docs.oracle.com/en/industries/retail/retail-xstore-point-of-service/22.0/rpxmo/introduction-oracle-retail-xstore-pos.htm,OFFICIAL_OR_PRIMARY,PASS,PASS,PASS,RETAIN,Official/primary source with a recorded finding and no restricted-source/module mismatch.,2026-08-31
PFD-LEG-00662,POS-P8-BM-032-A,F299,Point of Sale,Online and offline POS operations,https://learn.microsoft.com/en-us/dynamics365/commerce/pos-operations,OFFICIAL_OR_PRIMARY,PASS,PASS,PASS,RETAIN,Official/primary source with a recorded finding and no restricted-source/module mismatch.,2026-08-31
PFD-LEG-00663,POS-P8-BM-032-B,F299,Point of Sale,Point of Sale documentation,https://www.odoo.com/documentation/19.0/applications/sales/point_of_sale.html,OFFICIAL_OR_PRIMARY,PASS,PASS,PASS,RETAIN,Official/primary source with a recorded finding and no restricted-source/module mismatch.,2026-08-31
PFD-LEG-00664,POS-P8-BM-033-A,F300,Point of Sale,Introduction to Oracle Retail Xstore POS,https://docs.oracle.com/en/industries/retail/retail-xstore-point-of-service/22.0/rpxmo/introduction-oracle-retail-xstore-pos.htm,OFFICIAL_OR_PRIMARY,PASS,PASS,PASS,RETAIN,Official/primary source with a recorded finding and no restricted-source/module mismatch.,2026-08-31
PFD-LEG-00665,POS-P8-BM-033-B,F300,Point of Sale,Payment Card Industry Data Security Standard,https://www.pcisecuritystandards.org/standards/pci-dss/,OFFICIAL_OR_PRIMARY,PASS,FAIL,PASS,REMAP_REQUIRED,"PCI DSS is payment-card security evidence, not generic POS/business behavior evidence.",2026-08-31
PFD-LEG-00666,POS-P8-BM-034-A,F301,Point of Sale,Point of Sale documentation,https://www.odoo.com/documentation/19.0/applications/sales/point_of_sale.html,OFFICIAL_OR_PRIMARY,PASS,PASS,PASS,RETAIN,Official/primary source with a recorded finding and no restricted-source/module mismatch.,2026-08-31
PFD-LEG-00667,POS-P8-BM-034-B,F301,Point of Sale,UPI product overview,https://www.npci.org.in/what-we-do/upi/product-overview,OFFICIAL_OR_PRIMARY,PASS,FAIL,PASS,REMAP_REQUIRED,UPI evidence is relevant only to digital-payment/refund/reconciliation scope.,2026-08-31
PFD-LEG-00668,POS-P8-BM-035-A,F302,Point of Sale,Payment Card Industry Data Security Standard,https://www.pcisecuritystandards.org/standards/pci-dss/,OFFICIAL_OR_PRIMARY,PASS,FAIL,PASS,REMAP_REQUIRED,"PCI DSS is payment-card security evidence, not generic POS/business behavior evidence.",2026-08-31
PFD-LEG-00669,POS-P8-BM-035-B,F302,Point of Sale,Offline point of sale functionality,https://learn.microsoft.com/en-us/dynamics365/commerce/dev-itpro/pos-offline-functionality,OFFICIAL_OR_PRIMARY,PASS,PASS,PASS,RETAIN,Official/primary source with a recorded finding and no restricted-source/module mismatch.,2026-08-31
PFD-LEG-00670,POS-P8-BM-036-A,F303,Point of Sale,UPI product overview,https://www.npci.org.in/what-we-do/upi/product-overview,OFFICIAL_OR_PRIMARY,PASS,FAIL,PASS,REMAP_REQUIRED,UPI evidence is relevant only to digital-payment/refund/reconciliation scope.,2026-08-31
PFD-LEG-00671,POS-P8-BM-036-B,F303,Point of Sale,Online and offline POS operations,https://learn.microsoft.com/en-us/dynamics365/commerce/pos-operations,OFFICIAL_OR_PRIMARY,PASS,PASS,PASS,RETAIN,Official/primary source with a recorded finding and no restricted-source/module mismatch.,2026-08-31
PFD-LEG-00672,POS-P8-BM-037-A,F304,Point of Sale,Offline point of sale functionality,https://learn.microsoft.com/en-us/dynamics365/commerce/dev-itpro/pos-offline-functionality,OFFICIAL_OR_PRIMARY,PASS,PASS,PASS,RETAIN,Official/primary source with a recorded finding and no restricted-source/module mismatch.,2026-08-31
PFD-LEG-00673,POS-P8-BM-037-B,F304,Point of Sale,Introduction to Oracle Retail Xstore POS,https://docs.oracle.com/en/industries/retail/retail-xstore-point-of-service/22.0/rpxmo/introduction-oracle-retail-xstore-pos.htm,OFFICIAL_OR_PRIMARY,PASS,PASS,PASS,RETAIN,Official/primary source with a recorded finding and no restricted-source/module mismatch.,2026-08-31
PFD-LEG-00674,POS-P8-BM-038-A,F305,Point of Sale,Online and offline POS operations,https://learn.microsoft.com/en-us/dynamics365/commerce/pos-operations,OFFICIAL_OR_PRIMARY,PASS,PASS,PASS,RETAIN,Official/primary source with a recorded finding and no restricted-source/module mismatch.,2026-08-31
PFD-LEG-00675,POS-P8-BM-038-B,F305,Point of Sale,Point of Sale documentation,https://www.odoo.com/documentation/19.0/applications/sales/point_of_sale.html,OFFICIAL_OR_PRIMARY,PASS,PASS,PASS,RETAIN,Official/primary source with a recorded finding and no restricted-source/module mismatch.,2026-08-31
PFD-LEG-00676,POS-P8-BM-039-A,F306,Point of Sale,Introduction to Oracle Retail Xstore POS,https://docs.oracle.com/en/industries/retail/retail-xstore-point-of-service/22.0/rpxmo/introduction-oracle-retail-xstore-pos.htm,OFFICIAL_OR_PRIMARY,PASS,PASS,PASS,RETAIN,Official/primary source with a recorded finding and no restricted-source/module mismatch.,2026-08-31
PFD-LEG-00677,POS-P8-BM-039-B,F306,Point of Sale,Payment Card Industry Data Security Standard,https://www.pcisecuritystandards.org/standards/pci-dss/,OFFICIAL_OR_PRIMARY,PASS,FAIL,PASS,REMAP_REQUIRED,"PCI DSS is payment-card security evidence, not generic POS/business behavior evidence.",2026-08-31
PFD-LEG-00678,POS-P8-BM-040-A,F307,Point of Sale,Point of Sale documentation,https://www.odoo.com/documentation/19.0/applications/sales/point_of_sale.html,OFFICIAL_OR_PRIMARY,PASS,PASS,PASS,RETAIN,Official/primary source with a recorded finding and no restricted-source/module mismatch.,2026-08-31
PFD-LEG-00679,POS-P8-BM-040-B,F307,Point of Sale,UPI product overview,https://www.npci.org.in/what-we-do/upi/product-overview,OFFICIAL_OR_PRIMARY,PASS,FAIL,PASS,REMAP_REQUIRED,UPI evidence is relevant only to digital-payment/refund/reconciliation scope.,2026-08-31
PFD-LEG-00680,QUALITY-P9-BM-001-A,F308,Quality,Quality and nonconformance management overview,https://learn.microsoft.com/en-us/dynamics365/supply-chain/inventory/quality-management-processes,OFFICIAL_OR_PRIMARY,PASS,PASS,PASS,RETAIN,Official/primary source with a recorded finding and no restricted-source/module mismatch.,2026-08-31
PFD-LEG-00681,QUALITY-P9-BM-001-B,F308,Quality,Quality orders,https://learn.microsoft.com/en-us/dynamics365/supply-chain/inventory/quality-orders,OFFICIAL_OR_PRIMARY,PASS,PASS,PASS,RETAIN,Official/primary source with a recorded finding and no restricted-source/module mismatch.,2026-08-31
PFD-LEG-00682,QUALITY-P9-BM-002-A,F309,Quality,Quality associations,https://learn.microsoft.com/en-us/dynamics365/supply-chain/inventory/quality-associations,OFFICIAL_OR_PRIMARY,PASS,PASS,PASS,RETAIN,Official/primary source with a recorded finding and no restricted-source/module mismatch.,2026-08-31
PFD-LEG-00683,QUALITY-P9-BM-002-B,F309,Quality,Manage Action Rules,https://docs.oracle.com/en/cloud/saas/supply-chain-and-manufacturing/25c/fauqm/manage-action-rules.html,OFFICIAL_OR_PRIMARY,PASS,PASS,PASS,RETAIN,Official/primary source with a recorded finding and no restricted-source/module mismatch.,2026-08-31
PFD-LEG-00684,QUALITY-P9-BM-003-A,F310,Quality,Quality management tests,https://learn.microsoft.com/en-us/dynamics365/supply-chain/inventory/quality-tests,OFFICIAL_OR_PRIMARY,PASS,PASS,PASS,RETAIN,Official/primary source with a recorded finding and no restricted-source/module mismatch.,2026-08-31
PFD-LEG-00685,QUALITY-P9-BM-003-B,F310,Quality,Quality Issues and Actions,https://docs.oracle.com/en/cloud/saas/supply-chain-and-manufacturing/25d/fauqm/about-working-with-quality-issues-and-actions.html,OFFICIAL_OR_PRIMARY,PASS,PASS,PASS,RETAIN,Official/primary source with a recorded finding and no restricted-source/module mismatch.,2026-08-31
PFD-LEG-00686,QUALITY-P9-BM-004-A,F311,Quality,Quality orders,https://learn.microsoft.com/en-us/dynamics365/supply-chain/inventory/quality-orders,OFFICIAL_OR_PRIMARY,PASS,PASS,PASS,RETAIN,Official/primary source with a recorded finding and no restricted-source/module mismatch.,2026-08-31
PFD-LEG-00687,QUALITY-P9-BM-004-B,F311,Quality,Quality control points,https://www.odoo.com/documentation/19.0/applications/inventory_and_mrp/quality/quality_management/quality_control_points.html,OFFICIAL_OR_PRIMARY,PASS,PASS,PASS,RETAIN,Official/primary source with a recorded finding and no restricted-source/module mismatch.,2026-08-31
PFD-LEG-00688,QUALITY-P9-BM-005-A,F312,Quality,Manage Action Rules,https://docs.oracle.com/en/cloud/saas/supply-chain-and-manufacturing/25c/fauqm/manage-action-rules.html,OFFICIAL_OR_PRIMARY,PASS,PASS,PASS,RETAIN,Official/primary source with a recorded finding and no restricted-source/module mismatch.,2026-08-31
PFD-LEG-00689,QUALITY-P9-BM-005-B,F312,Quality,Quality checks,https://www.odoo.com/documentation/19.0/applications/inventory_and_mrp/quality/quality_management/quality_checks.html,OFFICIAL_OR_PRIMARY,PASS,PASS,PASS,RETAIN,Official/primary source with a recorded finding and no restricted-source/module mismatch.,2026-08-31
PFD-LEG-00690,QUALITY-P9-BM-006-A,F313,Quality,Quality Issues and Actions,https://docs.oracle.com/en/cloud/saas/supply-chain-and-manufacturing/25d/fauqm/about-working-with-quality-issues-and-actions.html,OFFICIAL_OR_PRIMARY,PASS,PASS,PASS,RETAIN,Official/primary source with a recorded finding and no restricted-source/module mismatch.,2026-08-31
PFD-LEG-00691,QUALITY-P9-BM-006-B,F313,Quality,Quality and nonconformance management overview,https://learn.microsoft.com/en-us/dynamics365/supply-chain/inventory/quality-management-processes,OFFICIAL_OR_PRIMARY,PASS,PASS,PASS,RETAIN,Official/primary source with a recorded finding and no restricted-source/module mismatch.,2026-08-31
PFD-LEG-00692,QUALITY-P9-BM-007-A,F314,Quality,Quality control points,https://www.odoo.com/documentation/19.0/applications/inventory_and_mrp/quality/quality_management/quality_control_points.html,OFFICIAL_OR_PRIMARY,PASS,PASS,PASS,RETAIN,Official/primary source with a recorded finding and no restricted-source/module mismatch.,2026-08-31
PFD-LEG-00693,QUALITY-P9-BM-007-B,F314,Quality,Quality associations,https://learn.microsoft.com/en-us/dynamics365/supply-chain/inventory/quality-associations,OFFICIAL_OR_PRIMARY,PASS,PASS,PASS,RETAIN,Official/primary source with a recorded finding and no restricted-source/module mismatch.,2026-08-31
PFD-LEG-00694,QUALITY-P9-BM-008-A,F315,Quality,Quality checks,https://www.odoo.com/documentation/19.0/applications/inventory_and_mrp/quality/quality_management/quality_checks.html,OFFICIAL_OR_PRIMARY,PASS,PASS,PASS,RETAIN,Official/primary source with a recorded finding and no restricted-source/module mismatch.,2026-08-31
PFD-LEG-00695,QUALITY-P9-BM-008-B,F315,Quality,Quality management tests,https://learn.microsoft.com/en-us/dynamics365/supply-chain/inventory/quality-tests,OFFICIAL_OR_PRIMARY,PASS,PASS,PASS,RETAIN,Official/primary source with a recorded finding and no restricted-source/module mismatch.,2026-08-31
PFD-LEG-00696,QUALITY-P9-BM-009-A,F316,Quality,Quality and nonconformance management overview,https://learn.microsoft.com/en-us/dynamics365/supply-chain/inventory/quality-management-processes,OFFICIAL_OR_PRIMARY,PASS,PASS,PASS,RETAIN,Official/primary source with a recorded finding and no restricted-source/module mismatch.,2026-08-31
PFD-LEG-00697,QUALITY-P9-BM-009-B,F316,Quality,Quality orders,https://learn.microsoft.com/en-us/dynamics365/supply-chain/inventory/quality-orders,OFFICIAL_OR_PRIMARY,PASS,PASS,PASS,RETAIN,Official/primary source with a recorded finding and no restricted-source/module mismatch.,2026-08-31
PFD-LEG-00698,QUALITY-P9-BM-010-A,F317,Quality,Quality associations,https://learn.microsoft.com/en-us/dynamics365/supply-chain/inventory/quality-associations,OFFICIAL_OR_PRIMARY,PASS,PASS,PASS,RETAIN,Official/primary source with a recorded finding and no restricted-source/module mismatch.,2026-08-31
PFD-LEG-00699,QUALITY-P9-BM-010-B,F317,Quality,Manage Action Rules,https://docs.oracle.com/en/cloud/saas/supply-chain-and-manufacturing/25c/fauqm/manage-action-rules.html,OFFICIAL_OR_PRIMARY,PASS,PASS,PASS,RETAIN,Official/primary source with a recorded finding and no restricted-source/module mismatch.,2026-08-31
PFD-LEG-00700,QUALITY-P9-BM-011-A,F318,Quality,Quality management tests,https://learn.microsoft.com/en-us/dynamics365/supply-chain/inventory/quality-tests,OFFICIAL_OR_PRIMARY,PASS,PASS,PASS,RETAIN,Official/primary source with a recorded finding and no restricted-source/module mismatch.,2026-08-31
PFD-LEG-00701,QUALITY-P9-BM-011-B,F318,Quality,Quality Issues and Actions,https://docs.oracle.com/en/cloud/saas/supply-chain-and-manufacturing/25d/fauqm/about-working-with-quality-issues-and-actions.html,OFFICIAL_OR_PRIMARY,PASS,PASS,PASS,RETAIN,Official/primary source with a recorded finding and no restricted-source/module mismatch.,2026-08-31
PFD-LEG-00702,QUALITY-P9-BM-012-A,F319,Quality,Quality orders,https://learn.microsoft.com/en-us/dynamics365/supply-chain/inventory/quality-orders,OFFICIAL_OR_PRIMARY,PASS,PASS,PASS,RETAIN,Official/primary source with a recorded finding and no restricted-source/module mismatch.,2026-08-31
PFD-LEG-00703,QUALITY-P9-BM-012-B,F319,Quality,Quality control points,https://www.odoo.com/documentation/19.0/applications/inventory_and_mrp/quality/quality_management/quality_control_points.html,OFFICIAL_OR_PRIMARY,PASS,PASS,PASS,RETAIN,Official/primary source with a recorded finding and no restricted-source/module mismatch.,2026-08-31
PFD-LEG-00704,QUALITY-P9-BM-013-A,F320,Quality,Manage Action Rules,https://docs.oracle.com/en/cloud/saas/supply-chain-and-manufacturing/25c/fauqm/manage-action-rules.html,OFFICIAL_OR_PRIMARY,PASS,PASS,PASS,RETAIN,Official/primary source with a recorded finding and no restricted-source/module mismatch.,2026-08-31
PFD-LEG-00705,QUALITY-P9-BM-013-B,F320,Quality,Quality checks,https://www.odoo.com/documentation/19.0/applications/inventory_and_mrp/quality/quality_management/quality_checks.html,OFFICIAL_OR_PRIMARY,PASS,PASS,PASS,RETAIN,Official/primary source with a recorded finding and no restricted-source/module mismatch.,2026-08-31
PFD-LEG-00706,QUALITY-P9-BM-014-A,F321,Quality,Quality Issues and Actions,https://docs.oracle.com/en/cloud/saas/supply-chain-and-manufacturing/25d/fauqm/about-working-with-quality-issues-and-actions.html,OFFICIAL_OR_PRIMARY,PASS,PASS,PASS,RETAIN,Official/primary source with a recorded finding and no restricted-source/module mismatch.,2026-08-31
PFD-LEG-00707,QUALITY-P9-BM-014-B,F321,Quality,Quality and nonconformance management overview,https://learn.microsoft.com/en-us/dynamics365/supply-chain/inventory/quality-management-processes,OFFICIAL_OR_PRIMARY,PASS,PASS,PASS,RETAIN,Official/primary source with a recorded finding and no restricted-source/module mismatch.,2026-08-31
PFD-LEG-00708,QUALITY-P9-BM-015-A,F322,Quality,Quality control points,https://www.odoo.com/documentation/19.0/applications/inventory_and_mrp/quality/quality_management/quality_control_points.html,OFFICIAL_OR_PRIMARY,PASS,PASS,PASS,RETAIN,Official/primary source with a recorded finding and no restricted-source/module mismatch.,2026-08-31
PFD-LEG-00709,QUALITY-P9-BM-015-B,F322,Quality,Quality associations,https://learn.microsoft.com/en-us/dynamics365/supply-chain/inventory/quality-associations,OFFICIAL_OR_PRIMARY,PASS,PASS,PASS,RETAIN,Official/primary source with a recorded finding and no restricted-source/module mismatch.,2026-08-31
PFD-LEG-00710,QUALITY-P9-BM-016-A,F323,Quality,Quality checks,https://www.odoo.com/documentation/19.0/applications/inventory_and_mrp/quality/quality_management/quality_checks.html,OFFICIAL_OR_PRIMARY,PASS,PASS,PASS,RETAIN,Official/primary source with a recorded finding and no restricted-source/module mismatch.,2026-08-31
PFD-LEG-00711,QUALITY-P9-BM-016-B,F323,Quality,Quality management tests,https://learn.microsoft.com/en-us/dynamics365/supply-chain/inventory/quality-tests,OFFICIAL_OR_PRIMARY,PASS,PASS,PASS,RETAIN,Official/primary source with a recorded finding and no restricted-source/module mismatch.,2026-08-31
PFD-LEG-00712,QUALITY-P9-BM-017-A,F324,Quality,Quality and nonconformance management overview,https://learn.microsoft.com/en-us/dynamics365/supply-chain/inventory/quality-management-processes,OFFICIAL_OR_PRIMARY,PASS,PASS,PASS,RETAIN,Official/primary source with a recorded finding and no restricted-source/module mismatch.,2026-08-31
PFD-LEG-00713,QUALITY-P9-BM-017-B,F324,Quality,Quality orders,https://learn.microsoft.com/en-us/dynamics365/supply-chain/inventory/quality-orders,OFFICIAL_OR_PRIMARY,PASS,PASS,PASS,RETAIN,Official/primary source with a recorded finding and no restricted-source/module mismatch.,2026-08-31
PFD-LEG-00714,QUALITY-P9-BM-018-A,F325,Quality,Quality associations,https://learn.microsoft.com/en-us/dynamics365/supply-chain/inventory/quality-associations,OFFICIAL_OR_PRIMARY,PASS,PASS,PASS,RETAIN,Official/primary source with a recorded finding and no restricted-source/module mismatch.,2026-08-31
PFD-LEG-00715,QUALITY-P9-BM-018-B,F325,Quality,Manage Action Rules,https://docs.oracle.com/en/cloud/saas/supply-chain-and-manufacturing/25c/fauqm/manage-action-rules.html,OFFICIAL_OR_PRIMARY,PASS,PASS,PASS,RETAIN,Official/primary source with a recorded finding and no restricted-source/module mismatch.,2026-08-31
PFD-LEG-00716,QUALITY-P9-BM-019-A,F326,Quality,Quality management tests,https://learn.microsoft.com/en-us/dynamics365/supply-chain/inventory/quality-tests,OFFICIAL_OR_PRIMARY,PASS,PASS,PASS,RETAIN,Official/primary source with a recorded finding and no restricted-source/module mismatch.,2026-08-31
PFD-LEG-00717,QUALITY-P9-BM-019-B,F326,Quality,Quality Issues and Actions,https://docs.oracle.com/en/cloud/saas/supply-chain-and-manufacturing/25d/fauqm/about-working-with-quality-issues-and-actions.html,OFFICIAL_OR_PRIMARY,PASS,PASS,PASS,RETAIN,Official/primary source with a recorded finding and no restricted-source/module mismatch.,2026-08-31
PFD-LEG-00718,QUALITY-P9-BM-020-A,F327,Quality,Quality orders,https://learn.microsoft.com/en-us/dynamics365/supply-chain/inventory/quality-orders,OFFICIAL_OR_PRIMARY,PASS,PASS,PASS,RETAIN,Official/primary source with a recorded finding and no restricted-source/module mismatch.,2026-08-31
PFD-LEG-00719,QUALITY-P9-BM-020-B,F327,Quality,Quality control points,https://www.odoo.com/documentation/19.0/applications/inventory_and_mrp/quality/quality_management/quality_control_points.html,OFFICIAL_OR_PRIMARY,PASS,PASS,PASS,RETAIN,Official/primary source with a recorded finding and no restricted-source/module mismatch.,2026-08-31
PFD-LEG-00720,QUALITY-P9-BM-021-A,F328,Quality,Manage Action Rules,https://docs.oracle.com/en/cloud/saas/supply-chain-and-manufacturing/25c/fauqm/manage-action-rules.html,OFFICIAL_OR_PRIMARY,PASS,PASS,PASS,RETAIN,Official/primary source with a recorded finding and no restricted-source/module mismatch.,2026-08-31
PFD-LEG-00721,QUALITY-P9-BM-021-B,F328,Quality,Quality checks,https://www.odoo.com/documentation/19.0/applications/inventory_and_mrp/quality/quality_management/quality_checks.html,OFFICIAL_OR_PRIMARY,PASS,PASS,PASS,RETAIN,Official/primary source with a recorded finding and no restricted-source/module mismatch.,2026-08-31
PFD-LEG-00722,QUALITY-P9-BM-022-A,F329,Quality,Quality Issues and Actions,https://docs.oracle.com/en/cloud/saas/supply-chain-and-manufacturing/25d/fauqm/about-working-with-quality-issues-and-actions.html,OFFICIAL_OR_PRIMARY,PASS,PASS,PASS,RETAIN,Official/primary source with a recorded finding and no restricted-source/module mismatch.,2026-08-31
PFD-LEG-00723,QUALITY-P9-BM-022-B,F329,Quality,Quality and nonconformance management overview,https://learn.microsoft.com/en-us/dynamics365/supply-chain/inventory/quality-management-processes,OFFICIAL_OR_PRIMARY,PASS,PASS,PASS,RETAIN,Official/primary source with a recorded finding and no restricted-source/module mismatch.,2026-08-31
PFD-LEG-00724,QUALITY-P9-BM-023-A,F330,Quality,Quality control points,https://www.odoo.com/documentation/19.0/applications/inventory_and_mrp/quality/quality_management/quality_control_points.html,OFFICIAL_OR_PRIMARY,PASS,PASS,PASS,RETAIN,Official/primary source with a recorded finding and no restricted-source/module mismatch.,2026-08-31
PFD-LEG-00725,QUALITY-P9-BM-023-B,F330,Quality,Quality associations,https://learn.microsoft.com/en-us/dynamics365/supply-chain/inventory/quality-associations,OFFICIAL_OR_PRIMARY,PASS,PASS,PASS,RETAIN,Official/primary source with a recorded finding and no restricted-source/module mismatch.,2026-08-31
PFD-LEG-00726,QUALITY-P9-BM-024-A,F331,Quality,Quality checks,https://www.odoo.com/documentation/19.0/applications/inventory_and_mrp/quality/quality_management/quality_checks.html,OFFICIAL_OR_PRIMARY,PASS,PASS,PASS,RETAIN,Official/primary source with a recorded finding and no restricted-source/module mismatch.,2026-08-31
PFD-LEG-00727,QUALITY-P9-BM-024-B,F331,Quality,Quality management tests,https://learn.microsoft.com/en-us/dynamics365/supply-chain/inventory/quality-tests,OFFICIAL_OR_PRIMARY,PASS,PASS,PASS,RETAIN,Official/primary source with a recorded finding and no restricted-source/module mismatch.,2026-08-31
PFD-LEG-00728,QUALITY-P9-BM-025-A,F332,Quality,Quality and nonconformance management overview,https://learn.microsoft.com/en-us/dynamics365/supply-chain/inventory/quality-management-processes,OFFICIAL_OR_PRIMARY,PASS,PASS,PASS,RETAIN,Official/primary source with a recorded finding and no restricted-source/module mismatch.,2026-08-31
PFD-LEG-00729,QUALITY-P9-BM-025-B,F332,Quality,Quality orders,https://learn.microsoft.com/en-us/dynamics365/supply-chain/inventory/quality-orders,OFFICIAL_OR_PRIMARY,PASS,PASS,PASS,RETAIN,Official/primary source with a recorded finding and no restricted-source/module mismatch.,2026-08-31
PFD-LEG-00730,QUALITY-P9-BM-026-A,F333,Quality,Quality associations,https://learn.microsoft.com/en-us/dynamics365/supply-chain/inventory/quality-associations,OFFICIAL_OR_PRIMARY,PASS,PASS,PASS,RETAIN,Official/primary source with a recorded finding and no restricted-source/module mismatch.,2026-08-31
PFD-LEG-00731,QUALITY-P9-BM-026-B,F333,Quality,Manage Action Rules,https://docs.oracle.com/en/cloud/saas/supply-chain-and-manufacturing/25c/fauqm/manage-action-rules.html,OFFICIAL_OR_PRIMARY,PASS,PASS,PASS,RETAIN,Official/primary source with a recorded finding and no restricted-source/module mismatch.,2026-08-31
PFD-LEG-00732,QUALITY-P9-BM-027-A,F334,Quality,Quality management tests,https://learn.microsoft.com/en-us/dynamics365/supply-chain/inventory/quality-tests,OFFICIAL_OR_PRIMARY,PASS,PASS,PASS,RETAIN,Official/primary source with a recorded finding and no restricted-source/module mismatch.,2026-08-31
PFD-LEG-00733,QUALITY-P9-BM-027-B,F334,Quality,Quality Issues and Actions,https://docs.oracle.com/en/cloud/saas/supply-chain-and-manufacturing/25d/fauqm/about-working-with-quality-issues-and-actions.html,OFFICIAL_OR_PRIMARY,PASS,PASS,PASS,RETAIN,Official/primary source with a recorded finding and no restricted-source/module mismatch.,2026-08-31
PFD-LEG-00734,QUALITY-P9-BM-028-A,F335,Quality,Quality orders,https://learn.microsoft.com/en-us/dynamics365/supply-chain/inventory/quality-orders,OFFICIAL_OR_PRIMARY,PASS,PASS,PASS,RETAIN,Official/primary source with a recorded finding and no restricted-source/module mismatch.,2026-08-31
PFD-LEG-00735,QUALITY-P9-BM-028-B,F335,Quality,Quality control points,https://www.odoo.com/documentation/19.0/applications/inventory_and_mrp/quality/quality_management/quality_control_points.html,OFFICIAL_OR_PRIMARY,PASS,PASS,PASS,RETAIN,Official/primary source with a recorded finding and no restricted-source/module mismatch.,2026-08-31
PFD-LEG-00736,QUALITY-P9-BM-029-A,F336,Quality,Manage Action Rules,https://docs.oracle.com/en/cloud/saas/supply-chain-and-manufacturing/25c/fauqm/manage-action-rules.html,OFFICIAL_OR_PRIMARY,PASS,PASS,PASS,RETAIN,Official/primary source with a recorded finding and no restricted-source/module mismatch.,2026-08-31
PFD-LEG-00737,QUALITY-P9-BM-029-B,F336,Quality,Quality checks,https://www.odoo.com/documentation/19.0/applications/inventory_and_mrp/quality/quality_management/quality_checks.html,OFFICIAL_OR_PRIMARY,PASS,PASS,PASS,RETAIN,Official/primary source with a recorded finding and no restricted-source/module mismatch.,2026-08-31
PFD-LEG-00738,QUALITY-P9-BM-030-A,F337,Quality,Quality Issues and Actions,https://docs.oracle.com/en/cloud/saas/supply-chain-and-manufacturing/25d/fauqm/about-working-with-quality-issues-and-actions.html,OFFICIAL_OR_PRIMARY,PASS,PASS,PASS,RETAIN,Official/primary source with a recorded finding and no restricted-source/module mismatch.,2026-08-31
PFD-LEG-00739,QUALITY-P9-BM-030-B,F337,Quality,Quality and nonconformance management overview,https://learn.microsoft.com/en-us/dynamics365/supply-chain/inventory/quality-management-processes,OFFICIAL_OR_PRIMARY,PASS,PASS,PASS,RETAIN,Official/primary source with a recorded finding and no restricted-source/module mismatch.,2026-08-31
PFD-LEG-00740,QUALITY-P9-BM-031-A,F338,Quality,Quality control points,https://www.odoo.com/documentation/19.0/applications/inventory_and_mrp/quality/quality_management/quality_control_points.html,OFFICIAL_OR_PRIMARY,PASS,PASS,PASS,RETAIN,Official/primary source with a recorded finding and no restricted-source/module mismatch.,2026-08-31
PFD-LEG-00741,QUALITY-P9-BM-031-B,F338,Quality,Quality associations,https://learn.microsoft.com/en-us/dynamics365/supply-chain/inventory/quality-associations,OFFICIAL_OR_PRIMARY,PASS,PASS,PASS,RETAIN,Official/primary source with a recorded finding and no restricted-source/module mismatch.,2026-08-31
PFD-LEG-00742,QUALITY-P9-BM-032-A,F339,Quality,Quality checks,https://www.odoo.com/documentation/19.0/applications/inventory_and_mrp/quality/quality_management/quality_checks.html,OFFICIAL_OR_PRIMARY,PASS,PASS,PASS,RETAIN,Official/primary source with a recorded finding and no restricted-source/module mismatch.,2026-08-31
PFD-LEG-00743,QUALITY-P9-BM-032-B,F339,Quality,Quality management tests,https://learn.microsoft.com/en-us/dynamics365/supply-chain/inventory/quality-tests,OFFICIAL_OR_PRIMARY,PASS,PASS,PASS,RETAIN,Official/primary source with a recorded finding and no restricted-source/module mismatch.,2026-08-31
PFD-LEG-00744,QUALITY-P9-BM-033-A,F340,Quality,Quality and nonconformance management overview,https://learn.microsoft.com/en-us/dynamics365/supply-chain/inventory/quality-management-processes,OFFICIAL_OR_PRIMARY,PASS,PASS,PASS,RETAIN,Official/primary source with a recorded finding and no restricted-source/module mismatch.,2026-08-31
PFD-LEG-00745,QUALITY-P9-BM-033-B,F340,Quality,Quality orders,https://learn.microsoft.com/en-us/dynamics365/supply-chain/inventory/quality-orders,OFFICIAL_OR_PRIMARY,PASS,PASS,PASS,RETAIN,Official/primary source with a recorded finding and no restricted-source/module mismatch.,2026-08-31
PFD-LEG-00746,QUALITY-P9-BM-034-A,F341,Quality,Quality associations,https://learn.microsoft.com/en-us/dynamics365/supply-chain/inventory/quality-associations,OFFICIAL_OR_PRIMARY,PASS,PASS,PASS,RETAIN,Official/primary source with a recorded finding and no restricted-source/module mismatch.,2026-08-31
PFD-LEG-00747,QUALITY-P9-BM-034-B,F341,Quality,Manage Action Rules,https://docs.oracle.com/en/cloud/saas/supply-chain-and-manufacturing/25c/fauqm/manage-action-rules.html,OFFICIAL_OR_PRIMARY,PASS,PASS,PASS,RETAIN,Official/primary source with a recorded finding and no restricted-source/module mismatch.,2026-08-31
PFD-LEG-00748,QUALITY-P9-BM-035-A,F342,Quality,Quality management tests,https://learn.microsoft.com/en-us/dynamics365/supply-chain/inventory/quality-tests,OFFICIAL_OR_PRIMARY,PASS,PASS,PASS,RETAIN,Official/primary source with a recorded finding and no restricted-source/module mismatch.,2026-08-31
PFD-LEG-00749,QUALITY-P9-BM-035-B,F342,Quality,Quality Issues and Actions,https://docs.oracle.com/en/cloud/saas/supply-chain-and-manufacturing/25d/fauqm/about-working-with-quality-issues-and-actions.html,OFFICIAL_OR_PRIMARY,PASS,PASS,PASS,RETAIN,Official/primary source with a recorded finding and no restricted-source/module mismatch.,2026-08-31
PFD-LEG-00750,SUPPORT-P10-BM-001-A,F343,Support / Customer Service,Dynamics 365 Customer Service documentation,https://learn.microsoft.com/en-us/dynamics365/customer-service/,OFFICIAL_OR_PRIMARY,PASS,PASS,PASS,RETAIN,Official/primary source with a recorded finding and no restricted-source/module mismatch.,2026-08-31
PFD-LEG-00751,SUPPORT-P10-BM-001-B,F343,Support / Customer Service,Email threading and ticket creation,https://support.zendesk.com/hc/en-us/articles/4408843597850-Understanding-how-email-replies-become-ticket-comments,OFFICIAL_OR_PRIMARY,PASS,PASS,PASS,RETAIN,Official/primary source with a recorded finding and no restricted-source/module mismatch.,2026-08-31
PFD-LEG-00752,SUPPORT-P10-BM-002-A,F344,Support / Customer Service,Unified routing overview,https://learn.microsoft.com/en-us/dynamics365/customer-service/administer/unified-routing,OFFICIAL_OR_PRIMARY,PASS,FAIL,PASS,REMAP_REQUIRED,Platform/security/technology standard is not sufficient as business-feature benchmark evidence.,2026-08-31
PFD-LEG-00753,SUPPORT-P10-BM-002-B,F344,Support / Customer Service,Knowledge management,https://www.zendesk.com/service/knowledge/,OFFICIAL_OR_PRIMARY,PASS,PASS,PASS,RETAIN,Official/primary source with a recorded finding and no restricted-source/module mismatch.,2026-08-31
PFD-LEG-00754,SUPPORT-P10-BM-003-A,F345,Support / Customer Service,Service-level agreements,https://learn.microsoft.com/en-us/dynamics365/customer-service/administer/define-service-level-agreements,OFFICIAL_OR_PRIMARY,PASS,FAIL,PASS,REMAP_REQUIRED,Platform/security/technology standard is not sufficient as business-feature benchmark evidence.,2026-08-31
PFD-LEG-00755,SUPPORT-P10-BM-003-B,F345,Support / Customer Service,Customer Service Management,https://www.servicenow.com/products/customer-service-management.html,OFFICIAL_OR_PRIMARY,PASS,PASS,PASS,RETAIN,Official/primary source with a recorded finding and no restricted-source/module mismatch.,2026-08-31
PFD-LEG-00756,SUPPORT-P10-BM-004-A,F346,Support / Customer Service,Ticketing system documentation,https://support.zendesk.com/hc/en-us/categories/4405298749210-Tickets,OFFICIAL_OR_PRIMARY,PASS,PASS,PASS,RETAIN,Official/primary source with a recorded finding and no restricted-source/module mismatch.,2026-08-31
PFD-LEG-00757,SUPPORT-P10-BM-004-B,F346,Support / Customer Service,Service Level Agreement overview,https://www.servicenow.com/products/itsm/what-is-sla.html,OFFICIAL_OR_PRIMARY,PASS,PASS,PASS,RETAIN,Official/primary source with a recorded finding and no restricted-source/module mismatch.,2026-08-31
PFD-LEG-00758,SUPPORT-P10-BM-005-A,F347,Support / Customer Service,Email threading and ticket creation,https://support.zendesk.com/hc/en-us/articles/4408843597850-Understanding-how-email-replies-become-ticket-comments,OFFICIAL_OR_PRIMARY,PASS,PASS,PASS,RETAIN,Official/primary source with a recorded finding and no restricted-source/module mismatch.,2026-08-31
PFD-LEG-00759,SUPPORT-P10-BM-005-B,F347,Support / Customer Service,Helpdesk documentation,https://www.odoo.com/documentation/19.0/applications/services/helpdesk.html,OFFICIAL_OR_PRIMARY,PASS,PASS,PASS,RETAIN,Official/primary source with a recorded finding and no restricted-source/module mismatch.,2026-08-31
PFD-LEG-00760,SUPPORT-P10-BM-006-A,F348,Support / Customer Service,Knowledge management,https://www.zendesk.com/service/knowledge/,OFFICIAL_OR_PRIMARY,PASS,PASS,PASS,RETAIN,Official/primary source with a recorded finding and no restricted-source/module mismatch.,2026-08-31
PFD-LEG-00761,SUPPORT-P10-BM-006-B,F348,Support / Customer Service,Web Content Accessibility Guidelines 2.2,https://www.w3.org/TR/WCAG22/,OFFICIAL_OR_PRIMARY,PASS,FAIL,PASS,REMAP_REQUIRED,Platform/security/technology standard is not sufficient as business-feature benchmark evidence.,2026-08-31
PFD-LEG-00762,SUPPORT-P10-BM-007-A,F349,Support / Customer Service,Customer Service Management,https://www.servicenow.com/products/customer-service-management.html,OFFICIAL_OR_PRIMARY,PASS,PASS,PASS,RETAIN,Official/primary source with a recorded finding and no restricted-source/module mismatch.,2026-08-31
PFD-LEG-00763,SUPPORT-P10-BM-007-B,F349,Support / Customer Service,Dynamics 365 Customer Service documentation,https://learn.microsoft.com/en-us/dynamics365/customer-service/,OFFICIAL_OR_PRIMARY,PASS,PASS,PASS,RETAIN,Official/primary source with a recorded finding and no restricted-source/module mismatch.,2026-08-31
PFD-LEG-00764,SUPPORT-P10-BM-008-A,F350,Support / Customer Service,Service Level Agreement overview,https://www.servicenow.com/products/itsm/what-is-sla.html,OFFICIAL_OR_PRIMARY,PASS,PASS,PASS,RETAIN,Official/primary source with a recorded finding and no restricted-source/module mismatch.,2026-08-31
PFD-LEG-00765,SUPPORT-P10-BM-008-B,F350,Support / Customer Service,Unified routing overview,https://learn.microsoft.com/en-us/dynamics365/customer-service/administer/unified-routing,OFFICIAL_OR_PRIMARY,PASS,FAIL,PASS,REMAP_REQUIRED,Platform/security/technology standard is not sufficient as business-feature benchmark evidence.,2026-08-31
PFD-LEG-00766,SUPPORT-P10-BM-009-A,F351,Support / Customer Service,Helpdesk documentation,https://www.odoo.com/documentation/19.0/applications/services/helpdesk.html,OFFICIAL_OR_PRIMARY,PASS,PASS,PASS,RETAIN,Official/primary source with a recorded finding and no restricted-source/module mismatch.,2026-08-31
PFD-LEG-00767,SUPPORT-P10-BM-009-B,F351,Support / Customer Service,Service-level agreements,https://learn.microsoft.com/en-us/dynamics365/customer-service/administer/define-service-level-agreements,OFFICIAL_OR_PRIMARY,PASS,FAIL,PASS,REMAP_REQUIRED,Platform/security/technology standard is not sufficient as business-feature benchmark evidence.,2026-08-31
PFD-LEG-00768,SUPPORT-P10-BM-010-A,F352,Support / Customer Service,Web Content Accessibility Guidelines 2.2,https://www.w3.org/TR/WCAG22/,OFFICIAL_OR_PRIMARY,PASS,FAIL,PASS,REMAP_REQUIRED,Platform/security/technology standard is not sufficient as business-feature benchmark evidence.,2026-08-31
PFD-LEG-00769,SUPPORT-P10-BM-010-B,F352,Support / Customer Service,Ticketing system documentation,https://support.zendesk.com/hc/en-us/categories/4405298749210-Tickets,OFFICIAL_OR_PRIMARY,PASS,PASS,PASS,RETAIN,Official/primary source with a recorded finding and no restricted-source/module mismatch.,2026-08-31
PFD-LEG-00770,SUPPORT-P10-BM-011-A,F353,Support / Customer Service,Dynamics 365 Customer Service documentation,https://learn.microsoft.com/en-us/dynamics365/customer-service/,OFFICIAL_OR_PRIMARY,PASS,PASS,PASS,RETAIN,Official/primary source with a recorded finding and no restricted-source/module mismatch.,2026-08-31
PFD-LEG-00771,SUPPORT-P10-BM-011-B,F353,Support / Customer Service,Email threading and ticket creation,https://support.zendesk.com/hc/en-us/articles/4408843597850-Understanding-how-email-replies-become-ticket-comments,OFFICIAL_OR_PRIMARY,PASS,PASS,PASS,RETAIN,Official/primary source with a recorded finding and no restricted-source/module mismatch.,2026-08-31
PFD-LEG-00772,SUPPORT-P10-BM-012-A,F354,Support / Customer Service,Unified routing overview,https://learn.microsoft.com/en-us/dynamics365/customer-service/administer/unified-routing,OFFICIAL_OR_PRIMARY,PASS,FAIL,PASS,REMAP_REQUIRED,Platform/security/technology standard is not sufficient as business-feature benchmark evidence.,2026-08-31
PFD-LEG-00773,SUPPORT-P10-BM-012-B,F354,Support / Customer Service,Knowledge management,https://www.zendesk.com/service/knowledge/,OFFICIAL_OR_PRIMARY,PASS,PASS,PASS,RETAIN,Official/primary source with a recorded finding and no restricted-source/module mismatch.,2026-08-31
PFD-LEG-00774,SUPPORT-P10-BM-013-A,F355,Support / Customer Service,Service-level agreements,https://learn.microsoft.com/en-us/dynamics365/customer-service/administer/define-service-level-agreements,OFFICIAL_OR_PRIMARY,PASS,FAIL,PASS,REMAP_REQUIRED,Platform/security/technology standard is not sufficient as business-feature benchmark evidence.,2026-08-31
PFD-LEG-00775,SUPPORT-P10-BM-013-B,F355,Support / Customer Service,Customer Service Management,https://www.servicenow.com/products/customer-service-management.html,OFFICIAL_OR_PRIMARY,PASS,PASS,PASS,RETAIN,Official/primary source with a recorded finding and no restricted-source/module mismatch.,2026-08-31
PFD-LEG-00776,SUPPORT-P10-BM-014-A,F356,Support / Customer Service,Ticketing system documentation,https://support.zendesk.com/hc/en-us/categories/4405298749210-Tickets,OFFICIAL_OR_PRIMARY,PASS,PASS,PASS,RETAIN,Official/primary source with a recorded finding and no restricted-source/module mismatch.,2026-08-31
PFD-LEG-00777,SUPPORT-P10-BM-014-B,F356,Support / Customer Service,Service Level Agreement overview,https://www.servicenow.com/products/itsm/what-is-sla.html,OFFICIAL_OR_PRIMARY,PASS,PASS,PASS,RETAIN,Official/primary source with a recorded finding and no restricted-source/module mismatch.,2026-08-31
PFD-LEG-00778,SUPPORT-P10-BM-015-A,F357,Support / Customer Service,Email threading and ticket creation,https://support.zendesk.com/hc/en-us/articles/4408843597850-Understanding-how-email-replies-become-ticket-comments,OFFICIAL_OR_PRIMARY,PASS,PASS,PASS,RETAIN,Official/primary source with a recorded finding and no restricted-source/module mismatch.,2026-08-31
PFD-LEG-00779,SUPPORT-P10-BM-015-B,F357,Support / Customer Service,Helpdesk documentation,https://www.odoo.com/documentation/19.0/applications/services/helpdesk.html,OFFICIAL_OR_PRIMARY,PASS,PASS,PASS,RETAIN,Official/primary source with a recorded finding and no restricted-source/module mismatch.,2026-08-31
PFD-LEG-00780,SUPPORT-P10-BM-016-A,F358,Support / Customer Service,Knowledge management,https://www.zendesk.com/service/knowledge/,OFFICIAL_OR_PRIMARY,PASS,PASS,PASS,RETAIN,Official/primary source with a recorded finding and no restricted-source/module mismatch.,2026-08-31
PFD-LEG-00781,SUPPORT-P10-BM-016-B,F358,Support / Customer Service,Web Content Accessibility Guidelines 2.2,https://www.w3.org/TR/WCAG22/,OFFICIAL_OR_PRIMARY,PASS,FAIL,PASS,REMAP_REQUIRED,Platform/security/technology standard is not sufficient as business-feature benchmark evidence.,2026-08-31
PFD-LEG-00782,SUPPORT-P10-BM-017-A,F359,Support / Customer Service,Customer Service Management,https://www.servicenow.com/products/customer-service-management.html,OFFICIAL_OR_PRIMARY,PASS,PASS,PASS,RETAIN,Official/primary source with a recorded finding and no restricted-source/module mismatch.,2026-08-31
PFD-LEG-00783,SUPPORT-P10-BM-017-B,F359,Support / Customer Service,Dynamics 365 Customer Service documentation,https://learn.microsoft.com/en-us/dynamics365/customer-service/,OFFICIAL_OR_PRIMARY,PASS,PASS,PASS,RETAIN,Official/primary source with a recorded finding and no restricted-source/module mismatch.,2026-08-31
PFD-LEG-00784,SUPPORT-P10-BM-018-A,F360,Support / Customer Service,Service Level Agreement overview,https://www.servicenow.com/products/itsm/what-is-sla.html,OFFICIAL_OR_PRIMARY,PASS,PASS,PASS,RETAIN,Official/primary source with a recorded finding and no restricted-source/module mismatch.,2026-08-31
PFD-LEG-00785,SUPPORT-P10-BM-018-B,F360,Support / Customer Service,Unified routing overview,https://learn.microsoft.com/en-us/dynamics365/customer-service/administer/unified-routing,OFFICIAL_OR_PRIMARY,PASS,FAIL,PASS,REMAP_REQUIRED,Platform/security/technology standard is not sufficient as business-feature benchmark evidence.,2026-08-31
PFD-LEG-00786,SUPPORT-P10-BM-019-A,F361,Support / Customer Service,Helpdesk documentation,https://www.odoo.com/documentation/19.0/applications/services/helpdesk.html,OFFICIAL_OR_PRIMARY,PASS,PASS,PASS,RETAIN,Official/primary source with a recorded finding and no restricted-source/module mismatch.,2026-08-31
PFD-LEG-00787,SUPPORT-P10-BM-019-B,F361,Support / Customer Service,Service-level agreements,https://learn.microsoft.com/en-us/dynamics365/customer-service/administer/define-service-level-agreements,OFFICIAL_OR_PRIMARY,PASS,FAIL,PASS,REMAP_REQUIRED,Platform/security/technology standard is not sufficient as business-feature benchmark evidence.,2026-08-31
PFD-LEG-00788,SUPPORT-P10-BM-020-A,F362,Support / Customer Service,Web Content Accessibility Guidelines 2.2,https://www.w3.org/TR/WCAG22/,OFFICIAL_OR_PRIMARY,PASS,FAIL,PASS,REMAP_REQUIRED,Platform/security/technology standard is not sufficient as business-feature benchmark evidence.,2026-08-31
PFD-LEG-00789,SUPPORT-P10-BM-020-B,F362,Support / Customer Service,Ticketing system documentation,https://support.zendesk.com/hc/en-us/categories/4405298749210-Tickets,OFFICIAL_OR_PRIMARY,PASS,PASS,PASS,RETAIN,Official/primary source with a recorded finding and no restricted-source/module mismatch.,2026-08-31
PFD-LEG-00790,SUPPORT-P10-BM-021-A,F363,Support / Customer Service,Dynamics 365 Customer Service documentation,https://learn.microsoft.com/en-us/dynamics365/customer-service/,OFFICIAL_OR_PRIMARY,PASS,PASS,PASS,RETAIN,Official/primary source with a recorded finding and no restricted-source/module mismatch.,2026-08-31
PFD-LEG-00791,SUPPORT-P10-BM-021-B,F363,Support / Customer Service,Email threading and ticket creation,https://support.zendesk.com/hc/en-us/articles/4408843597850-Understanding-how-email-replies-become-ticket-comments,OFFICIAL_OR_PRIMARY,PASS,PASS,PASS,RETAIN,Official/primary source with a recorded finding and no restricted-source/module mismatch.,2026-08-31
PFD-LEG-00792,SUPPORT-P10-BM-022-A,F364,Support / Customer Service,Unified routing overview,https://learn.microsoft.com/en-us/dynamics365/customer-service/administer/unified-routing,OFFICIAL_OR_PRIMARY,PASS,FAIL,PASS,REMAP_REQUIRED,Platform/security/technology standard is not sufficient as business-feature benchmark evidence.,2026-08-31
PFD-LEG-00793,SUPPORT-P10-BM-022-B,F364,Support / Customer Service,Knowledge management,https://www.zendesk.com/service/knowledge/,OFFICIAL_OR_PRIMARY,PASS,PASS,PASS,RETAIN,Official/primary source with a recorded finding and no restricted-source/module mismatch.,2026-08-31
PFD-LEG-00794,SUPPORT-P10-BM-023-A,F365,Support / Customer Service,Service-level agreements,https://learn.microsoft.com/en-us/dynamics365/customer-service/administer/define-service-level-agreements,OFFICIAL_OR_PRIMARY,PASS,FAIL,PASS,REMAP_REQUIRED,Platform/security/technology standard is not sufficient as business-feature benchmark evidence.,2026-08-31
PFD-LEG-00795,SUPPORT-P10-BM-023-B,F365,Support / Customer Service,Customer Service Management,https://www.servicenow.com/products/customer-service-management.html,OFFICIAL_OR_PRIMARY,PASS,PASS,PASS,RETAIN,Official/primary source with a recorded finding and no restricted-source/module mismatch.,2026-08-31
PFD-LEG-00796,SUPPORT-P10-BM-024-A,F366,Support / Customer Service,Ticketing system documentation,https://support.zendesk.com/hc/en-us/categories/4405298749210-Tickets,OFFICIAL_OR_PRIMARY,PASS,PASS,PASS,RETAIN,Official/primary source with a recorded finding and no restricted-source/module mismatch.,2026-08-31
PFD-LEG-00797,SUPPORT-P10-BM-024-B,F366,Support / Customer Service,Service Level Agreement overview,https://www.servicenow.com/products/itsm/what-is-sla.html,OFFICIAL_OR_PRIMARY,PASS,PASS,PASS,RETAIN,Official/primary source with a recorded finding and no restricted-source/module mismatch.,2026-08-31
PFD-LEG-00798,SUPPORT-P10-BM-025-A,F367,Support / Customer Service,Email threading and ticket creation,https://support.zendesk.com/hc/en-us/articles/4408843597850-Understanding-how-email-replies-become-ticket-comments,OFFICIAL_OR_PRIMARY,PASS,PASS,PASS,RETAIN,Official/primary source with a recorded finding and no restricted-source/module mismatch.,2026-08-31
PFD-LEG-00799,SUPPORT-P10-BM-025-B,F367,Support / Customer Service,Helpdesk documentation,https://www.odoo.com/documentation/19.0/applications/services/helpdesk.html,OFFICIAL_OR_PRIMARY,PASS,PASS,PASS,RETAIN,Official/primary source with a recorded finding and no restricted-source/module mismatch.,2026-08-31
PFD-LEG-00800,SUPPORT-P10-BM-026-A,F368,Support / Customer Service,Knowledge management,https://www.zendesk.com/service/knowledge/,OFFICIAL_OR_PRIMARY,PASS,PASS,PASS,RETAIN,Official/primary source with a recorded finding and no restricted-source/module mismatch.,2026-08-31
PFD-LEG-00801,SUPPORT-P10-BM-026-B,F368,Support / Customer Service,Web Content Accessibility Guidelines 2.2,https://www.w3.org/TR/WCAG22/,OFFICIAL_OR_PRIMARY,PASS,FAIL,PASS,REMAP_REQUIRED,Platform/security/technology standard is not sufficient as business-feature benchmark evidence.,2026-08-31
PFD-LEG-00802,SUPPORT-P10-BM-027-A,F369,Support / Customer Service,Customer Service Management,https://www.servicenow.com/products/customer-service-management.html,OFFICIAL_OR_PRIMARY,PASS,PASS,PASS,RETAIN,Official/primary source with a recorded finding and no restricted-source/module mismatch.,2026-08-31
PFD-LEG-00803,SUPPORT-P10-BM-027-B,F369,Support / Customer Service,Dynamics 365 Customer Service documentation,https://learn.microsoft.com/en-us/dynamics365/customer-service/,OFFICIAL_OR_PRIMARY,PASS,PASS,PASS,RETAIN,Official/primary source with a recorded finding and no restricted-source/module mismatch.,2026-08-31
PFD-LEG-00804,SUPPORT-P10-BM-028-A,F370,Support / Customer Service,Service Level Agreement overview,https://www.servicenow.com/products/itsm/what-is-sla.html,OFFICIAL_OR_PRIMARY,PASS,PASS,PASS,RETAIN,Official/primary source with a recorded finding and no restricted-source/module mismatch.,2026-08-31
PFD-LEG-00805,SUPPORT-P10-BM-028-B,F370,Support / Customer Service,Unified routing overview,https://learn.microsoft.com/en-us/dynamics365/customer-service/administer/unified-routing,OFFICIAL_OR_PRIMARY,PASS,FAIL,PASS,REMAP_REQUIRED,Platform/security/technology standard is not sufficient as business-feature benchmark evidence.,2026-08-31
PFD-LEG-00806,SUPPORT-P10-BM-029-A,F371,Support / Customer Service,Helpdesk documentation,https://www.odoo.com/documentation/19.0/applications/services/helpdesk.html,OFFICIAL_OR_PRIMARY,PASS,PASS,PASS,RETAIN,Official/primary source with a recorded finding and no restricted-source/module mismatch.,2026-08-31
PFD-LEG-00807,SUPPORT-P10-BM-029-B,F371,Support / Customer Service,Service-level agreements,https://learn.microsoft.com/en-us/dynamics365/customer-service/administer/define-service-level-agreements,OFFICIAL_OR_PRIMARY,PASS,FAIL,PASS,REMAP_REQUIRED,Platform/security/technology standard is not sufficient as business-feature benchmark evidence.,2026-08-31
PFD-LEG-00808,SUPPORT-P10-BM-030-A,F372,Support / Customer Service,Web Content Accessibility Guidelines 2.2,https://www.w3.org/TR/WCAG22/,OFFICIAL_OR_PRIMARY,PASS,FAIL,PASS,REMAP_REQUIRED,Platform/security/technology standard is not sufficient as business-feature benchmark evidence.,2026-08-31
PFD-LEG-00809,SUPPORT-P10-BM-030-B,F372,Support / Customer Service,Ticketing system documentation,https://support.zendesk.com/hc/en-us/categories/4405298749210-Tickets,OFFICIAL_OR_PRIMARY,PASS,PASS,PASS,RETAIN,Official/primary source with a recorded finding and no restricted-source/module mismatch.,2026-08-31
PFD-LEG-00810,SUPPORT-P10-BM-031-A,F373,Support / Customer Service,Dynamics 365 Customer Service documentation,https://learn.microsoft.com/en-us/dynamics365/customer-service/,OFFICIAL_OR_PRIMARY,PASS,PASS,PASS,RETAIN,Official/primary source with a recorded finding and no restricted-source/module mismatch.,2026-08-31
PFD-LEG-00811,SUPPORT-P10-BM-031-B,F373,Support / Customer Service,Email threading and ticket creation,https://support.zendesk.com/hc/en-us/articles/4408843597850-Understanding-how-email-replies-become-ticket-comments,OFFICIAL_OR_PRIMARY,PASS,PASS,PASS,RETAIN,Official/primary source with a recorded finding and no restricted-source/module mismatch.,2026-08-31
PFD-LEG-00812,SUPPORT-P10-BM-032-A,F374,Support / Customer Service,Unified routing overview,https://learn.microsoft.com/en-us/dynamics365/customer-service/administer/unified-routing,OFFICIAL_OR_PRIMARY,PASS,FAIL,PASS,REMAP_REQUIRED,Platform/security/technology standard is not sufficient as business-feature benchmark evidence.,2026-08-31
PFD-LEG-00813,SUPPORT-P10-BM-032-B,F374,Support / Customer Service,Knowledge management,https://www.zendesk.com/service/knowledge/,OFFICIAL_OR_PRIMARY,PASS,PASS,PASS,RETAIN,Official/primary source with a recorded finding and no restricted-source/module mismatch.,2026-08-31
PFD-LEG-00814,SUPPORT-P10-BM-033-A,F375,Support / Customer Service,Service-level agreements,https://learn.microsoft.com/en-us/dynamics365/customer-service/administer/define-service-level-agreements,OFFICIAL_OR_PRIMARY,PASS,FAIL,PASS,REMAP_REQUIRED,Platform/security/technology standard is not sufficient as business-feature benchmark evidence.,2026-08-31
PFD-LEG-00815,SUPPORT-P10-BM-033-B,F375,Support / Customer Service,Customer Service Management,https://www.servicenow.com/products/customer-service-management.html,OFFICIAL_OR_PRIMARY,PASS,PASS,PASS,RETAIN,Official/primary source with a recorded finding and no restricted-source/module mismatch.,2026-08-31
PFD-LEG-00816,SUPPORT-P10-BM-034-A,F376,Support / Customer Service,Ticketing system documentation,https://support.zendesk.com/hc/en-us/categories/4405298749210-Tickets,OFFICIAL_OR_PRIMARY,PASS,PASS,PASS,RETAIN,Official/primary source with a recorded finding and no restricted-source/module mismatch.,2026-08-31
PFD-LEG-00817,SUPPORT-P10-BM-034-B,F376,Support / Customer Service,Service Level Agreement overview,https://www.servicenow.com/products/itsm/what-is-sla.html,OFFICIAL_OR_PRIMARY,PASS,PASS,PASS,RETAIN,Official/primary source with a recorded finding and no restricted-source/module mismatch.,2026-08-31
PFD-LEG-00818,SUPPORT-P10-BM-035-A,F377,Support / Customer Service,Email threading and ticket creation,https://support.zendesk.com/hc/en-us/articles/4408843597850-Understanding-how-email-replies-become-ticket-comments,OFFICIAL_OR_PRIMARY,PASS,PASS,PASS,RETAIN,Official/primary source with a recorded finding and no restricted-source/module mismatch.,2026-08-31
PFD-LEG-00819,SUPPORT-P10-BM-035-B,F377,Support / Customer Service,Helpdesk documentation,https://www.odoo.com/documentation/19.0/applications/services/helpdesk.html,OFFICIAL_OR_PRIMARY,PASS,PASS,PASS,RETAIN,Official/primary source with a recorded finding and no restricted-source/module mismatch.,2026-08-31
PFD-LEG-00820,SUPPORT-P10-BM-036-A,F378,Support / Customer Service,Knowledge management,https://www.zendesk.com/service/knowledge/,OFFICIAL_OR_PRIMARY,PASS,PASS,PASS,RETAIN,Official/primary source with a recorded finding and no restricted-source/module mismatch.,2026-08-31
PFD-LEG-00821,SUPPORT-P10-BM-036-B,F378,Support / Customer Service,Web Content Accessibility Guidelines 2.2,https://www.w3.org/TR/WCAG22/,OFFICIAL_OR_PRIMARY,PASS,FAIL,PASS,REMAP_REQUIRED,Platform/security/technology standard is not sufficient as business-feature benchmark evidence.,2026-08-31
PFD-LEG-00822,SUPPORT-P10-BM-037-A,F379,Support / Customer Service,Customer Service Management,https://www.servicenow.com/products/customer-service-management.html,OFFICIAL_OR_PRIMARY,PASS,PASS,PASS,RETAIN,Official/primary source with a recorded finding and no restricted-source/module mismatch.,2026-08-31
PFD-LEG-00823,SUPPORT-P10-BM-037-B,F379,Support / Customer Service,Dynamics 365 Customer Service documentation,https://learn.microsoft.com/en-us/dynamics365/customer-service/,OFFICIAL_OR_PRIMARY,PASS,PASS,PASS,RETAIN,Official/primary source with a recorded finding and no restricted-source/module mismatch.,2026-08-31
PFD-LEG-00824,SUPPORT-P10-BM-038-A,F380,Support / Customer Service,Service Level Agreement overview,https://www.servicenow.com/products/itsm/what-is-sla.html,OFFICIAL_OR_PRIMARY,PASS,PASS,PASS,RETAIN,Official/primary source with a recorded finding and no restricted-source/module mismatch.,2026-08-31
PFD-LEG-00825,SUPPORT-P10-BM-038-B,F380,Support / Customer Service,Unified routing overview,https://learn.microsoft.com/en-us/dynamics365/customer-service/administer/unified-routing,OFFICIAL_OR_PRIMARY,PASS,FAIL,PASS,REMAP_REQUIRED,Platform/security/technology standard is not sufficient as business-feature benchmark evidence.,2026-08-31
PFD-LEG-00826,HR-P11-BM-001-A,F381,HR & Payroll,Dynamics 365 Human Resources documentation,https://learn.microsoft.com/en-us/dynamics365/human-resources/,OFFICIAL_OR_PRIMARY,PASS,PASS,PASS,RETAIN,Official/primary source with a recorded finding and no restricted-source/module mismatch.,2026-08-31
PFD-LEG-00827,HR-P11-BM-001-B,F381,HR & Payroll,Odoo 19 Human Resources documentation,https://www.odoo.com/documentation/19.0/applications/hr.html,OFFICIAL_OR_PRIMARY,PASS,PASS,PASS,RETAIN,Official/primary source with a recorded finding and no restricted-source/module mismatch.,2026-08-31
PFD-LEG-00828,HR-P11-BM-002-A,F382,HR & Payroll,Oracle Fusion Cloud HCM documentation,https://docs.oracle.com/en/cloud/saas/human-resources/,OFFICIAL_OR_PRIMARY,PASS,PASS,PASS,RETAIN,Official/primary source with a recorded finding and no restricted-source/module mismatch.,2026-08-31
PFD-LEG-00829,HR-P11-BM-002-B,F382,HR & Payroll,Dynamics 365 Human Resources documentation,https://learn.microsoft.com/en-us/dynamics365/human-resources/,OFFICIAL_OR_PRIMARY,PASS,PASS,PASS,RETAIN,Official/primary source with a recorded finding and no restricted-source/module mismatch.,2026-08-31
PFD-LEG-00830,HR-P11-BM-003-A,F383,HR & Payroll,Odoo 19 Human Resources documentation,https://www.odoo.com/documentation/19.0/applications/hr.html,OFFICIAL_OR_PRIMARY,PASS,PASS,PASS,RETAIN,Official/primary source with a recorded finding and no restricted-source/module mismatch.,2026-08-31
PFD-LEG-00831,HR-P11-BM-003-B,F383,HR & Payroll,Oracle Fusion Cloud HCM documentation,https://docs.oracle.com/en/cloud/saas/human-resources/,OFFICIAL_OR_PRIMARY,PASS,PASS,PASS,RETAIN,Official/primary source with a recorded finding and no restricted-source/module mismatch.,2026-08-31
PFD-LEG-00832,HR-P11-BM-004-A,F384,HR & Payroll,Dynamics 365 Human Resources documentation,https://learn.microsoft.com/en-us/dynamics365/human-resources/,OFFICIAL_OR_PRIMARY,PASS,PASS,PASS,RETAIN,Official/primary source with a recorded finding and no restricted-source/module mismatch.,2026-08-31
PFD-LEG-00833,HR-P11-BM-004-B,F384,HR & Payroll,Odoo 19 Human Resources documentation,https://www.odoo.com/documentation/19.0/applications/hr.html,OFFICIAL_OR_PRIMARY,PASS,PASS,PASS,RETAIN,Official/primary source with a recorded finding and no restricted-source/module mismatch.,2026-08-31
PFD-LEG-00834,HR-P11-BM-005-A,F385,HR & Payroll,Oracle Fusion Cloud HCM documentation,https://docs.oracle.com/en/cloud/saas/human-resources/,OFFICIAL_OR_PRIMARY,PASS,PASS,PASS,RETAIN,Official/primary source with a recorded finding and no restricted-source/module mismatch.,2026-08-31
PFD-LEG-00835,HR-P11-BM-005-B,F385,HR & Payroll,Dynamics 365 Human Resources documentation,https://learn.microsoft.com/en-us/dynamics365/human-resources/,OFFICIAL_OR_PRIMARY,PASS,PASS,PASS,RETAIN,Official/primary source with a recorded finding and no restricted-source/module mismatch.,2026-08-31
PFD-LEG-00836,HR-P11-BM-006-A,F386,HR & Payroll,Odoo 19 Human Resources documentation,https://www.odoo.com/documentation/19.0/applications/hr.html,OFFICIAL_OR_PRIMARY,PASS,PASS,PASS,RETAIN,Official/primary source with a recorded finding and no restricted-source/module mismatch.,2026-08-31
PFD-LEG-00837,HR-P11-BM-006-B,F386,HR & Payroll,Oracle Fusion Cloud HCM documentation,https://docs.oracle.com/en/cloud/saas/human-resources/,OFFICIAL_OR_PRIMARY,PASS,PASS,PASS,RETAIN,Official/primary source with a recorded finding and no restricted-source/module mismatch.,2026-08-31
PFD-LEG-00838,HR-P11-BM-007-A,F387,HR & Payroll,Dynamics 365 Human Resources documentation,https://learn.microsoft.com/en-us/dynamics365/human-resources/,OFFICIAL_OR_PRIMARY,PASS,PASS,PASS,RETAIN,Official/primary source with a recorded finding and no restricted-source/module mismatch.,2026-08-31
PFD-LEG-00839,HR-P11-BM-007-B,F387,HR & Payroll,Odoo 19 Human Resources documentation,https://www.odoo.com/documentation/19.0/applications/hr.html,OFFICIAL_OR_PRIMARY,PASS,PASS,PASS,RETAIN,Official/primary source with a recorded finding and no restricted-source/module mismatch.,2026-08-31
PFD-LEG-00840,HR-P11-BM-008-A,F388,HR & Payroll,Oracle Fusion Cloud HCM documentation,https://docs.oracle.com/en/cloud/saas/human-resources/,OFFICIAL_OR_PRIMARY,PASS,PASS,PASS,RETAIN,Official/primary source with a recorded finding and no restricted-source/module mismatch.,2026-08-31
PFD-LEG-00841,HR-P11-BM-008-B,F388,HR & Payroll,Web Content Accessibility Guidelines 2.2,https://www.w3.org/TR/WCAG22/,OFFICIAL_OR_PRIMARY,PASS,FAIL,PASS,REMAP_REQUIRED,Platform/security/technology standard is not sufficient as business-feature benchmark evidence.,2026-08-31
PFD-LEG-00842,HR-P11-BM-009-A,F389,HR & Payroll,Odoo 19 Human Resources documentation,https://www.odoo.com/documentation/19.0/applications/hr.html,OFFICIAL_OR_PRIMARY,PASS,PASS,PASS,RETAIN,Official/primary source with a recorded finding and no restricted-source/module mismatch.,2026-08-31
PFD-LEG-00843,HR-P11-BM-009-B,F389,HR & Payroll,Oracle Fusion Cloud HCM documentation,https://docs.oracle.com/en/cloud/saas/human-resources/,OFFICIAL_OR_PRIMARY,PASS,PASS,PASS,RETAIN,Official/primary source with a recorded finding and no restricted-source/module mismatch.,2026-08-31
PFD-LEG-00844,HR-P11-BM-010-A,F390,HR & Payroll,Dynamics 365 Human Resources documentation,https://learn.microsoft.com/en-us/dynamics365/human-resources/,OFFICIAL_OR_PRIMARY,PASS,PASS,PASS,RETAIN,Official/primary source with a recorded finding and no restricted-source/module mismatch.,2026-08-31
PFD-LEG-00845,HR-P11-BM-010-B,F390,HR & Payroll,Odoo 19 Human Resources documentation,https://www.odoo.com/documentation/19.0/applications/hr.html,OFFICIAL_OR_PRIMARY,PASS,PASS,PASS,RETAIN,Official/primary source with a recorded finding and no restricted-source/module mismatch.,2026-08-31
PFD-LEG-00846,HR-P11-BM-011-A,F391,HR & Payroll,Oracle Fusion Cloud HCM documentation,https://docs.oracle.com/en/cloud/saas/human-resources/,OFFICIAL_OR_PRIMARY,PASS,PASS,PASS,RETAIN,Official/primary source with a recorded finding and no restricted-source/module mismatch.,2026-08-31
PFD-LEG-00847,HR-P11-BM-011-B,F391,HR & Payroll,Dynamics 365 Human Resources documentation,https://learn.microsoft.com/en-us/dynamics365/human-resources/,OFFICIAL_OR_PRIMARY,PASS,PASS,PASS,RETAIN,Official/primary source with a recorded finding and no restricted-source/module mismatch.,2026-08-31
PFD-LEG-00848,HR-P11-BM-012-A,F392,HR & Payroll,Odoo 19 Human Resources documentation,https://www.odoo.com/documentation/19.0/applications/hr.html,OFFICIAL_OR_PRIMARY,PASS,PASS,PASS,RETAIN,Official/primary source with a recorded finding and no restricted-source/module mismatch.,2026-08-31
PFD-LEG-00849,HR-P11-BM-012-B,F392,HR & Payroll,Oracle Fusion Cloud HCM documentation,https://docs.oracle.com/en/cloud/saas/human-resources/,OFFICIAL_OR_PRIMARY,PASS,PASS,PASS,RETAIN,Official/primary source with a recorded finding and no restricted-source/module mismatch.,2026-08-31
PFD-LEG-00850,HR-P11-BM-013-A,F393,HR & Payroll,Dynamics 365 Human Resources documentation,https://learn.microsoft.com/en-us/dynamics365/human-resources/,OFFICIAL_OR_PRIMARY,PASS,PASS,PASS,RETAIN,Official/primary source with a recorded finding and no restricted-source/module mismatch.,2026-08-31
PFD-LEG-00851,HR-P11-BM-013-B,F393,HR & Payroll,Odoo 19 Human Resources documentation,https://www.odoo.com/documentation/19.0/applications/hr.html,OFFICIAL_OR_PRIMARY,PASS,PASS,PASS,RETAIN,Official/primary source with a recorded finding and no restricted-source/module mismatch.,2026-08-31
PFD-LEG-00852,HR-P11-BM-014-A,F394,HR & Payroll,Oracle Fusion Cloud HCM documentation,https://docs.oracle.com/en/cloud/saas/human-resources/,OFFICIAL_OR_PRIMARY,PASS,PASS,PASS,RETAIN,Official/primary source with a recorded finding and no restricted-source/module mismatch.,2026-08-31
PFD-LEG-00853,HR-P11-BM-014-B,F394,HR & Payroll,Dynamics 365 Human Resources documentation,https://learn.microsoft.com/en-us/dynamics365/human-resources/,OFFICIAL_OR_PRIMARY,PASS,PASS,PASS,RETAIN,Official/primary source with a recorded finding and no restricted-source/module mismatch.,2026-08-31
PFD-LEG-00854,HR-P11-BM-015-A,F395,HR & Payroll,Odoo 19 Human Resources documentation,https://www.odoo.com/documentation/19.0/applications/hr.html,OFFICIAL_OR_PRIMARY,PASS,PASS,PASS,RETAIN,Official/primary source with a recorded finding and no restricted-source/module mismatch.,2026-08-31
PFD-LEG-00855,HR-P11-BM-015-B,F395,HR & Payroll,Oracle Fusion Cloud HCM documentation,https://docs.oracle.com/en/cloud/saas/human-resources/,OFFICIAL_OR_PRIMARY,PASS,PASS,PASS,RETAIN,Official/primary source with a recorded finding and no restricted-source/module mismatch.,2026-08-31
PFD-LEG-00856,HR-P11-BM-016-A,F396,HR & Payroll,Dynamics 365 Human Resources documentation,https://learn.microsoft.com/en-us/dynamics365/human-resources/,OFFICIAL_OR_PRIMARY,PASS,PASS,PASS,RETAIN,Official/primary source with a recorded finding and no restricted-source/module mismatch.,2026-08-31
PFD-LEG-00857,HR-P11-BM-016-B,F396,HR & Payroll,Web Content Accessibility Guidelines 2.2,https://www.w3.org/TR/WCAG22/,OFFICIAL_OR_PRIMARY,PASS,FAIL,PASS,REMAP_REQUIRED,Platform/security/technology standard is not sufficient as business-feature benchmark evidence.,2026-08-31
PFD-LEG-00858,HR-P11-BM-017-A,F397,HR & Payroll,Oracle Fusion Cloud HCM documentation,https://docs.oracle.com/en/cloud/saas/human-resources/,OFFICIAL_OR_PRIMARY,PASS,PASS,PASS,RETAIN,Official/primary source with a recorded finding and no restricted-source/module mismatch.,2026-08-31
PFD-LEG-00859,HR-P11-BM-017-B,F397,HR & Payroll,Dynamics 365 Human Resources documentation,https://learn.microsoft.com/en-us/dynamics365/human-resources/,OFFICIAL_OR_PRIMARY,PASS,PASS,PASS,RETAIN,Official/primary source with a recorded finding and no restricted-source/module mismatch.,2026-08-31
PFD-LEG-00860,HR-P11-BM-018-A,F398,HR & Payroll,Odoo 19 Human Resources documentation,https://www.odoo.com/documentation/19.0/applications/hr.html,OFFICIAL_OR_PRIMARY,PASS,PASS,PASS,RETAIN,Official/primary source with a recorded finding and no restricted-source/module mismatch.,2026-08-31
PFD-LEG-00861,HR-P11-BM-018-B,F398,HR & Payroll,Oracle Fusion Cloud HCM documentation,https://docs.oracle.com/en/cloud/saas/human-resources/,OFFICIAL_OR_PRIMARY,PASS,PASS,PASS,RETAIN,Official/primary source with a recorded finding and no restricted-source/module mismatch.,2026-08-31
PFD-LEG-00862,HR-P11-BM-019-A,F399,HR & Payroll,Dynamics 365 Human Resources documentation,https://learn.microsoft.com/en-us/dynamics365/human-resources/,OFFICIAL_OR_PRIMARY,PASS,PASS,PASS,RETAIN,Official/primary source with a recorded finding and no restricted-source/module mismatch.,2026-08-31
PFD-LEG-00863,HR-P11-BM-019-B,F399,HR & Payroll,Odoo 19 Human Resources documentation,https://www.odoo.com/documentation/19.0/applications/hr.html,OFFICIAL_OR_PRIMARY,PASS,PASS,PASS,RETAIN,Official/primary source with a recorded finding and no restricted-source/module mismatch.,2026-08-31
PFD-LEG-00864,HR-P11-BM-020-A,F400,HR & Payroll,Oracle Fusion Cloud HCM documentation,https://docs.oracle.com/en/cloud/saas/human-resources/,OFFICIAL_OR_PRIMARY,PASS,PASS,PASS,RETAIN,Official/primary source with a recorded finding and no restricted-source/module mismatch.,2026-08-31
PFD-LEG-00865,HR-P11-BM-020-B,F400,HR & Payroll,Dynamics 365 Human Resources documentation,https://learn.microsoft.com/en-us/dynamics365/human-resources/,OFFICIAL_OR_PRIMARY,PASS,PASS,PASS,RETAIN,Official/primary source with a recorded finding and no restricted-source/module mismatch.,2026-08-31
PFD-LEG-00866,HR-P11-BM-021-A,F401,HR & Payroll,Odoo 19 Human Resources documentation,https://www.odoo.com/documentation/19.0/applications/hr.html,OFFICIAL_OR_PRIMARY,PASS,PASS,PASS,RETAIN,Official/primary source with a recorded finding and no restricted-source/module mismatch.,2026-08-31
PFD-LEG-00867,HR-P11-BM-021-B,F401,HR & Payroll,Oracle Fusion Cloud HCM documentation,https://docs.oracle.com/en/cloud/saas/human-resources/,OFFICIAL_OR_PRIMARY,PASS,PASS,PASS,RETAIN,Official/primary source with a recorded finding and no restricted-source/module mismatch.,2026-08-31
PFD-LEG-00868,HR-P11-BM-022-A,F402,HR & Payroll,Dynamics 365 Human Resources documentation,https://learn.microsoft.com/en-us/dynamics365/human-resources/,OFFICIAL_OR_PRIMARY,PASS,PASS,PASS,RETAIN,Official/primary source with a recorded finding and no restricted-source/module mismatch.,2026-08-31
PFD-LEG-00869,HR-P11-BM-022-B,F402,HR & Payroll,Odoo 19 Human Resources documentation,https://www.odoo.com/documentation/19.0/applications/hr.html,OFFICIAL_OR_PRIMARY,PASS,PASS,PASS,RETAIN,Official/primary source with a recorded finding and no restricted-source/module mismatch.,2026-08-31
PFD-LEG-00870,HR-P11-BM-023-A,F403,HR & Payroll,Oracle Fusion Cloud HCM documentation,https://docs.oracle.com/en/cloud/saas/human-resources/,OFFICIAL_OR_PRIMARY,PASS,PASS,PASS,RETAIN,Official/primary source with a recorded finding and no restricted-source/module mismatch.,2026-08-31
PFD-LEG-00871,HR-P11-BM-023-B,F403,HR & Payroll,Dynamics 365 Human Resources documentation,https://learn.microsoft.com/en-us/dynamics365/human-resources/,OFFICIAL_OR_PRIMARY,PASS,PASS,PASS,RETAIN,Official/primary source with a recorded finding and no restricted-source/module mismatch.,2026-08-31
PFD-LEG-00872,HR-P11-BM-024-A,F404,HR & Payroll,Odoo 19 Human Resources documentation,https://www.odoo.com/documentation/19.0/applications/hr.html,OFFICIAL_OR_PRIMARY,PASS,PASS,PASS,RETAIN,Official/primary source with a recorded finding and no restricted-source/module mismatch.,2026-08-31
PFD-LEG-00873,HR-P11-BM-024-B,F404,HR & Payroll,Oracle Fusion Cloud HCM documentation,https://docs.oracle.com/en/cloud/saas/human-resources/,OFFICIAL_OR_PRIMARY,PASS,PASS,PASS,RETAIN,Official/primary source with a recorded finding and no restricted-source/module mismatch.,2026-08-31
PFD-LEG-00874,HR-P11-BM-025-A,F405,HR & Payroll,Dynamics 365 Human Resources documentation,https://learn.microsoft.com/en-us/dynamics365/human-resources/,OFFICIAL_OR_PRIMARY,PASS,PASS,PASS,RETAIN,Official/primary source with a recorded finding and no restricted-source/module mismatch.,2026-08-31
PFD-LEG-00875,HR-P11-BM-025-B,F405,HR & Payroll,Odoo 19 Human Resources documentation,https://www.odoo.com/documentation/19.0/applications/hr.html,OFFICIAL_OR_PRIMARY,PASS,PASS,PASS,RETAIN,Official/primary source with a recorded finding and no restricted-source/module mismatch.,2026-08-31
PFD-LEG-00876,HR-P11-BM-026-A,F406,HR & Payroll,Oracle Fusion Cloud HCM documentation,https://docs.oracle.com/en/cloud/saas/human-resources/,OFFICIAL_OR_PRIMARY,PASS,PASS,PASS,RETAIN,Official/primary source with a recorded finding and no restricted-source/module mismatch.,2026-08-31
PFD-LEG-00877,HR-P11-BM-026-B,F406,HR & Payroll,Dynamics 365 Human Resources documentation,https://learn.microsoft.com/en-us/dynamics365/human-resources/,OFFICIAL_OR_PRIMARY,PASS,PASS,PASS,RETAIN,Official/primary source with a recorded finding and no restricted-source/module mismatch.,2026-08-31
PFD-LEG-00878,HR-P11-BM-027-A,F407,HR & Payroll,Odoo 19 Human Resources documentation,https://www.odoo.com/documentation/19.0/applications/hr.html,OFFICIAL_OR_PRIMARY,PASS,PASS,PASS,RETAIN,Official/primary source with a recorded finding and no restricted-source/module mismatch.,2026-08-31
PFD-LEG-00879,HR-P11-BM-027-B,F407,HR & Payroll,Oracle Fusion Cloud HCM documentation,https://docs.oracle.com/en/cloud/saas/human-resources/,OFFICIAL_OR_PRIMARY,PASS,PASS,PASS,RETAIN,Official/primary source with a recorded finding and no restricted-source/module mismatch.,2026-08-31
PFD-LEG-00880,HR-P11-BM-028-A,F408,HR & Payroll,Dynamics 365 Human Resources documentation,https://learn.microsoft.com/en-us/dynamics365/human-resources/,OFFICIAL_OR_PRIMARY,PASS,PASS,PASS,RETAIN,Official/primary source with a recorded finding and no restricted-source/module mismatch.,2026-08-31
PFD-LEG-00881,HR-P11-BM-028-B,F408,HR & Payroll,Odoo 19 Human Resources documentation,https://www.odoo.com/documentation/19.0/applications/hr.html,OFFICIAL_OR_PRIMARY,PASS,PASS,PASS,RETAIN,Official/primary source with a recorded finding and no restricted-source/module mismatch.,2026-08-31
PFD-LEG-00882,HR-P11-BM-029-A,F409,HR & Payroll,Oracle Fusion Cloud HCM documentation,https://docs.oracle.com/en/cloud/saas/human-resources/,OFFICIAL_OR_PRIMARY,PASS,PASS,PASS,RETAIN,Official/primary source with a recorded finding and no restricted-source/module mismatch.,2026-08-31
PFD-LEG-00883,HR-P11-BM-029-B,F409,HR & Payroll,Dynamics 365 Human Resources documentation,https://learn.microsoft.com/en-us/dynamics365/human-resources/,OFFICIAL_OR_PRIMARY,PASS,PASS,PASS,RETAIN,Official/primary source with a recorded finding and no restricted-source/module mismatch.,2026-08-31
PFD-LEG-00884,HR-P11-BM-030-A,F410,HR & Payroll,Odoo 19 Human Resources documentation,https://www.odoo.com/documentation/19.0/applications/hr.html,OFFICIAL_OR_PRIMARY,PASS,PASS,PASS,RETAIN,Official/primary source with a recorded finding and no restricted-source/module mismatch.,2026-08-31
PFD-LEG-00885,HR-P11-BM-030-B,F410,HR & Payroll,Oracle Fusion Cloud HCM documentation,https://docs.oracle.com/en/cloud/saas/human-resources/,OFFICIAL_OR_PRIMARY,PASS,PASS,PASS,RETAIN,Official/primary source with a recorded finding and no restricted-source/module mismatch.,2026-08-31
PFD-LEG-00886,HR-P11-BM-031-A,F411,HR & Payroll,Dynamics 365 Human Resources documentation,https://learn.microsoft.com/en-us/dynamics365/human-resources/,OFFICIAL_OR_PRIMARY,PASS,PASS,PASS,RETAIN,Official/primary source with a recorded finding and no restricted-source/module mismatch.,2026-08-31
PFD-LEG-00887,HR-P11-BM-031-B,F411,HR & Payroll,Odoo 19 Human Resources documentation,https://www.odoo.com/documentation/19.0/applications/hr.html,OFFICIAL_OR_PRIMARY,PASS,PASS,PASS,RETAIN,Official/primary source with a recorded finding and no restricted-source/module mismatch.,2026-08-31
PFD-LEG-00888,HR-P11-BM-032-A,F412,HR & Payroll,Oracle Fusion Cloud HCM documentation,https://docs.oracle.com/en/cloud/saas/human-resources/,OFFICIAL_OR_PRIMARY,PASS,PASS,PASS,RETAIN,Official/primary source with a recorded finding and no restricted-source/module mismatch.,2026-08-31
PFD-LEG-00889,HR-P11-BM-032-B,F412,HR & Payroll,Dynamics 365 Human Resources documentation,https://learn.microsoft.com/en-us/dynamics365/human-resources/,OFFICIAL_OR_PRIMARY,PASS,PASS,PASS,RETAIN,Official/primary source with a recorded finding and no restricted-source/module mismatch.,2026-08-31
PFD-LEG-00890,HR-P11-BM-033-A,F413,HR & Payroll,Odoo 19 Human Resources documentation,https://www.odoo.com/documentation/19.0/applications/hr.html,OFFICIAL_OR_PRIMARY,PASS,PASS,PASS,RETAIN,Official/primary source with a recorded finding and no restricted-source/module mismatch.,2026-08-31
PFD-LEG-00891,HR-P11-BM-033-B,F413,HR & Payroll,Oracle Fusion Cloud HCM documentation,https://docs.oracle.com/en/cloud/saas/human-resources/,OFFICIAL_OR_PRIMARY,PASS,PASS,PASS,RETAIN,Official/primary source with a recorded finding and no restricted-source/module mismatch.,2026-08-31
PFD-LEG-00892,HR-P11-BM-034-A,F414,HR & Payroll,Dynamics 365 Human Resources documentation,https://learn.microsoft.com/en-us/dynamics365/human-resources/,OFFICIAL_OR_PRIMARY,PASS,PASS,PASS,RETAIN,Official/primary source with a recorded finding and no restricted-source/module mismatch.,2026-08-31
PFD-LEG-00893,HR-P11-BM-034-B,F414,HR & Payroll,Odoo 19 Human Resources documentation,https://www.odoo.com/documentation/19.0/applications/hr.html,OFFICIAL_OR_PRIMARY,PASS,PASS,PASS,RETAIN,Official/primary source with a recorded finding and no restricted-source/module mismatch.,2026-08-31
PFD-LEG-00894,HR-P11-BM-035-A,F415,HR & Payroll,Oracle Fusion Cloud HCM documentation,https://docs.oracle.com/en/cloud/saas/human-resources/,OFFICIAL_OR_PRIMARY,PASS,PASS,PASS,RETAIN,Official/primary source with a recorded finding and no restricted-source/module mismatch.,2026-08-31
PFD-LEG-00895,HR-P11-BM-035-B,F415,HR & Payroll,Dynamics 365 Human Resources documentation,https://learn.microsoft.com/en-us/dynamics365/human-resources/,OFFICIAL_OR_PRIMARY,PASS,PASS,PASS,RETAIN,Official/primary source with a recorded finding and no restricted-source/module mismatch.,2026-08-31
PFD-LEG-00896,HR-P11-BM-036-A,F416,HR & Payroll,Odoo 19 Human Resources documentation,https://www.odoo.com/documentation/19.0/applications/hr.html,OFFICIAL_OR_PRIMARY,PASS,PASS,PASS,RETAIN,Official/primary source with a recorded finding and no restricted-source/module mismatch.,2026-08-31
PFD-LEG-00897,HR-P11-BM-036-B,F416,HR & Payroll,Oracle Fusion Cloud HCM documentation,https://docs.oracle.com/en/cloud/saas/human-resources/,OFFICIAL_OR_PRIMARY,PASS,PASS,PASS,RETAIN,Official/primary source with a recorded finding and no restricted-source/module mismatch.,2026-08-31
PFD-LEG-00898,HR-P11-BM-037-A,F417,HR & Payroll,Dynamics 365 Human Resources documentation,https://learn.microsoft.com/en-us/dynamics365/human-resources/,OFFICIAL_OR_PRIMARY,PASS,PASS,PASS,RETAIN,Official/primary source with a recorded finding and no restricted-source/module mismatch.,2026-08-31
PFD-LEG-00899,HR-P11-BM-037-B,F417,HR & Payroll,Odoo 19 Human Resources documentation,https://www.odoo.com/documentation/19.0/applications/hr.html,OFFICIAL_OR_PRIMARY,PASS,PASS,PASS,RETAIN,Official/primary source with a recorded finding and no restricted-source/module mismatch.,2026-08-31
PFD-LEG-00900,HR-P11-BM-038-A,F418,HR & Payroll,Oracle Fusion Cloud HCM documentation,https://docs.oracle.com/en/cloud/saas/human-resources/,OFFICIAL_OR_PRIMARY,PASS,PASS,PASS,RETAIN,Official/primary source with a recorded finding and no restricted-source/module mismatch.,2026-08-31
PFD-LEG-00901,HR-P11-BM-038-B,F418,HR & Payroll,Dynamics 365 Human Resources documentation,https://learn.microsoft.com/en-us/dynamics365/human-resources/,OFFICIAL_OR_PRIMARY,PASS,PASS,PASS,RETAIN,Official/primary source with a recorded finding and no restricted-source/module mismatch.,2026-08-31
PFD-LEG-00902,HR-P11-BM-039-A,F419,HR & Payroll,Odoo 19 Human Resources documentation,https://www.odoo.com/documentation/19.0/applications/hr.html,OFFICIAL_OR_PRIMARY,PASS,PASS,PASS,RETAIN,Official/primary source with a recorded finding and no restricted-source/module mismatch.,2026-08-31
PFD-LEG-00903,HR-P11-BM-039-B,F419,HR & Payroll,Oracle Fusion Cloud HCM documentation,https://docs.oracle.com/en/cloud/saas/human-resources/,OFFICIAL_OR_PRIMARY,PASS,PASS,PASS,RETAIN,Official/primary source with a recorded finding and no restricted-source/module mismatch.,2026-08-31
PFD-LEG-00904,HR-P11-BM-040-A,F420,HR & Payroll,Dynamics 365 Human Resources documentation,https://learn.microsoft.com/en-us/dynamics365/human-resources/,OFFICIAL_OR_PRIMARY,PASS,PASS,PASS,RETAIN,Official/primary source with a recorded finding and no restricted-source/module mismatch.,2026-08-31
PFD-LEG-00905,HR-P11-BM-040-B,F420,HR & Payroll,Odoo 19 Human Resources documentation,https://www.odoo.com/documentation/19.0/applications/hr.html,OFFICIAL_OR_PRIMARY,PASS,PASS,PASS,RETAIN,Official/primary source with a recorded finding and no restricted-source/module mismatch.,2026-08-31
PFD-LEG-00906,HR-P11-BM-041-A,F421,HR & Payroll,Oracle Fusion Cloud HCM documentation,https://docs.oracle.com/en/cloud/saas/human-resources/,OFFICIAL_OR_PRIMARY,PASS,PASS,PASS,RETAIN,Official/primary source with a recorded finding and no restricted-source/module mismatch.,2026-08-31
PFD-LEG-00907,HR-P11-BM-041-B,F421,HR & Payroll,Dynamics 365 Human Resources documentation,https://learn.microsoft.com/en-us/dynamics365/human-resources/,OFFICIAL_OR_PRIMARY,PASS,PASS,PASS,RETAIN,Official/primary source with a recorded finding and no restricted-source/module mismatch.,2026-08-31
PFD-LEG-00908,HR-P11-BM-042-A,F422,HR & Payroll,Odoo 19 Human Resources documentation,https://www.odoo.com/documentation/19.0/applications/hr.html,OFFICIAL_OR_PRIMARY,PASS,PASS,PASS,RETAIN,Official/primary source with a recorded finding and no restricted-source/module mismatch.,2026-08-31
PFD-LEG-00909,HR-P11-BM-042-B,F422,HR & Payroll,Oracle Fusion Cloud HCM documentation,https://docs.oracle.com/en/cloud/saas/human-resources/,OFFICIAL_OR_PRIMARY,PASS,PASS,PASS,RETAIN,Official/primary source with a recorded finding and no restricted-source/module mismatch.,2026-08-31
PFD-LEG-00910,HR-P11-BM-043-A,F423,HR & Payroll,Dynamics 365 Human Resources documentation,https://learn.microsoft.com/en-us/dynamics365/human-resources/,OFFICIAL_OR_PRIMARY,PASS,PASS,PASS,RETAIN,Official/primary source with a recorded finding and no restricted-source/module mismatch.,2026-08-31
PFD-LEG-00911,HR-P11-BM-043-B,F423,HR & Payroll,Odoo 19 Human Resources documentation,https://www.odoo.com/documentation/19.0/applications/hr.html,OFFICIAL_OR_PRIMARY,PASS,PASS,PASS,RETAIN,Official/primary source with a recorded finding and no restricted-source/module mismatch.,2026-08-31
PFD-LEG-00912,HR-P11-BM-044-A,F424,HR & Payroll,Oracle Fusion Cloud HCM documentation,https://docs.oracle.com/en/cloud/saas/human-resources/,OFFICIAL_OR_PRIMARY,PASS,PASS,PASS,RETAIN,Official/primary source with a recorded finding and no restricted-source/module mismatch.,2026-08-31
PFD-LEG-00913,HR-P11-BM-044-B,F424,HR & Payroll,Dynamics 365 Human Resources documentation,https://learn.microsoft.com/en-us/dynamics365/human-resources/,OFFICIAL_OR_PRIMARY,PASS,PASS,PASS,RETAIN,Official/primary source with a recorded finding and no restricted-source/module mismatch.,2026-08-31
PFD-LEG-00914,HR-P11-BM-045-A,F425,HR & Payroll,Odoo 19 Human Resources documentation,https://www.odoo.com/documentation/19.0/applications/hr.html,OFFICIAL_OR_PRIMARY,PASS,PASS,PASS,RETAIN,Official/primary source with a recorded finding and no restricted-source/module mismatch.,2026-08-31
PFD-LEG-00915,HR-P11-BM-045-B,F425,HR & Payroll,Oracle Fusion Cloud HCM documentation,https://docs.oracle.com/en/cloud/saas/human-resources/,OFFICIAL_OR_PRIMARY,PASS,PASS,PASS,RETAIN,Official/primary source with a recorded finding and no restricted-source/module mismatch.,2026-08-31
PFD-LEG-00916,HR-P11-BM-046-A,F426,HR & Payroll,Dynamics 365 Human Resources documentation,https://learn.microsoft.com/en-us/dynamics365/human-resources/,OFFICIAL_OR_PRIMARY,PASS,PASS,PASS,RETAIN,Official/primary source with a recorded finding and no restricted-source/module mismatch.,2026-08-31
PFD-LEG-00917,HR-P11-BM-046-B,F426,HR & Payroll,Odoo 19 Human Resources documentation,https://www.odoo.com/documentation/19.0/applications/hr.html,OFFICIAL_OR_PRIMARY,PASS,PASS,PASS,RETAIN,Official/primary source with a recorded finding and no restricted-source/module mismatch.,2026-08-31
PFD-LEG-00918,HR-P11-BM-047-A,F427,HR & Payroll,Oracle Fusion Cloud HCM documentation,https://docs.oracle.com/en/cloud/saas/human-resources/,OFFICIAL_OR_PRIMARY,PASS,PASS,PASS,RETAIN,Official/primary source with a recorded finding and no restricted-source/module mismatch.,2026-08-31
PFD-LEG-00919,HR-P11-BM-047-B,F427,HR & Payroll,Dynamics 365 Human Resources documentation,https://learn.microsoft.com/en-us/dynamics365/human-resources/,OFFICIAL_OR_PRIMARY,PASS,PASS,PASS,RETAIN,Official/primary source with a recorded finding and no restricted-source/module mismatch.,2026-08-31
PFD-LEG-00920,HR-P11-BM-048-A,F428,HR & Payroll,Odoo 19 Human Resources documentation,https://www.odoo.com/documentation/19.0/applications/hr.html,OFFICIAL_OR_PRIMARY,PASS,PASS,PASS,RETAIN,Official/primary source with a recorded finding and no restricted-source/module mismatch.,2026-08-31
PFD-LEG-00921,HR-P11-BM-048-B,F428,HR & Payroll,Oracle Fusion Cloud HCM documentation,https://docs.oracle.com/en/cloud/saas/human-resources/,OFFICIAL_OR_PRIMARY,PASS,PASS,PASS,RETAIN,Official/primary source with a recorded finding and no restricted-source/module mismatch.,2026-08-31
PFD-LEG-00922,HR-P11-BM-049-A,F429,HR & Payroll,Dynamics 365 Human Resources documentation,https://learn.microsoft.com/en-us/dynamics365/human-resources/,OFFICIAL_OR_PRIMARY,PASS,PASS,PASS,RETAIN,Official/primary source with a recorded finding and no restricted-source/module mismatch.,2026-08-31
PFD-LEG-00923,HR-P11-BM-049-B,F429,HR & Payroll,Odoo 19 Human Resources documentation,https://www.odoo.com/documentation/19.0/applications/hr.html,OFFICIAL_OR_PRIMARY,PASS,PASS,PASS,RETAIN,Official/primary source with a recorded finding and no restricted-source/module mismatch.,2026-08-31
PFD-LEG-00924,HR-P11-BM-050-A,F430,HR & Payroll,Oracle Fusion Cloud HCM documentation,https://docs.oracle.com/en/cloud/saas/human-resources/,OFFICIAL_OR_PRIMARY,PASS,PASS,PASS,RETAIN,Official/primary source with a recorded finding and no restricted-source/module mismatch.,2026-08-31
PFD-LEG-00925,HR-P11-BM-050-B,F430,HR & Payroll,Dynamics 365 Human Resources documentation,https://learn.microsoft.com/en-us/dynamics365/human-resources/,OFFICIAL_OR_PRIMARY,PASS,PASS,PASS,RETAIN,Official/primary source with a recorded finding and no restricted-source/module mismatch.,2026-08-31
PFD-LEG-00926,HR-P11-BM-051-A,F431,HR & Payroll,Odoo 19 Human Resources documentation,https://www.odoo.com/documentation/19.0/applications/hr.html,OFFICIAL_OR_PRIMARY,PASS,PASS,PASS,RETAIN,Official/primary source with a recorded finding and no restricted-source/module mismatch.,2026-08-31
PFD-LEG-00927,HR-P11-BM-051-B,F431,HR & Payroll,Oracle Fusion Cloud HCM documentation,https://docs.oracle.com/en/cloud/saas/human-resources/,OFFICIAL_OR_PRIMARY,PASS,PASS,PASS,RETAIN,Official/primary source with a recorded finding and no restricted-source/module mismatch.,2026-08-31
PFD-LEG-00928,HR-P11-BM-052-A,F432,HR & Payroll,Dynamics 365 Human Resources documentation,https://learn.microsoft.com/en-us/dynamics365/human-resources/,OFFICIAL_OR_PRIMARY,PASS,PASS,PASS,RETAIN,Official/primary source with a recorded finding and no restricted-source/module mismatch.,2026-08-31
PFD-LEG-00929,HR-P11-BM-052-B,F432,HR & Payroll,Odoo 19 Human Resources documentation,https://www.odoo.com/documentation/19.0/applications/hr.html,OFFICIAL_OR_PRIMARY,PASS,PASS,PASS,RETAIN,Official/primary source with a recorded finding and no restricted-source/module mismatch.,2026-08-31
PFD-LEG-00930,HR-P11-BM-053-A,F433,HR & Payroll,Oracle Fusion Cloud HCM documentation,https://docs.oracle.com/en/cloud/saas/human-resources/,OFFICIAL_OR_PRIMARY,PASS,PASS,PASS,RETAIN,Official/primary source with a recorded finding and no restricted-source/module mismatch.,2026-08-31
PFD-LEG-00931,HR-P11-BM-053-B,F433,HR & Payroll,Dynamics 365 Human Resources documentation,https://learn.microsoft.com/en-us/dynamics365/human-resources/,OFFICIAL_OR_PRIMARY,PASS,PASS,PASS,RETAIN,Official/primary source with a recorded finding and no restricted-source/module mismatch.,2026-08-31
PFD-LEG-00932,HR-P11-BM-054-A,F434,HR & Payroll,Odoo 19 Human Resources documentation,https://www.odoo.com/documentation/19.0/applications/hr.html,OFFICIAL_OR_PRIMARY,PASS,PASS,PASS,RETAIN,Official/primary source with a recorded finding and no restricted-source/module mismatch.,2026-08-31
PFD-LEG-00933,HR-P11-BM-054-B,F434,HR & Payroll,Oracle Fusion Cloud HCM documentation,https://docs.oracle.com/en/cloud/saas/human-resources/,OFFICIAL_OR_PRIMARY,PASS,PASS,PASS,RETAIN,Official/primary source with a recorded finding and no restricted-source/module mismatch.,2026-08-31
PFD-LEG-00934,HR-P11-BM-055-A,F435,HR & Payroll,Dynamics 365 Human Resources documentation,https://learn.microsoft.com/en-us/dynamics365/human-resources/,OFFICIAL_OR_PRIMARY,PASS,PASS,PASS,RETAIN,Official/primary source with a recorded finding and no restricted-source/module mismatch.,2026-08-31
PFD-LEG-00935,HR-P11-BM-055-B,F435,HR & Payroll,Web Content Accessibility Guidelines 2.2,https://www.w3.org/TR/WCAG22/,OFFICIAL_OR_PRIMARY,PASS,FAIL,PASS,REMAP_REQUIRED,Platform/security/technology standard is not sufficient as business-feature benchmark evidence.,2026-08-31
PFD-LEG-00936,HR-P11-BM-056-A,F436,HR & Payroll,Oracle Fusion Cloud HCM documentation,https://docs.oracle.com/en/cloud/saas/human-resources/,OFFICIAL_OR_PRIMARY,PASS,PASS,PASS,RETAIN,Official/primary source with a recorded finding and no restricted-source/module mismatch.,2026-08-31
PFD-LEG-00937,HR-P11-BM-056-B,F436,HR & Payroll,Dynamics 365 Human Resources documentation,https://learn.microsoft.com/en-us/dynamics365/human-resources/,OFFICIAL_OR_PRIMARY,PASS,PASS,PASS,RETAIN,Official/primary source with a recorded finding and no restricted-source/module mismatch.,2026-08-31
PFD-LEG-00938,HR-P11-BM-057-A,F437,HR & Payroll,Odoo 19 Human Resources documentation,https://www.odoo.com/documentation/19.0/applications/hr.html,OFFICIAL_OR_PRIMARY,PASS,PASS,PASS,RETAIN,Official/primary source with a recorded finding and no restricted-source/module mismatch.,2026-08-31
PFD-LEG-00939,HR-P11-BM-057-B,F437,HR & Payroll,Oracle Fusion Cloud HCM documentation,https://docs.oracle.com/en/cloud/saas/human-resources/,OFFICIAL_OR_PRIMARY,PASS,PASS,PASS,RETAIN,Official/primary source with a recorded finding and no restricted-source/module mismatch.,2026-08-31
PFD-LEG-00940,HR-P11-BM-058-A,F438,HR & Payroll,Dynamics 365 Human Resources documentation,https://learn.microsoft.com/en-us/dynamics365/human-resources/,OFFICIAL_OR_PRIMARY,PASS,PASS,PASS,RETAIN,Official/primary source with a recorded finding and no restricted-source/module mismatch.,2026-08-31
PFD-LEG-00941,HR-P11-BM-058-B,F438,HR & Payroll,Odoo 19 Human Resources documentation,https://www.odoo.com/documentation/19.0/applications/hr.html,OFFICIAL_OR_PRIMARY,PASS,PASS,PASS,RETAIN,Official/primary source with a recorded finding and no restricted-source/module mismatch.,2026-08-31
PFD-LEG-00942,HR-P11-BM-059-A,F439,HR & Payroll,EPFO official portal,https://www.epfindia.gov.in/,OFFICIAL_OR_PRIMARY,PASS,PASS,PASS,RETAIN,Official/primary source with a recorded finding and no restricted-source/module mismatch.,2026-08-31
PFD-LEG-00943,HR-P11-BM-059-B,F439,HR & Payroll,Oracle Fusion Cloud HCM documentation,https://docs.oracle.com/en/cloud/saas/human-resources/,OFFICIAL_OR_PRIMARY,PASS,PASS,PASS,RETAIN,Official/primary source with a recorded finding and no restricted-source/module mismatch.,2026-08-31
PFD-LEG-00944,HR-P11-BM-060-A,F440,HR & Payroll,ESIC official portal,https://esic.gov.in/,OFFICIAL_OR_PRIMARY,PASS,PASS,PASS,RETAIN,Official/primary source with a recorded finding and no restricted-source/module mismatch.,2026-08-31
PFD-LEG-00945,HR-P11-BM-060-B,F440,HR & Payroll,Oracle Fusion Cloud HCM documentation,https://docs.oracle.com/en/cloud/saas/human-resources/,OFFICIAL_OR_PRIMARY,PASS,PASS,PASS,RETAIN,Official/primary source with a recorded finding and no restricted-source/module mismatch.,2026-08-31
PFD-LEG-00946,HR-P11-BM-061-A,F441,HR & Payroll,Ministry of Labour and Employment official portal,https://labour.gov.in/,OFFICIAL_OR_PRIMARY,PASS,FAIL,PASS,REMAP_REQUIRED,Platform/security/technology standard is not sufficient as business-feature benchmark evidence.,2026-08-31
PFD-LEG-00947,HR-P11-BM-061-B,F441,HR & Payroll,Oracle Fusion Cloud HCM documentation,https://docs.oracle.com/en/cloud/saas/human-resources/,OFFICIAL_OR_PRIMARY,PASS,PASS,PASS,RETAIN,Official/primary source with a recorded finding and no restricted-source/module mismatch.,2026-08-31
PFD-LEG-00948,HR-P11-BM-062-A,F442,HR & Payroll,Income Tax Department official portal,https://www.incometax.gov.in/iec/foportal/,OFFICIAL_OR_PRIMARY,PASS,PASS,PASS,RETAIN,Official/primary source with a recorded finding and no restricted-source/module mismatch.,2026-08-31
PFD-LEG-00949,HR-P11-BM-062-B,F442,HR & Payroll,Oracle Fusion Cloud HCM documentation,https://docs.oracle.com/en/cloud/saas/human-resources/,OFFICIAL_OR_PRIMARY,PASS,PASS,PASS,RETAIN,Official/primary source with a recorded finding and no restricted-source/module mismatch.,2026-08-31
PFD-LEG-00950,HR-P11-BM-063-A,F443,HR & Payroll,Ministry of Labour and Employment official portal,https://labour.gov.in/,OFFICIAL_OR_PRIMARY,PASS,FAIL,PASS,REMAP_REQUIRED,Platform/security/technology standard is not sufficient as business-feature benchmark evidence.,2026-08-31
PFD-LEG-00951,HR-P11-BM-063-B,F443,HR & Payroll,Oracle Fusion Cloud HCM documentation,https://docs.oracle.com/en/cloud/saas/human-resources/,OFFICIAL_OR_PRIMARY,PASS,PASS,PASS,RETAIN,Official/primary source with a recorded finding and no restricted-source/module mismatch.,2026-08-31
PFD-LEG-00952,HR-P11-BM-064-A,F444,HR & Payroll,Ministry of Labour and Employment official portal,https://labour.gov.in/,OFFICIAL_OR_PRIMARY,PASS,FAIL,PASS,REMAP_REQUIRED,Platform/security/technology standard is not sufficient as business-feature benchmark evidence.,2026-08-31
PFD-LEG-00953,HR-P11-BM-064-B,F444,HR & Payroll,Oracle Fusion Cloud HCM documentation,https://docs.oracle.com/en/cloud/saas/human-resources/,OFFICIAL_OR_PRIMARY,PASS,PASS,PASS,RETAIN,Official/primary source with a recorded finding and no restricted-source/module mismatch.,2026-08-31
PFD-LEG-00954,HR-P11-BM-065-A,F445,HR & Payroll,Income Tax Department official portal,https://www.incometax.gov.in/iec/foportal/,OFFICIAL_OR_PRIMARY,PASS,PASS,PASS,RETAIN,Official/primary source with a recorded finding and no restricted-source/module mismatch.,2026-08-31
PFD-LEG-00955,HR-P11-BM-065-B,F445,HR & Payroll,Oracle Fusion Cloud HCM documentation,https://docs.oracle.com/en/cloud/saas/human-resources/,OFFICIAL_OR_PRIMARY,PASS,PASS,PASS,RETAIN,Official/primary source with a recorded finding and no restricted-source/module mismatch.,2026-08-31
PFD-LEG-00956,HR-P11-BM-066-A,F446,HR & Payroll,Ministry of Labour and Employment official portal,https://labour.gov.in/,OFFICIAL_OR_PRIMARY,PASS,FAIL,PASS,REMAP_REQUIRED,Platform/security/technology standard is not sufficient as business-feature benchmark evidence.,2026-08-31
PFD-LEG-00957,HR-P11-BM-066-B,F446,HR & Payroll,Oracle Fusion Cloud HCM documentation,https://docs.oracle.com/en/cloud/saas/human-resources/,OFFICIAL_OR_PRIMARY,PASS,PASS,PASS,RETAIN,Official/primary source with a recorded finding and no restricted-source/module mismatch.,2026-08-31
PFD-LEG-00958,HR-P11-BM-067-A,F447,HR & Payroll,Income Tax Department official portal,https://www.incometax.gov.in/iec/foportal/,OFFICIAL_OR_PRIMARY,PASS,PASS,PASS,RETAIN,Official/primary source with a recorded finding and no restricted-source/module mismatch.,2026-08-31
PFD-LEG-00959,HR-P11-BM-067-B,F447,HR & Payroll,Oracle Fusion Cloud HCM documentation,https://docs.oracle.com/en/cloud/saas/human-resources/,OFFICIAL_OR_PRIMARY,PASS,PASS,PASS,RETAIN,Official/primary source with a recorded finding and no restricted-source/module mismatch.,2026-08-31
PFD-LEG-00960,HR-P11-BM-068-A,F448,HR & Payroll,Oracle Fusion Cloud HCM documentation,https://docs.oracle.com/en/cloud/saas/human-resources/,OFFICIAL_OR_PRIMARY,PASS,PASS,PASS,RETAIN,Official/primary source with a recorded finding and no restricted-source/module mismatch.,2026-08-31
PFD-LEG-00961,HR-P11-BM-068-B,F448,HR & Payroll,Web Content Accessibility Guidelines 2.2,https://www.w3.org/TR/WCAG22/,OFFICIAL_OR_PRIMARY,PASS,FAIL,PASS,REMAP_REQUIRED,Platform/security/technology standard is not sufficient as business-feature benchmark evidence.,2026-08-31
PFD-LEG-00962,HR-P11-BM-069-A,F449,HR & Payroll,Odoo 19 Human Resources documentation,https://www.odoo.com/documentation/19.0/applications/hr.html,OFFICIAL_OR_PRIMARY,PASS,PASS,PASS,RETAIN,Official/primary source with a recorded finding and no restricted-source/module mismatch.,2026-08-31
PFD-LEG-00963,HR-P11-BM-069-B,F449,HR & Payroll,Web Content Accessibility Guidelines 2.2,https://www.w3.org/TR/WCAG22/,OFFICIAL_OR_PRIMARY,PASS,FAIL,PASS,REMAP_REQUIRED,Platform/security/technology standard is not sufficient as business-feature benchmark evidence.,2026-08-31
PFD-LEG-00964,HR-P11-BM-070-A,F450,HR & Payroll,Dynamics 365 Human Resources documentation,https://learn.microsoft.com/en-us/dynamics365/human-resources/,OFFICIAL_OR_PRIMARY,PASS,PASS,PASS,RETAIN,Official/primary source with a recorded finding and no restricted-source/module mismatch.,2026-08-31
PFD-LEG-00965,HR-P11-BM-070-B,F450,HR & Payroll,Web Content Accessibility Guidelines 2.2,https://www.w3.org/TR/WCAG22/,OFFICIAL_OR_PRIMARY,PASS,FAIL,PASS,REMAP_REQUIRED,Platform/security/technology standard is not sufficient as business-feature benchmark evidence.,2026-08-31
PFD-LEG-00966,HR-P11-BM-071-A,F451,HR & Payroll,Oracle Fusion Cloud HCM documentation,https://docs.oracle.com/en/cloud/saas/human-resources/,OFFICIAL_OR_PRIMARY,PASS,PASS,PASS,RETAIN,Official/primary source with a recorded finding and no restricted-source/module mismatch.,2026-08-31
PFD-LEG-00967,HR-P11-BM-071-B,F451,HR & Payroll,Web Content Accessibility Guidelines 2.2,https://www.w3.org/TR/WCAG22/,OFFICIAL_OR_PRIMARY,PASS,FAIL,PASS,REMAP_REQUIRED,Platform/security/technology standard is not sufficient as business-feature benchmark evidence.,2026-08-31
PFD-LEG-00968,HR-P11-BM-072-A,F452,HR & Payroll,Odoo 19 Human Resources documentation,https://www.odoo.com/documentation/19.0/applications/hr.html,OFFICIAL_OR_PRIMARY,PASS,PASS,PASS,RETAIN,Official/primary source with a recorded finding and no restricted-source/module mismatch.,2026-08-31
PFD-LEG-00969,HR-P11-BM-072-B,F452,HR & Payroll,Web Content Accessibility Guidelines 2.2,https://www.w3.org/TR/WCAG22/,OFFICIAL_OR_PRIMARY,PASS,FAIL,PASS,REMAP_REQUIRED,Platform/security/technology standard is not sufficient as business-feature benchmark evidence.,2026-08-31
PFD-LEG-00970,ACC-P12-BM-001-A,F453,Accounting / Finance,General ledger overview,https://learn.microsoft.com/en-us/dynamics365/finance/general-ledger/general-ledger,OFFICIAL_OR_PRIMARY,PASS,PASS,PASS,RETAIN,Official/primary source with a recorded finding and no restricted-source/module mismatch.,2026-08-31
PFD-LEG-00971,ACC-P12-BM-001-B,F453,Accounting / Finance,Oracle Financials documentation,https://docs.oracle.com/en/cloud/saas/financials/,OFFICIAL_OR_PRIMARY,PASS,PASS,PASS,RETAIN,Official/primary source with a recorded finding and no restricted-source/module mismatch.,2026-08-31
PFD-LEG-00972,ACC-P12-BM-002-A,F454,Accounting / Finance,General ledger overview,https://learn.microsoft.com/en-us/dynamics365/finance/general-ledger/general-ledger,OFFICIAL_OR_PRIMARY,PASS,PASS,PASS,RETAIN,Official/primary source with a recorded finding and no restricted-source/module mismatch.,2026-08-31
PFD-LEG-00973,ACC-P12-BM-002-B,F454,Accounting / Finance,Oracle Financials documentation,https://docs.oracle.com/en/cloud/saas/financials/,OFFICIAL_OR_PRIMARY,PASS,PASS,PASS,RETAIN,Official/primary source with a recorded finding and no restricted-source/module mismatch.,2026-08-31
PFD-LEG-00974,ACC-P12-BM-003-A,F455,Accounting / Finance,General ledger overview,https://learn.microsoft.com/en-us/dynamics365/finance/general-ledger/general-ledger,OFFICIAL_OR_PRIMARY,PASS,PASS,PASS,RETAIN,Official/primary source with a recorded finding and no restricted-source/module mismatch.,2026-08-31
PFD-LEG-00975,ACC-P12-BM-003-B,F455,Accounting / Finance,Oracle Financials documentation,https://docs.oracle.com/en/cloud/saas/financials/,OFFICIAL_OR_PRIMARY,PASS,PASS,PASS,RETAIN,Official/primary source with a recorded finding and no restricted-source/module mismatch.,2026-08-31
PFD-LEG-00976,ACC-P12-BM-004-A,F456,Accounting / Finance,General ledger overview,https://learn.microsoft.com/en-us/dynamics365/finance/general-ledger/general-ledger,OFFICIAL_OR_PRIMARY,PASS,PASS,PASS,RETAIN,Official/primary source with a recorded finding and no restricted-source/module mismatch.,2026-08-31
PFD-LEG-00977,ACC-P12-BM-004-B,F456,Accounting / Finance,Oracle Financials documentation,https://docs.oracle.com/en/cloud/saas/financials/,OFFICIAL_OR_PRIMARY,PASS,PASS,PASS,RETAIN,Official/primary source with a recorded finding and no restricted-source/module mismatch.,2026-08-31
PFD-LEG-00978,ACC-P12-BM-005-A,F457,Accounting / Finance,General ledger overview,https://learn.microsoft.com/en-us/dynamics365/finance/general-ledger/general-ledger,OFFICIAL_OR_PRIMARY,PASS,PASS,PASS,RETAIN,Official/primary source with a recorded finding and no restricted-source/module mismatch.,2026-08-31
PFD-LEG-00979,ACC-P12-BM-005-B,F457,Accounting / Finance,Oracle Financials documentation,https://docs.oracle.com/en/cloud/saas/financials/,OFFICIAL_OR_PRIMARY,PASS,PASS,PASS,RETAIN,Official/primary source with a recorded finding and no restricted-source/module mismatch.,2026-08-31
PFD-LEG-00980,ACC-P12-BM-006-A,F458,Accounting / Finance,General ledger overview,https://learn.microsoft.com/en-us/dynamics365/finance/general-ledger/general-ledger,OFFICIAL_OR_PRIMARY,PASS,PASS,PASS,RETAIN,Official/primary source with a recorded finding and no restricted-source/module mismatch.,2026-08-31
PFD-LEG-00981,ACC-P12-BM-006-B,F458,Accounting / Finance,Oracle Financials documentation,https://docs.oracle.com/en/cloud/saas/financials/,OFFICIAL_OR_PRIMARY,PASS,PASS,PASS,RETAIN,Official/primary source with a recorded finding and no restricted-source/module mismatch.,2026-08-31
PFD-LEG-00982,ACC-P12-BM-007-A,F459,Accounting / Finance,General ledger overview,https://learn.microsoft.com/en-us/dynamics365/finance/general-ledger/general-ledger,OFFICIAL_OR_PRIMARY,PASS,PASS,PASS,RETAIN,Official/primary source with a recorded finding and no restricted-source/module mismatch.,2026-08-31
PFD-LEG-00983,ACC-P12-BM-007-B,F459,Accounting / Finance,Oracle Financials documentation,https://docs.oracle.com/en/cloud/saas/financials/,OFFICIAL_OR_PRIMARY,PASS,PASS,PASS,RETAIN,Official/primary source with a recorded finding and no restricted-source/module mismatch.,2026-08-31
PFD-LEG-00984,ACC-P12-BM-008-A,F460,Accounting / Finance,General ledger overview,https://learn.microsoft.com/en-us/dynamics365/finance/general-ledger/general-ledger,OFFICIAL_OR_PRIMARY,PASS,PASS,PASS,RETAIN,Official/primary source with a recorded finding and no restricted-source/module mismatch.,2026-08-31
PFD-LEG-00985,ACC-P12-BM-008-B,F460,Accounting / Finance,Oracle Financials documentation,https://docs.oracle.com/en/cloud/saas/financials/,OFFICIAL_OR_PRIMARY,PASS,PASS,PASS,RETAIN,Official/primary source with a recorded finding and no restricted-source/module mismatch.,2026-08-31
PFD-LEG-00986,ACC-P12-BM-009-A,F461,Accounting / Finance,General ledger overview,https://learn.microsoft.com/en-us/dynamics365/finance/general-ledger/general-ledger,OFFICIAL_OR_PRIMARY,PASS,PASS,PASS,RETAIN,Official/primary source with a recorded finding and no restricted-source/module mismatch.,2026-08-31
PFD-LEG-00987,ACC-P12-BM-009-B,F461,Accounting / Finance,Oracle Financials documentation,https://docs.oracle.com/en/cloud/saas/financials/,OFFICIAL_OR_PRIMARY,PASS,PASS,PASS,RETAIN,Official/primary source with a recorded finding and no restricted-source/module mismatch.,2026-08-31
PFD-LEG-00988,ACC-P12-BM-010-A,F462,Accounting / Finance,General ledger overview,https://learn.microsoft.com/en-us/dynamics365/finance/general-ledger/general-ledger,OFFICIAL_OR_PRIMARY,PASS,PASS,PASS,RETAIN,Official/primary source with a recorded finding and no restricted-source/module mismatch.,2026-08-31
PFD-LEG-00989,ACC-P12-BM-010-B,F462,Accounting / Finance,Oracle Financials documentation,https://docs.oracle.com/en/cloud/saas/financials/,OFFICIAL_OR_PRIMARY,PASS,PASS,PASS,RETAIN,Official/primary source with a recorded finding and no restricted-source/module mismatch.,2026-08-31
PFD-LEG-00990,ACC-P12-BM-011-A,F463,Accounting / Finance,Accounts receivable home page,https://learn.microsoft.com/en-us/dynamics365/finance/accounts-receivable/accounts-receivable,OFFICIAL_OR_PRIMARY,PASS,PASS,PASS,RETAIN,Official/primary source with a recorded finding and no restricted-source/module mismatch.,2026-08-31
PFD-LEG-00991,ACC-P12-BM-011-B,F463,Accounting / Finance,Odoo Accounting documentation,https://www.odoo.com/documentation/19.0/applications/finance/accounting.html,OFFICIAL_OR_PRIMARY,PASS,PASS,PASS,RETAIN,Official/primary source with a recorded finding and no restricted-source/module mismatch.,2026-08-31
PFD-LEG-00992,ACC-P12-BM-012-A,F464,Accounting / Finance,Accounts receivable home page,https://learn.microsoft.com/en-us/dynamics365/finance/accounts-receivable/accounts-receivable,OFFICIAL_OR_PRIMARY,PASS,PASS,PASS,RETAIN,Official/primary source with a recorded finding and no restricted-source/module mismatch.,2026-08-31
PFD-LEG-00993,ACC-P12-BM-012-B,F464,Accounting / Finance,Odoo Accounting documentation,https://www.odoo.com/documentation/19.0/applications/finance/accounting.html,OFFICIAL_OR_PRIMARY,PASS,PASS,PASS,RETAIN,Official/primary source with a recorded finding and no restricted-source/module mismatch.,2026-08-31
PFD-LEG-00994,ACC-P12-BM-013-A,F465,Accounting / Finance,Accounts receivable home page,https://learn.microsoft.com/en-us/dynamics365/finance/accounts-receivable/accounts-receivable,OFFICIAL_OR_PRIMARY,PASS,PASS,PASS,RETAIN,Official/primary source with a recorded finding and no restricted-source/module mismatch.,2026-08-31
PFD-LEG-00995,ACC-P12-BM-013-B,F465,Accounting / Finance,Odoo Accounting documentation,https://www.odoo.com/documentation/19.0/applications/finance/accounting.html,OFFICIAL_OR_PRIMARY,PASS,PASS,PASS,RETAIN,Official/primary source with a recorded finding and no restricted-source/module mismatch.,2026-08-31
PFD-LEG-00996,ACC-P12-BM-014-A,F466,Accounting / Finance,Accounts receivable home page,https://learn.microsoft.com/en-us/dynamics365/finance/accounts-receivable/accounts-receivable,OFFICIAL_OR_PRIMARY,PASS,PASS,PASS,RETAIN,Official/primary source with a recorded finding and no restricted-source/module mismatch.,2026-08-31
PFD-LEG-00997,ACC-P12-BM-014-B,F466,Accounting / Finance,Odoo Accounting documentation,https://www.odoo.com/documentation/19.0/applications/finance/accounting.html,OFFICIAL_OR_PRIMARY,PASS,PASS,PASS,RETAIN,Official/primary source with a recorded finding and no restricted-source/module mismatch.,2026-08-31
PFD-LEG-00998,ACC-P12-BM-015-A,F467,Accounting / Finance,Accounts receivable home page,https://learn.microsoft.com/en-us/dynamics365/finance/accounts-receivable/accounts-receivable,OFFICIAL_OR_PRIMARY,PASS,PASS,PASS,RETAIN,Official/primary source with a recorded finding and no restricted-source/module mismatch.,2026-08-31
PFD-LEG-00999,ACC-P12-BM-015-B,F467,Accounting / Finance,Odoo Accounting documentation,https://www.odoo.com/documentation/19.0/applications/finance/accounting.html,OFFICIAL_OR_PRIMARY,PASS,PASS,PASS,RETAIN,Official/primary source with a recorded finding and no restricted-source/module mismatch.,2026-08-31
PFD-LEG-01000,ACC-P12-BM-016-A,F468,Accounting / Finance,Accounts receivable home page,https://learn.microsoft.com/en-us/dynamics365/finance/accounts-receivable/accounts-receivable,OFFICIAL_OR_PRIMARY,PASS,PASS,PASS,RETAIN,Official/primary source with a recorded finding and no restricted-source/module mismatch.,2026-08-31
PFD-LEG-01001,ACC-P12-BM-016-B,F468,Accounting / Finance,Odoo Accounting documentation,https://www.odoo.com/documentation/19.0/applications/finance/accounting.html,OFFICIAL_OR_PRIMARY,PASS,PASS,PASS,RETAIN,Official/primary source with a recorded finding and no restricted-source/module mismatch.,2026-08-31
PFD-LEG-01002,ACC-P12-BM-017-A,F469,Accounting / Finance,Accounts receivable home page,https://learn.microsoft.com/en-us/dynamics365/finance/accounts-receivable/accounts-receivable,OFFICIAL_OR_PRIMARY,PASS,PASS,PASS,RETAIN,Official/primary source with a recorded finding and no restricted-source/module mismatch.,2026-08-31
PFD-LEG-01003,ACC-P12-BM-017-B,F469,Accounting / Finance,Odoo Accounting documentation,https://www.odoo.com/documentation/19.0/applications/finance/accounting.html,OFFICIAL_OR_PRIMARY,PASS,PASS,PASS,RETAIN,Official/primary source with a recorded finding and no restricted-source/module mismatch.,2026-08-31
PFD-LEG-01004,ACC-P12-BM-018-A,F470,Accounting / Finance,Accounts receivable home page,https://learn.microsoft.com/en-us/dynamics365/finance/accounts-receivable/accounts-receivable,OFFICIAL_OR_PRIMARY,PASS,PASS,PASS,RETAIN,Official/primary source with a recorded finding and no restricted-source/module mismatch.,2026-08-31
PFD-LEG-01005,ACC-P12-BM-018-B,F470,Accounting / Finance,Odoo Accounting documentation,https://www.odoo.com/documentation/19.0/applications/finance/accounting.html,OFFICIAL_OR_PRIMARY,PASS,PASS,PASS,RETAIN,Official/primary source with a recorded finding and no restricted-source/module mismatch.,2026-08-31
PFD-LEG-01006,ACC-P12-BM-019-A,F471,Accounting / Finance,Accounts payable home page,https://learn.microsoft.com/en-us/dynamics365/finance/accounts-payable/accounts-payable,OFFICIAL_OR_PRIMARY,PASS,PASS,PASS,RETAIN,Official/primary source with a recorded finding and no restricted-source/module mismatch.,2026-08-31
PFD-LEG-01007,ACC-P12-BM-019-B,F471,Accounting / Finance,Accounts payable invoice matching overview,https://learn.microsoft.com/en-us/dynamics365/finance/accounts-payable/accounts-payable-invoice-matching,OFFICIAL_OR_PRIMARY,PASS,PASS,PASS,RETAIN,Official/primary source with a recorded finding and no restricted-source/module mismatch.,2026-08-31
PFD-LEG-01008,ACC-P12-BM-020-A,F472,Accounting / Finance,Accounts payable home page,https://learn.microsoft.com/en-us/dynamics365/finance/accounts-payable/accounts-payable,OFFICIAL_OR_PRIMARY,PASS,PASS,PASS,RETAIN,Official/primary source with a recorded finding and no restricted-source/module mismatch.,2026-08-31
PFD-LEG-01009,ACC-P12-BM-020-B,F472,Accounting / Finance,Accounts payable invoice matching overview,https://learn.microsoft.com/en-us/dynamics365/finance/accounts-payable/accounts-payable-invoice-matching,OFFICIAL_OR_PRIMARY,PASS,PASS,PASS,RETAIN,Official/primary source with a recorded finding and no restricted-source/module mismatch.,2026-08-31
PFD-LEG-01010,ACC-P12-BM-021-A,F473,Accounting / Finance,Accounts payable home page,https://learn.microsoft.com/en-us/dynamics365/finance/accounts-payable/accounts-payable,OFFICIAL_OR_PRIMARY,PASS,PASS,PASS,RETAIN,Official/primary source with a recorded finding and no restricted-source/module mismatch.,2026-08-31
PFD-LEG-01011,ACC-P12-BM-021-B,F473,Accounting / Finance,Accounts payable invoice matching overview,https://learn.microsoft.com/en-us/dynamics365/finance/accounts-payable/accounts-payable-invoice-matching,OFFICIAL_OR_PRIMARY,PASS,PASS,PASS,RETAIN,Official/primary source with a recorded finding and no restricted-source/module mismatch.,2026-08-31
PFD-LEG-01012,ACC-P12-BM-022-A,F474,Accounting / Finance,Accounts payable home page,https://learn.microsoft.com/en-us/dynamics365/finance/accounts-payable/accounts-payable,OFFICIAL_OR_PRIMARY,PASS,PASS,PASS,RETAIN,Official/primary source with a recorded finding and no restricted-source/module mismatch.,2026-08-31
PFD-LEG-01013,ACC-P12-BM-022-B,F474,Accounting / Finance,Accounts payable invoice matching overview,https://learn.microsoft.com/en-us/dynamics365/finance/accounts-payable/accounts-payable-invoice-matching,OFFICIAL_OR_PRIMARY,PASS,PASS,PASS,RETAIN,Official/primary source with a recorded finding and no restricted-source/module mismatch.,2026-08-31
PFD-LEG-01014,ACC-P12-BM-023-A,F475,Accounting / Finance,Accounts payable home page,https://learn.microsoft.com/en-us/dynamics365/finance/accounts-payable/accounts-payable,OFFICIAL_OR_PRIMARY,PASS,PASS,PASS,RETAIN,Official/primary source with a recorded finding and no restricted-source/module mismatch.,2026-08-31
PFD-LEG-01015,ACC-P12-BM-023-B,F475,Accounting / Finance,Accounts payable invoice matching overview,https://learn.microsoft.com/en-us/dynamics365/finance/accounts-payable/accounts-payable-invoice-matching,OFFICIAL_OR_PRIMARY,PASS,PASS,PASS,RETAIN,Official/primary source with a recorded finding and no restricted-source/module mismatch.,2026-08-31
PFD-LEG-01016,ACC-P12-BM-024-A,F476,Accounting / Finance,Reconcile bank statements by using advanced bank reconciliation,https://learn.microsoft.com/en-us/dynamics365/finance/cash-bank-management/reconcile-bank-statements-advanced-bank-reconciliation,OFFICIAL_OR_PRIMARY,PASS,PASS,PASS,RETAIN,Official/primary source with a recorded finding and no restricted-source/module mismatch.,2026-08-31
PFD-LEG-01017,ACC-P12-BM-024-B,F476,Accounting / Finance,Oracle Financials documentation,https://docs.oracle.com/en/cloud/saas/financials/,OFFICIAL_OR_PRIMARY,PASS,PASS,PASS,RETAIN,Official/primary source with a recorded finding and no restricted-source/module mismatch.,2026-08-31
PFD-LEG-01018,ACC-P12-BM-025-A,F477,Accounting / Finance,Reconcile bank statements by using advanced bank reconciliation,https://learn.microsoft.com/en-us/dynamics365/finance/cash-bank-management/reconcile-bank-statements-advanced-bank-reconciliation,OFFICIAL_OR_PRIMARY,PASS,PASS,PASS,RETAIN,Official/primary source with a recorded finding and no restricted-source/module mismatch.,2026-08-31
PFD-LEG-01019,ACC-P12-BM-025-B,F477,Accounting / Finance,Oracle Financials documentation,https://docs.oracle.com/en/cloud/saas/financials/,OFFICIAL_OR_PRIMARY,PASS,PASS,PASS,RETAIN,Official/primary source with a recorded finding and no restricted-source/module mismatch.,2026-08-31
PFD-LEG-01020,ACC-P12-BM-026-A,F478,Accounting / Finance,Reconcile bank statements by using advanced bank reconciliation,https://learn.microsoft.com/en-us/dynamics365/finance/cash-bank-management/reconcile-bank-statements-advanced-bank-reconciliation,OFFICIAL_OR_PRIMARY,PASS,PASS,PASS,RETAIN,Official/primary source with a recorded finding and no restricted-source/module mismatch.,2026-08-31
PFD-LEG-01021,ACC-P12-BM-026-B,F478,Accounting / Finance,Oracle Financials documentation,https://docs.oracle.com/en/cloud/saas/financials/,OFFICIAL_OR_PRIMARY,PASS,PASS,PASS,RETAIN,Official/primary source with a recorded finding and no restricted-source/module mismatch.,2026-08-31
PFD-LEG-01022,ACC-P12-BM-027-A,F479,Accounting / Finance,Reconcile bank statements by using advanced bank reconciliation,https://learn.microsoft.com/en-us/dynamics365/finance/cash-bank-management/reconcile-bank-statements-advanced-bank-reconciliation,OFFICIAL_OR_PRIMARY,PASS,PASS,PASS,RETAIN,Official/primary source with a recorded finding and no restricted-source/module mismatch.,2026-08-31
PFD-LEG-01023,ACC-P12-BM-027-B,F479,Accounting / Finance,Oracle Financials documentation,https://docs.oracle.com/en/cloud/saas/financials/,OFFICIAL_OR_PRIMARY,PASS,PASS,PASS,RETAIN,Official/primary source with a recorded finding and no restricted-source/module mismatch.,2026-08-31
PFD-LEG-01024,ACC-P12-BM-028-A,F480,Accounting / Finance,Reconcile bank statements by using advanced bank reconciliation,https://learn.microsoft.com/en-us/dynamics365/finance/cash-bank-management/reconcile-bank-statements-advanced-bank-reconciliation,OFFICIAL_OR_PRIMARY,PASS,PASS,PASS,RETAIN,Official/primary source with a recorded finding and no restricted-source/module mismatch.,2026-08-31
PFD-LEG-01025,ACC-P12-BM-028-B,F480,Accounting / Finance,Oracle Financials documentation,https://docs.oracle.com/en/cloud/saas/financials/,OFFICIAL_OR_PRIMARY,PASS,PASS,PASS,RETAIN,Official/primary source with a recorded finding and no restricted-source/module mismatch.,2026-08-31
PFD-LEG-01026,ACC-P12-BM-029-A,F481,Accounting / Finance,General ledger overview,https://learn.microsoft.com/en-us/dynamics365/finance/general-ledger/general-ledger,OFFICIAL_OR_PRIMARY,PASS,PASS,PASS,RETAIN,Official/primary source with a recorded finding and no restricted-source/module mismatch.,2026-08-31
PFD-LEG-01027,ACC-P12-BM-029-B,F481,Accounting / Finance,Oracle Financials documentation,https://docs.oracle.com/en/cloud/saas/financials/,OFFICIAL_OR_PRIMARY,PASS,PASS,PASS,RETAIN,Official/primary source with a recorded finding and no restricted-source/module mismatch.,2026-08-31
PFD-LEG-01028,ACC-P12-BM-030-A,F482,Accounting / Finance,General ledger overview,https://learn.microsoft.com/en-us/dynamics365/finance/general-ledger/general-ledger,OFFICIAL_OR_PRIMARY,PASS,PASS,PASS,RETAIN,Official/primary source with a recorded finding and no restricted-source/module mismatch.,2026-08-31
PFD-LEG-01029,ACC-P12-BM-030-B,F482,Accounting / Finance,Oracle Financials documentation,https://docs.oracle.com/en/cloud/saas/financials/,OFFICIAL_OR_PRIMARY,PASS,PASS,PASS,RETAIN,Official/primary source with a recorded finding and no restricted-source/module mismatch.,2026-08-31
PFD-LEG-01030,ACC-P12-BM-031-A,F483,Accounting / Finance,CBIC GST portal,https://cbic-gst.gov.in/,OFFICIAL_OR_PRIMARY,PASS,PASS,PASS,RETAIN,Official/primary source with a recorded finding and no restricted-source/module mismatch.,2026-08-31
PFD-LEG-01031,ACC-P12-BM-031-B,F483,Accounting / Finance,Oracle Financials documentation,https://docs.oracle.com/en/cloud/saas/financials/,OFFICIAL_OR_PRIMARY,PASS,PASS,PASS,RETAIN,Official/primary source with a recorded finding and no restricted-source/module mismatch.,2026-08-31
PFD-LEG-01032,ACC-P12-BM-032-A,F484,Accounting / Finance,CBIC GST portal,https://cbic-gst.gov.in/,OFFICIAL_OR_PRIMARY,PASS,PASS,PASS,RETAIN,Official/primary source with a recorded finding and no restricted-source/module mismatch.,2026-08-31
PFD-LEG-01033,ACC-P12-BM-032-B,F484,Accounting / Finance,Oracle Financials documentation,https://docs.oracle.com/en/cloud/saas/financials/,OFFICIAL_OR_PRIMARY,PASS,PASS,PASS,RETAIN,Official/primary source with a recorded finding and no restricted-source/module mismatch.,2026-08-31
PFD-LEG-01034,ACC-P12-BM-033-A,F485,Accounting / Finance,Income Tax Department official portal,https://www.incometax.gov.in/iec/foportal/,OFFICIAL_OR_PRIMARY,PASS,FAIL,PASS,REMAP_REQUIRED,Income-tax evidence is restricted to TDS/tax/statutory scope.,2026-08-31
PFD-LEG-01035,ACC-P12-BM-033-B,F485,Accounting / Finance,Oracle Financials documentation,https://docs.oracle.com/en/cloud/saas/financials/,OFFICIAL_OR_PRIMARY,PASS,PASS,PASS,RETAIN,Official/primary source with a recorded finding and no restricted-source/module mismatch.,2026-08-31
PFD-LEG-01036,ACC-P12-BM-034-A,F486,Accounting / Finance,Income Tax Department official portal,https://www.incometax.gov.in/iec/foportal/,OFFICIAL_OR_PRIMARY,PASS,FAIL,PASS,REMAP_REQUIRED,Income-tax evidence is restricted to TDS/tax/statutory scope.,2026-08-31
PFD-LEG-01037,ACC-P12-BM-034-B,F486,Accounting / Finance,Oracle Financials documentation,https://docs.oracle.com/en/cloud/saas/financials/,OFFICIAL_OR_PRIMARY,PASS,PASS,PASS,RETAIN,Official/primary source with a recorded finding and no restricted-source/module mismatch.,2026-08-31
PFD-LEG-01038,ACC-P12-BM-035-A,F487,Accounting / Finance,General ledger overview,https://learn.microsoft.com/en-us/dynamics365/finance/general-ledger/general-ledger,OFFICIAL_OR_PRIMARY,PASS,PASS,PASS,RETAIN,Official/primary source with a recorded finding and no restricted-source/module mismatch.,2026-08-31
PFD-LEG-01039,ACC-P12-BM-035-B,F487,Accounting / Finance,Oracle Financials documentation,https://docs.oracle.com/en/cloud/saas/financials/,OFFICIAL_OR_PRIMARY,PASS,PASS,PASS,RETAIN,Official/primary source with a recorded finding and no restricted-source/module mismatch.,2026-08-31
PFD-LEG-01040,ACC-P12-BM-036-A,F488,Accounting / Finance,General ledger overview,https://learn.microsoft.com/en-us/dynamics365/finance/general-ledger/general-ledger,OFFICIAL_OR_PRIMARY,PASS,PASS,PASS,RETAIN,Official/primary source with a recorded finding and no restricted-source/module mismatch.,2026-08-31
PFD-LEG-01041,ACC-P12-BM-036-B,F488,Accounting / Finance,Odoo Accounting documentation,https://www.odoo.com/documentation/19.0/applications/finance/accounting.html,OFFICIAL_OR_PRIMARY,PASS,PASS,PASS,RETAIN,Official/primary source with a recorded finding and no restricted-source/module mismatch.,2026-08-31
PFD-LEG-01042,ACC-P12-BM-037-A,F489,Accounting / Finance,General ledger overview,https://learn.microsoft.com/en-us/dynamics365/finance/general-ledger/general-ledger,OFFICIAL_OR_PRIMARY,PASS,PASS,PASS,RETAIN,Official/primary source with a recorded finding and no restricted-source/module mismatch.,2026-08-31
PFD-LEG-01043,ACC-P12-BM-037-B,F489,Accounting / Finance,Odoo Accounting documentation,https://www.odoo.com/documentation/19.0/applications/finance/accounting.html,OFFICIAL_OR_PRIMARY,PASS,PASS,PASS,RETAIN,Official/primary source with a recorded finding and no restricted-source/module mismatch.,2026-08-31
PFD-LEG-01044,ACC-P12-BM-038-A,F490,Accounting / Finance,General ledger overview,https://learn.microsoft.com/en-us/dynamics365/finance/general-ledger/general-ledger,OFFICIAL_OR_PRIMARY,PASS,PASS,PASS,RETAIN,Official/primary source with a recorded finding and no restricted-source/module mismatch.,2026-08-31
PFD-LEG-01045,ACC-P12-BM-038-B,F490,Accounting / Finance,Odoo Accounting documentation,https://www.odoo.com/documentation/19.0/applications/finance/accounting.html,OFFICIAL_OR_PRIMARY,PASS,PASS,PASS,RETAIN,Official/primary source with a recorded finding and no restricted-source/module mismatch.,2026-08-31
PFD-LEG-01046,ACC-P12-BM-039-A,F491,Accounting / Finance,General ledger overview,https://learn.microsoft.com/en-us/dynamics365/finance/general-ledger/general-ledger,OFFICIAL_OR_PRIMARY,PASS,PASS,PASS,RETAIN,Official/primary source with a recorded finding and no restricted-source/module mismatch.,2026-08-31
PFD-LEG-01047,ACC-P12-BM-039-B,F491,Accounting / Finance,Odoo Accounting documentation,https://www.odoo.com/documentation/19.0/applications/finance/accounting.html,OFFICIAL_OR_PRIMARY,PASS,PASS,PASS,RETAIN,Official/primary source with a recorded finding and no restricted-source/module mismatch.,2026-08-31
PFD-LEG-01048,ACC-P12-BM-040-A,F492,Accounting / Finance,General ledger overview,https://learn.microsoft.com/en-us/dynamics365/finance/general-ledger/general-ledger,OFFICIAL_OR_PRIMARY,PASS,PASS,PASS,RETAIN,Official/primary source with a recorded finding and no restricted-source/module mismatch.,2026-08-31
PFD-LEG-01049,ACC-P12-BM-040-B,F492,Accounting / Finance,Odoo Accounting documentation,https://www.odoo.com/documentation/19.0/applications/finance/accounting.html,OFFICIAL_OR_PRIMARY,PASS,PASS,PASS,RETAIN,Official/primary source with a recorded finding and no restricted-source/module mismatch.,2026-08-31
PFD-LEG-01050,ACC-P12-BM-041-A,F493,Accounting / Finance,General ledger overview,https://learn.microsoft.com/en-us/dynamics365/finance/general-ledger/general-ledger,OFFICIAL_OR_PRIMARY,PASS,PASS,PASS,RETAIN,Official/primary source with a recorded finding and no restricted-source/module mismatch.,2026-08-31
PFD-LEG-01051,ACC-P12-BM-041-B,F493,Accounting / Finance,Odoo Accounting documentation,https://www.odoo.com/documentation/19.0/applications/finance/accounting.html,OFFICIAL_OR_PRIMARY,PASS,PASS,PASS,RETAIN,Official/primary source with a recorded finding and no restricted-source/module mismatch.,2026-08-31
PFD-LEG-01052,ACC-P12-BM-042-A,F494,Accounting / Finance,Financial consolidations and currency translation overview,https://learn.microsoft.com/en-us/dynamics365/finance/general-ledger/financial-consolidations-currency-translation,OFFICIAL_OR_PRIMARY,PASS,PASS,PASS,RETAIN,Official/primary source with a recorded finding and no restricted-source/module mismatch.,2026-08-31
PFD-LEG-01053,ACC-P12-BM-042-B,F494,Accounting / Finance,Oracle Financials documentation,https://docs.oracle.com/en/cloud/saas/financials/,OFFICIAL_OR_PRIMARY,PASS,PASS,PASS,RETAIN,Official/primary source with a recorded finding and no restricted-source/module mismatch.,2026-08-31
PFD-LEG-01054,ACC-P12-BM-043-A,F495,Accounting / Finance,Financial consolidations and currency translation overview,https://learn.microsoft.com/en-us/dynamics365/finance/general-ledger/financial-consolidations-currency-translation,OFFICIAL_OR_PRIMARY,PASS,PASS,PASS,RETAIN,Official/primary source with a recorded finding and no restricted-source/module mismatch.,2026-08-31
PFD-LEG-01055,ACC-P12-BM-043-B,F495,Accounting / Finance,Oracle Financials documentation,https://docs.oracle.com/en/cloud/saas/financials/,OFFICIAL_OR_PRIMARY,PASS,PASS,PASS,RETAIN,Official/primary source with a recorded finding and no restricted-source/module mismatch.,2026-08-31
PFD-LEG-01056,ACC-P12-BM-044-A,F496,Accounting / Finance,Financial consolidations and currency translation overview,https://learn.microsoft.com/en-us/dynamics365/finance/general-ledger/financial-consolidations-currency-translation,OFFICIAL_OR_PRIMARY,PASS,PASS,PASS,RETAIN,Official/primary source with a recorded finding and no restricted-source/module mismatch.,2026-08-31
PFD-LEG-01057,ACC-P12-BM-044-B,F496,Accounting / Finance,Oracle Financials documentation,https://docs.oracle.com/en/cloud/saas/financials/,OFFICIAL_OR_PRIMARY,PASS,PASS,PASS,RETAIN,Official/primary source with a recorded finding and no restricted-source/module mismatch.,2026-08-31
PFD-LEG-01058,ACC-P12-BM-045-A,F497,Accounting / Finance,Financial consolidations and currency translation overview,https://learn.microsoft.com/en-us/dynamics365/finance/general-ledger/financial-consolidations-currency-translation,OFFICIAL_OR_PRIMARY,PASS,PASS,PASS,RETAIN,Official/primary source with a recorded finding and no restricted-source/module mismatch.,2026-08-31
PFD-LEG-01059,ACC-P12-BM-045-B,F497,Accounting / Finance,Oracle Financials documentation,https://docs.oracle.com/en/cloud/saas/financials/,OFFICIAL_OR_PRIMARY,PASS,PASS,PASS,RETAIN,Official/primary source with a recorded finding and no restricted-source/module mismatch.,2026-08-31
PFD-LEG-01060,ACC-P12-BM-046-A,F498,Accounting / Finance,Financial consolidations and currency translation overview,https://learn.microsoft.com/en-us/dynamics365/finance/general-ledger/financial-consolidations-currency-translation,OFFICIAL_OR_PRIMARY,PASS,PASS,PASS,RETAIN,Official/primary source with a recorded finding and no restricted-source/module mismatch.,2026-08-31
PFD-LEG-01061,ACC-P12-BM-046-B,F498,Accounting / Finance,Oracle Financials documentation,https://docs.oracle.com/en/cloud/saas/financials/,OFFICIAL_OR_PRIMARY,PASS,PASS,PASS,RETAIN,Official/primary source with a recorded finding and no restricted-source/module mismatch.,2026-08-31
PFD-LEG-01062,ACC-P12-BM-047-A,F499,Accounting / Finance,Financial consolidations and currency translation overview,https://learn.microsoft.com/en-us/dynamics365/finance/general-ledger/financial-consolidations-currency-translation,OFFICIAL_OR_PRIMARY,PASS,PASS,PASS,RETAIN,Official/primary source with a recorded finding and no restricted-source/module mismatch.,2026-08-31
PFD-LEG-01063,ACC-P12-BM-047-B,F499,Accounting / Finance,Oracle Financials documentation,https://docs.oracle.com/en/cloud/saas/financials/,OFFICIAL_OR_PRIMARY,PASS,PASS,PASS,RETAIN,Official/primary source with a recorded finding and no restricted-source/module mismatch.,2026-08-31
PFD-LEG-01064,ACC-P12-BM-048-A,F500,Accounting / Finance,General ledger overview,https://learn.microsoft.com/en-us/dynamics365/finance/general-ledger/general-ledger,OFFICIAL_OR_PRIMARY,PASS,PASS,PASS,RETAIN,Official/primary source with a recorded finding and no restricted-source/module mismatch.,2026-08-31
PFD-LEG-01065,ACC-P12-BM-048-B,F500,Accounting / Finance,Oracle Financials documentation,https://docs.oracle.com/en/cloud/saas/financials/,OFFICIAL_OR_PRIMARY,PASS,PASS,PASS,RETAIN,Official/primary source with a recorded finding and no restricted-source/module mismatch.,2026-08-31
PFD-LEG-01066,ACC-P12-BM-049-A,F501,Accounting / Finance,General ledger overview,https://learn.microsoft.com/en-us/dynamics365/finance/general-ledger/general-ledger,OFFICIAL_OR_PRIMARY,PASS,PASS,PASS,RETAIN,Official/primary source with a recorded finding and no restricted-source/module mismatch.,2026-08-31
PFD-LEG-01067,ACC-P12-BM-049-B,F501,Accounting / Finance,Odoo Accounting documentation,https://www.odoo.com/documentation/19.0/applications/finance/accounting.html,OFFICIAL_OR_PRIMARY,PASS,PASS,PASS,RETAIN,Official/primary source with a recorded finding and no restricted-source/module mismatch.,2026-08-31
PFD-LEG-01068,ACC-P12-BM-050-A,F502,Accounting / Finance,General ledger overview,https://learn.microsoft.com/en-us/dynamics365/finance/general-ledger/general-ledger,OFFICIAL_OR_PRIMARY,PASS,PASS,PASS,RETAIN,Official/primary source with a recorded finding and no restricted-source/module mismatch.,2026-08-31
PFD-LEG-01069,ACC-P12-BM-050-B,F502,Accounting / Finance,Odoo Accounting documentation,https://www.odoo.com/documentation/19.0/applications/finance/accounting.html,OFFICIAL_OR_PRIMARY,PASS,PASS,PASS,RETAIN,Official/primary source with a recorded finding and no restricted-source/module mismatch.,2026-08-31
PFD-LEG-01070,ACC-P12-BM-051-A,F503,Accounting / Finance,General ledger overview,https://learn.microsoft.com/en-us/dynamics365/finance/general-ledger/general-ledger,OFFICIAL_OR_PRIMARY,PASS,PASS,PASS,RETAIN,Official/primary source with a recorded finding and no restricted-source/module mismatch.,2026-08-31
PFD-LEG-01071,ACC-P12-BM-051-B,F503,Accounting / Finance,Odoo Accounting documentation,https://www.odoo.com/documentation/19.0/applications/finance/accounting.html,OFFICIAL_OR_PRIMARY,PASS,PASS,PASS,RETAIN,Official/primary source with a recorded finding and no restricted-source/module mismatch.,2026-08-31
PFD-LEG-01072,ACC-P12-BM-052-A,F504,Accounting / Finance,General ledger overview,https://learn.microsoft.com/en-us/dynamics365/finance/general-ledger/general-ledger,OFFICIAL_OR_PRIMARY,PASS,PASS,PASS,RETAIN,Official/primary source with a recorded finding and no restricted-source/module mismatch.,2026-08-31
PFD-LEG-01073,ACC-P12-BM-052-B,F504,Accounting / Finance,Odoo Accounting documentation,https://www.odoo.com/documentation/19.0/applications/finance/accounting.html,OFFICIAL_OR_PRIMARY,PASS,PASS,PASS,RETAIN,Official/primary source with a recorded finding and no restricted-source/module mismatch.,2026-08-31
PFD-LEG-01074,ACC-P12-BM-053-A,F505,Accounting / Finance,General ledger overview,https://learn.microsoft.com/en-us/dynamics365/finance/general-ledger/general-ledger,OFFICIAL_OR_PRIMARY,PASS,PASS,PASS,RETAIN,Official/primary source with a recorded finding and no restricted-source/module mismatch.,2026-08-31
PFD-LEG-01075,ACC-P12-BM-053-B,F505,Accounting / Finance,Odoo Accounting documentation,https://www.odoo.com/documentation/19.0/applications/finance/accounting.html,OFFICIAL_OR_PRIMARY,PASS,PASS,PASS,RETAIN,Official/primary source with a recorded finding and no restricted-source/module mismatch.,2026-08-31
PFD-LEG-01076,ACC-P12-BM-054-A,F506,Accounting / Finance,General ledger overview,https://learn.microsoft.com/en-us/dynamics365/finance/general-ledger/general-ledger,OFFICIAL_OR_PRIMARY,PASS,PASS,PASS,RETAIN,Official/primary source with a recorded finding and no restricted-source/module mismatch.,2026-08-31
PFD-LEG-01077,ACC-P12-BM-054-B,F506,Accounting / Finance,Odoo Accounting documentation,https://www.odoo.com/documentation/19.0/applications/finance/accounting.html,OFFICIAL_OR_PRIMARY,PASS,PASS,PASS,RETAIN,Official/primary source with a recorded finding and no restricted-source/module mismatch.,2026-08-31
PFD-LEG-01078,ACC-P12-BM-055-A,F507,Accounting / Finance,General ledger overview,https://learn.microsoft.com/en-us/dynamics365/finance/general-ledger/general-ledger,OFFICIAL_OR_PRIMARY,PASS,PASS,PASS,RETAIN,Official/primary source with a recorded finding and no restricted-source/module mismatch.,2026-08-31
PFD-LEG-01079,ACC-P12-BM-055-B,F507,Accounting / Finance,Odoo Accounting documentation,https://www.odoo.com/documentation/19.0/applications/finance/accounting.html,OFFICIAL_OR_PRIMARY,PASS,PASS,PASS,RETAIN,Official/primary source with a recorded finding and no restricted-source/module mismatch.,2026-08-31
PFD-LEG-01080,ACC-P12-BM-056-A,F508,Accounting / Finance,General ledger overview,https://learn.microsoft.com/en-us/dynamics365/finance/general-ledger/general-ledger,OFFICIAL_OR_PRIMARY,PASS,PASS,PASS,RETAIN,Official/primary source with a recorded finding and no restricted-source/module mismatch.,2026-08-31
PFD-LEG-01081,ACC-P12-BM-056-B,F508,Accounting / Finance,Odoo Accounting documentation,https://www.odoo.com/documentation/19.0/applications/finance/accounting.html,OFFICIAL_OR_PRIMARY,PASS,PASS,PASS,RETAIN,Official/primary source with a recorded finding and no restricted-source/module mismatch.,2026-08-31
PFD-LEG-01082,ACC-P12-BM-057-A,F509,Accounting / Finance,General ledger overview,https://learn.microsoft.com/en-us/dynamics365/finance/general-ledger/general-ledger,OFFICIAL_OR_PRIMARY,PASS,PASS,PASS,RETAIN,Official/primary source with a recorded finding and no restricted-source/module mismatch.,2026-08-31
PFD-LEG-01083,ACC-P12-BM-057-B,F509,Accounting / Finance,Odoo Accounting documentation,https://www.odoo.com/documentation/19.0/applications/finance/accounting.html,OFFICIAL_OR_PRIMARY,PASS,PASS,PASS,RETAIN,Official/primary source with a recorded finding and no restricted-source/module mismatch.,2026-08-31
PFD-LEG-01084,ACC-P12-BM-058-A,F510,Accounting / Finance,General ledger overview,https://learn.microsoft.com/en-us/dynamics365/finance/general-ledger/general-ledger,OFFICIAL_OR_PRIMARY,PASS,PASS,PASS,RETAIN,Official/primary source with a recorded finding and no restricted-source/module mismatch.,2026-08-31
PFD-LEG-01085,ACC-P12-BM-058-B,F510,Accounting / Finance,Odoo Accounting documentation,https://www.odoo.com/documentation/19.0/applications/finance/accounting.html,OFFICIAL_OR_PRIMARY,PASS,PASS,PASS,RETAIN,Official/primary source with a recorded finding and no restricted-source/module mismatch.,2026-08-31
