feature_id,feature_name,module,dossier_path,capability_requirement_ids,flow_requirement_ids,business_rule_ids,data_requirement_ids,validation_ids,calculation_ids,ux_ids,security_ids,integration_ids,api_ids,e2e_ids,uat_ids,semantic_review_status,semantic_subcapability_count,flow_state_review_status,pass_c_flow_ids,pass_c_transition_ids,benchmark_relevance_review_status,pass_d_benchmark_ids,architecture_status,server_domain_area,web_experience_area,mobile_classification,primary_wave,planned_test_ids,implementation_authorization,product_readiness
F001,Leads,CRM,docs/03-modules/crm/features/F001-leads.md,F001-CAP-001;F001-CAP-002;F001-CAP-003,F001-FLOW-001;F001-FLOW-002,F001-BR-001;F001-BR-002,F001-DATA-001;F001-DATA-002,F001-VAL-001;F001-VAL-002,F001-CALC-001,F001-UX-001;F001-UX-002;F001-UX-003,F001-SEC-001;F001-SEC-002,F001-INT-001;F001-INT-002,F001-API-001;F001-API-002,F001-E2E-001;F001-E2E-002,F001-UAT-001;F001-UAT-002,APPROVED,8,APPROVED,F001-PFC-01;F001-PFC-02;F001-PFC-03;F001-PFC-04;F001-PFC-05;F001-PFC-06;F001-PFC-07;F001-PFC-08;F001-PFC-09;F001-PFC-10,F001-STM-01;F001-STM-02;F001-STM-03;F001-STM-04;F001-STM-05,APPROVED,PFD-BM-F001-1;PFD-BM-F001-2,APPROVED,services/api/src/modules/crm,apps/web/src/modules/crm,FULL,W03,PVT-F001-CAP-001;PVT-F001-CAP-002;PVT-F001-CAP-003;TST-F001-FR-001;PVT-F001-FR-001;TST-F001-FR-002;PVT-F001-FR-002;TST-F001-FR-003;PVT-F001-FR-003;PVT-F001-US-001;PVT-F001-US-002;PVT-F001-FLOW-001;PVT-F001-FLOW-002;TST-F001-BR-001;PVT-F001-BR-001;TST-F001-BR-002;PVT-F001-BR-002;PVT-F001-DATA-001;PVT-F001-DATA-002;TST-F001-VAL-001;PVT-F001-VAL-001;TST-F001-VAL-002;PVT-F001-VAL-002;TST-F001-CALC-001;PVT-F001-CALC-001;PVT-F001-UX-001;PVT-F001-UX-002;PVT-F001-UX-003;TST-F001-SEC-001;PVT-F001-SEC-001;TST-F001-SEC-002;PVT-F001-SEC-002;PVT-F001-AUTO-001;PVT-F001-APP-001;PVT-F001-NOTIF-001;PVT-F001-REP-001;PVT-F001-AI-001;TST-F001-INT-001;PVT-F001-INT-001;TST-F001-INT-002;PVT-F001-INT-002;TST-F001-API-001;PVT-F001-API-001;TST-F001-API-002;PVT-F001-API-002;TST-F001-PERF-001;PVT-F001-PERF-001;TST-F001-OBS-001;PVT-F001-OBS-001;TST-F001-E2E-001;PVT-F001-E2E-001;TST-F001-E2E-002;PVT-F001-E2E-002;TST-F001-UAT-001;PVT-F001-UAT-001;TST-F001-UAT-002;PVT-F001-UAT-002,AUTHORIZED_BY_PASS_F_SUBJECT_TO_WAVE_DEPENDENCIES,NOT_READY
F002,Accounts / companies,CRM,docs/03-modules/crm/features/F002-accounts-companies.md,F002-CAP-001;F002-CAP-002;F002-CAP-003,F002-FLOW-001;F002-FLOW-002,F002-BR-001;F002-BR-002,F002-DATA-001;F002-DATA-002,F002-VAL-001;F002-VAL-002,F002-CALC-001,F002-UX-001;F002-UX-002;F002-UX-003,F002-SEC-001;F002-SEC-002,F002-INT-001;F002-INT-002,F002-API-001;F002-API-002,F002-E2E-001;F002-E2E-002,F002-UAT-001;F002-UAT-002,APPROVED,8,APPROVED,F002-PFC-01;F002-PFC-02;F002-PFC-03;F002-PFC-04;F002-PFC-05;F002-PFC-06;F002-PFC-07;F002-PFC-08;F002-PFC-09;F002-PFC-10,F002-STM-01;F002-STM-02;F002-STM-03;F002-STM-04;F002-STM-05,APPROVED,PFD-BM-F002-1;PFD-BM-F002-2,APPROVED,services/api/src/modules/crm,apps/web/src/modules/crm,FULL,W03,PVT-F002-CAP-001;PVT-F002-CAP-002;PVT-F002-CAP-003;TST-F002-FR-001;PVT-F002-FR-001;TST-F002-FR-002;PVT-F002-FR-002;TST-F002-FR-003;PVT-F002-FR-003;PVT-F002-US-001;PVT-F002-US-002;PVT-F002-FLOW-001;PVT-F002-FLOW-002;TST-F002-BR-001;PVT-F002-BR-001;TST-F002-BR-002;PVT-F002-BR-002;PVT-F002-DATA-001;PVT-F002-DATA-002;TST-F002-VAL-001;PVT-F002-VAL-001;TST-F002-VAL-002;PVT-F002-VAL-002;TST-F002-CALC-001;PVT-F002-CALC-001;PVT-F002-UX-001;PVT-F002-UX-002;PVT-F002-UX-003;TST-F002-SEC-001;PVT-F002-SEC-001;TST-F002-SEC-002;PVT-F002-SEC-002;PVT-F002-AUTO-001;PVT-F002-APP-001;PVT-F002-NOTIF-001;PVT-F002-REP-001;PVT-F002-AI-001;TST-F002-INT-001;PVT-F002-INT-001;TST-F002-INT-002;PVT-F002-INT-002;TST-F002-API-001;PVT-F002-API-001;TST-F002-API-002;PVT-F002-API-002;TST-F002-PERF-001;PVT-F002-PERF-001;TST-F002-OBS-001;PVT-F002-OBS-001;TST-F002-E2E-001;PVT-F002-E2E-001;TST-F002-E2E-002;PVT-F002-E2E-002;TST-F002-UAT-001;PVT-F002-UAT-001;TST-F002-UAT-002;PVT-F002-UAT-002,AUTHORIZED_BY_PASS_F_SUBJECT_TO_WAVE_DEPENDENCIES,NOT_READY
F003,Contacts,CRM,docs/03-modules/crm/features/F003-contacts.md,F003-CAP-001;F003-CAP-002;F003-CAP-003,F003-FLOW-001;F003-FLOW-002,F003-BR-001;F003-BR-002,F003-DATA-001;F003-DATA-002,F003-VAL-001;F003-VAL-002,F003-CALC-001,F003-UX-001;F003-UX-002;F003-UX-003,F003-SEC-001;F003-SEC-002,F003-INT-001;F003-INT-002,F003-API-001;F003-API-002,F003-E2E-001;F003-E2E-002,F003-UAT-001;F003-UAT-002,APPROVED,8,APPROVED,F003-PFC-01;F003-PFC-02;F003-PFC-03;F003-PFC-04;F003-PFC-05;F003-PFC-06;F003-PFC-07;F003-PFC-08;F003-PFC-09;F003-PFC-10,F003-STM-01;F003-STM-02;F003-STM-03;F003-STM-04;F003-STM-05,APPROVED,PFD-BM-F003-1;PFD-BM-F003-2,APPROVED,services/api/src/modules/crm,apps/web/src/modules/crm,FULL,W03,PVT-F003-CAP-001;PVT-F003-CAP-002;PVT-F003-CAP-003;TST-F003-FR-001;PVT-F003-FR-001;TST-F003-FR-002;PVT-F003-FR-002;TST-F003-FR-003;PVT-F003-FR-003;PVT-F003-US-001;PVT-F003-US-002;PVT-F003-FLOW-001;PVT-F003-FLOW-002;TST-F003-BR-001;PVT-F003-BR-001;TST-F003-BR-002;PVT-F003-BR-002;PVT-F003-DATA-001;PVT-F003-DATA-002;TST-F003-VAL-001;PVT-F003-VAL-001;TST-F003-VAL-002;PVT-F003-VAL-002;TST-F003-CALC-001;PVT-F003-CALC-001;PVT-F003-UX-001;PVT-F003-UX-002;PVT-F003-UX-003;TST-F003-SEC-001;PVT-F003-SEC-001;TST-F003-SEC-002;PVT-F003-SEC-002;PVT-F003-AUTO-001;PVT-F003-APP-001;PVT-F003-NOTIF-001;PVT-F003-REP-001;PVT-F003-AI-001;TST-F003-INT-001;PVT-F003-INT-001;TST-F003-INT-002;PVT-F003-INT-002;TST-F003-API-001;PVT-F003-API-001;TST-F003-API-002;PVT-F003-API-002;TST-F003-PERF-001;PVT-F003-PERF-001;TST-F003-OBS-001;PVT-F003-OBS-001;TST-F003-E2E-001;PVT-F003-E2E-001;TST-F003-E2E-002;PVT-F003-E2E-002;TST-F003-UAT-001;PVT-F003-UAT-001;TST-F003-UAT-002;PVT-F003-UAT-002,AUTHORIZED_BY_PASS_F_SUBJECT_TO_WAVE_DEPENDENCIES,NOT_READY
F004,Lead sources,CRM,docs/03-modules/crm/features/F004-lead-sources.md,F004-CAP-001;F004-CAP-002;F004-CAP-003,F004-FLOW-001;F004-FLOW-002,F004-BR-001;F004-BR-002,F004-DATA-001;F004-DATA-002,F004-VAL-001;F004-VAL-002,F004-CALC-001,F004-UX-001;F004-UX-002;F004-UX-003,F004-SEC-001;F004-SEC-002,F004-INT-001;F004-INT-002,F004-API-001;F004-API-002,F004-E2E-001;F004-E2E-002,F004-UAT-001;F004-UAT-002,APPROVED,8,APPROVED,F004-PFC-01;F004-PFC-02;F004-PFC-03;F004-PFC-04;F004-PFC-05;F004-PFC-06;F004-PFC-07;F004-PFC-08;F004-PFC-09;F004-PFC-10,F004-STM-01;F004-STM-02;F004-STM-03;F004-STM-04;F004-STM-05,APPROVED,PFD-BM-F004-1;PFD-BM-F004-2,APPROVED,services/api/src/modules/crm,apps/web/src/modules/crm,FULL,W03,PVT-F004-CAP-001;PVT-F004-CAP-002;PVT-F004-CAP-003;TST-F004-FR-001;PVT-F004-FR-001;TST-F004-FR-002;PVT-F004-FR-002;TST-F004-FR-003;PVT-F004-FR-003;PVT-F004-US-001;PVT-F004-US-002;PVT-F004-FLOW-001;PVT-F004-FLOW-002;TST-F004-BR-001;PVT-F004-BR-001;TST-F004-BR-002;PVT-F004-BR-002;PVT-F004-DATA-001;PVT-F004-DATA-002;TST-F004-VAL-001;PVT-F004-VAL-001;TST-F004-VAL-002;PVT-F004-VAL-002;TST-F004-CALC-001;PVT-F004-CALC-001;PVT-F004-UX-001;PVT-F004-UX-002;PVT-F004-UX-003;TST-F004-SEC-001;PVT-F004-SEC-001;TST-F004-SEC-002;PVT-F004-SEC-002;PVT-F004-AUTO-001;PVT-F004-APP-001;PVT-F004-NOTIF-001;PVT-F004-REP-001;PVT-F004-AI-001;TST-F004-INT-001;PVT-F004-INT-001;TST-F004-INT-002;PVT-F004-INT-002;TST-F004-API-001;PVT-F004-API-001;TST-F004-API-002;PVT-F004-API-002;TST-F004-PERF-001;PVT-F004-PERF-001;TST-F004-OBS-001;PVT-F004-OBS-001;TST-F004-E2E-001;PVT-F004-E2E-001;TST-F004-E2E-002;PVT-F004-E2E-002;TST-F004-UAT-001;PVT-F004-UAT-001;TST-F004-UAT-002;PVT-F004-UAT-002,AUTHORIZED_BY_PASS_F_SUBJECT_TO_WAVE_DEPENDENCIES,NOT_READY
F005,Lead assignment,CRM,docs/03-modules/crm/features/F005-lead-assignment.md,F005-CAP-001;F005-CAP-002;F005-CAP-003,F005-FLOW-001;F005-FLOW-002,F005-BR-001;F005-BR-002,F005-DATA-001;F005-DATA-002,F005-VAL-001;F005-VAL-002,F005-CALC-001,F005-UX-001;F005-UX-002;F005-UX-003,F005-SEC-001;F005-SEC-002,F005-INT-001;F005-INT-002,F005-API-001;F005-API-002,F005-E2E-001;F005-E2E-002,F005-UAT-001;F005-UAT-002,APPROVED,8,APPROVED,F005-PFC-01;F005-PFC-02;F005-PFC-03;F005-PFC-04;F005-PFC-05;F005-PFC-06;F005-PFC-07;F005-PFC-08;F005-PFC-09;F005-PFC-10,F005-STM-01;F005-STM-02;F005-STM-03;F005-STM-04;F005-STM-05,APPROVED,PFD-BM-F005-1;PFD-BM-F005-2,APPROVED,services/api/src/modules/crm,apps/web/src/modules/crm,FULL,W03,PVT-F005-CAP-001;PVT-F005-CAP-002;PVT-F005-CAP-003;TST-F005-FR-001;PVT-F005-FR-001;TST-F005-FR-002;PVT-F005-FR-002;TST-F005-FR-003;PVT-F005-FR-003;PVT-F005-US-001;PVT-F005-US-002;PVT-F005-FLOW-001;PVT-F005-FLOW-002;TST-F005-BR-001;PVT-F005-BR-001;TST-F005-BR-002;PVT-F005-BR-002;PVT-F005-DATA-001;PVT-F005-DATA-002;TST-F005-VAL-001;PVT-F005-VAL-001;TST-F005-VAL-002;PVT-F005-VAL-002;TST-F005-CALC-001;PVT-F005-CALC-001;PVT-F005-UX-001;PVT-F005-UX-002;PVT-F005-UX-003;TST-F005-SEC-001;PVT-F005-SEC-001;TST-F005-SEC-002;PVT-F005-SEC-002;PVT-F005-AUTO-001;PVT-F005-APP-001;PVT-F005-NOTIF-001;PVT-F005-REP-001;PVT-F005-AI-001;TST-F005-INT-001;PVT-F005-INT-001;TST-F005-INT-002;PVT-F005-INT-002;TST-F005-API-001;PVT-F005-API-001;TST-F005-API-002;PVT-F005-API-002;TST-F005-PERF-001;PVT-F005-PERF-001;TST-F005-OBS-001;PVT-F005-OBS-001;TST-F005-E2E-001;PVT-F005-E2E-001;TST-F005-E2E-002;PVT-F005-E2E-002;TST-F005-UAT-001;PVT-F005-UAT-001;TST-F005-UAT-002;PVT-F005-UAT-002,AUTHORIZED_BY_PASS_F_SUBJECT_TO_WAVE_DEPENDENCIES,NOT_READY
F006,Lead qualification,CRM,docs/03-modules/crm/features/F006-lead-qualification.md,F006-CAP-001;F006-CAP-002;F006-CAP-003,F006-FLOW-001;F006-FLOW-002,F006-BR-001;F006-BR-002,F006-DATA-001;F006-DATA-002,F006-VAL-001;F006-VAL-002,F006-CALC-001,F006-UX-001;F006-UX-002;F006-UX-003,F006-SEC-001;F006-SEC-002,F006-INT-001;F006-INT-002,F006-API-001;F006-API-002,F006-E2E-001;F006-E2E-002,F006-UAT-001;F006-UAT-002,APPROVED,8,APPROVED,F006-PFC-01;F006-PFC-02;F006-PFC-03;F006-PFC-04;F006-PFC-05;F006-PFC-06;F006-PFC-07;F006-PFC-08;F006-PFC-09;F006-PFC-10,F006-STM-01;F006-STM-02;F006-STM-03;F006-STM-04;F006-STM-05,APPROVED,PFD-BM-F006-1;PFD-BM-F006-2,APPROVED,services/api/src/modules/crm,apps/web/src/modules/crm,FULL,W03,PVT-F006-CAP-001;PVT-F006-CAP-002;PVT-F006-CAP-003;TST-F006-FR-001;PVT-F006-FR-001;TST-F006-FR-002;PVT-F006-FR-002;TST-F006-FR-003;PVT-F006-FR-003;PVT-F006-US-001;PVT-F006-US-002;PVT-F006-FLOW-001;PVT-F006-FLOW-002;TST-F006-BR-001;PVT-F006-BR-001;TST-F006-BR-002;PVT-F006-BR-002;PVT-F006-DATA-001;PVT-F006-DATA-002;TST-F006-VAL-001;PVT-F006-VAL-001;TST-F006-VAL-002;PVT-F006-VAL-002;TST-F006-CALC-001;PVT-F006-CALC-001;PVT-F006-UX-001;PVT-F006-UX-002;PVT-F006-UX-003;TST-F006-SEC-001;PVT-F006-SEC-001;TST-F006-SEC-002;PVT-F006-SEC-002;PVT-F006-AUTO-001;PVT-F006-APP-001;PVT-F006-NOTIF-001;PVT-F006-REP-001;PVT-F006-AI-001;TST-F006-INT-001;PVT-F006-INT-001;TST-F006-INT-002;PVT-F006-INT-002;TST-F006-API-001;PVT-F006-API-001;TST-F006-API-002;PVT-F006-API-002;TST-F006-PERF-001;PVT-F006-PERF-001;TST-F006-OBS-001;PVT-F006-OBS-001;TST-F006-E2E-001;PVT-F006-E2E-001;TST-F006-E2E-002;PVT-F006-E2E-002;TST-F006-UAT-001;PVT-F006-UAT-001;TST-F006-UAT-002;PVT-F006-UAT-002,AUTHORIZED_BY_PASS_F_SUBJECT_TO_WAVE_DEPENDENCIES,NOT_READY
F007,Lead stages and statuses,CRM,docs/03-modules/crm/features/F007-lead-stages-and-statuses.md,F007-CAP-001;F007-CAP-002;F007-CAP-003,F007-FLOW-001;F007-FLOW-002,F007-BR-001;F007-BR-002,F007-DATA-001;F007-DATA-002,F007-VAL-001;F007-VAL-002,F007-CALC-001,F007-UX-001;F007-UX-002;F007-UX-003,F007-SEC-001;F007-SEC-002,F007-INT-001;F007-INT-002,F007-API-001;F007-API-002,F007-E2E-001;F007-E2E-002,F007-UAT-001;F007-UAT-002,APPROVED,8,APPROVED,F007-PFC-01;F007-PFC-02;F007-PFC-03;F007-PFC-04;F007-PFC-05;F007-PFC-06;F007-PFC-07;F007-PFC-08;F007-PFC-09;F007-PFC-10,F007-STM-01;F007-STM-02;F007-STM-03;F007-STM-04;F007-STM-05,APPROVED,PFD-BM-F007-1;PFD-BM-F007-2,APPROVED,services/api/src/modules/crm,apps/web/src/modules/crm,FULL,W03,PVT-F007-CAP-001;PVT-F007-CAP-002;PVT-F007-CAP-003;TST-F007-FR-001;PVT-F007-FR-001;TST-F007-FR-002;PVT-F007-FR-002;TST-F007-FR-003;PVT-F007-FR-003;PVT-F007-US-001;PVT-F007-US-002;PVT-F007-FLOW-001;PVT-F007-FLOW-002;TST-F007-BR-001;PVT-F007-BR-001;TST-F007-BR-002;PVT-F007-BR-002;PVT-F007-DATA-001;PVT-F007-DATA-002;TST-F007-VAL-001;PVT-F007-VAL-001;TST-F007-VAL-002;PVT-F007-VAL-002;TST-F007-CALC-001;PVT-F007-CALC-001;PVT-F007-UX-001;PVT-F007-UX-002;PVT-F007-UX-003;TST-F007-SEC-001;PVT-F007-SEC-001;TST-F007-SEC-002;PVT-F007-SEC-002;PVT-F007-AUTO-001;PVT-F007-APP-001;PVT-F007-NOTIF-001;PVT-F007-REP-001;PVT-F007-AI-001;TST-F007-INT-001;PVT-F007-INT-001;TST-F007-INT-002;PVT-F007-INT-002;TST-F007-API-001;PVT-F007-API-001;TST-F007-API-002;PVT-F007-API-002;TST-F007-PERF-001;PVT-F007-PERF-001;TST-F007-OBS-001;PVT-F007-OBS-001;TST-F007-E2E-001;PVT-F007-E2E-001;TST-F007-E2E-002;PVT-F007-E2E-002;TST-F007-UAT-001;PVT-F007-UAT-001;TST-F007-UAT-002;PVT-F007-UAT-002,AUTHORIZED_BY_PASS_F_SUBJECT_TO_WAVE_DEPENDENCIES,NOT_READY
F008,Duplicate detection,CRM,docs/03-modules/crm/features/F008-duplicate-detection.md,F008-CAP-001;F008-CAP-002;F008-CAP-003,F008-FLOW-001;F008-FLOW-002,F008-BR-001;F008-BR-002,F008-DATA-001;F008-DATA-002,F008-VAL-001;F008-VAL-002,F008-CALC-001,F008-UX-001;F008-UX-002;F008-UX-003,F008-SEC-001;F008-SEC-002,F008-INT-001;F008-INT-002,F008-API-001;F008-API-002,F008-E2E-001;F008-E2E-002,F008-UAT-001;F008-UAT-002,APPROVED,8,APPROVED,F008-PFC-01;F008-PFC-02;F008-PFC-03;F008-PFC-04;F008-PFC-05;F008-PFC-06;F008-PFC-07;F008-PFC-08;F008-PFC-09;F008-PFC-10,F008-STM-01;F008-STM-02;F008-STM-03;F008-STM-04;F008-STM-05,APPROVED,PFD-BM-F008-1;PFD-BM-F008-2,APPROVED,services/api/src/modules/crm,apps/web/src/modules/crm,FULL,W03,PVT-F008-CAP-001;PVT-F008-CAP-002;PVT-F008-CAP-003;TST-F008-FR-001;PVT-F008-FR-001;TST-F008-FR-002;PVT-F008-FR-002;TST-F008-FR-003;PVT-F008-FR-003;PVT-F008-US-001;PVT-F008-US-002;PVT-F008-FLOW-001;PVT-F008-FLOW-002;TST-F008-BR-001;PVT-F008-BR-001;TST-F008-BR-002;PVT-F008-BR-002;PVT-F008-DATA-001;PVT-F008-DATA-002;TST-F008-VAL-001;PVT-F008-VAL-001;TST-F008-VAL-002;PVT-F008-VAL-002;TST-F008-CALC-001;PVT-F008-CALC-001;PVT-F008-UX-001;PVT-F008-UX-002;PVT-F008-UX-003;TST-F008-SEC-001;PVT-F008-SEC-001;TST-F008-SEC-002;PVT-F008-SEC-002;PVT-F008-AUTO-001;PVT-F008-APP-001;PVT-F008-NOTIF-001;PVT-F008-REP-001;PVT-F008-AI-001;TST-F008-INT-001;PVT-F008-INT-001;TST-F008-INT-002;PVT-F008-INT-002;TST-F008-API-001;PVT-F008-API-001;TST-F008-API-002;PVT-F008-API-002;TST-F008-PERF-001;PVT-F008-PERF-001;TST-F008-OBS-001;PVT-F008-OBS-001;TST-F008-E2E-001;PVT-F008-E2E-001;TST-F008-E2E-002;PVT-F008-E2E-002;TST-F008-UAT-001;PVT-F008-UAT-001;TST-F008-UAT-002;PVT-F008-UAT-002,AUTHORIZED_BY_PASS_F_SUBJECT_TO_WAVE_DEPENDENCIES,NOT_READY
F009,Opportunities,CRM,docs/03-modules/crm/features/F009-opportunities.md,F009-CAP-001;F009-CAP-002;F009-CAP-003,F009-FLOW-001;F009-FLOW-002,F009-BR-001;F009-BR-002,F009-DATA-001;F009-DATA-002,F009-VAL-001;F009-VAL-002,F009-CALC-001,F009-UX-001;F009-UX-002;F009-UX-003,F009-SEC-001;F009-SEC-002,F009-INT-001;F009-INT-002,F009-API-001;F009-API-002,F009-E2E-001;F009-E2E-002,F009-UAT-001;F009-UAT-002,APPROVED,8,APPROVED,F009-PFC-01;F009-PFC-02;F009-PFC-03;F009-PFC-04;F009-PFC-05;F009-PFC-06;F009-PFC-07;F009-PFC-08;F009-PFC-09;F009-PFC-10,F009-STM-01;F009-STM-02;F009-STM-03;F009-STM-04;F009-STM-05,APPROVED,PFD-BM-F009-1;PFD-BM-F009-2,APPROVED,services/api/src/modules/crm,apps/web/src/modules/crm,FULL,W03,PVT-F009-CAP-001;PVT-F009-CAP-002;PVT-F009-CAP-003;TST-F009-FR-001;PVT-F009-FR-001;TST-F009-FR-002;PVT-F009-FR-002;TST-F009-FR-003;PVT-F009-FR-003;PVT-F009-US-001;PVT-F009-US-002;PVT-F009-FLOW-001;PVT-F009-FLOW-002;TST-F009-BR-001;PVT-F009-BR-001;TST-F009-BR-002;PVT-F009-BR-002;PVT-F009-DATA-001;PVT-F009-DATA-002;TST-F009-VAL-001;PVT-F009-VAL-001;TST-F009-VAL-002;PVT-F009-VAL-002;TST-F009-CALC-001;PVT-F009-CALC-001;PVT-F009-UX-001;PVT-F009-UX-002;PVT-F009-UX-003;TST-F009-SEC-001;PVT-F009-SEC-001;TST-F009-SEC-002;PVT-F009-SEC-002;PVT-F009-AUTO-001;PVT-F009-APP-001;PVT-F009-NOTIF-001;PVT-F009-REP-001;PVT-F009-AI-001;TST-F009-INT-001;PVT-F009-INT-001;TST-F009-INT-002;PVT-F009-INT-002;TST-F009-API-001;PVT-F009-API-001;TST-F009-API-002;PVT-F009-API-002;TST-F009-PERF-001;PVT-F009-PERF-001;TST-F009-OBS-001;PVT-F009-OBS-001;TST-F009-E2E-001;PVT-F009-E2E-001;TST-F009-E2E-002;PVT-F009-E2E-002;TST-F009-UAT-001;PVT-F009-UAT-001;TST-F009-UAT-002;PVT-F009-UAT-002,AUTHORIZED_BY_PASS_F_SUBJECT_TO_WAVE_DEPENDENCIES,NOT_READY
F010,Opportunity pipeline,CRM,docs/03-modules/crm/features/F010-opportunity-pipeline.md,F010-CAP-001;F010-CAP-002;F010-CAP-003,F010-FLOW-001;F010-FLOW-002,F010-BR-001;F010-BR-002,F010-DATA-001;F010-DATA-002,F010-VAL-001;F010-VAL-002,F010-CALC-001,F010-UX-001;F010-UX-002;F010-UX-003,F010-SEC-001;F010-SEC-002,F010-INT-001;F010-INT-002,F010-API-001;F010-API-002,F010-E2E-001;F010-E2E-002,F010-UAT-001;F010-UAT-002,APPROVED,8,APPROVED,F010-PFC-01;F010-PFC-02;F010-PFC-03;F010-PFC-04;F010-PFC-05;F010-PFC-06;F010-PFC-07;F010-PFC-08;F010-PFC-09;F010-PFC-10,F010-STM-01;F010-STM-02;F010-STM-03;F010-STM-04;F010-STM-05,APPROVED,PFD-BM-F010-1;PFD-BM-F010-2,APPROVED,services/api/src/modules/crm,apps/web/src/modules/crm,FULL,W03,PVT-F010-CAP-001;PVT-F010-CAP-002;PVT-F010-CAP-003;TST-F010-FR-001;PVT-F010-FR-001;TST-F010-FR-002;PVT-F010-FR-002;TST-F010-FR-003;PVT-F010-FR-003;PVT-F010-US-001;PVT-F010-US-002;PVT-F010-FLOW-001;PVT-F010-FLOW-002;TST-F010-BR-001;PVT-F010-BR-001;TST-F010-BR-002;PVT-F010-BR-002;PVT-F010-DATA-001;PVT-F010-DATA-002;TST-F010-VAL-001;PVT-F010-VAL-001;TST-F010-VAL-002;PVT-F010-VAL-002;TST-F010-CALC-001;PVT-F010-CALC-001;PVT-F010-UX-001;PVT-F010-UX-002;PVT-F010-UX-003;TST-F010-SEC-001;PVT-F010-SEC-001;TST-F010-SEC-002;PVT-F010-SEC-002;PVT-F010-AUTO-001;PVT-F010-APP-001;PVT-F010-NOTIF-001;PVT-F010-REP-001;PVT-F010-AI-001;TST-F010-INT-001;PVT-F010-INT-001;TST-F010-INT-002;PVT-F010-INT-002;TST-F010-API-001;PVT-F010-API-001;TST-F010-API-002;PVT-F010-API-002;TST-F010-PERF-001;PVT-F010-PERF-001;TST-F010-OBS-001;PVT-F010-OBS-001;TST-F010-E2E-001;PVT-F010-E2E-001;TST-F010-E2E-002;PVT-F010-E2E-002;TST-F010-UAT-001;PVT-F010-UAT-001;TST-F010-UAT-002;PVT-F010-UAT-002,AUTHORIZED_BY_PASS_F_SUBJECT_TO_WAVE_DEPENDENCIES,NOT_READY
F011,Probability and expected revenue,CRM,docs/03-modules/crm/features/F011-probability-and-expected-revenue.md,F011-CAP-001;F011-CAP-002;F011-CAP-003,F011-FLOW-001;F011-FLOW-002,F011-BR-001;F011-BR-002,F011-DATA-001;F011-DATA-002,F011-VAL-001;F011-VAL-002,F011-CALC-001,F011-UX-001;F011-UX-002;F011-UX-003,F011-SEC-001;F011-SEC-002,F011-INT-001;F011-INT-002,F011-API-001;F011-API-002,F011-E2E-001;F011-E2E-002,F011-UAT-001;F011-UAT-002,APPROVED,8,APPROVED,F011-PFC-01;F011-PFC-02;F011-PFC-03;F011-PFC-04;F011-PFC-05;F011-PFC-06;F011-PFC-07;F011-PFC-08;F011-PFC-09;F011-PFC-10,F011-STM-01;F011-STM-02;F011-STM-03;F011-STM-04;F011-STM-05,APPROVED,PFD-BM-F011-1;PFD-BM-F011-2,APPROVED,services/api/src/modules/crm,apps/web/src/modules/crm,FULL,W03,PVT-F011-CAP-001;PVT-F011-CAP-002;PVT-F011-CAP-003;TST-F011-FR-001;PVT-F011-FR-001;TST-F011-FR-002;PVT-F011-FR-002;TST-F011-FR-003;PVT-F011-FR-003;PVT-F011-US-001;PVT-F011-US-002;PVT-F011-FLOW-001;PVT-F011-FLOW-002;TST-F011-BR-001;PVT-F011-BR-001;TST-F011-BR-002;PVT-F011-BR-002;PVT-F011-DATA-001;PVT-F011-DATA-002;TST-F011-VAL-001;PVT-F011-VAL-001;TST-F011-VAL-002;PVT-F011-VAL-002;TST-F011-CALC-001;PVT-F011-CALC-001;PVT-F011-UX-001;PVT-F011-UX-002;PVT-F011-UX-003;TST-F011-SEC-001;PVT-F011-SEC-001;TST-F011-SEC-002;PVT-F011-SEC-002;PVT-F011-AUTO-001;PVT-F011-APP-001;PVT-F011-NOTIF-001;PVT-F011-REP-001;PVT-F011-AI-001;TST-F011-INT-001;PVT-F011-INT-001;TST-F011-INT-002;PVT-F011-INT-002;TST-F011-API-001;PVT-F011-API-001;TST-F011-API-002;PVT-F011-API-002;TST-F011-PERF-001;PVT-F011-PERF-001;TST-F011-OBS-001;PVT-F011-OBS-001;TST-F011-E2E-001;PVT-F011-E2E-001;TST-F011-E2E-002;PVT-F011-E2E-002;TST-F011-UAT-001;PVT-F011-UAT-001;TST-F011-UAT-002;PVT-F011-UAT-002,AUTHORIZED_BY_PASS_F_SUBJECT_TO_WAVE_DEPENDENCIES,NOT_READY
F012,Sales stages,CRM,docs/03-modules/crm/features/F012-sales-stages.md,F012-CAP-001;F012-CAP-002;F012-CAP-003,F012-FLOW-001;F012-FLOW-002,F012-BR-001;F012-BR-002,F012-DATA-001;F012-DATA-002,F012-VAL-001;F012-VAL-002,F012-CALC-001,F012-UX-001;F012-UX-002;F012-UX-003,F012-SEC-001;F012-SEC-002,F012-INT-001;F012-INT-002,F012-API-001;F012-API-002,F012-E2E-001;F012-E2E-002,F012-UAT-001;F012-UAT-002,APPROVED,8,APPROVED,F012-PFC-01;F012-PFC-02;F012-PFC-03;F012-PFC-04;F012-PFC-05;F012-PFC-06;F012-PFC-07;F012-PFC-08;F012-PFC-09;F012-PFC-10,F012-STM-01;F012-STM-02;F012-STM-03;F012-STM-04;F012-STM-05,APPROVED,PFD-BM-F012-1;PFD-BM-F012-2,APPROVED,services/api/src/modules/crm,apps/web/src/modules/crm,FULL,W03,PVT-F012-CAP-001;PVT-F012-CAP-002;PVT-F012-CAP-003;TST-F012-FR-001;PVT-F012-FR-001;TST-F012-FR-002;PVT-F012-FR-002;TST-F012-FR-003;PVT-F012-FR-003;PVT-F012-US-001;PVT-F012-US-002;PVT-F012-FLOW-001;PVT-F012-FLOW-002;TST-F012-BR-001;PVT-F012-BR-001;TST-F012-BR-002;PVT-F012-BR-002;PVT-F012-DATA-001;PVT-F012-DATA-002;TST-F012-VAL-001;PVT-F012-VAL-001;TST-F012-VAL-002;PVT-F012-VAL-002;TST-F012-CALC-001;PVT-F012-CALC-001;PVT-F012-UX-001;PVT-F012-UX-002;PVT-F012-UX-003;TST-F012-SEC-001;PVT-F012-SEC-001;TST-F012-SEC-002;PVT-F012-SEC-002;PVT-F012-AUTO-001;PVT-F012-APP-001;PVT-F012-NOTIF-001;PVT-F012-REP-001;PVT-F012-AI-001;TST-F012-INT-001;PVT-F012-INT-001;TST-F012-INT-002;PVT-F012-INT-002;TST-F012-API-001;PVT-F012-API-001;TST-F012-API-002;PVT-F012-API-002;TST-F012-PERF-001;PVT-F012-PERF-001;TST-F012-OBS-001;PVT-F012-OBS-001;TST-F012-E2E-001;PVT-F012-E2E-001;TST-F012-E2E-002;PVT-F012-E2E-002;TST-F012-UAT-001;PVT-F012-UAT-001;TST-F012-UAT-002;PVT-F012-UAT-002,AUTHORIZED_BY_PASS_F_SUBJECT_TO_WAVE_DEPENDENCIES,NOT_READY
F013,Calls,CRM,docs/03-modules/crm/features/F013-calls.md,F013-CAP-001;F013-CAP-002;F013-CAP-003,F013-FLOW-001;F013-FLOW-002,F013-BR-001;F013-BR-002,F013-DATA-001;F013-DATA-002,F013-VAL-001;F013-VAL-002,F013-CALC-001,F013-UX-001;F013-UX-002;F013-UX-003,F013-SEC-001;F013-SEC-002,F013-INT-001;F013-INT-002,F013-API-001;F013-API-002,F013-E2E-001;F013-E2E-002,F013-UAT-001;F013-UAT-002,APPROVED,8,APPROVED,F013-PFC-01;F013-PFC-02;F013-PFC-03;F013-PFC-04;F013-PFC-05;F013-PFC-06;F013-PFC-07;F013-PFC-08;F013-PFC-09;F013-PFC-10,F013-STM-01;F013-STM-02;F013-STM-03;F013-STM-04;F013-STM-05,APPROVED,PFD-BM-F013-1;PFD-BM-F013-2,APPROVED,services/api/src/modules/crm,apps/web/src/modules/crm,FIELD_OPTIMIZED,W03,PVT-F013-CAP-001;PVT-F013-CAP-002;PVT-F013-CAP-003;TST-F013-FR-001;PVT-F013-FR-001;TST-F013-FR-002;PVT-F013-FR-002;TST-F013-FR-003;PVT-F013-FR-003;PVT-F013-US-001;PVT-F013-US-002;PVT-F013-FLOW-001;PVT-F013-FLOW-002;TST-F013-BR-001;PVT-F013-BR-001;TST-F013-BR-002;PVT-F013-BR-002;PVT-F013-DATA-001;PVT-F013-DATA-002;TST-F013-VAL-001;PVT-F013-VAL-001;TST-F013-VAL-002;PVT-F013-VAL-002;TST-F013-CALC-001;PVT-F013-CALC-001;PVT-F013-UX-001;PVT-F013-UX-002;PVT-F013-UX-003;TST-F013-SEC-001;PVT-F013-SEC-001;TST-F013-SEC-002;PVT-F013-SEC-002;PVT-F013-AUTO-001;PVT-F013-APP-001;PVT-F013-NOTIF-001;PVT-F013-REP-001;PVT-F013-AI-001;TST-F013-INT-001;PVT-F013-INT-001;TST-F013-INT-002;PVT-F013-INT-002;TST-F013-API-001;PVT-F013-API-001;TST-F013-API-002;PVT-F013-API-002;TST-F013-PERF-001;PVT-F013-PERF-001;TST-F013-OBS-001;PVT-F013-OBS-001;TST-F013-E2E-001;PVT-F013-E2E-001;TST-F013-E2E-002;PVT-F013-E2E-002;TST-F013-UAT-001;PVT-F013-UAT-001;TST-F013-UAT-002;PVT-F013-UAT-002,AUTHORIZED_BY_PASS_F_SUBJECT_TO_WAVE_DEPENDENCIES,NOT_READY
F014,Meetings,CRM,docs/03-modules/crm/features/F014-meetings.md,F014-CAP-001;F014-CAP-002;F014-CAP-003,F014-FLOW-001;F014-FLOW-002,F014-BR-001;F014-BR-002,F014-DATA-001;F014-DATA-002,F014-VAL-001;F014-VAL-002,F014-CALC-001,F014-UX-001;F014-UX-002;F014-UX-003,F014-SEC-001;F014-SEC-002,F014-INT-001;F014-INT-002,F014-API-001;F014-API-002,F014-E2E-001;F014-E2E-002,F014-UAT-001;F014-UAT-002,APPROVED,8,APPROVED,F014-PFC-01;F014-PFC-02;F014-PFC-03;F014-PFC-04;F014-PFC-05;F014-PFC-06;F014-PFC-07;F014-PFC-08;F014-PFC-09;F014-PFC-10,F014-STM-01;F014-STM-02;F014-STM-03;F014-STM-04;F014-STM-05,APPROVED,PFD-BM-F014-1;PFD-BM-F014-2,APPROVED,services/api/src/modules/crm,apps/web/src/modules/crm,FIELD_OPTIMIZED,W03,PVT-F014-CAP-001;PVT-F014-CAP-002;PVT-F014-CAP-003;TST-F014-FR-001;PVT-F014-FR-001;TST-F014-FR-002;PVT-F014-FR-002;TST-F014-FR-003;PVT-F014-FR-003;PVT-F014-US-001;PVT-F014-US-002;PVT-F014-FLOW-001;PVT-F014-FLOW-002;TST-F014-BR-001;PVT-F014-BR-001;TST-F014-BR-002;PVT-F014-BR-002;PVT-F014-DATA-001;PVT-F014-DATA-002;TST-F014-VAL-001;PVT-F014-VAL-001;TST-F014-VAL-002;PVT-F014-VAL-002;TST-F014-CALC-001;PVT-F014-CALC-001;PVT-F014-UX-001;PVT-F014-UX-002;PVT-F014-UX-003;TST-F014-SEC-001;PVT-F014-SEC-001;TST-F014-SEC-002;PVT-F014-SEC-002;PVT-F014-AUTO-001;PVT-F014-APP-001;PVT-F014-NOTIF-001;PVT-F014-REP-001;PVT-F014-AI-001;TST-F014-INT-001;PVT-F014-INT-001;TST-F014-INT-002;PVT-F014-INT-002;TST-F014-API-001;PVT-F014-API-001;TST-F014-API-002;PVT-F014-API-002;TST-F014-PERF-001;PVT-F014-PERF-001;TST-F014-OBS-001;PVT-F014-OBS-001;TST-F014-E2E-001;PVT-F014-E2E-001;TST-F014-E2E-002;PVT-F014-E2E-002;TST-F014-UAT-001;PVT-F014-UAT-001;TST-F014-UAT-002;PVT-F014-UAT-002,AUTHORIZED_BY_PASS_F_SUBJECT_TO_WAVE_DEPENDENCIES,NOT_READY
F015,Tasks,CRM,docs/03-modules/crm/features/F015-tasks.md,F015-CAP-001;F015-CAP-002;F015-CAP-003,F015-FLOW-001;F015-FLOW-002,F015-BR-001;F015-BR-002,F015-DATA-001;F015-DATA-002,F015-VAL-001;F015-VAL-002,F015-CALC-001,F015-UX-001;F015-UX-002;F015-UX-003,F015-SEC-001;F015-SEC-002,F015-INT-001;F015-INT-002,F015-API-001;F015-API-002,F015-E2E-001;F015-E2E-002,F015-UAT-001;F015-UAT-002,APPROVED,8,APPROVED,F015-PFC-01;F015-PFC-02;F015-PFC-03;F015-PFC-04;F015-PFC-05;F015-PFC-06;F015-PFC-07;F015-PFC-08;F015-PFC-09;F015-PFC-10,F015-STM-01;F015-STM-02;F015-STM-03;F015-STM-04;F015-STM-05,APPROVED,PFD-BM-F015-1;PFD-BM-F015-2,APPROVED,services/api/src/modules/crm,apps/web/src/modules/crm,FIELD_OPTIMIZED,W03,PVT-F015-CAP-001;PVT-F015-CAP-002;PVT-F015-CAP-003;TST-F015-FR-001;PVT-F015-FR-001;TST-F015-FR-002;PVT-F015-FR-002;TST-F015-FR-003;PVT-F015-FR-003;PVT-F015-US-001;PVT-F015-US-002;PVT-F015-FLOW-001;PVT-F015-FLOW-002;TST-F015-BR-001;PVT-F015-BR-001;TST-F015-BR-002;PVT-F015-BR-002;PVT-F015-DATA-001;PVT-F015-DATA-002;TST-F015-VAL-001;PVT-F015-VAL-001;TST-F015-VAL-002;PVT-F015-VAL-002;TST-F015-CALC-001;PVT-F015-CALC-001;PVT-F015-UX-001;PVT-F015-UX-002;PVT-F015-UX-003;TST-F015-SEC-001;PVT-F015-SEC-001;TST-F015-SEC-002;PVT-F015-SEC-002;PVT-F015-AUTO-001;PVT-F015-APP-001;PVT-F015-NOTIF-001;PVT-F015-REP-001;PVT-F015-AI-001;TST-F015-INT-001;PVT-F015-INT-001;TST-F015-INT-002;PVT-F015-INT-002;TST-F015-API-001;PVT-F015-API-001;TST-F015-API-002;PVT-F015-API-002;TST-F015-PERF-001;PVT-F015-PERF-001;TST-F015-OBS-001;PVT-F015-OBS-001;TST-F015-E2E-001;PVT-F015-E2E-001;TST-F015-E2E-002;PVT-F015-E2E-002;TST-F015-UAT-001;PVT-F015-UAT-001;TST-F015-UAT-002;PVT-F015-UAT-002,AUTHORIZED_BY_PASS_F_SUBJECT_TO_WAVE_DEPENDENCIES,NOT_READY
F016,Follow-ups and reminders,CRM,docs/03-modules/crm/features/F016-follow-ups-and-reminders.md,F016-CAP-001;F016-CAP-002;F016-CAP-003,F016-FLOW-001;F016-FLOW-002,F016-BR-001;F016-BR-002,F016-DATA-001;F016-DATA-002,F016-VAL-001;F016-VAL-002,F016-CALC-001,F016-UX-001;F016-UX-002;F016-UX-003,F016-SEC-001;F016-SEC-002,F016-INT-001;F016-INT-002,F016-API-001;F016-API-002,F016-E2E-001;F016-E2E-002,F016-UAT-001;F016-UAT-002,APPROVED,8,APPROVED,F016-PFC-01;F016-PFC-02;F016-PFC-03;F016-PFC-04;F016-PFC-05;F016-PFC-06;F016-PFC-07;F016-PFC-08;F016-PFC-09;F016-PFC-10,F016-STM-01;F016-STM-02;F016-STM-03;F016-STM-04;F016-STM-05,APPROVED,PFD-BM-F016-1;PFD-BM-F016-2,APPROVED,services/api/src/modules/crm,apps/web/src/modules/crm,FIELD_OPTIMIZED,W03,PVT-F016-CAP-001;PVT-F016-CAP-002;PVT-F016-CAP-003;TST-F016-FR-001;PVT-F016-FR-001;TST-F016-FR-002;PVT-F016-FR-002;TST-F016-FR-003;PVT-F016-FR-003;PVT-F016-US-001;PVT-F016-US-002;PVT-F016-FLOW-001;PVT-F016-FLOW-002;TST-F016-BR-001;PVT-F016-BR-001;TST-F016-BR-002;PVT-F016-BR-002;PVT-F016-DATA-001;PVT-F016-DATA-002;TST-F016-VAL-001;PVT-F016-VAL-001;TST-F016-VAL-002;PVT-F016-VAL-002;TST-F016-CALC-001;PVT-F016-CALC-001;PVT-F016-UX-001;PVT-F016-UX-002;PVT-F016-UX-003;TST-F016-SEC-001;PVT-F016-SEC-001;TST-F016-SEC-002;PVT-F016-SEC-002;PVT-F016-AUTO-001;PVT-F016-APP-001;PVT-F016-NOTIF-001;PVT-F016-REP-001;PVT-F016-AI-001;TST-F016-INT-001;PVT-F016-INT-001;TST-F016-INT-002;PVT-F016-INT-002;TST-F016-API-001;PVT-F016-API-001;TST-F016-API-002;PVT-F016-API-002;TST-F016-PERF-001;PVT-F016-PERF-001;TST-F016-OBS-001;PVT-F016-OBS-001;TST-F016-E2E-001;PVT-F016-E2E-001;TST-F016-E2E-002;PVT-F016-E2E-002;TST-F016-UAT-001;PVT-F016-UAT-001;TST-F016-UAT-002;PVT-F016-UAT-002,AUTHORIZED_BY_PASS_F_SUBJECT_TO_WAVE_DEPENDENCIES,NOT_READY
F017,Notes and attachments,CRM,docs/03-modules/crm/features/F017-notes-and-attachments.md,F017-CAP-001;F017-CAP-002;F017-CAP-003,F017-FLOW-001;F017-FLOW-002,F017-BR-001;F017-BR-002,F017-DATA-001;F017-DATA-002,F017-VAL-001;F017-VAL-002,F017-CALC-001,F017-UX-001;F017-UX-002;F017-UX-003,F017-SEC-001;F017-SEC-002,F017-INT-001;F017-INT-002,F017-API-001;F017-API-002,F017-E2E-001;F017-E2E-002,F017-UAT-001;F017-UAT-002,APPROVED,8,APPROVED,F017-PFC-01;F017-PFC-02;F017-PFC-03;F017-PFC-04;F017-PFC-05;F017-PFC-06;F017-PFC-07;F017-PFC-08;F017-PFC-09;F017-PFC-10,F017-STM-01;F017-STM-02;F017-STM-03;F017-STM-04;F017-STM-05,APPROVED,PFD-BM-F017-1;PFD-BM-F017-2,APPROVED,services/api/src/modules/crm,apps/web/src/modules/crm,FULL,W03,PVT-F017-CAP-001;PVT-F017-CAP-002;PVT-F017-CAP-003;TST-F017-FR-001;PVT-F017-FR-001;TST-F017-FR-002;PVT-F017-FR-002;TST-F017-FR-003;PVT-F017-FR-003;PVT-F017-US-001;PVT-F017-US-002;PVT-F017-FLOW-001;PVT-F017-FLOW-002;TST-F017-BR-001;PVT-F017-BR-001;TST-F017-BR-002;PVT-F017-BR-002;PVT-F017-DATA-001;PVT-F017-DATA-002;TST-F017-VAL-001;PVT-F017-VAL-001;TST-F017-VAL-002;PVT-F017-VAL-002;TST-F017-CALC-001;PVT-F017-CALC-001;PVT-F017-UX-001;PVT-F017-UX-002;PVT-F017-UX-003;TST-F017-SEC-001;PVT-F017-SEC-001;TST-F017-SEC-002;PVT-F017-SEC-002;PVT-F017-AUTO-001;PVT-F017-APP-001;PVT-F017-NOTIF-001;PVT-F017-REP-001;PVT-F017-AI-001;TST-F017-INT-001;PVT-F017-INT-001;TST-F017-INT-002;PVT-F017-INT-002;TST-F017-API-001;PVT-F017-API-001;TST-F017-API-002;PVT-F017-API-002;TST-F017-PERF-001;PVT-F017-PERF-001;TST-F017-OBS-001;PVT-F017-OBS-001;TST-F017-E2E-001;PVT-F017-E2E-001;TST-F017-E2E-002;PVT-F017-E2E-002;TST-F017-UAT-001;PVT-F017-UAT-001;TST-F017-UAT-002;PVT-F017-UAT-002,AUTHORIZED_BY_PASS_F_SUBJECT_TO_WAVE_DEPENDENCIES,NOT_READY
F018,Email history,CRM,docs/03-modules/crm/features/F018-email-history.md,F018-CAP-001;F018-CAP-002;F018-CAP-003,F018-FLOW-001;F018-FLOW-002,F018-BR-001;F018-BR-002,F018-DATA-001;F018-DATA-002,F018-VAL-001;F018-VAL-002,F018-CALC-001,F018-UX-001;F018-UX-002;F018-UX-003,F018-SEC-001;F018-SEC-002,F018-INT-001;F018-INT-002,F018-API-001;F018-API-002,F018-E2E-001;F018-E2E-002,F018-UAT-001;F018-UAT-002,APPROVED,8,APPROVED,F018-PFC-01;F018-PFC-02;F018-PFC-03;F018-PFC-04;F018-PFC-05;F018-PFC-06;F018-PFC-07;F018-PFC-08;F018-PFC-09;F018-PFC-10,F018-STM-01;F018-STM-02;F018-STM-03;F018-STM-04;F018-STM-05,APPROVED,PFD-BM-F018-1;PFD-BM-F018-2,APPROVED,services/api/src/modules/crm,apps/web/src/modules/crm,FULL,W03,PVT-F018-CAP-001;PVT-F018-CAP-002;PVT-F018-CAP-003;TST-F018-FR-001;PVT-F018-FR-001;TST-F018-FR-002;PVT-F018-FR-002;TST-F018-FR-003;PVT-F018-FR-003;PVT-F018-US-001;PVT-F018-US-002;PVT-F018-FLOW-001;PVT-F018-FLOW-002;TST-F018-BR-001;PVT-F018-BR-001;TST-F018-BR-002;PVT-F018-BR-002;PVT-F018-DATA-001;PVT-F018-DATA-002;TST-F018-VAL-001;PVT-F018-VAL-001;TST-F018-VAL-002;PVT-F018-VAL-002;TST-F018-CALC-001;PVT-F018-CALC-001;PVT-F018-UX-001;PVT-F018-UX-002;PVT-F018-UX-003;TST-F018-SEC-001;PVT-F018-SEC-001;TST-F018-SEC-002;PVT-F018-SEC-002;PVT-F018-AUTO-001;PVT-F018-APP-001;PVT-F018-NOTIF-001;PVT-F018-REP-001;PVT-F018-AI-001;TST-F018-INT-001;PVT-F018-INT-001;TST-F018-INT-002;PVT-F018-INT-002;TST-F018-API-001;PVT-F018-API-001;TST-F018-API-002;PVT-F018-API-002;TST-F018-PERF-001;PVT-F018-PERF-001;TST-F018-OBS-001;PVT-F018-OBS-001;TST-F018-E2E-001;PVT-F018-E2E-001;TST-F018-E2E-002;PVT-F018-E2E-002;TST-F018-UAT-001;PVT-F018-UAT-001;TST-F018-UAT-002;PVT-F018-UAT-002,AUTHORIZED_BY_PASS_F_SUBJECT_TO_WAVE_DEPENDENCIES,NOT_READY
F019,Activity timeline,CRM,docs/03-modules/crm/features/F019-activity-timeline.md,F019-CAP-001;F019-CAP-002;F019-CAP-003,F019-FLOW-001;F019-FLOW-002,F019-BR-001;F019-BR-002,F019-DATA-001;F019-DATA-002,F019-VAL-001;F019-VAL-002,F019-CALC-001,F019-UX-001;F019-UX-002;F019-UX-003,F019-SEC-001;F019-SEC-002,F019-INT-001;F019-INT-002,F019-API-001;F019-API-002,F019-E2E-001;F019-E2E-002,F019-UAT-001;F019-UAT-002,APPROVED,8,APPROVED,F019-PFC-01;F019-PFC-02;F019-PFC-03;F019-PFC-04;F019-PFC-05;F019-PFC-06;F019-PFC-07;F019-PFC-08;F019-PFC-09;F019-PFC-10,F019-STM-01;F019-STM-02;F019-STM-03;F019-STM-04;F019-STM-05,APPROVED,PFD-BM-F019-1;PFD-BM-F019-2,APPROVED,services/api/src/modules/crm,apps/web/src/modules/crm,FULL,W03,PVT-F019-CAP-001;PVT-F019-CAP-002;PVT-F019-CAP-003;TST-F019-FR-001;PVT-F019-FR-001;TST-F019-FR-002;PVT-F019-FR-002;TST-F019-FR-003;PVT-F019-FR-003;PVT-F019-US-001;PVT-F019-US-002;PVT-F019-FLOW-001;PVT-F019-FLOW-002;TST-F019-BR-001;PVT-F019-BR-001;TST-F019-BR-002;PVT-F019-BR-002;PVT-F019-DATA-001;PVT-F019-DATA-002;TST-F019-VAL-001;PVT-F019-VAL-001;TST-F019-VAL-002;PVT-F019-VAL-002;TST-F019-CALC-001;PVT-F019-CALC-001;PVT-F019-UX-001;PVT-F019-UX-002;PVT-F019-UX-003;TST-F019-SEC-001;PVT-F019-SEC-001;TST-F019-SEC-002;PVT-F019-SEC-002;PVT-F019-AUTO-001;PVT-F019-APP-001;PVT-F019-NOTIF-001;PVT-F019-REP-001;PVT-F019-AI-001;TST-F019-INT-001;PVT-F019-INT-001;TST-F019-INT-002;PVT-F019-INT-002;TST-F019-API-001;PVT-F019-API-001;TST-F019-API-002;PVT-F019-API-002;TST-F019-PERF-001;PVT-F019-PERF-001;TST-F019-OBS-001;PVT-F019-OBS-001;TST-F019-E2E-001;PVT-F019-E2E-001;TST-F019-E2E-002;PVT-F019-E2E-002;TST-F019-UAT-001;PVT-F019-UAT-001;TST-F019-UAT-002;PVT-F019-UAT-002,AUTHORIZED_BY_PASS_F_SUBJECT_TO_WAVE_DEPENDENCIES,NOT_READY
F020,Territories and sales teams,CRM,docs/03-modules/crm/features/F020-territories-and-sales-teams.md,F020-CAP-001;F020-CAP-002;F020-CAP-003,F020-FLOW-001;F020-FLOW-002,F020-BR-001;F020-BR-002,F020-DATA-001;F020-DATA-002,F020-VAL-001;F020-VAL-002,F020-CALC-001,F020-UX-001;F020-UX-002;F020-UX-003,F020-SEC-001;F020-SEC-002,F020-INT-001;F020-INT-002,F020-API-001;F020-API-002,F020-E2E-001;F020-E2E-002,F020-UAT-001;F020-UAT-002,APPROVED,8,APPROVED,F020-PFC-01;F020-PFC-02;F020-PFC-03;F020-PFC-04;F020-PFC-05;F020-PFC-06;F020-PFC-07;F020-PFC-08;F020-PFC-09;F020-PFC-10,F020-STM-01;F020-STM-02;F020-STM-03;F020-STM-04;F020-STM-05,APPROVED,PFD-BM-F020-1;PFD-BM-F020-2,APPROVED,services/api/src/modules/crm,apps/web/src/modules/crm,FULL,W03,PVT-F020-CAP-001;PVT-F020-CAP-002;PVT-F020-CAP-003;TST-F020-FR-001;PVT-F020-FR-001;TST-F020-FR-002;PVT-F020-FR-002;TST-F020-FR-003;PVT-F020-FR-003;PVT-F020-US-001;PVT-F020-US-002;PVT-F020-FLOW-001;PVT-F020-FLOW-002;TST-F020-BR-001;PVT-F020-BR-001;TST-F020-BR-002;PVT-F020-BR-002;PVT-F020-DATA-001;PVT-F020-DATA-002;TST-F020-VAL-001;PVT-F020-VAL-001;TST-F020-VAL-002;PVT-F020-VAL-002;TST-F020-CALC-001;PVT-F020-CALC-001;PVT-F020-UX-001;PVT-F020-UX-002;PVT-F020-UX-003;TST-F020-SEC-001;PVT-F020-SEC-001;TST-F020-SEC-002;PVT-F020-SEC-002;PVT-F020-AUTO-001;PVT-F020-APP-001;PVT-F020-NOTIF-001;PVT-F020-REP-001;PVT-F020-AI-001;TST-F020-INT-001;PVT-F020-INT-001;TST-F020-INT-002;PVT-F020-INT-002;TST-F020-API-001;PVT-F020-API-001;TST-F020-API-002;PVT-F020-API-002;TST-F020-PERF-001;PVT-F020-PERF-001;TST-F020-OBS-001;PVT-F020-OBS-001;TST-F020-E2E-001;PVT-F020-E2E-001;TST-F020-E2E-002;PVT-F020-E2E-002;TST-F020-UAT-001;PVT-F020-UAT-001;TST-F020-UAT-002;PVT-F020-UAT-002,AUTHORIZED_BY_PASS_F_SUBJECT_TO_WAVE_DEPENDENCIES,NOT_READY
F021,Lead import and export,CRM,docs/03-modules/crm/features/F021-lead-import-and-export.md,F021-CAP-001;F021-CAP-002;F021-CAP-003,F021-FLOW-001;F021-FLOW-002,F021-BR-001;F021-BR-002,F021-DATA-001;F021-DATA-002,F021-VAL-001;F021-VAL-002,F021-CALC-001,F021-UX-001;F021-UX-002;F021-UX-003,F021-SEC-001;F021-SEC-002,F021-INT-001;F021-INT-002,F021-API-001;F021-API-002,F021-E2E-001;F021-E2E-002,F021-UAT-001;F021-UAT-002,APPROVED,8,APPROVED,F021-PFC-01;F021-PFC-02;F021-PFC-03;F021-PFC-04;F021-PFC-05;F021-PFC-06;F021-PFC-07;F021-PFC-08;F021-PFC-09;F021-PFC-10,F021-STM-01;F021-STM-02;F021-STM-03;F021-STM-04;F021-STM-05,APPROVED,PFD-BM-F021-1;PFD-BM-F021-2,APPROVED,services/api/src/modules/crm,apps/web/src/modules/crm,FULL,W03,PVT-F021-CAP-001;PVT-F021-CAP-002;PVT-F021-CAP-003;TST-F021-FR-001;PVT-F021-FR-001;TST-F021-FR-002;PVT-F021-FR-002;TST-F021-FR-003;PVT-F021-FR-003;PVT-F021-US-001;PVT-F021-US-002;PVT-F021-FLOW-001;PVT-F021-FLOW-002;TST-F021-BR-001;PVT-F021-BR-001;TST-F021-BR-002;PVT-F021-BR-002;PVT-F021-DATA-001;PVT-F021-DATA-002;TST-F021-VAL-001;PVT-F021-VAL-001;TST-F021-VAL-002;PVT-F021-VAL-002;TST-F021-CALC-001;PVT-F021-CALC-001;PVT-F021-UX-001;PVT-F021-UX-002;PVT-F021-UX-003;TST-F021-SEC-001;PVT-F021-SEC-001;TST-F021-SEC-002;PVT-F021-SEC-002;PVT-F021-AUTO-001;PVT-F021-APP-001;PVT-F021-NOTIF-001;PVT-F021-REP-001;PVT-F021-AI-001;TST-F021-INT-001;PVT-F021-INT-001;TST-F021-INT-002;PVT-F021-INT-002;TST-F021-API-001;PVT-F021-API-001;TST-F021-API-002;PVT-F021-API-002;TST-F021-PERF-001;PVT-F021-PERF-001;TST-F021-OBS-001;PVT-F021-OBS-001;TST-F021-E2E-001;PVT-F021-E2E-001;TST-F021-E2E-002;PVT-F021-E2E-002;TST-F021-UAT-001;PVT-F021-UAT-001;TST-F021-UAT-002;PVT-F021-UAT-002,AUTHORIZED_BY_PASS_F_SUBJECT_TO_WAVE_DEPENDENCIES,NOT_READY
F022,Lead-to-opportunity conversion,CRM,docs/03-modules/crm/features/F022-lead-to-opportunity-conversion.md,F022-CAP-001;F022-CAP-002;F022-CAP-003,F022-FLOW-001;F022-FLOW-002,F022-BR-001;F022-BR-002,F022-DATA-001;F022-DATA-002,F022-VAL-001;F022-VAL-002,F022-CALC-001,F022-UX-001;F022-UX-002;F022-UX-003,F022-SEC-001;F022-SEC-002,F022-INT-001;F022-INT-002,F022-API-001;F022-API-002,F022-E2E-001;F022-E2E-002,F022-UAT-001;F022-UAT-002,APPROVED,8,APPROVED,F022-PFC-01;F022-PFC-02;F022-PFC-03;F022-PFC-04;F022-PFC-05;F022-PFC-06;F022-PFC-07;F022-PFC-08;F022-PFC-09;F022-PFC-10,F022-STM-01;F022-STM-02;F022-STM-03;F022-STM-04;F022-STM-05,APPROVED,PFD-BM-F022-1;PFD-BM-F022-2,APPROVED,services/api/src/modules/crm,apps/web/src/modules/crm,FULL,W03,PVT-F022-CAP-001;PVT-F022-CAP-002;PVT-F022-CAP-003;TST-F022-FR-001;PVT-F022-FR-001;TST-F022-FR-002;PVT-F022-FR-002;TST-F022-FR-003;PVT-F022-FR-003;PVT-F022-US-001;PVT-F022-US-002;PVT-F022-FLOW-001;PVT-F022-FLOW-002;TST-F022-BR-001;PVT-F022-BR-001;TST-F022-BR-002;PVT-F022-BR-002;PVT-F022-DATA-001;PVT-F022-DATA-002;TST-F022-VAL-001;PVT-F022-VAL-001;TST-F022-VAL-002;PVT-F022-VAL-002;TST-F022-CALC-001;PVT-F022-CALC-001;PVT-F022-UX-001;PVT-F022-UX-002;PVT-F022-UX-003;TST-F022-SEC-001;PVT-F022-SEC-001;TST-F022-SEC-002;PVT-F022-SEC-002;PVT-F022-AUTO-001;PVT-F022-APP-001;PVT-F022-NOTIF-001;PVT-F022-REP-001;PVT-F022-AI-001;TST-F022-INT-001;PVT-F022-INT-001;TST-F022-INT-002;PVT-F022-INT-002;TST-F022-API-001;PVT-F022-API-001;TST-F022-API-002;PVT-F022-API-002;TST-F022-PERF-001;PVT-F022-PERF-001;TST-F022-OBS-001;PVT-F022-OBS-001;TST-F022-E2E-001;PVT-F022-E2E-001;TST-F022-E2E-002;PVT-F022-E2E-002;TST-F022-UAT-001;PVT-F022-UAT-001;TST-F022-UAT-002;PVT-F022-UAT-002,AUTHORIZED_BY_PASS_F_SUBJECT_TO_WAVE_DEPENDENCIES,NOT_READY
F023,Opportunity-to-quotation conversion,CRM,docs/03-modules/crm/features/F023-opportunity-to-quotation-conversion.md,F023-CAP-001;F023-CAP-002;F023-CAP-003,F023-FLOW-001;F023-FLOW-002,F023-BR-001;F023-BR-002,F023-DATA-001;F023-DATA-002,F023-VAL-001;F023-VAL-002,F023-CALC-001,F023-UX-001;F023-UX-002;F023-UX-003,F023-SEC-001;F023-SEC-002,F023-INT-001;F023-INT-002,F023-API-001;F023-API-002,F023-E2E-001;F023-E2E-002,F023-UAT-001;F023-UAT-002,APPROVED,8,APPROVED,F023-PFC-01;F023-PFC-02;F023-PFC-03;F023-PFC-04;F023-PFC-05;F023-PFC-06;F023-PFC-07;F023-PFC-08;F023-PFC-09;F023-PFC-10,F023-STM-01;F023-STM-02;F023-STM-03;F023-STM-04;F023-STM-05,APPROVED,PFD-BM-F023-1;PFD-BM-F023-2,APPROVED,services/api/src/modules/crm,apps/web/src/modules/crm,FULL,W03,PVT-F023-CAP-001;PVT-F023-CAP-002;PVT-F023-CAP-003;TST-F023-FR-001;PVT-F023-FR-001;TST-F023-FR-002;PVT-F023-FR-002;TST-F023-FR-003;PVT-F023-FR-003;PVT-F023-US-001;PVT-F023-US-002;PVT-F023-FLOW-001;PVT-F023-FLOW-002;TST-F023-BR-001;PVT-F023-BR-001;TST-F023-BR-002;PVT-F023-BR-002;PVT-F023-DATA-001;PVT-F023-DATA-002;TST-F023-VAL-001;PVT-F023-VAL-001;TST-F023-VAL-002;PVT-F023-VAL-002;TST-F023-CALC-001;PVT-F023-CALC-001;PVT-F023-UX-001;PVT-F023-UX-002;PVT-F023-UX-003;TST-F023-SEC-001;PVT-F023-SEC-001;TST-F023-SEC-002;PVT-F023-SEC-002;PVT-F023-AUTO-001;PVT-F023-APP-001;PVT-F023-NOTIF-001;PVT-F023-REP-001;PVT-F023-AI-001;TST-F023-INT-001;PVT-F023-INT-001;TST-F023-INT-002;PVT-F023-INT-002;TST-F023-API-001;PVT-F023-API-001;TST-F023-API-002;PVT-F023-API-002;TST-F023-PERF-001;PVT-F023-PERF-001;TST-F023-OBS-001;PVT-F023-OBS-001;TST-F023-E2E-001;PVT-F023-E2E-001;TST-F023-E2E-002;PVT-F023-E2E-002;TST-F023-UAT-001;PVT-F023-UAT-001;TST-F023-UAT-002;PVT-F023-UAT-002,AUTHORIZED_BY_PASS_F_SUBJECT_TO_WAVE_DEPENDENCIES,NOT_READY
F024,Pipeline dashboard,CRM,docs/03-modules/crm/features/F024-pipeline-dashboard.md,F024-CAP-001;F024-CAP-002;F024-CAP-003,F024-FLOW-001;F024-FLOW-002,F024-BR-001;F024-BR-002,F024-DATA-001;F024-DATA-002,F024-VAL-001;F024-VAL-002,F024-CALC-001,F024-UX-001;F024-UX-002;F024-UX-003,F024-SEC-001;F024-SEC-002,F024-INT-001;F024-INT-002,F024-API-001;F024-API-002,F024-E2E-001;F024-E2E-002,F024-UAT-001;F024-UAT-002,APPROVED,8,APPROVED,F024-PFC-01;F024-PFC-02;F024-PFC-03;F024-PFC-04;F024-PFC-05;F024-PFC-06;F024-PFC-07;F024-PFC-08;F024-PFC-09;F024-PFC-10,F024-STM-01;F024-STM-02;F024-STM-03;F024-STM-04;F024-STM-05,APPROVED,PFD-BM-F024-1;PFD-BM-F024-2,APPROVED,services/api/src/modules/crm,apps/web/src/modules/crm,READ_ONLY,W03,PVT-F024-CAP-001;PVT-F024-CAP-002;PVT-F024-CAP-003;TST-F024-FR-001;PVT-F024-FR-001;TST-F024-FR-002;PVT-F024-FR-002;TST-F024-FR-003;PVT-F024-FR-003;PVT-F024-US-001;PVT-F024-US-002;PVT-F024-FLOW-001;PVT-F024-FLOW-002;TST-F024-BR-001;PVT-F024-BR-001;TST-F024-BR-002;PVT-F024-BR-002;PVT-F024-DATA-001;PVT-F024-DATA-002;TST-F024-VAL-001;PVT-F024-VAL-001;TST-F024-VAL-002;PVT-F024-VAL-002;TST-F024-CALC-001;PVT-F024-CALC-001;PVT-F024-UX-001;PVT-F024-UX-002;PVT-F024-UX-003;TST-F024-SEC-001;PVT-F024-SEC-001;TST-F024-SEC-002;PVT-F024-SEC-002;PVT-F024-AUTO-001;PVT-F024-APP-001;PVT-F024-NOTIF-001;PVT-F024-REP-001;PVT-F024-AI-001;TST-F024-INT-001;PVT-F024-INT-001;TST-F024-INT-002;PVT-F024-INT-002;TST-F024-API-001;PVT-F024-API-001;TST-F024-API-002;PVT-F024-API-002;TST-F024-PERF-001;PVT-F024-PERF-001;TST-F024-OBS-001;PVT-F024-OBS-001;TST-F024-E2E-001;PVT-F024-E2E-001;TST-F024-E2E-002;PVT-F024-E2E-002;TST-F024-UAT-001;PVT-F024-UAT-001;TST-F024-UAT-002;PVT-F024-UAT-002,AUTHORIZED_BY_PASS_F_SUBJECT_TO_WAVE_DEPENDENCIES,NOT_READY
F025,Sales forecast,CRM,docs/03-modules/crm/features/F025-sales-forecast.md,F025-CAP-001;F025-CAP-002;F025-CAP-003,F025-FLOW-001;F025-FLOW-002,F025-BR-001;F025-BR-002,F025-DATA-001;F025-DATA-002,F025-VAL-001;F025-VAL-002,F025-CALC-001,F025-UX-001;F025-UX-002;F025-UX-003,F025-SEC-001;F025-SEC-002,F025-INT-001;F025-INT-002,F025-API-001;F025-API-002,F025-E2E-001;F025-E2E-002,F025-UAT-001;F025-UAT-002,APPROVED,8,APPROVED,F025-PFC-01;F025-PFC-02;F025-PFC-03;F025-PFC-04;F025-PFC-05;F025-PFC-06;F025-PFC-07;F025-PFC-08;F025-PFC-09;F025-PFC-10,F025-STM-01;F025-STM-02;F025-STM-03;F025-STM-04;F025-STM-05,APPROVED,PFD-BM-F025-1;PFD-BM-F025-2,APPROVED,services/api/src/modules/crm,apps/web/src/modules/crm,READ_ONLY,W03,PVT-F025-CAP-001;PVT-F025-CAP-002;PVT-F025-CAP-003;TST-F025-FR-001;PVT-F025-FR-001;TST-F025-FR-002;PVT-F025-FR-002;TST-F025-FR-003;PVT-F025-FR-003;PVT-F025-US-001;PVT-F025-US-002;PVT-F025-FLOW-001;PVT-F025-FLOW-002;TST-F025-BR-001;PVT-F025-BR-001;TST-F025-BR-002;PVT-F025-BR-002;PVT-F025-DATA-001;PVT-F025-DATA-002;TST-F025-VAL-001;PVT-F025-VAL-001;TST-F025-VAL-002;PVT-F025-VAL-002;TST-F025-CALC-001;PVT-F025-CALC-001;PVT-F025-UX-001;PVT-F025-UX-002;PVT-F025-UX-003;TST-F025-SEC-001;PVT-F025-SEC-001;TST-F025-SEC-002;PVT-F025-SEC-002;PVT-F025-AUTO-001;PVT-F025-APP-001;PVT-F025-NOTIF-001;PVT-F025-REP-001;PVT-F025-AI-001;TST-F025-INT-001;PVT-F025-INT-001;TST-F025-INT-002;PVT-F025-INT-002;TST-F025-API-001;PVT-F025-API-001;TST-F025-API-002;PVT-F025-API-002;TST-F025-PERF-001;PVT-F025-PERF-001;TST-F025-OBS-001;PVT-F025-OBS-001;TST-F025-E2E-001;PVT-F025-E2E-001;TST-F025-E2E-002;PVT-F025-E2E-002;TST-F025-UAT-001;PVT-F025-UAT-001;TST-F025-UAT-002;PVT-F025-UAT-002,AUTHORIZED_BY_PASS_F_SUBJECT_TO_WAVE_DEPENDENCIES,NOT_READY
F026,Won / lost reasons,CRM,docs/03-modules/crm/features/F026-won-lost-reasons.md,F026-CAP-001;F026-CAP-002;F026-CAP-003,F026-FLOW-001;F026-FLOW-002,F026-BR-001;F026-BR-002,F026-DATA-001;F026-DATA-002,F026-VAL-001;F026-VAL-002,F026-CALC-001,F026-UX-001;F026-UX-002;F026-UX-003,F026-SEC-001;F026-SEC-002,F026-INT-001;F026-INT-002,F026-API-001;F026-API-002,F026-E2E-001;F026-E2E-002,F026-UAT-001;F026-UAT-002,APPROVED,8,APPROVED,F026-PFC-01;F026-PFC-02;F026-PFC-03;F026-PFC-04;F026-PFC-05;F026-PFC-06;F026-PFC-07;F026-PFC-08;F026-PFC-09;F026-PFC-10,F026-STM-01;F026-STM-02;F026-STM-03;F026-STM-04;F026-STM-05,APPROVED,PFD-BM-F026-1;PFD-BM-F026-2,APPROVED,services/api/src/modules/crm,apps/web/src/modules/crm,FULL,W03,PVT-F026-CAP-001;PVT-F026-CAP-002;PVT-F026-CAP-003;TST-F026-FR-001;PVT-F026-FR-001;TST-F026-FR-002;PVT-F026-FR-002;TST-F026-FR-003;PVT-F026-FR-003;PVT-F026-US-001;PVT-F026-US-002;PVT-F026-FLOW-001;PVT-F026-FLOW-002;TST-F026-BR-001;PVT-F026-BR-001;TST-F026-BR-002;PVT-F026-BR-002;PVT-F026-DATA-001;PVT-F026-DATA-002;TST-F026-VAL-001;PVT-F026-VAL-001;TST-F026-VAL-002;PVT-F026-VAL-002;TST-F026-CALC-001;PVT-F026-CALC-001;PVT-F026-UX-001;PVT-F026-UX-002;PVT-F026-UX-003;TST-F026-SEC-001;PVT-F026-SEC-001;TST-F026-SEC-002;PVT-F026-SEC-002;PVT-F026-AUTO-001;PVT-F026-APP-001;PVT-F026-NOTIF-001;PVT-F026-REP-001;PVT-F026-AI-001;TST-F026-INT-001;PVT-F026-INT-001;TST-F026-INT-002;PVT-F026-INT-002;TST-F026-API-001;PVT-F026-API-001;TST-F026-API-002;PVT-F026-API-002;TST-F026-PERF-001;PVT-F026-PERF-001;TST-F026-OBS-001;PVT-F026-OBS-001;TST-F026-E2E-001;PVT-F026-E2E-001;TST-F026-E2E-002;PVT-F026-E2E-002;TST-F026-UAT-001;PVT-F026-UAT-001;TST-F026-UAT-002;PVT-F026-UAT-002,AUTHORIZED_BY_PASS_F_SUBJECT_TO_WAVE_DEPENDENCIES,NOT_READY
F027,Basic lead scoring,CRM,docs/03-modules/crm/features/F027-basic-lead-scoring.md,F027-CAP-001;F027-CAP-002;F027-CAP-003,F027-FLOW-001;F027-FLOW-002,F027-BR-001;F027-BR-002,F027-DATA-001;F027-DATA-002,F027-VAL-001;F027-VAL-002,F027-CALC-001,F027-UX-001;F027-UX-002;F027-UX-003,F027-SEC-001;F027-SEC-002,F027-INT-001;F027-INT-002,F027-API-001;F027-API-002,F027-E2E-001;F027-E2E-002,F027-UAT-001;F027-UAT-002,APPROVED,8,APPROVED,F027-PFC-01;F027-PFC-02;F027-PFC-03;F027-PFC-04;F027-PFC-05;F027-PFC-06;F027-PFC-07;F027-PFC-08;F027-PFC-09;F027-PFC-10,F027-STM-01;F027-STM-02;F027-STM-03;F027-STM-04;F027-STM-05,APPROVED,PFD-BM-F027-1;PFD-BM-F027-2,APPROVED,services/api/src/modules/crm,apps/web/src/modules/crm,FULL,W03,PVT-F027-CAP-001;PVT-F027-CAP-002;PVT-F027-CAP-003;TST-F027-FR-001;PVT-F027-FR-001;TST-F027-FR-002;PVT-F027-FR-002;TST-F027-FR-003;PVT-F027-FR-003;PVT-F027-US-001;PVT-F027-US-002;PVT-F027-FLOW-001;PVT-F027-FLOW-002;TST-F027-BR-001;PVT-F027-BR-001;TST-F027-BR-002;PVT-F027-BR-002;PVT-F027-DATA-001;PVT-F027-DATA-002;TST-F027-VAL-001;PVT-F027-VAL-001;TST-F027-VAL-002;PVT-F027-VAL-002;TST-F027-CALC-001;PVT-F027-CALC-001;PVT-F027-UX-001;PVT-F027-UX-002;PVT-F027-UX-003;TST-F027-SEC-001;PVT-F027-SEC-001;TST-F027-SEC-002;PVT-F027-SEC-002;PVT-F027-AUTO-001;PVT-F027-APP-001;PVT-F027-NOTIF-001;PVT-F027-REP-001;PVT-F027-AI-001;TST-F027-INT-001;PVT-F027-INT-001;TST-F027-INT-002;PVT-F027-INT-002;TST-F027-API-001;PVT-F027-API-001;TST-F027-API-002;PVT-F027-API-002;TST-F027-PERF-001;PVT-F027-PERF-001;TST-F027-OBS-001;PVT-F027-OBS-001;TST-F027-E2E-001;PVT-F027-E2E-001;TST-F027-E2E-002;PVT-F027-E2E-002;TST-F027-UAT-001;PVT-F027-UAT-001;TST-F027-UAT-002;PVT-F027-UAT-002,AUTHORIZED_BY_PASS_F_SUBJECT_TO_WAVE_DEPENDENCIES,NOT_READY
F028,Custom fields and tags,CRM,docs/03-modules/crm/features/F028-custom-fields-and-tags.md,F028-CAP-001;F028-CAP-002;F028-CAP-003,F028-FLOW-001;F028-FLOW-002,F028-BR-001;F028-BR-002,F028-DATA-001;F028-DATA-002,F028-VAL-001;F028-VAL-002,F028-CALC-001,F028-UX-001;F028-UX-002;F028-UX-003,F028-SEC-001;F028-SEC-002,F028-INT-001;F028-INT-002,F028-API-001;F028-API-002,F028-E2E-001;F028-E2E-002,F028-UAT-001;F028-UAT-002,APPROVED,8,APPROVED,F028-PFC-01;F028-PFC-02;F028-PFC-03;F028-PFC-04;F028-PFC-05;F028-PFC-06;F028-PFC-07;F028-PFC-08;F028-PFC-09;F028-PFC-10,F028-STM-01;F028-STM-02;F028-STM-03;F028-STM-04;F028-STM-05,APPROVED,PFD-BM-F028-1;PFD-BM-F028-2,APPROVED,services/api/src/modules/crm,apps/web/src/modules/crm,FULL,W03,PVT-F028-CAP-001;PVT-F028-CAP-002;PVT-F028-CAP-003;TST-F028-FR-001;PVT-F028-FR-001;TST-F028-FR-002;PVT-F028-FR-002;TST-F028-FR-003;PVT-F028-FR-003;PVT-F028-US-001;PVT-F028-US-002;PVT-F028-FLOW-001;PVT-F028-FLOW-002;TST-F028-BR-001;PVT-F028-BR-001;TST-F028-BR-002;PVT-F028-BR-002;PVT-F028-DATA-001;PVT-F028-DATA-002;TST-F028-VAL-001;PVT-F028-VAL-001;TST-F028-VAL-002;PVT-F028-VAL-002;TST-F028-CALC-001;PVT-F028-CALC-001;PVT-F028-UX-001;PVT-F028-UX-002;PVT-F028-UX-003;TST-F028-SEC-001;PVT-F028-SEC-001;TST-F028-SEC-002;PVT-F028-SEC-002;PVT-F028-AUTO-001;PVT-F028-APP-001;PVT-F028-NOTIF-001;PVT-F028-REP-001;PVT-F028-AI-001;TST-F028-INT-001;PVT-F028-INT-001;TST-F028-INT-002;PVT-F028-INT-002;TST-F028-API-001;PVT-F028-API-001;TST-F028-API-002;PVT-F028-API-002;TST-F028-PERF-001;PVT-F028-PERF-001;TST-F028-OBS-001;PVT-F028-OBS-001;TST-F028-E2E-001;PVT-F028-E2E-001;TST-F028-E2E-002;PVT-F028-E2E-002;TST-F028-UAT-001;PVT-F028-UAT-001;TST-F028-UAT-002;PVT-F028-UAT-002,AUTHORIZED_BY_PASS_F_SUBJECT_TO_WAVE_DEPENDENCIES,NOT_READY
F029,Bulk actions,CRM,docs/03-modules/crm/features/F029-bulk-actions.md,F029-CAP-001;F029-CAP-002;F029-CAP-003,F029-FLOW-001;F029-FLOW-002,F029-BR-001;F029-BR-002,F029-DATA-001;F029-DATA-002,F029-VAL-001;F029-VAL-002,F029-CALC-001,F029-UX-001;F029-UX-002;F029-UX-003,F029-SEC-001;F029-SEC-002,F029-INT-001;F029-INT-002,F029-API-001;F029-API-002,F029-E2E-001;F029-E2E-002,F029-UAT-001;F029-UAT-002,APPROVED,8,APPROVED,F029-PFC-01;F029-PFC-02;F029-PFC-03;F029-PFC-04;F029-PFC-05;F029-PFC-06;F029-PFC-07;F029-PFC-08;F029-PFC-09;F029-PFC-10,F029-STM-01;F029-STM-02;F029-STM-03;F029-STM-04;F029-STM-05,APPROVED,PFD-BM-F029-1;PFD-BM-F029-2,APPROVED,services/api/src/modules/crm,apps/web/src/modules/crm,FULL,W03,PVT-F029-CAP-001;PVT-F029-CAP-002;PVT-F029-CAP-003;TST-F029-FR-001;PVT-F029-FR-001;TST-F029-FR-002;PVT-F029-FR-002;TST-F029-FR-003;PVT-F029-FR-003;PVT-F029-US-001;PVT-F029-US-002;PVT-F029-FLOW-001;PVT-F029-FLOW-002;TST-F029-BR-001;PVT-F029-BR-001;TST-F029-BR-002;PVT-F029-BR-002;PVT-F029-DATA-001;PVT-F029-DATA-002;TST-F029-VAL-001;PVT-F029-VAL-001;TST-F029-VAL-002;PVT-F029-VAL-002;TST-F029-CALC-001;PVT-F029-CALC-001;PVT-F029-UX-001;PVT-F029-UX-002;PVT-F029-UX-003;TST-F029-SEC-001;PVT-F029-SEC-001;TST-F029-SEC-002;PVT-F029-SEC-002;PVT-F029-AUTO-001;PVT-F029-APP-001;PVT-F029-NOTIF-001;PVT-F029-REP-001;PVT-F029-AI-001;TST-F029-INT-001;PVT-F029-INT-001;TST-F029-INT-002;PVT-F029-INT-002;TST-F029-API-001;PVT-F029-API-001;TST-F029-API-002;PVT-F029-API-002;TST-F029-PERF-001;PVT-F029-PERF-001;TST-F029-OBS-001;PVT-F029-OBS-001;TST-F029-E2E-001;PVT-F029-E2E-001;TST-F029-E2E-002;PVT-F029-E2E-002;TST-F029-UAT-001;PVT-F029-UAT-001;TST-F029-UAT-002;PVT-F029-UAT-002,AUTHORIZED_BY_PASS_F_SUBJECT_TO_WAVE_DEPENDENCIES,NOT_READY
F030,CRM reports,CRM,docs/03-modules/crm/features/F030-crm-reports.md,F030-CAP-001;F030-CAP-002;F030-CAP-003,F030-FLOW-001;F030-FLOW-002,F030-BR-001;F030-BR-002,F030-DATA-001;F030-DATA-002,F030-VAL-001;F030-VAL-002,F030-CALC-001,F030-UX-001;F030-UX-002;F030-UX-003,F030-SEC-001;F030-SEC-002,F030-INT-001;F030-INT-002,F030-API-001;F030-API-002,F030-E2E-001;F030-E2E-002,F030-UAT-001;F030-UAT-002,APPROVED,8,APPROVED,F030-PFC-01;F030-PFC-02;F030-PFC-03;F030-PFC-04;F030-PFC-05;F030-PFC-06;F030-PFC-07;F030-PFC-08;F030-PFC-09;F030-PFC-10,F030-STM-01;F030-STM-02;F030-STM-03;F030-STM-04;F030-STM-05,APPROVED,PFD-BM-F030-1;PFD-BM-F030-2,APPROVED,services/api/src/modules/crm,apps/web/src/modules/crm,READ_ONLY,W03,PVT-F030-CAP-001;PVT-F030-CAP-002;PVT-F030-CAP-003;TST-F030-FR-001;PVT-F030-FR-001;TST-F030-FR-002;PVT-F030-FR-002;TST-F030-FR-003;PVT-F030-FR-003;PVT-F030-US-001;PVT-F030-US-002;PVT-F030-FLOW-001;PVT-F030-FLOW-002;TST-F030-BR-001;PVT-F030-BR-001;TST-F030-BR-002;PVT-F030-BR-002;PVT-F030-DATA-001;PVT-F030-DATA-002;TST-F030-VAL-001;PVT-F030-VAL-001;TST-F030-VAL-002;PVT-F030-VAL-002;TST-F030-CALC-001;PVT-F030-CALC-001;PVT-F030-UX-001;PVT-F030-UX-002;PVT-F030-UX-003;TST-F030-SEC-001;PVT-F030-SEC-001;TST-F030-SEC-002;PVT-F030-SEC-002;PVT-F030-AUTO-001;PVT-F030-APP-001;PVT-F030-NOTIF-001;PVT-F030-REP-001;PVT-F030-AI-001;TST-F030-INT-001;PVT-F030-INT-001;TST-F030-INT-002;PVT-F030-INT-002;TST-F030-API-001;PVT-F030-API-001;TST-F030-API-002;PVT-F030-API-002;TST-F030-PERF-001;PVT-F030-PERF-001;TST-F030-OBS-001;PVT-F030-OBS-001;TST-F030-E2E-001;PVT-F030-E2E-001;TST-F030-E2E-002;PVT-F030-E2E-002;TST-F030-UAT-001;PVT-F030-UAT-001;TST-F030-UAT-002;PVT-F030-UAT-002,AUTHORIZED_BY_PASS_F_SUBJECT_TO_WAVE_DEPENDENCIES,NOT_READY
F031,Customer master,Sales,docs/03-modules/sales/features/F031-customer-master.md,F031-CAP-001;F031-CAP-002;F031-CAP-003,F031-FLOW-001;F031-FLOW-002,F031-BR-001;F031-BR-002,F031-DATA-001;F031-DATA-002,F031-VAL-001;F031-VAL-002,F031-CALC-001,F031-UX-001;F031-UX-002;F031-UX-003,F031-SEC-001;F031-SEC-002,F031-INT-001;F031-INT-002,F031-API-001;F031-API-002,F031-E2E-001;F031-E2E-002,F031-UAT-001;F031-UAT-002,APPROVED,8,APPROVED,F031-PFC-01;F031-PFC-02;F031-PFC-03;F031-PFC-04;F031-PFC-05;F031-PFC-06;F031-PFC-07;F031-PFC-08;F031-PFC-09;F031-PFC-10,F031-STM-01;F031-STM-02;F031-STM-03;F031-STM-04;F031-STM-05,APPROVED,PFD-BM-F031-1;PFD-BM-F031-2,APPROVED,services/api/src/modules/sales,apps/web/src/modules/sales,READ_ONLY,W04,PVT-F031-CAP-001;PVT-F031-CAP-002;PVT-F031-CAP-003;TST-F031-FR-001;PVT-F031-FR-001;TST-F031-FR-002;PVT-F031-FR-002;TST-F031-FR-003;PVT-F031-FR-003;PVT-F031-US-001;PVT-F031-US-002;PVT-F031-FLOW-001;PVT-F031-FLOW-002;TST-F031-BR-001;PVT-F031-BR-001;TST-F031-BR-002;PVT-F031-BR-002;PVT-F031-DATA-001;PVT-F031-DATA-002;TST-F031-VAL-001;PVT-F031-VAL-001;TST-F031-VAL-002;PVT-F031-VAL-002;TST-F031-CALC-001;PVT-F031-CALC-001;PVT-F031-UX-001;PVT-F031-UX-002;PVT-F031-UX-003;TST-F031-SEC-001;PVT-F031-SEC-001;TST-F031-SEC-002;PVT-F031-SEC-002;PVT-F031-AUTO-001;PVT-F031-APP-001;PVT-F031-NOTIF-001;PVT-F031-REP-001;PVT-F031-AI-001;TST-F031-INT-001;PVT-F031-INT-001;TST-F031-INT-002;PVT-F031-INT-002;TST-F031-API-001;PVT-F031-API-001;TST-F031-API-002;PVT-F031-API-002;TST-F031-PERF-001;PVT-F031-PERF-001;TST-F031-OBS-001;PVT-F031-OBS-001;TST-F031-E2E-001;PVT-F031-E2E-001;TST-F031-E2E-002;PVT-F031-E2E-002;TST-F031-UAT-001;PVT-F031-UAT-001;TST-F031-UAT-002;PVT-F031-UAT-002,AUTHORIZED_BY_PASS_F_SUBJECT_TO_WAVE_DEPENDENCIES,NOT_READY
F032,Customer addresses and contacts,Sales,docs/03-modules/sales/features/F032-customer-addresses-and-contacts.md,F032-CAP-001;F032-CAP-002;F032-CAP-003,F032-FLOW-001;F032-FLOW-002,F032-BR-001;F032-BR-002,F032-DATA-001;F032-DATA-002,F032-VAL-001;F032-VAL-002,F032-CALC-001,F032-UX-001;F032-UX-002;F032-UX-003,F032-SEC-001;F032-SEC-002,F032-INT-001;F032-INT-002,F032-API-001;F032-API-002,F032-E2E-001;F032-E2E-002,F032-UAT-001;F032-UAT-002,APPROVED,8,APPROVED,F032-PFC-01;F032-PFC-02;F032-PFC-03;F032-PFC-04;F032-PFC-05;F032-PFC-06;F032-PFC-07;F032-PFC-08;F032-PFC-09;F032-PFC-10,F032-STM-01;F032-STM-02;F032-STM-03;F032-STM-04;F032-STM-05,APPROVED,PFD-BM-F032-1;PFD-BM-F032-2,APPROVED,services/api/src/modules/sales,apps/web/src/modules/sales,READ_ONLY,W04,PVT-F032-CAP-001;PVT-F032-CAP-002;PVT-F032-CAP-003;TST-F032-FR-001;PVT-F032-FR-001;TST-F032-FR-002;PVT-F032-FR-002;TST-F032-FR-003;PVT-F032-FR-003;PVT-F032-US-001;PVT-F032-US-002;PVT-F032-FLOW-001;PVT-F032-FLOW-002;TST-F032-BR-001;PVT-F032-BR-001;TST-F032-BR-002;PVT-F032-BR-002;PVT-F032-DATA-001;PVT-F032-DATA-002;TST-F032-VAL-001;PVT-F032-VAL-001;TST-F032-VAL-002;PVT-F032-VAL-002;TST-F032-CALC-001;PVT-F032-CALC-001;PVT-F032-UX-001;PVT-F032-UX-002;PVT-F032-UX-003;TST-F032-SEC-001;PVT-F032-SEC-001;TST-F032-SEC-002;PVT-F032-SEC-002;PVT-F032-AUTO-001;PVT-F032-APP-001;PVT-F032-NOTIF-001;PVT-F032-REP-001;PVT-F032-AI-001;TST-F032-INT-001;PVT-F032-INT-001;TST-F032-INT-002;PVT-F032-INT-002;TST-F032-API-001;PVT-F032-API-001;TST-F032-API-002;PVT-F032-API-002;TST-F032-PERF-001;PVT-F032-PERF-001;TST-F032-OBS-001;PVT-F032-OBS-001;TST-F032-E2E-001;PVT-F032-E2E-001;TST-F032-E2E-002;PVT-F032-E2E-002;TST-F032-UAT-001;PVT-F032-UAT-001;TST-F032-UAT-002;PVT-F032-UAT-002,AUTHORIZED_BY_PASS_F_SUBJECT_TO_WAVE_DEPENDENCIES,NOT_READY
F033,Products and services,Sales,docs/03-modules/sales/features/F033-products-and-services.md,F033-CAP-001;F033-CAP-002;F033-CAP-003,F033-FLOW-001;F033-FLOW-002,F033-BR-001;F033-BR-002,F033-DATA-001;F033-DATA-002,F033-VAL-001;F033-VAL-002,F033-CALC-001,F033-UX-001;F033-UX-002;F033-UX-003,F033-SEC-001;F033-SEC-002,F033-INT-001;F033-INT-002,F033-API-001;F033-API-002,F033-E2E-001;F033-E2E-002,F033-UAT-001;F033-UAT-002,APPROVED,8,APPROVED,F033-PFC-01;F033-PFC-02;F033-PFC-03;F033-PFC-04;F033-PFC-05;F033-PFC-06;F033-PFC-07;F033-PFC-08;F033-PFC-09;F033-PFC-10,F033-STM-01;F033-STM-02;F033-STM-03;F033-STM-04;F033-STM-05,APPROVED,PFD-BM-F033-1;PFD-BM-F033-2,APPROVED,services/api/src/modules/sales,apps/web/src/modules/sales,READ_ONLY,W04,PVT-F033-CAP-001;PVT-F033-CAP-002;PVT-F033-CAP-003;TST-F033-FR-001;PVT-F033-FR-001;TST-F033-FR-002;PVT-F033-FR-002;TST-F033-FR-003;PVT-F033-FR-003;PVT-F033-US-001;PVT-F033-US-002;PVT-F033-FLOW-001;PVT-F033-FLOW-002;TST-F033-BR-001;PVT-F033-BR-001;TST-F033-BR-002;PVT-F033-BR-002;PVT-F033-DATA-001;PVT-F033-DATA-002;TST-F033-VAL-001;PVT-F033-VAL-001;TST-F033-VAL-002;PVT-F033-VAL-002;TST-F033-CALC-001;PVT-F033-CALC-001;PVT-F033-UX-001;PVT-F033-UX-002;PVT-F033-UX-003;TST-F033-SEC-001;PVT-F033-SEC-001;TST-F033-SEC-002;PVT-F033-SEC-002;PVT-F033-AUTO-001;PVT-F033-APP-001;PVT-F033-NOTIF-001;PVT-F033-REP-001;PVT-F033-AI-001;TST-F033-INT-001;PVT-F033-INT-001;TST-F033-INT-002;PVT-F033-INT-002;TST-F033-API-001;PVT-F033-API-001;TST-F033-API-002;PVT-F033-API-002;TST-F033-PERF-001;PVT-F033-PERF-001;TST-F033-OBS-001;PVT-F033-OBS-001;TST-F033-E2E-001;PVT-F033-E2E-001;TST-F033-E2E-002;PVT-F033-E2E-002;TST-F033-UAT-001;PVT-F033-UAT-001;TST-F033-UAT-002;PVT-F033-UAT-002,AUTHORIZED_BY_PASS_F_SUBJECT_TO_WAVE_DEPENDENCIES,NOT_READY
F034,Price lists,Sales,docs/03-modules/sales/features/F034-price-lists.md,F034-CAP-001;F034-CAP-002;F034-CAP-003,F034-FLOW-001;F034-FLOW-002,F034-BR-001;F034-BR-002,F034-DATA-001;F034-DATA-002,F034-VAL-001;F034-VAL-002,F034-CALC-001,F034-UX-001;F034-UX-002;F034-UX-003,F034-SEC-001;F034-SEC-002,F034-INT-001;F034-INT-002,F034-API-001;F034-API-002,F034-E2E-001;F034-E2E-002,F034-UAT-001;F034-UAT-002,APPROVED,8,APPROVED,F034-PFC-01;F034-PFC-02;F034-PFC-03;F034-PFC-04;F034-PFC-05;F034-PFC-06;F034-PFC-07;F034-PFC-08;F034-PFC-09;F034-PFC-10,F034-STM-01;F034-STM-02;F034-STM-03;F034-STM-04;F034-STM-05,APPROVED,PFD-BM-F034-1;PFD-BM-F034-2,APPROVED,services/api/src/modules/sales,apps/web/src/modules/sales,READ_ONLY,W04,PVT-F034-CAP-001;PVT-F034-CAP-002;PVT-F034-CAP-003;TST-F034-FR-001;PVT-F034-FR-001;TST-F034-FR-002;PVT-F034-FR-002;TST-F034-FR-003;PVT-F034-FR-003;PVT-F034-US-001;PVT-F034-US-002;PVT-F034-FLOW-001;PVT-F034-FLOW-002;TST-F034-BR-001;PVT-F034-BR-001;TST-F034-BR-002;PVT-F034-BR-002;PVT-F034-DATA-001;PVT-F034-DATA-002;TST-F034-VAL-001;PVT-F034-VAL-001;TST-F034-VAL-002;PVT-F034-VAL-002;TST-F034-CALC-001;PVT-F034-CALC-001;PVT-F034-UX-001;PVT-F034-UX-002;PVT-F034-UX-003;TST-F034-SEC-001;PVT-F034-SEC-001;TST-F034-SEC-002;PVT-F034-SEC-002;PVT-F034-AUTO-001;PVT-F034-APP-001;PVT-F034-NOTIF-001;PVT-F034-REP-001;PVT-F034-AI-001;TST-F034-INT-001;PVT-F034-INT-001;TST-F034-INT-002;PVT-F034-INT-002;TST-F034-API-001;PVT-F034-API-001;TST-F034-API-002;PVT-F034-API-002;TST-F034-PERF-001;PVT-F034-PERF-001;TST-F034-OBS-001;PVT-F034-OBS-001;TST-F034-E2E-001;PVT-F034-E2E-001;TST-F034-E2E-002;PVT-F034-E2E-002;TST-F034-UAT-001;PVT-F034-UAT-001;TST-F034-UAT-002;PVT-F034-UAT-002,AUTHORIZED_BY_PASS_F_SUBJECT_TO_WAVE_DEPENDENCIES,NOT_READY
F035,Customer-specific prices,Sales,docs/03-modules/sales/features/F035-customer-specific-prices.md,F035-CAP-001;F035-CAP-002;F035-CAP-003,F035-FLOW-001;F035-FLOW-002,F035-BR-001;F035-BR-002,F035-DATA-001;F035-DATA-002,F035-VAL-001;F035-VAL-002,F035-CALC-001,F035-UX-001;F035-UX-002;F035-UX-003,F035-SEC-001;F035-SEC-002,F035-INT-001;F035-INT-002,F035-API-001;F035-API-002,F035-E2E-001;F035-E2E-002,F035-UAT-001;F035-UAT-002,APPROVED,8,APPROVED,F035-PFC-01;F035-PFC-02;F035-PFC-03;F035-PFC-04;F035-PFC-05;F035-PFC-06;F035-PFC-07;F035-PFC-08;F035-PFC-09;F035-PFC-10,F035-STM-01;F035-STM-02;F035-STM-03;F035-STM-04;F035-STM-05,APPROVED,PFD-BM-F035-1;PFD-BM-F035-2,APPROVED,services/api/src/modules/sales,apps/web/src/modules/sales,READ_ONLY,W04,PVT-F035-CAP-001;PVT-F035-CAP-002;PVT-F035-CAP-003;TST-F035-FR-001;PVT-F035-FR-001;TST-F035-FR-002;PVT-F035-FR-002;TST-F035-FR-003;PVT-F035-FR-003;PVT-F035-US-001;PVT-F035-US-002;PVT-F035-FLOW-001;PVT-F035-FLOW-002;TST-F035-BR-001;PVT-F035-BR-001;TST-F035-BR-002;PVT-F035-BR-002;PVT-F035-DATA-001;PVT-F035-DATA-002;TST-F035-VAL-001;PVT-F035-VAL-001;TST-F035-VAL-002;PVT-F035-VAL-002;TST-F035-CALC-001;PVT-F035-CALC-001;PVT-F035-UX-001;PVT-F035-UX-002;PVT-F035-UX-003;TST-F035-SEC-001;PVT-F035-SEC-001;TST-F035-SEC-002;PVT-F035-SEC-002;PVT-F035-AUTO-001;PVT-F035-APP-001;PVT-F035-NOTIF-001;PVT-F035-REP-001;PVT-F035-AI-001;TST-F035-INT-001;PVT-F035-INT-001;TST-F035-INT-002;PVT-F035-INT-002;TST-F035-API-001;PVT-F035-API-001;TST-F035-API-002;PVT-F035-API-002;TST-F035-PERF-001;PVT-F035-PERF-001;TST-F035-OBS-001;PVT-F035-OBS-001;TST-F035-E2E-001;PVT-F035-E2E-001;TST-F035-E2E-002;PVT-F035-E2E-002;TST-F035-UAT-001;PVT-F035-UAT-001;TST-F035-UAT-002;PVT-F035-UAT-002,AUTHORIZED_BY_PASS_F_SUBJECT_TO_WAVE_DEPENDENCIES,NOT_READY
F036,Quotations,Sales,docs/03-modules/sales/features/F036-quotations.md,F036-CAP-001;F036-CAP-002;F036-CAP-003,F036-FLOW-001;F036-FLOW-002,F036-BR-001;F036-BR-002,F036-DATA-001;F036-DATA-002,F036-VAL-001;F036-VAL-002,F036-CALC-001,F036-UX-001;F036-UX-002;F036-UX-003,F036-SEC-001;F036-SEC-002,F036-INT-001;F036-INT-002,F036-API-001;F036-API-002,F036-E2E-001;F036-E2E-002,F036-UAT-001;F036-UAT-002,APPROVED,8,APPROVED,F036-PFC-01;F036-PFC-02;F036-PFC-03;F036-PFC-04;F036-PFC-05;F036-PFC-06;F036-PFC-07;F036-PFC-08;F036-PFC-09;F036-PFC-10,F036-STM-01;F036-STM-02;F036-STM-03;F036-STM-04;F036-STM-05,APPROVED,PFD-BM-F036-1;PFD-BM-F036-2,APPROVED,services/api/src/modules/sales,apps/web/src/modules/sales,READ_ONLY,W04,PVT-F036-CAP-001;PVT-F036-CAP-002;PVT-F036-CAP-003;TST-F036-FR-001;PVT-F036-FR-001;TST-F036-FR-002;PVT-F036-FR-002;TST-F036-FR-003;PVT-F036-FR-003;PVT-F036-US-001;PVT-F036-US-002;PVT-F036-FLOW-001;PVT-F036-FLOW-002;TST-F036-BR-001;PVT-F036-BR-001;TST-F036-BR-002;PVT-F036-BR-002;PVT-F036-DATA-001;PVT-F036-DATA-002;TST-F036-VAL-001;PVT-F036-VAL-001;TST-F036-VAL-002;PVT-F036-VAL-002;TST-F036-CALC-001;PVT-F036-CALC-001;PVT-F036-UX-001;PVT-F036-UX-002;PVT-F036-UX-003;TST-F036-SEC-001;PVT-F036-SEC-001;TST-F036-SEC-002;PVT-F036-SEC-002;PVT-F036-AUTO-001;PVT-F036-APP-001;PVT-F036-NOTIF-001;PVT-F036-REP-001;PVT-F036-AI-001;TST-F036-INT-001;PVT-F036-INT-001;TST-F036-INT-002;PVT-F036-INT-002;TST-F036-API-001;PVT-F036-API-001;TST-F036-API-002;PVT-F036-API-002;TST-F036-PERF-001;PVT-F036-PERF-001;TST-F036-OBS-001;PVT-F036-OBS-001;TST-F036-E2E-001;PVT-F036-E2E-001;TST-F036-E2E-002;PVT-F036-E2E-002;TST-F036-UAT-001;PVT-F036-UAT-001;TST-F036-UAT-002;PVT-F036-UAT-002,AUTHORIZED_BY_PASS_F_SUBJECT_TO_WAVE_DEPENDENCIES,NOT_READY
F037,Quotation versions and revisions,Sales,docs/03-modules/sales/features/F037-quotation-versions-and-revisions.md,F037-CAP-001;F037-CAP-002;F037-CAP-003,F037-FLOW-001;F037-FLOW-002,F037-BR-001;F037-BR-002,F037-DATA-001;F037-DATA-002,F037-VAL-001;F037-VAL-002,F037-CALC-001,F037-UX-001;F037-UX-002;F037-UX-003,F037-SEC-001;F037-SEC-002,F037-INT-001;F037-INT-002,F037-API-001;F037-API-002,F037-E2E-001;F037-E2E-002,F037-UAT-001;F037-UAT-002,APPROVED,8,APPROVED,F037-PFC-01;F037-PFC-02;F037-PFC-03;F037-PFC-04;F037-PFC-05;F037-PFC-06;F037-PFC-07;F037-PFC-08;F037-PFC-09;F037-PFC-10,F037-STM-01;F037-STM-02;F037-STM-03;F037-STM-04;F037-STM-05,APPROVED,PFD-BM-F037-1;PFD-BM-F037-2,APPROVED,services/api/src/modules/sales,apps/web/src/modules/sales,READ_ONLY,W04,PVT-F037-CAP-001;PVT-F037-CAP-002;PVT-F037-CAP-003;TST-F037-FR-001;PVT-F037-FR-001;TST-F037-FR-002;PVT-F037-FR-002;TST-F037-FR-003;PVT-F037-FR-003;PVT-F037-US-001;PVT-F037-US-002;PVT-F037-FLOW-001;PVT-F037-FLOW-002;TST-F037-BR-001;PVT-F037-BR-001;TST-F037-BR-002;PVT-F037-BR-002;PVT-F037-DATA-001;PVT-F037-DATA-002;TST-F037-VAL-001;PVT-F037-VAL-001;TST-F037-VAL-002;PVT-F037-VAL-002;TST-F037-CALC-001;PVT-F037-CALC-001;PVT-F037-UX-001;PVT-F037-UX-002;PVT-F037-UX-003;TST-F037-SEC-001;PVT-F037-SEC-001;TST-F037-SEC-002;PVT-F037-SEC-002;PVT-F037-AUTO-001;PVT-F037-APP-001;PVT-F037-NOTIF-001;PVT-F037-REP-001;PVT-F037-AI-001;TST-F037-INT-001;PVT-F037-INT-001;TST-F037-INT-002;PVT-F037-INT-002;TST-F037-API-001;PVT-F037-API-001;TST-F037-API-002;PVT-F037-API-002;TST-F037-PERF-001;PVT-F037-PERF-001;TST-F037-OBS-001;PVT-F037-OBS-001;TST-F037-E2E-001;PVT-F037-E2E-001;TST-F037-E2E-002;PVT-F037-E2E-002;TST-F037-UAT-001;PVT-F037-UAT-001;TST-F037-UAT-002;PVT-F037-UAT-002,AUTHORIZED_BY_PASS_F_SUBJECT_TO_WAVE_DEPENDENCIES,NOT_READY
F038,Quotation expiry,Sales,docs/03-modules/sales/features/F038-quotation-expiry.md,F038-CAP-001;F038-CAP-002;F038-CAP-003,F038-FLOW-001;F038-FLOW-002,F038-BR-001;F038-BR-002,F038-DATA-001;F038-DATA-002,F038-VAL-001;F038-VAL-002,F038-CALC-001,F038-UX-001;F038-UX-002;F038-UX-003,F038-SEC-001;F038-SEC-002,F038-INT-001;F038-INT-002,F038-API-001;F038-API-002,F038-E2E-001;F038-E2E-002,F038-UAT-001;F038-UAT-002,APPROVED,8,APPROVED,F038-PFC-01;F038-PFC-02;F038-PFC-03;F038-PFC-04;F038-PFC-05;F038-PFC-06;F038-PFC-07;F038-PFC-08;F038-PFC-09;F038-PFC-10,F038-STM-01;F038-STM-02;F038-STM-03;F038-STM-04;F038-STM-05,APPROVED,PFD-BM-F038-1;PFD-BM-F038-2,APPROVED,services/api/src/modules/sales,apps/web/src/modules/sales,READ_ONLY,W04,PVT-F038-CAP-001;PVT-F038-CAP-002;PVT-F038-CAP-003;TST-F038-FR-001;PVT-F038-FR-001;TST-F038-FR-002;PVT-F038-FR-002;TST-F038-FR-003;PVT-F038-FR-003;PVT-F038-US-001;PVT-F038-US-002;PVT-F038-FLOW-001;PVT-F038-FLOW-002;TST-F038-BR-001;PVT-F038-BR-001;TST-F038-BR-002;PVT-F038-BR-002;PVT-F038-DATA-001;PVT-F038-DATA-002;TST-F038-VAL-001;PVT-F038-VAL-001;TST-F038-VAL-002;PVT-F038-VAL-002;TST-F038-CALC-001;PVT-F038-CALC-001;PVT-F038-UX-001;PVT-F038-UX-002;PVT-F038-UX-003;TST-F038-SEC-001;PVT-F038-SEC-001;TST-F038-SEC-002;PVT-F038-SEC-002;PVT-F038-AUTO-001;PVT-F038-APP-001;PVT-F038-NOTIF-001;PVT-F038-REP-001;PVT-F038-AI-001;TST-F038-INT-001;PVT-F038-INT-001;TST-F038-INT-002;PVT-F038-INT-002;TST-F038-API-001;PVT-F038-API-001;TST-F038-API-002;PVT-F038-API-002;TST-F038-PERF-001;PVT-F038-PERF-001;TST-F038-OBS-001;PVT-F038-OBS-001;TST-F038-E2E-001;PVT-F038-E2E-001;TST-F038-E2E-002;PVT-F038-E2E-002;TST-F038-UAT-001;PVT-F038-UAT-001;TST-F038-UAT-002;PVT-F038-UAT-002,AUTHORIZED_BY_PASS_F_SUBJECT_TO_WAVE_DEPENDENCIES,NOT_READY
F039,Discounts,Sales,docs/03-modules/sales/features/F039-discounts.md,F039-CAP-001;F039-CAP-002;F039-CAP-003,F039-FLOW-001;F039-FLOW-002,F039-BR-001;F039-BR-002,F039-DATA-001;F039-DATA-002,F039-VAL-001;F039-VAL-002,F039-CALC-001,F039-UX-001;F039-UX-002;F039-UX-003,F039-SEC-001;F039-SEC-002,F039-INT-001;F039-INT-002,F039-API-001;F039-API-002,F039-E2E-001;F039-E2E-002,F039-UAT-001;F039-UAT-002,APPROVED,8,APPROVED,F039-PFC-01;F039-PFC-02;F039-PFC-03;F039-PFC-04;F039-PFC-05;F039-PFC-06;F039-PFC-07;F039-PFC-08;F039-PFC-09;F039-PFC-10,F039-STM-01;F039-STM-02;F039-STM-03;F039-STM-04;F039-STM-05,APPROVED,PFD-BM-F039-1;PFD-BM-F039-2,APPROVED,services/api/src/modules/sales,apps/web/src/modules/sales,READ_ONLY,W04,PVT-F039-CAP-001;PVT-F039-CAP-002;PVT-F039-CAP-003;TST-F039-FR-001;PVT-F039-FR-001;TST-F039-FR-002;PVT-F039-FR-002;TST-F039-FR-003;PVT-F039-FR-003;PVT-F039-US-001;PVT-F039-US-002;PVT-F039-FLOW-001;PVT-F039-FLOW-002;TST-F039-BR-001;PVT-F039-BR-001;TST-F039-BR-002;PVT-F039-BR-002;PVT-F039-DATA-001;PVT-F039-DATA-002;TST-F039-VAL-001;PVT-F039-VAL-001;TST-F039-VAL-002;PVT-F039-VAL-002;TST-F039-CALC-001;PVT-F039-CALC-001;PVT-F039-UX-001;PVT-F039-UX-002;PVT-F039-UX-003;TST-F039-SEC-001;PVT-F039-SEC-001;TST-F039-SEC-002;PVT-F039-SEC-002;PVT-F039-AUTO-001;PVT-F039-APP-001;PVT-F039-NOTIF-001;PVT-F039-REP-001;PVT-F039-AI-001;TST-F039-INT-001;PVT-F039-INT-001;TST-F039-INT-002;PVT-F039-INT-002;TST-F039-API-001;PVT-F039-API-001;TST-F039-API-002;PVT-F039-API-002;TST-F039-PERF-001;PVT-F039-PERF-001;TST-F039-OBS-001;PVT-F039-OBS-001;TST-F039-E2E-001;PVT-F039-E2E-001;TST-F039-E2E-002;PVT-F039-E2E-002;TST-F039-UAT-001;PVT-F039-UAT-001;TST-F039-UAT-002;PVT-F039-UAT-002,AUTHORIZED_BY_PASS_F_SUBJECT_TO_WAVE_DEPENDENCIES,NOT_READY
F040,Taxes,Sales,docs/03-modules/sales/features/F040-taxes.md,F040-CAP-001;F040-CAP-002;F040-CAP-003,F040-FLOW-001;F040-FLOW-002,F040-BR-001;F040-BR-002,F040-DATA-001;F040-DATA-002,F040-VAL-001;F040-VAL-002,F040-CALC-001,F040-UX-001;F040-UX-002;F040-UX-003,F040-SEC-001;F040-SEC-002,F040-INT-001;F040-INT-002,F040-API-001;F040-API-002,F040-E2E-001;F040-E2E-002,F040-UAT-001;F040-UAT-002,APPROVED,8,APPROVED,F040-PFC-01;F040-PFC-02;F040-PFC-03;F040-PFC-04;F040-PFC-05;F040-PFC-06;F040-PFC-07;F040-PFC-08;F040-PFC-09;F040-PFC-10,F040-STM-01;F040-STM-02;F040-STM-03;F040-STM-04;F040-STM-05,APPROVED,PFD-BM-F040-1;PFD-BM-F040-2,APPROVED,services/api/src/modules/sales,apps/web/src/modules/sales,READ_ONLY,W04,PVT-F040-CAP-001;PVT-F040-CAP-002;PVT-F040-CAP-003;TST-F040-FR-001;PVT-F040-FR-001;TST-F040-FR-002;PVT-F040-FR-002;TST-F040-FR-003;PVT-F040-FR-003;PVT-F040-US-001;PVT-F040-US-002;PVT-F040-FLOW-001;PVT-F040-FLOW-002;TST-F040-BR-001;PVT-F040-BR-001;TST-F040-BR-002;PVT-F040-BR-002;PVT-F040-DATA-001;PVT-F040-DATA-002;TST-F040-VAL-001;PVT-F040-VAL-001;TST-F040-VAL-002;PVT-F040-VAL-002;TST-F040-CALC-001;PVT-F040-CALC-001;PVT-F040-UX-001;PVT-F040-UX-002;PVT-F040-UX-003;TST-F040-SEC-001;PVT-F040-SEC-001;TST-F040-SEC-002;PVT-F040-SEC-002;PVT-F040-AUTO-001;PVT-F040-APP-001;PVT-F040-NOTIF-001;PVT-F040-REP-001;PVT-F040-AI-001;TST-F040-INT-001;PVT-F040-INT-001;TST-F040-INT-002;PVT-F040-INT-002;TST-F040-API-001;PVT-F040-API-001;TST-F040-API-002;PVT-F040-API-002;TST-F040-PERF-001;PVT-F040-PERF-001;TST-F040-OBS-001;PVT-F040-OBS-001;TST-F040-E2E-001;PVT-F040-E2E-001;TST-F040-E2E-002;PVT-F040-E2E-002;TST-F040-UAT-001;PVT-F040-UAT-001;TST-F040-UAT-002;PVT-F040-UAT-002,AUTHORIZED_BY_PASS_F_SUBJECT_TO_WAVE_DEPENDENCIES,NOT_READY
F041,Approval workflow,Sales,docs/03-modules/sales/features/F041-approval-workflow.md,F041-CAP-001;F041-CAP-002;F041-CAP-003,F041-FLOW-001;F041-FLOW-002,F041-BR-001;F041-BR-002,F041-DATA-001;F041-DATA-002,F041-VAL-001;F041-VAL-002,F041-CALC-001,F041-UX-001;F041-UX-002;F041-UX-003,F041-SEC-001;F041-SEC-002,F041-INT-001;F041-INT-002,F041-API-001;F041-API-002,F041-E2E-001;F041-E2E-002,F041-UAT-001;F041-UAT-002,APPROVED,8,APPROVED,F041-PFC-01;F041-PFC-02;F041-PFC-03;F041-PFC-04;F041-PFC-05;F041-PFC-06;F041-PFC-07;F041-PFC-08;F041-PFC-09;F041-PFC-10,F041-STM-01;F041-STM-02;F041-STM-03;F041-STM-04;F041-STM-05,APPROVED,PFD-BM-F041-1;PFD-BM-F041-2,APPROVED,services/api/src/modules/sales,apps/web/src/modules/sales,APPROVAL_ONLY,W04,PVT-F041-CAP-001;PVT-F041-CAP-002;PVT-F041-CAP-003;TST-F041-FR-001;PVT-F041-FR-001;TST-F041-FR-002;PVT-F041-FR-002;TST-F041-FR-003;PVT-F041-FR-003;PVT-F041-US-001;PVT-F041-US-002;PVT-F041-FLOW-001;PVT-F041-FLOW-002;TST-F041-BR-001;PVT-F041-BR-001;TST-F041-BR-002;PVT-F041-BR-002;PVT-F041-DATA-001;PVT-F041-DATA-002;TST-F041-VAL-001;PVT-F041-VAL-001;TST-F041-VAL-002;PVT-F041-VAL-002;TST-F041-CALC-001;PVT-F041-CALC-001;PVT-F041-UX-001;PVT-F041-UX-002;PVT-F041-UX-003;TST-F041-SEC-001;PVT-F041-SEC-001;TST-F041-SEC-002;PVT-F041-SEC-002;PVT-F041-AUTO-001;PVT-F041-APP-001;PVT-F041-NOTIF-001;PVT-F041-REP-001;PVT-F041-AI-001;TST-F041-INT-001;PVT-F041-INT-001;TST-F041-INT-002;PVT-F041-INT-002;TST-F041-API-001;PVT-F041-API-001;TST-F041-API-002;PVT-F041-API-002;TST-F041-PERF-001;PVT-F041-PERF-001;TST-F041-OBS-001;PVT-F041-OBS-001;TST-F041-E2E-001;PVT-F041-E2E-001;TST-F041-E2E-002;PVT-F041-E2E-002;TST-F041-UAT-001;PVT-F041-UAT-001;TST-F041-UAT-002;PVT-F041-UAT-002,AUTHORIZED_BY_PASS_F_SUBJECT_TO_WAVE_DEPENDENCIES,NOT_READY
F042,Sales orders,Sales,docs/03-modules/sales/features/F042-sales-orders.md,F042-CAP-001;F042-CAP-002;F042-CAP-003,F042-FLOW-001;F042-FLOW-002,F042-BR-001;F042-BR-002,F042-DATA-001;F042-DATA-002,F042-VAL-001;F042-VAL-002,F042-CALC-001,F042-UX-001;F042-UX-002;F042-UX-003,F042-SEC-001;F042-SEC-002,F042-INT-001;F042-INT-002,F042-API-001;F042-API-002,F042-E2E-001;F042-E2E-002,F042-UAT-001;F042-UAT-002,APPROVED,8,APPROVED,F042-PFC-01;F042-PFC-02;F042-PFC-03;F042-PFC-04;F042-PFC-05;F042-PFC-06;F042-PFC-07;F042-PFC-08;F042-PFC-09;F042-PFC-10,F042-STM-01;F042-STM-02;F042-STM-03;F042-STM-04;F042-STM-05,APPROVED,PFD-BM-F042-1;PFD-BM-F042-2,APPROVED,services/api/src/modules/sales,apps/web/src/modules/sales,READ_ONLY,W04,PVT-F042-CAP-001;PVT-F042-CAP-002;PVT-F042-CAP-003;TST-F042-FR-001;PVT-F042-FR-001;TST-F042-FR-002;PVT-F042-FR-002;TST-F042-FR-003;PVT-F042-FR-003;PVT-F042-US-001;PVT-F042-US-002;PVT-F042-FLOW-001;PVT-F042-FLOW-002;TST-F042-BR-001;PVT-F042-BR-001;TST-F042-BR-002;PVT-F042-BR-002;PVT-F042-DATA-001;PVT-F042-DATA-002;TST-F042-VAL-001;PVT-F042-VAL-001;TST-F042-VAL-002;PVT-F042-VAL-002;TST-F042-CALC-001;PVT-F042-CALC-001;PVT-F042-UX-001;PVT-F042-UX-002;PVT-F042-UX-003;TST-F042-SEC-001;PVT-F042-SEC-001;TST-F042-SEC-002;PVT-F042-SEC-002;PVT-F042-AUTO-001;PVT-F042-APP-001;PVT-F042-NOTIF-001;PVT-F042-REP-001;PVT-F042-AI-001;TST-F042-INT-001;PVT-F042-INT-001;TST-F042-INT-002;PVT-F042-INT-002;TST-F042-API-001;PVT-F042-API-001;TST-F042-API-002;PVT-F042-API-002;TST-F042-PERF-001;PVT-F042-PERF-001;TST-F042-OBS-001;PVT-F042-OBS-001;TST-F042-E2E-001;PVT-F042-E2E-001;TST-F042-E2E-002;PVT-F042-E2E-002;TST-F042-UAT-001;PVT-F042-UAT-001;TST-F042-UAT-002;PVT-F042-UAT-002,AUTHORIZED_BY_PASS_F_SUBJECT_TO_WAVE_DEPENDENCIES,NOT_READY
F043,Order confirmation,Sales,docs/03-modules/sales/features/F043-order-confirmation.md,F043-CAP-001;F043-CAP-002;F043-CAP-003,F043-FLOW-001;F043-FLOW-002,F043-BR-001;F043-BR-002,F043-DATA-001;F043-DATA-002,F043-VAL-001;F043-VAL-002,F043-CALC-001,F043-UX-001;F043-UX-002;F043-UX-003,F043-SEC-001;F043-SEC-002,F043-INT-001;F043-INT-002,F043-API-001;F043-API-002,F043-E2E-001;F043-E2E-002,F043-UAT-001;F043-UAT-002,APPROVED,8,APPROVED,F043-PFC-01;F043-PFC-02;F043-PFC-03;F043-PFC-04;F043-PFC-05;F043-PFC-06;F043-PFC-07;F043-PFC-08;F043-PFC-09;F043-PFC-10,F043-STM-01;F043-STM-02;F043-STM-03;F043-STM-04;F043-STM-05,APPROVED,PFD-BM-F043-1;PFD-BM-F043-2,APPROVED,services/api/src/modules/sales,apps/web/src/modules/sales,APPROVAL_ONLY,W04,PVT-F043-CAP-001;PVT-F043-CAP-002;PVT-F043-CAP-003;TST-F043-FR-001;PVT-F043-FR-001;TST-F043-FR-002;PVT-F043-FR-002;TST-F043-FR-003;PVT-F043-FR-003;PVT-F043-US-001;PVT-F043-US-002;PVT-F043-FLOW-001;PVT-F043-FLOW-002;TST-F043-BR-001;PVT-F043-BR-001;TST-F043-BR-002;PVT-F043-BR-002;PVT-F043-DATA-001;PVT-F043-DATA-002;TST-F043-VAL-001;PVT-F043-VAL-001;TST-F043-VAL-002;PVT-F043-VAL-002;TST-F043-CALC-001;PVT-F043-CALC-001;PVT-F043-UX-001;PVT-F043-UX-002;PVT-F043-UX-003;TST-F043-SEC-001;PVT-F043-SEC-001;TST-F043-SEC-002;PVT-F043-SEC-002;PVT-F043-AUTO-001;PVT-F043-APP-001;PVT-F043-NOTIF-001;PVT-F043-REP-001;PVT-F043-AI-001;TST-F043-INT-001;PVT-F043-INT-001;TST-F043-INT-002;PVT-F043-INT-002;TST-F043-API-001;PVT-F043-API-001;TST-F043-API-002;PVT-F043-API-002;TST-F043-PERF-001;PVT-F043-PERF-001;TST-F043-OBS-001;PVT-F043-OBS-001;TST-F043-E2E-001;PVT-F043-E2E-001;TST-F043-E2E-002;PVT-F043-E2E-002;TST-F043-UAT-001;PVT-F043-UAT-001;TST-F043-UAT-002;PVT-F043-UAT-002,AUTHORIZED_BY_PASS_F_SUBJECT_TO_WAVE_DEPENDENCIES,NOT_READY
F044,Order amendments,Sales,docs/03-modules/sales/features/F044-order-amendments.md,F044-CAP-001;F044-CAP-002;F044-CAP-003,F044-FLOW-001;F044-FLOW-002,F044-BR-001;F044-BR-002,F044-DATA-001;F044-DATA-002,F044-VAL-001;F044-VAL-002,F044-CALC-001,F044-UX-001;F044-UX-002;F044-UX-003,F044-SEC-001;F044-SEC-002,F044-INT-001;F044-INT-002,F044-API-001;F044-API-002,F044-E2E-001;F044-E2E-002,F044-UAT-001;F044-UAT-002,APPROVED,8,APPROVED,F044-PFC-01;F044-PFC-02;F044-PFC-03;F044-PFC-04;F044-PFC-05;F044-PFC-06;F044-PFC-07;F044-PFC-08;F044-PFC-09;F044-PFC-10,F044-STM-01;F044-STM-02;F044-STM-03;F044-STM-04;F044-STM-05,APPROVED,PFD-BM-F044-1;PFD-BM-F044-2,APPROVED,services/api/src/modules/sales,apps/web/src/modules/sales,READ_ONLY,W04,PVT-F044-CAP-001;PVT-F044-CAP-002;PVT-F044-CAP-003;TST-F044-FR-001;PVT-F044-FR-001;TST-F044-FR-002;PVT-F044-FR-002;TST-F044-FR-003;PVT-F044-FR-003;PVT-F044-US-001;PVT-F044-US-002;PVT-F044-FLOW-001;PVT-F044-FLOW-002;TST-F044-BR-001;PVT-F044-BR-001;TST-F044-BR-002;PVT-F044-BR-002;PVT-F044-DATA-001;PVT-F044-DATA-002;TST-F044-VAL-001;PVT-F044-VAL-001;TST-F044-VAL-002;PVT-F044-VAL-002;TST-F044-CALC-001;PVT-F044-CALC-001;PVT-F044-UX-001;PVT-F044-UX-002;PVT-F044-UX-003;TST-F044-SEC-001;PVT-F044-SEC-001;TST-F044-SEC-002;PVT-F044-SEC-002;PVT-F044-AUTO-001;PVT-F044-APP-001;PVT-F044-NOTIF-001;PVT-F044-REP-001;PVT-F044-AI-001;TST-F044-INT-001;PVT-F044-INT-001;TST-F044-INT-002;PVT-F044-INT-002;TST-F044-API-001;PVT-F044-API-001;TST-F044-API-002;PVT-F044-API-002;TST-F044-PERF-001;PVT-F044-PERF-001;TST-F044-OBS-001;PVT-F044-OBS-001;TST-F044-E2E-001;PVT-F044-E2E-001;TST-F044-E2E-002;PVT-F044-E2E-002;TST-F044-UAT-001;PVT-F044-UAT-001;TST-F044-UAT-002;PVT-F044-UAT-002,AUTHORIZED_BY_PASS_F_SUBJECT_TO_WAVE_DEPENDENCIES,NOT_READY
F045,Availability check,Sales,docs/03-modules/sales/features/F045-availability-check.md,F045-CAP-001;F045-CAP-002;F045-CAP-003,F045-FLOW-001;F045-FLOW-002,F045-BR-001;F045-BR-002,F045-DATA-001;F045-DATA-002,F045-VAL-001;F045-VAL-002,F045-CALC-001,F045-UX-001;F045-UX-002;F045-UX-003,F045-SEC-001;F045-SEC-002,F045-INT-001;F045-INT-002,F045-API-001;F045-API-002,F045-E2E-001;F045-E2E-002,F045-UAT-001;F045-UAT-002,APPROVED,8,APPROVED,F045-PFC-01;F045-PFC-02;F045-PFC-03;F045-PFC-04;F045-PFC-05;F045-PFC-06;F045-PFC-07;F045-PFC-08;F045-PFC-09;F045-PFC-10,F045-STM-01;F045-STM-02;F045-STM-03;F045-STM-04;F045-STM-05,APPROVED,PFD-BM-F045-1;PFD-BM-F045-2,APPROVED,services/api/src/modules/sales,apps/web/src/modules/sales,READ_ONLY,W04,PVT-F045-CAP-001;PVT-F045-CAP-002;PVT-F045-CAP-003;TST-F045-FR-001;PVT-F045-FR-001;TST-F045-FR-002;PVT-F045-FR-002;TST-F045-FR-003;PVT-F045-FR-003;PVT-F045-US-001;PVT-F045-US-002;PVT-F045-FLOW-001;PVT-F045-FLOW-002;TST-F045-BR-001;PVT-F045-BR-001;TST-F045-BR-002;PVT-F045-BR-002;PVT-F045-DATA-001;PVT-F045-DATA-002;TST-F045-VAL-001;PVT-F045-VAL-001;TST-F045-VAL-002;PVT-F045-VAL-002;TST-F045-CALC-001;PVT-F045-CALC-001;PVT-F045-UX-001;PVT-F045-UX-002;PVT-F045-UX-003;TST-F045-SEC-001;PVT-F045-SEC-001;TST-F045-SEC-002;PVT-F045-SEC-002;PVT-F045-AUTO-001;PVT-F045-APP-001;PVT-F045-NOTIF-001;PVT-F045-REP-001;PVT-F045-AI-001;TST-F045-INT-001;PVT-F045-INT-001;TST-F045-INT-002;PVT-F045-INT-002;TST-F045-API-001;PVT-F045-API-001;TST-F045-API-002;PVT-F045-API-002;TST-F045-PERF-001;PVT-F045-PERF-001;TST-F045-OBS-001;PVT-F045-OBS-001;TST-F045-E2E-001;PVT-F045-E2E-001;TST-F045-E2E-002;PVT-F045-E2E-002;TST-F045-UAT-001;PVT-F045-UAT-001;TST-F045-UAT-002;PVT-F045-UAT-002,AUTHORIZED_BY_PASS_F_SUBJECT_TO_WAVE_DEPENDENCIES,NOT_READY
F046,Stock reservation,Sales,docs/03-modules/sales/features/F046-stock-reservation.md,F046-CAP-001;F046-CAP-002;F046-CAP-003,F046-FLOW-001;F046-FLOW-002,F046-BR-001;F046-BR-002,F046-DATA-001;F046-DATA-002,F046-VAL-001;F046-VAL-002,F046-CALC-001,F046-UX-001;F046-UX-002;F046-UX-003,F046-SEC-001;F046-SEC-002,F046-INT-001;F046-INT-002,F046-API-001;F046-API-002,F046-E2E-001;F046-E2E-002,F046-UAT-001;F046-UAT-002,APPROVED,8,APPROVED,F046-PFC-01;F046-PFC-02;F046-PFC-03;F046-PFC-04;F046-PFC-05;F046-PFC-06;F046-PFC-07;F046-PFC-08;F046-PFC-09;F046-PFC-10,F046-STM-01;F046-STM-02;F046-STM-03;F046-STM-04;F046-STM-05,APPROVED,PFD-BM-F046-1;PFD-BM-F046-2,APPROVED,services/api/src/modules/sales,apps/web/src/modules/sales,READ_ONLY,W04,PVT-F046-CAP-001;PVT-F046-CAP-002;PVT-F046-CAP-003;TST-F046-FR-001;PVT-F046-FR-001;TST-F046-FR-002;PVT-F046-FR-002;TST-F046-FR-003;PVT-F046-FR-003;PVT-F046-US-001;PVT-F046-US-002;PVT-F046-FLOW-001;PVT-F046-FLOW-002;TST-F046-BR-001;PVT-F046-BR-001;TST-F046-BR-002;PVT-F046-BR-002;PVT-F046-DATA-001;PVT-F046-DATA-002;TST-F046-VAL-001;PVT-F046-VAL-001;TST-F046-VAL-002;PVT-F046-VAL-002;TST-F046-CALC-001;PVT-F046-CALC-001;PVT-F046-UX-001;PVT-F046-UX-002;PVT-F046-UX-003;TST-F046-SEC-001;PVT-F046-SEC-001;TST-F046-SEC-002;PVT-F046-SEC-002;PVT-F046-AUTO-001;PVT-F046-APP-001;PVT-F046-NOTIF-001;PVT-F046-REP-001;PVT-F046-AI-001;TST-F046-INT-001;PVT-F046-INT-001;TST-F046-INT-002;PVT-F046-INT-002;TST-F046-API-001;PVT-F046-API-001;TST-F046-API-002;PVT-F046-API-002;TST-F046-PERF-001;PVT-F046-PERF-001;TST-F046-OBS-001;PVT-F046-OBS-001;TST-F046-E2E-001;PVT-F046-E2E-001;TST-F046-E2E-002;PVT-F046-E2E-002;TST-F046-UAT-001;PVT-F046-UAT-001;TST-F046-UAT-002;PVT-F046-UAT-002,AUTHORIZED_BY_PASS_F_SUBJECT_TO_WAVE_DEPENDENCIES,NOT_READY
F047,Partial fulfilment,Sales,docs/03-modules/sales/features/F047-partial-fulfilment.md,F047-CAP-001;F047-CAP-002;F047-CAP-003,F047-FLOW-001;F047-FLOW-002,F047-BR-001;F047-BR-002,F047-DATA-001;F047-DATA-002,F047-VAL-001;F047-VAL-002,F047-CALC-001,F047-UX-001;F047-UX-002;F047-UX-003,F047-SEC-001;F047-SEC-002,F047-INT-001;F047-INT-002,F047-API-001;F047-API-002,F047-E2E-001;F047-E2E-002,F047-UAT-001;F047-UAT-002,APPROVED,8,APPROVED,F047-PFC-01;F047-PFC-02;F047-PFC-03;F047-PFC-04;F047-PFC-05;F047-PFC-06;F047-PFC-07;F047-PFC-08;F047-PFC-09;F047-PFC-10,F047-STM-01;F047-STM-02;F047-STM-03;F047-STM-04;F047-STM-05,APPROVED,PFD-BM-F047-1;PFD-BM-F047-2,APPROVED,services/api/src/modules/sales,apps/web/src/modules/sales,READ_ONLY,W04,PVT-F047-CAP-001;PVT-F047-CAP-002;PVT-F047-CAP-003;TST-F047-FR-001;PVT-F047-FR-001;TST-F047-FR-002;PVT-F047-FR-002;TST-F047-FR-003;PVT-F047-FR-003;PVT-F047-US-001;PVT-F047-US-002;PVT-F047-FLOW-001;PVT-F047-FLOW-002;TST-F047-BR-001;PVT-F047-BR-001;TST-F047-BR-002;PVT-F047-BR-002;PVT-F047-DATA-001;PVT-F047-DATA-002;TST-F047-VAL-001;PVT-F047-VAL-001;TST-F047-VAL-002;PVT-F047-VAL-002;TST-F047-CALC-001;PVT-F047-CALC-001;PVT-F047-UX-001;PVT-F047-UX-002;PVT-F047-UX-003;TST-F047-SEC-001;PVT-F047-SEC-001;TST-F047-SEC-002;PVT-F047-SEC-002;PVT-F047-AUTO-001;PVT-F047-APP-001;PVT-F047-NOTIF-001;PVT-F047-REP-001;PVT-F047-AI-001;TST-F047-INT-001;PVT-F047-INT-001;TST-F047-INT-002;PVT-F047-INT-002;TST-F047-API-001;PVT-F047-API-001;TST-F047-API-002;PVT-F047-API-002;TST-F047-PERF-001;PVT-F047-PERF-001;TST-F047-OBS-001;PVT-F047-OBS-001;TST-F047-E2E-001;PVT-F047-E2E-001;TST-F047-E2E-002;PVT-F047-E2E-002;TST-F047-UAT-001;PVT-F047-UAT-001;TST-F047-UAT-002;PVT-F047-UAT-002,AUTHORIZED_BY_PASS_F_SUBJECT_TO_WAVE_DEPENDENCIES,NOT_READY
F048,Backorders,Sales,docs/03-modules/sales/features/F048-backorders.md,F048-CAP-001;F048-CAP-002;F048-CAP-003,F048-FLOW-001;F048-FLOW-002,F048-BR-001;F048-BR-002,F048-DATA-001;F048-DATA-002,F048-VAL-001;F048-VAL-002,F048-CALC-001,F048-UX-001;F048-UX-002;F048-UX-003,F048-SEC-001;F048-SEC-002,F048-INT-001;F048-INT-002,F048-API-001;F048-API-002,F048-E2E-001;F048-E2E-002,F048-UAT-001;F048-UAT-002,APPROVED,8,APPROVED,F048-PFC-01;F048-PFC-02;F048-PFC-03;F048-PFC-04;F048-PFC-05;F048-PFC-06;F048-PFC-07;F048-PFC-08;F048-PFC-09;F048-PFC-10,F048-STM-01;F048-STM-02;F048-STM-03;F048-STM-04;F048-STM-05,APPROVED,PFD-BM-F048-1;PFD-BM-F048-2,APPROVED,services/api/src/modules/sales,apps/web/src/modules/sales,READ_ONLY,W04,PVT-F048-CAP-001;PVT-F048-CAP-002;PVT-F048-CAP-003;TST-F048-FR-001;PVT-F048-FR-001;TST-F048-FR-002;PVT-F048-FR-002;TST-F048-FR-003;PVT-F048-FR-003;PVT-F048-US-001;PVT-F048-US-002;PVT-F048-FLOW-001;PVT-F048-FLOW-002;TST-F048-BR-001;PVT-F048-BR-001;TST-F048-BR-002;PVT-F048-BR-002;PVT-F048-DATA-001;PVT-F048-DATA-002;TST-F048-VAL-001;PVT-F048-VAL-001;TST-F048-VAL-002;PVT-F048-VAL-002;TST-F048-CALC-001;PVT-F048-CALC-001;PVT-F048-UX-001;PVT-F048-UX-002;PVT-F048-UX-003;TST-F048-SEC-001;PVT-F048-SEC-001;TST-F048-SEC-002;PVT-F048-SEC-002;PVT-F048-AUTO-001;PVT-F048-APP-001;PVT-F048-NOTIF-001;PVT-F048-REP-001;PVT-F048-AI-001;TST-F048-INT-001;PVT-F048-INT-001;TST-F048-INT-002;PVT-F048-INT-002;TST-F048-API-001;PVT-F048-API-001;TST-F048-API-002;PVT-F048-API-002;TST-F048-PERF-001;PVT-F048-PERF-001;TST-F048-OBS-001;PVT-F048-OBS-001;TST-F048-E2E-001;PVT-F048-E2E-001;TST-F048-E2E-002;PVT-F048-E2E-002;TST-F048-UAT-001;PVT-F048-UAT-001;TST-F048-UAT-002;PVT-F048-UAT-002,AUTHORIZED_BY_PASS_F_SUBJECT_TO_WAVE_DEPENDENCIES,NOT_READY
F049,Delivery and shipment,Sales,docs/03-modules/sales/features/F049-delivery-and-shipment.md,F049-CAP-001;F049-CAP-002;F049-CAP-003,F049-FLOW-001;F049-FLOW-002,F049-BR-001;F049-BR-002,F049-DATA-001;F049-DATA-002,F049-VAL-001;F049-VAL-002,F049-CALC-001,F049-UX-001;F049-UX-002;F049-UX-003,F049-SEC-001;F049-SEC-002,F049-INT-001;F049-INT-002,F049-API-001;F049-API-002,F049-E2E-001;F049-E2E-002,F049-UAT-001;F049-UAT-002,APPROVED,8,APPROVED,F049-PFC-01;F049-PFC-02;F049-PFC-03;F049-PFC-04;F049-PFC-05;F049-PFC-06;F049-PFC-07;F049-PFC-08;F049-PFC-09;F049-PFC-10,F049-STM-01;F049-STM-02;F049-STM-03;F049-STM-04;F049-STM-05,APPROVED,PFD-BM-F049-1;PFD-BM-F049-2,APPROVED,services/api/src/modules/sales,apps/web/src/modules/sales,READ_ONLY,W04,PVT-F049-CAP-001;PVT-F049-CAP-002;PVT-F049-CAP-003;TST-F049-FR-001;PVT-F049-FR-001;TST-F049-FR-002;PVT-F049-FR-002;TST-F049-FR-003;PVT-F049-FR-003;PVT-F049-US-001;PVT-F049-US-002;PVT-F049-FLOW-001;PVT-F049-FLOW-002;TST-F049-BR-001;PVT-F049-BR-001;TST-F049-BR-002;PVT-F049-BR-002;PVT-F049-DATA-001;PVT-F049-DATA-002;TST-F049-VAL-001;PVT-F049-VAL-001;TST-F049-VAL-002;PVT-F049-VAL-002;TST-F049-CALC-001;PVT-F049-CALC-001;PVT-F049-UX-001;PVT-F049-UX-002;PVT-F049-UX-003;TST-F049-SEC-001;PVT-F049-SEC-001;TST-F049-SEC-002;PVT-F049-SEC-002;PVT-F049-AUTO-001;PVT-F049-APP-001;PVT-F049-NOTIF-001;PVT-F049-REP-001;PVT-F049-AI-001;TST-F049-INT-001;PVT-F049-INT-001;TST-F049-INT-002;PVT-F049-INT-002;TST-F049-API-001;PVT-F049-API-001;TST-F049-API-002;PVT-F049-API-002;TST-F049-PERF-001;PVT-F049-PERF-001;TST-F049-OBS-001;PVT-F049-OBS-001;TST-F049-E2E-001;PVT-F049-E2E-001;TST-F049-E2E-002;PVT-F049-E2E-002;TST-F049-UAT-001;PVT-F049-UAT-001;TST-F049-UAT-002;PVT-F049-UAT-002,AUTHORIZED_BY_PASS_F_SUBJECT_TO_WAVE_DEPENDENCIES,NOT_READY
F050,Sales invoices,Sales,docs/03-modules/sales/features/F050-sales-invoices.md,F050-CAP-001;F050-CAP-002;F050-CAP-003,F050-FLOW-001;F050-FLOW-002,F050-BR-001;F050-BR-002,F050-DATA-001;F050-DATA-002,F050-VAL-001;F050-VAL-002,F050-CALC-001,F050-UX-001;F050-UX-002;F050-UX-003,F050-SEC-001;F050-SEC-002,F050-INT-001;F050-INT-002,F050-API-001;F050-API-002,F050-E2E-001;F050-E2E-002,F050-UAT-001;F050-UAT-002,APPROVED,8,APPROVED,F050-PFC-01;F050-PFC-02;F050-PFC-03;F050-PFC-04;F050-PFC-05;F050-PFC-06;F050-PFC-07;F050-PFC-08;F050-PFC-09;F050-PFC-10,F050-STM-01;F050-STM-02;F050-STM-03;F050-STM-04;F050-STM-05,APPROVED,PFD-BM-F050-1;PFD-BM-F050-2,APPROVED,services/api/src/modules/sales,apps/web/src/modules/sales,READ_ONLY,W04,PVT-F050-CAP-001;PVT-F050-CAP-002;PVT-F050-CAP-003;TST-F050-FR-001;PVT-F050-FR-001;TST-F050-FR-002;PVT-F050-FR-002;TST-F050-FR-003;PVT-F050-FR-003;PVT-F050-US-001;PVT-F050-US-002;PVT-F050-FLOW-001;PVT-F050-FLOW-002;TST-F050-BR-001;PVT-F050-BR-001;TST-F050-BR-002;PVT-F050-BR-002;PVT-F050-DATA-001;PVT-F050-DATA-002;TST-F050-VAL-001;PVT-F050-VAL-001;TST-F050-VAL-002;PVT-F050-VAL-002;TST-F050-CALC-001;PVT-F050-CALC-001;PVT-F050-UX-001;PVT-F050-UX-002;PVT-F050-UX-003;TST-F050-SEC-001;PVT-F050-SEC-001;TST-F050-SEC-002;PVT-F050-SEC-002;PVT-F050-AUTO-001;PVT-F050-APP-001;PVT-F050-NOTIF-001;PVT-F050-REP-001;PVT-F050-AI-001;TST-F050-INT-001;PVT-F050-INT-001;TST-F050-INT-002;PVT-F050-INT-002;TST-F050-API-001;PVT-F050-API-001;TST-F050-API-002;PVT-F050-API-002;TST-F050-PERF-001;PVT-F050-PERF-001;TST-F050-OBS-001;PVT-F050-OBS-001;TST-F050-E2E-001;PVT-F050-E2E-001;TST-F050-E2E-002;PVT-F050-E2E-002;TST-F050-UAT-001;PVT-F050-UAT-001;TST-F050-UAT-002;PVT-F050-UAT-002,AUTHORIZED_BY_PASS_F_SUBJECT_TO_WAVE_DEPENDENCIES,NOT_READY
F051,Partial invoicing,Sales,docs/03-modules/sales/features/F051-partial-invoicing.md,F051-CAP-001;F051-CAP-002;F051-CAP-003,F051-FLOW-001;F051-FLOW-002,F051-BR-001;F051-BR-002,F051-DATA-001;F051-DATA-002,F051-VAL-001;F051-VAL-002,F051-CALC-001,F051-UX-001;F051-UX-002;F051-UX-003,F051-SEC-001;F051-SEC-002,F051-INT-001;F051-INT-002,F051-API-001;F051-API-002,F051-E2E-001;F051-E2E-002,F051-UAT-001;F051-UAT-002,APPROVED,8,APPROVED,F051-PFC-01;F051-PFC-02;F051-PFC-03;F051-PFC-04;F051-PFC-05;F051-PFC-06;F051-PFC-07;F051-PFC-08;F051-PFC-09;F051-PFC-10,F051-STM-01;F051-STM-02;F051-STM-03;F051-STM-04;F051-STM-05,APPROVED,PFD-BM-F051-1;PFD-BM-F051-2,APPROVED,services/api/src/modules/sales,apps/web/src/modules/sales,READ_ONLY,W04,PVT-F051-CAP-001;PVT-F051-CAP-002;PVT-F051-CAP-003;TST-F051-FR-001;PVT-F051-FR-001;TST-F051-FR-002;PVT-F051-FR-002;TST-F051-FR-003;PVT-F051-FR-003;PVT-F051-US-001;PVT-F051-US-002;PVT-F051-FLOW-001;PVT-F051-FLOW-002;TST-F051-BR-001;PVT-F051-BR-001;TST-F051-BR-002;PVT-F051-BR-002;PVT-F051-DATA-001;PVT-F051-DATA-002;TST-F051-VAL-001;PVT-F051-VAL-001;TST-F051-VAL-002;PVT-F051-VAL-002;TST-F051-CALC-001;PVT-F051-CALC-001;PVT-F051-UX-001;PVT-F051-UX-002;PVT-F051-UX-003;TST-F051-SEC-001;PVT-F051-SEC-001;TST-F051-SEC-002;PVT-F051-SEC-002;PVT-F051-AUTO-001;PVT-F051-APP-001;PVT-F051-NOTIF-001;PVT-F051-REP-001;PVT-F051-AI-001;TST-F051-INT-001;PVT-F051-INT-001;TST-F051-INT-002;PVT-F051-INT-002;TST-F051-API-001;PVT-F051-API-001;TST-F051-API-002;PVT-F051-API-002;TST-F051-PERF-001;PVT-F051-PERF-001;TST-F051-OBS-001;PVT-F051-OBS-001;TST-F051-E2E-001;PVT-F051-E2E-001;TST-F051-E2E-002;PVT-F051-E2E-002;TST-F051-UAT-001;PVT-F051-UAT-001;TST-F051-UAT-002;PVT-F051-UAT-002,AUTHORIZED_BY_PASS_F_SUBJECT_TO_WAVE_DEPENDENCIES,NOT_READY
F052,Advance payments,Sales,docs/03-modules/sales/features/F052-advance-payments.md,F052-CAP-001;F052-CAP-002;F052-CAP-003,F052-FLOW-001;F052-FLOW-002,F052-BR-001;F052-BR-002,F052-DATA-001;F052-DATA-002,F052-VAL-001;F052-VAL-002,F052-CALC-001,F052-UX-001;F052-UX-002;F052-UX-003,F052-SEC-001;F052-SEC-002,F052-INT-001;F052-INT-002,F052-API-001;F052-API-002,F052-E2E-001;F052-E2E-002,F052-UAT-001;F052-UAT-002,APPROVED,8,APPROVED,F052-PFC-01;F052-PFC-02;F052-PFC-03;F052-PFC-04;F052-PFC-05;F052-PFC-06;F052-PFC-07;F052-PFC-08;F052-PFC-09;F052-PFC-10,F052-STM-01;F052-STM-02;F052-STM-03;F052-STM-04;F052-STM-05,APPROVED,PFD-BM-F052-1;PFD-BM-F052-2,APPROVED,services/api/src/modules/sales,apps/web/src/modules/sales,READ_ONLY,W04,PVT-F052-CAP-001;PVT-F052-CAP-002;PVT-F052-CAP-003;TST-F052-FR-001;PVT-F052-FR-001;TST-F052-FR-002;PVT-F052-FR-002;TST-F052-FR-003;PVT-F052-FR-003;PVT-F052-US-001;PVT-F052-US-002;PVT-F052-FLOW-001;PVT-F052-FLOW-002;TST-F052-BR-001;PVT-F052-BR-001;TST-F052-BR-002;PVT-F052-BR-002;PVT-F052-DATA-001;PVT-F052-DATA-002;TST-F052-VAL-001;PVT-F052-VAL-001;TST-F052-VAL-002;PVT-F052-VAL-002;TST-F052-CALC-001;PVT-F052-CALC-001;PVT-F052-UX-001;PVT-F052-UX-002;PVT-F052-UX-003;TST-F052-SEC-001;PVT-F052-SEC-001;TST-F052-SEC-002;PVT-F052-SEC-002;PVT-F052-AUTO-001;PVT-F052-APP-001;PVT-F052-NOTIF-001;PVT-F052-REP-001;PVT-F052-AI-001;TST-F052-INT-001;PVT-F052-INT-001;TST-F052-INT-002;PVT-F052-INT-002;TST-F052-API-001;PVT-F052-API-001;TST-F052-API-002;PVT-F052-API-002;TST-F052-PERF-001;PVT-F052-PERF-001;TST-F052-OBS-001;PVT-F052-OBS-001;TST-F052-E2E-001;PVT-F052-E2E-001;TST-F052-E2E-002;PVT-F052-E2E-002;TST-F052-UAT-001;PVT-F052-UAT-001;TST-F052-UAT-002;PVT-F052-UAT-002,AUTHORIZED_BY_PASS_F_SUBJECT_TO_WAVE_DEPENDENCIES,NOT_READY
F053,Credit limits,Sales,docs/03-modules/sales/features/F053-credit-limits.md,F053-CAP-001;F053-CAP-002;F053-CAP-003,F053-FLOW-001;F053-FLOW-002,F053-BR-001;F053-BR-002,F053-DATA-001;F053-DATA-002,F053-VAL-001;F053-VAL-002,F053-CALC-001,F053-UX-001;F053-UX-002;F053-UX-003,F053-SEC-001;F053-SEC-002,F053-INT-001;F053-INT-002,F053-API-001;F053-API-002,F053-E2E-001;F053-E2E-002,F053-UAT-001;F053-UAT-002,APPROVED,8,APPROVED,F053-PFC-01;F053-PFC-02;F053-PFC-03;F053-PFC-04;F053-PFC-05;F053-PFC-06;F053-PFC-07;F053-PFC-08;F053-PFC-09;F053-PFC-10,F053-STM-01;F053-STM-02;F053-STM-03;F053-STM-04;F053-STM-05,APPROVED,PFD-BM-F053-1;PFD-BM-F053-2,APPROVED,services/api/src/modules/sales,apps/web/src/modules/sales,READ_ONLY,W04,PVT-F053-CAP-001;PVT-F053-CAP-002;PVT-F053-CAP-003;TST-F053-FR-001;PVT-F053-FR-001;TST-F053-FR-002;PVT-F053-FR-002;TST-F053-FR-003;PVT-F053-FR-003;PVT-F053-US-001;PVT-F053-US-002;PVT-F053-FLOW-001;PVT-F053-FLOW-002;TST-F053-BR-001;PVT-F053-BR-001;TST-F053-BR-002;PVT-F053-BR-002;PVT-F053-DATA-001;PVT-F053-DATA-002;TST-F053-VAL-001;PVT-F053-VAL-001;TST-F053-VAL-002;PVT-F053-VAL-002;TST-F053-CALC-001;PVT-F053-CALC-001;PVT-F053-UX-001;PVT-F053-UX-002;PVT-F053-UX-003;TST-F053-SEC-001;PVT-F053-SEC-001;TST-F053-SEC-002;PVT-F053-SEC-002;PVT-F053-AUTO-001;PVT-F053-APP-001;PVT-F053-NOTIF-001;PVT-F053-REP-001;PVT-F053-AI-001;TST-F053-INT-001;PVT-F053-INT-001;TST-F053-INT-002;PVT-F053-INT-002;TST-F053-API-001;PVT-F053-API-001;TST-F053-API-002;PVT-F053-API-002;TST-F053-PERF-001;PVT-F053-PERF-001;TST-F053-OBS-001;PVT-F053-OBS-001;TST-F053-E2E-001;PVT-F053-E2E-001;TST-F053-E2E-002;PVT-F053-E2E-002;TST-F053-UAT-001;PVT-F053-UAT-001;TST-F053-UAT-002;PVT-F053-UAT-002,AUTHORIZED_BY_PASS_F_SUBJECT_TO_WAVE_DEPENDENCIES,NOT_READY
F054,Customer returns,Sales,docs/03-modules/sales/features/F054-customer-returns.md,F054-CAP-001;F054-CAP-002;F054-CAP-003,F054-FLOW-001;F054-FLOW-002,F054-BR-001;F054-BR-002,F054-DATA-001;F054-DATA-002,F054-VAL-001;F054-VAL-002,F054-CALC-001,F054-UX-001;F054-UX-002;F054-UX-003,F054-SEC-001;F054-SEC-002,F054-INT-001;F054-INT-002,F054-API-001;F054-API-002,F054-E2E-001;F054-E2E-002,F054-UAT-001;F054-UAT-002,APPROVED,8,APPROVED,F054-PFC-01;F054-PFC-02;F054-PFC-03;F054-PFC-04;F054-PFC-05;F054-PFC-06;F054-PFC-07;F054-PFC-08;F054-PFC-09;F054-PFC-10,F054-STM-01;F054-STM-02;F054-STM-03;F054-STM-04;F054-STM-05,APPROVED,PFD-BM-F054-1;PFD-BM-F054-2,APPROVED,services/api/src/modules/sales,apps/web/src/modules/sales,READ_ONLY,W04,PVT-F054-CAP-001;PVT-F054-CAP-002;PVT-F054-CAP-003;TST-F054-FR-001;PVT-F054-FR-001;TST-F054-FR-002;PVT-F054-FR-002;TST-F054-FR-003;PVT-F054-FR-003;PVT-F054-US-001;PVT-F054-US-002;PVT-F054-FLOW-001;PVT-F054-FLOW-002;TST-F054-BR-001;PVT-F054-BR-001;TST-F054-BR-002;PVT-F054-BR-002;PVT-F054-DATA-001;PVT-F054-DATA-002;TST-F054-VAL-001;PVT-F054-VAL-001;TST-F054-VAL-002;PVT-F054-VAL-002;TST-F054-CALC-001;PVT-F054-CALC-001;PVT-F054-UX-001;PVT-F054-UX-002;PVT-F054-UX-003;TST-F054-SEC-001;PVT-F054-SEC-001;TST-F054-SEC-002;PVT-F054-SEC-002;PVT-F054-AUTO-001;PVT-F054-APP-001;PVT-F054-NOTIF-001;PVT-F054-REP-001;PVT-F054-AI-001;TST-F054-INT-001;PVT-F054-INT-001;TST-F054-INT-002;PVT-F054-INT-002;TST-F054-API-001;PVT-F054-API-001;TST-F054-API-002;PVT-F054-API-002;TST-F054-PERF-001;PVT-F054-PERF-001;TST-F054-OBS-001;PVT-F054-OBS-001;TST-F054-E2E-001;PVT-F054-E2E-001;TST-F054-E2E-002;PVT-F054-E2E-002;TST-F054-UAT-001;PVT-F054-UAT-001;TST-F054-UAT-002;PVT-F054-UAT-002,AUTHORIZED_BY_PASS_F_SUBJECT_TO_WAVE_DEPENDENCIES,NOT_READY
F055,Credit notes and refunds,Sales,docs/03-modules/sales/features/F055-credit-notes-and-refunds.md,F055-CAP-001;F055-CAP-002;F055-CAP-003,F055-FLOW-001;F055-FLOW-002,F055-BR-001;F055-BR-002,F055-DATA-001;F055-DATA-002,F055-VAL-001;F055-VAL-002,F055-CALC-001,F055-UX-001;F055-UX-002;F055-UX-003,F055-SEC-001;F055-SEC-002,F055-INT-001;F055-INT-002,F055-API-001;F055-API-002,F055-E2E-001;F055-E2E-002,F055-UAT-001;F055-UAT-002,APPROVED,8,APPROVED,F055-PFC-01;F055-PFC-02;F055-PFC-03;F055-PFC-04;F055-PFC-05;F055-PFC-06;F055-PFC-07;F055-PFC-08;F055-PFC-09;F055-PFC-10,F055-STM-01;F055-STM-02;F055-STM-03;F055-STM-04;F055-STM-05,APPROVED,PFD-BM-F055-1;PFD-BM-F055-2,APPROVED,services/api/src/modules/sales,apps/web/src/modules/sales,READ_ONLY,W04,PVT-F055-CAP-001;PVT-F055-CAP-002;PVT-F055-CAP-003;TST-F055-FR-001;PVT-F055-FR-001;TST-F055-FR-002;PVT-F055-FR-002;TST-F055-FR-003;PVT-F055-FR-003;PVT-F055-US-001;PVT-F055-US-002;PVT-F055-FLOW-001;PVT-F055-FLOW-002;TST-F055-BR-001;PVT-F055-BR-001;TST-F055-BR-002;PVT-F055-BR-002;PVT-F055-DATA-001;PVT-F055-DATA-002;TST-F055-VAL-001;PVT-F055-VAL-001;TST-F055-VAL-002;PVT-F055-VAL-002;TST-F055-CALC-001;PVT-F055-CALC-001;PVT-F055-UX-001;PVT-F055-UX-002;PVT-F055-UX-003;TST-F055-SEC-001;PVT-F055-SEC-001;TST-F055-SEC-002;PVT-F055-SEC-002;PVT-F055-AUTO-001;PVT-F055-APP-001;PVT-F055-NOTIF-001;PVT-F055-REP-001;PVT-F055-AI-001;TST-F055-INT-001;PVT-F055-INT-001;TST-F055-INT-002;PVT-F055-INT-002;TST-F055-API-001;PVT-F055-API-001;TST-F055-API-002;PVT-F055-API-002;TST-F055-PERF-001;PVT-F055-PERF-001;TST-F055-OBS-001;PVT-F055-OBS-001;TST-F055-E2E-001;PVT-F055-E2E-001;TST-F055-E2E-002;PVT-F055-E2E-002;TST-F055-UAT-001;PVT-F055-UAT-001;TST-F055-UAT-002;PVT-F055-UAT-002,AUTHORIZED_BY_PASS_F_SUBJECT_TO_WAVE_DEPENDENCIES,NOT_READY
F056,Drop shipping,Sales,docs/03-modules/sales/features/F056-drop-shipping.md,F056-CAP-001;F056-CAP-002;F056-CAP-003,F056-FLOW-001;F056-FLOW-002,F056-BR-001;F056-BR-002,F056-DATA-001;F056-DATA-002,F056-VAL-001;F056-VAL-002,F056-CALC-001,F056-UX-001;F056-UX-002;F056-UX-003,F056-SEC-001;F056-SEC-002,F056-INT-001;F056-INT-002,F056-API-001;F056-API-002,F056-E2E-001;F056-E2E-002,F056-UAT-001;F056-UAT-002,APPROVED,8,APPROVED,F056-PFC-01;F056-PFC-02;F056-PFC-03;F056-PFC-04;F056-PFC-05;F056-PFC-06;F056-PFC-07;F056-PFC-08;F056-PFC-09;F056-PFC-10,F056-STM-01;F056-STM-02;F056-STM-03;F056-STM-04;F056-STM-05,APPROVED,PFD-BM-F056-1;PFD-BM-F056-2,APPROVED,services/api/src/modules/sales,apps/web/src/modules/sales,FIELD_OPTIMIZED,W04,PVT-F056-CAP-001;PVT-F056-CAP-002;PVT-F056-CAP-003;TST-F056-FR-001;PVT-F056-FR-001;TST-F056-FR-002;PVT-F056-FR-002;TST-F056-FR-003;PVT-F056-FR-003;PVT-F056-US-001;PVT-F056-US-002;PVT-F056-FLOW-001;PVT-F056-FLOW-002;TST-F056-BR-001;PVT-F056-BR-001;TST-F056-BR-002;PVT-F056-BR-002;PVT-F056-DATA-001;PVT-F056-DATA-002;TST-F056-VAL-001;PVT-F056-VAL-001;TST-F056-VAL-002;PVT-F056-VAL-002;TST-F056-CALC-001;PVT-F056-CALC-001;PVT-F056-UX-001;PVT-F056-UX-002;PVT-F056-UX-003;TST-F056-SEC-001;PVT-F056-SEC-001;TST-F056-SEC-002;PVT-F056-SEC-002;PVT-F056-AUTO-001;PVT-F056-APP-001;PVT-F056-NOTIF-001;PVT-F056-REP-001;PVT-F056-AI-001;TST-F056-INT-001;PVT-F056-INT-001;TST-F056-INT-002;PVT-F056-INT-002;TST-F056-API-001;PVT-F056-API-001;TST-F056-API-002;PVT-F056-API-002;TST-F056-PERF-001;PVT-F056-PERF-001;TST-F056-OBS-001;PVT-F056-OBS-001;TST-F056-E2E-001;PVT-F056-E2E-001;TST-F056-E2E-002;PVT-F056-E2E-002;TST-F056-UAT-001;PVT-F056-UAT-001;TST-F056-UAT-002;PVT-F056-UAT-002,AUTHORIZED_BY_PASS_F_SUBJECT_TO_WAVE_DEPENDENCIES,NOT_READY
F057,Sales commissions,Sales,docs/03-modules/sales/features/F057-sales-commissions.md,F057-CAP-001;F057-CAP-002;F057-CAP-003,F057-FLOW-001;F057-FLOW-002,F057-BR-001;F057-BR-002,F057-DATA-001;F057-DATA-002,F057-VAL-001;F057-VAL-002,F057-CALC-001,F057-UX-001;F057-UX-002;F057-UX-003,F057-SEC-001;F057-SEC-002,F057-INT-001;F057-INT-002,F057-API-001;F057-API-002,F057-E2E-001;F057-E2E-002,F057-UAT-001;F057-UAT-002,APPROVED,8,APPROVED,F057-PFC-01;F057-PFC-02;F057-PFC-03;F057-PFC-04;F057-PFC-05;F057-PFC-06;F057-PFC-07;F057-PFC-08;F057-PFC-09;F057-PFC-10,F057-STM-01;F057-STM-02;F057-STM-03;F057-STM-04;F057-STM-05,APPROVED,PFD-BM-F057-1;PFD-BM-F057-2,APPROVED,services/api/src/modules/sales,apps/web/src/modules/sales,READ_ONLY,W04,PVT-F057-CAP-001;PVT-F057-CAP-002;PVT-F057-CAP-003;TST-F057-FR-001;PVT-F057-FR-001;TST-F057-FR-002;PVT-F057-FR-002;TST-F057-FR-003;PVT-F057-FR-003;PVT-F057-US-001;PVT-F057-US-002;PVT-F057-FLOW-001;PVT-F057-FLOW-002;TST-F057-BR-001;PVT-F057-BR-001;TST-F057-BR-002;PVT-F057-BR-002;PVT-F057-DATA-001;PVT-F057-DATA-002;TST-F057-VAL-001;PVT-F057-VAL-001;TST-F057-VAL-002;PVT-F057-VAL-002;TST-F057-CALC-001;PVT-F057-CALC-001;PVT-F057-UX-001;PVT-F057-UX-002;PVT-F057-UX-003;TST-F057-SEC-001;PVT-F057-SEC-001;TST-F057-SEC-002;PVT-F057-SEC-002;PVT-F057-AUTO-001;PVT-F057-APP-001;PVT-F057-NOTIF-001;PVT-F057-REP-001;PVT-F057-AI-001;TST-F057-INT-001;PVT-F057-INT-001;TST-F057-INT-002;PVT-F057-INT-002;TST-F057-API-001;PVT-F057-API-001;TST-F057-API-002;PVT-F057-API-002;TST-F057-PERF-001;PVT-F057-PERF-001;TST-F057-OBS-001;PVT-F057-OBS-001;TST-F057-E2E-001;PVT-F057-E2E-001;TST-F057-E2E-002;PVT-F057-E2E-002;TST-F057-UAT-001;PVT-F057-UAT-001;TST-F057-UAT-002;PVT-F057-UAT-002,AUTHORIZED_BY_PASS_F_SUBJECT_TO_WAVE_DEPENDENCIES,NOT_READY
F058,Payment terms,Sales,docs/03-modules/sales/features/F058-payment-terms.md,F058-CAP-001;F058-CAP-002;F058-CAP-003,F058-FLOW-001;F058-FLOW-002,F058-BR-001;F058-BR-002,F058-DATA-001;F058-DATA-002,F058-VAL-001;F058-VAL-002,F058-CALC-001,F058-UX-001;F058-UX-002;F058-UX-003,F058-SEC-001;F058-SEC-002,F058-INT-001;F058-INT-002,F058-API-001;F058-API-002,F058-E2E-001;F058-E2E-002,F058-UAT-001;F058-UAT-002,APPROVED,8,APPROVED,F058-PFC-01;F058-PFC-02;F058-PFC-03;F058-PFC-04;F058-PFC-05;F058-PFC-06;F058-PFC-07;F058-PFC-08;F058-PFC-09;F058-PFC-10,F058-STM-01;F058-STM-02;F058-STM-03;F058-STM-04;F058-STM-05,APPROVED,PFD-BM-F058-1;PFD-BM-F058-2,APPROVED,services/api/src/modules/sales,apps/web/src/modules/sales,READ_ONLY,W04,PVT-F058-CAP-001;PVT-F058-CAP-002;PVT-F058-CAP-003;TST-F058-FR-001;PVT-F058-FR-001;TST-F058-FR-002;PVT-F058-FR-002;TST-F058-FR-003;PVT-F058-FR-003;PVT-F058-US-001;PVT-F058-US-002;PVT-F058-FLOW-001;PVT-F058-FLOW-002;TST-F058-BR-001;PVT-F058-BR-001;TST-F058-BR-002;PVT-F058-BR-002;PVT-F058-DATA-001;PVT-F058-DATA-002;TST-F058-VAL-001;PVT-F058-VAL-001;TST-F058-VAL-002;PVT-F058-VAL-002;TST-F058-CALC-001;PVT-F058-CALC-001;PVT-F058-UX-001;PVT-F058-UX-002;PVT-F058-UX-003;TST-F058-SEC-001;PVT-F058-SEC-001;TST-F058-SEC-002;PVT-F058-SEC-002;PVT-F058-AUTO-001;PVT-F058-APP-001;PVT-F058-NOTIF-001;PVT-F058-REP-001;PVT-F058-AI-001;TST-F058-INT-001;PVT-F058-INT-001;TST-F058-INT-002;PVT-F058-INT-002;TST-F058-API-001;PVT-F058-API-001;TST-F058-API-002;PVT-F058-API-002;TST-F058-PERF-001;PVT-F058-PERF-001;TST-F058-OBS-001;PVT-F058-OBS-001;TST-F058-E2E-001;PVT-F058-E2E-001;TST-F058-E2E-002;PVT-F058-E2E-002;TST-F058-UAT-001;PVT-F058-UAT-001;TST-F058-UAT-002;PVT-F058-UAT-002,AUTHORIZED_BY_PASS_F_SUBJECT_TO_WAVE_DEPENDENCIES,NOT_READY
F059,Order status tracking,Sales,docs/03-modules/sales/features/F059-order-status-tracking.md,F059-CAP-001;F059-CAP-002;F059-CAP-003,F059-FLOW-001;F059-FLOW-002,F059-BR-001;F059-BR-002,F059-DATA-001;F059-DATA-002,F059-VAL-001;F059-VAL-002,F059-CALC-001,F059-UX-001;F059-UX-002;F059-UX-003,F059-SEC-001;F059-SEC-002,F059-INT-001;F059-INT-002,F059-API-001;F059-API-002,F059-E2E-001;F059-E2E-002,F059-UAT-001;F059-UAT-002,APPROVED,8,APPROVED,F059-PFC-01;F059-PFC-02;F059-PFC-03;F059-PFC-04;F059-PFC-05;F059-PFC-06;F059-PFC-07;F059-PFC-08;F059-PFC-09;F059-PFC-10,F059-STM-01;F059-STM-02;F059-STM-03;F059-STM-04;F059-STM-05,APPROVED,PFD-BM-F059-1;PFD-BM-F059-2,APPROVED,services/api/src/modules/sales,apps/web/src/modules/sales,READ_ONLY,W04,PVT-F059-CAP-001;PVT-F059-CAP-002;PVT-F059-CAP-003;TST-F059-FR-001;PVT-F059-FR-001;TST-F059-FR-002;PVT-F059-FR-002;TST-F059-FR-003;PVT-F059-FR-003;PVT-F059-US-001;PVT-F059-US-002;PVT-F059-FLOW-001;PVT-F059-FLOW-002;TST-F059-BR-001;PVT-F059-BR-001;TST-F059-BR-002;PVT-F059-BR-002;PVT-F059-DATA-001;PVT-F059-DATA-002;TST-F059-VAL-001;PVT-F059-VAL-001;TST-F059-VAL-002;PVT-F059-VAL-002;TST-F059-CALC-001;PVT-F059-CALC-001;PVT-F059-UX-001;PVT-F059-UX-002;PVT-F059-UX-003;TST-F059-SEC-001;PVT-F059-SEC-001;TST-F059-SEC-002;PVT-F059-SEC-002;PVT-F059-AUTO-001;PVT-F059-APP-001;PVT-F059-NOTIF-001;PVT-F059-REP-001;PVT-F059-AI-001;TST-F059-INT-001;PVT-F059-INT-001;TST-F059-INT-002;PVT-F059-INT-002;TST-F059-API-001;PVT-F059-API-001;TST-F059-API-002;PVT-F059-API-002;TST-F059-PERF-001;PVT-F059-PERF-001;TST-F059-OBS-001;PVT-F059-OBS-001;TST-F059-E2E-001;PVT-F059-E2E-001;TST-F059-E2E-002;PVT-F059-E2E-002;TST-F059-UAT-001;PVT-F059-UAT-001;TST-F059-UAT-002;PVT-F059-UAT-002,AUTHORIZED_BY_PASS_F_SUBJECT_TO_WAVE_DEPENDENCIES,NOT_READY
F060,Sales analytics,Sales,docs/03-modules/sales/features/F060-sales-analytics.md,F060-CAP-001;F060-CAP-002;F060-CAP-003,F060-FLOW-001;F060-FLOW-002,F060-BR-001;F060-BR-002,F060-DATA-001;F060-DATA-002,F060-VAL-001;F060-VAL-002,F060-CALC-001,F060-UX-001;F060-UX-002;F060-UX-003,F060-SEC-001;F060-SEC-002,F060-INT-001;F060-INT-002,F060-API-001;F060-API-002,F060-E2E-001;F060-E2E-002,F060-UAT-001;F060-UAT-002,APPROVED,8,APPROVED,F060-PFC-01;F060-PFC-02;F060-PFC-03;F060-PFC-04;F060-PFC-05;F060-PFC-06;F060-PFC-07;F060-PFC-08;F060-PFC-09;F060-PFC-10,F060-STM-01;F060-STM-02;F060-STM-03;F060-STM-04;F060-STM-05,APPROVED,PFD-BM-F060-1;PFD-BM-F060-2,APPROVED,services/api/src/modules/sales,apps/web/src/modules/sales,READ_ONLY,W04,PVT-F060-CAP-001;PVT-F060-CAP-002;PVT-F060-CAP-003;TST-F060-FR-001;PVT-F060-FR-001;TST-F060-FR-002;PVT-F060-FR-002;TST-F060-FR-003;PVT-F060-FR-003;PVT-F060-US-001;PVT-F060-US-002;PVT-F060-FLOW-001;PVT-F060-FLOW-002;TST-F060-BR-001;PVT-F060-BR-001;TST-F060-BR-002;PVT-F060-BR-002;PVT-F060-DATA-001;PVT-F060-DATA-002;TST-F060-VAL-001;PVT-F060-VAL-001;TST-F060-VAL-002;PVT-F060-VAL-002;TST-F060-CALC-001;PVT-F060-CALC-001;PVT-F060-UX-001;PVT-F060-UX-002;PVT-F060-UX-003;TST-F060-SEC-001;PVT-F060-SEC-001;TST-F060-SEC-002;PVT-F060-SEC-002;PVT-F060-AUTO-001;PVT-F060-APP-001;PVT-F060-NOTIF-001;PVT-F060-REP-001;PVT-F060-AI-001;TST-F060-INT-001;PVT-F060-INT-001;TST-F060-INT-002;PVT-F060-INT-002;TST-F060-API-001;PVT-F060-API-001;TST-F060-API-002;PVT-F060-API-002;TST-F060-PERF-001;PVT-F060-PERF-001;TST-F060-OBS-001;PVT-F060-OBS-001;TST-F060-E2E-001;PVT-F060-E2E-001;TST-F060-E2E-002;PVT-F060-E2E-002;TST-F060-UAT-001;PVT-F060-UAT-001;TST-F060-UAT-002;PVT-F060-UAT-002,AUTHORIZED_BY_PASS_F_SUBJECT_TO_WAVE_DEPENDENCIES,NOT_READY
F061,Margin and profitability,Sales,docs/03-modules/sales/features/F061-margin-and-profitability.md,F061-CAP-001;F061-CAP-002;F061-CAP-003,F061-FLOW-001;F061-FLOW-002,F061-BR-001;F061-BR-002,F061-DATA-001;F061-DATA-002,F061-VAL-001;F061-VAL-002,F061-CALC-001,F061-UX-001;F061-UX-002;F061-UX-003,F061-SEC-001;F061-SEC-002,F061-INT-001;F061-INT-002,F061-API-001;F061-API-002,F061-E2E-001;F061-E2E-002,F061-UAT-001;F061-UAT-002,APPROVED,8,APPROVED,F061-PFC-01;F061-PFC-02;F061-PFC-03;F061-PFC-04;F061-PFC-05;F061-PFC-06;F061-PFC-07;F061-PFC-08;F061-PFC-09;F061-PFC-10,F061-STM-01;F061-STM-02;F061-STM-03;F061-STM-04;F061-STM-05,APPROVED,PFD-BM-F061-1;PFD-BM-F061-2,APPROVED,services/api/src/modules/sales,apps/web/src/modules/sales,READ_ONLY,W04,PVT-F061-CAP-001;PVT-F061-CAP-002;PVT-F061-CAP-003;TST-F061-FR-001;PVT-F061-FR-001;TST-F061-FR-002;PVT-F061-FR-002;TST-F061-FR-003;PVT-F061-FR-003;PVT-F061-US-001;PVT-F061-US-002;PVT-F061-FLOW-001;PVT-F061-FLOW-002;TST-F061-BR-001;PVT-F061-BR-001;TST-F061-BR-002;PVT-F061-BR-002;PVT-F061-DATA-001;PVT-F061-DATA-002;TST-F061-VAL-001;PVT-F061-VAL-001;TST-F061-VAL-002;PVT-F061-VAL-002;TST-F061-CALC-001;PVT-F061-CALC-001;PVT-F061-UX-001;PVT-F061-UX-002;PVT-F061-UX-003;TST-F061-SEC-001;PVT-F061-SEC-001;TST-F061-SEC-002;PVT-F061-SEC-002;PVT-F061-AUTO-001;PVT-F061-APP-001;PVT-F061-NOTIF-001;PVT-F061-REP-001;PVT-F061-AI-001;TST-F061-INT-001;PVT-F061-INT-001;TST-F061-INT-002;PVT-F061-INT-002;TST-F061-API-001;PVT-F061-API-001;TST-F061-API-002;PVT-F061-API-002;TST-F061-PERF-001;PVT-F061-PERF-001;TST-F061-OBS-001;PVT-F061-OBS-001;TST-F061-E2E-001;PVT-F061-E2E-001;TST-F061-E2E-002;PVT-F061-E2E-002;TST-F061-UAT-001;PVT-F061-UAT-001;TST-F061-UAT-002;PVT-F061-UAT-002,AUTHORIZED_BY_PASS_F_SUBJECT_TO_WAVE_DEPENDENCIES,NOT_READY
F062,Order-to-cash reporting,Sales,docs/03-modules/sales/features/F062-order-to-cash-reporting.md,F062-CAP-001;F062-CAP-002;F062-CAP-003,F062-FLOW-001;F062-FLOW-002,F062-BR-001;F062-BR-002,F062-DATA-001;F062-DATA-002,F062-VAL-001;F062-VAL-002,F062-CALC-001,F062-UX-001;F062-UX-002;F062-UX-003,F062-SEC-001;F062-SEC-002,F062-INT-001;F062-INT-002,F062-API-001;F062-API-002,F062-E2E-001;F062-E2E-002,F062-UAT-001;F062-UAT-002,APPROVED,8,APPROVED,F062-PFC-01;F062-PFC-02;F062-PFC-03;F062-PFC-04;F062-PFC-05;F062-PFC-06;F062-PFC-07;F062-PFC-08;F062-PFC-09;F062-PFC-10,F062-STM-01;F062-STM-02;F062-STM-03;F062-STM-04;F062-STM-05,APPROVED,PFD-BM-F062-1;PFD-BM-F062-2,APPROVED,services/api/src/modules/sales,apps/web/src/modules/sales,READ_ONLY,W04,PVT-F062-CAP-001;PVT-F062-CAP-002;PVT-F062-CAP-003;TST-F062-FR-001;PVT-F062-FR-001;TST-F062-FR-002;PVT-F062-FR-002;TST-F062-FR-003;PVT-F062-FR-003;PVT-F062-US-001;PVT-F062-US-002;PVT-F062-FLOW-001;PVT-F062-FLOW-002;TST-F062-BR-001;PVT-F062-BR-001;TST-F062-BR-002;PVT-F062-BR-002;PVT-F062-DATA-001;PVT-F062-DATA-002;TST-F062-VAL-001;PVT-F062-VAL-001;TST-F062-VAL-002;PVT-F062-VAL-002;TST-F062-CALC-001;PVT-F062-CALC-001;PVT-F062-UX-001;PVT-F062-UX-002;PVT-F062-UX-003;TST-F062-SEC-001;PVT-F062-SEC-001;TST-F062-SEC-002;PVT-F062-SEC-002;PVT-F062-AUTO-001;PVT-F062-APP-001;PVT-F062-NOTIF-001;PVT-F062-REP-001;PVT-F062-AI-001;TST-F062-INT-001;PVT-F062-INT-001;TST-F062-INT-002;PVT-F062-INT-002;TST-F062-API-001;PVT-F062-API-001;TST-F062-API-002;PVT-F062-API-002;TST-F062-PERF-001;PVT-F062-PERF-001;TST-F062-OBS-001;PVT-F062-OBS-001;TST-F062-E2E-001;PVT-F062-E2E-001;TST-F062-E2E-002;PVT-F062-E2E-002;TST-F062-UAT-001;PVT-F062-UAT-001;TST-F062-UAT-002;PVT-F062-UAT-002,AUTHORIZED_BY_PASS_F_SUBJECT_TO_WAVE_DEPENDENCIES,NOT_READY
F063,Supplier master,Procurement,docs/03-modules/procurement/features/F063-supplier-master.md,F063-CAP-001;F063-CAP-002;F063-CAP-003,F063-FLOW-001;F063-FLOW-002,F063-BR-001;F063-BR-002,F063-DATA-001;F063-DATA-002,F063-VAL-001;F063-VAL-002,F063-CALC-001,F063-UX-001;F063-UX-002;F063-UX-003,F063-SEC-001;F063-SEC-002,F063-INT-001;F063-INT-002,F063-API-001;F063-API-002,F063-E2E-001;F063-E2E-002,F063-UAT-001;F063-UAT-002,APPROVED,8,APPROVED,F063-PFC-01;F063-PFC-02;F063-PFC-03;F063-PFC-04;F063-PFC-05;F063-PFC-06;F063-PFC-07;F063-PFC-08;F063-PFC-09;F063-PFC-10,F063-STM-01;F063-STM-02;F063-STM-03;F063-STM-04;F063-STM-05,APPROVED,PFD-BM-F063-1;PFD-BM-F063-2,APPROVED,services/api/src/modules/procurement,apps/web/src/modules/procurement,READ_ONLY,W05,PVT-F063-CAP-001;PVT-F063-CAP-002;PVT-F063-CAP-003;TST-F063-FR-001;PVT-F063-FR-001;TST-F063-FR-002;PVT-F063-FR-002;TST-F063-FR-003;PVT-F063-FR-003;PVT-F063-US-001;PVT-F063-US-002;PVT-F063-FLOW-001;PVT-F063-FLOW-002;TST-F063-BR-001;PVT-F063-BR-001;TST-F063-BR-002;PVT-F063-BR-002;PVT-F063-DATA-001;PVT-F063-DATA-002;TST-F063-VAL-001;PVT-F063-VAL-001;TST-F063-VAL-002;PVT-F063-VAL-002;TST-F063-CALC-001;PVT-F063-CALC-001;PVT-F063-UX-001;PVT-F063-UX-002;PVT-F063-UX-003;TST-F063-SEC-001;PVT-F063-SEC-001;TST-F063-SEC-002;PVT-F063-SEC-002;PVT-F063-AUTO-001;PVT-F063-APP-001;PVT-F063-NOTIF-001;PVT-F063-REP-001;PVT-F063-AI-001;TST-F063-INT-001;PVT-F063-INT-001;TST-F063-INT-002;PVT-F063-INT-002;TST-F063-API-001;PVT-F063-API-001;TST-F063-API-002;PVT-F063-API-002;TST-F063-PERF-001;PVT-F063-PERF-001;TST-F063-OBS-001;PVT-F063-OBS-001;TST-F063-E2E-001;PVT-F063-E2E-001;TST-F063-E2E-002;PVT-F063-E2E-002;TST-F063-UAT-001;PVT-F063-UAT-001;TST-F063-UAT-002;PVT-F063-UAT-002,AUTHORIZED_BY_PASS_F_SUBJECT_TO_WAVE_DEPENDENCIES,NOT_READY
F064,Supplier contacts and addresses,Procurement,docs/03-modules/procurement/features/F064-supplier-contacts-and-addresses.md,F064-CAP-001;F064-CAP-002;F064-CAP-003,F064-FLOW-001;F064-FLOW-002,F064-BR-001;F064-BR-002,F064-DATA-001;F064-DATA-002,F064-VAL-001;F064-VAL-002,F064-CALC-001,F064-UX-001;F064-UX-002;F064-UX-003,F064-SEC-001;F064-SEC-002,F064-INT-001;F064-INT-002,F064-API-001;F064-API-002,F064-E2E-001;F064-E2E-002,F064-UAT-001;F064-UAT-002,APPROVED,8,APPROVED,F064-PFC-01;F064-PFC-02;F064-PFC-03;F064-PFC-04;F064-PFC-05;F064-PFC-06;F064-PFC-07;F064-PFC-08;F064-PFC-09;F064-PFC-10,F064-STM-01;F064-STM-02;F064-STM-03;F064-STM-04;F064-STM-05,APPROVED,PFD-BM-F064-1;PFD-BM-F064-2,APPROVED,services/api/src/modules/procurement,apps/web/src/modules/procurement,READ_ONLY,W05,PVT-F064-CAP-001;PVT-F064-CAP-002;PVT-F064-CAP-003;TST-F064-FR-001;PVT-F064-FR-001;TST-F064-FR-002;PVT-F064-FR-002;TST-F064-FR-003;PVT-F064-FR-003;PVT-F064-US-001;PVT-F064-US-002;PVT-F064-FLOW-001;PVT-F064-FLOW-002;TST-F064-BR-001;PVT-F064-BR-001;TST-F064-BR-002;PVT-F064-BR-002;PVT-F064-DATA-001;PVT-F064-DATA-002;TST-F064-VAL-001;PVT-F064-VAL-001;TST-F064-VAL-002;PVT-F064-VAL-002;TST-F064-CALC-001;PVT-F064-CALC-001;PVT-F064-UX-001;PVT-F064-UX-002;PVT-F064-UX-003;TST-F064-SEC-001;PVT-F064-SEC-001;TST-F064-SEC-002;PVT-F064-SEC-002;PVT-F064-AUTO-001;PVT-F064-APP-001;PVT-F064-NOTIF-001;PVT-F064-REP-001;PVT-F064-AI-001;TST-F064-INT-001;PVT-F064-INT-001;TST-F064-INT-002;PVT-F064-INT-002;TST-F064-API-001;PVT-F064-API-001;TST-F064-API-002;PVT-F064-API-002;TST-F064-PERF-001;PVT-F064-PERF-001;TST-F064-OBS-001;PVT-F064-OBS-001;TST-F064-E2E-001;PVT-F064-E2E-001;TST-F064-E2E-002;PVT-F064-E2E-002;TST-F064-UAT-001;PVT-F064-UAT-001;TST-F064-UAT-002;PVT-F064-UAT-002,AUTHORIZED_BY_PASS_F_SUBJECT_TO_WAVE_DEPENDENCIES,NOT_READY
F065,Supplier onboarding,Procurement,docs/03-modules/procurement/features/F065-supplier-onboarding.md,F065-CAP-001;F065-CAP-002;F065-CAP-003,F065-FLOW-001;F065-FLOW-002,F065-BR-001;F065-BR-002,F065-DATA-001;F065-DATA-002,F065-VAL-001;F065-VAL-002,F065-CALC-001,F065-UX-001;F065-UX-002;F065-UX-003,F065-SEC-001;F065-SEC-002,F065-INT-001;F065-INT-002,F065-API-001;F065-API-002,F065-E2E-001;F065-E2E-002,F065-UAT-001;F065-UAT-002,APPROVED,8,APPROVED,F065-PFC-01;F065-PFC-02;F065-PFC-03;F065-PFC-04;F065-PFC-05;F065-PFC-06;F065-PFC-07;F065-PFC-08;F065-PFC-09;F065-PFC-10,F065-STM-01;F065-STM-02;F065-STM-03;F065-STM-04;F065-STM-05,APPROVED,PFD-BM-F065-1;PFD-BM-F065-2,APPROVED,services/api/src/modules/procurement,apps/web/src/modules/procurement,READ_ONLY,W05,PVT-F065-CAP-001;PVT-F065-CAP-002;PVT-F065-CAP-003;TST-F065-FR-001;PVT-F065-FR-001;TST-F065-FR-002;PVT-F065-FR-002;TST-F065-FR-003;PVT-F065-FR-003;PVT-F065-US-001;PVT-F065-US-002;PVT-F065-FLOW-001;PVT-F065-FLOW-002;TST-F065-BR-001;PVT-F065-BR-001;TST-F065-BR-002;PVT-F065-BR-002;PVT-F065-DATA-001;PVT-F065-DATA-002;TST-F065-VAL-001;PVT-F065-VAL-001;TST-F065-VAL-002;PVT-F065-VAL-002;TST-F065-CALC-001;PVT-F065-CALC-001;PVT-F065-UX-001;PVT-F065-UX-002;PVT-F065-UX-003;TST-F065-SEC-001;PVT-F065-SEC-001;TST-F065-SEC-002;PVT-F065-SEC-002;PVT-F065-AUTO-001;PVT-F065-APP-001;PVT-F065-NOTIF-001;PVT-F065-REP-001;PVT-F065-AI-001;TST-F065-INT-001;PVT-F065-INT-001;TST-F065-INT-002;PVT-F065-INT-002;TST-F065-API-001;PVT-F065-API-001;TST-F065-API-002;PVT-F065-API-002;TST-F065-PERF-001;PVT-F065-PERF-001;TST-F065-OBS-001;PVT-F065-OBS-001;TST-F065-E2E-001;PVT-F065-E2E-001;TST-F065-E2E-002;PVT-F065-E2E-002;TST-F065-UAT-001;PVT-F065-UAT-001;TST-F065-UAT-002;PVT-F065-UAT-002,AUTHORIZED_BY_PASS_F_SUBJECT_TO_WAVE_DEPENDENCIES,NOT_READY
F066,Supplier categories,Procurement,docs/03-modules/procurement/features/F066-supplier-categories.md,F066-CAP-001;F066-CAP-002;F066-CAP-003,F066-FLOW-001;F066-FLOW-002,F066-BR-001;F066-BR-002,F066-DATA-001;F066-DATA-002,F066-VAL-001;F066-VAL-002,F066-CALC-001,F066-UX-001;F066-UX-002;F066-UX-003,F066-SEC-001;F066-SEC-002,F066-INT-001;F066-INT-002,F066-API-001;F066-API-002,F066-E2E-001;F066-E2E-002,F066-UAT-001;F066-UAT-002,APPROVED,8,APPROVED,F066-PFC-01;F066-PFC-02;F066-PFC-03;F066-PFC-04;F066-PFC-05;F066-PFC-06;F066-PFC-07;F066-PFC-08;F066-PFC-09;F066-PFC-10,F066-STM-01;F066-STM-02;F066-STM-03;F066-STM-04;F066-STM-05,APPROVED,PFD-BM-F066-1;PFD-BM-F066-2,APPROVED,services/api/src/modules/procurement,apps/web/src/modules/procurement,READ_ONLY,W05,PVT-F066-CAP-001;PVT-F066-CAP-002;PVT-F066-CAP-003;TST-F066-FR-001;PVT-F066-FR-001;TST-F066-FR-002;PVT-F066-FR-002;TST-F066-FR-003;PVT-F066-FR-003;PVT-F066-US-001;PVT-F066-US-002;PVT-F066-FLOW-001;PVT-F066-FLOW-002;TST-F066-BR-001;PVT-F066-BR-001;TST-F066-BR-002;PVT-F066-BR-002;PVT-F066-DATA-001;PVT-F066-DATA-002;TST-F066-VAL-001;PVT-F066-VAL-001;TST-F066-VAL-002;PVT-F066-VAL-002;TST-F066-CALC-001;PVT-F066-CALC-001;PVT-F066-UX-001;PVT-F066-UX-002;PVT-F066-UX-003;TST-F066-SEC-001;PVT-F066-SEC-001;TST-F066-SEC-002;PVT-F066-SEC-002;PVT-F066-AUTO-001;PVT-F066-APP-001;PVT-F066-NOTIF-001;PVT-F066-REP-001;PVT-F066-AI-001;TST-F066-INT-001;PVT-F066-INT-001;TST-F066-INT-002;PVT-F066-INT-002;TST-F066-API-001;PVT-F066-API-001;TST-F066-API-002;PVT-F066-API-002;TST-F066-PERF-001;PVT-F066-PERF-001;TST-F066-OBS-001;PVT-F066-OBS-001;TST-F066-E2E-001;PVT-F066-E2E-001;TST-F066-E2E-002;PVT-F066-E2E-002;TST-F066-UAT-001;PVT-F066-UAT-001;TST-F066-UAT-002;PVT-F066-UAT-002,AUTHORIZED_BY_PASS_F_SUBJECT_TO_WAVE_DEPENDENCIES,NOT_READY
F067,Purchase requisitions,Procurement,docs/03-modules/procurement/features/F067-purchase-requisitions.md,F067-CAP-001;F067-CAP-002;F067-CAP-003,F067-FLOW-001;F067-FLOW-002,F067-BR-001;F067-BR-002,F067-DATA-001;F067-DATA-002,F067-VAL-001;F067-VAL-002,F067-CALC-001,F067-UX-001;F067-UX-002;F067-UX-003,F067-SEC-001;F067-SEC-002,F067-INT-001;F067-INT-002,F067-API-001;F067-API-002,F067-E2E-001;F067-E2E-002,F067-UAT-001;F067-UAT-002,APPROVED,8,APPROVED,F067-PFC-01;F067-PFC-02;F067-PFC-03;F067-PFC-04;F067-PFC-05;F067-PFC-06;F067-PFC-07;F067-PFC-08;F067-PFC-09;F067-PFC-10,F067-STM-01;F067-STM-02;F067-STM-03;F067-STM-04;F067-STM-05,APPROVED,PFD-BM-F067-1;PFD-BM-F067-2,APPROVED,services/api/src/modules/procurement,apps/web/src/modules/procurement,READ_ONLY,W05,PVT-F067-CAP-001;PVT-F067-CAP-002;PVT-F067-CAP-003;TST-F067-FR-001;PVT-F067-FR-001;TST-F067-FR-002;PVT-F067-FR-002;TST-F067-FR-003;PVT-F067-FR-003;PVT-F067-US-001;PVT-F067-US-002;PVT-F067-FLOW-001;PVT-F067-FLOW-002;TST-F067-BR-001;PVT-F067-BR-001;TST-F067-BR-002;PVT-F067-BR-002;PVT-F067-DATA-001;PVT-F067-DATA-002;TST-F067-VAL-001;PVT-F067-VAL-001;TST-F067-VAL-002;PVT-F067-VAL-002;TST-F067-CALC-001;PVT-F067-CALC-001;PVT-F067-UX-001;PVT-F067-UX-002;PVT-F067-UX-003;TST-F067-SEC-001;PVT-F067-SEC-001;TST-F067-SEC-002;PVT-F067-SEC-002;PVT-F067-AUTO-001;PVT-F067-APP-001;PVT-F067-NOTIF-001;PVT-F067-REP-001;PVT-F067-AI-001;TST-F067-INT-001;PVT-F067-INT-001;TST-F067-INT-002;PVT-F067-INT-002;TST-F067-API-001;PVT-F067-API-001;TST-F067-API-002;PVT-F067-API-002;TST-F067-PERF-001;PVT-F067-PERF-001;TST-F067-OBS-001;PVT-F067-OBS-001;TST-F067-E2E-001;PVT-F067-E2E-001;TST-F067-E2E-002;PVT-F067-E2E-002;TST-F067-UAT-001;PVT-F067-UAT-001;TST-F067-UAT-002;PVT-F067-UAT-002,AUTHORIZED_BY_PASS_F_SUBJECT_TO_WAVE_DEPENDENCIES,NOT_READY
F068,Requisition approvals,Procurement,docs/03-modules/procurement/features/F068-requisition-approvals.md,F068-CAP-001;F068-CAP-002;F068-CAP-003,F068-FLOW-001;F068-FLOW-002,F068-BR-001;F068-BR-002,F068-DATA-001;F068-DATA-002,F068-VAL-001;F068-VAL-002,F068-CALC-001,F068-UX-001;F068-UX-002;F068-UX-003,F068-SEC-001;F068-SEC-002,F068-INT-001;F068-INT-002,F068-API-001;F068-API-002,F068-E2E-001;F068-E2E-002,F068-UAT-001;F068-UAT-002,APPROVED,8,APPROVED,F068-PFC-01;F068-PFC-02;F068-PFC-03;F068-PFC-04;F068-PFC-05;F068-PFC-06;F068-PFC-07;F068-PFC-08;F068-PFC-09;F068-PFC-10,F068-STM-01;F068-STM-02;F068-STM-03;F068-STM-04;F068-STM-05,APPROVED,PFD-BM-F068-1;PFD-BM-F068-2,APPROVED,services/api/src/modules/procurement,apps/web/src/modules/procurement,APPROVAL_ONLY,W05,PVT-F068-CAP-001;PVT-F068-CAP-002;PVT-F068-CAP-003;TST-F068-FR-001;PVT-F068-FR-001;TST-F068-FR-002;PVT-F068-FR-002;TST-F068-FR-003;PVT-F068-FR-003;PVT-F068-US-001;PVT-F068-US-002;PVT-F068-FLOW-001;PVT-F068-FLOW-002;TST-F068-BR-001;PVT-F068-BR-001;TST-F068-BR-002;PVT-F068-BR-002;PVT-F068-DATA-001;PVT-F068-DATA-002;TST-F068-VAL-001;PVT-F068-VAL-001;TST-F068-VAL-002;PVT-F068-VAL-002;TST-F068-CALC-001;PVT-F068-CALC-001;PVT-F068-UX-001;PVT-F068-UX-002;PVT-F068-UX-003;TST-F068-SEC-001;PVT-F068-SEC-001;TST-F068-SEC-002;PVT-F068-SEC-002;PVT-F068-AUTO-001;PVT-F068-APP-001;PVT-F068-NOTIF-001;PVT-F068-REP-001;PVT-F068-AI-001;TST-F068-INT-001;PVT-F068-INT-001;TST-F068-INT-002;PVT-F068-INT-002;TST-F068-API-001;PVT-F068-API-001;TST-F068-API-002;PVT-F068-API-002;TST-F068-PERF-001;PVT-F068-PERF-001;TST-F068-OBS-001;PVT-F068-OBS-001;TST-F068-E2E-001;PVT-F068-E2E-001;TST-F068-E2E-002;PVT-F068-E2E-002;TST-F068-UAT-001;PVT-F068-UAT-001;TST-F068-UAT-002;PVT-F068-UAT-002,AUTHORIZED_BY_PASS_F_SUBJECT_TO_WAVE_DEPENDENCIES,NOT_READY
F069,RFQ creation,Procurement,docs/03-modules/procurement/features/F069-rfq-creation.md,F069-CAP-001;F069-CAP-002;F069-CAP-003,F069-FLOW-001;F069-FLOW-002,F069-BR-001;F069-BR-002,F069-DATA-001;F069-DATA-002,F069-VAL-001;F069-VAL-002,F069-CALC-001,F069-UX-001;F069-UX-002;F069-UX-003,F069-SEC-001;F069-SEC-002,F069-INT-001;F069-INT-002,F069-API-001;F069-API-002,F069-E2E-001;F069-E2E-002,F069-UAT-001;F069-UAT-002,APPROVED,8,APPROVED,F069-PFC-01;F069-PFC-02;F069-PFC-03;F069-PFC-04;F069-PFC-05;F069-PFC-06;F069-PFC-07;F069-PFC-08;F069-PFC-09;F069-PFC-10,F069-STM-01;F069-STM-02;F069-STM-03;F069-STM-04;F069-STM-05,APPROVED,PFD-BM-F069-1;PFD-BM-F069-2,APPROVED,services/api/src/modules/procurement,apps/web/src/modules/procurement,READ_ONLY,W05,PVT-F069-CAP-001;PVT-F069-CAP-002;PVT-F069-CAP-003;TST-F069-FR-001;PVT-F069-FR-001;TST-F069-FR-002;PVT-F069-FR-002;TST-F069-FR-003;PVT-F069-FR-003;PVT-F069-US-001;PVT-F069-US-002;PVT-F069-FLOW-001;PVT-F069-FLOW-002;TST-F069-BR-001;PVT-F069-BR-001;TST-F069-BR-002;PVT-F069-BR-002;PVT-F069-DATA-001;PVT-F069-DATA-002;TST-F069-VAL-001;PVT-F069-VAL-001;TST-F069-VAL-002;PVT-F069-VAL-002;TST-F069-CALC-001;PVT-F069-CALC-001;PVT-F069-UX-001;PVT-F069-UX-002;PVT-F069-UX-003;TST-F069-SEC-001;PVT-F069-SEC-001;TST-F069-SEC-002;PVT-F069-SEC-002;PVT-F069-AUTO-001;PVT-F069-APP-001;PVT-F069-NOTIF-001;PVT-F069-REP-001;PVT-F069-AI-001;TST-F069-INT-001;PVT-F069-INT-001;TST-F069-INT-002;PVT-F069-INT-002;TST-F069-API-001;PVT-F069-API-001;TST-F069-API-002;PVT-F069-API-002;TST-F069-PERF-001;PVT-F069-PERF-001;TST-F069-OBS-001;PVT-F069-OBS-001;TST-F069-E2E-001;PVT-F069-E2E-001;TST-F069-E2E-002;PVT-F069-E2E-002;TST-F069-UAT-001;PVT-F069-UAT-001;TST-F069-UAT-002;PVT-F069-UAT-002,AUTHORIZED_BY_PASS_F_SUBJECT_TO_WAVE_DEPENDENCIES,NOT_READY
F070,RFQ to multiple vendors,Procurement,docs/03-modules/procurement/features/F070-rfq-to-multiple-vendors.md,F070-CAP-001;F070-CAP-002;F070-CAP-003,F070-FLOW-001;F070-FLOW-002,F070-BR-001;F070-BR-002,F070-DATA-001;F070-DATA-002,F070-VAL-001;F070-VAL-002,F070-CALC-001,F070-UX-001;F070-UX-002;F070-UX-003,F070-SEC-001;F070-SEC-002,F070-INT-001;F070-INT-002,F070-API-001;F070-API-002,F070-E2E-001;F070-E2E-002,F070-UAT-001;F070-UAT-002,APPROVED,8,APPROVED,F070-PFC-01;F070-PFC-02;F070-PFC-03;F070-PFC-04;F070-PFC-05;F070-PFC-06;F070-PFC-07;F070-PFC-08;F070-PFC-09;F070-PFC-10,F070-STM-01;F070-STM-02;F070-STM-03;F070-STM-04;F070-STM-05,APPROVED,PFD-BM-F070-1;PFD-BM-F070-2,APPROVED,services/api/src/modules/procurement,apps/web/src/modules/procurement,READ_ONLY,W05,PVT-F070-CAP-001;PVT-F070-CAP-002;PVT-F070-CAP-003;TST-F070-FR-001;PVT-F070-FR-001;TST-F070-FR-002;PVT-F070-FR-002;TST-F070-FR-003;PVT-F070-FR-003;PVT-F070-US-001;PVT-F070-US-002;PVT-F070-FLOW-001;PVT-F070-FLOW-002;TST-F070-BR-001;PVT-F070-BR-001;TST-F070-BR-002;PVT-F070-BR-002;PVT-F070-DATA-001;PVT-F070-DATA-002;TST-F070-VAL-001;PVT-F070-VAL-001;TST-F070-VAL-002;PVT-F070-VAL-002;TST-F070-CALC-001;PVT-F070-CALC-001;PVT-F070-UX-001;PVT-F070-UX-002;PVT-F070-UX-003;TST-F070-SEC-001;PVT-F070-SEC-001;TST-F070-SEC-002;PVT-F070-SEC-002;PVT-F070-AUTO-001;PVT-F070-APP-001;PVT-F070-NOTIF-001;PVT-F070-REP-001;PVT-F070-AI-001;TST-F070-INT-001;PVT-F070-INT-001;TST-F070-INT-002;PVT-F070-INT-002;TST-F070-API-001;PVT-F070-API-001;TST-F070-API-002;PVT-F070-API-002;TST-F070-PERF-001;PVT-F070-PERF-001;TST-F070-OBS-001;PVT-F070-OBS-001;TST-F070-E2E-001;PVT-F070-E2E-001;TST-F070-E2E-002;PVT-F070-E2E-002;TST-F070-UAT-001;PVT-F070-UAT-001;TST-F070-UAT-002;PVT-F070-UAT-002,AUTHORIZED_BY_PASS_F_SUBJECT_TO_WAVE_DEPENDENCIES,NOT_READY
F071,Supplier quotations,Procurement,docs/03-modules/procurement/features/F071-supplier-quotations.md,F071-CAP-001;F071-CAP-002;F071-CAP-003,F071-FLOW-001;F071-FLOW-002,F071-BR-001;F071-BR-002,F071-DATA-001;F071-DATA-002,F071-VAL-001;F071-VAL-002,F071-CALC-001,F071-UX-001;F071-UX-002;F071-UX-003,F071-SEC-001;F071-SEC-002,F071-INT-001;F071-INT-002,F071-API-001;F071-API-002,F071-E2E-001;F071-E2E-002,F071-UAT-001;F071-UAT-002,APPROVED,8,APPROVED,F071-PFC-01;F071-PFC-02;F071-PFC-03;F071-PFC-04;F071-PFC-05;F071-PFC-06;F071-PFC-07;F071-PFC-08;F071-PFC-09;F071-PFC-10,F071-STM-01;F071-STM-02;F071-STM-03;F071-STM-04;F071-STM-05,APPROVED,PFD-BM-F071-1;PFD-BM-F071-2,APPROVED,services/api/src/modules/procurement,apps/web/src/modules/procurement,READ_ONLY,W05,PVT-F071-CAP-001;PVT-F071-CAP-002;PVT-F071-CAP-003;TST-F071-FR-001;PVT-F071-FR-001;TST-F071-FR-002;PVT-F071-FR-002;TST-F071-FR-003;PVT-F071-FR-003;PVT-F071-US-001;PVT-F071-US-002;PVT-F071-FLOW-001;PVT-F071-FLOW-002;TST-F071-BR-001;PVT-F071-BR-001;TST-F071-BR-002;PVT-F071-BR-002;PVT-F071-DATA-001;PVT-F071-DATA-002;TST-F071-VAL-001;PVT-F071-VAL-001;TST-F071-VAL-002;PVT-F071-VAL-002;TST-F071-CALC-001;PVT-F071-CALC-001;PVT-F071-UX-001;PVT-F071-UX-002;PVT-F071-UX-003;TST-F071-SEC-001;PVT-F071-SEC-001;TST-F071-SEC-002;PVT-F071-SEC-002;PVT-F071-AUTO-001;PVT-F071-APP-001;PVT-F071-NOTIF-001;PVT-F071-REP-001;PVT-F071-AI-001;TST-F071-INT-001;PVT-F071-INT-001;TST-F071-INT-002;PVT-F071-INT-002;TST-F071-API-001;PVT-F071-API-001;TST-F071-API-002;PVT-F071-API-002;TST-F071-PERF-001;PVT-F071-PERF-001;TST-F071-OBS-001;PVT-F071-OBS-001;TST-F071-E2E-001;PVT-F071-E2E-001;TST-F071-E2E-002;PVT-F071-E2E-002;TST-F071-UAT-001;PVT-F071-UAT-001;TST-F071-UAT-002;PVT-F071-UAT-002,AUTHORIZED_BY_PASS_F_SUBJECT_TO_WAVE_DEPENDENCIES,NOT_READY
F072,Bid comparison,Procurement,docs/03-modules/procurement/features/F072-bid-comparison.md,F072-CAP-001;F072-CAP-002;F072-CAP-003,F072-FLOW-001;F072-FLOW-002,F072-BR-001;F072-BR-002,F072-DATA-001;F072-DATA-002,F072-VAL-001;F072-VAL-002,F072-CALC-001,F072-UX-001;F072-UX-002;F072-UX-003,F072-SEC-001;F072-SEC-002,F072-INT-001;F072-INT-002,F072-API-001;F072-API-002,F072-E2E-001;F072-E2E-002,F072-UAT-001;F072-UAT-002,APPROVED,8,APPROVED,F072-PFC-01;F072-PFC-02;F072-PFC-03;F072-PFC-04;F072-PFC-05;F072-PFC-06;F072-PFC-07;F072-PFC-08;F072-PFC-09;F072-PFC-10,F072-STM-01;F072-STM-02;F072-STM-03;F072-STM-04;F072-STM-05,APPROVED,PFD-BM-F072-1;PFD-BM-F072-2,APPROVED,services/api/src/modules/procurement,apps/web/src/modules/procurement,READ_ONLY,W05,PVT-F072-CAP-001;PVT-F072-CAP-002;PVT-F072-CAP-003;TST-F072-FR-001;PVT-F072-FR-001;TST-F072-FR-002;PVT-F072-FR-002;TST-F072-FR-003;PVT-F072-FR-003;PVT-F072-US-001;PVT-F072-US-002;PVT-F072-FLOW-001;PVT-F072-FLOW-002;TST-F072-BR-001;PVT-F072-BR-001;TST-F072-BR-002;PVT-F072-BR-002;PVT-F072-DATA-001;PVT-F072-DATA-002;TST-F072-VAL-001;PVT-F072-VAL-001;TST-F072-VAL-002;PVT-F072-VAL-002;TST-F072-CALC-001;PVT-F072-CALC-001;PVT-F072-UX-001;PVT-F072-UX-002;PVT-F072-UX-003;TST-F072-SEC-001;PVT-F072-SEC-001;TST-F072-SEC-002;PVT-F072-SEC-002;PVT-F072-AUTO-001;PVT-F072-APP-001;PVT-F072-NOTIF-001;PVT-F072-REP-001;PVT-F072-AI-001;TST-F072-INT-001;PVT-F072-INT-001;TST-F072-INT-002;PVT-F072-INT-002;TST-F072-API-001;PVT-F072-API-001;TST-F072-API-002;PVT-F072-API-002;TST-F072-PERF-001;PVT-F072-PERF-001;TST-F072-OBS-001;PVT-F072-OBS-001;TST-F072-E2E-001;PVT-F072-E2E-001;TST-F072-E2E-002;PVT-F072-E2E-002;TST-F072-UAT-001;PVT-F072-UAT-001;TST-F072-UAT-002;PVT-F072-UAT-002,AUTHORIZED_BY_PASS_F_SUBJECT_TO_WAVE_DEPENDENCIES,NOT_READY
F073,Supplier selection,Procurement,docs/03-modules/procurement/features/F073-supplier-selection.md,F073-CAP-001;F073-CAP-002;F073-CAP-003,F073-FLOW-001;F073-FLOW-002,F073-BR-001;F073-BR-002,F073-DATA-001;F073-DATA-002,F073-VAL-001;F073-VAL-002,F073-CALC-001,F073-UX-001;F073-UX-002;F073-UX-003,F073-SEC-001;F073-SEC-002,F073-INT-001;F073-INT-002,F073-API-001;F073-API-002,F073-E2E-001;F073-E2E-002,F073-UAT-001;F073-UAT-002,APPROVED,8,APPROVED,F073-PFC-01;F073-PFC-02;F073-PFC-03;F073-PFC-04;F073-PFC-05;F073-PFC-06;F073-PFC-07;F073-PFC-08;F073-PFC-09;F073-PFC-10,F073-STM-01;F073-STM-02;F073-STM-03;F073-STM-04;F073-STM-05,APPROVED,PFD-BM-F073-1;PFD-BM-F073-2,APPROVED,services/api/src/modules/procurement,apps/web/src/modules/procurement,READ_ONLY,W05,PVT-F073-CAP-001;PVT-F073-CAP-002;PVT-F073-CAP-003;TST-F073-FR-001;PVT-F073-FR-001;TST-F073-FR-002;PVT-F073-FR-002;TST-F073-FR-003;PVT-F073-FR-003;PVT-F073-US-001;PVT-F073-US-002;PVT-F073-FLOW-001;PVT-F073-FLOW-002;TST-F073-BR-001;PVT-F073-BR-001;TST-F073-BR-002;PVT-F073-BR-002;PVT-F073-DATA-001;PVT-F073-DATA-002;TST-F073-VAL-001;PVT-F073-VAL-001;TST-F073-VAL-002;PVT-F073-VAL-002;TST-F073-CALC-001;PVT-F073-CALC-001;PVT-F073-UX-001;PVT-F073-UX-002;PVT-F073-UX-003;TST-F073-SEC-001;PVT-F073-SEC-001;TST-F073-SEC-002;PVT-F073-SEC-002;PVT-F073-AUTO-001;PVT-F073-APP-001;PVT-F073-NOTIF-001;PVT-F073-REP-001;PVT-F073-AI-001;TST-F073-INT-001;PVT-F073-INT-001;TST-F073-INT-002;PVT-F073-INT-002;TST-F073-API-001;PVT-F073-API-001;TST-F073-API-002;PVT-F073-API-002;TST-F073-PERF-001;PVT-F073-PERF-001;TST-F073-OBS-001;PVT-F073-OBS-001;TST-F073-E2E-001;PVT-F073-E2E-001;TST-F073-E2E-002;PVT-F073-E2E-002;TST-F073-UAT-001;PVT-F073-UAT-001;TST-F073-UAT-002;PVT-F073-UAT-002,AUTHORIZED_BY_PASS_F_SUBJECT_TO_WAVE_DEPENDENCIES,NOT_READY
F074,Purchase orders,Procurement,docs/03-modules/procurement/features/F074-purchase-orders.md,F074-CAP-001;F074-CAP-002;F074-CAP-003,F074-FLOW-001;F074-FLOW-002,F074-BR-001;F074-BR-002,F074-DATA-001;F074-DATA-002,F074-VAL-001;F074-VAL-002,F074-CALC-001,F074-UX-001;F074-UX-002;F074-UX-003,F074-SEC-001;F074-SEC-002,F074-INT-001;F074-INT-002,F074-API-001;F074-API-002,F074-E2E-001;F074-E2E-002,F074-UAT-001;F074-UAT-002,APPROVED,8,APPROVED,F074-PFC-01;F074-PFC-02;F074-PFC-03;F074-PFC-04;F074-PFC-05;F074-PFC-06;F074-PFC-07;F074-PFC-08;F074-PFC-09;F074-PFC-10,F074-STM-01;F074-STM-02;F074-STM-03;F074-STM-04;F074-STM-05,APPROVED,PFD-BM-F074-1;PFD-BM-F074-2,APPROVED,services/api/src/modules/procurement,apps/web/src/modules/procurement,READ_ONLY,W05,PVT-F074-CAP-001;PVT-F074-CAP-002;PVT-F074-CAP-003;TST-F074-FR-001;PVT-F074-FR-001;TST-F074-FR-002;PVT-F074-FR-002;TST-F074-FR-003;PVT-F074-FR-003;PVT-F074-US-001;PVT-F074-US-002;PVT-F074-FLOW-001;PVT-F074-FLOW-002;TST-F074-BR-001;PVT-F074-BR-001;TST-F074-BR-002;PVT-F074-BR-002;PVT-F074-DATA-001;PVT-F074-DATA-002;TST-F074-VAL-001;PVT-F074-VAL-001;TST-F074-VAL-002;PVT-F074-VAL-002;TST-F074-CALC-001;PVT-F074-CALC-001;PVT-F074-UX-001;PVT-F074-UX-002;PVT-F074-UX-003;TST-F074-SEC-001;PVT-F074-SEC-001;TST-F074-SEC-002;PVT-F074-SEC-002;PVT-F074-AUTO-001;PVT-F074-APP-001;PVT-F074-NOTIF-001;PVT-F074-REP-001;PVT-F074-AI-001;TST-F074-INT-001;PVT-F074-INT-001;TST-F074-INT-002;PVT-F074-INT-002;TST-F074-API-001;PVT-F074-API-001;TST-F074-API-002;PVT-F074-API-002;TST-F074-PERF-001;PVT-F074-PERF-001;TST-F074-OBS-001;PVT-F074-OBS-001;TST-F074-E2E-001;PVT-F074-E2E-001;TST-F074-E2E-002;PVT-F074-E2E-002;TST-F074-UAT-001;PVT-F074-UAT-001;TST-F074-UAT-002;PVT-F074-UAT-002,AUTHORIZED_BY_PASS_F_SUBJECT_TO_WAVE_DEPENDENCIES,NOT_READY
F075,PO approvals,Procurement,docs/03-modules/procurement/features/F075-po-approvals.md,F075-CAP-001;F075-CAP-002;F075-CAP-003,F075-FLOW-001;F075-FLOW-002,F075-BR-001;F075-BR-002,F075-DATA-001;F075-DATA-002,F075-VAL-001;F075-VAL-002,F075-CALC-001,F075-UX-001;F075-UX-002;F075-UX-003,F075-SEC-001;F075-SEC-002,F075-INT-001;F075-INT-002,F075-API-001;F075-API-002,F075-E2E-001;F075-E2E-002,F075-UAT-001;F075-UAT-002,APPROVED,8,APPROVED,F075-PFC-01;F075-PFC-02;F075-PFC-03;F075-PFC-04;F075-PFC-05;F075-PFC-06;F075-PFC-07;F075-PFC-08;F075-PFC-09;F075-PFC-10,F075-STM-01;F075-STM-02;F075-STM-03;F075-STM-04;F075-STM-05,APPROVED,PFD-BM-F075-1;PFD-BM-F075-2,APPROVED,services/api/src/modules/procurement,apps/web/src/modules/procurement,APPROVAL_ONLY,W05,PVT-F075-CAP-001;PVT-F075-CAP-002;PVT-F075-CAP-003;TST-F075-FR-001;PVT-F075-FR-001;TST-F075-FR-002;PVT-F075-FR-002;TST-F075-FR-003;PVT-F075-FR-003;PVT-F075-US-001;PVT-F075-US-002;PVT-F075-FLOW-001;PVT-F075-FLOW-002;TST-F075-BR-001;PVT-F075-BR-001;TST-F075-BR-002;PVT-F075-BR-002;PVT-F075-DATA-001;PVT-F075-DATA-002;TST-F075-VAL-001;PVT-F075-VAL-001;TST-F075-VAL-002;PVT-F075-VAL-002;TST-F075-CALC-001;PVT-F075-CALC-001;PVT-F075-UX-001;PVT-F075-UX-002;PVT-F075-UX-003;TST-F075-SEC-001;PVT-F075-SEC-001;TST-F075-SEC-002;PVT-F075-SEC-002;PVT-F075-AUTO-001;PVT-F075-APP-001;PVT-F075-NOTIF-001;PVT-F075-REP-001;PVT-F075-AI-001;TST-F075-INT-001;PVT-F075-INT-001;TST-F075-INT-002;PVT-F075-INT-002;TST-F075-API-001;PVT-F075-API-001;TST-F075-API-002;PVT-F075-API-002;TST-F075-PERF-001;PVT-F075-PERF-001;TST-F075-OBS-001;PVT-F075-OBS-001;TST-F075-E2E-001;PVT-F075-E2E-001;TST-F075-E2E-002;PVT-F075-E2E-002;TST-F075-UAT-001;PVT-F075-UAT-001;TST-F075-UAT-002;PVT-F075-UAT-002,AUTHORIZED_BY_PASS_F_SUBJECT_TO_WAVE_DEPENDENCIES,NOT_READY
F076,PO amendments,Procurement,docs/03-modules/procurement/features/F076-po-amendments.md,F076-CAP-001;F076-CAP-002;F076-CAP-003,F076-FLOW-001;F076-FLOW-002,F076-BR-001;F076-BR-002,F076-DATA-001;F076-DATA-002,F076-VAL-001;F076-VAL-002,F076-CALC-001,F076-UX-001;F076-UX-002;F076-UX-003,F076-SEC-001;F076-SEC-002,F076-INT-001;F076-INT-002,F076-API-001;F076-API-002,F076-E2E-001;F076-E2E-002,F076-UAT-001;F076-UAT-002,APPROVED,8,APPROVED,F076-PFC-01;F076-PFC-02;F076-PFC-03;F076-PFC-04;F076-PFC-05;F076-PFC-06;F076-PFC-07;F076-PFC-08;F076-PFC-09;F076-PFC-10,F076-STM-01;F076-STM-02;F076-STM-03;F076-STM-04;F076-STM-05,APPROVED,PFD-BM-F076-1;PFD-BM-F076-2,APPROVED,services/api/src/modules/procurement,apps/web/src/modules/procurement,READ_ONLY,W05,PVT-F076-CAP-001;PVT-F076-CAP-002;PVT-F076-CAP-003;TST-F076-FR-001;PVT-F076-FR-001;TST-F076-FR-002;PVT-F076-FR-002;TST-F076-FR-003;PVT-F076-FR-003;PVT-F076-US-001;PVT-F076-US-002;PVT-F076-FLOW-001;PVT-F076-FLOW-002;TST-F076-BR-001;PVT-F076-BR-001;TST-F076-BR-002;PVT-F076-BR-002;PVT-F076-DATA-001;PVT-F076-DATA-002;TST-F076-VAL-001;PVT-F076-VAL-001;TST-F076-VAL-002;PVT-F076-VAL-002;TST-F076-CALC-001;PVT-F076-CALC-001;PVT-F076-UX-001;PVT-F076-UX-002;PVT-F076-UX-003;TST-F076-SEC-001;PVT-F076-SEC-001;TST-F076-SEC-002;PVT-F076-SEC-002;PVT-F076-AUTO-001;PVT-F076-APP-001;PVT-F076-NOTIF-001;PVT-F076-REP-001;PVT-F076-AI-001;TST-F076-INT-001;PVT-F076-INT-001;TST-F076-INT-002;PVT-F076-INT-002;TST-F076-API-001;PVT-F076-API-001;TST-F076-API-002;PVT-F076-API-002;TST-F076-PERF-001;PVT-F076-PERF-001;TST-F076-OBS-001;PVT-F076-OBS-001;TST-F076-E2E-001;PVT-F076-E2E-001;TST-F076-E2E-002;PVT-F076-E2E-002;TST-F076-UAT-001;PVT-F076-UAT-001;TST-F076-UAT-002;PVT-F076-UAT-002,AUTHORIZED_BY_PASS_F_SUBJECT_TO_WAVE_DEPENDENCIES,NOT_READY
F077,Blanket purchase orders,Procurement,docs/03-modules/procurement/features/F077-blanket-purchase-orders.md,F077-CAP-001;F077-CAP-002;F077-CAP-003,F077-FLOW-001;F077-FLOW-002,F077-BR-001;F077-BR-002,F077-DATA-001;F077-DATA-002,F077-VAL-001;F077-VAL-002,F077-CALC-001,F077-UX-001;F077-UX-002;F077-UX-003,F077-SEC-001;F077-SEC-002,F077-INT-001;F077-INT-002,F077-API-001;F077-API-002,F077-E2E-001;F077-E2E-002,F077-UAT-001;F077-UAT-002,APPROVED,8,APPROVED,F077-PFC-01;F077-PFC-02;F077-PFC-03;F077-PFC-04;F077-PFC-05;F077-PFC-06;F077-PFC-07;F077-PFC-08;F077-PFC-09;F077-PFC-10,F077-STM-01;F077-STM-02;F077-STM-03;F077-STM-04;F077-STM-05,APPROVED,PFD-BM-F077-1;PFD-BM-F077-2,APPROVED,services/api/src/modules/procurement,apps/web/src/modules/procurement,READ_ONLY,W05,PVT-F077-CAP-001;PVT-F077-CAP-002;PVT-F077-CAP-003;TST-F077-FR-001;PVT-F077-FR-001;TST-F077-FR-002;PVT-F077-FR-002;TST-F077-FR-003;PVT-F077-FR-003;PVT-F077-US-001;PVT-F077-US-002;PVT-F077-FLOW-001;PVT-F077-FLOW-002;TST-F077-BR-001;PVT-F077-BR-001;TST-F077-BR-002;PVT-F077-BR-002;PVT-F077-DATA-001;PVT-F077-DATA-002;TST-F077-VAL-001;PVT-F077-VAL-001;TST-F077-VAL-002;PVT-F077-VAL-002;TST-F077-CALC-001;PVT-F077-CALC-001;PVT-F077-UX-001;PVT-F077-UX-002;PVT-F077-UX-003;TST-F077-SEC-001;PVT-F077-SEC-001;TST-F077-SEC-002;PVT-F077-SEC-002;PVT-F077-AUTO-001;PVT-F077-APP-001;PVT-F077-NOTIF-001;PVT-F077-REP-001;PVT-F077-AI-001;TST-F077-INT-001;PVT-F077-INT-001;TST-F077-INT-002;PVT-F077-INT-002;TST-F077-API-001;PVT-F077-API-001;TST-F077-API-002;PVT-F077-API-002;TST-F077-PERF-001;PVT-F077-PERF-001;TST-F077-OBS-001;PVT-F077-OBS-001;TST-F077-E2E-001;PVT-F077-E2E-001;TST-F077-E2E-002;PVT-F077-E2E-002;TST-F077-UAT-001;PVT-F077-UAT-001;TST-F077-UAT-002;PVT-F077-UAT-002,AUTHORIZED_BY_PASS_F_SUBJECT_TO_WAVE_DEPENDENCIES,NOT_READY
F078,Purchase agreements and contracts,Procurement,docs/03-modules/procurement/features/F078-purchase-agreements-and-contracts.md,F078-CAP-001;F078-CAP-002;F078-CAP-003,F078-FLOW-001;F078-FLOW-002,F078-BR-001;F078-BR-002,F078-DATA-001;F078-DATA-002,F078-VAL-001;F078-VAL-002,F078-CALC-001,F078-UX-001;F078-UX-002;F078-UX-003,F078-SEC-001;F078-SEC-002,F078-INT-001;F078-INT-002,F078-API-001;F078-API-002,F078-E2E-001;F078-E2E-002,F078-UAT-001;F078-UAT-002,APPROVED,8,APPROVED,F078-PFC-01;F078-PFC-02;F078-PFC-03;F078-PFC-04;F078-PFC-05;F078-PFC-06;F078-PFC-07;F078-PFC-08;F078-PFC-09;F078-PFC-10,F078-STM-01;F078-STM-02;F078-STM-03;F078-STM-04;F078-STM-05,APPROVED,PFD-BM-F078-1;PFD-BM-F078-2,APPROVED,services/api/src/modules/procurement,apps/web/src/modules/procurement,READ_ONLY,W05,PVT-F078-CAP-001;PVT-F078-CAP-002;PVT-F078-CAP-003;TST-F078-FR-001;PVT-F078-FR-001;TST-F078-FR-002;PVT-F078-FR-002;TST-F078-FR-003;PVT-F078-FR-003;PVT-F078-US-001;PVT-F078-US-002;PVT-F078-FLOW-001;PVT-F078-FLOW-002;TST-F078-BR-001;PVT-F078-BR-001;TST-F078-BR-002;PVT-F078-BR-002;PVT-F078-DATA-001;PVT-F078-DATA-002;TST-F078-VAL-001;PVT-F078-VAL-001;TST-F078-VAL-002;PVT-F078-VAL-002;TST-F078-CALC-001;PVT-F078-CALC-001;PVT-F078-UX-001;PVT-F078-UX-002;PVT-F078-UX-003;TST-F078-SEC-001;PVT-F078-SEC-001;TST-F078-SEC-002;PVT-F078-SEC-002;PVT-F078-AUTO-001;PVT-F078-APP-001;PVT-F078-NOTIF-001;PVT-F078-REP-001;PVT-F078-AI-001;TST-F078-INT-001;PVT-F078-INT-001;TST-F078-INT-002;PVT-F078-INT-002;TST-F078-API-001;PVT-F078-API-001;TST-F078-API-002;PVT-F078-API-002;TST-F078-PERF-001;PVT-F078-PERF-001;TST-F078-OBS-001;PVT-F078-OBS-001;TST-F078-E2E-001;PVT-F078-E2E-001;TST-F078-E2E-002;PVT-F078-E2E-002;TST-F078-UAT-001;PVT-F078-UAT-001;TST-F078-UAT-002;PVT-F078-UAT-002,AUTHORIZED_BY_PASS_F_SUBJECT_TO_WAVE_DEPENDENCIES,NOT_READY
F079,Supplier price lists,Procurement,docs/03-modules/procurement/features/F079-supplier-price-lists.md,F079-CAP-001;F079-CAP-002;F079-CAP-003,F079-FLOW-001;F079-FLOW-002,F079-BR-001;F079-BR-002,F079-DATA-001;F079-DATA-002,F079-VAL-001;F079-VAL-002,F079-CALC-001,F079-UX-001;F079-UX-002;F079-UX-003,F079-SEC-001;F079-SEC-002,F079-INT-001;F079-INT-002,F079-API-001;F079-API-002,F079-E2E-001;F079-E2E-002,F079-UAT-001;F079-UAT-002,APPROVED,8,APPROVED,F079-PFC-01;F079-PFC-02;F079-PFC-03;F079-PFC-04;F079-PFC-05;F079-PFC-06;F079-PFC-07;F079-PFC-08;F079-PFC-09;F079-PFC-10,F079-STM-01;F079-STM-02;F079-STM-03;F079-STM-04;F079-STM-05,APPROVED,PFD-BM-F079-1;PFD-BM-F079-2,APPROVED,services/api/src/modules/procurement,apps/web/src/modules/procurement,READ_ONLY,W05,PVT-F079-CAP-001;PVT-F079-CAP-002;PVT-F079-CAP-003;TST-F079-FR-001;PVT-F079-FR-001;TST-F079-FR-002;PVT-F079-FR-002;TST-F079-FR-003;PVT-F079-FR-003;PVT-F079-US-001;PVT-F079-US-002;PVT-F079-FLOW-001;PVT-F079-FLOW-002;TST-F079-BR-001;PVT-F079-BR-001;TST-F079-BR-002;PVT-F079-BR-002;PVT-F079-DATA-001;PVT-F079-DATA-002;TST-F079-VAL-001;PVT-F079-VAL-001;TST-F079-VAL-002;PVT-F079-VAL-002;TST-F079-CALC-001;PVT-F079-CALC-001;PVT-F079-UX-001;PVT-F079-UX-002;PVT-F079-UX-003;TST-F079-SEC-001;PVT-F079-SEC-001;TST-F079-SEC-002;PVT-F079-SEC-002;PVT-F079-AUTO-001;PVT-F079-APP-001;PVT-F079-NOTIF-001;PVT-F079-REP-001;PVT-F079-AI-001;TST-F079-INT-001;PVT-F079-INT-001;TST-F079-INT-002;PVT-F079-INT-002;TST-F079-API-001;PVT-F079-API-001;TST-F079-API-002;PVT-F079-API-002;TST-F079-PERF-001;PVT-F079-PERF-001;TST-F079-OBS-001;PVT-F079-OBS-001;TST-F079-E2E-001;PVT-F079-E2E-001;TST-F079-E2E-002;PVT-F079-E2E-002;TST-F079-UAT-001;PVT-F079-UAT-001;TST-F079-UAT-002;PVT-F079-UAT-002,AUTHORIZED_BY_PASS_F_SUBJECT_TO_WAVE_DEPENDENCIES,NOT_READY
F080,Goods receipt / GRN,Procurement,docs/03-modules/procurement/features/F080-goods-receipt-grn.md,F080-CAP-001;F080-CAP-002;F080-CAP-003,F080-FLOW-001;F080-FLOW-002,F080-BR-001;F080-BR-002,F080-DATA-001;F080-DATA-002,F080-VAL-001;F080-VAL-002,F080-CALC-001,F080-UX-001;F080-UX-002;F080-UX-003,F080-SEC-001;F080-SEC-002,F080-INT-001;F080-INT-002,F080-API-001;F080-API-002,F080-E2E-001;F080-E2E-002,F080-UAT-001;F080-UAT-002,APPROVED,8,APPROVED,F080-PFC-01;F080-PFC-02;F080-PFC-03;F080-PFC-04;F080-PFC-05;F080-PFC-06;F080-PFC-07;F080-PFC-08;F080-PFC-09;F080-PFC-10,F080-STM-01;F080-STM-02;F080-STM-03;F080-STM-04;F080-STM-05,APPROVED,PFD-BM-F080-1;PFD-BM-F080-2,APPROVED,services/api/src/modules/procurement,apps/web/src/modules/procurement,FIELD_OPTIMIZED,W05,PVT-F080-CAP-001;PVT-F080-CAP-002;PVT-F080-CAP-003;TST-F080-FR-001;PVT-F080-FR-001;TST-F080-FR-002;PVT-F080-FR-002;TST-F080-FR-003;PVT-F080-FR-003;PVT-F080-US-001;PVT-F080-US-002;PVT-F080-FLOW-001;PVT-F080-FLOW-002;TST-F080-BR-001;PVT-F080-BR-001;TST-F080-BR-002;PVT-F080-BR-002;PVT-F080-DATA-001;PVT-F080-DATA-002;TST-F080-VAL-001;PVT-F080-VAL-001;TST-F080-VAL-002;PVT-F080-VAL-002;TST-F080-CALC-001;PVT-F080-CALC-001;PVT-F080-UX-001;PVT-F080-UX-002;PVT-F080-UX-003;TST-F080-SEC-001;PVT-F080-SEC-001;TST-F080-SEC-002;PVT-F080-SEC-002;PVT-F080-AUTO-001;PVT-F080-APP-001;PVT-F080-NOTIF-001;PVT-F080-REP-001;PVT-F080-AI-001;TST-F080-INT-001;PVT-F080-INT-001;TST-F080-INT-002;PVT-F080-INT-002;TST-F080-API-001;PVT-F080-API-001;TST-F080-API-002;PVT-F080-API-002;TST-F080-PERF-001;PVT-F080-PERF-001;TST-F080-OBS-001;PVT-F080-OBS-001;TST-F080-E2E-001;PVT-F080-E2E-001;TST-F080-E2E-002;PVT-F080-E2E-002;TST-F080-UAT-001;PVT-F080-UAT-001;TST-F080-UAT-002;PVT-F080-UAT-002,AUTHORIZED_BY_PASS_F_SUBJECT_TO_WAVE_DEPENDENCIES,NOT_READY
F081,Partial receipts,Procurement,docs/03-modules/procurement/features/F081-partial-receipts.md,F081-CAP-001;F081-CAP-002;F081-CAP-003,F081-FLOW-001;F081-FLOW-002,F081-BR-001;F081-BR-002,F081-DATA-001;F081-DATA-002,F081-VAL-001;F081-VAL-002,F081-CALC-001,F081-UX-001;F081-UX-002;F081-UX-003,F081-SEC-001;F081-SEC-002,F081-INT-001;F081-INT-002,F081-API-001;F081-API-002,F081-E2E-001;F081-E2E-002,F081-UAT-001;F081-UAT-002,APPROVED,8,APPROVED,F081-PFC-01;F081-PFC-02;F081-PFC-03;F081-PFC-04;F081-PFC-05;F081-PFC-06;F081-PFC-07;F081-PFC-08;F081-PFC-09;F081-PFC-10,F081-STM-01;F081-STM-02;F081-STM-03;F081-STM-04;F081-STM-05,APPROVED,PFD-BM-F081-1;PFD-BM-F081-2,APPROVED,services/api/src/modules/procurement,apps/web/src/modules/procurement,FIELD_OPTIMIZED,W05,PVT-F081-CAP-001;PVT-F081-CAP-002;PVT-F081-CAP-003;TST-F081-FR-001;PVT-F081-FR-001;TST-F081-FR-002;PVT-F081-FR-002;TST-F081-FR-003;PVT-F081-FR-003;PVT-F081-US-001;PVT-F081-US-002;PVT-F081-FLOW-001;PVT-F081-FLOW-002;TST-F081-BR-001;PVT-F081-BR-001;TST-F081-BR-002;PVT-F081-BR-002;PVT-F081-DATA-001;PVT-F081-DATA-002;TST-F081-VAL-001;PVT-F081-VAL-001;TST-F081-VAL-002;PVT-F081-VAL-002;TST-F081-CALC-001;PVT-F081-CALC-001;PVT-F081-UX-001;PVT-F081-UX-002;PVT-F081-UX-003;TST-F081-SEC-001;PVT-F081-SEC-001;TST-F081-SEC-002;PVT-F081-SEC-002;PVT-F081-AUTO-001;PVT-F081-APP-001;PVT-F081-NOTIF-001;PVT-F081-REP-001;PVT-F081-AI-001;TST-F081-INT-001;PVT-F081-INT-001;TST-F081-INT-002;PVT-F081-INT-002;TST-F081-API-001;PVT-F081-API-001;TST-F081-API-002;PVT-F081-API-002;TST-F081-PERF-001;PVT-F081-PERF-001;TST-F081-OBS-001;PVT-F081-OBS-001;TST-F081-E2E-001;PVT-F081-E2E-001;TST-F081-E2E-002;PVT-F081-E2E-002;TST-F081-UAT-001;PVT-F081-UAT-001;TST-F081-UAT-002;PVT-F081-UAT-002,AUTHORIZED_BY_PASS_F_SUBJECT_TO_WAVE_DEPENDENCIES,NOT_READY
F082,Rejected receipts,Procurement,docs/03-modules/procurement/features/F082-rejected-receipts.md,F082-CAP-001;F082-CAP-002;F082-CAP-003,F082-FLOW-001;F082-FLOW-002,F082-BR-001;F082-BR-002,F082-DATA-001;F082-DATA-002,F082-VAL-001;F082-VAL-002,F082-CALC-001,F082-UX-001;F082-UX-002;F082-UX-003,F082-SEC-001;F082-SEC-002,F082-INT-001;F082-INT-002,F082-API-001;F082-API-002,F082-E2E-001;F082-E2E-002,F082-UAT-001;F082-UAT-002,APPROVED,8,APPROVED,F082-PFC-01;F082-PFC-02;F082-PFC-03;F082-PFC-04;F082-PFC-05;F082-PFC-06;F082-PFC-07;F082-PFC-08;F082-PFC-09;F082-PFC-10,F082-STM-01;F082-STM-02;F082-STM-03;F082-STM-04;F082-STM-05,APPROVED,PFD-BM-F082-1;PFD-BM-F082-2,APPROVED,services/api/src/modules/procurement,apps/web/src/modules/procurement,FIELD_OPTIMIZED,W05,PVT-F082-CAP-001;PVT-F082-CAP-002;PVT-F082-CAP-003;TST-F082-FR-001;PVT-F082-FR-001;TST-F082-FR-002;PVT-F082-FR-002;TST-F082-FR-003;PVT-F082-FR-003;PVT-F082-US-001;PVT-F082-US-002;PVT-F082-FLOW-001;PVT-F082-FLOW-002;TST-F082-BR-001;PVT-F082-BR-001;TST-F082-BR-002;PVT-F082-BR-002;PVT-F082-DATA-001;PVT-F082-DATA-002;TST-F082-VAL-001;PVT-F082-VAL-001;TST-F082-VAL-002;PVT-F082-VAL-002;TST-F082-CALC-001;PVT-F082-CALC-001;PVT-F082-UX-001;PVT-F082-UX-002;PVT-F082-UX-003;TST-F082-SEC-001;PVT-F082-SEC-001;TST-F082-SEC-002;PVT-F082-SEC-002;PVT-F082-AUTO-001;PVT-F082-APP-001;PVT-F082-NOTIF-001;PVT-F082-REP-001;PVT-F082-AI-001;TST-F082-INT-001;PVT-F082-INT-001;TST-F082-INT-002;PVT-F082-INT-002;TST-F082-API-001;PVT-F082-API-001;TST-F082-API-002;PVT-F082-API-002;TST-F082-PERF-001;PVT-F082-PERF-001;TST-F082-OBS-001;PVT-F082-OBS-001;TST-F082-E2E-001;PVT-F082-E2E-001;TST-F082-E2E-002;PVT-F082-E2E-002;TST-F082-UAT-001;PVT-F082-UAT-001;TST-F082-UAT-002;PVT-F082-UAT-002,AUTHORIZED_BY_PASS_F_SUBJECT_TO_WAVE_DEPENDENCIES,NOT_READY
F083,Purchase returns,Procurement,docs/03-modules/procurement/features/F083-purchase-returns.md,F083-CAP-001;F083-CAP-002;F083-CAP-003,F083-FLOW-001;F083-FLOW-002,F083-BR-001;F083-BR-002,F083-DATA-001;F083-DATA-002,F083-VAL-001;F083-VAL-002,F083-CALC-001,F083-UX-001;F083-UX-002;F083-UX-003,F083-SEC-001;F083-SEC-002,F083-INT-001;F083-INT-002,F083-API-001;F083-API-002,F083-E2E-001;F083-E2E-002,F083-UAT-001;F083-UAT-002,APPROVED,8,APPROVED,F083-PFC-01;F083-PFC-02;F083-PFC-03;F083-PFC-04;F083-PFC-05;F083-PFC-06;F083-PFC-07;F083-PFC-08;F083-PFC-09;F083-PFC-10,F083-STM-01;F083-STM-02;F083-STM-03;F083-STM-04;F083-STM-05,APPROVED,PFD-BM-F083-1;PFD-BM-F083-2,APPROVED,services/api/src/modules/procurement,apps/web/src/modules/procurement,READ_ONLY,W05,PVT-F083-CAP-001;PVT-F083-CAP-002;PVT-F083-CAP-003;TST-F083-FR-001;PVT-F083-FR-001;TST-F083-FR-002;PVT-F083-FR-002;TST-F083-FR-003;PVT-F083-FR-003;PVT-F083-US-001;PVT-F083-US-002;PVT-F083-FLOW-001;PVT-F083-FLOW-002;TST-F083-BR-001;PVT-F083-BR-001;TST-F083-BR-002;PVT-F083-BR-002;PVT-F083-DATA-001;PVT-F083-DATA-002;TST-F083-VAL-001;PVT-F083-VAL-001;TST-F083-VAL-002;PVT-F083-VAL-002;TST-F083-CALC-001;PVT-F083-CALC-001;PVT-F083-UX-001;PVT-F083-UX-002;PVT-F083-UX-003;TST-F083-SEC-001;PVT-F083-SEC-001;TST-F083-SEC-002;PVT-F083-SEC-002;PVT-F083-AUTO-001;PVT-F083-APP-001;PVT-F083-NOTIF-001;PVT-F083-REP-001;PVT-F083-AI-001;TST-F083-INT-001;PVT-F083-INT-001;TST-F083-INT-002;PVT-F083-INT-002;TST-F083-API-001;PVT-F083-API-001;TST-F083-API-002;PVT-F083-API-002;TST-F083-PERF-001;PVT-F083-PERF-001;TST-F083-OBS-001;PVT-F083-OBS-001;TST-F083-E2E-001;PVT-F083-E2E-001;TST-F083-E2E-002;PVT-F083-E2E-002;TST-F083-UAT-001;PVT-F083-UAT-001;TST-F083-UAT-002;PVT-F083-UAT-002,AUTHORIZED_BY_PASS_F_SUBJECT_TO_WAVE_DEPENDENCIES,NOT_READY
F084,Supplier invoices,Procurement,docs/03-modules/procurement/features/F084-supplier-invoices.md,F084-CAP-001;F084-CAP-002;F084-CAP-003,F084-FLOW-001;F084-FLOW-002,F084-BR-001;F084-BR-002,F084-DATA-001;F084-DATA-002,F084-VAL-001;F084-VAL-002,F084-CALC-001,F084-UX-001;F084-UX-002;F084-UX-003,F084-SEC-001;F084-SEC-002,F084-INT-001;F084-INT-002,F084-API-001;F084-API-002,F084-E2E-001;F084-E2E-002,F084-UAT-001;F084-UAT-002,APPROVED,8,APPROVED,F084-PFC-01;F084-PFC-02;F084-PFC-03;F084-PFC-04;F084-PFC-05;F084-PFC-06;F084-PFC-07;F084-PFC-08;F084-PFC-09;F084-PFC-10,F084-STM-01;F084-STM-02;F084-STM-03;F084-STM-04;F084-STM-05,APPROVED,PFD-BM-F084-1;PFD-BM-F084-2,APPROVED,services/api/src/modules/procurement,apps/web/src/modules/procurement,READ_ONLY,W05,PVT-F084-CAP-001;PVT-F084-CAP-002;PVT-F084-CAP-003;TST-F084-FR-001;PVT-F084-FR-001;TST-F084-FR-002;PVT-F084-FR-002;TST-F084-FR-003;PVT-F084-FR-003;PVT-F084-US-001;PVT-F084-US-002;PVT-F084-FLOW-001;PVT-F084-FLOW-002;TST-F084-BR-001;PVT-F084-BR-001;TST-F084-BR-002;PVT-F084-BR-002;PVT-F084-DATA-001;PVT-F084-DATA-002;TST-F084-VAL-001;PVT-F084-VAL-001;TST-F084-VAL-002;PVT-F084-VAL-002;TST-F084-CALC-001;PVT-F084-CALC-001;PVT-F084-UX-001;PVT-F084-UX-002;PVT-F084-UX-003;TST-F084-SEC-001;PVT-F084-SEC-001;TST-F084-SEC-002;PVT-F084-SEC-002;PVT-F084-AUTO-001;PVT-F084-APP-001;PVT-F084-NOTIF-001;PVT-F084-REP-001;PVT-F084-AI-001;TST-F084-INT-001;PVT-F084-INT-001;TST-F084-INT-002;PVT-F084-INT-002;TST-F084-API-001;PVT-F084-API-001;TST-F084-API-002;PVT-F084-API-002;TST-F084-PERF-001;PVT-F084-PERF-001;TST-F084-OBS-001;PVT-F084-OBS-001;TST-F084-E2E-001;PVT-F084-E2E-001;TST-F084-E2E-002;PVT-F084-E2E-002;TST-F084-UAT-001;PVT-F084-UAT-001;TST-F084-UAT-002;PVT-F084-UAT-002,AUTHORIZED_BY_PASS_F_SUBJECT_TO_WAVE_DEPENDENCIES,NOT_READY
F085,2-way matching,Procurement,docs/03-modules/procurement/features/F085-2-way-matching.md,F085-CAP-001;F085-CAP-002;F085-CAP-003,F085-FLOW-001;F085-FLOW-002,F085-BR-001;F085-BR-002,F085-DATA-001;F085-DATA-002,F085-VAL-001;F085-VAL-002,F085-CALC-001,F085-UX-001;F085-UX-002;F085-UX-003,F085-SEC-001;F085-SEC-002,F085-INT-001;F085-INT-002,F085-API-001;F085-API-002,F085-E2E-001;F085-E2E-002,F085-UAT-001;F085-UAT-002,APPROVED,8,APPROVED,F085-PFC-01;F085-PFC-02;F085-PFC-03;F085-PFC-04;F085-PFC-05;F085-PFC-06;F085-PFC-07;F085-PFC-08;F085-PFC-09;F085-PFC-10,F085-STM-01;F085-STM-02;F085-STM-03;F085-STM-04;F085-STM-05,APPROVED,PFD-BM-F085-1;PFD-BM-F085-2,APPROVED,services/api/src/modules/procurement,apps/web/src/modules/procurement,READ_ONLY,W05,PVT-F085-CAP-001;PVT-F085-CAP-002;PVT-F085-CAP-003;TST-F085-FR-001;PVT-F085-FR-001;TST-F085-FR-002;PVT-F085-FR-002;TST-F085-FR-003;PVT-F085-FR-003;PVT-F085-US-001;PVT-F085-US-002;PVT-F085-FLOW-001;PVT-F085-FLOW-002;TST-F085-BR-001;PVT-F085-BR-001;TST-F085-BR-002;PVT-F085-BR-002;PVT-F085-DATA-001;PVT-F085-DATA-002;TST-F085-VAL-001;PVT-F085-VAL-001;TST-F085-VAL-002;PVT-F085-VAL-002;TST-F085-CALC-001;PVT-F085-CALC-001;PVT-F085-UX-001;PVT-F085-UX-002;PVT-F085-UX-003;TST-F085-SEC-001;PVT-F085-SEC-001;TST-F085-SEC-002;PVT-F085-SEC-002;PVT-F085-AUTO-001;PVT-F085-APP-001;PVT-F085-NOTIF-001;PVT-F085-REP-001;PVT-F085-AI-001;TST-F085-INT-001;PVT-F085-INT-001;TST-F085-INT-002;PVT-F085-INT-002;TST-F085-API-001;PVT-F085-API-001;TST-F085-API-002;PVT-F085-API-002;TST-F085-PERF-001;PVT-F085-PERF-001;TST-F085-OBS-001;PVT-F085-OBS-001;TST-F085-E2E-001;PVT-F085-E2E-001;TST-F085-E2E-002;PVT-F085-E2E-002;TST-F085-UAT-001;PVT-F085-UAT-001;TST-F085-UAT-002;PVT-F085-UAT-002,AUTHORIZED_BY_PASS_F_SUBJECT_TO_WAVE_DEPENDENCIES,NOT_READY
F086,3-way matching: PO – GRN – Invoice,Procurement,docs/03-modules/procurement/features/F086-3-way-matching-po-grn-invoice.md,F086-CAP-001;F086-CAP-002;F086-CAP-003,F086-FLOW-001;F086-FLOW-002,F086-BR-001;F086-BR-002,F086-DATA-001;F086-DATA-002,F086-VAL-001;F086-VAL-002,F086-CALC-001,F086-UX-001;F086-UX-002;F086-UX-003,F086-SEC-001;F086-SEC-002,F086-INT-001;F086-INT-002,F086-API-001;F086-API-002,F086-E2E-001;F086-E2E-002,F086-UAT-001;F086-UAT-002,APPROVED,8,APPROVED,F086-PFC-01;F086-PFC-02;F086-PFC-03;F086-PFC-04;F086-PFC-05;F086-PFC-06;F086-PFC-07;F086-PFC-08;F086-PFC-09;F086-PFC-10,F086-STM-01;F086-STM-02;F086-STM-03;F086-STM-04;F086-STM-05,APPROVED,PFD-BM-F086-1;PFD-BM-F086-2,APPROVED,services/api/src/modules/procurement,apps/web/src/modules/procurement,READ_ONLY,W05,PVT-F086-CAP-001;PVT-F086-CAP-002;PVT-F086-CAP-003;TST-F086-FR-001;PVT-F086-FR-001;TST-F086-FR-002;PVT-F086-FR-002;TST-F086-FR-003;PVT-F086-FR-003;PVT-F086-US-001;PVT-F086-US-002;PVT-F086-FLOW-001;PVT-F086-FLOW-002;TST-F086-BR-001;PVT-F086-BR-001;TST-F086-BR-002;PVT-F086-BR-002;PVT-F086-DATA-001;PVT-F086-DATA-002;TST-F086-VAL-001;PVT-F086-VAL-001;TST-F086-VAL-002;PVT-F086-VAL-002;TST-F086-CALC-001;PVT-F086-CALC-001;PVT-F086-UX-001;PVT-F086-UX-002;PVT-F086-UX-003;TST-F086-SEC-001;PVT-F086-SEC-001;TST-F086-SEC-002;PVT-F086-SEC-002;PVT-F086-AUTO-001;PVT-F086-APP-001;PVT-F086-NOTIF-001;PVT-F086-REP-001;PVT-F086-AI-001;TST-F086-INT-001;PVT-F086-INT-001;TST-F086-INT-002;PVT-F086-INT-002;TST-F086-API-001;PVT-F086-API-001;TST-F086-API-002;PVT-F086-API-002;TST-F086-PERF-001;PVT-F086-PERF-001;TST-F086-OBS-001;PVT-F086-OBS-001;TST-F086-E2E-001;PVT-F086-E2E-001;TST-F086-E2E-002;PVT-F086-E2E-002;TST-F086-UAT-001;PVT-F086-UAT-001;TST-F086-UAT-002;PVT-F086-UAT-002,AUTHORIZED_BY_PASS_F_SUBJECT_TO_WAVE_DEPENDENCIES,NOT_READY
F087,Landed costs,Procurement,docs/03-modules/procurement/features/F087-landed-costs.md,F087-CAP-001;F087-CAP-002;F087-CAP-003,F087-FLOW-001;F087-FLOW-002,F087-BR-001;F087-BR-002,F087-DATA-001;F087-DATA-002,F087-VAL-001;F087-VAL-002,F087-CALC-001,F087-UX-001;F087-UX-002;F087-UX-003,F087-SEC-001;F087-SEC-002,F087-INT-001;F087-INT-002,F087-API-001;F087-API-002,F087-E2E-001;F087-E2E-002,F087-UAT-001;F087-UAT-002,APPROVED,8,APPROVED,F087-PFC-01;F087-PFC-02;F087-PFC-03;F087-PFC-04;F087-PFC-05;F087-PFC-06;F087-PFC-07;F087-PFC-08;F087-PFC-09;F087-PFC-10,F087-STM-01;F087-STM-02;F087-STM-03;F087-STM-04;F087-STM-05,APPROVED,PFD-BM-F087-1;PFD-BM-F087-2,APPROVED,services/api/src/modules/procurement,apps/web/src/modules/procurement,READ_ONLY,W05,PVT-F087-CAP-001;PVT-F087-CAP-002;PVT-F087-CAP-003;TST-F087-FR-001;PVT-F087-FR-001;TST-F087-FR-002;PVT-F087-FR-002;TST-F087-FR-003;PVT-F087-FR-003;PVT-F087-US-001;PVT-F087-US-002;PVT-F087-FLOW-001;PVT-F087-FLOW-002;TST-F087-BR-001;PVT-F087-BR-001;TST-F087-BR-002;PVT-F087-BR-002;PVT-F087-DATA-001;PVT-F087-DATA-002;TST-F087-VAL-001;PVT-F087-VAL-001;TST-F087-VAL-002;PVT-F087-VAL-002;TST-F087-CALC-001;PVT-F087-CALC-001;PVT-F087-UX-001;PVT-F087-UX-002;PVT-F087-UX-003;TST-F087-SEC-001;PVT-F087-SEC-001;TST-F087-SEC-002;PVT-F087-SEC-002;PVT-F087-AUTO-001;PVT-F087-APP-001;PVT-F087-NOTIF-001;PVT-F087-REP-001;PVT-F087-AI-001;TST-F087-INT-001;PVT-F087-INT-001;TST-F087-INT-002;PVT-F087-INT-002;TST-F087-API-001;PVT-F087-API-001;TST-F087-API-002;PVT-F087-API-002;TST-F087-PERF-001;PVT-F087-PERF-001;TST-F087-OBS-001;PVT-F087-OBS-001;TST-F087-E2E-001;PVT-F087-E2E-001;TST-F087-E2E-002;PVT-F087-E2E-002;TST-F087-UAT-001;PVT-F087-UAT-001;TST-F087-UAT-002;PVT-F087-UAT-002,AUTHORIZED_BY_PASS_F_SUBJECT_TO_WAVE_DEPENDENCIES,NOT_READY
F088,Payment terms,Procurement,docs/03-modules/procurement/features/F088-payment-terms.md,F088-CAP-001;F088-CAP-002;F088-CAP-003,F088-FLOW-001;F088-FLOW-002,F088-BR-001;F088-BR-002,F088-DATA-001;F088-DATA-002,F088-VAL-001;F088-VAL-002,F088-CALC-001,F088-UX-001;F088-UX-002;F088-UX-003,F088-SEC-001;F088-SEC-002,F088-INT-001;F088-INT-002,F088-API-001;F088-API-002,F088-E2E-001;F088-E2E-002,F088-UAT-001;F088-UAT-002,APPROVED,8,APPROVED,F088-PFC-01;F088-PFC-02;F088-PFC-03;F088-PFC-04;F088-PFC-05;F088-PFC-06;F088-PFC-07;F088-PFC-08;F088-PFC-09;F088-PFC-10,F088-STM-01;F088-STM-02;F088-STM-03;F088-STM-04;F088-STM-05,APPROVED,PFD-BM-F088-1;PFD-BM-F088-2,APPROVED,services/api/src/modules/procurement,apps/web/src/modules/procurement,READ_ONLY,W05,PVT-F088-CAP-001;PVT-F088-CAP-002;PVT-F088-CAP-003;TST-F088-FR-001;PVT-F088-FR-001;TST-F088-FR-002;PVT-F088-FR-002;TST-F088-FR-003;PVT-F088-FR-003;PVT-F088-US-001;PVT-F088-US-002;PVT-F088-FLOW-001;PVT-F088-FLOW-002;TST-F088-BR-001;PVT-F088-BR-001;TST-F088-BR-002;PVT-F088-BR-002;PVT-F088-DATA-001;PVT-F088-DATA-002;TST-F088-VAL-001;PVT-F088-VAL-001;TST-F088-VAL-002;PVT-F088-VAL-002;TST-F088-CALC-001;PVT-F088-CALC-001;PVT-F088-UX-001;PVT-F088-UX-002;PVT-F088-UX-003;TST-F088-SEC-001;PVT-F088-SEC-001;TST-F088-SEC-002;PVT-F088-SEC-002;PVT-F088-AUTO-001;PVT-F088-APP-001;PVT-F088-NOTIF-001;PVT-F088-REP-001;PVT-F088-AI-001;TST-F088-INT-001;PVT-F088-INT-001;TST-F088-INT-002;PVT-F088-INT-002;TST-F088-API-001;PVT-F088-API-001;TST-F088-API-002;PVT-F088-API-002;TST-F088-PERF-001;PVT-F088-PERF-001;TST-F088-OBS-001;PVT-F088-OBS-001;TST-F088-E2E-001;PVT-F088-E2E-001;TST-F088-E2E-002;PVT-F088-E2E-002;TST-F088-UAT-001;PVT-F088-UAT-001;TST-F088-UAT-002;PVT-F088-UAT-002,AUTHORIZED_BY_PASS_F_SUBJECT_TO_WAVE_DEPENDENCIES,NOT_READY
F089,Supplier performance,Procurement,docs/03-modules/procurement/features/F089-supplier-performance.md,F089-CAP-001;F089-CAP-002;F089-CAP-003,F089-FLOW-001;F089-FLOW-002,F089-BR-001;F089-BR-002,F089-DATA-001;F089-DATA-002,F089-VAL-001;F089-VAL-002,F089-CALC-001,F089-UX-001;F089-UX-002;F089-UX-003,F089-SEC-001;F089-SEC-002,F089-INT-001;F089-INT-002,F089-API-001;F089-API-002,F089-E2E-001;F089-E2E-002,F089-UAT-001;F089-UAT-002,APPROVED,8,APPROVED,F089-PFC-01;F089-PFC-02;F089-PFC-03;F089-PFC-04;F089-PFC-05;F089-PFC-06;F089-PFC-07;F089-PFC-08;F089-PFC-09;F089-PFC-10,F089-STM-01;F089-STM-02;F089-STM-03;F089-STM-04;F089-STM-05,APPROVED,PFD-BM-F089-1;PFD-BM-F089-2,APPROVED,services/api/src/modules/procurement,apps/web/src/modules/procurement,READ_ONLY,W05,PVT-F089-CAP-001;PVT-F089-CAP-002;PVT-F089-CAP-003;TST-F089-FR-001;PVT-F089-FR-001;TST-F089-FR-002;PVT-F089-FR-002;TST-F089-FR-003;PVT-F089-FR-003;PVT-F089-US-001;PVT-F089-US-002;PVT-F089-FLOW-001;PVT-F089-FLOW-002;TST-F089-BR-001;PVT-F089-BR-001;TST-F089-BR-002;PVT-F089-BR-002;PVT-F089-DATA-001;PVT-F089-DATA-002;TST-F089-VAL-001;PVT-F089-VAL-001;TST-F089-VAL-002;PVT-F089-VAL-002;TST-F089-CALC-001;PVT-F089-CALC-001;PVT-F089-UX-001;PVT-F089-UX-002;PVT-F089-UX-003;TST-F089-SEC-001;PVT-F089-SEC-001;TST-F089-SEC-002;PVT-F089-SEC-002;PVT-F089-AUTO-001;PVT-F089-APP-001;PVT-F089-NOTIF-001;PVT-F089-REP-001;PVT-F089-AI-001;TST-F089-INT-001;PVT-F089-INT-001;TST-F089-INT-002;PVT-F089-INT-002;TST-F089-API-001;PVT-F089-API-001;TST-F089-API-002;PVT-F089-API-002;TST-F089-PERF-001;PVT-F089-PERF-001;TST-F089-OBS-001;PVT-F089-OBS-001;TST-F089-E2E-001;PVT-F089-E2E-001;TST-F089-E2E-002;PVT-F089-E2E-002;TST-F089-UAT-001;PVT-F089-UAT-001;TST-F089-UAT-002;PVT-F089-UAT-002,AUTHORIZED_BY_PASS_F_SUBJECT_TO_WAVE_DEPENDENCIES,NOT_READY
F090,Supplier rating,Procurement,docs/03-modules/procurement/features/F090-supplier-rating.md,F090-CAP-001;F090-CAP-002;F090-CAP-003,F090-FLOW-001;F090-FLOW-002,F090-BR-001;F090-BR-002,F090-DATA-001;F090-DATA-002,F090-VAL-001;F090-VAL-002,F090-CALC-001,F090-UX-001;F090-UX-002;F090-UX-003,F090-SEC-001;F090-SEC-002,F090-INT-001;F090-INT-002,F090-API-001;F090-API-002,F090-E2E-001;F090-E2E-002,F090-UAT-001;F090-UAT-002,APPROVED,8,APPROVED,F090-PFC-01;F090-PFC-02;F090-PFC-03;F090-PFC-04;F090-PFC-05;F090-PFC-06;F090-PFC-07;F090-PFC-08;F090-PFC-09;F090-PFC-10,F090-STM-01;F090-STM-02;F090-STM-03;F090-STM-04;F090-STM-05,APPROVED,PFD-BM-F090-1;PFD-BM-F090-2,APPROVED,services/api/src/modules/procurement,apps/web/src/modules/procurement,READ_ONLY,W05,PVT-F090-CAP-001;PVT-F090-CAP-002;PVT-F090-CAP-003;TST-F090-FR-001;PVT-F090-FR-001;TST-F090-FR-002;PVT-F090-FR-002;TST-F090-FR-003;PVT-F090-FR-003;PVT-F090-US-001;PVT-F090-US-002;PVT-F090-FLOW-001;PVT-F090-FLOW-002;TST-F090-BR-001;PVT-F090-BR-001;TST-F090-BR-002;PVT-F090-BR-002;PVT-F090-DATA-001;PVT-F090-DATA-002;TST-F090-VAL-001;PVT-F090-VAL-001;TST-F090-VAL-002;PVT-F090-VAL-002;TST-F090-CALC-001;PVT-F090-CALC-001;PVT-F090-UX-001;PVT-F090-UX-002;PVT-F090-UX-003;TST-F090-SEC-001;PVT-F090-SEC-001;TST-F090-SEC-002;PVT-F090-SEC-002;PVT-F090-AUTO-001;PVT-F090-APP-001;PVT-F090-NOTIF-001;PVT-F090-REP-001;PVT-F090-AI-001;TST-F090-INT-001;PVT-F090-INT-001;TST-F090-INT-002;PVT-F090-INT-002;TST-F090-API-001;PVT-F090-API-001;TST-F090-API-002;PVT-F090-API-002;TST-F090-PERF-001;PVT-F090-PERF-001;TST-F090-OBS-001;PVT-F090-OBS-001;TST-F090-E2E-001;PVT-F090-E2E-001;TST-F090-E2E-002;PVT-F090-E2E-002;TST-F090-UAT-001;PVT-F090-UAT-001;TST-F090-UAT-002;PVT-F090-UAT-002,AUTHORIZED_BY_PASS_F_SUBJECT_TO_WAVE_DEPENDENCIES,NOT_READY
F091,Supplier lead times,Procurement,docs/03-modules/procurement/features/F091-supplier-lead-times.md,F091-CAP-001;F091-CAP-002;F091-CAP-003,F091-FLOW-001;F091-FLOW-002,F091-BR-001;F091-BR-002,F091-DATA-001;F091-DATA-002,F091-VAL-001;F091-VAL-002,F091-CALC-001,F091-UX-001;F091-UX-002;F091-UX-003,F091-SEC-001;F091-SEC-002,F091-INT-001;F091-INT-002,F091-API-001;F091-API-002,F091-E2E-001;F091-E2E-002,F091-UAT-001;F091-UAT-002,APPROVED,8,APPROVED,F091-PFC-01;F091-PFC-02;F091-PFC-03;F091-PFC-04;F091-PFC-05;F091-PFC-06;F091-PFC-07;F091-PFC-08;F091-PFC-09;F091-PFC-10,F091-STM-01;F091-STM-02;F091-STM-03;F091-STM-04;F091-STM-05,APPROVED,PFD-BM-F091-1;PFD-BM-F091-2,APPROVED,services/api/src/modules/procurement,apps/web/src/modules/procurement,READ_ONLY,W05,PVT-F091-CAP-001;PVT-F091-CAP-002;PVT-F091-CAP-003;TST-F091-FR-001;PVT-F091-FR-001;TST-F091-FR-002;PVT-F091-FR-002;TST-F091-FR-003;PVT-F091-FR-003;PVT-F091-US-001;PVT-F091-US-002;PVT-F091-FLOW-001;PVT-F091-FLOW-002;TST-F091-BR-001;PVT-F091-BR-001;TST-F091-BR-002;PVT-F091-BR-002;PVT-F091-DATA-001;PVT-F091-DATA-002;TST-F091-VAL-001;PVT-F091-VAL-001;TST-F091-VAL-002;PVT-F091-VAL-002;TST-F091-CALC-001;PVT-F091-CALC-001;PVT-F091-UX-001;PVT-F091-UX-002;PVT-F091-UX-003;TST-F091-SEC-001;PVT-F091-SEC-001;TST-F091-SEC-002;PVT-F091-SEC-002;PVT-F091-AUTO-001;PVT-F091-APP-001;PVT-F091-NOTIF-001;PVT-F091-REP-001;PVT-F091-AI-001;TST-F091-INT-001;PVT-F091-INT-001;TST-F091-INT-002;PVT-F091-INT-002;TST-F091-API-001;PVT-F091-API-001;TST-F091-API-002;PVT-F091-API-002;TST-F091-PERF-001;PVT-F091-PERF-001;TST-F091-OBS-001;PVT-F091-OBS-001;TST-F091-E2E-001;PVT-F091-E2E-001;TST-F091-E2E-002;PVT-F091-E2E-002;TST-F091-UAT-001;PVT-F091-UAT-001;TST-F091-UAT-002;PVT-F091-UAT-002,AUTHORIZED_BY_PASS_F_SUBJECT_TO_WAVE_DEPENDENCIES,NOT_READY
F092,Spend analysis,Procurement,docs/03-modules/procurement/features/F092-spend-analysis.md,F092-CAP-001;F092-CAP-002;F092-CAP-003,F092-FLOW-001;F092-FLOW-002,F092-BR-001;F092-BR-002,F092-DATA-001;F092-DATA-002,F092-VAL-001;F092-VAL-002,F092-CALC-001,F092-UX-001;F092-UX-002;F092-UX-003,F092-SEC-001;F092-SEC-002,F092-INT-001;F092-INT-002,F092-API-001;F092-API-002,F092-E2E-001;F092-E2E-002,F092-UAT-001;F092-UAT-002,APPROVED,8,APPROVED,F092-PFC-01;F092-PFC-02;F092-PFC-03;F092-PFC-04;F092-PFC-05;F092-PFC-06;F092-PFC-07;F092-PFC-08;F092-PFC-09;F092-PFC-10,F092-STM-01;F092-STM-02;F092-STM-03;F092-STM-04;F092-STM-05,APPROVED,PFD-BM-F092-1;PFD-BM-F092-2,APPROVED,services/api/src/modules/procurement,apps/web/src/modules/procurement,READ_ONLY,W05,PVT-F092-CAP-001;PVT-F092-CAP-002;PVT-F092-CAP-003;TST-F092-FR-001;PVT-F092-FR-001;TST-F092-FR-002;PVT-F092-FR-002;TST-F092-FR-003;PVT-F092-FR-003;PVT-F092-US-001;PVT-F092-US-002;PVT-F092-FLOW-001;PVT-F092-FLOW-002;TST-F092-BR-001;PVT-F092-BR-001;TST-F092-BR-002;PVT-F092-BR-002;PVT-F092-DATA-001;PVT-F092-DATA-002;TST-F092-VAL-001;PVT-F092-VAL-001;TST-F092-VAL-002;PVT-F092-VAL-002;TST-F092-CALC-001;PVT-F092-CALC-001;PVT-F092-UX-001;PVT-F092-UX-002;PVT-F092-UX-003;TST-F092-SEC-001;PVT-F092-SEC-001;TST-F092-SEC-002;PVT-F092-SEC-002;PVT-F092-AUTO-001;PVT-F092-APP-001;PVT-F092-NOTIF-001;PVT-F092-REP-001;PVT-F092-AI-001;TST-F092-INT-001;PVT-F092-INT-001;TST-F092-INT-002;PVT-F092-INT-002;TST-F092-API-001;PVT-F092-API-001;TST-F092-API-002;PVT-F092-API-002;TST-F092-PERF-001;PVT-F092-PERF-001;TST-F092-OBS-001;PVT-F092-OBS-001;TST-F092-E2E-001;PVT-F092-E2E-001;TST-F092-E2E-002;PVT-F092-E2E-002;TST-F092-UAT-001;PVT-F092-UAT-001;TST-F092-UAT-002;PVT-F092-UAT-002,AUTHORIZED_BY_PASS_F_SUBJECT_TO_WAVE_DEPENDENCIES,NOT_READY
F093,Purchase history,Procurement,docs/03-modules/procurement/features/F093-purchase-history.md,F093-CAP-001;F093-CAP-002;F093-CAP-003,F093-FLOW-001;F093-FLOW-002,F093-BR-001;F093-BR-002,F093-DATA-001;F093-DATA-002,F093-VAL-001;F093-VAL-002,F093-CALC-001,F093-UX-001;F093-UX-002;F093-UX-003,F093-SEC-001;F093-SEC-002,F093-INT-001;F093-INT-002,F093-API-001;F093-API-002,F093-E2E-001;F093-E2E-002,F093-UAT-001;F093-UAT-002,APPROVED,8,APPROVED,F093-PFC-01;F093-PFC-02;F093-PFC-03;F093-PFC-04;F093-PFC-05;F093-PFC-06;F093-PFC-07;F093-PFC-08;F093-PFC-09;F093-PFC-10,F093-STM-01;F093-STM-02;F093-STM-03;F093-STM-04;F093-STM-05,APPROVED,PFD-BM-F093-1;PFD-BM-F093-2,APPROVED,services/api/src/modules/procurement,apps/web/src/modules/procurement,READ_ONLY,W05,PVT-F093-CAP-001;PVT-F093-CAP-002;PVT-F093-CAP-003;TST-F093-FR-001;PVT-F093-FR-001;TST-F093-FR-002;PVT-F093-FR-002;TST-F093-FR-003;PVT-F093-FR-003;PVT-F093-US-001;PVT-F093-US-002;PVT-F093-FLOW-001;PVT-F093-FLOW-002;TST-F093-BR-001;PVT-F093-BR-001;TST-F093-BR-002;PVT-F093-BR-002;PVT-F093-DATA-001;PVT-F093-DATA-002;TST-F093-VAL-001;PVT-F093-VAL-001;TST-F093-VAL-002;PVT-F093-VAL-002;TST-F093-CALC-001;PVT-F093-CALC-001;PVT-F093-UX-001;PVT-F093-UX-002;PVT-F093-UX-003;TST-F093-SEC-001;PVT-F093-SEC-001;TST-F093-SEC-002;PVT-F093-SEC-002;PVT-F093-AUTO-001;PVT-F093-APP-001;PVT-F093-NOTIF-001;PVT-F093-REP-001;PVT-F093-AI-001;TST-F093-INT-001;PVT-F093-INT-001;TST-F093-INT-002;PVT-F093-INT-002;TST-F093-API-001;PVT-F093-API-001;TST-F093-API-002;PVT-F093-API-002;TST-F093-PERF-001;PVT-F093-PERF-001;TST-F093-OBS-001;PVT-F093-OBS-001;TST-F093-E2E-001;PVT-F093-E2E-001;TST-F093-E2E-002;PVT-F093-E2E-002;TST-F093-UAT-001;PVT-F093-UAT-001;TST-F093-UAT-002;PVT-F093-UAT-002,AUTHORIZED_BY_PASS_F_SUBJECT_TO_WAVE_DEPENDENCIES,NOT_READY
F094,Reorder-generated purchasing,Procurement,docs/03-modules/procurement/features/F094-reorder-generated-purchasing.md,F094-CAP-001;F094-CAP-002;F094-CAP-003,F094-FLOW-001;F094-FLOW-002,F094-BR-001;F094-BR-002,F094-DATA-001;F094-DATA-002,F094-VAL-001;F094-VAL-002,F094-CALC-001,F094-UX-001;F094-UX-002;F094-UX-003,F094-SEC-001;F094-SEC-002,F094-INT-001;F094-INT-002,F094-API-001;F094-API-002,F094-E2E-001;F094-E2E-002,F094-UAT-001;F094-UAT-002,APPROVED,8,APPROVED,F094-PFC-01;F094-PFC-02;F094-PFC-03;F094-PFC-04;F094-PFC-05;F094-PFC-06;F094-PFC-07;F094-PFC-08;F094-PFC-09;F094-PFC-10,F094-STM-01;F094-STM-02;F094-STM-03;F094-STM-04;F094-STM-05,APPROVED,PFD-BM-F094-1;PFD-BM-F094-2,APPROVED,services/api/src/modules/procurement,apps/web/src/modules/procurement,READ_ONLY,W05,PVT-F094-CAP-001;PVT-F094-CAP-002;PVT-F094-CAP-003;TST-F094-FR-001;PVT-F094-FR-001;TST-F094-FR-002;PVT-F094-FR-002;TST-F094-FR-003;PVT-F094-FR-003;PVT-F094-US-001;PVT-F094-US-002;PVT-F094-FLOW-001;PVT-F094-FLOW-002;TST-F094-BR-001;PVT-F094-BR-001;TST-F094-BR-002;PVT-F094-BR-002;PVT-F094-DATA-001;PVT-F094-DATA-002;TST-F094-VAL-001;PVT-F094-VAL-001;TST-F094-VAL-002;PVT-F094-VAL-002;TST-F094-CALC-001;PVT-F094-CALC-001;PVT-F094-UX-001;PVT-F094-UX-002;PVT-F094-UX-003;TST-F094-SEC-001;PVT-F094-SEC-001;TST-F094-SEC-002;PVT-F094-SEC-002;PVT-F094-AUTO-001;PVT-F094-APP-001;PVT-F094-NOTIF-001;PVT-F094-REP-001;PVT-F094-AI-001;TST-F094-INT-001;PVT-F094-INT-001;TST-F094-INT-002;PVT-F094-INT-002;TST-F094-API-001;PVT-F094-API-001;TST-F094-API-002;PVT-F094-API-002;TST-F094-PERF-001;PVT-F094-PERF-001;TST-F094-OBS-001;PVT-F094-OBS-001;TST-F094-E2E-001;PVT-F094-E2E-001;TST-F094-E2E-002;PVT-F094-E2E-002;TST-F094-UAT-001;PVT-F094-UAT-001;TST-F094-UAT-002;PVT-F094-UAT-002,AUTHORIZED_BY_PASS_F_SUBJECT_TO_WAVE_DEPENDENCIES,NOT_READY
F095,Subcontract purchasing,Procurement,docs/03-modules/procurement/features/F095-subcontract-purchasing.md,F095-CAP-001;F095-CAP-002;F095-CAP-003,F095-FLOW-001;F095-FLOW-002,F095-BR-001;F095-BR-002,F095-DATA-001;F095-DATA-002,F095-VAL-001;F095-VAL-002,F095-CALC-001,F095-UX-001;F095-UX-002;F095-UX-003,F095-SEC-001;F095-SEC-002,F095-INT-001;F095-INT-002,F095-API-001;F095-API-002,F095-E2E-001;F095-E2E-002,F095-UAT-001;F095-UAT-002,APPROVED,8,APPROVED,F095-PFC-01;F095-PFC-02;F095-PFC-03;F095-PFC-04;F095-PFC-05;F095-PFC-06;F095-PFC-07;F095-PFC-08;F095-PFC-09;F095-PFC-10,F095-STM-01;F095-STM-02;F095-STM-03;F095-STM-04;F095-STM-05,APPROVED,PFD-BM-F095-1;PFD-BM-F095-2,APPROVED,services/api/src/modules/procurement,apps/web/src/modules/procurement,READ_ONLY,W05,PVT-F095-CAP-001;PVT-F095-CAP-002;PVT-F095-CAP-003;TST-F095-FR-001;PVT-F095-FR-001;TST-F095-FR-002;PVT-F095-FR-002;TST-F095-FR-003;PVT-F095-FR-003;PVT-F095-US-001;PVT-F095-US-002;PVT-F095-FLOW-001;PVT-F095-FLOW-002;TST-F095-BR-001;PVT-F095-BR-001;TST-F095-BR-002;PVT-F095-BR-002;PVT-F095-DATA-001;PVT-F095-DATA-002;TST-F095-VAL-001;PVT-F095-VAL-001;TST-F095-VAL-002;PVT-F095-VAL-002;TST-F095-CALC-001;PVT-F095-CALC-001;PVT-F095-UX-001;PVT-F095-UX-002;PVT-F095-UX-003;TST-F095-SEC-001;PVT-F095-SEC-001;TST-F095-SEC-002;PVT-F095-SEC-002;PVT-F095-AUTO-001;PVT-F095-APP-001;PVT-F095-NOTIF-001;PVT-F095-REP-001;PVT-F095-AI-001;TST-F095-INT-001;PVT-F095-INT-001;TST-F095-INT-002;PVT-F095-INT-002;TST-F095-API-001;PVT-F095-API-001;TST-F095-API-002;PVT-F095-API-002;TST-F095-PERF-001;PVT-F095-PERF-001;TST-F095-OBS-001;PVT-F095-OBS-001;TST-F095-E2E-001;PVT-F095-E2E-001;TST-F095-E2E-002;PVT-F095-E2E-002;TST-F095-UAT-001;PVT-F095-UAT-001;TST-F095-UAT-002;PVT-F095-UAT-002,AUTHORIZED_BY_PASS_F_SUBJECT_TO_WAVE_DEPENDENCIES,NOT_READY
F096,Procurement dashboard,Procurement,docs/03-modules/procurement/features/F096-procurement-dashboard.md,F096-CAP-001;F096-CAP-002;F096-CAP-003,F096-FLOW-001;F096-FLOW-002,F096-BR-001;F096-BR-002,F096-DATA-001;F096-DATA-002,F096-VAL-001;F096-VAL-002,F096-CALC-001,F096-UX-001;F096-UX-002;F096-UX-003,F096-SEC-001;F096-SEC-002,F096-INT-001;F096-INT-002,F096-API-001;F096-API-002,F096-E2E-001;F096-E2E-002,F096-UAT-001;F096-UAT-002,APPROVED,8,APPROVED,F096-PFC-01;F096-PFC-02;F096-PFC-03;F096-PFC-04;F096-PFC-05;F096-PFC-06;F096-PFC-07;F096-PFC-08;F096-PFC-09;F096-PFC-10,F096-STM-01;F096-STM-02;F096-STM-03;F096-STM-04;F096-STM-05,APPROVED,PFD-BM-F096-1;PFD-BM-F096-2,APPROVED,services/api/src/modules/procurement,apps/web/src/modules/procurement,READ_ONLY,W05,PVT-F096-CAP-001;PVT-F096-CAP-002;PVT-F096-CAP-003;TST-F096-FR-001;PVT-F096-FR-001;TST-F096-FR-002;PVT-F096-FR-002;TST-F096-FR-003;PVT-F096-FR-003;PVT-F096-US-001;PVT-F096-US-002;PVT-F096-FLOW-001;PVT-F096-FLOW-002;TST-F096-BR-001;PVT-F096-BR-001;TST-F096-BR-002;PVT-F096-BR-002;PVT-F096-DATA-001;PVT-F096-DATA-002;TST-F096-VAL-001;PVT-F096-VAL-001;TST-F096-VAL-002;PVT-F096-VAL-002;TST-F096-CALC-001;PVT-F096-CALC-001;PVT-F096-UX-001;PVT-F096-UX-002;PVT-F096-UX-003;TST-F096-SEC-001;PVT-F096-SEC-001;TST-F096-SEC-002;PVT-F096-SEC-002;PVT-F096-AUTO-001;PVT-F096-APP-001;PVT-F096-NOTIF-001;PVT-F096-REP-001;PVT-F096-AI-001;TST-F096-INT-001;PVT-F096-INT-001;TST-F096-INT-002;PVT-F096-INT-002;TST-F096-API-001;PVT-F096-API-001;TST-F096-API-002;PVT-F096-API-002;TST-F096-PERF-001;PVT-F096-PERF-001;TST-F096-OBS-001;PVT-F096-OBS-001;TST-F096-E2E-001;PVT-F096-E2E-001;TST-F096-E2E-002;PVT-F096-E2E-002;TST-F096-UAT-001;PVT-F096-UAT-001;TST-F096-UAT-002;PVT-F096-UAT-002,AUTHORIZED_BY_PASS_F_SUBJECT_TO_WAVE_DEPENDENCIES,NOT_READY
F097,Item master,Stock / Inventory,docs/03-modules/stock/features/F097-item-master.md,F097-CAP-001;F097-CAP-002;F097-CAP-003,F097-FLOW-001;F097-FLOW-002,F097-BR-001;F097-BR-002,F097-DATA-001;F097-DATA-002,F097-VAL-001;F097-VAL-002,F097-CALC-001,F097-UX-001;F097-UX-002;F097-UX-003,F097-SEC-001;F097-SEC-002,F097-INT-001;F097-INT-002,F097-API-001;F097-API-002,F097-E2E-001;F097-E2E-002,F097-UAT-001;F097-UAT-002,APPROVED,8,APPROVED,F097-PFC-01;F097-PFC-02;F097-PFC-03;F097-PFC-04;F097-PFC-05;F097-PFC-06;F097-PFC-07;F097-PFC-08;F097-PFC-09;F097-PFC-10,F097-STM-01;F097-STM-02;F097-STM-03;F097-STM-04;F097-STM-05,APPROVED,PFD-BM-F097-1;PFD-BM-F097-2,APPROVED,services/api/src/modules/stock,apps/web/src/modules/stock,READ_ONLY,W05,PVT-F097-CAP-001;PVT-F097-CAP-002;PVT-F097-CAP-003;TST-F097-FR-001;PVT-F097-FR-001;TST-F097-FR-002;PVT-F097-FR-002;TST-F097-FR-003;PVT-F097-FR-003;PVT-F097-US-001;PVT-F097-US-002;PVT-F097-FLOW-001;PVT-F097-FLOW-002;TST-F097-BR-001;PVT-F097-BR-001;TST-F097-BR-002;PVT-F097-BR-002;PVT-F097-DATA-001;PVT-F097-DATA-002;TST-F097-VAL-001;PVT-F097-VAL-001;TST-F097-VAL-002;PVT-F097-VAL-002;TST-F097-CALC-001;PVT-F097-CALC-001;PVT-F097-UX-001;PVT-F097-UX-002;PVT-F097-UX-003;TST-F097-SEC-001;PVT-F097-SEC-001;TST-F097-SEC-002;PVT-F097-SEC-002;PVT-F097-AUTO-001;PVT-F097-APP-001;PVT-F097-NOTIF-001;PVT-F097-REP-001;PVT-F097-AI-001;TST-F097-INT-001;PVT-F097-INT-001;TST-F097-INT-002;PVT-F097-INT-002;TST-F097-API-001;PVT-F097-API-001;TST-F097-API-002;PVT-F097-API-002;TST-F097-PERF-001;PVT-F097-PERF-001;TST-F097-OBS-001;PVT-F097-OBS-001;TST-F097-E2E-001;PVT-F097-E2E-001;TST-F097-E2E-002;PVT-F097-E2E-002;TST-F097-UAT-001;PVT-F097-UAT-001;TST-F097-UAT-002;PVT-F097-UAT-002,AUTHORIZED_BY_PASS_F_SUBJECT_TO_WAVE_DEPENDENCIES,NOT_READY
F098,Item categories,Stock / Inventory,docs/03-modules/stock/features/F098-item-categories.md,F098-CAP-001;F098-CAP-002;F098-CAP-003,F098-FLOW-001;F098-FLOW-002,F098-BR-001;F098-BR-002,F098-DATA-001;F098-DATA-002,F098-VAL-001;F098-VAL-002,F098-CALC-001,F098-UX-001;F098-UX-002;F098-UX-003,F098-SEC-001;F098-SEC-002,F098-INT-001;F098-INT-002,F098-API-001;F098-API-002,F098-E2E-001;F098-E2E-002,F098-UAT-001;F098-UAT-002,APPROVED,8,APPROVED,F098-PFC-01;F098-PFC-02;F098-PFC-03;F098-PFC-04;F098-PFC-05;F098-PFC-06;F098-PFC-07;F098-PFC-08;F098-PFC-09;F098-PFC-10,F098-STM-01;F098-STM-02;F098-STM-03;F098-STM-04;F098-STM-05,APPROVED,PFD-BM-F098-1;PFD-BM-F098-2,APPROVED,services/api/src/modules/stock,apps/web/src/modules/stock,READ_ONLY,W05,PVT-F098-CAP-001;PVT-F098-CAP-002;PVT-F098-CAP-003;TST-F098-FR-001;PVT-F098-FR-001;TST-F098-FR-002;PVT-F098-FR-002;TST-F098-FR-003;PVT-F098-FR-003;PVT-F098-US-001;PVT-F098-US-002;PVT-F098-FLOW-001;PVT-F098-FLOW-002;TST-F098-BR-001;PVT-F098-BR-001;TST-F098-BR-002;PVT-F098-BR-002;PVT-F098-DATA-001;PVT-F098-DATA-002;TST-F098-VAL-001;PVT-F098-VAL-001;TST-F098-VAL-002;PVT-F098-VAL-002;TST-F098-CALC-001;PVT-F098-CALC-001;PVT-F098-UX-001;PVT-F098-UX-002;PVT-F098-UX-003;TST-F098-SEC-001;PVT-F098-SEC-001;TST-F098-SEC-002;PVT-F098-SEC-002;PVT-F098-AUTO-001;PVT-F098-APP-001;PVT-F098-NOTIF-001;PVT-F098-REP-001;PVT-F098-AI-001;TST-F098-INT-001;PVT-F098-INT-001;TST-F098-INT-002;PVT-F098-INT-002;TST-F098-API-001;PVT-F098-API-001;TST-F098-API-002;PVT-F098-API-002;TST-F098-PERF-001;PVT-F098-PERF-001;TST-F098-OBS-001;PVT-F098-OBS-001;TST-F098-E2E-001;PVT-F098-E2E-001;TST-F098-E2E-002;PVT-F098-E2E-002;TST-F098-UAT-001;PVT-F098-UAT-001;TST-F098-UAT-002;PVT-F098-UAT-002,AUTHORIZED_BY_PASS_F_SUBJECT_TO_WAVE_DEPENDENCIES,NOT_READY
F099,SKUs,Stock / Inventory,docs/03-modules/stock/features/F099-skus.md,F099-CAP-001;F099-CAP-002;F099-CAP-003,F099-FLOW-001;F099-FLOW-002,F099-BR-001;F099-BR-002,F099-DATA-001;F099-DATA-002,F099-VAL-001;F099-VAL-002,F099-CALC-001,F099-UX-001;F099-UX-002;F099-UX-003,F099-SEC-001;F099-SEC-002,F099-INT-001;F099-INT-002,F099-API-001;F099-API-002,F099-E2E-001;F099-E2E-002,F099-UAT-001;F099-UAT-002,APPROVED,8,APPROVED,F099-PFC-01;F099-PFC-02;F099-PFC-03;F099-PFC-04;F099-PFC-05;F099-PFC-06;F099-PFC-07;F099-PFC-08;F099-PFC-09;F099-PFC-10,F099-STM-01;F099-STM-02;F099-STM-03;F099-STM-04;F099-STM-05,APPROVED,PFD-BM-F099-1;PFD-BM-F099-2,APPROVED,services/api/src/modules/stock,apps/web/src/modules/stock,READ_ONLY,W05,PVT-F099-CAP-001;PVT-F099-CAP-002;PVT-F099-CAP-003;TST-F099-FR-001;PVT-F099-FR-001;TST-F099-FR-002;PVT-F099-FR-002;TST-F099-FR-003;PVT-F099-FR-003;PVT-F099-US-001;PVT-F099-US-002;PVT-F099-FLOW-001;PVT-F099-FLOW-002;TST-F099-BR-001;PVT-F099-BR-001;TST-F099-BR-002;PVT-F099-BR-002;PVT-F099-DATA-001;PVT-F099-DATA-002;TST-F099-VAL-001;PVT-F099-VAL-001;TST-F099-VAL-002;PVT-F099-VAL-002;TST-F099-CALC-001;PVT-F099-CALC-001;PVT-F099-UX-001;PVT-F099-UX-002;PVT-F099-UX-003;TST-F099-SEC-001;PVT-F099-SEC-001;TST-F099-SEC-002;PVT-F099-SEC-002;PVT-F099-AUTO-001;PVT-F099-APP-001;PVT-F099-NOTIF-001;PVT-F099-REP-001;PVT-F099-AI-001;TST-F099-INT-001;PVT-F099-INT-001;TST-F099-INT-002;PVT-F099-INT-002;TST-F099-API-001;PVT-F099-API-001;TST-F099-API-002;PVT-F099-API-002;TST-F099-PERF-001;PVT-F099-PERF-001;TST-F099-OBS-001;PVT-F099-OBS-001;TST-F099-E2E-001;PVT-F099-E2E-001;TST-F099-E2E-002;PVT-F099-E2E-002;TST-F099-UAT-001;PVT-F099-UAT-001;TST-F099-UAT-002;PVT-F099-UAT-002,AUTHORIZED_BY_PASS_F_SUBJECT_TO_WAVE_DEPENDENCIES,NOT_READY
F100,Variants,Stock / Inventory,docs/03-modules/stock/features/F100-variants.md,F100-CAP-001;F100-CAP-002;F100-CAP-003,F100-FLOW-001;F100-FLOW-002,F100-BR-001;F100-BR-002,F100-DATA-001;F100-DATA-002,F100-VAL-001;F100-VAL-002,F100-CALC-001,F100-UX-001;F100-UX-002;F100-UX-003,F100-SEC-001;F100-SEC-002,F100-INT-001;F100-INT-002,F100-API-001;F100-API-002,F100-E2E-001;F100-E2E-002,F100-UAT-001;F100-UAT-002,APPROVED,8,APPROVED,F100-PFC-01;F100-PFC-02;F100-PFC-03;F100-PFC-04;F100-PFC-05;F100-PFC-06;F100-PFC-07;F100-PFC-08;F100-PFC-09;F100-PFC-10,F100-STM-01;F100-STM-02;F100-STM-03;F100-STM-04;F100-STM-05,APPROVED,PFD-BM-F100-1;PFD-BM-F100-2,APPROVED,services/api/src/modules/stock,apps/web/src/modules/stock,READ_ONLY,W05,PVT-F100-CAP-001;PVT-F100-CAP-002;PVT-F100-CAP-003;TST-F100-FR-001;PVT-F100-FR-001;TST-F100-FR-002;PVT-F100-FR-002;TST-F100-FR-003;PVT-F100-FR-003;PVT-F100-US-001;PVT-F100-US-002;PVT-F100-FLOW-001;PVT-F100-FLOW-002;TST-F100-BR-001;PVT-F100-BR-001;TST-F100-BR-002;PVT-F100-BR-002;PVT-F100-DATA-001;PVT-F100-DATA-002;TST-F100-VAL-001;PVT-F100-VAL-001;TST-F100-VAL-002;PVT-F100-VAL-002;TST-F100-CALC-001;PVT-F100-CALC-001;PVT-F100-UX-001;PVT-F100-UX-002;PVT-F100-UX-003;TST-F100-SEC-001;PVT-F100-SEC-001;TST-F100-SEC-002;PVT-F100-SEC-002;PVT-F100-AUTO-001;PVT-F100-APP-001;PVT-F100-NOTIF-001;PVT-F100-REP-001;PVT-F100-AI-001;TST-F100-INT-001;PVT-F100-INT-001;TST-F100-INT-002;PVT-F100-INT-002;TST-F100-API-001;PVT-F100-API-001;TST-F100-API-002;PVT-F100-API-002;TST-F100-PERF-001;PVT-F100-PERF-001;TST-F100-OBS-001;PVT-F100-OBS-001;TST-F100-E2E-001;PVT-F100-E2E-001;TST-F100-E2E-002;PVT-F100-E2E-002;TST-F100-UAT-001;PVT-F100-UAT-001;TST-F100-UAT-002;PVT-F100-UAT-002,AUTHORIZED_BY_PASS_F_SUBJECT_TO_WAVE_DEPENDENCIES,NOT_READY
F101,Multiple units of measure,Stock / Inventory,docs/03-modules/stock/features/F101-multiple-units-of-measure.md,F101-CAP-001;F101-CAP-002;F101-CAP-003,F101-FLOW-001;F101-FLOW-002,F101-BR-001;F101-BR-002,F101-DATA-001;F101-DATA-002,F101-VAL-001;F101-VAL-002,F101-CALC-001,F101-UX-001;F101-UX-002;F101-UX-003,F101-SEC-001;F101-SEC-002,F101-INT-001;F101-INT-002,F101-API-001;F101-API-002,F101-E2E-001;F101-E2E-002,F101-UAT-001;F101-UAT-002,APPROVED,8,APPROVED,F101-PFC-01;F101-PFC-02;F101-PFC-03;F101-PFC-04;F101-PFC-05;F101-PFC-06;F101-PFC-07;F101-PFC-08;F101-PFC-09;F101-PFC-10,F101-STM-01;F101-STM-02;F101-STM-03;F101-STM-04;F101-STM-05,APPROVED,PFD-BM-F101-1;PFD-BM-F101-2,APPROVED,services/api/src/modules/stock,apps/web/src/modules/stock,READ_ONLY,W05,PVT-F101-CAP-001;PVT-F101-CAP-002;PVT-F101-CAP-003;TST-F101-FR-001;PVT-F101-FR-001;TST-F101-FR-002;PVT-F101-FR-002;TST-F101-FR-003;PVT-F101-FR-003;PVT-F101-US-001;PVT-F101-US-002;PVT-F101-FLOW-001;PVT-F101-FLOW-002;TST-F101-BR-001;PVT-F101-BR-001;TST-F101-BR-002;PVT-F101-BR-002;PVT-F101-DATA-001;PVT-F101-DATA-002;TST-F101-VAL-001;PVT-F101-VAL-001;TST-F101-VAL-002;PVT-F101-VAL-002;TST-F101-CALC-001;PVT-F101-CALC-001;PVT-F101-UX-001;PVT-F101-UX-002;PVT-F101-UX-003;TST-F101-SEC-001;PVT-F101-SEC-001;TST-F101-SEC-002;PVT-F101-SEC-002;PVT-F101-AUTO-001;PVT-F101-APP-001;PVT-F101-NOTIF-001;PVT-F101-REP-001;PVT-F101-AI-001;TST-F101-INT-001;PVT-F101-INT-001;TST-F101-INT-002;PVT-F101-INT-002;TST-F101-API-001;PVT-F101-API-001;TST-F101-API-002;PVT-F101-API-002;TST-F101-PERF-001;PVT-F101-PERF-001;TST-F101-OBS-001;PVT-F101-OBS-001;TST-F101-E2E-001;PVT-F101-E2E-001;TST-F101-E2E-002;PVT-F101-E2E-002;TST-F101-UAT-001;PVT-F101-UAT-001;TST-F101-UAT-002;PVT-F101-UAT-002,AUTHORIZED_BY_PASS_F_SUBJECT_TO_WAVE_DEPENDENCIES,NOT_READY
F102,UOM conversions,Stock / Inventory,docs/03-modules/stock/features/F102-uom-conversions.md,F102-CAP-001;F102-CAP-002;F102-CAP-003,F102-FLOW-001;F102-FLOW-002,F102-BR-001;F102-BR-002,F102-DATA-001;F102-DATA-002,F102-VAL-001;F102-VAL-002,F102-CALC-001,F102-UX-001;F102-UX-002;F102-UX-003,F102-SEC-001;F102-SEC-002,F102-INT-001;F102-INT-002,F102-API-001;F102-API-002,F102-E2E-001;F102-E2E-002,F102-UAT-001;F102-UAT-002,APPROVED,8,APPROVED,F102-PFC-01;F102-PFC-02;F102-PFC-03;F102-PFC-04;F102-PFC-05;F102-PFC-06;F102-PFC-07;F102-PFC-08;F102-PFC-09;F102-PFC-10,F102-STM-01;F102-STM-02;F102-STM-03;F102-STM-04;F102-STM-05,APPROVED,PFD-BM-F102-1;PFD-BM-F102-2,APPROVED,services/api/src/modules/stock,apps/web/src/modules/stock,READ_ONLY,W05,PVT-F102-CAP-001;PVT-F102-CAP-002;PVT-F102-CAP-003;TST-F102-FR-001;PVT-F102-FR-001;TST-F102-FR-002;PVT-F102-FR-002;TST-F102-FR-003;PVT-F102-FR-003;PVT-F102-US-001;PVT-F102-US-002;PVT-F102-FLOW-001;PVT-F102-FLOW-002;TST-F102-BR-001;PVT-F102-BR-001;TST-F102-BR-002;PVT-F102-BR-002;PVT-F102-DATA-001;PVT-F102-DATA-002;TST-F102-VAL-001;PVT-F102-VAL-001;TST-F102-VAL-002;PVT-F102-VAL-002;TST-F102-CALC-001;PVT-F102-CALC-001;PVT-F102-UX-001;PVT-F102-UX-002;PVT-F102-UX-003;TST-F102-SEC-001;PVT-F102-SEC-001;TST-F102-SEC-002;PVT-F102-SEC-002;PVT-F102-AUTO-001;PVT-F102-APP-001;PVT-F102-NOTIF-001;PVT-F102-REP-001;PVT-F102-AI-001;TST-F102-INT-001;PVT-F102-INT-001;TST-F102-INT-002;PVT-F102-INT-002;TST-F102-API-001;PVT-F102-API-001;TST-F102-API-002;PVT-F102-API-002;TST-F102-PERF-001;PVT-F102-PERF-001;TST-F102-OBS-001;PVT-F102-OBS-001;TST-F102-E2E-001;PVT-F102-E2E-001;TST-F102-E2E-002;PVT-F102-E2E-002;TST-F102-UAT-001;PVT-F102-UAT-001;TST-F102-UAT-002;PVT-F102-UAT-002,AUTHORIZED_BY_PASS_F_SUBJECT_TO_WAVE_DEPENDENCIES,NOT_READY
F103,Warehouses,Stock / Inventory,docs/03-modules/stock/features/F103-warehouses.md,F103-CAP-001;F103-CAP-002;F103-CAP-003,F103-FLOW-001;F103-FLOW-002,F103-BR-001;F103-BR-002,F103-DATA-001;F103-DATA-002,F103-VAL-001;F103-VAL-002,F103-CALC-001,F103-UX-001;F103-UX-002;F103-UX-003,F103-SEC-001;F103-SEC-002,F103-INT-001;F103-INT-002,F103-API-001;F103-API-002,F103-E2E-001;F103-E2E-002,F103-UAT-001;F103-UAT-002,APPROVED,8,APPROVED,F103-PFC-01;F103-PFC-02;F103-PFC-03;F103-PFC-04;F103-PFC-05;F103-PFC-06;F103-PFC-07;F103-PFC-08;F103-PFC-09;F103-PFC-10,F103-STM-01;F103-STM-02;F103-STM-03;F103-STM-04;F103-STM-05,APPROVED,PFD-BM-F103-1;PFD-BM-F103-2,APPROVED,services/api/src/modules/stock,apps/web/src/modules/stock,READ_ONLY,W05,PVT-F103-CAP-001;PVT-F103-CAP-002;PVT-F103-CAP-003;TST-F103-FR-001;PVT-F103-FR-001;TST-F103-FR-002;PVT-F103-FR-002;TST-F103-FR-003;PVT-F103-FR-003;PVT-F103-US-001;PVT-F103-US-002;PVT-F103-FLOW-001;PVT-F103-FLOW-002;TST-F103-BR-001;PVT-F103-BR-001;TST-F103-BR-002;PVT-F103-BR-002;PVT-F103-DATA-001;PVT-F103-DATA-002;TST-F103-VAL-001;PVT-F103-VAL-001;TST-F103-VAL-002;PVT-F103-VAL-002;TST-F103-CALC-001;PVT-F103-CALC-001;PVT-F103-UX-001;PVT-F103-UX-002;PVT-F103-UX-003;TST-F103-SEC-001;PVT-F103-SEC-001;TST-F103-SEC-002;PVT-F103-SEC-002;PVT-F103-AUTO-001;PVT-F103-APP-001;PVT-F103-NOTIF-001;PVT-F103-REP-001;PVT-F103-AI-001;TST-F103-INT-001;PVT-F103-INT-001;TST-F103-INT-002;PVT-F103-INT-002;TST-F103-API-001;PVT-F103-API-001;TST-F103-API-002;PVT-F103-API-002;TST-F103-PERF-001;PVT-F103-PERF-001;TST-F103-OBS-001;PVT-F103-OBS-001;TST-F103-E2E-001;PVT-F103-E2E-001;TST-F103-E2E-002;PVT-F103-E2E-002;TST-F103-UAT-001;PVT-F103-UAT-001;TST-F103-UAT-002;PVT-F103-UAT-002,AUTHORIZED_BY_PASS_F_SUBJECT_TO_WAVE_DEPENDENCIES,NOT_READY
F104,Warehouse locations and bins,Stock / Inventory,docs/03-modules/stock/features/F104-warehouse-locations-and-bins.md,F104-CAP-001;F104-CAP-002;F104-CAP-003,F104-FLOW-001;F104-FLOW-002,F104-BR-001;F104-BR-002,F104-DATA-001;F104-DATA-002,F104-VAL-001;F104-VAL-002,F104-CALC-001,F104-UX-001;F104-UX-002;F104-UX-003,F104-SEC-001;F104-SEC-002,F104-INT-001;F104-INT-002,F104-API-001;F104-API-002,F104-E2E-001;F104-E2E-002,F104-UAT-001;F104-UAT-002,APPROVED,8,APPROVED,F104-PFC-01;F104-PFC-02;F104-PFC-03;F104-PFC-04;F104-PFC-05;F104-PFC-06;F104-PFC-07;F104-PFC-08;F104-PFC-09;F104-PFC-10,F104-STM-01;F104-STM-02;F104-STM-03;F104-STM-04;F104-STM-05,APPROVED,PFD-BM-F104-1;PFD-BM-F104-2,APPROVED,services/api/src/modules/stock,apps/web/src/modules/stock,READ_ONLY,W05,PVT-F104-CAP-001;PVT-F104-CAP-002;PVT-F104-CAP-003;TST-F104-FR-001;PVT-F104-FR-001;TST-F104-FR-002;PVT-F104-FR-002;TST-F104-FR-003;PVT-F104-FR-003;PVT-F104-US-001;PVT-F104-US-002;PVT-F104-FLOW-001;PVT-F104-FLOW-002;TST-F104-BR-001;PVT-F104-BR-001;TST-F104-BR-002;PVT-F104-BR-002;PVT-F104-DATA-001;PVT-F104-DATA-002;TST-F104-VAL-001;PVT-F104-VAL-001;TST-F104-VAL-002;PVT-F104-VAL-002;TST-F104-CALC-001;PVT-F104-CALC-001;PVT-F104-UX-001;PVT-F104-UX-002;PVT-F104-UX-003;TST-F104-SEC-001;PVT-F104-SEC-001;TST-F104-SEC-002;PVT-F104-SEC-002;PVT-F104-AUTO-001;PVT-F104-APP-001;PVT-F104-NOTIF-001;PVT-F104-REP-001;PVT-F104-AI-001;TST-F104-INT-001;PVT-F104-INT-001;TST-F104-INT-002;PVT-F104-INT-002;TST-F104-API-001;PVT-F104-API-001;TST-F104-API-002;PVT-F104-API-002;TST-F104-PERF-001;PVT-F104-PERF-001;TST-F104-OBS-001;PVT-F104-OBS-001;TST-F104-E2E-001;PVT-F104-E2E-001;TST-F104-E2E-002;PVT-F104-E2E-002;TST-F104-UAT-001;PVT-F104-UAT-001;TST-F104-UAT-002;PVT-F104-UAT-002,AUTHORIZED_BY_PASS_F_SUBJECT_TO_WAVE_DEPENDENCIES,NOT_READY
F105,Multi-warehouse inventory,Stock / Inventory,docs/03-modules/stock/features/F105-multi-warehouse-inventory.md,F105-CAP-001;F105-CAP-002;F105-CAP-003,F105-FLOW-001;F105-FLOW-002,F105-BR-001;F105-BR-002,F105-DATA-001;F105-DATA-002,F105-VAL-001;F105-VAL-002,F105-CALC-001,F105-UX-001;F105-UX-002;F105-UX-003,F105-SEC-001;F105-SEC-002,F105-INT-001;F105-INT-002,F105-API-001;F105-API-002,F105-E2E-001;F105-E2E-002,F105-UAT-001;F105-UAT-002,APPROVED,8,APPROVED,F105-PFC-01;F105-PFC-02;F105-PFC-03;F105-PFC-04;F105-PFC-05;F105-PFC-06;F105-PFC-07;F105-PFC-08;F105-PFC-09;F105-PFC-10,F105-STM-01;F105-STM-02;F105-STM-03;F105-STM-04;F105-STM-05,APPROVED,PFD-BM-F105-1;PFD-BM-F105-2,APPROVED,services/api/src/modules/stock,apps/web/src/modules/stock,READ_ONLY,W05,PVT-F105-CAP-001;PVT-F105-CAP-002;PVT-F105-CAP-003;TST-F105-FR-001;PVT-F105-FR-001;TST-F105-FR-002;PVT-F105-FR-002;TST-F105-FR-003;PVT-F105-FR-003;PVT-F105-US-001;PVT-F105-US-002;PVT-F105-FLOW-001;PVT-F105-FLOW-002;TST-F105-BR-001;PVT-F105-BR-001;TST-F105-BR-002;PVT-F105-BR-002;PVT-F105-DATA-001;PVT-F105-DATA-002;TST-F105-VAL-001;PVT-F105-VAL-001;TST-F105-VAL-002;PVT-F105-VAL-002;TST-F105-CALC-001;PVT-F105-CALC-001;PVT-F105-UX-001;PVT-F105-UX-002;PVT-F105-UX-003;TST-F105-SEC-001;PVT-F105-SEC-001;TST-F105-SEC-002;PVT-F105-SEC-002;PVT-F105-AUTO-001;PVT-F105-APP-001;PVT-F105-NOTIF-001;PVT-F105-REP-001;PVT-F105-AI-001;TST-F105-INT-001;PVT-F105-INT-001;TST-F105-INT-002;PVT-F105-INT-002;TST-F105-API-001;PVT-F105-API-001;TST-F105-API-002;PVT-F105-API-002;TST-F105-PERF-001;PVT-F105-PERF-001;TST-F105-OBS-001;PVT-F105-OBS-001;TST-F105-E2E-001;PVT-F105-E2E-001;TST-F105-E2E-002;PVT-F105-E2E-002;TST-F105-UAT-001;PVT-F105-UAT-001;TST-F105-UAT-002;PVT-F105-UAT-002,AUTHORIZED_BY_PASS_F_SUBJECT_TO_WAVE_DEPENDENCIES,NOT_READY
F106,Real-time stock balance,Stock / Inventory,docs/03-modules/stock/features/F106-real-time-stock-balance.md,F106-CAP-001;F106-CAP-002;F106-CAP-003,F106-FLOW-001;F106-FLOW-002,F106-BR-001;F106-BR-002,F106-DATA-001;F106-DATA-002,F106-VAL-001;F106-VAL-002,F106-CALC-001,F106-UX-001;F106-UX-002;F106-UX-003,F106-SEC-001;F106-SEC-002,F106-INT-001;F106-INT-002,F106-API-001;F106-API-002,F106-E2E-001;F106-E2E-002,F106-UAT-001;F106-UAT-002,APPROVED,8,APPROVED,F106-PFC-01;F106-PFC-02;F106-PFC-03;F106-PFC-04;F106-PFC-05;F106-PFC-06;F106-PFC-07;F106-PFC-08;F106-PFC-09;F106-PFC-10,F106-STM-01;F106-STM-02;F106-STM-03;F106-STM-04;F106-STM-05,APPROVED,PFD-BM-F106-1;PFD-BM-F106-2,APPROVED,services/api/src/modules/stock,apps/web/src/modules/stock,READ_ONLY,W05,PVT-F106-CAP-001;PVT-F106-CAP-002;PVT-F106-CAP-003;TST-F106-FR-001;PVT-F106-FR-001;TST-F106-FR-002;PVT-F106-FR-002;TST-F106-FR-003;PVT-F106-FR-003;PVT-F106-US-001;PVT-F106-US-002;PVT-F106-FLOW-001;PVT-F106-FLOW-002;TST-F106-BR-001;PVT-F106-BR-001;TST-F106-BR-002;PVT-F106-BR-002;PVT-F106-DATA-001;PVT-F106-DATA-002;TST-F106-VAL-001;PVT-F106-VAL-001;TST-F106-VAL-002;PVT-F106-VAL-002;TST-F106-CALC-001;PVT-F106-CALC-001;PVT-F106-UX-001;PVT-F106-UX-002;PVT-F106-UX-003;TST-F106-SEC-001;PVT-F106-SEC-001;TST-F106-SEC-002;PVT-F106-SEC-002;PVT-F106-AUTO-001;PVT-F106-APP-001;PVT-F106-NOTIF-001;PVT-F106-REP-001;PVT-F106-AI-001;TST-F106-INT-001;PVT-F106-INT-001;TST-F106-INT-002;PVT-F106-INT-002;TST-F106-API-001;PVT-F106-API-001;TST-F106-API-002;PVT-F106-API-002;TST-F106-PERF-001;PVT-F106-PERF-001;TST-F106-OBS-001;PVT-F106-OBS-001;TST-F106-E2E-001;PVT-F106-E2E-001;TST-F106-E2E-002;PVT-F106-E2E-002;TST-F106-UAT-001;PVT-F106-UAT-001;TST-F106-UAT-002;PVT-F106-UAT-002,AUTHORIZED_BY_PASS_F_SUBJECT_TO_WAVE_DEPENDENCIES,NOT_READY
F107,Stock ledger,Stock / Inventory,docs/03-modules/stock/features/F107-stock-ledger.md,F107-CAP-001;F107-CAP-002;F107-CAP-003,F107-FLOW-001;F107-FLOW-002,F107-BR-001;F107-BR-002,F107-DATA-001;F107-DATA-002,F107-VAL-001;F107-VAL-002,F107-CALC-001,F107-UX-001;F107-UX-002;F107-UX-003,F107-SEC-001;F107-SEC-002,F107-INT-001;F107-INT-002,F107-API-001;F107-API-002,F107-E2E-001;F107-E2E-002,F107-UAT-001;F107-UAT-002,APPROVED,8,APPROVED,F107-PFC-01;F107-PFC-02;F107-PFC-03;F107-PFC-04;F107-PFC-05;F107-PFC-06;F107-PFC-07;F107-PFC-08;F107-PFC-09;F107-PFC-10,F107-STM-01;F107-STM-02;F107-STM-03;F107-STM-04;F107-STM-05,APPROVED,PFD-BM-F107-1;PFD-BM-F107-2,APPROVED,services/api/src/modules/stock,apps/web/src/modules/stock,READ_ONLY,W05,PVT-F107-CAP-001;PVT-F107-CAP-002;PVT-F107-CAP-003;TST-F107-FR-001;PVT-F107-FR-001;TST-F107-FR-002;PVT-F107-FR-002;TST-F107-FR-003;PVT-F107-FR-003;PVT-F107-US-001;PVT-F107-US-002;PVT-F107-FLOW-001;PVT-F107-FLOW-002;TST-F107-BR-001;PVT-F107-BR-001;TST-F107-BR-002;PVT-F107-BR-002;PVT-F107-DATA-001;PVT-F107-DATA-002;TST-F107-VAL-001;PVT-F107-VAL-001;TST-F107-VAL-002;PVT-F107-VAL-002;TST-F107-CALC-001;PVT-F107-CALC-001;PVT-F107-UX-001;PVT-F107-UX-002;PVT-F107-UX-003;TST-F107-SEC-001;PVT-F107-SEC-001;TST-F107-SEC-002;PVT-F107-SEC-002;PVT-F107-AUTO-001;PVT-F107-APP-001;PVT-F107-NOTIF-001;PVT-F107-REP-001;PVT-F107-AI-001;TST-F107-INT-001;PVT-F107-INT-001;TST-F107-INT-002;PVT-F107-INT-002;TST-F107-API-001;PVT-F107-API-001;TST-F107-API-002;PVT-F107-API-002;TST-F107-PERF-001;PVT-F107-PERF-001;TST-F107-OBS-001;PVT-F107-OBS-001;TST-F107-E2E-001;PVT-F107-E2E-001;TST-F107-E2E-002;PVT-F107-E2E-002;TST-F107-UAT-001;PVT-F107-UAT-001;TST-F107-UAT-002;PVT-F107-UAT-002,AUTHORIZED_BY_PASS_F_SUBJECT_TO_WAVE_DEPENDENCIES,NOT_READY
F108,Goods receipts,Stock / Inventory,docs/03-modules/stock/features/F108-goods-receipts.md,F108-CAP-001;F108-CAP-002;F108-CAP-003,F108-FLOW-001;F108-FLOW-002,F108-BR-001;F108-BR-002,F108-DATA-001;F108-DATA-002,F108-VAL-001;F108-VAL-002,F108-CALC-001,F108-UX-001;F108-UX-002;F108-UX-003,F108-SEC-001;F108-SEC-002,F108-INT-001;F108-INT-002,F108-API-001;F108-API-002,F108-E2E-001;F108-E2E-002,F108-UAT-001;F108-UAT-002,APPROVED,8,APPROVED,F108-PFC-01;F108-PFC-02;F108-PFC-03;F108-PFC-04;F108-PFC-05;F108-PFC-06;F108-PFC-07;F108-PFC-08;F108-PFC-09;F108-PFC-10,F108-STM-01;F108-STM-02;F108-STM-03;F108-STM-04;F108-STM-05,APPROVED,PFD-BM-F108-1;PFD-BM-F108-2,APPROVED,services/api/src/modules/stock,apps/web/src/modules/stock,FIELD_OPTIMIZED,W05,PVT-F108-CAP-001;PVT-F108-CAP-002;PVT-F108-CAP-003;TST-F108-FR-001;PVT-F108-FR-001;TST-F108-FR-002;PVT-F108-FR-002;TST-F108-FR-003;PVT-F108-FR-003;PVT-F108-US-001;PVT-F108-US-002;PVT-F108-FLOW-001;PVT-F108-FLOW-002;TST-F108-BR-001;PVT-F108-BR-001;TST-F108-BR-002;PVT-F108-BR-002;PVT-F108-DATA-001;PVT-F108-DATA-002;TST-F108-VAL-001;PVT-F108-VAL-001;TST-F108-VAL-002;PVT-F108-VAL-002;TST-F108-CALC-001;PVT-F108-CALC-001;PVT-F108-UX-001;PVT-F108-UX-002;PVT-F108-UX-003;TST-F108-SEC-001;PVT-F108-SEC-001;TST-F108-SEC-002;PVT-F108-SEC-002;PVT-F108-AUTO-001;PVT-F108-APP-001;PVT-F108-NOTIF-001;PVT-F108-REP-001;PVT-F108-AI-001;TST-F108-INT-001;PVT-F108-INT-001;TST-F108-INT-002;PVT-F108-INT-002;TST-F108-API-001;PVT-F108-API-001;TST-F108-API-002;PVT-F108-API-002;TST-F108-PERF-001;PVT-F108-PERF-001;TST-F108-OBS-001;PVT-F108-OBS-001;TST-F108-E2E-001;PVT-F108-E2E-001;TST-F108-E2E-002;PVT-F108-E2E-002;TST-F108-UAT-001;PVT-F108-UAT-001;TST-F108-UAT-002;PVT-F108-UAT-002,AUTHORIZED_BY_PASS_F_SUBJECT_TO_WAVE_DEPENDENCIES,NOT_READY
F109,Goods issues,Stock / Inventory,docs/03-modules/stock/features/F109-goods-issues.md,F109-CAP-001;F109-CAP-002;F109-CAP-003,F109-FLOW-001;F109-FLOW-002,F109-BR-001;F109-BR-002,F109-DATA-001;F109-DATA-002,F109-VAL-001;F109-VAL-002,F109-CALC-001,F109-UX-001;F109-UX-002;F109-UX-003,F109-SEC-001;F109-SEC-002,F109-INT-001;F109-INT-002,F109-API-001;F109-API-002,F109-E2E-001;F109-E2E-002,F109-UAT-001;F109-UAT-002,APPROVED,8,APPROVED,F109-PFC-01;F109-PFC-02;F109-PFC-03;F109-PFC-04;F109-PFC-05;F109-PFC-06;F109-PFC-07;F109-PFC-08;F109-PFC-09;F109-PFC-10,F109-STM-01;F109-STM-02;F109-STM-03;F109-STM-04;F109-STM-05,APPROVED,PFD-BM-F109-1;PFD-BM-F109-2,APPROVED,services/api/src/modules/stock,apps/web/src/modules/stock,FIELD_OPTIMIZED,W05,PVT-F109-CAP-001;PVT-F109-CAP-002;PVT-F109-CAP-003;TST-F109-FR-001;PVT-F109-FR-001;TST-F109-FR-002;PVT-F109-FR-002;TST-F109-FR-003;PVT-F109-FR-003;PVT-F109-US-001;PVT-F109-US-002;PVT-F109-FLOW-001;PVT-F109-FLOW-002;TST-F109-BR-001;PVT-F109-BR-001;TST-F109-BR-002;PVT-F109-BR-002;PVT-F109-DATA-001;PVT-F109-DATA-002;TST-F109-VAL-001;PVT-F109-VAL-001;TST-F109-VAL-002;PVT-F109-VAL-002;TST-F109-CALC-001;PVT-F109-CALC-001;PVT-F109-UX-001;PVT-F109-UX-002;PVT-F109-UX-003;TST-F109-SEC-001;PVT-F109-SEC-001;TST-F109-SEC-002;PVT-F109-SEC-002;PVT-F109-AUTO-001;PVT-F109-APP-001;PVT-F109-NOTIF-001;PVT-F109-REP-001;PVT-F109-AI-001;TST-F109-INT-001;PVT-F109-INT-001;TST-F109-INT-002;PVT-F109-INT-002;TST-F109-API-001;PVT-F109-API-001;TST-F109-API-002;PVT-F109-API-002;TST-F109-PERF-001;PVT-F109-PERF-001;TST-F109-OBS-001;PVT-F109-OBS-001;TST-F109-E2E-001;PVT-F109-E2E-001;TST-F109-E2E-002;PVT-F109-E2E-002;TST-F109-UAT-001;PVT-F109-UAT-001;TST-F109-UAT-002;PVT-F109-UAT-002,AUTHORIZED_BY_PASS_F_SUBJECT_TO_WAVE_DEPENDENCIES,NOT_READY
F110,Internal transfers,Stock / Inventory,docs/03-modules/stock/features/F110-internal-transfers.md,F110-CAP-001;F110-CAP-002;F110-CAP-003,F110-FLOW-001;F110-FLOW-002,F110-BR-001;F110-BR-002,F110-DATA-001;F110-DATA-002,F110-VAL-001;F110-VAL-002,F110-CALC-001,F110-UX-001;F110-UX-002;F110-UX-003,F110-SEC-001;F110-SEC-002,F110-INT-001;F110-INT-002,F110-API-001;F110-API-002,F110-E2E-001;F110-E2E-002,F110-UAT-001;F110-UAT-002,APPROVED,8,APPROVED,F110-PFC-01;F110-PFC-02;F110-PFC-03;F110-PFC-04;F110-PFC-05;F110-PFC-06;F110-PFC-07;F110-PFC-08;F110-PFC-09;F110-PFC-10,F110-STM-01;F110-STM-02;F110-STM-03;F110-STM-04;F110-STM-05,APPROVED,PFD-BM-F110-1;PFD-BM-F110-2,APPROVED,services/api/src/modules/stock,apps/web/src/modules/stock,FIELD_OPTIMIZED,W05,PVT-F110-CAP-001;PVT-F110-CAP-002;PVT-F110-CAP-003;TST-F110-FR-001;PVT-F110-FR-001;TST-F110-FR-002;PVT-F110-FR-002;TST-F110-FR-003;PVT-F110-FR-003;PVT-F110-US-001;PVT-F110-US-002;PVT-F110-FLOW-001;PVT-F110-FLOW-002;TST-F110-BR-001;PVT-F110-BR-001;TST-F110-BR-002;PVT-F110-BR-002;PVT-F110-DATA-001;PVT-F110-DATA-002;TST-F110-VAL-001;PVT-F110-VAL-001;TST-F110-VAL-002;PVT-F110-VAL-002;TST-F110-CALC-001;PVT-F110-CALC-001;PVT-F110-UX-001;PVT-F110-UX-002;PVT-F110-UX-003;TST-F110-SEC-001;PVT-F110-SEC-001;TST-F110-SEC-002;PVT-F110-SEC-002;PVT-F110-AUTO-001;PVT-F110-APP-001;PVT-F110-NOTIF-001;PVT-F110-REP-001;PVT-F110-AI-001;TST-F110-INT-001;PVT-F110-INT-001;TST-F110-INT-002;PVT-F110-INT-002;TST-F110-API-001;PVT-F110-API-001;TST-F110-API-002;PVT-F110-API-002;TST-F110-PERF-001;PVT-F110-PERF-001;TST-F110-OBS-001;PVT-F110-OBS-001;TST-F110-E2E-001;PVT-F110-E2E-001;TST-F110-E2E-002;PVT-F110-E2E-002;TST-F110-UAT-001;PVT-F110-UAT-001;TST-F110-UAT-002;PVT-F110-UAT-002,AUTHORIZED_BY_PASS_F_SUBJECT_TO_WAVE_DEPENDENCIES,NOT_READY
F111,Stock adjustments,Stock / Inventory,docs/03-modules/stock/features/F111-stock-adjustments.md,F111-CAP-001;F111-CAP-002;F111-CAP-003,F111-FLOW-001;F111-FLOW-002,F111-BR-001;F111-BR-002,F111-DATA-001;F111-DATA-002,F111-VAL-001;F111-VAL-002,F111-CALC-001,F111-UX-001;F111-UX-002;F111-UX-003,F111-SEC-001;F111-SEC-002,F111-INT-001;F111-INT-002,F111-API-001;F111-API-002,F111-E2E-001;F111-E2E-002,F111-UAT-001;F111-UAT-002,APPROVED,8,APPROVED,F111-PFC-01;F111-PFC-02;F111-PFC-03;F111-PFC-04;F111-PFC-05;F111-PFC-06;F111-PFC-07;F111-PFC-08;F111-PFC-09;F111-PFC-10,F111-STM-01;F111-STM-02;F111-STM-03;F111-STM-04;F111-STM-05,APPROVED,PFD-BM-F111-1;PFD-BM-F111-2,APPROVED,services/api/src/modules/stock,apps/web/src/modules/stock,READ_ONLY,W05,PVT-F111-CAP-001;PVT-F111-CAP-002;PVT-F111-CAP-003;TST-F111-FR-001;PVT-F111-FR-001;TST-F111-FR-002;PVT-F111-FR-002;TST-F111-FR-003;PVT-F111-FR-003;PVT-F111-US-001;PVT-F111-US-002;PVT-F111-FLOW-001;PVT-F111-FLOW-002;TST-F111-BR-001;PVT-F111-BR-001;TST-F111-BR-002;PVT-F111-BR-002;PVT-F111-DATA-001;PVT-F111-DATA-002;TST-F111-VAL-001;PVT-F111-VAL-001;TST-F111-VAL-002;PVT-F111-VAL-002;TST-F111-CALC-001;PVT-F111-CALC-001;PVT-F111-UX-001;PVT-F111-UX-002;PVT-F111-UX-003;TST-F111-SEC-001;PVT-F111-SEC-001;TST-F111-SEC-002;PVT-F111-SEC-002;PVT-F111-AUTO-001;PVT-F111-APP-001;PVT-F111-NOTIF-001;PVT-F111-REP-001;PVT-F111-AI-001;TST-F111-INT-001;PVT-F111-INT-001;TST-F111-INT-002;PVT-F111-INT-002;TST-F111-API-001;PVT-F111-API-001;TST-F111-API-002;PVT-F111-API-002;TST-F111-PERF-001;PVT-F111-PERF-001;TST-F111-OBS-001;PVT-F111-OBS-001;TST-F111-E2E-001;PVT-F111-E2E-001;TST-F111-E2E-002;PVT-F111-E2E-002;TST-F111-UAT-001;PVT-F111-UAT-001;TST-F111-UAT-002;PVT-F111-UAT-002,AUTHORIZED_BY_PASS_F_SUBJECT_TO_WAVE_DEPENDENCIES,NOT_READY
F112,Stock reservations,Stock / Inventory,docs/03-modules/stock/features/F112-stock-reservations.md,F112-CAP-001;F112-CAP-002;F112-CAP-003,F112-FLOW-001;F112-FLOW-002,F112-BR-001;F112-BR-002,F112-DATA-001;F112-DATA-002,F112-VAL-001;F112-VAL-002,F112-CALC-001,F112-UX-001;F112-UX-002;F112-UX-003,F112-SEC-001;F112-SEC-002,F112-INT-001;F112-INT-002,F112-API-001;F112-API-002,F112-E2E-001;F112-E2E-002,F112-UAT-001;F112-UAT-002,APPROVED,8,APPROVED,F112-PFC-01;F112-PFC-02;F112-PFC-03;F112-PFC-04;F112-PFC-05;F112-PFC-06;F112-PFC-07;F112-PFC-08;F112-PFC-09;F112-PFC-10,F112-STM-01;F112-STM-02;F112-STM-03;F112-STM-04;F112-STM-05,APPROVED,PFD-BM-F112-1;PFD-BM-F112-2,APPROVED,services/api/src/modules/stock,apps/web/src/modules/stock,READ_ONLY,W05,PVT-F112-CAP-001;PVT-F112-CAP-002;PVT-F112-CAP-003;TST-F112-FR-001;PVT-F112-FR-001;TST-F112-FR-002;PVT-F112-FR-002;TST-F112-FR-003;PVT-F112-FR-003;PVT-F112-US-001;PVT-F112-US-002;PVT-F112-FLOW-001;PVT-F112-FLOW-002;TST-F112-BR-001;PVT-F112-BR-001;TST-F112-BR-002;PVT-F112-BR-002;PVT-F112-DATA-001;PVT-F112-DATA-002;TST-F112-VAL-001;PVT-F112-VAL-001;TST-F112-VAL-002;PVT-F112-VAL-002;TST-F112-CALC-001;PVT-F112-CALC-001;PVT-F112-UX-001;PVT-F112-UX-002;PVT-F112-UX-003;TST-F112-SEC-001;PVT-F112-SEC-001;TST-F112-SEC-002;PVT-F112-SEC-002;PVT-F112-AUTO-001;PVT-F112-APP-001;PVT-F112-NOTIF-001;PVT-F112-REP-001;PVT-F112-AI-001;TST-F112-INT-001;PVT-F112-INT-001;TST-F112-INT-002;PVT-F112-INT-002;TST-F112-API-001;PVT-F112-API-001;TST-F112-API-002;PVT-F112-API-002;TST-F112-PERF-001;PVT-F112-PERF-001;TST-F112-OBS-001;PVT-F112-OBS-001;TST-F112-E2E-001;PVT-F112-E2E-001;TST-F112-E2E-002;PVT-F112-E2E-002;TST-F112-UAT-001;PVT-F112-UAT-001;TST-F112-UAT-002;PVT-F112-UAT-002,AUTHORIZED_BY_PASS_F_SUBJECT_TO_WAVE_DEPENDENCIES,NOT_READY
F113,Available stock,Stock / Inventory,docs/03-modules/stock/features/F113-available-stock.md,F113-CAP-001;F113-CAP-002;F113-CAP-003,F113-FLOW-001;F113-FLOW-002,F113-BR-001;F113-BR-002,F113-DATA-001;F113-DATA-002,F113-VAL-001;F113-VAL-002,F113-CALC-001,F113-UX-001;F113-UX-002;F113-UX-003,F113-SEC-001;F113-SEC-002,F113-INT-001;F113-INT-002,F113-API-001;F113-API-002,F113-E2E-001;F113-E2E-002,F113-UAT-001;F113-UAT-002,APPROVED,8,APPROVED,F113-PFC-01;F113-PFC-02;F113-PFC-03;F113-PFC-04;F113-PFC-05;F113-PFC-06;F113-PFC-07;F113-PFC-08;F113-PFC-09;F113-PFC-10,F113-STM-01;F113-STM-02;F113-STM-03;F113-STM-04;F113-STM-05,APPROVED,PFD-BM-F113-1;PFD-BM-F113-2,APPROVED,services/api/src/modules/stock,apps/web/src/modules/stock,READ_ONLY,W05,PVT-F113-CAP-001;PVT-F113-CAP-002;PVT-F113-CAP-003;TST-F113-FR-001;PVT-F113-FR-001;TST-F113-FR-002;PVT-F113-FR-002;TST-F113-FR-003;PVT-F113-FR-003;PVT-F113-US-001;PVT-F113-US-002;PVT-F113-FLOW-001;PVT-F113-FLOW-002;TST-F113-BR-001;PVT-F113-BR-001;TST-F113-BR-002;PVT-F113-BR-002;PVT-F113-DATA-001;PVT-F113-DATA-002;TST-F113-VAL-001;PVT-F113-VAL-001;TST-F113-VAL-002;PVT-F113-VAL-002;TST-F113-CALC-001;PVT-F113-CALC-001;PVT-F113-UX-001;PVT-F113-UX-002;PVT-F113-UX-003;TST-F113-SEC-001;PVT-F113-SEC-001;TST-F113-SEC-002;PVT-F113-SEC-002;PVT-F113-AUTO-001;PVT-F113-APP-001;PVT-F113-NOTIF-001;PVT-F113-REP-001;PVT-F113-AI-001;TST-F113-INT-001;PVT-F113-INT-001;TST-F113-INT-002;PVT-F113-INT-002;TST-F113-API-001;PVT-F113-API-001;TST-F113-API-002;PVT-F113-API-002;TST-F113-PERF-001;PVT-F113-PERF-001;TST-F113-OBS-001;PVT-F113-OBS-001;TST-F113-E2E-001;PVT-F113-E2E-001;TST-F113-E2E-002;PVT-F113-E2E-002;TST-F113-UAT-001;PVT-F113-UAT-001;TST-F113-UAT-002;PVT-F113-UAT-002,AUTHORIZED_BY_PASS_F_SUBJECT_TO_WAVE_DEPENDENCIES,NOT_READY
F114,Available-to-promise,Stock / Inventory,docs/03-modules/stock/features/F114-available-to-promise.md,F114-CAP-001;F114-CAP-002;F114-CAP-003,F114-FLOW-001;F114-FLOW-002,F114-BR-001;F114-BR-002,F114-DATA-001;F114-DATA-002,F114-VAL-001;F114-VAL-002,F114-CALC-001,F114-UX-001;F114-UX-002;F114-UX-003,F114-SEC-001;F114-SEC-002,F114-INT-001;F114-INT-002,F114-API-001;F114-API-002,F114-E2E-001;F114-E2E-002,F114-UAT-001;F114-UAT-002,APPROVED,8,APPROVED,F114-PFC-01;F114-PFC-02;F114-PFC-03;F114-PFC-04;F114-PFC-05;F114-PFC-06;F114-PFC-07;F114-PFC-08;F114-PFC-09;F114-PFC-10,F114-STM-01;F114-STM-02;F114-STM-03;F114-STM-04;F114-STM-05,APPROVED,PFD-BM-F114-1;PFD-BM-F114-2,APPROVED,services/api/src/modules/stock,apps/web/src/modules/stock,READ_ONLY,W05,PVT-F114-CAP-001;PVT-F114-CAP-002;PVT-F114-CAP-003;TST-F114-FR-001;PVT-F114-FR-001;TST-F114-FR-002;PVT-F114-FR-002;TST-F114-FR-003;PVT-F114-FR-003;PVT-F114-US-001;PVT-F114-US-002;PVT-F114-FLOW-001;PVT-F114-FLOW-002;TST-F114-BR-001;PVT-F114-BR-001;TST-F114-BR-002;PVT-F114-BR-002;PVT-F114-DATA-001;PVT-F114-DATA-002;TST-F114-VAL-001;PVT-F114-VAL-001;TST-F114-VAL-002;PVT-F114-VAL-002;TST-F114-CALC-001;PVT-F114-CALC-001;PVT-F114-UX-001;PVT-F114-UX-002;PVT-F114-UX-003;TST-F114-SEC-001;PVT-F114-SEC-001;TST-F114-SEC-002;PVT-F114-SEC-002;PVT-F114-AUTO-001;PVT-F114-APP-001;PVT-F114-NOTIF-001;PVT-F114-REP-001;PVT-F114-AI-001;TST-F114-INT-001;PVT-F114-INT-001;TST-F114-INT-002;PVT-F114-INT-002;TST-F114-API-001;PVT-F114-API-001;TST-F114-API-002;PVT-F114-API-002;TST-F114-PERF-001;PVT-F114-PERF-001;TST-F114-OBS-001;PVT-F114-OBS-001;TST-F114-E2E-001;PVT-F114-E2E-001;TST-F114-E2E-002;PVT-F114-E2E-002;TST-F114-UAT-001;PVT-F114-UAT-001;TST-F114-UAT-002;PVT-F114-UAT-002,AUTHORIZED_BY_PASS_F_SUBJECT_TO_WAVE_DEPENDENCIES,NOT_READY
F115,Batch tracking,Stock / Inventory,docs/03-modules/stock/features/F115-batch-tracking.md,F115-CAP-001;F115-CAP-002;F115-CAP-003,F115-FLOW-001;F115-FLOW-002,F115-BR-001;F115-BR-002,F115-DATA-001;F115-DATA-002,F115-VAL-001;F115-VAL-002,F115-CALC-001,F115-UX-001;F115-UX-002;F115-UX-003,F115-SEC-001;F115-SEC-002,F115-INT-001;F115-INT-002,F115-API-001;F115-API-002,F115-E2E-001;F115-E2E-002,F115-UAT-001;F115-UAT-002,APPROVED,8,APPROVED,F115-PFC-01;F115-PFC-02;F115-PFC-03;F115-PFC-04;F115-PFC-05;F115-PFC-06;F115-PFC-07;F115-PFC-08;F115-PFC-09;F115-PFC-10,F115-STM-01;F115-STM-02;F115-STM-03;F115-STM-04;F115-STM-05,APPROVED,PFD-BM-F115-1;PFD-BM-F115-2,APPROVED,services/api/src/modules/stock,apps/web/src/modules/stock,READ_ONLY,W05,PVT-F115-CAP-001;PVT-F115-CAP-002;PVT-F115-CAP-003;TST-F115-FR-001;PVT-F115-FR-001;TST-F115-FR-002;PVT-F115-FR-002;TST-F115-FR-003;PVT-F115-FR-003;PVT-F115-US-001;PVT-F115-US-002;PVT-F115-FLOW-001;PVT-F115-FLOW-002;TST-F115-BR-001;PVT-F115-BR-001;TST-F115-BR-002;PVT-F115-BR-002;PVT-F115-DATA-001;PVT-F115-DATA-002;TST-F115-VAL-001;PVT-F115-VAL-001;TST-F115-VAL-002;PVT-F115-VAL-002;TST-F115-CALC-001;PVT-F115-CALC-001;PVT-F115-UX-001;PVT-F115-UX-002;PVT-F115-UX-003;TST-F115-SEC-001;PVT-F115-SEC-001;TST-F115-SEC-002;PVT-F115-SEC-002;PVT-F115-AUTO-001;PVT-F115-APP-001;PVT-F115-NOTIF-001;PVT-F115-REP-001;PVT-F115-AI-001;TST-F115-INT-001;PVT-F115-INT-001;TST-F115-INT-002;PVT-F115-INT-002;TST-F115-API-001;PVT-F115-API-001;TST-F115-API-002;PVT-F115-API-002;TST-F115-PERF-001;PVT-F115-PERF-001;TST-F115-OBS-001;PVT-F115-OBS-001;TST-F115-E2E-001;PVT-F115-E2E-001;TST-F115-E2E-002;PVT-F115-E2E-002;TST-F115-UAT-001;PVT-F115-UAT-001;TST-F115-UAT-002;PVT-F115-UAT-002,AUTHORIZED_BY_PASS_F_SUBJECT_TO_WAVE_DEPENDENCIES,NOT_READY
F116,Lot tracking,Stock / Inventory,docs/03-modules/stock/features/F116-lot-tracking.md,F116-CAP-001;F116-CAP-002;F116-CAP-003,F116-FLOW-001;F116-FLOW-002,F116-BR-001;F116-BR-002,F116-DATA-001;F116-DATA-002,F116-VAL-001;F116-VAL-002,F116-CALC-001,F116-UX-001;F116-UX-002;F116-UX-003,F116-SEC-001;F116-SEC-002,F116-INT-001;F116-INT-002,F116-API-001;F116-API-002,F116-E2E-001;F116-E2E-002,F116-UAT-001;F116-UAT-002,APPROVED,8,APPROVED,F116-PFC-01;F116-PFC-02;F116-PFC-03;F116-PFC-04;F116-PFC-05;F116-PFC-06;F116-PFC-07;F116-PFC-08;F116-PFC-09;F116-PFC-10,F116-STM-01;F116-STM-02;F116-STM-03;F116-STM-04;F116-STM-05,APPROVED,PFD-BM-F116-1;PFD-BM-F116-2,APPROVED,services/api/src/modules/stock,apps/web/src/modules/stock,READ_ONLY,W05,PVT-F116-CAP-001;PVT-F116-CAP-002;PVT-F116-CAP-003;TST-F116-FR-001;PVT-F116-FR-001;TST-F116-FR-002;PVT-F116-FR-002;TST-F116-FR-003;PVT-F116-FR-003;PVT-F116-US-001;PVT-F116-US-002;PVT-F116-FLOW-001;PVT-F116-FLOW-002;TST-F116-BR-001;PVT-F116-BR-001;TST-F116-BR-002;PVT-F116-BR-002;PVT-F116-DATA-001;PVT-F116-DATA-002;TST-F116-VAL-001;PVT-F116-VAL-001;TST-F116-VAL-002;PVT-F116-VAL-002;TST-F116-CALC-001;PVT-F116-CALC-001;PVT-F116-UX-001;PVT-F116-UX-002;PVT-F116-UX-003;TST-F116-SEC-001;PVT-F116-SEC-001;TST-F116-SEC-002;PVT-F116-SEC-002;PVT-F116-AUTO-001;PVT-F116-APP-001;PVT-F116-NOTIF-001;PVT-F116-REP-001;PVT-F116-AI-001;TST-F116-INT-001;PVT-F116-INT-001;TST-F116-INT-002;PVT-F116-INT-002;TST-F116-API-001;PVT-F116-API-001;TST-F116-API-002;PVT-F116-API-002;TST-F116-PERF-001;PVT-F116-PERF-001;TST-F116-OBS-001;PVT-F116-OBS-001;TST-F116-E2E-001;PVT-F116-E2E-001;TST-F116-E2E-002;PVT-F116-E2E-002;TST-F116-UAT-001;PVT-F116-UAT-001;TST-F116-UAT-002;PVT-F116-UAT-002,AUTHORIZED_BY_PASS_F_SUBJECT_TO_WAVE_DEPENDENCIES,NOT_READY
F117,Serial-number tracking,Stock / Inventory,docs/03-modules/stock/features/F117-serial-number-tracking.md,F117-CAP-001;F117-CAP-002;F117-CAP-003,F117-FLOW-001;F117-FLOW-002,F117-BR-001;F117-BR-002,F117-DATA-001;F117-DATA-002,F117-VAL-001;F117-VAL-002,F117-CALC-001,F117-UX-001;F117-UX-002;F117-UX-003,F117-SEC-001;F117-SEC-002,F117-INT-001;F117-INT-002,F117-API-001;F117-API-002,F117-E2E-001;F117-E2E-002,F117-UAT-001;F117-UAT-002,APPROVED,8,APPROVED,F117-PFC-01;F117-PFC-02;F117-PFC-03;F117-PFC-04;F117-PFC-05;F117-PFC-06;F117-PFC-07;F117-PFC-08;F117-PFC-09;F117-PFC-10,F117-STM-01;F117-STM-02;F117-STM-03;F117-STM-04;F117-STM-05,APPROVED,PFD-BM-F117-1;PFD-BM-F117-2,APPROVED,services/api/src/modules/stock,apps/web/src/modules/stock,READ_ONLY,W05,PVT-F117-CAP-001;PVT-F117-CAP-002;PVT-F117-CAP-003;TST-F117-FR-001;PVT-F117-FR-001;TST-F117-FR-002;PVT-F117-FR-002;TST-F117-FR-003;PVT-F117-FR-003;PVT-F117-US-001;PVT-F117-US-002;PVT-F117-FLOW-001;PVT-F117-FLOW-002;TST-F117-BR-001;PVT-F117-BR-001;TST-F117-BR-002;PVT-F117-BR-002;PVT-F117-DATA-001;PVT-F117-DATA-002;TST-F117-VAL-001;PVT-F117-VAL-001;TST-F117-VAL-002;PVT-F117-VAL-002;TST-F117-CALC-001;PVT-F117-CALC-001;PVT-F117-UX-001;PVT-F117-UX-002;PVT-F117-UX-003;TST-F117-SEC-001;PVT-F117-SEC-001;TST-F117-SEC-002;PVT-F117-SEC-002;PVT-F117-AUTO-001;PVT-F117-APP-001;PVT-F117-NOTIF-001;PVT-F117-REP-001;PVT-F117-AI-001;TST-F117-INT-001;PVT-F117-INT-001;TST-F117-INT-002;PVT-F117-INT-002;TST-F117-API-001;PVT-F117-API-001;TST-F117-API-002;PVT-F117-API-002;TST-F117-PERF-001;PVT-F117-PERF-001;TST-F117-OBS-001;PVT-F117-OBS-001;TST-F117-E2E-001;PVT-F117-E2E-001;TST-F117-E2E-002;PVT-F117-E2E-002;TST-F117-UAT-001;PVT-F117-UAT-001;TST-F117-UAT-002;PVT-F117-UAT-002,AUTHORIZED_BY_PASS_F_SUBJECT_TO_WAVE_DEPENDENCIES,NOT_READY
F118,Expiry dates,Stock / Inventory,docs/03-modules/stock/features/F118-expiry-dates.md,F118-CAP-001;F118-CAP-002;F118-CAP-003,F118-FLOW-001;F118-FLOW-002,F118-BR-001;F118-BR-002,F118-DATA-001;F118-DATA-002,F118-VAL-001;F118-VAL-002,F118-CALC-001,F118-UX-001;F118-UX-002;F118-UX-003,F118-SEC-001;F118-SEC-002,F118-INT-001;F118-INT-002,F118-API-001;F118-API-002,F118-E2E-001;F118-E2E-002,F118-UAT-001;F118-UAT-002,APPROVED,8,APPROVED,F118-PFC-01;F118-PFC-02;F118-PFC-03;F118-PFC-04;F118-PFC-05;F118-PFC-06;F118-PFC-07;F118-PFC-08;F118-PFC-09;F118-PFC-10,F118-STM-01;F118-STM-02;F118-STM-03;F118-STM-04;F118-STM-05,APPROVED,PFD-BM-F118-1;PFD-BM-F118-2,APPROVED,services/api/src/modules/stock,apps/web/src/modules/stock,READ_ONLY,W05,PVT-F118-CAP-001;PVT-F118-CAP-002;PVT-F118-CAP-003;TST-F118-FR-001;PVT-F118-FR-001;TST-F118-FR-002;PVT-F118-FR-002;TST-F118-FR-003;PVT-F118-FR-003;PVT-F118-US-001;PVT-F118-US-002;PVT-F118-FLOW-001;PVT-F118-FLOW-002;TST-F118-BR-001;PVT-F118-BR-001;TST-F118-BR-002;PVT-F118-BR-002;PVT-F118-DATA-001;PVT-F118-DATA-002;TST-F118-VAL-001;PVT-F118-VAL-001;TST-F118-VAL-002;PVT-F118-VAL-002;TST-F118-CALC-001;PVT-F118-CALC-001;PVT-F118-UX-001;PVT-F118-UX-002;PVT-F118-UX-003;TST-F118-SEC-001;PVT-F118-SEC-001;TST-F118-SEC-002;PVT-F118-SEC-002;PVT-F118-AUTO-001;PVT-F118-APP-001;PVT-F118-NOTIF-001;PVT-F118-REP-001;PVT-F118-AI-001;TST-F118-INT-001;PVT-F118-INT-001;TST-F118-INT-002;PVT-F118-INT-002;TST-F118-API-001;PVT-F118-API-001;TST-F118-API-002;PVT-F118-API-002;TST-F118-PERF-001;PVT-F118-PERF-001;TST-F118-OBS-001;PVT-F118-OBS-001;TST-F118-E2E-001;PVT-F118-E2E-001;TST-F118-E2E-002;PVT-F118-E2E-002;TST-F118-UAT-001;PVT-F118-UAT-001;TST-F118-UAT-002;PVT-F118-UAT-002,AUTHORIZED_BY_PASS_F_SUBJECT_TO_WAVE_DEPENDENCIES,NOT_READY
F119,Barcode scanning,Stock / Inventory,docs/03-modules/stock/features/F119-barcode-scanning.md,F119-CAP-001;F119-CAP-002;F119-CAP-003,F119-FLOW-001;F119-FLOW-002,F119-BR-001;F119-BR-002,F119-DATA-001;F119-DATA-002,F119-VAL-001;F119-VAL-002,F119-CALC-001,F119-UX-001;F119-UX-002;F119-UX-003,F119-SEC-001;F119-SEC-002,F119-INT-001;F119-INT-002,F119-API-001;F119-API-002,F119-E2E-001;F119-E2E-002,F119-UAT-001;F119-UAT-002,APPROVED,8,APPROVED,F119-PFC-01;F119-PFC-02;F119-PFC-03;F119-PFC-04;F119-PFC-05;F119-PFC-06;F119-PFC-07;F119-PFC-08;F119-PFC-09;F119-PFC-10,F119-STM-01;F119-STM-02;F119-STM-03;F119-STM-04;F119-STM-05,APPROVED,PFD-BM-F119-1;PFD-BM-F119-2,APPROVED,services/api/src/modules/stock,apps/web/src/modules/stock,FIELD_OPTIMIZED,W05,PVT-F119-CAP-001;PVT-F119-CAP-002;PVT-F119-CAP-003;TST-F119-FR-001;PVT-F119-FR-001;TST-F119-FR-002;PVT-F119-FR-002;TST-F119-FR-003;PVT-F119-FR-003;PVT-F119-US-001;PVT-F119-US-002;PVT-F119-FLOW-001;PVT-F119-FLOW-002;TST-F119-BR-001;PVT-F119-BR-001;TST-F119-BR-002;PVT-F119-BR-002;PVT-F119-DATA-001;PVT-F119-DATA-002;TST-F119-VAL-001;PVT-F119-VAL-001;TST-F119-VAL-002;PVT-F119-VAL-002;TST-F119-CALC-001;PVT-F119-CALC-001;PVT-F119-UX-001;PVT-F119-UX-002;PVT-F119-UX-003;TST-F119-SEC-001;PVT-F119-SEC-001;TST-F119-SEC-002;PVT-F119-SEC-002;PVT-F119-AUTO-001;PVT-F119-APP-001;PVT-F119-NOTIF-001;PVT-F119-REP-001;PVT-F119-AI-001;TST-F119-INT-001;PVT-F119-INT-001;TST-F119-INT-002;PVT-F119-INT-002;TST-F119-API-001;PVT-F119-API-001;TST-F119-API-002;PVT-F119-API-002;TST-F119-PERF-001;PVT-F119-PERF-001;TST-F119-OBS-001;PVT-F119-OBS-001;TST-F119-E2E-001;PVT-F119-E2E-001;TST-F119-E2E-002;PVT-F119-E2E-002;TST-F119-UAT-001;PVT-F119-UAT-001;TST-F119-UAT-002;PVT-F119-UAT-002,AUTHORIZED_BY_PASS_F_SUBJECT_TO_WAVE_DEPENDENCIES,NOT_READY
F120,Cycle counting,Stock / Inventory,docs/03-modules/stock/features/F120-cycle-counting.md,F120-CAP-001;F120-CAP-002;F120-CAP-003,F120-FLOW-001;F120-FLOW-002,F120-BR-001;F120-BR-002,F120-DATA-001;F120-DATA-002,F120-VAL-001;F120-VAL-002,F120-CALC-001,F120-UX-001;F120-UX-002;F120-UX-003,F120-SEC-001;F120-SEC-002,F120-INT-001;F120-INT-002,F120-API-001;F120-API-002,F120-E2E-001;F120-E2E-002,F120-UAT-001;F120-UAT-002,APPROVED,8,APPROVED,F120-PFC-01;F120-PFC-02;F120-PFC-03;F120-PFC-04;F120-PFC-05;F120-PFC-06;F120-PFC-07;F120-PFC-08;F120-PFC-09;F120-PFC-10,F120-STM-01;F120-STM-02;F120-STM-03;F120-STM-04;F120-STM-05,APPROVED,PFD-BM-F120-1;PFD-BM-F120-2,APPROVED,services/api/src/modules/stock,apps/web/src/modules/stock,FIELD_OPTIMIZED,W05,PVT-F120-CAP-001;PVT-F120-CAP-002;PVT-F120-CAP-003;TST-F120-FR-001;PVT-F120-FR-001;TST-F120-FR-002;PVT-F120-FR-002;TST-F120-FR-003;PVT-F120-FR-003;PVT-F120-US-001;PVT-F120-US-002;PVT-F120-FLOW-001;PVT-F120-FLOW-002;TST-F120-BR-001;PVT-F120-BR-001;TST-F120-BR-002;PVT-F120-BR-002;PVT-F120-DATA-001;PVT-F120-DATA-002;TST-F120-VAL-001;PVT-F120-VAL-001;TST-F120-VAL-002;PVT-F120-VAL-002;TST-F120-CALC-001;PVT-F120-CALC-001;PVT-F120-UX-001;PVT-F120-UX-002;PVT-F120-UX-003;TST-F120-SEC-001;PVT-F120-SEC-001;TST-F120-SEC-002;PVT-F120-SEC-002;PVT-F120-AUTO-001;PVT-F120-APP-001;PVT-F120-NOTIF-001;PVT-F120-REP-001;PVT-F120-AI-001;TST-F120-INT-001;PVT-F120-INT-001;TST-F120-INT-002;PVT-F120-INT-002;TST-F120-API-001;PVT-F120-API-001;TST-F120-API-002;PVT-F120-API-002;TST-F120-PERF-001;PVT-F120-PERF-001;TST-F120-OBS-001;PVT-F120-OBS-001;TST-F120-E2E-001;PVT-F120-E2E-001;TST-F120-E2E-002;PVT-F120-E2E-002;TST-F120-UAT-001;PVT-F120-UAT-001;TST-F120-UAT-002;PVT-F120-UAT-002,AUTHORIZED_BY_PASS_F_SUBJECT_TO_WAVE_DEPENDENCIES,NOT_READY
F121,Physical inventory,Stock / Inventory,docs/03-modules/stock/features/F121-physical-inventory.md,F121-CAP-001;F121-CAP-002;F121-CAP-003,F121-FLOW-001;F121-FLOW-002,F121-BR-001;F121-BR-002,F121-DATA-001;F121-DATA-002,F121-VAL-001;F121-VAL-002,F121-CALC-001,F121-UX-001;F121-UX-002;F121-UX-003,F121-SEC-001;F121-SEC-002,F121-INT-001;F121-INT-002,F121-API-001;F121-API-002,F121-E2E-001;F121-E2E-002,F121-UAT-001;F121-UAT-002,APPROVED,8,APPROVED,F121-PFC-01;F121-PFC-02;F121-PFC-03;F121-PFC-04;F121-PFC-05;F121-PFC-06;F121-PFC-07;F121-PFC-08;F121-PFC-09;F121-PFC-10,F121-STM-01;F121-STM-02;F121-STM-03;F121-STM-04;F121-STM-05,APPROVED,PFD-BM-F121-1;PFD-BM-F121-2,APPROVED,services/api/src/modules/stock,apps/web/src/modules/stock,FIELD_OPTIMIZED,W05,PVT-F121-CAP-001;PVT-F121-CAP-002;PVT-F121-CAP-003;TST-F121-FR-001;PVT-F121-FR-001;TST-F121-FR-002;PVT-F121-FR-002;TST-F121-FR-003;PVT-F121-FR-003;PVT-F121-US-001;PVT-F121-US-002;PVT-F121-FLOW-001;PVT-F121-FLOW-002;TST-F121-BR-001;PVT-F121-BR-001;TST-F121-BR-002;PVT-F121-BR-002;PVT-F121-DATA-001;PVT-F121-DATA-002;TST-F121-VAL-001;PVT-F121-VAL-001;TST-F121-VAL-002;PVT-F121-VAL-002;TST-F121-CALC-001;PVT-F121-CALC-001;PVT-F121-UX-001;PVT-F121-UX-002;PVT-F121-UX-003;TST-F121-SEC-001;PVT-F121-SEC-001;TST-F121-SEC-002;PVT-F121-SEC-002;PVT-F121-AUTO-001;PVT-F121-APP-001;PVT-F121-NOTIF-001;PVT-F121-REP-001;PVT-F121-AI-001;TST-F121-INT-001;PVT-F121-INT-001;TST-F121-INT-002;PVT-F121-INT-002;TST-F121-API-001;PVT-F121-API-001;TST-F121-API-002;PVT-F121-API-002;TST-F121-PERF-001;PVT-F121-PERF-001;TST-F121-OBS-001;PVT-F121-OBS-001;TST-F121-E2E-001;PVT-F121-E2E-001;TST-F121-E2E-002;PVT-F121-E2E-002;TST-F121-UAT-001;PVT-F121-UAT-001;TST-F121-UAT-002;PVT-F121-UAT-002,AUTHORIZED_BY_PASS_F_SUBJECT_TO_WAVE_DEPENDENCIES,NOT_READY
F122,Reorder point,Stock / Inventory,docs/03-modules/stock/features/F122-reorder-point.md,F122-CAP-001;F122-CAP-002;F122-CAP-003,F122-FLOW-001;F122-FLOW-002,F122-BR-001;F122-BR-002,F122-DATA-001;F122-DATA-002,F122-VAL-001;F122-VAL-002,F122-CALC-001,F122-UX-001;F122-UX-002;F122-UX-003,F122-SEC-001;F122-SEC-002,F122-INT-001;F122-INT-002,F122-API-001;F122-API-002,F122-E2E-001;F122-E2E-002,F122-UAT-001;F122-UAT-002,APPROVED,8,APPROVED,F122-PFC-01;F122-PFC-02;F122-PFC-03;F122-PFC-04;F122-PFC-05;F122-PFC-06;F122-PFC-07;F122-PFC-08;F122-PFC-09;F122-PFC-10,F122-STM-01;F122-STM-02;F122-STM-03;F122-STM-04;F122-STM-05,APPROVED,PFD-BM-F122-1;PFD-BM-F122-2,APPROVED,services/api/src/modules/stock,apps/web/src/modules/stock,READ_ONLY,W05,PVT-F122-CAP-001;PVT-F122-CAP-002;PVT-F122-CAP-003;TST-F122-FR-001;PVT-F122-FR-001;TST-F122-FR-002;PVT-F122-FR-002;TST-F122-FR-003;PVT-F122-FR-003;PVT-F122-US-001;PVT-F122-US-002;PVT-F122-FLOW-001;PVT-F122-FLOW-002;TST-F122-BR-001;PVT-F122-BR-001;TST-F122-BR-002;PVT-F122-BR-002;PVT-F122-DATA-001;PVT-F122-DATA-002;TST-F122-VAL-001;PVT-F122-VAL-001;TST-F122-VAL-002;PVT-F122-VAL-002;TST-F122-CALC-001;PVT-F122-CALC-001;PVT-F122-UX-001;PVT-F122-UX-002;PVT-F122-UX-003;TST-F122-SEC-001;PVT-F122-SEC-001;TST-F122-SEC-002;PVT-F122-SEC-002;PVT-F122-AUTO-001;PVT-F122-APP-001;PVT-F122-NOTIF-001;PVT-F122-REP-001;PVT-F122-AI-001;TST-F122-INT-001;PVT-F122-INT-001;TST-F122-INT-002;PVT-F122-INT-002;TST-F122-API-001;PVT-F122-API-001;TST-F122-API-002;PVT-F122-API-002;TST-F122-PERF-001;PVT-F122-PERF-001;TST-F122-OBS-001;PVT-F122-OBS-001;TST-F122-E2E-001;PVT-F122-E2E-001;TST-F122-E2E-002;PVT-F122-E2E-002;TST-F122-UAT-001;PVT-F122-UAT-001;TST-F122-UAT-002;PVT-F122-UAT-002,AUTHORIZED_BY_PASS_F_SUBJECT_TO_WAVE_DEPENDENCIES,NOT_READY
F123,Minimum / maximum stock,Stock / Inventory,docs/03-modules/stock/features/F123-minimum-maximum-stock.md,F123-CAP-001;F123-CAP-002;F123-CAP-003,F123-FLOW-001;F123-FLOW-002,F123-BR-001;F123-BR-002,F123-DATA-001;F123-DATA-002,F123-VAL-001;F123-VAL-002,F123-CALC-001,F123-UX-001;F123-UX-002;F123-UX-003,F123-SEC-001;F123-SEC-002,F123-INT-001;F123-INT-002,F123-API-001;F123-API-002,F123-E2E-001;F123-E2E-002,F123-UAT-001;F123-UAT-002,APPROVED,8,APPROVED,F123-PFC-01;F123-PFC-02;F123-PFC-03;F123-PFC-04;F123-PFC-05;F123-PFC-06;F123-PFC-07;F123-PFC-08;F123-PFC-09;F123-PFC-10,F123-STM-01;F123-STM-02;F123-STM-03;F123-STM-04;F123-STM-05,APPROVED,PFD-BM-F123-1;PFD-BM-F123-2,APPROVED,services/api/src/modules/stock,apps/web/src/modules/stock,READ_ONLY,W05,PVT-F123-CAP-001;PVT-F123-CAP-002;PVT-F123-CAP-003;TST-F123-FR-001;PVT-F123-FR-001;TST-F123-FR-002;PVT-F123-FR-002;TST-F123-FR-003;PVT-F123-FR-003;PVT-F123-US-001;PVT-F123-US-002;PVT-F123-FLOW-001;PVT-F123-FLOW-002;TST-F123-BR-001;PVT-F123-BR-001;TST-F123-BR-002;PVT-F123-BR-002;PVT-F123-DATA-001;PVT-F123-DATA-002;TST-F123-VAL-001;PVT-F123-VAL-001;TST-F123-VAL-002;PVT-F123-VAL-002;TST-F123-CALC-001;PVT-F123-CALC-001;PVT-F123-UX-001;PVT-F123-UX-002;PVT-F123-UX-003;TST-F123-SEC-001;PVT-F123-SEC-001;TST-F123-SEC-002;PVT-F123-SEC-002;PVT-F123-AUTO-001;PVT-F123-APP-001;PVT-F123-NOTIF-001;PVT-F123-REP-001;PVT-F123-AI-001;TST-F123-INT-001;PVT-F123-INT-001;TST-F123-INT-002;PVT-F123-INT-002;TST-F123-API-001;PVT-F123-API-001;TST-F123-API-002;PVT-F123-API-002;TST-F123-PERF-001;PVT-F123-PERF-001;TST-F123-OBS-001;PVT-F123-OBS-001;TST-F123-E2E-001;PVT-F123-E2E-001;TST-F123-E2E-002;PVT-F123-E2E-002;TST-F123-UAT-001;PVT-F123-UAT-001;TST-F123-UAT-002;PVT-F123-UAT-002,AUTHORIZED_BY_PASS_F_SUBJECT_TO_WAVE_DEPENDENCIES,NOT_READY
F124,Safety stock,Stock / Inventory,docs/03-modules/stock/features/F124-safety-stock.md,F124-CAP-001;F124-CAP-002;F124-CAP-003,F124-FLOW-001;F124-FLOW-002,F124-BR-001;F124-BR-002,F124-DATA-001;F124-DATA-002,F124-VAL-001;F124-VAL-002,F124-CALC-001,F124-UX-001;F124-UX-002;F124-UX-003,F124-SEC-001;F124-SEC-002,F124-INT-001;F124-INT-002,F124-API-001;F124-API-002,F124-E2E-001;F124-E2E-002,F124-UAT-001;F124-UAT-002,APPROVED,8,APPROVED,F124-PFC-01;F124-PFC-02;F124-PFC-03;F124-PFC-04;F124-PFC-05;F124-PFC-06;F124-PFC-07;F124-PFC-08;F124-PFC-09;F124-PFC-10,F124-STM-01;F124-STM-02;F124-STM-03;F124-STM-04;F124-STM-05,APPROVED,PFD-BM-F124-1;PFD-BM-F124-2,APPROVED,services/api/src/modules/stock,apps/web/src/modules/stock,READ_ONLY,W05,PVT-F124-CAP-001;PVT-F124-CAP-002;PVT-F124-CAP-003;TST-F124-FR-001;PVT-F124-FR-001;TST-F124-FR-002;PVT-F124-FR-002;TST-F124-FR-003;PVT-F124-FR-003;PVT-F124-US-001;PVT-F124-US-002;PVT-F124-FLOW-001;PVT-F124-FLOW-002;TST-F124-BR-001;PVT-F124-BR-001;TST-F124-BR-002;PVT-F124-BR-002;PVT-F124-DATA-001;PVT-F124-DATA-002;TST-F124-VAL-001;PVT-F124-VAL-001;TST-F124-VAL-002;PVT-F124-VAL-002;TST-F124-CALC-001;PVT-F124-CALC-001;PVT-F124-UX-001;PVT-F124-UX-002;PVT-F124-UX-003;TST-F124-SEC-001;PVT-F124-SEC-001;TST-F124-SEC-002;PVT-F124-SEC-002;PVT-F124-AUTO-001;PVT-F124-APP-001;PVT-F124-NOTIF-001;PVT-F124-REP-001;PVT-F124-AI-001;TST-F124-INT-001;PVT-F124-INT-001;TST-F124-INT-002;PVT-F124-INT-002;TST-F124-API-001;PVT-F124-API-001;TST-F124-API-002;PVT-F124-API-002;TST-F124-PERF-001;PVT-F124-PERF-001;TST-F124-OBS-001;PVT-F124-OBS-001;TST-F124-E2E-001;PVT-F124-E2E-001;TST-F124-E2E-002;PVT-F124-E2E-002;TST-F124-UAT-001;PVT-F124-UAT-001;TST-F124-UAT-002;PVT-F124-UAT-002,AUTHORIZED_BY_PASS_F_SUBJECT_TO_WAVE_DEPENDENCIES,NOT_READY
F125,Automatic replenishment,Stock / Inventory,docs/03-modules/stock/features/F125-automatic-replenishment.md,F125-CAP-001;F125-CAP-002;F125-CAP-003,F125-FLOW-001;F125-FLOW-002,F125-BR-001;F125-BR-002,F125-DATA-001;F125-DATA-002,F125-VAL-001;F125-VAL-002,F125-CALC-001,F125-UX-001;F125-UX-002;F125-UX-003,F125-SEC-001;F125-SEC-002,F125-INT-001;F125-INT-002,F125-API-001;F125-API-002,F125-E2E-001;F125-E2E-002,F125-UAT-001;F125-UAT-002,APPROVED,8,APPROVED,F125-PFC-01;F125-PFC-02;F125-PFC-03;F125-PFC-04;F125-PFC-05;F125-PFC-06;F125-PFC-07;F125-PFC-08;F125-PFC-09;F125-PFC-10,F125-STM-01;F125-STM-02;F125-STM-03;F125-STM-04;F125-STM-05,APPROVED,PFD-BM-F125-1;PFD-BM-F125-2,APPROVED,services/api/src/modules/stock,apps/web/src/modules/stock,READ_ONLY,W05,PVT-F125-CAP-001;PVT-F125-CAP-002;PVT-F125-CAP-003;TST-F125-FR-001;PVT-F125-FR-001;TST-F125-FR-002;PVT-F125-FR-002;TST-F125-FR-003;PVT-F125-FR-003;PVT-F125-US-001;PVT-F125-US-002;PVT-F125-FLOW-001;PVT-F125-FLOW-002;TST-F125-BR-001;PVT-F125-BR-001;TST-F125-BR-002;PVT-F125-BR-002;PVT-F125-DATA-001;PVT-F125-DATA-002;TST-F125-VAL-001;PVT-F125-VAL-001;TST-F125-VAL-002;PVT-F125-VAL-002;TST-F125-CALC-001;PVT-F125-CALC-001;PVT-F125-UX-001;PVT-F125-UX-002;PVT-F125-UX-003;TST-F125-SEC-001;PVT-F125-SEC-001;TST-F125-SEC-002;PVT-F125-SEC-002;PVT-F125-AUTO-001;PVT-F125-APP-001;PVT-F125-NOTIF-001;PVT-F125-REP-001;PVT-F125-AI-001;TST-F125-INT-001;PVT-F125-INT-001;TST-F125-INT-002;PVT-F125-INT-002;TST-F125-API-001;PVT-F125-API-001;TST-F125-API-002;PVT-F125-API-002;TST-F125-PERF-001;PVT-F125-PERF-001;TST-F125-OBS-001;PVT-F125-OBS-001;TST-F125-E2E-001;PVT-F125-E2E-001;TST-F125-E2E-002;PVT-F125-E2E-002;TST-F125-UAT-001;PVT-F125-UAT-001;TST-F125-UAT-002;PVT-F125-UAT-002,AUTHORIZED_BY_PASS_F_SUBJECT_TO_WAVE_DEPENDENCIES,NOT_READY
F126,Negative-stock control,Stock / Inventory,docs/03-modules/stock/features/F126-negative-stock-control.md,F126-CAP-001;F126-CAP-002;F126-CAP-003,F126-FLOW-001;F126-FLOW-002,F126-BR-001;F126-BR-002,F126-DATA-001;F126-DATA-002,F126-VAL-001;F126-VAL-002,F126-CALC-001,F126-UX-001;F126-UX-002;F126-UX-003,F126-SEC-001;F126-SEC-002,F126-INT-001;F126-INT-002,F126-API-001;F126-API-002,F126-E2E-001;F126-E2E-002,F126-UAT-001;F126-UAT-002,APPROVED,8,APPROVED,F126-PFC-01;F126-PFC-02;F126-PFC-03;F126-PFC-04;F126-PFC-05;F126-PFC-06;F126-PFC-07;F126-PFC-08;F126-PFC-09;F126-PFC-10,F126-STM-01;F126-STM-02;F126-STM-03;F126-STM-04;F126-STM-05,APPROVED,PFD-BM-F126-1;PFD-BM-F126-2,APPROVED,services/api/src/modules/stock,apps/web/src/modules/stock,READ_ONLY,W05,PVT-F126-CAP-001;PVT-F126-CAP-002;PVT-F126-CAP-003;TST-F126-FR-001;PVT-F126-FR-001;TST-F126-FR-002;PVT-F126-FR-002;TST-F126-FR-003;PVT-F126-FR-003;PVT-F126-US-001;PVT-F126-US-002;PVT-F126-FLOW-001;PVT-F126-FLOW-002;TST-F126-BR-001;PVT-F126-BR-001;TST-F126-BR-002;PVT-F126-BR-002;PVT-F126-DATA-001;PVT-F126-DATA-002;TST-F126-VAL-001;PVT-F126-VAL-001;TST-F126-VAL-002;PVT-F126-VAL-002;TST-F126-CALC-001;PVT-F126-CALC-001;PVT-F126-UX-001;PVT-F126-UX-002;PVT-F126-UX-003;TST-F126-SEC-001;PVT-F126-SEC-001;TST-F126-SEC-002;PVT-F126-SEC-002;PVT-F126-AUTO-001;PVT-F126-APP-001;PVT-F126-NOTIF-001;PVT-F126-REP-001;PVT-F126-AI-001;TST-F126-INT-001;PVT-F126-INT-001;TST-F126-INT-002;PVT-F126-INT-002;TST-F126-API-001;PVT-F126-API-001;TST-F126-API-002;PVT-F126-API-002;TST-F126-PERF-001;PVT-F126-PERF-001;TST-F126-OBS-001;PVT-F126-OBS-001;TST-F126-E2E-001;PVT-F126-E2E-001;TST-F126-E2E-002;PVT-F126-E2E-002;TST-F126-UAT-001;PVT-F126-UAT-001;TST-F126-UAT-002;PVT-F126-UAT-002,AUTHORIZED_BY_PASS_F_SUBJECT_TO_WAVE_DEPENDENCIES,NOT_READY
F127,FIFO valuation,Stock / Inventory,docs/03-modules/stock/features/F127-fifo-valuation.md,F127-CAP-001;F127-CAP-002;F127-CAP-003,F127-FLOW-001;F127-FLOW-002,F127-BR-001;F127-BR-002,F127-DATA-001;F127-DATA-002,F127-VAL-001;F127-VAL-002,F127-CALC-001,F127-UX-001;F127-UX-002;F127-UX-003,F127-SEC-001;F127-SEC-002,F127-INT-001;F127-INT-002,F127-API-001;F127-API-002,F127-E2E-001;F127-E2E-002,F127-UAT-001;F127-UAT-002,APPROVED,8,APPROVED,F127-PFC-01;F127-PFC-02;F127-PFC-03;F127-PFC-04;F127-PFC-05;F127-PFC-06;F127-PFC-07;F127-PFC-08;F127-PFC-09;F127-PFC-10,F127-STM-01;F127-STM-02;F127-STM-03;F127-STM-04;F127-STM-05,APPROVED,PFD-BM-F127-1;PFD-BM-F127-2,APPROVED,services/api/src/modules/stock,apps/web/src/modules/stock,READ_ONLY,W05,PVT-F127-CAP-001;PVT-F127-CAP-002;PVT-F127-CAP-003;TST-F127-FR-001;PVT-F127-FR-001;TST-F127-FR-002;PVT-F127-FR-002;TST-F127-FR-003;PVT-F127-FR-003;PVT-F127-US-001;PVT-F127-US-002;PVT-F127-FLOW-001;PVT-F127-FLOW-002;TST-F127-BR-001;PVT-F127-BR-001;TST-F127-BR-002;PVT-F127-BR-002;PVT-F127-DATA-001;PVT-F127-DATA-002;TST-F127-VAL-001;PVT-F127-VAL-001;TST-F127-VAL-002;PVT-F127-VAL-002;TST-F127-CALC-001;PVT-F127-CALC-001;PVT-F127-UX-001;PVT-F127-UX-002;PVT-F127-UX-003;TST-F127-SEC-001;PVT-F127-SEC-001;TST-F127-SEC-002;PVT-F127-SEC-002;PVT-F127-AUTO-001;PVT-F127-APP-001;PVT-F127-NOTIF-001;PVT-F127-REP-001;PVT-F127-AI-001;TST-F127-INT-001;PVT-F127-INT-001;TST-F127-INT-002;PVT-F127-INT-002;TST-F127-API-001;PVT-F127-API-001;TST-F127-API-002;PVT-F127-API-002;TST-F127-PERF-001;PVT-F127-PERF-001;TST-F127-OBS-001;PVT-F127-OBS-001;TST-F127-E2E-001;PVT-F127-E2E-001;TST-F127-E2E-002;PVT-F127-E2E-002;TST-F127-UAT-001;PVT-F127-UAT-001;TST-F127-UAT-002;PVT-F127-UAT-002,AUTHORIZED_BY_PASS_F_SUBJECT_TO_WAVE_DEPENDENCIES,NOT_READY
F128,Weighted / moving-average valuation,Stock / Inventory,docs/03-modules/stock/features/F128-weighted-moving-average-valuation.md,F128-CAP-001;F128-CAP-002;F128-CAP-003,F128-FLOW-001;F128-FLOW-002,F128-BR-001;F128-BR-002,F128-DATA-001;F128-DATA-002,F128-VAL-001;F128-VAL-002,F128-CALC-001,F128-UX-001;F128-UX-002;F128-UX-003,F128-SEC-001;F128-SEC-002,F128-INT-001;F128-INT-002,F128-API-001;F128-API-002,F128-E2E-001;F128-E2E-002,F128-UAT-001;F128-UAT-002,APPROVED,8,APPROVED,F128-PFC-01;F128-PFC-02;F128-PFC-03;F128-PFC-04;F128-PFC-05;F128-PFC-06;F128-PFC-07;F128-PFC-08;F128-PFC-09;F128-PFC-10,F128-STM-01;F128-STM-02;F128-STM-03;F128-STM-04;F128-STM-05,APPROVED,PFD-BM-F128-1;PFD-BM-F128-2,APPROVED,services/api/src/modules/stock,apps/web/src/modules/stock,READ_ONLY,W05,PVT-F128-CAP-001;PVT-F128-CAP-002;PVT-F128-CAP-003;TST-F128-FR-001;PVT-F128-FR-001;TST-F128-FR-002;PVT-F128-FR-002;TST-F128-FR-003;PVT-F128-FR-003;PVT-F128-US-001;PVT-F128-US-002;PVT-F128-FLOW-001;PVT-F128-FLOW-002;TST-F128-BR-001;PVT-F128-BR-001;TST-F128-BR-002;PVT-F128-BR-002;PVT-F128-DATA-001;PVT-F128-DATA-002;TST-F128-VAL-001;PVT-F128-VAL-001;TST-F128-VAL-002;PVT-F128-VAL-002;TST-F128-CALC-001;PVT-F128-CALC-001;PVT-F128-UX-001;PVT-F128-UX-002;PVT-F128-UX-003;TST-F128-SEC-001;PVT-F128-SEC-001;TST-F128-SEC-002;PVT-F128-SEC-002;PVT-F128-AUTO-001;PVT-F128-APP-001;PVT-F128-NOTIF-001;PVT-F128-REP-001;PVT-F128-AI-001;TST-F128-INT-001;PVT-F128-INT-001;TST-F128-INT-002;PVT-F128-INT-002;TST-F128-API-001;PVT-F128-API-001;TST-F128-API-002;PVT-F128-API-002;TST-F128-PERF-001;PVT-F128-PERF-001;TST-F128-OBS-001;PVT-F128-OBS-001;TST-F128-E2E-001;PVT-F128-E2E-001;TST-F128-E2E-002;PVT-F128-E2E-002;TST-F128-UAT-001;PVT-F128-UAT-001;TST-F128-UAT-002;PVT-F128-UAT-002,AUTHORIZED_BY_PASS_F_SUBJECT_TO_WAVE_DEPENDENCIES,NOT_READY
F129,Standard costing,Stock / Inventory,docs/03-modules/stock/features/F129-standard-costing.md,F129-CAP-001;F129-CAP-002;F129-CAP-003,F129-FLOW-001;F129-FLOW-002,F129-BR-001;F129-BR-002,F129-DATA-001;F129-DATA-002,F129-VAL-001;F129-VAL-002,F129-CALC-001,F129-UX-001;F129-UX-002;F129-UX-003,F129-SEC-001;F129-SEC-002,F129-INT-001;F129-INT-002,F129-API-001;F129-API-002,F129-E2E-001;F129-E2E-002,F129-UAT-001;F129-UAT-002,APPROVED,8,APPROVED,F129-PFC-01;F129-PFC-02;F129-PFC-03;F129-PFC-04;F129-PFC-05;F129-PFC-06;F129-PFC-07;F129-PFC-08;F129-PFC-09;F129-PFC-10,F129-STM-01;F129-STM-02;F129-STM-03;F129-STM-04;F129-STM-05,APPROVED,PFD-BM-F129-1;PFD-BM-F129-2,APPROVED,services/api/src/modules/stock,apps/web/src/modules/stock,READ_ONLY,W05,PVT-F129-CAP-001;PVT-F129-CAP-002;PVT-F129-CAP-003;TST-F129-FR-001;PVT-F129-FR-001;TST-F129-FR-002;PVT-F129-FR-002;TST-F129-FR-003;PVT-F129-FR-003;PVT-F129-US-001;PVT-F129-US-002;PVT-F129-FLOW-001;PVT-F129-FLOW-002;TST-F129-BR-001;PVT-F129-BR-001;TST-F129-BR-002;PVT-F129-BR-002;PVT-F129-DATA-001;PVT-F129-DATA-002;TST-F129-VAL-001;PVT-F129-VAL-001;TST-F129-VAL-002;PVT-F129-VAL-002;TST-F129-CALC-001;PVT-F129-CALC-001;PVT-F129-UX-001;PVT-F129-UX-002;PVT-F129-UX-003;TST-F129-SEC-001;PVT-F129-SEC-001;TST-F129-SEC-002;PVT-F129-SEC-002;PVT-F129-AUTO-001;PVT-F129-APP-001;PVT-F129-NOTIF-001;PVT-F129-REP-001;PVT-F129-AI-001;TST-F129-INT-001;PVT-F129-INT-001;TST-F129-INT-002;PVT-F129-INT-002;TST-F129-API-001;PVT-F129-API-001;TST-F129-API-002;PVT-F129-API-002;TST-F129-PERF-001;PVT-F129-PERF-001;TST-F129-OBS-001;PVT-F129-OBS-001;TST-F129-E2E-001;PVT-F129-E2E-001;TST-F129-E2E-002;PVT-F129-E2E-002;TST-F129-UAT-001;PVT-F129-UAT-001;TST-F129-UAT-002;PVT-F129-UAT-002,AUTHORIZED_BY_PASS_F_SUBJECT_TO_WAVE_DEPENDENCIES,NOT_READY
F130,Inventory valuation,Stock / Inventory,docs/03-modules/stock/features/F130-inventory-valuation.md,F130-CAP-001;F130-CAP-002;F130-CAP-003,F130-FLOW-001;F130-FLOW-002,F130-BR-001;F130-BR-002,F130-DATA-001;F130-DATA-002,F130-VAL-001;F130-VAL-002,F130-CALC-001,F130-UX-001;F130-UX-002;F130-UX-003,F130-SEC-001;F130-SEC-002,F130-INT-001;F130-INT-002,F130-API-001;F130-API-002,F130-E2E-001;F130-E2E-002,F130-UAT-001;F130-UAT-002,APPROVED,8,APPROVED,F130-PFC-01;F130-PFC-02;F130-PFC-03;F130-PFC-04;F130-PFC-05;F130-PFC-06;F130-PFC-07;F130-PFC-08;F130-PFC-09;F130-PFC-10,F130-STM-01;F130-STM-02;F130-STM-03;F130-STM-04;F130-STM-05,APPROVED,PFD-BM-F130-1;PFD-BM-F130-2,APPROVED,services/api/src/modules/stock,apps/web/src/modules/stock,READ_ONLY,W05,PVT-F130-CAP-001;PVT-F130-CAP-002;PVT-F130-CAP-003;TST-F130-FR-001;PVT-F130-FR-001;TST-F130-FR-002;PVT-F130-FR-002;TST-F130-FR-003;PVT-F130-FR-003;PVT-F130-US-001;PVT-F130-US-002;PVT-F130-FLOW-001;PVT-F130-FLOW-002;TST-F130-BR-001;PVT-F130-BR-001;TST-F130-BR-002;PVT-F130-BR-002;PVT-F130-DATA-001;PVT-F130-DATA-002;TST-F130-VAL-001;PVT-F130-VAL-001;TST-F130-VAL-002;PVT-F130-VAL-002;TST-F130-CALC-001;PVT-F130-CALC-001;PVT-F130-UX-001;PVT-F130-UX-002;PVT-F130-UX-003;TST-F130-SEC-001;PVT-F130-SEC-001;TST-F130-SEC-002;PVT-F130-SEC-002;PVT-F130-AUTO-001;PVT-F130-APP-001;PVT-F130-NOTIF-001;PVT-F130-REP-001;PVT-F130-AI-001;TST-F130-INT-001;PVT-F130-INT-001;TST-F130-INT-002;PVT-F130-INT-002;TST-F130-API-001;PVT-F130-API-001;TST-F130-API-002;PVT-F130-API-002;TST-F130-PERF-001;PVT-F130-PERF-001;TST-F130-OBS-001;PVT-F130-OBS-001;TST-F130-E2E-001;PVT-F130-E2E-001;TST-F130-E2E-002;PVT-F130-E2E-002;TST-F130-UAT-001;PVT-F130-UAT-001;TST-F130-UAT-002;PVT-F130-UAT-002,AUTHORIZED_BY_PASS_F_SUBJECT_TO_WAVE_DEPENDENCIES,NOT_READY
F131,Landed cost allocation,Stock / Inventory,docs/03-modules/stock/features/F131-landed-cost-allocation.md,F131-CAP-001;F131-CAP-002;F131-CAP-003,F131-FLOW-001;F131-FLOW-002,F131-BR-001;F131-BR-002,F131-DATA-001;F131-DATA-002,F131-VAL-001;F131-VAL-002,F131-CALC-001,F131-UX-001;F131-UX-002;F131-UX-003,F131-SEC-001;F131-SEC-002,F131-INT-001;F131-INT-002,F131-API-001;F131-API-002,F131-E2E-001;F131-E2E-002,F131-UAT-001;F131-UAT-002,APPROVED,8,APPROVED,F131-PFC-01;F131-PFC-02;F131-PFC-03;F131-PFC-04;F131-PFC-05;F131-PFC-06;F131-PFC-07;F131-PFC-08;F131-PFC-09;F131-PFC-10,F131-STM-01;F131-STM-02;F131-STM-03;F131-STM-04;F131-STM-05,APPROVED,PFD-BM-F131-1;PFD-BM-F131-2,APPROVED,services/api/src/modules/stock,apps/web/src/modules/stock,READ_ONLY,W05,PVT-F131-CAP-001;PVT-F131-CAP-002;PVT-F131-CAP-003;TST-F131-FR-001;PVT-F131-FR-001;TST-F131-FR-002;PVT-F131-FR-002;TST-F131-FR-003;PVT-F131-FR-003;PVT-F131-US-001;PVT-F131-US-002;PVT-F131-FLOW-001;PVT-F131-FLOW-002;TST-F131-BR-001;PVT-F131-BR-001;TST-F131-BR-002;PVT-F131-BR-002;PVT-F131-DATA-001;PVT-F131-DATA-002;TST-F131-VAL-001;PVT-F131-VAL-001;TST-F131-VAL-002;PVT-F131-VAL-002;TST-F131-CALC-001;PVT-F131-CALC-001;PVT-F131-UX-001;PVT-F131-UX-002;PVT-F131-UX-003;TST-F131-SEC-001;PVT-F131-SEC-001;TST-F131-SEC-002;PVT-F131-SEC-002;PVT-F131-AUTO-001;PVT-F131-APP-001;PVT-F131-NOTIF-001;PVT-F131-REP-001;PVT-F131-AI-001;TST-F131-INT-001;PVT-F131-INT-001;TST-F131-INT-002;PVT-F131-INT-002;TST-F131-API-001;PVT-F131-API-001;TST-F131-API-002;PVT-F131-API-002;TST-F131-PERF-001;PVT-F131-PERF-001;TST-F131-OBS-001;PVT-F131-OBS-001;TST-F131-E2E-001;PVT-F131-E2E-001;TST-F131-E2E-002;PVT-F131-E2E-002;TST-F131-UAT-001;PVT-F131-UAT-001;TST-F131-UAT-002;PVT-F131-UAT-002,AUTHORIZED_BY_PASS_F_SUBJECT_TO_WAVE_DEPENDENCIES,NOT_READY
F132,Stock aging,Stock / Inventory,docs/03-modules/stock/features/F132-stock-aging.md,F132-CAP-001;F132-CAP-002;F132-CAP-003,F132-FLOW-001;F132-FLOW-002,F132-BR-001;F132-BR-002,F132-DATA-001;F132-DATA-002,F132-VAL-001;F132-VAL-002,F132-CALC-001,F132-UX-001;F132-UX-002;F132-UX-003,F132-SEC-001;F132-SEC-002,F132-INT-001;F132-INT-002,F132-API-001;F132-API-002,F132-E2E-001;F132-E2E-002,F132-UAT-001;F132-UAT-002,APPROVED,8,APPROVED,F132-PFC-01;F132-PFC-02;F132-PFC-03;F132-PFC-04;F132-PFC-05;F132-PFC-06;F132-PFC-07;F132-PFC-08;F132-PFC-09;F132-PFC-10,F132-STM-01;F132-STM-02;F132-STM-03;F132-STM-04;F132-STM-05,APPROVED,PFD-BM-F132-1;PFD-BM-F132-2,APPROVED,services/api/src/modules/stock,apps/web/src/modules/stock,READ_ONLY,W05,PVT-F132-CAP-001;PVT-F132-CAP-002;PVT-F132-CAP-003;TST-F132-FR-001;PVT-F132-FR-001;TST-F132-FR-002;PVT-F132-FR-002;TST-F132-FR-003;PVT-F132-FR-003;PVT-F132-US-001;PVT-F132-US-002;PVT-F132-FLOW-001;PVT-F132-FLOW-002;TST-F132-BR-001;PVT-F132-BR-001;TST-F132-BR-002;PVT-F132-BR-002;PVT-F132-DATA-001;PVT-F132-DATA-002;TST-F132-VAL-001;PVT-F132-VAL-001;TST-F132-VAL-002;PVT-F132-VAL-002;TST-F132-CALC-001;PVT-F132-CALC-001;PVT-F132-UX-001;PVT-F132-UX-002;PVT-F132-UX-003;TST-F132-SEC-001;PVT-F132-SEC-001;TST-F132-SEC-002;PVT-F132-SEC-002;PVT-F132-AUTO-001;PVT-F132-APP-001;PVT-F132-NOTIF-001;PVT-F132-REP-001;PVT-F132-AI-001;TST-F132-INT-001;PVT-F132-INT-001;TST-F132-INT-002;PVT-F132-INT-002;TST-F132-API-001;PVT-F132-API-001;TST-F132-API-002;PVT-F132-API-002;TST-F132-PERF-001;PVT-F132-PERF-001;TST-F132-OBS-001;PVT-F132-OBS-001;TST-F132-E2E-001;PVT-F132-E2E-001;TST-F132-E2E-002;PVT-F132-E2E-002;TST-F132-UAT-001;PVT-F132-UAT-001;TST-F132-UAT-002;PVT-F132-UAT-002,AUTHORIZED_BY_PASS_F_SUBJECT_TO_WAVE_DEPENDENCIES,NOT_READY
F133,Slow-moving inventory,Stock / Inventory,docs/03-modules/stock/features/F133-slow-moving-inventory.md,F133-CAP-001;F133-CAP-002;F133-CAP-003,F133-FLOW-001;F133-FLOW-002,F133-BR-001;F133-BR-002,F133-DATA-001;F133-DATA-002,F133-VAL-001;F133-VAL-002,F133-CALC-001,F133-UX-001;F133-UX-002;F133-UX-003,F133-SEC-001;F133-SEC-002,F133-INT-001;F133-INT-002,F133-API-001;F133-API-002,F133-E2E-001;F133-E2E-002,F133-UAT-001;F133-UAT-002,APPROVED,8,APPROVED,F133-PFC-01;F133-PFC-02;F133-PFC-03;F133-PFC-04;F133-PFC-05;F133-PFC-06;F133-PFC-07;F133-PFC-08;F133-PFC-09;F133-PFC-10,F133-STM-01;F133-STM-02;F133-STM-03;F133-STM-04;F133-STM-05,APPROVED,PFD-BM-F133-1;PFD-BM-F133-2,APPROVED,services/api/src/modules/stock,apps/web/src/modules/stock,READ_ONLY,W05,PVT-F133-CAP-001;PVT-F133-CAP-002;PVT-F133-CAP-003;TST-F133-FR-001;PVT-F133-FR-001;TST-F133-FR-002;PVT-F133-FR-002;TST-F133-FR-003;PVT-F133-FR-003;PVT-F133-US-001;PVT-F133-US-002;PVT-F133-FLOW-001;PVT-F133-FLOW-002;TST-F133-BR-001;PVT-F133-BR-001;TST-F133-BR-002;PVT-F133-BR-002;PVT-F133-DATA-001;PVT-F133-DATA-002;TST-F133-VAL-001;PVT-F133-VAL-001;TST-F133-VAL-002;PVT-F133-VAL-002;TST-F133-CALC-001;PVT-F133-CALC-001;PVT-F133-UX-001;PVT-F133-UX-002;PVT-F133-UX-003;TST-F133-SEC-001;PVT-F133-SEC-001;TST-F133-SEC-002;PVT-F133-SEC-002;PVT-F133-AUTO-001;PVT-F133-APP-001;PVT-F133-NOTIF-001;PVT-F133-REP-001;PVT-F133-AI-001;TST-F133-INT-001;PVT-F133-INT-001;TST-F133-INT-002;PVT-F133-INT-002;TST-F133-API-001;PVT-F133-API-001;TST-F133-API-002;PVT-F133-API-002;TST-F133-PERF-001;PVT-F133-PERF-001;TST-F133-OBS-001;PVT-F133-OBS-001;TST-F133-E2E-001;PVT-F133-E2E-001;TST-F133-E2E-002;PVT-F133-E2E-002;TST-F133-UAT-001;PVT-F133-UAT-001;TST-F133-UAT-002;PVT-F133-UAT-002,AUTHORIZED_BY_PASS_F_SUBJECT_TO_WAVE_DEPENDENCIES,NOT_READY
F134,Dead-stock reporting,Stock / Inventory,docs/03-modules/stock/features/F134-dead-stock-reporting.md,F134-CAP-001;F134-CAP-002;F134-CAP-003,F134-FLOW-001;F134-FLOW-002,F134-BR-001;F134-BR-002,F134-DATA-001;F134-DATA-002,F134-VAL-001;F134-VAL-002,F134-CALC-001,F134-UX-001;F134-UX-002;F134-UX-003,F134-SEC-001;F134-SEC-002,F134-INT-001;F134-INT-002,F134-API-001;F134-API-002,F134-E2E-001;F134-E2E-002,F134-UAT-001;F134-UAT-002,APPROVED,8,APPROVED,F134-PFC-01;F134-PFC-02;F134-PFC-03;F134-PFC-04;F134-PFC-05;F134-PFC-06;F134-PFC-07;F134-PFC-08;F134-PFC-09;F134-PFC-10,F134-STM-01;F134-STM-02;F134-STM-03;F134-STM-04;F134-STM-05,APPROVED,PFD-BM-F134-1;PFD-BM-F134-2,APPROVED,services/api/src/modules/stock,apps/web/src/modules/stock,READ_ONLY,W05,PVT-F134-CAP-001;PVT-F134-CAP-002;PVT-F134-CAP-003;TST-F134-FR-001;PVT-F134-FR-001;TST-F134-FR-002;PVT-F134-FR-002;TST-F134-FR-003;PVT-F134-FR-003;PVT-F134-US-001;PVT-F134-US-002;PVT-F134-FLOW-001;PVT-F134-FLOW-002;TST-F134-BR-001;PVT-F134-BR-001;TST-F134-BR-002;PVT-F134-BR-002;PVT-F134-DATA-001;PVT-F134-DATA-002;TST-F134-VAL-001;PVT-F134-VAL-001;TST-F134-VAL-002;PVT-F134-VAL-002;TST-F134-CALC-001;PVT-F134-CALC-001;PVT-F134-UX-001;PVT-F134-UX-002;PVT-F134-UX-003;TST-F134-SEC-001;PVT-F134-SEC-001;TST-F134-SEC-002;PVT-F134-SEC-002;PVT-F134-AUTO-001;PVT-F134-APP-001;PVT-F134-NOTIF-001;PVT-F134-REP-001;PVT-F134-AI-001;TST-F134-INT-001;PVT-F134-INT-001;TST-F134-INT-002;PVT-F134-INT-002;TST-F134-API-001;PVT-F134-API-001;TST-F134-API-002;PVT-F134-API-002;TST-F134-PERF-001;PVT-F134-PERF-001;TST-F134-OBS-001;PVT-F134-OBS-001;TST-F134-E2E-001;PVT-F134-E2E-001;TST-F134-E2E-002;PVT-F134-E2E-002;TST-F134-UAT-001;PVT-F134-UAT-001;TST-F134-UAT-002;PVT-F134-UAT-002,AUTHORIZED_BY_PASS_F_SUBJECT_TO_WAVE_DEPENDENCIES,NOT_READY
F135,Picking,Stock / Inventory,docs/03-modules/stock/features/F135-picking.md,F135-CAP-001;F135-CAP-002;F135-CAP-003,F135-FLOW-001;F135-FLOW-002,F135-BR-001;F135-BR-002,F135-DATA-001;F135-DATA-002,F135-VAL-001;F135-VAL-002,F135-CALC-001,F135-UX-001;F135-UX-002;F135-UX-003,F135-SEC-001;F135-SEC-002,F135-INT-001;F135-INT-002,F135-API-001;F135-API-002,F135-E2E-001;F135-E2E-002,F135-UAT-001;F135-UAT-002,APPROVED,8,APPROVED,F135-PFC-01;F135-PFC-02;F135-PFC-03;F135-PFC-04;F135-PFC-05;F135-PFC-06;F135-PFC-07;F135-PFC-08;F135-PFC-09;F135-PFC-10,F135-STM-01;F135-STM-02;F135-STM-03;F135-STM-04;F135-STM-05,APPROVED,PFD-BM-F135-1;PFD-BM-F135-2,APPROVED,services/api/src/modules/stock,apps/web/src/modules/stock,FIELD_OPTIMIZED,W05,PVT-F135-CAP-001;PVT-F135-CAP-002;PVT-F135-CAP-003;TST-F135-FR-001;PVT-F135-FR-001;TST-F135-FR-002;PVT-F135-FR-002;TST-F135-FR-003;PVT-F135-FR-003;PVT-F135-US-001;PVT-F135-US-002;PVT-F135-FLOW-001;PVT-F135-FLOW-002;TST-F135-BR-001;PVT-F135-BR-001;TST-F135-BR-002;PVT-F135-BR-002;PVT-F135-DATA-001;PVT-F135-DATA-002;TST-F135-VAL-001;PVT-F135-VAL-001;TST-F135-VAL-002;PVT-F135-VAL-002;TST-F135-CALC-001;PVT-F135-CALC-001;PVT-F135-UX-001;PVT-F135-UX-002;PVT-F135-UX-003;TST-F135-SEC-001;PVT-F135-SEC-001;TST-F135-SEC-002;PVT-F135-SEC-002;PVT-F135-AUTO-001;PVT-F135-APP-001;PVT-F135-NOTIF-001;PVT-F135-REP-001;PVT-F135-AI-001;TST-F135-INT-001;PVT-F135-INT-001;TST-F135-INT-002;PVT-F135-INT-002;TST-F135-API-001;PVT-F135-API-001;TST-F135-API-002;PVT-F135-API-002;TST-F135-PERF-001;PVT-F135-PERF-001;TST-F135-OBS-001;PVT-F135-OBS-001;TST-F135-E2E-001;PVT-F135-E2E-001;TST-F135-E2E-002;PVT-F135-E2E-002;TST-F135-UAT-001;PVT-F135-UAT-001;TST-F135-UAT-002;PVT-F135-UAT-002,AUTHORIZED_BY_PASS_F_SUBJECT_TO_WAVE_DEPENDENCIES,NOT_READY
F136,Packing,Stock / Inventory,docs/03-modules/stock/features/F136-packing.md,F136-CAP-001;F136-CAP-002;F136-CAP-003,F136-FLOW-001;F136-FLOW-002,F136-BR-001;F136-BR-002,F136-DATA-001;F136-DATA-002,F136-VAL-001;F136-VAL-002,F136-CALC-001,F136-UX-001;F136-UX-002;F136-UX-003,F136-SEC-001;F136-SEC-002,F136-INT-001;F136-INT-002,F136-API-001;F136-API-002,F136-E2E-001;F136-E2E-002,F136-UAT-001;F136-UAT-002,APPROVED,8,APPROVED,F136-PFC-01;F136-PFC-02;F136-PFC-03;F136-PFC-04;F136-PFC-05;F136-PFC-06;F136-PFC-07;F136-PFC-08;F136-PFC-09;F136-PFC-10,F136-STM-01;F136-STM-02;F136-STM-03;F136-STM-04;F136-STM-05,APPROVED,PFD-BM-F136-1;PFD-BM-F136-2,APPROVED,services/api/src/modules/stock,apps/web/src/modules/stock,FIELD_OPTIMIZED,W05,PVT-F136-CAP-001;PVT-F136-CAP-002;PVT-F136-CAP-003;TST-F136-FR-001;PVT-F136-FR-001;TST-F136-FR-002;PVT-F136-FR-002;TST-F136-FR-003;PVT-F136-FR-003;PVT-F136-US-001;PVT-F136-US-002;PVT-F136-FLOW-001;PVT-F136-FLOW-002;TST-F136-BR-001;PVT-F136-BR-001;TST-F136-BR-002;PVT-F136-BR-002;PVT-F136-DATA-001;PVT-F136-DATA-002;TST-F136-VAL-001;PVT-F136-VAL-001;TST-F136-VAL-002;PVT-F136-VAL-002;TST-F136-CALC-001;PVT-F136-CALC-001;PVT-F136-UX-001;PVT-F136-UX-002;PVT-F136-UX-003;TST-F136-SEC-001;PVT-F136-SEC-001;TST-F136-SEC-002;PVT-F136-SEC-002;PVT-F136-AUTO-001;PVT-F136-APP-001;PVT-F136-NOTIF-001;PVT-F136-REP-001;PVT-F136-AI-001;TST-F136-INT-001;PVT-F136-INT-001;TST-F136-INT-002;PVT-F136-INT-002;TST-F136-API-001;PVT-F136-API-001;TST-F136-API-002;PVT-F136-API-002;TST-F136-PERF-001;PVT-F136-PERF-001;TST-F136-OBS-001;PVT-F136-OBS-001;TST-F136-E2E-001;PVT-F136-E2E-001;TST-F136-E2E-002;PVT-F136-E2E-002;TST-F136-UAT-001;PVT-F136-UAT-001;TST-F136-UAT-002;PVT-F136-UAT-002,AUTHORIZED_BY_PASS_F_SUBJECT_TO_WAVE_DEPENDENCIES,NOT_READY
F137,Shipping,Stock / Inventory,docs/03-modules/stock/features/F137-shipping.md,F137-CAP-001;F137-CAP-002;F137-CAP-003,F137-FLOW-001;F137-FLOW-002,F137-BR-001;F137-BR-002,F137-DATA-001;F137-DATA-002,F137-VAL-001;F137-VAL-002,F137-CALC-001,F137-UX-001;F137-UX-002;F137-UX-003,F137-SEC-001;F137-SEC-002,F137-INT-001;F137-INT-002,F137-API-001;F137-API-002,F137-E2E-001;F137-E2E-002,F137-UAT-001;F137-UAT-002,APPROVED,8,APPROVED,F137-PFC-01;F137-PFC-02;F137-PFC-03;F137-PFC-04;F137-PFC-05;F137-PFC-06;F137-PFC-07;F137-PFC-08;F137-PFC-09;F137-PFC-10,F137-STM-01;F137-STM-02;F137-STM-03;F137-STM-04;F137-STM-05,APPROVED,PFD-BM-F137-1;PFD-BM-F137-2,APPROVED,services/api/src/modules/stock,apps/web/src/modules/stock,FIELD_OPTIMIZED,W05,PVT-F137-CAP-001;PVT-F137-CAP-002;PVT-F137-CAP-003;TST-F137-FR-001;PVT-F137-FR-001;TST-F137-FR-002;PVT-F137-FR-002;TST-F137-FR-003;PVT-F137-FR-003;PVT-F137-US-001;PVT-F137-US-002;PVT-F137-FLOW-001;PVT-F137-FLOW-002;TST-F137-BR-001;PVT-F137-BR-001;TST-F137-BR-002;PVT-F137-BR-002;PVT-F137-DATA-001;PVT-F137-DATA-002;TST-F137-VAL-001;PVT-F137-VAL-001;TST-F137-VAL-002;PVT-F137-VAL-002;TST-F137-CALC-001;PVT-F137-CALC-001;PVT-F137-UX-001;PVT-F137-UX-002;PVT-F137-UX-003;TST-F137-SEC-001;PVT-F137-SEC-001;TST-F137-SEC-002;PVT-F137-SEC-002;PVT-F137-AUTO-001;PVT-F137-APP-001;PVT-F137-NOTIF-001;PVT-F137-REP-001;PVT-F137-AI-001;TST-F137-INT-001;PVT-F137-INT-001;TST-F137-INT-002;PVT-F137-INT-002;TST-F137-API-001;PVT-F137-API-001;TST-F137-API-002;PVT-F137-API-002;TST-F137-PERF-001;PVT-F137-PERF-001;TST-F137-OBS-001;PVT-F137-OBS-001;TST-F137-E2E-001;PVT-F137-E2E-001;TST-F137-E2E-002;PVT-F137-E2E-002;TST-F137-UAT-001;PVT-F137-UAT-001;TST-F137-UAT-002;PVT-F137-UAT-002,AUTHORIZED_BY_PASS_F_SUBJECT_TO_WAVE_DEPENDENCIES,NOT_READY
F138,Returns,Stock / Inventory,docs/03-modules/stock/features/F138-returns.md,F138-CAP-001;F138-CAP-002;F138-CAP-003,F138-FLOW-001;F138-FLOW-002,F138-BR-001;F138-BR-002,F138-DATA-001;F138-DATA-002,F138-VAL-001;F138-VAL-002,F138-CALC-001,F138-UX-001;F138-UX-002;F138-UX-003,F138-SEC-001;F138-SEC-002,F138-INT-001;F138-INT-002,F138-API-001;F138-API-002,F138-E2E-001;F138-E2E-002,F138-UAT-001;F138-UAT-002,APPROVED,8,APPROVED,F138-PFC-01;F138-PFC-02;F138-PFC-03;F138-PFC-04;F138-PFC-05;F138-PFC-06;F138-PFC-07;F138-PFC-08;F138-PFC-09;F138-PFC-10,F138-STM-01;F138-STM-02;F138-STM-03;F138-STM-04;F138-STM-05,APPROVED,PFD-BM-F138-1;PFD-BM-F138-2,APPROVED,services/api/src/modules/stock,apps/web/src/modules/stock,READ_ONLY,W05,PVT-F138-CAP-001;PVT-F138-CAP-002;PVT-F138-CAP-003;TST-F138-FR-001;PVT-F138-FR-001;TST-F138-FR-002;PVT-F138-FR-002;TST-F138-FR-003;PVT-F138-FR-003;PVT-F138-US-001;PVT-F138-US-002;PVT-F138-FLOW-001;PVT-F138-FLOW-002;TST-F138-BR-001;PVT-F138-BR-001;TST-F138-BR-002;PVT-F138-BR-002;PVT-F138-DATA-001;PVT-F138-DATA-002;TST-F138-VAL-001;PVT-F138-VAL-001;TST-F138-VAL-002;PVT-F138-VAL-002;TST-F138-CALC-001;PVT-F138-CALC-001;PVT-F138-UX-001;PVT-F138-UX-002;PVT-F138-UX-003;TST-F138-SEC-001;PVT-F138-SEC-001;TST-F138-SEC-002;PVT-F138-SEC-002;PVT-F138-AUTO-001;PVT-F138-APP-001;PVT-F138-NOTIF-001;PVT-F138-REP-001;PVT-F138-AI-001;TST-F138-INT-001;PVT-F138-INT-001;TST-F138-INT-002;PVT-F138-INT-002;TST-F138-API-001;PVT-F138-API-001;TST-F138-API-002;PVT-F138-API-002;TST-F138-PERF-001;PVT-F138-PERF-001;TST-F138-OBS-001;PVT-F138-OBS-001;TST-F138-E2E-001;PVT-F138-E2E-001;TST-F138-E2E-002;PVT-F138-E2E-002;TST-F138-UAT-001;PVT-F138-UAT-001;TST-F138-UAT-002;PVT-F138-UAT-002,AUTHORIZED_BY_PASS_F_SUBJECT_TO_WAVE_DEPENDENCIES,NOT_READY
F139,Damaged stock,Stock / Inventory,docs/03-modules/stock/features/F139-damaged-stock.md,F139-CAP-001;F139-CAP-002;F139-CAP-003,F139-FLOW-001;F139-FLOW-002,F139-BR-001;F139-BR-002,F139-DATA-001;F139-DATA-002,F139-VAL-001;F139-VAL-002,F139-CALC-001,F139-UX-001;F139-UX-002;F139-UX-003,F139-SEC-001;F139-SEC-002,F139-INT-001;F139-INT-002,F139-API-001;F139-API-002,F139-E2E-001;F139-E2E-002,F139-UAT-001;F139-UAT-002,APPROVED,8,APPROVED,F139-PFC-01;F139-PFC-02;F139-PFC-03;F139-PFC-04;F139-PFC-05;F139-PFC-06;F139-PFC-07;F139-PFC-08;F139-PFC-09;F139-PFC-10,F139-STM-01;F139-STM-02;F139-STM-03;F139-STM-04;F139-STM-05,APPROVED,PFD-BM-F139-1;PFD-BM-F139-2,APPROVED,services/api/src/modules/stock,apps/web/src/modules/stock,READ_ONLY,W05,PVT-F139-CAP-001;PVT-F139-CAP-002;PVT-F139-CAP-003;TST-F139-FR-001;PVT-F139-FR-001;TST-F139-FR-002;PVT-F139-FR-002;TST-F139-FR-003;PVT-F139-FR-003;PVT-F139-US-001;PVT-F139-US-002;PVT-F139-FLOW-001;PVT-F139-FLOW-002;TST-F139-BR-001;PVT-F139-BR-001;TST-F139-BR-002;PVT-F139-BR-002;PVT-F139-DATA-001;PVT-F139-DATA-002;TST-F139-VAL-001;PVT-F139-VAL-001;TST-F139-VAL-002;PVT-F139-VAL-002;TST-F139-CALC-001;PVT-F139-CALC-001;PVT-F139-UX-001;PVT-F139-UX-002;PVT-F139-UX-003;TST-F139-SEC-001;PVT-F139-SEC-001;TST-F139-SEC-002;PVT-F139-SEC-002;PVT-F139-AUTO-001;PVT-F139-APP-001;PVT-F139-NOTIF-001;PVT-F139-REP-001;PVT-F139-AI-001;TST-F139-INT-001;PVT-F139-INT-001;TST-F139-INT-002;PVT-F139-INT-002;TST-F139-API-001;PVT-F139-API-001;TST-F139-API-002;PVT-F139-API-002;TST-F139-PERF-001;PVT-F139-PERF-001;TST-F139-OBS-001;PVT-F139-OBS-001;TST-F139-E2E-001;PVT-F139-E2E-001;TST-F139-E2E-002;PVT-F139-E2E-002;TST-F139-UAT-001;PVT-F139-UAT-001;TST-F139-UAT-002;PVT-F139-UAT-002,AUTHORIZED_BY_PASS_F_SUBJECT_TO_WAVE_DEPENDENCIES,NOT_READY
F140,Quarantine and quality-held stock,Stock / Inventory,docs/03-modules/stock/features/F140-quarantine-and-quality-held-stock.md,F140-CAP-001;F140-CAP-002;F140-CAP-003,F140-FLOW-001;F140-FLOW-002,F140-BR-001;F140-BR-002,F140-DATA-001;F140-DATA-002,F140-VAL-001;F140-VAL-002,F140-CALC-001,F140-UX-001;F140-UX-002;F140-UX-003,F140-SEC-001;F140-SEC-002,F140-INT-001;F140-INT-002,F140-API-001;F140-API-002,F140-E2E-001;F140-E2E-002,F140-UAT-001;F140-UAT-002,APPROVED,8,APPROVED,F140-PFC-01;F140-PFC-02;F140-PFC-03;F140-PFC-04;F140-PFC-05;F140-PFC-06;F140-PFC-07;F140-PFC-08;F140-PFC-09;F140-PFC-10,F140-STM-01;F140-STM-02;F140-STM-03;F140-STM-04;F140-STM-05,APPROVED,PFD-BM-F140-1;PFD-BM-F140-2,APPROVED,services/api/src/modules/stock,apps/web/src/modules/stock,READ_ONLY,W05,PVT-F140-CAP-001;PVT-F140-CAP-002;PVT-F140-CAP-003;TST-F140-FR-001;PVT-F140-FR-001;TST-F140-FR-002;PVT-F140-FR-002;TST-F140-FR-003;PVT-F140-FR-003;PVT-F140-US-001;PVT-F140-US-002;PVT-F140-FLOW-001;PVT-F140-FLOW-002;TST-F140-BR-001;PVT-F140-BR-001;TST-F140-BR-002;PVT-F140-BR-002;PVT-F140-DATA-001;PVT-F140-DATA-002;TST-F140-VAL-001;PVT-F140-VAL-001;TST-F140-VAL-002;PVT-F140-VAL-002;TST-F140-CALC-001;PVT-F140-CALC-001;PVT-F140-UX-001;PVT-F140-UX-002;PVT-F140-UX-003;TST-F140-SEC-001;PVT-F140-SEC-001;TST-F140-SEC-002;PVT-F140-SEC-002;PVT-F140-AUTO-001;PVT-F140-APP-001;PVT-F140-NOTIF-001;PVT-F140-REP-001;PVT-F140-AI-001;TST-F140-INT-001;PVT-F140-INT-001;TST-F140-INT-002;PVT-F140-INT-002;TST-F140-API-001;PVT-F140-API-001;TST-F140-API-002;PVT-F140-API-002;TST-F140-PERF-001;PVT-F140-PERF-001;TST-F140-OBS-001;PVT-F140-OBS-001;TST-F140-E2E-001;PVT-F140-E2E-001;TST-F140-E2E-002;PVT-F140-E2E-002;TST-F140-UAT-001;PVT-F140-UAT-001;TST-F140-UAT-002;PVT-F140-UAT-002,AUTHORIZED_BY_PASS_F_SUBJECT_TO_WAVE_DEPENDENCIES,NOT_READY
F141,Batch / serial traceability,Stock / Inventory,docs/03-modules/stock/features/F141-batch-serial-traceability.md,F141-CAP-001;F141-CAP-002;F141-CAP-003,F141-FLOW-001;F141-FLOW-002,F141-BR-001;F141-BR-002,F141-DATA-001;F141-DATA-002,F141-VAL-001;F141-VAL-002,F141-CALC-001,F141-UX-001;F141-UX-002;F141-UX-003,F141-SEC-001;F141-SEC-002,F141-INT-001;F141-INT-002,F141-API-001;F141-API-002,F141-E2E-001;F141-E2E-002,F141-UAT-001;F141-UAT-002,APPROVED,8,APPROVED,F141-PFC-01;F141-PFC-02;F141-PFC-03;F141-PFC-04;F141-PFC-05;F141-PFC-06;F141-PFC-07;F141-PFC-08;F141-PFC-09;F141-PFC-10,F141-STM-01;F141-STM-02;F141-STM-03;F141-STM-04;F141-STM-05,APPROVED,PFD-BM-F141-1;PFD-BM-F141-2,APPROVED,services/api/src/modules/stock,apps/web/src/modules/stock,READ_ONLY,W05,PVT-F141-CAP-001;PVT-F141-CAP-002;PVT-F141-CAP-003;TST-F141-FR-001;PVT-F141-FR-001;TST-F141-FR-002;PVT-F141-FR-002;TST-F141-FR-003;PVT-F141-FR-003;PVT-F141-US-001;PVT-F141-US-002;PVT-F141-FLOW-001;PVT-F141-FLOW-002;TST-F141-BR-001;PVT-F141-BR-001;TST-F141-BR-002;PVT-F141-BR-002;PVT-F141-DATA-001;PVT-F141-DATA-002;TST-F141-VAL-001;PVT-F141-VAL-001;TST-F141-VAL-002;PVT-F141-VAL-002;TST-F141-CALC-001;PVT-F141-CALC-001;PVT-F141-UX-001;PVT-F141-UX-002;PVT-F141-UX-003;TST-F141-SEC-001;PVT-F141-SEC-001;TST-F141-SEC-002;PVT-F141-SEC-002;PVT-F141-AUTO-001;PVT-F141-APP-001;PVT-F141-NOTIF-001;PVT-F141-REP-001;PVT-F141-AI-001;TST-F141-INT-001;PVT-F141-INT-001;TST-F141-INT-002;PVT-F141-INT-002;TST-F141-API-001;PVT-F141-API-001;TST-F141-API-002;PVT-F141-API-002;TST-F141-PERF-001;PVT-F141-PERF-001;TST-F141-OBS-001;PVT-F141-OBS-001;TST-F141-E2E-001;PVT-F141-E2E-001;TST-F141-E2E-002;PVT-F141-E2E-002;TST-F141-UAT-001;PVT-F141-UAT-001;TST-F141-UAT-002;PVT-F141-UAT-002,AUTHORIZED_BY_PASS_F_SUBJECT_TO_WAVE_DEPENDENCIES,NOT_READY
F142,Inventory movement history,Stock / Inventory,docs/03-modules/stock/features/F142-inventory-movement-history.md,F142-CAP-001;F142-CAP-002;F142-CAP-003,F142-FLOW-001;F142-FLOW-002,F142-BR-001;F142-BR-002,F142-DATA-001;F142-DATA-002,F142-VAL-001;F142-VAL-002,F142-CALC-001,F142-UX-001;F142-UX-002;F142-UX-003,F142-SEC-001;F142-SEC-002,F142-INT-001;F142-INT-002,F142-API-001;F142-API-002,F142-E2E-001;F142-E2E-002,F142-UAT-001;F142-UAT-002,APPROVED,8,APPROVED,F142-PFC-01;F142-PFC-02;F142-PFC-03;F142-PFC-04;F142-PFC-05;F142-PFC-06;F142-PFC-07;F142-PFC-08;F142-PFC-09;F142-PFC-10,F142-STM-01;F142-STM-02;F142-STM-03;F142-STM-04;F142-STM-05,APPROVED,PFD-BM-F142-1;PFD-BM-F142-2,APPROVED,services/api/src/modules/stock,apps/web/src/modules/stock,READ_ONLY,W05,PVT-F142-CAP-001;PVT-F142-CAP-002;PVT-F142-CAP-003;TST-F142-FR-001;PVT-F142-FR-001;TST-F142-FR-002;PVT-F142-FR-002;TST-F142-FR-003;PVT-F142-FR-003;PVT-F142-US-001;PVT-F142-US-002;PVT-F142-FLOW-001;PVT-F142-FLOW-002;TST-F142-BR-001;PVT-F142-BR-001;TST-F142-BR-002;PVT-F142-BR-002;PVT-F142-DATA-001;PVT-F142-DATA-002;TST-F142-VAL-001;PVT-F142-VAL-001;TST-F142-VAL-002;PVT-F142-VAL-002;TST-F142-CALC-001;PVT-F142-CALC-001;PVT-F142-UX-001;PVT-F142-UX-002;PVT-F142-UX-003;TST-F142-SEC-001;PVT-F142-SEC-001;TST-F142-SEC-002;PVT-F142-SEC-002;PVT-F142-AUTO-001;PVT-F142-APP-001;PVT-F142-NOTIF-001;PVT-F142-REP-001;PVT-F142-AI-001;TST-F142-INT-001;PVT-F142-INT-001;TST-F142-INT-002;PVT-F142-INT-002;TST-F142-API-001;PVT-F142-API-001;TST-F142-API-002;PVT-F142-API-002;TST-F142-PERF-001;PVT-F142-PERF-001;TST-F142-OBS-001;PVT-F142-OBS-001;TST-F142-E2E-001;PVT-F142-E2E-001;TST-F142-E2E-002;PVT-F142-E2E-002;TST-F142-UAT-001;PVT-F142-UAT-001;TST-F142-UAT-002;PVT-F142-UAT-002,AUTHORIZED_BY_PASS_F_SUBJECT_TO_WAVE_DEPENDENCIES,NOT_READY
F143,Stock reports,Stock / Inventory,docs/03-modules/stock/features/F143-stock-reports.md,F143-CAP-001;F143-CAP-002;F143-CAP-003,F143-FLOW-001;F143-FLOW-002,F143-BR-001;F143-BR-002,F143-DATA-001;F143-DATA-002,F143-VAL-001;F143-VAL-002,F143-CALC-001,F143-UX-001;F143-UX-002;F143-UX-003,F143-SEC-001;F143-SEC-002,F143-INT-001;F143-INT-002,F143-API-001;F143-API-002,F143-E2E-001;F143-E2E-002,F143-UAT-001;F143-UAT-002,APPROVED,8,APPROVED,F143-PFC-01;F143-PFC-02;F143-PFC-03;F143-PFC-04;F143-PFC-05;F143-PFC-06;F143-PFC-07;F143-PFC-08;F143-PFC-09;F143-PFC-10,F143-STM-01;F143-STM-02;F143-STM-03;F143-STM-04;F143-STM-05,APPROVED,PFD-BM-F143-1;PFD-BM-F143-2,APPROVED,services/api/src/modules/stock,apps/web/src/modules/stock,READ_ONLY,W05,PVT-F143-CAP-001;PVT-F143-CAP-002;PVT-F143-CAP-003;TST-F143-FR-001;PVT-F143-FR-001;TST-F143-FR-002;PVT-F143-FR-002;TST-F143-FR-003;PVT-F143-FR-003;PVT-F143-US-001;PVT-F143-US-002;PVT-F143-FLOW-001;PVT-F143-FLOW-002;TST-F143-BR-001;PVT-F143-BR-001;TST-F143-BR-002;PVT-F143-BR-002;PVT-F143-DATA-001;PVT-F143-DATA-002;TST-F143-VAL-001;PVT-F143-VAL-001;TST-F143-VAL-002;PVT-F143-VAL-002;TST-F143-CALC-001;PVT-F143-CALC-001;PVT-F143-UX-001;PVT-F143-UX-002;PVT-F143-UX-003;TST-F143-SEC-001;PVT-F143-SEC-001;TST-F143-SEC-002;PVT-F143-SEC-002;PVT-F143-AUTO-001;PVT-F143-APP-001;PVT-F143-NOTIF-001;PVT-F143-REP-001;PVT-F143-AI-001;TST-F143-INT-001;PVT-F143-INT-001;TST-F143-INT-002;PVT-F143-INT-002;TST-F143-API-001;PVT-F143-API-001;TST-F143-API-002;PVT-F143-API-002;TST-F143-PERF-001;PVT-F143-PERF-001;TST-F143-OBS-001;PVT-F143-OBS-001;TST-F143-E2E-001;PVT-F143-E2E-001;TST-F143-E2E-002;PVT-F143-E2E-002;TST-F143-UAT-001;PVT-F143-UAT-001;TST-F143-UAT-002;PVT-F143-UAT-002,AUTHORIZED_BY_PASS_F_SUBJECT_TO_WAVE_DEPENDENCIES,NOT_READY
F144,Inventory dashboard,Stock / Inventory,docs/03-modules/stock/features/F144-inventory-dashboard.md,F144-CAP-001;F144-CAP-002;F144-CAP-003,F144-FLOW-001;F144-FLOW-002,F144-BR-001;F144-BR-002,F144-DATA-001;F144-DATA-002,F144-VAL-001;F144-VAL-002,F144-CALC-001,F144-UX-001;F144-UX-002;F144-UX-003,F144-SEC-001;F144-SEC-002,F144-INT-001;F144-INT-002,F144-API-001;F144-API-002,F144-E2E-001;F144-E2E-002,F144-UAT-001;F144-UAT-002,APPROVED,8,APPROVED,F144-PFC-01;F144-PFC-02;F144-PFC-03;F144-PFC-04;F144-PFC-05;F144-PFC-06;F144-PFC-07;F144-PFC-08;F144-PFC-09;F144-PFC-10,F144-STM-01;F144-STM-02;F144-STM-03;F144-STM-04;F144-STM-05,APPROVED,PFD-BM-F144-1;PFD-BM-F144-2,APPROVED,services/api/src/modules/stock,apps/web/src/modules/stock,READ_ONLY,W05,PVT-F144-CAP-001;PVT-F144-CAP-002;PVT-F144-CAP-003;TST-F144-FR-001;PVT-F144-FR-001;TST-F144-FR-002;PVT-F144-FR-002;TST-F144-FR-003;PVT-F144-FR-003;PVT-F144-US-001;PVT-F144-US-002;PVT-F144-FLOW-001;PVT-F144-FLOW-002;TST-F144-BR-001;PVT-F144-BR-001;TST-F144-BR-002;PVT-F144-BR-002;PVT-F144-DATA-001;PVT-F144-DATA-002;TST-F144-VAL-001;PVT-F144-VAL-001;TST-F144-VAL-002;PVT-F144-VAL-002;TST-F144-CALC-001;PVT-F144-CALC-001;PVT-F144-UX-001;PVT-F144-UX-002;PVT-F144-UX-003;TST-F144-SEC-001;PVT-F144-SEC-001;TST-F144-SEC-002;PVT-F144-SEC-002;PVT-F144-AUTO-001;PVT-F144-APP-001;PVT-F144-NOTIF-001;PVT-F144-REP-001;PVT-F144-AI-001;TST-F144-INT-001;PVT-F144-INT-001;TST-F144-INT-002;PVT-F144-INT-002;TST-F144-API-001;PVT-F144-API-001;TST-F144-API-002;PVT-F144-API-002;TST-F144-PERF-001;PVT-F144-PERF-001;TST-F144-OBS-001;PVT-F144-OBS-001;TST-F144-E2E-001;PVT-F144-E2E-001;TST-F144-E2E-002;PVT-F144-E2E-002;TST-F144-UAT-001;PVT-F144-UAT-001;TST-F144-UAT-002;PVT-F144-UAT-002,AUTHORIZED_BY_PASS_F_SUBJECT_TO_WAVE_DEPENDENCIES,NOT_READY
F145,Bill of Materials (BOM),Manufacturing,docs/03-modules/manufacturing/features/F145-bill-of-materials-bom.md,F145-CAP-001;F145-CAP-002;F145-CAP-003,F145-FLOW-001;F145-FLOW-002,F145-BR-001;F145-BR-002,F145-DATA-001;F145-DATA-002,F145-VAL-001;F145-VAL-002,F145-CALC-001,F145-UX-001;F145-UX-002;F145-UX-003,F145-SEC-001;F145-SEC-002,F145-INT-001;F145-INT-002,F145-API-001;F145-API-002,F145-E2E-001;F145-E2E-002,F145-UAT-001;F145-UAT-002,APPROVED,8,APPROVED,F145-PFC-01;F145-PFC-02;F145-PFC-03;F145-PFC-04;F145-PFC-05;F145-PFC-06;F145-PFC-07;F145-PFC-08;F145-PFC-09;F145-PFC-10,F145-STM-01;F145-STM-02;F145-STM-03;F145-STM-04;F145-STM-05,APPROVED,PFD-BM-F145-1;PFD-BM-F145-2,APPROVED,services/api/src/modules/manufacturing,apps/web/src/modules/manufacturing,READ_ONLY,W07,PVT-F145-CAP-001;PVT-F145-CAP-002;PVT-F145-CAP-003;TST-F145-FR-001;PVT-F145-FR-001;TST-F145-FR-002;PVT-F145-FR-002;TST-F145-FR-003;PVT-F145-FR-003;PVT-F145-US-001;PVT-F145-US-002;PVT-F145-FLOW-001;PVT-F145-FLOW-002;TST-F145-BR-001;PVT-F145-BR-001;TST-F145-BR-002;PVT-F145-BR-002;PVT-F145-DATA-001;PVT-F145-DATA-002;TST-F145-VAL-001;PVT-F145-VAL-001;TST-F145-VAL-002;PVT-F145-VAL-002;TST-F145-CALC-001;PVT-F145-CALC-001;PVT-F145-UX-001;PVT-F145-UX-002;PVT-F145-UX-003;TST-F145-SEC-001;PVT-F145-SEC-001;TST-F145-SEC-002;PVT-F145-SEC-002;PVT-F145-AUTO-001;PVT-F145-APP-001;PVT-F145-NOTIF-001;PVT-F145-REP-001;PVT-F145-AI-001;TST-F145-INT-001;PVT-F145-INT-001;TST-F145-INT-002;PVT-F145-INT-002;TST-F145-API-001;PVT-F145-API-001;TST-F145-API-002;PVT-F145-API-002;TST-F145-PERF-001;PVT-F145-PERF-001;TST-F145-OBS-001;PVT-F145-OBS-001;TST-F145-E2E-001;PVT-F145-E2E-001;TST-F145-E2E-002;PVT-F145-E2E-002;TST-F145-UAT-001;PVT-F145-UAT-001;TST-F145-UAT-002;PVT-F145-UAT-002,AUTHORIZED_BY_PASS_F_SUBJECT_TO_WAVE_DEPENDENCIES,NOT_READY
F146,Multi-level BOM,Manufacturing,docs/03-modules/manufacturing/features/F146-multi-level-bom.md,F146-CAP-001;F146-CAP-002;F146-CAP-003,F146-FLOW-001;F146-FLOW-002,F146-BR-001;F146-BR-002,F146-DATA-001;F146-DATA-002,F146-VAL-001;F146-VAL-002,F146-CALC-001,F146-UX-001;F146-UX-002;F146-UX-003,F146-SEC-001;F146-SEC-002,F146-INT-001;F146-INT-002,F146-API-001;F146-API-002,F146-E2E-001;F146-E2E-002,F146-UAT-001;F146-UAT-002,APPROVED,8,APPROVED,F146-PFC-01;F146-PFC-02;F146-PFC-03;F146-PFC-04;F146-PFC-05;F146-PFC-06;F146-PFC-07;F146-PFC-08;F146-PFC-09;F146-PFC-10,F146-STM-01;F146-STM-02;F146-STM-03;F146-STM-04;F146-STM-05,APPROVED,PFD-BM-F146-1;PFD-BM-F146-2,APPROVED,services/api/src/modules/manufacturing,apps/web/src/modules/manufacturing,READ_ONLY,W07,PVT-F146-CAP-001;PVT-F146-CAP-002;PVT-F146-CAP-003;TST-F146-FR-001;PVT-F146-FR-001;TST-F146-FR-002;PVT-F146-FR-002;TST-F146-FR-003;PVT-F146-FR-003;PVT-F146-US-001;PVT-F146-US-002;PVT-F146-FLOW-001;PVT-F146-FLOW-002;TST-F146-BR-001;PVT-F146-BR-001;TST-F146-BR-002;PVT-F146-BR-002;PVT-F146-DATA-001;PVT-F146-DATA-002;TST-F146-VAL-001;PVT-F146-VAL-001;TST-F146-VAL-002;PVT-F146-VAL-002;TST-F146-CALC-001;PVT-F146-CALC-001;PVT-F146-UX-001;PVT-F146-UX-002;PVT-F146-UX-003;TST-F146-SEC-001;PVT-F146-SEC-001;TST-F146-SEC-002;PVT-F146-SEC-002;PVT-F146-AUTO-001;PVT-F146-APP-001;PVT-F146-NOTIF-001;PVT-F146-REP-001;PVT-F146-AI-001;TST-F146-INT-001;PVT-F146-INT-001;TST-F146-INT-002;PVT-F146-INT-002;TST-F146-API-001;PVT-F146-API-001;TST-F146-API-002;PVT-F146-API-002;TST-F146-PERF-001;PVT-F146-PERF-001;TST-F146-OBS-001;PVT-F146-OBS-001;TST-F146-E2E-001;PVT-F146-E2E-001;TST-F146-E2E-002;PVT-F146-E2E-002;TST-F146-UAT-001;PVT-F146-UAT-001;TST-F146-UAT-002;PVT-F146-UAT-002,AUTHORIZED_BY_PASS_F_SUBJECT_TO_WAVE_DEPENDENCIES,NOT_READY
F147,BOM versions,Manufacturing,docs/03-modules/manufacturing/features/F147-bom-versions.md,F147-CAP-001;F147-CAP-002;F147-CAP-003,F147-FLOW-001;F147-FLOW-002,F147-BR-001;F147-BR-002,F147-DATA-001;F147-DATA-002,F147-VAL-001;F147-VAL-002,F147-CALC-001,F147-UX-001;F147-UX-002;F147-UX-003,F147-SEC-001;F147-SEC-002,F147-INT-001;F147-INT-002,F147-API-001;F147-API-002,F147-E2E-001;F147-E2E-002,F147-UAT-001;F147-UAT-002,APPROVED,8,APPROVED,F147-PFC-01;F147-PFC-02;F147-PFC-03;F147-PFC-04;F147-PFC-05;F147-PFC-06;F147-PFC-07;F147-PFC-08;F147-PFC-09;F147-PFC-10,F147-STM-01;F147-STM-02;F147-STM-03;F147-STM-04;F147-STM-05,APPROVED,PFD-BM-F147-1;PFD-BM-F147-2,APPROVED,services/api/src/modules/manufacturing,apps/web/src/modules/manufacturing,READ_ONLY,W07,PVT-F147-CAP-001;PVT-F147-CAP-002;PVT-F147-CAP-003;TST-F147-FR-001;PVT-F147-FR-001;TST-F147-FR-002;PVT-F147-FR-002;TST-F147-FR-003;PVT-F147-FR-003;PVT-F147-US-001;PVT-F147-US-002;PVT-F147-FLOW-001;PVT-F147-FLOW-002;TST-F147-BR-001;PVT-F147-BR-001;TST-F147-BR-002;PVT-F147-BR-002;PVT-F147-DATA-001;PVT-F147-DATA-002;TST-F147-VAL-001;PVT-F147-VAL-001;TST-F147-VAL-002;PVT-F147-VAL-002;TST-F147-CALC-001;PVT-F147-CALC-001;PVT-F147-UX-001;PVT-F147-UX-002;PVT-F147-UX-003;TST-F147-SEC-001;PVT-F147-SEC-001;TST-F147-SEC-002;PVT-F147-SEC-002;PVT-F147-AUTO-001;PVT-F147-APP-001;PVT-F147-NOTIF-001;PVT-F147-REP-001;PVT-F147-AI-001;TST-F147-INT-001;PVT-F147-INT-001;TST-F147-INT-002;PVT-F147-INT-002;TST-F147-API-001;PVT-F147-API-001;TST-F147-API-002;PVT-F147-API-002;TST-F147-PERF-001;PVT-F147-PERF-001;TST-F147-OBS-001;PVT-F147-OBS-001;TST-F147-E2E-001;PVT-F147-E2E-001;TST-F147-E2E-002;PVT-F147-E2E-002;TST-F147-UAT-001;PVT-F147-UAT-001;TST-F147-UAT-002;PVT-F147-UAT-002,AUTHORIZED_BY_PASS_F_SUBJECT_TO_WAVE_DEPENDENCIES,NOT_READY
F148,BOM revisions,Manufacturing,docs/03-modules/manufacturing/features/F148-bom-revisions.md,F148-CAP-001;F148-CAP-002;F148-CAP-003,F148-FLOW-001;F148-FLOW-002,F148-BR-001;F148-BR-002,F148-DATA-001;F148-DATA-002,F148-VAL-001;F148-VAL-002,F148-CALC-001,F148-UX-001;F148-UX-002;F148-UX-003,F148-SEC-001;F148-SEC-002,F148-INT-001;F148-INT-002,F148-API-001;F148-API-002,F148-E2E-001;F148-E2E-002,F148-UAT-001;F148-UAT-002,APPROVED,8,APPROVED,F148-PFC-01;F148-PFC-02;F148-PFC-03;F148-PFC-04;F148-PFC-05;F148-PFC-06;F148-PFC-07;F148-PFC-08;F148-PFC-09;F148-PFC-10,F148-STM-01;F148-STM-02;F148-STM-03;F148-STM-04;F148-STM-05,APPROVED,PFD-BM-F148-1;PFD-BM-F148-2,APPROVED,services/api/src/modules/manufacturing,apps/web/src/modules/manufacturing,READ_ONLY,W07,PVT-F148-CAP-001;PVT-F148-CAP-002;PVT-F148-CAP-003;TST-F148-FR-001;PVT-F148-FR-001;TST-F148-FR-002;PVT-F148-FR-002;TST-F148-FR-003;PVT-F148-FR-003;PVT-F148-US-001;PVT-F148-US-002;PVT-F148-FLOW-001;PVT-F148-FLOW-002;TST-F148-BR-001;PVT-F148-BR-001;TST-F148-BR-002;PVT-F148-BR-002;PVT-F148-DATA-001;PVT-F148-DATA-002;TST-F148-VAL-001;PVT-F148-VAL-001;TST-F148-VAL-002;PVT-F148-VAL-002;TST-F148-CALC-001;PVT-F148-CALC-001;PVT-F148-UX-001;PVT-F148-UX-002;PVT-F148-UX-003;TST-F148-SEC-001;PVT-F148-SEC-001;TST-F148-SEC-002;PVT-F148-SEC-002;PVT-F148-AUTO-001;PVT-F148-APP-001;PVT-F148-NOTIF-001;PVT-F148-REP-001;PVT-F148-AI-001;TST-F148-INT-001;PVT-F148-INT-001;TST-F148-INT-002;PVT-F148-INT-002;TST-F148-API-001;PVT-F148-API-001;TST-F148-API-002;PVT-F148-API-002;TST-F148-PERF-001;PVT-F148-PERF-001;TST-F148-OBS-001;PVT-F148-OBS-001;TST-F148-E2E-001;PVT-F148-E2E-001;TST-F148-E2E-002;PVT-F148-E2E-002;TST-F148-UAT-001;PVT-F148-UAT-001;TST-F148-UAT-002;PVT-F148-UAT-002,AUTHORIZED_BY_PASS_F_SUBJECT_TO_WAVE_DEPENDENCIES,NOT_READY
F149,Alternate BOM,Manufacturing,docs/03-modules/manufacturing/features/F149-alternate-bom.md,F149-CAP-001;F149-CAP-002;F149-CAP-003,F149-FLOW-001;F149-FLOW-002,F149-BR-001;F149-BR-002,F149-DATA-001;F149-DATA-002,F149-VAL-001;F149-VAL-002,F149-CALC-001,F149-UX-001;F149-UX-002;F149-UX-003,F149-SEC-001;F149-SEC-002,F149-INT-001;F149-INT-002,F149-API-001;F149-API-002,F149-E2E-001;F149-E2E-002,F149-UAT-001;F149-UAT-002,APPROVED,8,APPROVED,F149-PFC-01;F149-PFC-02;F149-PFC-03;F149-PFC-04;F149-PFC-05;F149-PFC-06;F149-PFC-07;F149-PFC-08;F149-PFC-09;F149-PFC-10,F149-STM-01;F149-STM-02;F149-STM-03;F149-STM-04;F149-STM-05,APPROVED,PFD-BM-F149-1;PFD-BM-F149-2,APPROVED,services/api/src/modules/manufacturing,apps/web/src/modules/manufacturing,READ_ONLY,W07,PVT-F149-CAP-001;PVT-F149-CAP-002;PVT-F149-CAP-003;TST-F149-FR-001;PVT-F149-FR-001;TST-F149-FR-002;PVT-F149-FR-002;TST-F149-FR-003;PVT-F149-FR-003;PVT-F149-US-001;PVT-F149-US-002;PVT-F149-FLOW-001;PVT-F149-FLOW-002;TST-F149-BR-001;PVT-F149-BR-001;TST-F149-BR-002;PVT-F149-BR-002;PVT-F149-DATA-001;PVT-F149-DATA-002;TST-F149-VAL-001;PVT-F149-VAL-001;TST-F149-VAL-002;PVT-F149-VAL-002;TST-F149-CALC-001;PVT-F149-CALC-001;PVT-F149-UX-001;PVT-F149-UX-002;PVT-F149-UX-003;TST-F149-SEC-001;PVT-F149-SEC-001;TST-F149-SEC-002;PVT-F149-SEC-002;PVT-F149-AUTO-001;PVT-F149-APP-001;PVT-F149-NOTIF-001;PVT-F149-REP-001;PVT-F149-AI-001;TST-F149-INT-001;PVT-F149-INT-001;TST-F149-INT-002;PVT-F149-INT-002;TST-F149-API-001;PVT-F149-API-001;TST-F149-API-002;PVT-F149-API-002;TST-F149-PERF-001;PVT-F149-PERF-001;TST-F149-OBS-001;PVT-F149-OBS-001;TST-F149-E2E-001;PVT-F149-E2E-001;TST-F149-E2E-002;PVT-F149-E2E-002;TST-F149-UAT-001;PVT-F149-UAT-001;TST-F149-UAT-002;PVT-F149-UAT-002,AUTHORIZED_BY_PASS_F_SUBJECT_TO_WAVE_DEPENDENCIES,NOT_READY
F150,Routings,Manufacturing,docs/03-modules/manufacturing/features/F150-routings.md,F150-CAP-001;F150-CAP-002;F150-CAP-003,F150-FLOW-001;F150-FLOW-002,F150-BR-001;F150-BR-002,F150-DATA-001;F150-DATA-002,F150-VAL-001;F150-VAL-002,F150-CALC-001,F150-UX-001;F150-UX-002;F150-UX-003,F150-SEC-001;F150-SEC-002,F150-INT-001;F150-INT-002,F150-API-001;F150-API-002,F150-E2E-001;F150-E2E-002,F150-UAT-001;F150-UAT-002,APPROVED,8,APPROVED,F150-PFC-01;F150-PFC-02;F150-PFC-03;F150-PFC-04;F150-PFC-05;F150-PFC-06;F150-PFC-07;F150-PFC-08;F150-PFC-09;F150-PFC-10,F150-STM-01;F150-STM-02;F150-STM-03;F150-STM-04;F150-STM-05,APPROVED,PFD-BM-F150-1;PFD-BM-F150-2,APPROVED,services/api/src/modules/manufacturing,apps/web/src/modules/manufacturing,READ_ONLY,W07,PVT-F150-CAP-001;PVT-F150-CAP-002;PVT-F150-CAP-003;TST-F150-FR-001;PVT-F150-FR-001;TST-F150-FR-002;PVT-F150-FR-002;TST-F150-FR-003;PVT-F150-FR-003;PVT-F150-US-001;PVT-F150-US-002;PVT-F150-FLOW-001;PVT-F150-FLOW-002;TST-F150-BR-001;PVT-F150-BR-001;TST-F150-BR-002;PVT-F150-BR-002;PVT-F150-DATA-001;PVT-F150-DATA-002;TST-F150-VAL-001;PVT-F150-VAL-001;TST-F150-VAL-002;PVT-F150-VAL-002;TST-F150-CALC-001;PVT-F150-CALC-001;PVT-F150-UX-001;PVT-F150-UX-002;PVT-F150-UX-003;TST-F150-SEC-001;PVT-F150-SEC-001;TST-F150-SEC-002;PVT-F150-SEC-002;PVT-F150-AUTO-001;PVT-F150-APP-001;PVT-F150-NOTIF-001;PVT-F150-REP-001;PVT-F150-AI-001;TST-F150-INT-001;PVT-F150-INT-001;TST-F150-INT-002;PVT-F150-INT-002;TST-F150-API-001;PVT-F150-API-001;TST-F150-API-002;PVT-F150-API-002;TST-F150-PERF-001;PVT-F150-PERF-001;TST-F150-OBS-001;PVT-F150-OBS-001;TST-F150-E2E-001;PVT-F150-E2E-001;TST-F150-E2E-002;PVT-F150-E2E-002;TST-F150-UAT-001;PVT-F150-UAT-001;TST-F150-UAT-002;PVT-F150-UAT-002,AUTHORIZED_BY_PASS_F_SUBJECT_TO_WAVE_DEPENDENCIES,NOT_READY
F151,Operations,Manufacturing,docs/03-modules/manufacturing/features/F151-operations.md,F151-CAP-001;F151-CAP-002;F151-CAP-003,F151-FLOW-001;F151-FLOW-002,F151-BR-001;F151-BR-002,F151-DATA-001;F151-DATA-002,F151-VAL-001;F151-VAL-002,F151-CALC-001,F151-UX-001;F151-UX-002;F151-UX-003,F151-SEC-001;F151-SEC-002,F151-INT-001;F151-INT-002,F151-API-001;F151-API-002,F151-E2E-001;F151-E2E-002,F151-UAT-001;F151-UAT-002,APPROVED,8,APPROVED,F151-PFC-01;F151-PFC-02;F151-PFC-03;F151-PFC-04;F151-PFC-05;F151-PFC-06;F151-PFC-07;F151-PFC-08;F151-PFC-09;F151-PFC-10,F151-STM-01;F151-STM-02;F151-STM-03;F151-STM-04;F151-STM-05,APPROVED,PFD-BM-F151-1;PFD-BM-F151-2,APPROVED,services/api/src/modules/manufacturing,apps/web/src/modules/manufacturing,READ_ONLY,W07,PVT-F151-CAP-001;PVT-F151-CAP-002;PVT-F151-CAP-003;TST-F151-FR-001;PVT-F151-FR-001;TST-F151-FR-002;PVT-F151-FR-002;TST-F151-FR-003;PVT-F151-FR-003;PVT-F151-US-001;PVT-F151-US-002;PVT-F151-FLOW-001;PVT-F151-FLOW-002;TST-F151-BR-001;PVT-F151-BR-001;TST-F151-BR-002;PVT-F151-BR-002;PVT-F151-DATA-001;PVT-F151-DATA-002;TST-F151-VAL-001;PVT-F151-VAL-001;TST-F151-VAL-002;PVT-F151-VAL-002;TST-F151-CALC-001;PVT-F151-CALC-001;PVT-F151-UX-001;PVT-F151-UX-002;PVT-F151-UX-003;TST-F151-SEC-001;PVT-F151-SEC-001;TST-F151-SEC-002;PVT-F151-SEC-002;PVT-F151-AUTO-001;PVT-F151-APP-001;PVT-F151-NOTIF-001;PVT-F151-REP-001;PVT-F151-AI-001;TST-F151-INT-001;PVT-F151-INT-001;TST-F151-INT-002;PVT-F151-INT-002;TST-F151-API-001;PVT-F151-API-001;TST-F151-API-002;PVT-F151-API-002;TST-F151-PERF-001;PVT-F151-PERF-001;TST-F151-OBS-001;PVT-F151-OBS-001;TST-F151-E2E-001;PVT-F151-E2E-001;TST-F151-E2E-002;PVT-F151-E2E-002;TST-F151-UAT-001;PVT-F151-UAT-001;TST-F151-UAT-002;PVT-F151-UAT-002,AUTHORIZED_BY_PASS_F_SUBJECT_TO_WAVE_DEPENDENCIES,NOT_READY
F152,Work centres,Manufacturing,docs/03-modules/manufacturing/features/F152-work-centres.md,F152-CAP-001;F152-CAP-002;F152-CAP-003,F152-FLOW-001;F152-FLOW-002,F152-BR-001;F152-BR-002,F152-DATA-001;F152-DATA-002,F152-VAL-001;F152-VAL-002,F152-CALC-001,F152-UX-001;F152-UX-002;F152-UX-003,F152-SEC-001;F152-SEC-002,F152-INT-001;F152-INT-002,F152-API-001;F152-API-002,F152-E2E-001;F152-E2E-002,F152-UAT-001;F152-UAT-002,APPROVED,8,APPROVED,F152-PFC-01;F152-PFC-02;F152-PFC-03;F152-PFC-04;F152-PFC-05;F152-PFC-06;F152-PFC-07;F152-PFC-08;F152-PFC-09;F152-PFC-10,F152-STM-01;F152-STM-02;F152-STM-03;F152-STM-04;F152-STM-05,APPROVED,PFD-BM-F152-1;PFD-BM-F152-2,APPROVED,services/api/src/modules/manufacturing,apps/web/src/modules/manufacturing,READ_ONLY,W07,PVT-F152-CAP-001;PVT-F152-CAP-002;PVT-F152-CAP-003;TST-F152-FR-001;PVT-F152-FR-001;TST-F152-FR-002;PVT-F152-FR-002;TST-F152-FR-003;PVT-F152-FR-003;PVT-F152-US-001;PVT-F152-US-002;PVT-F152-FLOW-001;PVT-F152-FLOW-002;TST-F152-BR-001;PVT-F152-BR-001;TST-F152-BR-002;PVT-F152-BR-002;PVT-F152-DATA-001;PVT-F152-DATA-002;TST-F152-VAL-001;PVT-F152-VAL-001;TST-F152-VAL-002;PVT-F152-VAL-002;TST-F152-CALC-001;PVT-F152-CALC-001;PVT-F152-UX-001;PVT-F152-UX-002;PVT-F152-UX-003;TST-F152-SEC-001;PVT-F152-SEC-001;TST-F152-SEC-002;PVT-F152-SEC-002;PVT-F152-AUTO-001;PVT-F152-APP-001;PVT-F152-NOTIF-001;PVT-F152-REP-001;PVT-F152-AI-001;TST-F152-INT-001;PVT-F152-INT-001;TST-F152-INT-002;PVT-F152-INT-002;TST-F152-API-001;PVT-F152-API-001;TST-F152-API-002;PVT-F152-API-002;TST-F152-PERF-001;PVT-F152-PERF-001;TST-F152-OBS-001;PVT-F152-OBS-001;TST-F152-E2E-001;PVT-F152-E2E-001;TST-F152-E2E-002;PVT-F152-E2E-002;TST-F152-UAT-001;PVT-F152-UAT-001;TST-F152-UAT-002;PVT-F152-UAT-002,AUTHORIZED_BY_PASS_F_SUBJECT_TO_WAVE_DEPENDENCIES,NOT_READY
F153,Machine / work-centre capacity,Manufacturing,docs/03-modules/manufacturing/features/F153-machine-work-centre-capacity.md,F153-CAP-001;F153-CAP-002;F153-CAP-003,F153-FLOW-001;F153-FLOW-002,F153-BR-001;F153-BR-002,F153-DATA-001;F153-DATA-002,F153-VAL-001;F153-VAL-002,F153-CALC-001,F153-UX-001;F153-UX-002;F153-UX-003,F153-SEC-001;F153-SEC-002,F153-INT-001;F153-INT-002,F153-API-001;F153-API-002,F153-E2E-001;F153-E2E-002,F153-UAT-001;F153-UAT-002,APPROVED,8,APPROVED,F153-PFC-01;F153-PFC-02;F153-PFC-03;F153-PFC-04;F153-PFC-05;F153-PFC-06;F153-PFC-07;F153-PFC-08;F153-PFC-09;F153-PFC-10,F153-STM-01;F153-STM-02;F153-STM-03;F153-STM-04;F153-STM-05,APPROVED,PFD-BM-F153-1;PFD-BM-F153-2,APPROVED,services/api/src/modules/manufacturing,apps/web/src/modules/manufacturing,READ_ONLY,W07,PVT-F153-CAP-001;PVT-F153-CAP-002;PVT-F153-CAP-003;TST-F153-FR-001;PVT-F153-FR-001;TST-F153-FR-002;PVT-F153-FR-002;TST-F153-FR-003;PVT-F153-FR-003;PVT-F153-US-001;PVT-F153-US-002;PVT-F153-FLOW-001;PVT-F153-FLOW-002;TST-F153-BR-001;PVT-F153-BR-001;TST-F153-BR-002;PVT-F153-BR-002;PVT-F153-DATA-001;PVT-F153-DATA-002;TST-F153-VAL-001;PVT-F153-VAL-001;TST-F153-VAL-002;PVT-F153-VAL-002;TST-F153-CALC-001;PVT-F153-CALC-001;PVT-F153-UX-001;PVT-F153-UX-002;PVT-F153-UX-003;TST-F153-SEC-001;PVT-F153-SEC-001;TST-F153-SEC-002;PVT-F153-SEC-002;PVT-F153-AUTO-001;PVT-F153-APP-001;PVT-F153-NOTIF-001;PVT-F153-REP-001;PVT-F153-AI-001;TST-F153-INT-001;PVT-F153-INT-001;TST-F153-INT-002;PVT-F153-INT-002;TST-F153-API-001;PVT-F153-API-001;TST-F153-API-002;PVT-F153-API-002;TST-F153-PERF-001;PVT-F153-PERF-001;TST-F153-OBS-001;PVT-F153-OBS-001;TST-F153-E2E-001;PVT-F153-E2E-001;TST-F153-E2E-002;PVT-F153-E2E-002;TST-F153-UAT-001;PVT-F153-UAT-001;TST-F153-UAT-002;PVT-F153-UAT-002,AUTHORIZED_BY_PASS_F_SUBJECT_TO_WAVE_DEPENDENCIES,NOT_READY
F154,Shift calendars,Manufacturing,docs/03-modules/manufacturing/features/F154-shift-calendars.md,F154-CAP-001;F154-CAP-002;F154-CAP-003,F154-FLOW-001;F154-FLOW-002,F154-BR-001;F154-BR-002,F154-DATA-001;F154-DATA-002,F154-VAL-001;F154-VAL-002,F154-CALC-001,F154-UX-001;F154-UX-002;F154-UX-003,F154-SEC-001;F154-SEC-002,F154-INT-001;F154-INT-002,F154-API-001;F154-API-002,F154-E2E-001;F154-E2E-002,F154-UAT-001;F154-UAT-002,APPROVED,8,APPROVED,F154-PFC-01;F154-PFC-02;F154-PFC-03;F154-PFC-04;F154-PFC-05;F154-PFC-06;F154-PFC-07;F154-PFC-08;F154-PFC-09;F154-PFC-10,F154-STM-01;F154-STM-02;F154-STM-03;F154-STM-04;F154-STM-05,APPROVED,PFD-BM-F154-1;PFD-BM-F154-2,APPROVED,services/api/src/modules/manufacturing,apps/web/src/modules/manufacturing,READ_ONLY,W07,PVT-F154-CAP-001;PVT-F154-CAP-002;PVT-F154-CAP-003;TST-F154-FR-001;PVT-F154-FR-001;TST-F154-FR-002;PVT-F154-FR-002;TST-F154-FR-003;PVT-F154-FR-003;PVT-F154-US-001;PVT-F154-US-002;PVT-F154-FLOW-001;PVT-F154-FLOW-002;TST-F154-BR-001;PVT-F154-BR-001;TST-F154-BR-002;PVT-F154-BR-002;PVT-F154-DATA-001;PVT-F154-DATA-002;TST-F154-VAL-001;PVT-F154-VAL-001;TST-F154-VAL-002;PVT-F154-VAL-002;TST-F154-CALC-001;PVT-F154-CALC-001;PVT-F154-UX-001;PVT-F154-UX-002;PVT-F154-UX-003;TST-F154-SEC-001;PVT-F154-SEC-001;TST-F154-SEC-002;PVT-F154-SEC-002;PVT-F154-AUTO-001;PVT-F154-APP-001;PVT-F154-NOTIF-001;PVT-F154-REP-001;PVT-F154-AI-001;TST-F154-INT-001;PVT-F154-INT-001;TST-F154-INT-002;PVT-F154-INT-002;TST-F154-API-001;PVT-F154-API-001;TST-F154-API-002;PVT-F154-API-002;TST-F154-PERF-001;PVT-F154-PERF-001;TST-F154-OBS-001;PVT-F154-OBS-001;TST-F154-E2E-001;PVT-F154-E2E-001;TST-F154-E2E-002;PVT-F154-E2E-002;TST-F154-UAT-001;PVT-F154-UAT-001;TST-F154-UAT-002;PVT-F154-UAT-002,AUTHORIZED_BY_PASS_F_SUBJECT_TO_WAVE_DEPENDENCIES,NOT_READY
F155,Manufacturing orders,Manufacturing,docs/03-modules/manufacturing/features/F155-manufacturing-orders.md,F155-CAP-001;F155-CAP-002;F155-CAP-003,F155-FLOW-001;F155-FLOW-002,F155-BR-001;F155-BR-002,F155-DATA-001;F155-DATA-002,F155-VAL-001;F155-VAL-002,F155-CALC-001,F155-UX-001;F155-UX-002;F155-UX-003,F155-SEC-001;F155-SEC-002,F155-INT-001;F155-INT-002,F155-API-001;F155-API-002,F155-E2E-001;F155-E2E-002,F155-UAT-001;F155-UAT-002,APPROVED,8,APPROVED,F155-PFC-01;F155-PFC-02;F155-PFC-03;F155-PFC-04;F155-PFC-05;F155-PFC-06;F155-PFC-07;F155-PFC-08;F155-PFC-09;F155-PFC-10,F155-STM-01;F155-STM-02;F155-STM-03;F155-STM-04;F155-STM-05,APPROVED,PFD-BM-F155-1;PFD-BM-F155-2,APPROVED,services/api/src/modules/manufacturing,apps/web/src/modules/manufacturing,READ_ONLY,W07,PVT-F155-CAP-001;PVT-F155-CAP-002;PVT-F155-CAP-003;TST-F155-FR-001;PVT-F155-FR-001;TST-F155-FR-002;PVT-F155-FR-002;TST-F155-FR-003;PVT-F155-FR-003;PVT-F155-US-001;PVT-F155-US-002;PVT-F155-FLOW-001;PVT-F155-FLOW-002;TST-F155-BR-001;PVT-F155-BR-001;TST-F155-BR-002;PVT-F155-BR-002;PVT-F155-DATA-001;PVT-F155-DATA-002;TST-F155-VAL-001;PVT-F155-VAL-001;TST-F155-VAL-002;PVT-F155-VAL-002;TST-F155-CALC-001;PVT-F155-CALC-001;PVT-F155-UX-001;PVT-F155-UX-002;PVT-F155-UX-003;TST-F155-SEC-001;PVT-F155-SEC-001;TST-F155-SEC-002;PVT-F155-SEC-002;PVT-F155-AUTO-001;PVT-F155-APP-001;PVT-F155-NOTIF-001;PVT-F155-REP-001;PVT-F155-AI-001;TST-F155-INT-001;PVT-F155-INT-001;TST-F155-INT-002;PVT-F155-INT-002;TST-F155-API-001;PVT-F155-API-001;TST-F155-API-002;PVT-F155-API-002;TST-F155-PERF-001;PVT-F155-PERF-001;TST-F155-OBS-001;PVT-F155-OBS-001;TST-F155-E2E-001;PVT-F155-E2E-001;TST-F155-E2E-002;PVT-F155-E2E-002;TST-F155-UAT-001;PVT-F155-UAT-001;TST-F155-UAT-002;PVT-F155-UAT-002,AUTHORIZED_BY_PASS_F_SUBJECT_TO_WAVE_DEPENDENCIES,NOT_READY
F156,Work orders,Manufacturing,docs/03-modules/manufacturing/features/F156-work-orders.md,F156-CAP-001;F156-CAP-002;F156-CAP-003,F156-FLOW-001;F156-FLOW-002,F156-BR-001;F156-BR-002,F156-DATA-001;F156-DATA-002,F156-VAL-001;F156-VAL-002,F156-CALC-001,F156-UX-001;F156-UX-002;F156-UX-003,F156-SEC-001;F156-SEC-002,F156-INT-001;F156-INT-002,F156-API-001;F156-API-002,F156-E2E-001;F156-E2E-002,F156-UAT-001;F156-UAT-002,APPROVED,8,APPROVED,F156-PFC-01;F156-PFC-02;F156-PFC-03;F156-PFC-04;F156-PFC-05;F156-PFC-06;F156-PFC-07;F156-PFC-08;F156-PFC-09;F156-PFC-10,F156-STM-01;F156-STM-02;F156-STM-03;F156-STM-04;F156-STM-05,APPROVED,PFD-BM-F156-1;PFD-BM-F156-2,APPROVED,services/api/src/modules/manufacturing,apps/web/src/modules/manufacturing,FIELD_OPTIMIZED,W07,PVT-F156-CAP-001;PVT-F156-CAP-002;PVT-F156-CAP-003;TST-F156-FR-001;PVT-F156-FR-001;TST-F156-FR-002;PVT-F156-FR-002;TST-F156-FR-003;PVT-F156-FR-003;PVT-F156-US-001;PVT-F156-US-002;PVT-F156-FLOW-001;PVT-F156-FLOW-002;TST-F156-BR-001;PVT-F156-BR-001;TST-F156-BR-002;PVT-F156-BR-002;PVT-F156-DATA-001;PVT-F156-DATA-002;TST-F156-VAL-001;PVT-F156-VAL-001;TST-F156-VAL-002;PVT-F156-VAL-002;TST-F156-CALC-001;PVT-F156-CALC-001;PVT-F156-UX-001;PVT-F156-UX-002;PVT-F156-UX-003;TST-F156-SEC-001;PVT-F156-SEC-001;TST-F156-SEC-002;PVT-F156-SEC-002;PVT-F156-AUTO-001;PVT-F156-APP-001;PVT-F156-NOTIF-001;PVT-F156-REP-001;PVT-F156-AI-001;TST-F156-INT-001;PVT-F156-INT-001;TST-F156-INT-002;PVT-F156-INT-002;TST-F156-API-001;PVT-F156-API-001;TST-F156-API-002;PVT-F156-API-002;TST-F156-PERF-001;PVT-F156-PERF-001;TST-F156-OBS-001;PVT-F156-OBS-001;TST-F156-E2E-001;PVT-F156-E2E-001;TST-F156-E2E-002;PVT-F156-E2E-002;TST-F156-UAT-001;PVT-F156-UAT-001;TST-F156-UAT-002;PVT-F156-UAT-002,AUTHORIZED_BY_PASS_F_SUBJECT_TO_WAVE_DEPENDENCIES,NOT_READY
F157,Job cards,Manufacturing,docs/03-modules/manufacturing/features/F157-job-cards.md,F157-CAP-001;F157-CAP-002;F157-CAP-003,F157-FLOW-001;F157-FLOW-002,F157-BR-001;F157-BR-002,F157-DATA-001;F157-DATA-002,F157-VAL-001;F157-VAL-002,F157-CALC-001,F157-UX-001;F157-UX-002;F157-UX-003,F157-SEC-001;F157-SEC-002,F157-INT-001;F157-INT-002,F157-API-001;F157-API-002,F157-E2E-001;F157-E2E-002,F157-UAT-001;F157-UAT-002,APPROVED,8,APPROVED,F157-PFC-01;F157-PFC-02;F157-PFC-03;F157-PFC-04;F157-PFC-05;F157-PFC-06;F157-PFC-07;F157-PFC-08;F157-PFC-09;F157-PFC-10,F157-STM-01;F157-STM-02;F157-STM-03;F157-STM-04;F157-STM-05,APPROVED,PFD-BM-F157-1;PFD-BM-F157-2,APPROVED,services/api/src/modules/manufacturing,apps/web/src/modules/manufacturing,FIELD_OPTIMIZED,W07,PVT-F157-CAP-001;PVT-F157-CAP-002;PVT-F157-CAP-003;TST-F157-FR-001;PVT-F157-FR-001;TST-F157-FR-002;PVT-F157-FR-002;TST-F157-FR-003;PVT-F157-FR-003;PVT-F157-US-001;PVT-F157-US-002;PVT-F157-FLOW-001;PVT-F157-FLOW-002;TST-F157-BR-001;PVT-F157-BR-001;TST-F157-BR-002;PVT-F157-BR-002;PVT-F157-DATA-001;PVT-F157-DATA-002;TST-F157-VAL-001;PVT-F157-VAL-001;TST-F157-VAL-002;PVT-F157-VAL-002;TST-F157-CALC-001;PVT-F157-CALC-001;PVT-F157-UX-001;PVT-F157-UX-002;PVT-F157-UX-003;TST-F157-SEC-001;PVT-F157-SEC-001;TST-F157-SEC-002;PVT-F157-SEC-002;PVT-F157-AUTO-001;PVT-F157-APP-001;PVT-F157-NOTIF-001;PVT-F157-REP-001;PVT-F157-AI-001;TST-F157-INT-001;PVT-F157-INT-001;TST-F157-INT-002;PVT-F157-INT-002;TST-F157-API-001;PVT-F157-API-001;TST-F157-API-002;PVT-F157-API-002;TST-F157-PERF-001;PVT-F157-PERF-001;TST-F157-OBS-001;PVT-F157-OBS-001;TST-F157-E2E-001;PVT-F157-E2E-001;TST-F157-E2E-002;PVT-F157-E2E-002;TST-F157-UAT-001;PVT-F157-UAT-001;TST-F157-UAT-002;PVT-F157-UAT-002,AUTHORIZED_BY_PASS_F_SUBJECT_TO_WAVE_DEPENDENCIES,NOT_READY
F158,Production planning,Manufacturing,docs/03-modules/manufacturing/features/F158-production-planning.md,F158-CAP-001;F158-CAP-002;F158-CAP-003,F158-FLOW-001;F158-FLOW-002,F158-BR-001;F158-BR-002,F158-DATA-001;F158-DATA-002,F158-VAL-001;F158-VAL-002,F158-CALC-001,F158-UX-001;F158-UX-002;F158-UX-003,F158-SEC-001;F158-SEC-002,F158-INT-001;F158-INT-002,F158-API-001;F158-API-002,F158-E2E-001;F158-E2E-002,F158-UAT-001;F158-UAT-002,APPROVED,8,APPROVED,F158-PFC-01;F158-PFC-02;F158-PFC-03;F158-PFC-04;F158-PFC-05;F158-PFC-06;F158-PFC-07;F158-PFC-08;F158-PFC-09;F158-PFC-10,F158-STM-01;F158-STM-02;F158-STM-03;F158-STM-04;F158-STM-05,APPROVED,PFD-BM-F158-1;PFD-BM-F158-2,APPROVED,services/api/src/modules/manufacturing,apps/web/src/modules/manufacturing,READ_ONLY,W07,PVT-F158-CAP-001;PVT-F158-CAP-002;PVT-F158-CAP-003;TST-F158-FR-001;PVT-F158-FR-001;TST-F158-FR-002;PVT-F158-FR-002;TST-F158-FR-003;PVT-F158-FR-003;PVT-F158-US-001;PVT-F158-US-002;PVT-F158-FLOW-001;PVT-F158-FLOW-002;TST-F158-BR-001;PVT-F158-BR-001;TST-F158-BR-002;PVT-F158-BR-002;PVT-F158-DATA-001;PVT-F158-DATA-002;TST-F158-VAL-001;PVT-F158-VAL-001;TST-F158-VAL-002;PVT-F158-VAL-002;TST-F158-CALC-001;PVT-F158-CALC-001;PVT-F158-UX-001;PVT-F158-UX-002;PVT-F158-UX-003;TST-F158-SEC-001;PVT-F158-SEC-001;TST-F158-SEC-002;PVT-F158-SEC-002;PVT-F158-AUTO-001;PVT-F158-APP-001;PVT-F158-NOTIF-001;PVT-F158-REP-001;PVT-F158-AI-001;TST-F158-INT-001;PVT-F158-INT-001;TST-F158-INT-002;PVT-F158-INT-002;TST-F158-API-001;PVT-F158-API-001;TST-F158-API-002;PVT-F158-API-002;TST-F158-PERF-001;PVT-F158-PERF-001;TST-F158-OBS-001;PVT-F158-OBS-001;TST-F158-E2E-001;PVT-F158-E2E-001;TST-F158-E2E-002;PVT-F158-E2E-002;TST-F158-UAT-001;PVT-F158-UAT-001;TST-F158-UAT-002;PVT-F158-UAT-002,AUTHORIZED_BY_PASS_F_SUBJECT_TO_WAVE_DEPENDENCIES,NOT_READY
F159,MRP,Manufacturing,docs/03-modules/manufacturing/features/F159-mrp.md,F159-CAP-001;F159-CAP-002;F159-CAP-003,F159-FLOW-001;F159-FLOW-002,F159-BR-001;F159-BR-002,F159-DATA-001;F159-DATA-002,F159-VAL-001;F159-VAL-002,F159-CALC-001,F159-UX-001;F159-UX-002;F159-UX-003,F159-SEC-001;F159-SEC-002,F159-INT-001;F159-INT-002,F159-API-001;F159-API-002,F159-E2E-001;F159-E2E-002,F159-UAT-001;F159-UAT-002,APPROVED,8,APPROVED,F159-PFC-01;F159-PFC-02;F159-PFC-03;F159-PFC-04;F159-PFC-05;F159-PFC-06;F159-PFC-07;F159-PFC-08;F159-PFC-09;F159-PFC-10,F159-STM-01;F159-STM-02;F159-STM-03;F159-STM-04;F159-STM-05,APPROVED,PFD-BM-F159-1;PFD-BM-F159-2,APPROVED,services/api/src/modules/manufacturing,apps/web/src/modules/manufacturing,READ_ONLY,W07,PVT-F159-CAP-001;PVT-F159-CAP-002;PVT-F159-CAP-003;TST-F159-FR-001;PVT-F159-FR-001;TST-F159-FR-002;PVT-F159-FR-002;TST-F159-FR-003;PVT-F159-FR-003;PVT-F159-US-001;PVT-F159-US-002;PVT-F159-FLOW-001;PVT-F159-FLOW-002;TST-F159-BR-001;PVT-F159-BR-001;TST-F159-BR-002;PVT-F159-BR-002;PVT-F159-DATA-001;PVT-F159-DATA-002;TST-F159-VAL-001;PVT-F159-VAL-001;TST-F159-VAL-002;PVT-F159-VAL-002;TST-F159-CALC-001;PVT-F159-CALC-001;PVT-F159-UX-001;PVT-F159-UX-002;PVT-F159-UX-003;TST-F159-SEC-001;PVT-F159-SEC-001;TST-F159-SEC-002;PVT-F159-SEC-002;PVT-F159-AUTO-001;PVT-F159-APP-001;PVT-F159-NOTIF-001;PVT-F159-REP-001;PVT-F159-AI-001;TST-F159-INT-001;PVT-F159-INT-001;TST-F159-INT-002;PVT-F159-INT-002;TST-F159-API-001;PVT-F159-API-001;TST-F159-API-002;PVT-F159-API-002;TST-F159-PERF-001;PVT-F159-PERF-001;TST-F159-OBS-001;PVT-F159-OBS-001;TST-F159-E2E-001;PVT-F159-E2E-001;TST-F159-E2E-002;PVT-F159-E2E-002;TST-F159-UAT-001;PVT-F159-UAT-001;TST-F159-UAT-002;PVT-F159-UAT-002,AUTHORIZED_BY_PASS_F_SUBJECT_TO_WAVE_DEPENDENCIES,NOT_READY
F160,Material requirements,Manufacturing,docs/03-modules/manufacturing/features/F160-material-requirements.md,F160-CAP-001;F160-CAP-002;F160-CAP-003,F160-FLOW-001;F160-FLOW-002,F160-BR-001;F160-BR-002,F160-DATA-001;F160-DATA-002,F160-VAL-001;F160-VAL-002,F160-CALC-001,F160-UX-001;F160-UX-002;F160-UX-003,F160-SEC-001;F160-SEC-002,F160-INT-001;F160-INT-002,F160-API-001;F160-API-002,F160-E2E-001;F160-E2E-002,F160-UAT-001;F160-UAT-002,APPROVED,8,APPROVED,F160-PFC-01;F160-PFC-02;F160-PFC-03;F160-PFC-04;F160-PFC-05;F160-PFC-06;F160-PFC-07;F160-PFC-08;F160-PFC-09;F160-PFC-10,F160-STM-01;F160-STM-02;F160-STM-03;F160-STM-04;F160-STM-05,APPROVED,PFD-BM-F160-1;PFD-BM-F160-2,APPROVED,services/api/src/modules/manufacturing,apps/web/src/modules/manufacturing,READ_ONLY,W07,PVT-F160-CAP-001;PVT-F160-CAP-002;PVT-F160-CAP-003;TST-F160-FR-001;PVT-F160-FR-001;TST-F160-FR-002;PVT-F160-FR-002;TST-F160-FR-003;PVT-F160-FR-003;PVT-F160-US-001;PVT-F160-US-002;PVT-F160-FLOW-001;PVT-F160-FLOW-002;TST-F160-BR-001;PVT-F160-BR-001;TST-F160-BR-002;PVT-F160-BR-002;PVT-F160-DATA-001;PVT-F160-DATA-002;TST-F160-VAL-001;PVT-F160-VAL-001;TST-F160-VAL-002;PVT-F160-VAL-002;TST-F160-CALC-001;PVT-F160-CALC-001;PVT-F160-UX-001;PVT-F160-UX-002;PVT-F160-UX-003;TST-F160-SEC-001;PVT-F160-SEC-001;TST-F160-SEC-002;PVT-F160-SEC-002;PVT-F160-AUTO-001;PVT-F160-APP-001;PVT-F160-NOTIF-001;PVT-F160-REP-001;PVT-F160-AI-001;TST-F160-INT-001;PVT-F160-INT-001;TST-F160-INT-002;PVT-F160-INT-002;TST-F160-API-001;PVT-F160-API-001;TST-F160-API-002;PVT-F160-API-002;TST-F160-PERF-001;PVT-F160-PERF-001;TST-F160-OBS-001;PVT-F160-OBS-001;TST-F160-E2E-001;PVT-F160-E2E-001;TST-F160-E2E-002;PVT-F160-E2E-002;TST-F160-UAT-001;PVT-F160-UAT-001;TST-F160-UAT-002;PVT-F160-UAT-002,AUTHORIZED_BY_PASS_F_SUBJECT_TO_WAVE_DEPENDENCIES,NOT_READY
F161,Material availability,Manufacturing,docs/03-modules/manufacturing/features/F161-material-availability.md,F161-CAP-001;F161-CAP-002;F161-CAP-003,F161-FLOW-001;F161-FLOW-002,F161-BR-001;F161-BR-002,F161-DATA-001;F161-DATA-002,F161-VAL-001;F161-VAL-002,F161-CALC-001,F161-UX-001;F161-UX-002;F161-UX-003,F161-SEC-001;F161-SEC-002,F161-INT-001;F161-INT-002,F161-API-001;F161-API-002,F161-E2E-001;F161-E2E-002,F161-UAT-001;F161-UAT-002,APPROVED,8,APPROVED,F161-PFC-01;F161-PFC-02;F161-PFC-03;F161-PFC-04;F161-PFC-05;F161-PFC-06;F161-PFC-07;F161-PFC-08;F161-PFC-09;F161-PFC-10,F161-STM-01;F161-STM-02;F161-STM-03;F161-STM-04;F161-STM-05,APPROVED,PFD-BM-F161-1;PFD-BM-F161-2,APPROVED,services/api/src/modules/manufacturing,apps/web/src/modules/manufacturing,READ_ONLY,W07,PVT-F161-CAP-001;PVT-F161-CAP-002;PVT-F161-CAP-003;TST-F161-FR-001;PVT-F161-FR-001;TST-F161-FR-002;PVT-F161-FR-002;TST-F161-FR-003;PVT-F161-FR-003;PVT-F161-US-001;PVT-F161-US-002;PVT-F161-FLOW-001;PVT-F161-FLOW-002;TST-F161-BR-001;PVT-F161-BR-001;TST-F161-BR-002;PVT-F161-BR-002;PVT-F161-DATA-001;PVT-F161-DATA-002;TST-F161-VAL-001;PVT-F161-VAL-001;TST-F161-VAL-002;PVT-F161-VAL-002;TST-F161-CALC-001;PVT-F161-CALC-001;PVT-F161-UX-001;PVT-F161-UX-002;PVT-F161-UX-003;TST-F161-SEC-001;PVT-F161-SEC-001;TST-F161-SEC-002;PVT-F161-SEC-002;PVT-F161-AUTO-001;PVT-F161-APP-001;PVT-F161-NOTIF-001;PVT-F161-REP-001;PVT-F161-AI-001;TST-F161-INT-001;PVT-F161-INT-001;TST-F161-INT-002;PVT-F161-INT-002;TST-F161-API-001;PVT-F161-API-001;TST-F161-API-002;PVT-F161-API-002;TST-F161-PERF-001;PVT-F161-PERF-001;TST-F161-OBS-001;PVT-F161-OBS-001;TST-F161-E2E-001;PVT-F161-E2E-001;TST-F161-E2E-002;PVT-F161-E2E-002;TST-F161-UAT-001;PVT-F161-UAT-001;TST-F161-UAT-002;PVT-F161-UAT-002,AUTHORIZED_BY_PASS_F_SUBJECT_TO_WAVE_DEPENDENCIES,NOT_READY
F162,Raw-material reservations,Manufacturing,docs/03-modules/manufacturing/features/F162-raw-material-reservations.md,F162-CAP-001;F162-CAP-002;F162-CAP-003,F162-FLOW-001;F162-FLOW-002,F162-BR-001;F162-BR-002,F162-DATA-001;F162-DATA-002,F162-VAL-001;F162-VAL-002,F162-CALC-001,F162-UX-001;F162-UX-002;F162-UX-003,F162-SEC-001;F162-SEC-002,F162-INT-001;F162-INT-002,F162-API-001;F162-API-002,F162-E2E-001;F162-E2E-002,F162-UAT-001;F162-UAT-002,APPROVED,8,APPROVED,F162-PFC-01;F162-PFC-02;F162-PFC-03;F162-PFC-04;F162-PFC-05;F162-PFC-06;F162-PFC-07;F162-PFC-08;F162-PFC-09;F162-PFC-10,F162-STM-01;F162-STM-02;F162-STM-03;F162-STM-04;F162-STM-05,APPROVED,PFD-BM-F162-1;PFD-BM-F162-2,APPROVED,services/api/src/modules/manufacturing,apps/web/src/modules/manufacturing,READ_ONLY,W07,PVT-F162-CAP-001;PVT-F162-CAP-002;PVT-F162-CAP-003;TST-F162-FR-001;PVT-F162-FR-001;TST-F162-FR-002;PVT-F162-FR-002;TST-F162-FR-003;PVT-F162-FR-003;PVT-F162-US-001;PVT-F162-US-002;PVT-F162-FLOW-001;PVT-F162-FLOW-002;TST-F162-BR-001;PVT-F162-BR-001;TST-F162-BR-002;PVT-F162-BR-002;PVT-F162-DATA-001;PVT-F162-DATA-002;TST-F162-VAL-001;PVT-F162-VAL-001;TST-F162-VAL-002;PVT-F162-VAL-002;TST-F162-CALC-001;PVT-F162-CALC-001;PVT-F162-UX-001;PVT-F162-UX-002;PVT-F162-UX-003;TST-F162-SEC-001;PVT-F162-SEC-001;TST-F162-SEC-002;PVT-F162-SEC-002;PVT-F162-AUTO-001;PVT-F162-APP-001;PVT-F162-NOTIF-001;PVT-F162-REP-001;PVT-F162-AI-001;TST-F162-INT-001;PVT-F162-INT-001;TST-F162-INT-002;PVT-F162-INT-002;TST-F162-API-001;PVT-F162-API-001;TST-F162-API-002;PVT-F162-API-002;TST-F162-PERF-001;PVT-F162-PERF-001;TST-F162-OBS-001;PVT-F162-OBS-001;TST-F162-E2E-001;PVT-F162-E2E-001;TST-F162-E2E-002;PVT-F162-E2E-002;TST-F162-UAT-001;PVT-F162-UAT-001;TST-F162-UAT-002;PVT-F162-UAT-002,AUTHORIZED_BY_PASS_F_SUBJECT_TO_WAVE_DEPENDENCIES,NOT_READY
F163,Material issue,Manufacturing,docs/03-modules/manufacturing/features/F163-material-issue.md,F163-CAP-001;F163-CAP-002;F163-CAP-003,F163-FLOW-001;F163-FLOW-002,F163-BR-001;F163-BR-002,F163-DATA-001;F163-DATA-002,F163-VAL-001;F163-VAL-002,F163-CALC-001,F163-UX-001;F163-UX-002;F163-UX-003,F163-SEC-001;F163-SEC-002,F163-INT-001;F163-INT-002,F163-API-001;F163-API-002,F163-E2E-001;F163-E2E-002,F163-UAT-001;F163-UAT-002,APPROVED,8,APPROVED,F163-PFC-01;F163-PFC-02;F163-PFC-03;F163-PFC-04;F163-PFC-05;F163-PFC-06;F163-PFC-07;F163-PFC-08;F163-PFC-09;F163-PFC-10,F163-STM-01;F163-STM-02;F163-STM-03;F163-STM-04;F163-STM-05,APPROVED,PFD-BM-F163-1;PFD-BM-F163-2,APPROVED,services/api/src/modules/manufacturing,apps/web/src/modules/manufacturing,FIELD_OPTIMIZED,W07,PVT-F163-CAP-001;PVT-F163-CAP-002;PVT-F163-CAP-003;TST-F163-FR-001;PVT-F163-FR-001;TST-F163-FR-002;PVT-F163-FR-002;TST-F163-FR-003;PVT-F163-FR-003;PVT-F163-US-001;PVT-F163-US-002;PVT-F163-FLOW-001;PVT-F163-FLOW-002;TST-F163-BR-001;PVT-F163-BR-001;TST-F163-BR-002;PVT-F163-BR-002;PVT-F163-DATA-001;PVT-F163-DATA-002;TST-F163-VAL-001;PVT-F163-VAL-001;TST-F163-VAL-002;PVT-F163-VAL-002;TST-F163-CALC-001;PVT-F163-CALC-001;PVT-F163-UX-001;PVT-F163-UX-002;PVT-F163-UX-003;TST-F163-SEC-001;PVT-F163-SEC-001;TST-F163-SEC-002;PVT-F163-SEC-002;PVT-F163-AUTO-001;PVT-F163-APP-001;PVT-F163-NOTIF-001;PVT-F163-REP-001;PVT-F163-AI-001;TST-F163-INT-001;PVT-F163-INT-001;TST-F163-INT-002;PVT-F163-INT-002;TST-F163-API-001;PVT-F163-API-001;TST-F163-API-002;PVT-F163-API-002;TST-F163-PERF-001;PVT-F163-PERF-001;TST-F163-OBS-001;PVT-F163-OBS-001;TST-F163-E2E-001;PVT-F163-E2E-001;TST-F163-E2E-002;PVT-F163-E2E-002;TST-F163-UAT-001;PVT-F163-UAT-001;TST-F163-UAT-002;PVT-F163-UAT-002,AUTHORIZED_BY_PASS_F_SUBJECT_TO_WAVE_DEPENDENCIES,NOT_READY
F164,Material consumption,Manufacturing,docs/03-modules/manufacturing/features/F164-material-consumption.md,F164-CAP-001;F164-CAP-002;F164-CAP-003,F164-FLOW-001;F164-FLOW-002,F164-BR-001;F164-BR-002,F164-DATA-001;F164-DATA-002,F164-VAL-001;F164-VAL-002,F164-CALC-001,F164-UX-001;F164-UX-002;F164-UX-003,F164-SEC-001;F164-SEC-002,F164-INT-001;F164-INT-002,F164-API-001;F164-API-002,F164-E2E-001;F164-E2E-002,F164-UAT-001;F164-UAT-002,APPROVED,8,APPROVED,F164-PFC-01;F164-PFC-02;F164-PFC-03;F164-PFC-04;F164-PFC-05;F164-PFC-06;F164-PFC-07;F164-PFC-08;F164-PFC-09;F164-PFC-10,F164-STM-01;F164-STM-02;F164-STM-03;F164-STM-04;F164-STM-05,APPROVED,PFD-BM-F164-1;PFD-BM-F164-2,APPROVED,services/api/src/modules/manufacturing,apps/web/src/modules/manufacturing,READ_ONLY,W07,PVT-F164-CAP-001;PVT-F164-CAP-002;PVT-F164-CAP-003;TST-F164-FR-001;PVT-F164-FR-001;TST-F164-FR-002;PVT-F164-FR-002;TST-F164-FR-003;PVT-F164-FR-003;PVT-F164-US-001;PVT-F164-US-002;PVT-F164-FLOW-001;PVT-F164-FLOW-002;TST-F164-BR-001;PVT-F164-BR-001;TST-F164-BR-002;PVT-F164-BR-002;PVT-F164-DATA-001;PVT-F164-DATA-002;TST-F164-VAL-001;PVT-F164-VAL-001;TST-F164-VAL-002;PVT-F164-VAL-002;TST-F164-CALC-001;PVT-F164-CALC-001;PVT-F164-UX-001;PVT-F164-UX-002;PVT-F164-UX-003;TST-F164-SEC-001;PVT-F164-SEC-001;TST-F164-SEC-002;PVT-F164-SEC-002;PVT-F164-AUTO-001;PVT-F164-APP-001;PVT-F164-NOTIF-001;PVT-F164-REP-001;PVT-F164-AI-001;TST-F164-INT-001;PVT-F164-INT-001;TST-F164-INT-002;PVT-F164-INT-002;TST-F164-API-001;PVT-F164-API-001;TST-F164-API-002;PVT-F164-API-002;TST-F164-PERF-001;PVT-F164-PERF-001;TST-F164-OBS-001;PVT-F164-OBS-001;TST-F164-E2E-001;PVT-F164-E2E-001;TST-F164-E2E-002;PVT-F164-E2E-002;TST-F164-UAT-001;PVT-F164-UAT-001;TST-F164-UAT-002;PVT-F164-UAT-002,AUTHORIZED_BY_PASS_F_SUBJECT_TO_WAVE_DEPENDENCIES,NOT_READY
F165,Backflushing,Manufacturing,docs/03-modules/manufacturing/features/F165-backflushing.md,F165-CAP-001;F165-CAP-002;F165-CAP-003,F165-FLOW-001;F165-FLOW-002,F165-BR-001;F165-BR-002,F165-DATA-001;F165-DATA-002,F165-VAL-001;F165-VAL-002,F165-CALC-001,F165-UX-001;F165-UX-002;F165-UX-003,F165-SEC-001;F165-SEC-002,F165-INT-001;F165-INT-002,F165-API-001;F165-API-002,F165-E2E-001;F165-E2E-002,F165-UAT-001;F165-UAT-002,APPROVED,8,APPROVED,F165-PFC-01;F165-PFC-02;F165-PFC-03;F165-PFC-04;F165-PFC-05;F165-PFC-06;F165-PFC-07;F165-PFC-08;F165-PFC-09;F165-PFC-10,F165-STM-01;F165-STM-02;F165-STM-03;F165-STM-04;F165-STM-05,APPROVED,PFD-BM-F165-1;PFD-BM-F165-2,APPROVED,services/api/src/modules/manufacturing,apps/web/src/modules/manufacturing,READ_ONLY,W07,PVT-F165-CAP-001;PVT-F165-CAP-002;PVT-F165-CAP-003;TST-F165-FR-001;PVT-F165-FR-001;TST-F165-FR-002;PVT-F165-FR-002;TST-F165-FR-003;PVT-F165-FR-003;PVT-F165-US-001;PVT-F165-US-002;PVT-F165-FLOW-001;PVT-F165-FLOW-002;TST-F165-BR-001;PVT-F165-BR-001;TST-F165-BR-002;PVT-F165-BR-002;PVT-F165-DATA-001;PVT-F165-DATA-002;TST-F165-VAL-001;PVT-F165-VAL-001;TST-F165-VAL-002;PVT-F165-VAL-002;TST-F165-CALC-001;PVT-F165-CALC-001;PVT-F165-UX-001;PVT-F165-UX-002;PVT-F165-UX-003;TST-F165-SEC-001;PVT-F165-SEC-001;TST-F165-SEC-002;PVT-F165-SEC-002;PVT-F165-AUTO-001;PVT-F165-APP-001;PVT-F165-NOTIF-001;PVT-F165-REP-001;PVT-F165-AI-001;TST-F165-INT-001;PVT-F165-INT-001;TST-F165-INT-002;PVT-F165-INT-002;TST-F165-API-001;PVT-F165-API-001;TST-F165-API-002;PVT-F165-API-002;TST-F165-PERF-001;PVT-F165-PERF-001;TST-F165-OBS-001;PVT-F165-OBS-001;TST-F165-E2E-001;PVT-F165-E2E-001;TST-F165-E2E-002;PVT-F165-E2E-002;TST-F165-UAT-001;PVT-F165-UAT-001;TST-F165-UAT-002;PVT-F165-UAT-002,AUTHORIZED_BY_PASS_F_SUBJECT_TO_WAVE_DEPENDENCIES,NOT_READY
F166,Work in progress,Manufacturing,docs/03-modules/manufacturing/features/F166-work-in-progress.md,F166-CAP-001;F166-CAP-002;F166-CAP-003,F166-FLOW-001;F166-FLOW-002,F166-BR-001;F166-BR-002,F166-DATA-001;F166-DATA-002,F166-VAL-001;F166-VAL-002,F166-CALC-001,F166-UX-001;F166-UX-002;F166-UX-003,F166-SEC-001;F166-SEC-002,F166-INT-001;F166-INT-002,F166-API-001;F166-API-002,F166-E2E-001;F166-E2E-002,F166-UAT-001;F166-UAT-002,APPROVED,8,APPROVED,F166-PFC-01;F166-PFC-02;F166-PFC-03;F166-PFC-04;F166-PFC-05;F166-PFC-06;F166-PFC-07;F166-PFC-08;F166-PFC-09;F166-PFC-10,F166-STM-01;F166-STM-02;F166-STM-03;F166-STM-04;F166-STM-05,APPROVED,PFD-BM-F166-1;PFD-BM-F166-2,APPROVED,services/api/src/modules/manufacturing,apps/web/src/modules/manufacturing,READ_ONLY,W07,PVT-F166-CAP-001;PVT-F166-CAP-002;PVT-F166-CAP-003;TST-F166-FR-001;PVT-F166-FR-001;TST-F166-FR-002;PVT-F166-FR-002;TST-F166-FR-003;PVT-F166-FR-003;PVT-F166-US-001;PVT-F166-US-002;PVT-F166-FLOW-001;PVT-F166-FLOW-002;TST-F166-BR-001;PVT-F166-BR-001;TST-F166-BR-002;PVT-F166-BR-002;PVT-F166-DATA-001;PVT-F166-DATA-002;TST-F166-VAL-001;PVT-F166-VAL-001;TST-F166-VAL-002;PVT-F166-VAL-002;TST-F166-CALC-001;PVT-F166-CALC-001;PVT-F166-UX-001;PVT-F166-UX-002;PVT-F166-UX-003;TST-F166-SEC-001;PVT-F166-SEC-001;TST-F166-SEC-002;PVT-F166-SEC-002;PVT-F166-AUTO-001;PVT-F166-APP-001;PVT-F166-NOTIF-001;PVT-F166-REP-001;PVT-F166-AI-001;TST-F166-INT-001;PVT-F166-INT-001;TST-F166-INT-002;PVT-F166-INT-002;TST-F166-API-001;PVT-F166-API-001;TST-F166-API-002;PVT-F166-API-002;TST-F166-PERF-001;PVT-F166-PERF-001;TST-F166-OBS-001;PVT-F166-OBS-001;TST-F166-E2E-001;PVT-F166-E2E-001;TST-F166-E2E-002;PVT-F166-E2E-002;TST-F166-UAT-001;PVT-F166-UAT-001;TST-F166-UAT-002;PVT-F166-UAT-002,AUTHORIZED_BY_PASS_F_SUBJECT_TO_WAVE_DEPENDENCIES,NOT_READY
F167,Finished-goods receipt,Manufacturing,docs/03-modules/manufacturing/features/F167-finished-goods-receipt.md,F167-CAP-001;F167-CAP-002;F167-CAP-003,F167-FLOW-001;F167-FLOW-002,F167-BR-001;F167-BR-002,F167-DATA-001;F167-DATA-002,F167-VAL-001;F167-VAL-002,F167-CALC-001,F167-UX-001;F167-UX-002;F167-UX-003,F167-SEC-001;F167-SEC-002,F167-INT-001;F167-INT-002,F167-API-001;F167-API-002,F167-E2E-001;F167-E2E-002,F167-UAT-001;F167-UAT-002,APPROVED,8,APPROVED,F167-PFC-01;F167-PFC-02;F167-PFC-03;F167-PFC-04;F167-PFC-05;F167-PFC-06;F167-PFC-07;F167-PFC-08;F167-PFC-09;F167-PFC-10,F167-STM-01;F167-STM-02;F167-STM-03;F167-STM-04;F167-STM-05,APPROVED,PFD-BM-F167-1;PFD-BM-F167-2,APPROVED,services/api/src/modules/manufacturing,apps/web/src/modules/manufacturing,FIELD_OPTIMIZED,W07,PVT-F167-CAP-001;PVT-F167-CAP-002;PVT-F167-CAP-003;TST-F167-FR-001;PVT-F167-FR-001;TST-F167-FR-002;PVT-F167-FR-002;TST-F167-FR-003;PVT-F167-FR-003;PVT-F167-US-001;PVT-F167-US-002;PVT-F167-FLOW-001;PVT-F167-FLOW-002;TST-F167-BR-001;PVT-F167-BR-001;TST-F167-BR-002;PVT-F167-BR-002;PVT-F167-DATA-001;PVT-F167-DATA-002;TST-F167-VAL-001;PVT-F167-VAL-001;TST-F167-VAL-002;PVT-F167-VAL-002;TST-F167-CALC-001;PVT-F167-CALC-001;PVT-F167-UX-001;PVT-F167-UX-002;PVT-F167-UX-003;TST-F167-SEC-001;PVT-F167-SEC-001;TST-F167-SEC-002;PVT-F167-SEC-002;PVT-F167-AUTO-001;PVT-F167-APP-001;PVT-F167-NOTIF-001;PVT-F167-REP-001;PVT-F167-AI-001;TST-F167-INT-001;PVT-F167-INT-001;TST-F167-INT-002;PVT-F167-INT-002;TST-F167-API-001;PVT-F167-API-001;TST-F167-API-002;PVT-F167-API-002;TST-F167-PERF-001;PVT-F167-PERF-001;TST-F167-OBS-001;PVT-F167-OBS-001;TST-F167-E2E-001;PVT-F167-E2E-001;TST-F167-E2E-002;PVT-F167-E2E-002;TST-F167-UAT-001;PVT-F167-UAT-001;TST-F167-UAT-002;PVT-F167-UAT-002,AUTHORIZED_BY_PASS_F_SUBJECT_TO_WAVE_DEPENDENCIES,NOT_READY
F168,Production scheduling,Manufacturing,docs/03-modules/manufacturing/features/F168-production-scheduling.md,F168-CAP-001;F168-CAP-002;F168-CAP-003,F168-FLOW-001;F168-FLOW-002,F168-BR-001;F168-BR-002,F168-DATA-001;F168-DATA-002,F168-VAL-001;F168-VAL-002,F168-CALC-001,F168-UX-001;F168-UX-002;F168-UX-003,F168-SEC-001;F168-SEC-002,F168-INT-001;F168-INT-002,F168-API-001;F168-API-002,F168-E2E-001;F168-E2E-002,F168-UAT-001;F168-UAT-002,APPROVED,8,APPROVED,F168-PFC-01;F168-PFC-02;F168-PFC-03;F168-PFC-04;F168-PFC-05;F168-PFC-06;F168-PFC-07;F168-PFC-08;F168-PFC-09;F168-PFC-10,F168-STM-01;F168-STM-02;F168-STM-03;F168-STM-04;F168-STM-05,APPROVED,PFD-BM-F168-1;PFD-BM-F168-2,APPROVED,services/api/src/modules/manufacturing,apps/web/src/modules/manufacturing,READ_ONLY,W07,PVT-F168-CAP-001;PVT-F168-CAP-002;PVT-F168-CAP-003;TST-F168-FR-001;PVT-F168-FR-001;TST-F168-FR-002;PVT-F168-FR-002;TST-F168-FR-003;PVT-F168-FR-003;PVT-F168-US-001;PVT-F168-US-002;PVT-F168-FLOW-001;PVT-F168-FLOW-002;TST-F168-BR-001;PVT-F168-BR-001;TST-F168-BR-002;PVT-F168-BR-002;PVT-F168-DATA-001;PVT-F168-DATA-002;TST-F168-VAL-001;PVT-F168-VAL-001;TST-F168-VAL-002;PVT-F168-VAL-002;TST-F168-CALC-001;PVT-F168-CALC-001;PVT-F168-UX-001;PVT-F168-UX-002;PVT-F168-UX-003;TST-F168-SEC-001;PVT-F168-SEC-001;TST-F168-SEC-002;PVT-F168-SEC-002;PVT-F168-AUTO-001;PVT-F168-APP-001;PVT-F168-NOTIF-001;PVT-F168-REP-001;PVT-F168-AI-001;TST-F168-INT-001;PVT-F168-INT-001;TST-F168-INT-002;PVT-F168-INT-002;TST-F168-API-001;PVT-F168-API-001;TST-F168-API-002;PVT-F168-API-002;TST-F168-PERF-001;PVT-F168-PERF-001;TST-F168-OBS-001;PVT-F168-OBS-001;TST-F168-E2E-001;PVT-F168-E2E-001;TST-F168-E2E-002;PVT-F168-E2E-002;TST-F168-UAT-001;PVT-F168-UAT-001;TST-F168-UAT-002;PVT-F168-UAT-002,AUTHORIZED_BY_PASS_F_SUBJECT_TO_WAVE_DEPENDENCIES,NOT_READY
F169,Labor time,Manufacturing,docs/03-modules/manufacturing/features/F169-labor-time.md,F169-CAP-001;F169-CAP-002;F169-CAP-003,F169-FLOW-001;F169-FLOW-002,F169-BR-001;F169-BR-002,F169-DATA-001;F169-DATA-002,F169-VAL-001;F169-VAL-002,F169-CALC-001,F169-UX-001;F169-UX-002;F169-UX-003,F169-SEC-001;F169-SEC-002,F169-INT-001;F169-INT-002,F169-API-001;F169-API-002,F169-E2E-001;F169-E2E-002,F169-UAT-001;F169-UAT-002,APPROVED,8,APPROVED,F169-PFC-01;F169-PFC-02;F169-PFC-03;F169-PFC-04;F169-PFC-05;F169-PFC-06;F169-PFC-07;F169-PFC-08;F169-PFC-09;F169-PFC-10,F169-STM-01;F169-STM-02;F169-STM-03;F169-STM-04;F169-STM-05,APPROVED,PFD-BM-F169-1;PFD-BM-F169-2,APPROVED,services/api/src/modules/manufacturing,apps/web/src/modules/manufacturing,READ_ONLY,W07,PVT-F169-CAP-001;PVT-F169-CAP-002;PVT-F169-CAP-003;TST-F169-FR-001;PVT-F169-FR-001;TST-F169-FR-002;PVT-F169-FR-002;TST-F169-FR-003;PVT-F169-FR-003;PVT-F169-US-001;PVT-F169-US-002;PVT-F169-FLOW-001;PVT-F169-FLOW-002;TST-F169-BR-001;PVT-F169-BR-001;TST-F169-BR-002;PVT-F169-BR-002;PVT-F169-DATA-001;PVT-F169-DATA-002;TST-F169-VAL-001;PVT-F169-VAL-001;TST-F169-VAL-002;PVT-F169-VAL-002;TST-F169-CALC-001;PVT-F169-CALC-001;PVT-F169-UX-001;PVT-F169-UX-002;PVT-F169-UX-003;TST-F169-SEC-001;PVT-F169-SEC-001;TST-F169-SEC-002;PVT-F169-SEC-002;PVT-F169-AUTO-001;PVT-F169-APP-001;PVT-F169-NOTIF-001;PVT-F169-REP-001;PVT-F169-AI-001;TST-F169-INT-001;PVT-F169-INT-001;TST-F169-INT-002;PVT-F169-INT-002;TST-F169-API-001;PVT-F169-API-001;TST-F169-API-002;PVT-F169-API-002;TST-F169-PERF-001;PVT-F169-PERF-001;TST-F169-OBS-001;PVT-F169-OBS-001;TST-F169-E2E-001;PVT-F169-E2E-001;TST-F169-E2E-002;PVT-F169-E2E-002;TST-F169-UAT-001;PVT-F169-UAT-001;TST-F169-UAT-002;PVT-F169-UAT-002,AUTHORIZED_BY_PASS_F_SUBJECT_TO_WAVE_DEPENDENCIES,NOT_READY
F170,Machine time,Manufacturing,docs/03-modules/manufacturing/features/F170-machine-time.md,F170-CAP-001;F170-CAP-002;F170-CAP-003,F170-FLOW-001;F170-FLOW-002,F170-BR-001;F170-BR-002,F170-DATA-001;F170-DATA-002,F170-VAL-001;F170-VAL-002,F170-CALC-001,F170-UX-001;F170-UX-002;F170-UX-003,F170-SEC-001;F170-SEC-002,F170-INT-001;F170-INT-002,F170-API-001;F170-API-002,F170-E2E-001;F170-E2E-002,F170-UAT-001;F170-UAT-002,APPROVED,8,APPROVED,F170-PFC-01;F170-PFC-02;F170-PFC-03;F170-PFC-04;F170-PFC-05;F170-PFC-06;F170-PFC-07;F170-PFC-08;F170-PFC-09;F170-PFC-10,F170-STM-01;F170-STM-02;F170-STM-03;F170-STM-04;F170-STM-05,APPROVED,PFD-BM-F170-1;PFD-BM-F170-2,APPROVED,services/api/src/modules/manufacturing,apps/web/src/modules/manufacturing,READ_ONLY,W07,PVT-F170-CAP-001;PVT-F170-CAP-002;PVT-F170-CAP-003;TST-F170-FR-001;PVT-F170-FR-001;TST-F170-FR-002;PVT-F170-FR-002;TST-F170-FR-003;PVT-F170-FR-003;PVT-F170-US-001;PVT-F170-US-002;PVT-F170-FLOW-001;PVT-F170-FLOW-002;TST-F170-BR-001;PVT-F170-BR-001;TST-F170-BR-002;PVT-F170-BR-002;PVT-F170-DATA-001;PVT-F170-DATA-002;TST-F170-VAL-001;PVT-F170-VAL-001;TST-F170-VAL-002;PVT-F170-VAL-002;TST-F170-CALC-001;PVT-F170-CALC-001;PVT-F170-UX-001;PVT-F170-UX-002;PVT-F170-UX-003;TST-F170-SEC-001;PVT-F170-SEC-001;TST-F170-SEC-002;PVT-F170-SEC-002;PVT-F170-AUTO-001;PVT-F170-APP-001;PVT-F170-NOTIF-001;PVT-F170-REP-001;PVT-F170-AI-001;TST-F170-INT-001;PVT-F170-INT-001;TST-F170-INT-002;PVT-F170-INT-002;TST-F170-API-001;PVT-F170-API-001;TST-F170-API-002;PVT-F170-API-002;TST-F170-PERF-001;PVT-F170-PERF-001;TST-F170-OBS-001;PVT-F170-OBS-001;TST-F170-E2E-001;PVT-F170-E2E-001;TST-F170-E2E-002;PVT-F170-E2E-002;TST-F170-UAT-001;PVT-F170-UAT-001;TST-F170-UAT-002;PVT-F170-UAT-002,AUTHORIZED_BY_PASS_F_SUBJECT_TO_WAVE_DEPENDENCIES,NOT_READY
F171,Setup time,Manufacturing,docs/03-modules/manufacturing/features/F171-setup-time.md,F171-CAP-001;F171-CAP-002;F171-CAP-003,F171-FLOW-001;F171-FLOW-002,F171-BR-001;F171-BR-002,F171-DATA-001;F171-DATA-002,F171-VAL-001;F171-VAL-002,F171-CALC-001,F171-UX-001;F171-UX-002;F171-UX-003,F171-SEC-001;F171-SEC-002,F171-INT-001;F171-INT-002,F171-API-001;F171-API-002,F171-E2E-001;F171-E2E-002,F171-UAT-001;F171-UAT-002,APPROVED,8,APPROVED,F171-PFC-01;F171-PFC-02;F171-PFC-03;F171-PFC-04;F171-PFC-05;F171-PFC-06;F171-PFC-07;F171-PFC-08;F171-PFC-09;F171-PFC-10,F171-STM-01;F171-STM-02;F171-STM-03;F171-STM-04;F171-STM-05,APPROVED,PFD-BM-F171-1;PFD-BM-F171-2,APPROVED,services/api/src/modules/manufacturing,apps/web/src/modules/manufacturing,READ_ONLY,W07,PVT-F171-CAP-001;PVT-F171-CAP-002;PVT-F171-CAP-003;TST-F171-FR-001;PVT-F171-FR-001;TST-F171-FR-002;PVT-F171-FR-002;TST-F171-FR-003;PVT-F171-FR-003;PVT-F171-US-001;PVT-F171-US-002;PVT-F171-FLOW-001;PVT-F171-FLOW-002;TST-F171-BR-001;PVT-F171-BR-001;TST-F171-BR-002;PVT-F171-BR-002;PVT-F171-DATA-001;PVT-F171-DATA-002;TST-F171-VAL-001;PVT-F171-VAL-001;TST-F171-VAL-002;PVT-F171-VAL-002;TST-F171-CALC-001;PVT-F171-CALC-001;PVT-F171-UX-001;PVT-F171-UX-002;PVT-F171-UX-003;TST-F171-SEC-001;PVT-F171-SEC-001;TST-F171-SEC-002;PVT-F171-SEC-002;PVT-F171-AUTO-001;PVT-F171-APP-001;PVT-F171-NOTIF-001;PVT-F171-REP-001;PVT-F171-AI-001;TST-F171-INT-001;PVT-F171-INT-001;TST-F171-INT-002;PVT-F171-INT-002;TST-F171-API-001;PVT-F171-API-001;TST-F171-API-002;PVT-F171-API-002;TST-F171-PERF-001;PVT-F171-PERF-001;TST-F171-OBS-001;PVT-F171-OBS-001;TST-F171-E2E-001;PVT-F171-E2E-001;TST-F171-E2E-002;PVT-F171-E2E-002;TST-F171-UAT-001;PVT-F171-UAT-001;TST-F171-UAT-002;PVT-F171-UAT-002,AUTHORIZED_BY_PASS_F_SUBJECT_TO_WAVE_DEPENDENCIES,NOT_READY
F172,Scrap,Manufacturing,docs/03-modules/manufacturing/features/F172-scrap.md,F172-CAP-001;F172-CAP-002;F172-CAP-003,F172-FLOW-001;F172-FLOW-002,F172-BR-001;F172-BR-002,F172-DATA-001;F172-DATA-002,F172-VAL-001;F172-VAL-002,F172-CALC-001,F172-UX-001;F172-UX-002;F172-UX-003,F172-SEC-001;F172-SEC-002,F172-INT-001;F172-INT-002,F172-API-001;F172-API-002,F172-E2E-001;F172-E2E-002,F172-UAT-001;F172-UAT-002,APPROVED,8,APPROVED,F172-PFC-01;F172-PFC-02;F172-PFC-03;F172-PFC-04;F172-PFC-05;F172-PFC-06;F172-PFC-07;F172-PFC-08;F172-PFC-09;F172-PFC-10,F172-STM-01;F172-STM-02;F172-STM-03;F172-STM-04;F172-STM-05,APPROVED,PFD-BM-F172-1;PFD-BM-F172-2,APPROVED,services/api/src/modules/manufacturing,apps/web/src/modules/manufacturing,READ_ONLY,W07,PVT-F172-CAP-001;PVT-F172-CAP-002;PVT-F172-CAP-003;TST-F172-FR-001;PVT-F172-FR-001;TST-F172-FR-002;PVT-F172-FR-002;TST-F172-FR-003;PVT-F172-FR-003;PVT-F172-US-001;PVT-F172-US-002;PVT-F172-FLOW-001;PVT-F172-FLOW-002;TST-F172-BR-001;PVT-F172-BR-001;TST-F172-BR-002;PVT-F172-BR-002;PVT-F172-DATA-001;PVT-F172-DATA-002;TST-F172-VAL-001;PVT-F172-VAL-001;TST-F172-VAL-002;PVT-F172-VAL-002;TST-F172-CALC-001;PVT-F172-CALC-001;PVT-F172-UX-001;PVT-F172-UX-002;PVT-F172-UX-003;TST-F172-SEC-001;PVT-F172-SEC-001;TST-F172-SEC-002;PVT-F172-SEC-002;PVT-F172-AUTO-001;PVT-F172-APP-001;PVT-F172-NOTIF-001;PVT-F172-REP-001;PVT-F172-AI-001;TST-F172-INT-001;PVT-F172-INT-001;TST-F172-INT-002;PVT-F172-INT-002;TST-F172-API-001;PVT-F172-API-001;TST-F172-API-002;PVT-F172-API-002;TST-F172-PERF-001;PVT-F172-PERF-001;TST-F172-OBS-001;PVT-F172-OBS-001;TST-F172-E2E-001;PVT-F172-E2E-001;TST-F172-E2E-002;PVT-F172-E2E-002;TST-F172-UAT-001;PVT-F172-UAT-001;TST-F172-UAT-002;PVT-F172-UAT-002,AUTHORIZED_BY_PASS_F_SUBJECT_TO_WAVE_DEPENDENCIES,NOT_READY
F173,Waste,Manufacturing,docs/03-modules/manufacturing/features/F173-waste.md,F173-CAP-001;F173-CAP-002;F173-CAP-003,F173-FLOW-001;F173-FLOW-002,F173-BR-001;F173-BR-002,F173-DATA-001;F173-DATA-002,F173-VAL-001;F173-VAL-002,F173-CALC-001,F173-UX-001;F173-UX-002;F173-UX-003,F173-SEC-001;F173-SEC-002,F173-INT-001;F173-INT-002,F173-API-001;F173-API-002,F173-E2E-001;F173-E2E-002,F173-UAT-001;F173-UAT-002,APPROVED,8,APPROVED,F173-PFC-01;F173-PFC-02;F173-PFC-03;F173-PFC-04;F173-PFC-05;F173-PFC-06;F173-PFC-07;F173-PFC-08;F173-PFC-09;F173-PFC-10,F173-STM-01;F173-STM-02;F173-STM-03;F173-STM-04;F173-STM-05,APPROVED,PFD-BM-F173-1;PFD-BM-F173-2,APPROVED,services/api/src/modules/manufacturing,apps/web/src/modules/manufacturing,READ_ONLY,W07,PVT-F173-CAP-001;PVT-F173-CAP-002;PVT-F173-CAP-003;TST-F173-FR-001;PVT-F173-FR-001;TST-F173-FR-002;PVT-F173-FR-002;TST-F173-FR-003;PVT-F173-FR-003;PVT-F173-US-001;PVT-F173-US-002;PVT-F173-FLOW-001;PVT-F173-FLOW-002;TST-F173-BR-001;PVT-F173-BR-001;TST-F173-BR-002;PVT-F173-BR-002;PVT-F173-DATA-001;PVT-F173-DATA-002;TST-F173-VAL-001;PVT-F173-VAL-001;TST-F173-VAL-002;PVT-F173-VAL-002;TST-F173-CALC-001;PVT-F173-CALC-001;PVT-F173-UX-001;PVT-F173-UX-002;PVT-F173-UX-003;TST-F173-SEC-001;PVT-F173-SEC-001;TST-F173-SEC-002;PVT-F173-SEC-002;PVT-F173-AUTO-001;PVT-F173-APP-001;PVT-F173-NOTIF-001;PVT-F173-REP-001;PVT-F173-AI-001;TST-F173-INT-001;PVT-F173-INT-001;TST-F173-INT-002;PVT-F173-INT-002;TST-F173-API-001;PVT-F173-API-001;TST-F173-API-002;PVT-F173-API-002;TST-F173-PERF-001;PVT-F173-PERF-001;TST-F173-OBS-001;PVT-F173-OBS-001;TST-F173-E2E-001;PVT-F173-E2E-001;TST-F173-E2E-002;PVT-F173-E2E-002;TST-F173-UAT-001;PVT-F173-UAT-001;TST-F173-UAT-002;PVT-F173-UAT-002,AUTHORIZED_BY_PASS_F_SUBJECT_TO_WAVE_DEPENDENCIES,NOT_READY
F174,By-products and co-products,Manufacturing,docs/03-modules/manufacturing/features/F174-by-products-and-co-products.md,F174-CAP-001;F174-CAP-002;F174-CAP-003,F174-FLOW-001;F174-FLOW-002,F174-BR-001;F174-BR-002,F174-DATA-001;F174-DATA-002,F174-VAL-001;F174-VAL-002,F174-CALC-001,F174-UX-001;F174-UX-002;F174-UX-003,F174-SEC-001;F174-SEC-002,F174-INT-001;F174-INT-002,F174-API-001;F174-API-002,F174-E2E-001;F174-E2E-002,F174-UAT-001;F174-UAT-002,APPROVED,8,APPROVED,F174-PFC-01;F174-PFC-02;F174-PFC-03;F174-PFC-04;F174-PFC-05;F174-PFC-06;F174-PFC-07;F174-PFC-08;F174-PFC-09;F174-PFC-10,F174-STM-01;F174-STM-02;F174-STM-03;F174-STM-04;F174-STM-05,APPROVED,PFD-BM-F174-1;PFD-BM-F174-2,APPROVED,services/api/src/modules/manufacturing,apps/web/src/modules/manufacturing,READ_ONLY,W07,PVT-F174-CAP-001;PVT-F174-CAP-002;PVT-F174-CAP-003;TST-F174-FR-001;PVT-F174-FR-001;TST-F174-FR-002;PVT-F174-FR-002;TST-F174-FR-003;PVT-F174-FR-003;PVT-F174-US-001;PVT-F174-US-002;PVT-F174-FLOW-001;PVT-F174-FLOW-002;TST-F174-BR-001;PVT-F174-BR-001;TST-F174-BR-002;PVT-F174-BR-002;PVT-F174-DATA-001;PVT-F174-DATA-002;TST-F174-VAL-001;PVT-F174-VAL-001;TST-F174-VAL-002;PVT-F174-VAL-002;TST-F174-CALC-001;PVT-F174-CALC-001;PVT-F174-UX-001;PVT-F174-UX-002;PVT-F174-UX-003;TST-F174-SEC-001;PVT-F174-SEC-001;TST-F174-SEC-002;PVT-F174-SEC-002;PVT-F174-AUTO-001;PVT-F174-APP-001;PVT-F174-NOTIF-001;PVT-F174-REP-001;PVT-F174-AI-001;TST-F174-INT-001;PVT-F174-INT-001;TST-F174-INT-002;PVT-F174-INT-002;TST-F174-API-001;PVT-F174-API-001;TST-F174-API-002;PVT-F174-API-002;TST-F174-PERF-001;PVT-F174-PERF-001;TST-F174-OBS-001;PVT-F174-OBS-001;TST-F174-E2E-001;PVT-F174-E2E-001;TST-F174-E2E-002;PVT-F174-E2E-002;TST-F174-UAT-001;PVT-F174-UAT-001;TST-F174-UAT-002;PVT-F174-UAT-002,AUTHORIZED_BY_PASS_F_SUBJECT_TO_WAVE_DEPENDENCIES,NOT_READY
F175,Rework,Manufacturing,docs/03-modules/manufacturing/features/F175-rework.md,F175-CAP-001;F175-CAP-002;F175-CAP-003,F175-FLOW-001;F175-FLOW-002,F175-BR-001;F175-BR-002,F175-DATA-001;F175-DATA-002,F175-VAL-001;F175-VAL-002,F175-CALC-001,F175-UX-001;F175-UX-002;F175-UX-003,F175-SEC-001;F175-SEC-002,F175-INT-001;F175-INT-002,F175-API-001;F175-API-002,F175-E2E-001;F175-E2E-002,F175-UAT-001;F175-UAT-002,APPROVED,8,APPROVED,F175-PFC-01;F175-PFC-02;F175-PFC-03;F175-PFC-04;F175-PFC-05;F175-PFC-06;F175-PFC-07;F175-PFC-08;F175-PFC-09;F175-PFC-10,F175-STM-01;F175-STM-02;F175-STM-03;F175-STM-04;F175-STM-05,APPROVED,PFD-BM-F175-1;PFD-BM-F175-2,APPROVED,services/api/src/modules/manufacturing,apps/web/src/modules/manufacturing,READ_ONLY,W07,PVT-F175-CAP-001;PVT-F175-CAP-002;PVT-F175-CAP-003;TST-F175-FR-001;PVT-F175-FR-001;TST-F175-FR-002;PVT-F175-FR-002;TST-F175-FR-003;PVT-F175-FR-003;PVT-F175-US-001;PVT-F175-US-002;PVT-F175-FLOW-001;PVT-F175-FLOW-002;TST-F175-BR-001;PVT-F175-BR-001;TST-F175-BR-002;PVT-F175-BR-002;PVT-F175-DATA-001;PVT-F175-DATA-002;TST-F175-VAL-001;PVT-F175-VAL-001;TST-F175-VAL-002;PVT-F175-VAL-002;TST-F175-CALC-001;PVT-F175-CALC-001;PVT-F175-UX-001;PVT-F175-UX-002;PVT-F175-UX-003;TST-F175-SEC-001;PVT-F175-SEC-001;TST-F175-SEC-002;PVT-F175-SEC-002;PVT-F175-AUTO-001;PVT-F175-APP-001;PVT-F175-NOTIF-001;PVT-F175-REP-001;PVT-F175-AI-001;TST-F175-INT-001;PVT-F175-INT-001;TST-F175-INT-002;PVT-F175-INT-002;TST-F175-API-001;PVT-F175-API-001;TST-F175-API-002;PVT-F175-API-002;TST-F175-PERF-001;PVT-F175-PERF-001;TST-F175-OBS-001;PVT-F175-OBS-001;TST-F175-E2E-001;PVT-F175-E2E-001;TST-F175-E2E-002;PVT-F175-E2E-002;TST-F175-UAT-001;PVT-F175-UAT-001;TST-F175-UAT-002;PVT-F175-UAT-002,AUTHORIZED_BY_PASS_F_SUBJECT_TO_WAVE_DEPENDENCIES,NOT_READY
F176,Batch manufacturing,Manufacturing,docs/03-modules/manufacturing/features/F176-batch-manufacturing.md,F176-CAP-001;F176-CAP-002;F176-CAP-003,F176-FLOW-001;F176-FLOW-002,F176-BR-001;F176-BR-002,F176-DATA-001;F176-DATA-002,F176-VAL-001;F176-VAL-002,F176-CALC-001,F176-UX-001;F176-UX-002;F176-UX-003,F176-SEC-001;F176-SEC-002,F176-INT-001;F176-INT-002,F176-API-001;F176-API-002,F176-E2E-001;F176-E2E-002,F176-UAT-001;F176-UAT-002,APPROVED,8,APPROVED,F176-PFC-01;F176-PFC-02;F176-PFC-03;F176-PFC-04;F176-PFC-05;F176-PFC-06;F176-PFC-07;F176-PFC-08;F176-PFC-09;F176-PFC-10,F176-STM-01;F176-STM-02;F176-STM-03;F176-STM-04;F176-STM-05,APPROVED,PFD-BM-F176-1;PFD-BM-F176-2,APPROVED,services/api/src/modules/manufacturing,apps/web/src/modules/manufacturing,READ_ONLY,W07,PVT-F176-CAP-001;PVT-F176-CAP-002;PVT-F176-CAP-003;TST-F176-FR-001;PVT-F176-FR-001;TST-F176-FR-002;PVT-F176-FR-002;TST-F176-FR-003;PVT-F176-FR-003;PVT-F176-US-001;PVT-F176-US-002;PVT-F176-FLOW-001;PVT-F176-FLOW-002;TST-F176-BR-001;PVT-F176-BR-001;TST-F176-BR-002;PVT-F176-BR-002;PVT-F176-DATA-001;PVT-F176-DATA-002;TST-F176-VAL-001;PVT-F176-VAL-001;TST-F176-VAL-002;PVT-F176-VAL-002;TST-F176-CALC-001;PVT-F176-CALC-001;PVT-F176-UX-001;PVT-F176-UX-002;PVT-F176-UX-003;TST-F176-SEC-001;PVT-F176-SEC-001;TST-F176-SEC-002;PVT-F176-SEC-002;PVT-F176-AUTO-001;PVT-F176-APP-001;PVT-F176-NOTIF-001;PVT-F176-REP-001;PVT-F176-AI-001;TST-F176-INT-001;PVT-F176-INT-001;TST-F176-INT-002;PVT-F176-INT-002;TST-F176-API-001;PVT-F176-API-001;TST-F176-API-002;PVT-F176-API-002;TST-F176-PERF-001;PVT-F176-PERF-001;TST-F176-OBS-001;PVT-F176-OBS-001;TST-F176-E2E-001;PVT-F176-E2E-001;TST-F176-E2E-002;PVT-F176-E2E-002;TST-F176-UAT-001;PVT-F176-UAT-001;TST-F176-UAT-002;PVT-F176-UAT-002,AUTHORIZED_BY_PASS_F_SUBJECT_TO_WAVE_DEPENDENCIES,NOT_READY
F177,Serial tracking,Manufacturing,docs/03-modules/manufacturing/features/F177-serial-tracking.md,F177-CAP-001;F177-CAP-002;F177-CAP-003,F177-FLOW-001;F177-FLOW-002,F177-BR-001;F177-BR-002,F177-DATA-001;F177-DATA-002,F177-VAL-001;F177-VAL-002,F177-CALC-001,F177-UX-001;F177-UX-002;F177-UX-003,F177-SEC-001;F177-SEC-002,F177-INT-001;F177-INT-002,F177-API-001;F177-API-002,F177-E2E-001;F177-E2E-002,F177-UAT-001;F177-UAT-002,APPROVED,8,APPROVED,F177-PFC-01;F177-PFC-02;F177-PFC-03;F177-PFC-04;F177-PFC-05;F177-PFC-06;F177-PFC-07;F177-PFC-08;F177-PFC-09;F177-PFC-10,F177-STM-01;F177-STM-02;F177-STM-03;F177-STM-04;F177-STM-05,APPROVED,PFD-BM-F177-1;PFD-BM-F177-2,APPROVED,services/api/src/modules/manufacturing,apps/web/src/modules/manufacturing,READ_ONLY,W07,PVT-F177-CAP-001;PVT-F177-CAP-002;PVT-F177-CAP-003;TST-F177-FR-001;PVT-F177-FR-001;TST-F177-FR-002;PVT-F177-FR-002;TST-F177-FR-003;PVT-F177-FR-003;PVT-F177-US-001;PVT-F177-US-002;PVT-F177-FLOW-001;PVT-F177-FLOW-002;TST-F177-BR-001;PVT-F177-BR-001;TST-F177-BR-002;PVT-F177-BR-002;PVT-F177-DATA-001;PVT-F177-DATA-002;TST-F177-VAL-001;PVT-F177-VAL-001;TST-F177-VAL-002;PVT-F177-VAL-002;TST-F177-CALC-001;PVT-F177-CALC-001;PVT-F177-UX-001;PVT-F177-UX-002;PVT-F177-UX-003;TST-F177-SEC-001;PVT-F177-SEC-001;TST-F177-SEC-002;PVT-F177-SEC-002;PVT-F177-AUTO-001;PVT-F177-APP-001;PVT-F177-NOTIF-001;PVT-F177-REP-001;PVT-F177-AI-001;TST-F177-INT-001;PVT-F177-INT-001;TST-F177-INT-002;PVT-F177-INT-002;TST-F177-API-001;PVT-F177-API-001;TST-F177-API-002;PVT-F177-API-002;TST-F177-PERF-001;PVT-F177-PERF-001;TST-F177-OBS-001;PVT-F177-OBS-001;TST-F177-E2E-001;PVT-F177-E2E-001;TST-F177-E2E-002;PVT-F177-E2E-002;TST-F177-UAT-001;PVT-F177-UAT-001;TST-F177-UAT-002;PVT-F177-UAT-002,AUTHORIZED_BY_PASS_F_SUBJECT_TO_WAVE_DEPENDENCIES,NOT_READY
F178,Make-to-stock,Manufacturing,docs/03-modules/manufacturing/features/F178-make-to-stock.md,F178-CAP-001;F178-CAP-002;F178-CAP-003,F178-FLOW-001;F178-FLOW-002,F178-BR-001;F178-BR-002,F178-DATA-001;F178-DATA-002,F178-VAL-001;F178-VAL-002,F178-CALC-001,F178-UX-001;F178-UX-002;F178-UX-003,F178-SEC-001;F178-SEC-002,F178-INT-001;F178-INT-002,F178-API-001;F178-API-002,F178-E2E-001;F178-E2E-002,F178-UAT-001;F178-UAT-002,APPROVED,8,APPROVED,F178-PFC-01;F178-PFC-02;F178-PFC-03;F178-PFC-04;F178-PFC-05;F178-PFC-06;F178-PFC-07;F178-PFC-08;F178-PFC-09;F178-PFC-10,F178-STM-01;F178-STM-02;F178-STM-03;F178-STM-04;F178-STM-05,APPROVED,PFD-BM-F178-1;PFD-BM-F178-2,APPROVED,services/api/src/modules/manufacturing,apps/web/src/modules/manufacturing,READ_ONLY,W07,PVT-F178-CAP-001;PVT-F178-CAP-002;PVT-F178-CAP-003;TST-F178-FR-001;PVT-F178-FR-001;TST-F178-FR-002;PVT-F178-FR-002;TST-F178-FR-003;PVT-F178-FR-003;PVT-F178-US-001;PVT-F178-US-002;PVT-F178-FLOW-001;PVT-F178-FLOW-002;TST-F178-BR-001;PVT-F178-BR-001;TST-F178-BR-002;PVT-F178-BR-002;PVT-F178-DATA-001;PVT-F178-DATA-002;TST-F178-VAL-001;PVT-F178-VAL-001;TST-F178-VAL-002;PVT-F178-VAL-002;TST-F178-CALC-001;PVT-F178-CALC-001;PVT-F178-UX-001;PVT-F178-UX-002;PVT-F178-UX-003;TST-F178-SEC-001;PVT-F178-SEC-001;TST-F178-SEC-002;PVT-F178-SEC-002;PVT-F178-AUTO-001;PVT-F178-APP-001;PVT-F178-NOTIF-001;PVT-F178-REP-001;PVT-F178-AI-001;TST-F178-INT-001;PVT-F178-INT-001;TST-F178-INT-002;PVT-F178-INT-002;TST-F178-API-001;PVT-F178-API-001;TST-F178-API-002;PVT-F178-API-002;TST-F178-PERF-001;PVT-F178-PERF-001;TST-F178-OBS-001;PVT-F178-OBS-001;TST-F178-E2E-001;PVT-F178-E2E-001;TST-F178-E2E-002;PVT-F178-E2E-002;TST-F178-UAT-001;PVT-F178-UAT-001;TST-F178-UAT-002;PVT-F178-UAT-002,AUTHORIZED_BY_PASS_F_SUBJECT_TO_WAVE_DEPENDENCIES,NOT_READY
F179,Make-to-order,Manufacturing,docs/03-modules/manufacturing/features/F179-make-to-order.md,F179-CAP-001;F179-CAP-002;F179-CAP-003,F179-FLOW-001;F179-FLOW-002,F179-BR-001;F179-BR-002,F179-DATA-001;F179-DATA-002,F179-VAL-001;F179-VAL-002,F179-CALC-001,F179-UX-001;F179-UX-002;F179-UX-003,F179-SEC-001;F179-SEC-002,F179-INT-001;F179-INT-002,F179-API-001;F179-API-002,F179-E2E-001;F179-E2E-002,F179-UAT-001;F179-UAT-002,APPROVED,8,APPROVED,F179-PFC-01;F179-PFC-02;F179-PFC-03;F179-PFC-04;F179-PFC-05;F179-PFC-06;F179-PFC-07;F179-PFC-08;F179-PFC-09;F179-PFC-10,F179-STM-01;F179-STM-02;F179-STM-03;F179-STM-04;F179-STM-05,APPROVED,PFD-BM-F179-1;PFD-BM-F179-2,APPROVED,services/api/src/modules/manufacturing,apps/web/src/modules/manufacturing,READ_ONLY,W07,PVT-F179-CAP-001;PVT-F179-CAP-002;PVT-F179-CAP-003;TST-F179-FR-001;PVT-F179-FR-001;TST-F179-FR-002;PVT-F179-FR-002;TST-F179-FR-003;PVT-F179-FR-003;PVT-F179-US-001;PVT-F179-US-002;PVT-F179-FLOW-001;PVT-F179-FLOW-002;TST-F179-BR-001;PVT-F179-BR-001;TST-F179-BR-002;PVT-F179-BR-002;PVT-F179-DATA-001;PVT-F179-DATA-002;TST-F179-VAL-001;PVT-F179-VAL-001;TST-F179-VAL-002;PVT-F179-VAL-002;TST-F179-CALC-001;PVT-F179-CALC-001;PVT-F179-UX-001;PVT-F179-UX-002;PVT-F179-UX-003;TST-F179-SEC-001;PVT-F179-SEC-001;TST-F179-SEC-002;PVT-F179-SEC-002;PVT-F179-AUTO-001;PVT-F179-APP-001;PVT-F179-NOTIF-001;PVT-F179-REP-001;PVT-F179-AI-001;TST-F179-INT-001;PVT-F179-INT-001;TST-F179-INT-002;PVT-F179-INT-002;TST-F179-API-001;PVT-F179-API-001;TST-F179-API-002;PVT-F179-API-002;TST-F179-PERF-001;PVT-F179-PERF-001;TST-F179-OBS-001;PVT-F179-OBS-001;TST-F179-E2E-001;PVT-F179-E2E-001;TST-F179-E2E-002;PVT-F179-E2E-002;TST-F179-UAT-001;PVT-F179-UAT-001;TST-F179-UAT-002;PVT-F179-UAT-002,AUTHORIZED_BY_PASS_F_SUBJECT_TO_WAVE_DEPENDENCIES,NOT_READY
F180,Subcontract manufacturing,Manufacturing,docs/03-modules/manufacturing/features/F180-subcontract-manufacturing.md,F180-CAP-001;F180-CAP-002;F180-CAP-003,F180-FLOW-001;F180-FLOW-002,F180-BR-001;F180-BR-002,F180-DATA-001;F180-DATA-002,F180-VAL-001;F180-VAL-002,F180-CALC-001,F180-UX-001;F180-UX-002;F180-UX-003,F180-SEC-001;F180-SEC-002,F180-INT-001;F180-INT-002,F180-API-001;F180-API-002,F180-E2E-001;F180-E2E-002,F180-UAT-001;F180-UAT-002,APPROVED,8,APPROVED,F180-PFC-01;F180-PFC-02;F180-PFC-03;F180-PFC-04;F180-PFC-05;F180-PFC-06;F180-PFC-07;F180-PFC-08;F180-PFC-09;F180-PFC-10,F180-STM-01;F180-STM-02;F180-STM-03;F180-STM-04;F180-STM-05,APPROVED,PFD-BM-F180-1;PFD-BM-F180-2,APPROVED,services/api/src/modules/manufacturing,apps/web/src/modules/manufacturing,READ_ONLY,W07,PVT-F180-CAP-001;PVT-F180-CAP-002;PVT-F180-CAP-003;TST-F180-FR-001;PVT-F180-FR-001;TST-F180-FR-002;PVT-F180-FR-002;TST-F180-FR-003;PVT-F180-FR-003;PVT-F180-US-001;PVT-F180-US-002;PVT-F180-FLOW-001;PVT-F180-FLOW-002;TST-F180-BR-001;PVT-F180-BR-001;TST-F180-BR-002;PVT-F180-BR-002;PVT-F180-DATA-001;PVT-F180-DATA-002;TST-F180-VAL-001;PVT-F180-VAL-001;TST-F180-VAL-002;PVT-F180-VAL-002;TST-F180-CALC-001;PVT-F180-CALC-001;PVT-F180-UX-001;PVT-F180-UX-002;PVT-F180-UX-003;TST-F180-SEC-001;PVT-F180-SEC-001;TST-F180-SEC-002;PVT-F180-SEC-002;PVT-F180-AUTO-001;PVT-F180-APP-001;PVT-F180-NOTIF-001;PVT-F180-REP-001;PVT-F180-AI-001;TST-F180-INT-001;PVT-F180-INT-001;TST-F180-INT-002;PVT-F180-INT-002;TST-F180-API-001;PVT-F180-API-001;TST-F180-API-002;PVT-F180-API-002;TST-F180-PERF-001;PVT-F180-PERF-001;TST-F180-OBS-001;PVT-F180-OBS-001;TST-F180-E2E-001;PVT-F180-E2E-001;TST-F180-E2E-002;PVT-F180-E2E-002;TST-F180-UAT-001;PVT-F180-UAT-001;TST-F180-UAT-002;PVT-F180-UAT-002,AUTHORIZED_BY_PASS_F_SUBJECT_TO_WAVE_DEPENDENCIES,NOT_READY
F181,Production quality inspections,Manufacturing,docs/03-modules/manufacturing/features/F181-production-quality-inspections.md,F181-CAP-001;F181-CAP-002;F181-CAP-003,F181-FLOW-001;F181-FLOW-002,F181-BR-001;F181-BR-002,F181-DATA-001;F181-DATA-002,F181-VAL-001;F181-VAL-002,F181-CALC-001,F181-UX-001;F181-UX-002;F181-UX-003,F181-SEC-001;F181-SEC-002,F181-INT-001;F181-INT-002,F181-API-001;F181-API-002,F181-E2E-001;F181-E2E-002,F181-UAT-001;F181-UAT-002,APPROVED,8,APPROVED,F181-PFC-01;F181-PFC-02;F181-PFC-03;F181-PFC-04;F181-PFC-05;F181-PFC-06;F181-PFC-07;F181-PFC-08;F181-PFC-09;F181-PFC-10,F181-STM-01;F181-STM-02;F181-STM-03;F181-STM-04;F181-STM-05,APPROVED,PFD-BM-F181-1;PFD-BM-F181-2,APPROVED,services/api/src/modules/manufacturing,apps/web/src/modules/manufacturing,FIELD_OPTIMIZED,W07,PVT-F181-CAP-001;PVT-F181-CAP-002;PVT-F181-CAP-003;TST-F181-FR-001;PVT-F181-FR-001;TST-F181-FR-002;PVT-F181-FR-002;TST-F181-FR-003;PVT-F181-FR-003;PVT-F181-US-001;PVT-F181-US-002;PVT-F181-FLOW-001;PVT-F181-FLOW-002;TST-F181-BR-001;PVT-F181-BR-001;TST-F181-BR-002;PVT-F181-BR-002;PVT-F181-DATA-001;PVT-F181-DATA-002;TST-F181-VAL-001;PVT-F181-VAL-001;TST-F181-VAL-002;PVT-F181-VAL-002;TST-F181-CALC-001;PVT-F181-CALC-001;PVT-F181-UX-001;PVT-F181-UX-002;PVT-F181-UX-003;TST-F181-SEC-001;PVT-F181-SEC-001;TST-F181-SEC-002;PVT-F181-SEC-002;PVT-F181-AUTO-001;PVT-F181-APP-001;PVT-F181-NOTIF-001;PVT-F181-REP-001;PVT-F181-AI-001;TST-F181-INT-001;PVT-F181-INT-001;TST-F181-INT-002;PVT-F181-INT-002;TST-F181-API-001;PVT-F181-API-001;TST-F181-API-002;PVT-F181-API-002;TST-F181-PERF-001;PVT-F181-PERF-001;TST-F181-OBS-001;PVT-F181-OBS-001;TST-F181-E2E-001;PVT-F181-E2E-001;TST-F181-E2E-002;PVT-F181-E2E-002;TST-F181-UAT-001;PVT-F181-UAT-001;TST-F181-UAT-002;PVT-F181-UAT-002,AUTHORIZED_BY_PASS_F_SUBJECT_TO_WAVE_DEPENDENCIES,NOT_READY
F182,Production hold,Manufacturing,docs/03-modules/manufacturing/features/F182-production-hold.md,F182-CAP-001;F182-CAP-002;F182-CAP-003,F182-FLOW-001;F182-FLOW-002,F182-BR-001;F182-BR-002,F182-DATA-001;F182-DATA-002,F182-VAL-001;F182-VAL-002,F182-CALC-001,F182-UX-001;F182-UX-002;F182-UX-003,F182-SEC-001;F182-SEC-002,F182-INT-001;F182-INT-002,F182-API-001;F182-API-002,F182-E2E-001;F182-E2E-002,F182-UAT-001;F182-UAT-002,APPROVED,8,APPROVED,F182-PFC-01;F182-PFC-02;F182-PFC-03;F182-PFC-04;F182-PFC-05;F182-PFC-06;F182-PFC-07;F182-PFC-08;F182-PFC-09;F182-PFC-10,F182-STM-01;F182-STM-02;F182-STM-03;F182-STM-04;F182-STM-05,APPROVED,PFD-BM-F182-1;PFD-BM-F182-2,APPROVED,services/api/src/modules/manufacturing,apps/web/src/modules/manufacturing,READ_ONLY,W07,PVT-F182-CAP-001;PVT-F182-CAP-002;PVT-F182-CAP-003;TST-F182-FR-001;PVT-F182-FR-001;TST-F182-FR-002;PVT-F182-FR-002;TST-F182-FR-003;PVT-F182-FR-003;PVT-F182-US-001;PVT-F182-US-002;PVT-F182-FLOW-001;PVT-F182-FLOW-002;TST-F182-BR-001;PVT-F182-BR-001;TST-F182-BR-002;PVT-F182-BR-002;PVT-F182-DATA-001;PVT-F182-DATA-002;TST-F182-VAL-001;PVT-F182-VAL-001;TST-F182-VAL-002;PVT-F182-VAL-002;TST-F182-CALC-001;PVT-F182-CALC-001;PVT-F182-UX-001;PVT-F182-UX-002;PVT-F182-UX-003;TST-F182-SEC-001;PVT-F182-SEC-001;TST-F182-SEC-002;PVT-F182-SEC-002;PVT-F182-AUTO-001;PVT-F182-APP-001;PVT-F182-NOTIF-001;PVT-F182-REP-001;PVT-F182-AI-001;TST-F182-INT-001;PVT-F182-INT-001;TST-F182-INT-002;PVT-F182-INT-002;TST-F182-API-001;PVT-F182-API-001;TST-F182-API-002;PVT-F182-API-002;TST-F182-PERF-001;PVT-F182-PERF-001;TST-F182-OBS-001;PVT-F182-OBS-001;TST-F182-E2E-001;PVT-F182-E2E-001;TST-F182-E2E-002;PVT-F182-E2E-002;TST-F182-UAT-001;PVT-F182-UAT-001;TST-F182-UAT-002;PVT-F182-UAT-002,AUTHORIZED_BY_PASS_F_SUBJECT_TO_WAVE_DEPENDENCIES,NOT_READY
F183,Production costing,Manufacturing,docs/03-modules/manufacturing/features/F183-production-costing.md,F183-CAP-001;F183-CAP-002;F183-CAP-003,F183-FLOW-001;F183-FLOW-002,F183-BR-001;F183-BR-002,F183-DATA-001;F183-DATA-002,F183-VAL-001;F183-VAL-002,F183-CALC-001,F183-UX-001;F183-UX-002;F183-UX-003,F183-SEC-001;F183-SEC-002,F183-INT-001;F183-INT-002,F183-API-001;F183-API-002,F183-E2E-001;F183-E2E-002,F183-UAT-001;F183-UAT-002,APPROVED,8,APPROVED,F183-PFC-01;F183-PFC-02;F183-PFC-03;F183-PFC-04;F183-PFC-05;F183-PFC-06;F183-PFC-07;F183-PFC-08;F183-PFC-09;F183-PFC-10,F183-STM-01;F183-STM-02;F183-STM-03;F183-STM-04;F183-STM-05,APPROVED,PFD-BM-F183-1;PFD-BM-F183-2,APPROVED,services/api/src/modules/manufacturing,apps/web/src/modules/manufacturing,READ_ONLY,W07,PVT-F183-CAP-001;PVT-F183-CAP-002;PVT-F183-CAP-003;TST-F183-FR-001;PVT-F183-FR-001;TST-F183-FR-002;PVT-F183-FR-002;TST-F183-FR-003;PVT-F183-FR-003;PVT-F183-US-001;PVT-F183-US-002;PVT-F183-FLOW-001;PVT-F183-FLOW-002;TST-F183-BR-001;PVT-F183-BR-001;TST-F183-BR-002;PVT-F183-BR-002;PVT-F183-DATA-001;PVT-F183-DATA-002;TST-F183-VAL-001;PVT-F183-VAL-001;TST-F183-VAL-002;PVT-F183-VAL-002;TST-F183-CALC-001;PVT-F183-CALC-001;PVT-F183-UX-001;PVT-F183-UX-002;PVT-F183-UX-003;TST-F183-SEC-001;PVT-F183-SEC-001;TST-F183-SEC-002;PVT-F183-SEC-002;PVT-F183-AUTO-001;PVT-F183-APP-001;PVT-F183-NOTIF-001;PVT-F183-REP-001;PVT-F183-AI-001;TST-F183-INT-001;PVT-F183-INT-001;TST-F183-INT-002;PVT-F183-INT-002;TST-F183-API-001;PVT-F183-API-001;TST-F183-API-002;PVT-F183-API-002;TST-F183-PERF-001;PVT-F183-PERF-001;TST-F183-OBS-001;PVT-F183-OBS-001;TST-F183-E2E-001;PVT-F183-E2E-001;TST-F183-E2E-002;PVT-F183-E2E-002;TST-F183-UAT-001;PVT-F183-UAT-001;TST-F183-UAT-002;PVT-F183-UAT-002,AUTHORIZED_BY_PASS_F_SUBJECT_TO_WAVE_DEPENDENCIES,NOT_READY
F184,Standard vs actual costing,Manufacturing,docs/03-modules/manufacturing/features/F184-standard-vs-actual-costing.md,F184-CAP-001;F184-CAP-002;F184-CAP-003,F184-FLOW-001;F184-FLOW-002,F184-BR-001;F184-BR-002,F184-DATA-001;F184-DATA-002,F184-VAL-001;F184-VAL-002,F184-CALC-001,F184-UX-001;F184-UX-002;F184-UX-003,F184-SEC-001;F184-SEC-002,F184-INT-001;F184-INT-002,F184-API-001;F184-API-002,F184-E2E-001;F184-E2E-002,F184-UAT-001;F184-UAT-002,APPROVED,8,APPROVED,F184-PFC-01;F184-PFC-02;F184-PFC-03;F184-PFC-04;F184-PFC-05;F184-PFC-06;F184-PFC-07;F184-PFC-08;F184-PFC-09;F184-PFC-10,F184-STM-01;F184-STM-02;F184-STM-03;F184-STM-04;F184-STM-05,APPROVED,PFD-BM-F184-1;PFD-BM-F184-2,APPROVED,services/api/src/modules/manufacturing,apps/web/src/modules/manufacturing,READ_ONLY,W07,PVT-F184-CAP-001;PVT-F184-CAP-002;PVT-F184-CAP-003;TST-F184-FR-001;PVT-F184-FR-001;TST-F184-FR-002;PVT-F184-FR-002;TST-F184-FR-003;PVT-F184-FR-003;PVT-F184-US-001;PVT-F184-US-002;PVT-F184-FLOW-001;PVT-F184-FLOW-002;TST-F184-BR-001;PVT-F184-BR-001;TST-F184-BR-002;PVT-F184-BR-002;PVT-F184-DATA-001;PVT-F184-DATA-002;TST-F184-VAL-001;PVT-F184-VAL-001;TST-F184-VAL-002;PVT-F184-VAL-002;TST-F184-CALC-001;PVT-F184-CALC-001;PVT-F184-UX-001;PVT-F184-UX-002;PVT-F184-UX-003;TST-F184-SEC-001;PVT-F184-SEC-001;TST-F184-SEC-002;PVT-F184-SEC-002;PVT-F184-AUTO-001;PVT-F184-APP-001;PVT-F184-NOTIF-001;PVT-F184-REP-001;PVT-F184-AI-001;TST-F184-INT-001;PVT-F184-INT-001;TST-F184-INT-002;PVT-F184-INT-002;TST-F184-API-001;PVT-F184-API-001;TST-F184-API-002;PVT-F184-API-002;TST-F184-PERF-001;PVT-F184-PERF-001;TST-F184-OBS-001;PVT-F184-OBS-001;TST-F184-E2E-001;PVT-F184-E2E-001;TST-F184-E2E-002;PVT-F184-E2E-002;TST-F184-UAT-001;PVT-F184-UAT-001;TST-F184-UAT-002;PVT-F184-UAT-002,AUTHORIZED_BY_PASS_F_SUBJECT_TO_WAVE_DEPENDENCIES,NOT_READY
F185,Cost variance,Manufacturing,docs/03-modules/manufacturing/features/F185-cost-variance.md,F185-CAP-001;F185-CAP-002;F185-CAP-003,F185-FLOW-001;F185-FLOW-002,F185-BR-001;F185-BR-002,F185-DATA-001;F185-DATA-002,F185-VAL-001;F185-VAL-002,F185-CALC-001,F185-UX-001;F185-UX-002;F185-UX-003,F185-SEC-001;F185-SEC-002,F185-INT-001;F185-INT-002,F185-API-001;F185-API-002,F185-E2E-001;F185-E2E-002,F185-UAT-001;F185-UAT-002,APPROVED,8,APPROVED,F185-PFC-01;F185-PFC-02;F185-PFC-03;F185-PFC-04;F185-PFC-05;F185-PFC-06;F185-PFC-07;F185-PFC-08;F185-PFC-09;F185-PFC-10,F185-STM-01;F185-STM-02;F185-STM-03;F185-STM-04;F185-STM-05,APPROVED,PFD-BM-F185-1;PFD-BM-F185-2,APPROVED,services/api/src/modules/manufacturing,apps/web/src/modules/manufacturing,READ_ONLY,W07,PVT-F185-CAP-001;PVT-F185-CAP-002;PVT-F185-CAP-003;TST-F185-FR-001;PVT-F185-FR-001;TST-F185-FR-002;PVT-F185-FR-002;TST-F185-FR-003;PVT-F185-FR-003;PVT-F185-US-001;PVT-F185-US-002;PVT-F185-FLOW-001;PVT-F185-FLOW-002;TST-F185-BR-001;PVT-F185-BR-001;TST-F185-BR-002;PVT-F185-BR-002;PVT-F185-DATA-001;PVT-F185-DATA-002;TST-F185-VAL-001;PVT-F185-VAL-001;TST-F185-VAL-002;PVT-F185-VAL-002;TST-F185-CALC-001;PVT-F185-CALC-001;PVT-F185-UX-001;PVT-F185-UX-002;PVT-F185-UX-003;TST-F185-SEC-001;PVT-F185-SEC-001;TST-F185-SEC-002;PVT-F185-SEC-002;PVT-F185-AUTO-001;PVT-F185-APP-001;PVT-F185-NOTIF-001;PVT-F185-REP-001;PVT-F185-AI-001;TST-F185-INT-001;PVT-F185-INT-001;TST-F185-INT-002;PVT-F185-INT-002;TST-F185-API-001;PVT-F185-API-001;TST-F185-API-002;PVT-F185-API-002;TST-F185-PERF-001;PVT-F185-PERF-001;TST-F185-OBS-001;PVT-F185-OBS-001;TST-F185-E2E-001;PVT-F185-E2E-001;TST-F185-E2E-002;PVT-F185-E2E-002;TST-F185-UAT-001;PVT-F185-UAT-001;TST-F185-UAT-002;PVT-F185-UAT-002,AUTHORIZED_BY_PASS_F_SUBJECT_TO_WAVE_DEPENDENCIES,NOT_READY
F186,Yield analysis,Manufacturing,docs/03-modules/manufacturing/features/F186-yield-analysis.md,F186-CAP-001;F186-CAP-002;F186-CAP-003,F186-FLOW-001;F186-FLOW-002,F186-BR-001;F186-BR-002,F186-DATA-001;F186-DATA-002,F186-VAL-001;F186-VAL-002,F186-CALC-001,F186-UX-001;F186-UX-002;F186-UX-003,F186-SEC-001;F186-SEC-002,F186-INT-001;F186-INT-002,F186-API-001;F186-API-002,F186-E2E-001;F186-E2E-002,F186-UAT-001;F186-UAT-002,APPROVED,8,APPROVED,F186-PFC-01;F186-PFC-02;F186-PFC-03;F186-PFC-04;F186-PFC-05;F186-PFC-06;F186-PFC-07;F186-PFC-08;F186-PFC-09;F186-PFC-10,F186-STM-01;F186-STM-02;F186-STM-03;F186-STM-04;F186-STM-05,APPROVED,PFD-BM-F186-1;PFD-BM-F186-2,APPROVED,services/api/src/modules/manufacturing,apps/web/src/modules/manufacturing,READ_ONLY,W07,PVT-F186-CAP-001;PVT-F186-CAP-002;PVT-F186-CAP-003;TST-F186-FR-001;PVT-F186-FR-001;TST-F186-FR-002;PVT-F186-FR-002;TST-F186-FR-003;PVT-F186-FR-003;PVT-F186-US-001;PVT-F186-US-002;PVT-F186-FLOW-001;PVT-F186-FLOW-002;TST-F186-BR-001;PVT-F186-BR-001;TST-F186-BR-002;PVT-F186-BR-002;PVT-F186-DATA-001;PVT-F186-DATA-002;TST-F186-VAL-001;PVT-F186-VAL-001;TST-F186-VAL-002;PVT-F186-VAL-002;TST-F186-CALC-001;PVT-F186-CALC-001;PVT-F186-UX-001;PVT-F186-UX-002;PVT-F186-UX-003;TST-F186-SEC-001;PVT-F186-SEC-001;TST-F186-SEC-002;PVT-F186-SEC-002;PVT-F186-AUTO-001;PVT-F186-APP-001;PVT-F186-NOTIF-001;PVT-F186-REP-001;PVT-F186-AI-001;TST-F186-INT-001;PVT-F186-INT-001;TST-F186-INT-002;PVT-F186-INT-002;TST-F186-API-001;PVT-F186-API-001;TST-F186-API-002;PVT-F186-API-002;TST-F186-PERF-001;PVT-F186-PERF-001;TST-F186-OBS-001;PVT-F186-OBS-001;TST-F186-E2E-001;PVT-F186-E2E-001;TST-F186-E2E-002;PVT-F186-E2E-002;TST-F186-UAT-001;PVT-F186-UAT-001;TST-F186-UAT-002;PVT-F186-UAT-002,AUTHORIZED_BY_PASS_F_SUBJECT_TO_WAVE_DEPENDENCIES,NOT_READY
F187,Production efficiency,Manufacturing,docs/03-modules/manufacturing/features/F187-production-efficiency.md,F187-CAP-001;F187-CAP-002;F187-CAP-003,F187-FLOW-001;F187-FLOW-002,F187-BR-001;F187-BR-002,F187-DATA-001;F187-DATA-002,F187-VAL-001;F187-VAL-002,F187-CALC-001,F187-UX-001;F187-UX-002;F187-UX-003,F187-SEC-001;F187-SEC-002,F187-INT-001;F187-INT-002,F187-API-001;F187-API-002,F187-E2E-001;F187-E2E-002,F187-UAT-001;F187-UAT-002,APPROVED,8,APPROVED,F187-PFC-01;F187-PFC-02;F187-PFC-03;F187-PFC-04;F187-PFC-05;F187-PFC-06;F187-PFC-07;F187-PFC-08;F187-PFC-09;F187-PFC-10,F187-STM-01;F187-STM-02;F187-STM-03;F187-STM-04;F187-STM-05,APPROVED,PFD-BM-F187-1;PFD-BM-F187-2,APPROVED,services/api/src/modules/manufacturing,apps/web/src/modules/manufacturing,READ_ONLY,W07,PVT-F187-CAP-001;PVT-F187-CAP-002;PVT-F187-CAP-003;TST-F187-FR-001;PVT-F187-FR-001;TST-F187-FR-002;PVT-F187-FR-002;TST-F187-FR-003;PVT-F187-FR-003;PVT-F187-US-001;PVT-F187-US-002;PVT-F187-FLOW-001;PVT-F187-FLOW-002;TST-F187-BR-001;PVT-F187-BR-001;TST-F187-BR-002;PVT-F187-BR-002;PVT-F187-DATA-001;PVT-F187-DATA-002;TST-F187-VAL-001;PVT-F187-VAL-001;TST-F187-VAL-002;PVT-F187-VAL-002;TST-F187-CALC-001;PVT-F187-CALC-001;PVT-F187-UX-001;PVT-F187-UX-002;PVT-F187-UX-003;TST-F187-SEC-001;PVT-F187-SEC-001;TST-F187-SEC-002;PVT-F187-SEC-002;PVT-F187-AUTO-001;PVT-F187-APP-001;PVT-F187-NOTIF-001;PVT-F187-REP-001;PVT-F187-AI-001;TST-F187-INT-001;PVT-F187-INT-001;TST-F187-INT-002;PVT-F187-INT-002;TST-F187-API-001;PVT-F187-API-001;TST-F187-API-002;PVT-F187-API-002;TST-F187-PERF-001;PVT-F187-PERF-001;TST-F187-OBS-001;PVT-F187-OBS-001;TST-F187-E2E-001;PVT-F187-E2E-001;TST-F187-E2E-002;PVT-F187-E2E-002;TST-F187-UAT-001;PVT-F187-UAT-001;TST-F187-UAT-002;PVT-F187-UAT-002,AUTHORIZED_BY_PASS_F_SUBJECT_TO_WAVE_DEPENDENCIES,NOT_READY
F188,Downtime,Manufacturing,docs/03-modules/manufacturing/features/F188-downtime.md,F188-CAP-001;F188-CAP-002;F188-CAP-003,F188-FLOW-001;F188-FLOW-002,F188-BR-001;F188-BR-002,F188-DATA-001;F188-DATA-002,F188-VAL-001;F188-VAL-002,F188-CALC-001,F188-UX-001;F188-UX-002;F188-UX-003,F188-SEC-001;F188-SEC-002,F188-INT-001;F188-INT-002,F188-API-001;F188-API-002,F188-E2E-001;F188-E2E-002,F188-UAT-001;F188-UAT-002,APPROVED,8,APPROVED,F188-PFC-01;F188-PFC-02;F188-PFC-03;F188-PFC-04;F188-PFC-05;F188-PFC-06;F188-PFC-07;F188-PFC-08;F188-PFC-09;F188-PFC-10,F188-STM-01;F188-STM-02;F188-STM-03;F188-STM-04;F188-STM-05,APPROVED,PFD-BM-F188-1;PFD-BM-F188-2,APPROVED,services/api/src/modules/manufacturing,apps/web/src/modules/manufacturing,FIELD_OPTIMIZED,W07,PVT-F188-CAP-001;PVT-F188-CAP-002;PVT-F188-CAP-003;TST-F188-FR-001;PVT-F188-FR-001;TST-F188-FR-002;PVT-F188-FR-002;TST-F188-FR-003;PVT-F188-FR-003;PVT-F188-US-001;PVT-F188-US-002;PVT-F188-FLOW-001;PVT-F188-FLOW-002;TST-F188-BR-001;PVT-F188-BR-001;TST-F188-BR-002;PVT-F188-BR-002;PVT-F188-DATA-001;PVT-F188-DATA-002;TST-F188-VAL-001;PVT-F188-VAL-001;TST-F188-VAL-002;PVT-F188-VAL-002;TST-F188-CALC-001;PVT-F188-CALC-001;PVT-F188-UX-001;PVT-F188-UX-002;PVT-F188-UX-003;TST-F188-SEC-001;PVT-F188-SEC-001;TST-F188-SEC-002;PVT-F188-SEC-002;PVT-F188-AUTO-001;PVT-F188-APP-001;PVT-F188-NOTIF-001;PVT-F188-REP-001;PVT-F188-AI-001;TST-F188-INT-001;PVT-F188-INT-001;TST-F188-INT-002;PVT-F188-INT-002;TST-F188-API-001;PVT-F188-API-001;TST-F188-API-002;PVT-F188-API-002;TST-F188-PERF-001;PVT-F188-PERF-001;TST-F188-OBS-001;PVT-F188-OBS-001;TST-F188-E2E-001;PVT-F188-E2E-001;TST-F188-E2E-002;PVT-F188-E2E-002;TST-F188-UAT-001;PVT-F188-UAT-001;TST-F188-UAT-002;PVT-F188-UAT-002,AUTHORIZED_BY_PASS_F_SUBJECT_TO_WAVE_DEPENDENCIES,NOT_READY
F189,Maintenance integration,Manufacturing,docs/03-modules/manufacturing/features/F189-maintenance-integration.md,F189-CAP-001;F189-CAP-002;F189-CAP-003,F189-FLOW-001;F189-FLOW-002,F189-BR-001;F189-BR-002,F189-DATA-001;F189-DATA-002,F189-VAL-001;F189-VAL-002,F189-CALC-001,F189-UX-001;F189-UX-002;F189-UX-003,F189-SEC-001;F189-SEC-002,F189-INT-001;F189-INT-002,F189-API-001;F189-API-002,F189-E2E-001;F189-E2E-002,F189-UAT-001;F189-UAT-002,APPROVED,8,APPROVED,F189-PFC-01;F189-PFC-02;F189-PFC-03;F189-PFC-04;F189-PFC-05;F189-PFC-06;F189-PFC-07;F189-PFC-08;F189-PFC-09;F189-PFC-10,F189-STM-01;F189-STM-02;F189-STM-03;F189-STM-04;F189-STM-05,APPROVED,PFD-BM-F189-1;PFD-BM-F189-2,APPROVED,services/api/src/modules/manufacturing,apps/web/src/modules/manufacturing,READ_ONLY,W07,PVT-F189-CAP-001;PVT-F189-CAP-002;PVT-F189-CAP-003;TST-F189-FR-001;PVT-F189-FR-001;TST-F189-FR-002;PVT-F189-FR-002;TST-F189-FR-003;PVT-F189-FR-003;PVT-F189-US-001;PVT-F189-US-002;PVT-F189-FLOW-001;PVT-F189-FLOW-002;TST-F189-BR-001;PVT-F189-BR-001;TST-F189-BR-002;PVT-F189-BR-002;PVT-F189-DATA-001;PVT-F189-DATA-002;TST-F189-VAL-001;PVT-F189-VAL-001;TST-F189-VAL-002;PVT-F189-VAL-002;TST-F189-CALC-001;PVT-F189-CALC-001;PVT-F189-UX-001;PVT-F189-UX-002;PVT-F189-UX-003;TST-F189-SEC-001;PVT-F189-SEC-001;TST-F189-SEC-002;PVT-F189-SEC-002;PVT-F189-AUTO-001;PVT-F189-APP-001;PVT-F189-NOTIF-001;PVT-F189-REP-001;PVT-F189-AI-001;TST-F189-INT-001;PVT-F189-INT-001;TST-F189-INT-002;PVT-F189-INT-002;TST-F189-API-001;PVT-F189-API-001;TST-F189-API-002;PVT-F189-API-002;TST-F189-PERF-001;PVT-F189-PERF-001;TST-F189-OBS-001;PVT-F189-OBS-001;TST-F189-E2E-001;PVT-F189-E2E-001;TST-F189-E2E-002;PVT-F189-E2E-002;TST-F189-UAT-001;PVT-F189-UAT-001;TST-F189-UAT-002;PVT-F189-UAT-002,AUTHORIZED_BY_PASS_F_SUBJECT_TO_WAVE_DEPENDENCIES,NOT_READY
F190,Engineering change and revision control,Manufacturing,docs/03-modules/manufacturing/features/F190-engineering-change-and-revision-control.md,F190-CAP-001;F190-CAP-002;F190-CAP-003,F190-FLOW-001;F190-FLOW-002,F190-BR-001;F190-BR-002,F190-DATA-001;F190-DATA-002,F190-VAL-001;F190-VAL-002,F190-CALC-001,F190-UX-001;F190-UX-002;F190-UX-003,F190-SEC-001;F190-SEC-002,F190-INT-001;F190-INT-002,F190-API-001;F190-API-002,F190-E2E-001;F190-E2E-002,F190-UAT-001;F190-UAT-002,APPROVED,8,APPROVED,F190-PFC-01;F190-PFC-02;F190-PFC-03;F190-PFC-04;F190-PFC-05;F190-PFC-06;F190-PFC-07;F190-PFC-08;F190-PFC-09;F190-PFC-10,F190-STM-01;F190-STM-02;F190-STM-03;F190-STM-04;F190-STM-05,APPROVED,PFD-BM-F190-1;PFD-BM-F190-2,APPROVED,services/api/src/modules/manufacturing,apps/web/src/modules/manufacturing,READ_ONLY,W07,PVT-F190-CAP-001;PVT-F190-CAP-002;PVT-F190-CAP-003;TST-F190-FR-001;PVT-F190-FR-001;TST-F190-FR-002;PVT-F190-FR-002;TST-F190-FR-003;PVT-F190-FR-003;PVT-F190-US-001;PVT-F190-US-002;PVT-F190-FLOW-001;PVT-F190-FLOW-002;TST-F190-BR-001;PVT-F190-BR-001;TST-F190-BR-002;PVT-F190-BR-002;PVT-F190-DATA-001;PVT-F190-DATA-002;TST-F190-VAL-001;PVT-F190-VAL-001;TST-F190-VAL-002;PVT-F190-VAL-002;TST-F190-CALC-001;PVT-F190-CALC-001;PVT-F190-UX-001;PVT-F190-UX-002;PVT-F190-UX-003;TST-F190-SEC-001;PVT-F190-SEC-001;TST-F190-SEC-002;PVT-F190-SEC-002;PVT-F190-AUTO-001;PVT-F190-APP-001;PVT-F190-NOTIF-001;PVT-F190-REP-001;PVT-F190-AI-001;TST-F190-INT-001;PVT-F190-INT-001;TST-F190-INT-002;PVT-F190-INT-002;TST-F190-API-001;PVT-F190-API-001;TST-F190-API-002;PVT-F190-API-002;TST-F190-PERF-001;PVT-F190-PERF-001;TST-F190-OBS-001;PVT-F190-OBS-001;TST-F190-E2E-001;PVT-F190-E2E-001;TST-F190-E2E-002;PVT-F190-E2E-002;TST-F190-UAT-001;PVT-F190-UAT-001;TST-F190-UAT-002;PVT-F190-UAT-002,AUTHORIZED_BY_PASS_F_SUBJECT_TO_WAVE_DEPENDENCIES,NOT_READY
F191,Production reports,Manufacturing,docs/03-modules/manufacturing/features/F191-production-reports.md,F191-CAP-001;F191-CAP-002;F191-CAP-003,F191-FLOW-001;F191-FLOW-002,F191-BR-001;F191-BR-002,F191-DATA-001;F191-DATA-002,F191-VAL-001;F191-VAL-002,F191-CALC-001,F191-UX-001;F191-UX-002;F191-UX-003,F191-SEC-001;F191-SEC-002,F191-INT-001;F191-INT-002,F191-API-001;F191-API-002,F191-E2E-001;F191-E2E-002,F191-UAT-001;F191-UAT-002,APPROVED,8,APPROVED,F191-PFC-01;F191-PFC-02;F191-PFC-03;F191-PFC-04;F191-PFC-05;F191-PFC-06;F191-PFC-07;F191-PFC-08;F191-PFC-09;F191-PFC-10,F191-STM-01;F191-STM-02;F191-STM-03;F191-STM-04;F191-STM-05,APPROVED,PFD-BM-F191-1;PFD-BM-F191-2,APPROVED,services/api/src/modules/manufacturing,apps/web/src/modules/manufacturing,READ_ONLY,W07,PVT-F191-CAP-001;PVT-F191-CAP-002;PVT-F191-CAP-003;TST-F191-FR-001;PVT-F191-FR-001;TST-F191-FR-002;PVT-F191-FR-002;TST-F191-FR-003;PVT-F191-FR-003;PVT-F191-US-001;PVT-F191-US-002;PVT-F191-FLOW-001;PVT-F191-FLOW-002;TST-F191-BR-001;PVT-F191-BR-001;TST-F191-BR-002;PVT-F191-BR-002;PVT-F191-DATA-001;PVT-F191-DATA-002;TST-F191-VAL-001;PVT-F191-VAL-001;TST-F191-VAL-002;PVT-F191-VAL-002;TST-F191-CALC-001;PVT-F191-CALC-001;PVT-F191-UX-001;PVT-F191-UX-002;PVT-F191-UX-003;TST-F191-SEC-001;PVT-F191-SEC-001;TST-F191-SEC-002;PVT-F191-SEC-002;PVT-F191-AUTO-001;PVT-F191-APP-001;PVT-F191-NOTIF-001;PVT-F191-REP-001;PVT-F191-AI-001;TST-F191-INT-001;PVT-F191-INT-001;TST-F191-INT-002;PVT-F191-INT-002;TST-F191-API-001;PVT-F191-API-001;TST-F191-API-002;PVT-F191-API-002;TST-F191-PERF-001;PVT-F191-PERF-001;TST-F191-OBS-001;PVT-F191-OBS-001;TST-F191-E2E-001;PVT-F191-E2E-001;TST-F191-E2E-002;PVT-F191-E2E-002;TST-F191-UAT-001;PVT-F191-UAT-001;TST-F191-UAT-002;PVT-F191-UAT-002,AUTHORIZED_BY_PASS_F_SUBJECT_TO_WAVE_DEPENDENCIES,NOT_READY
F192,Production dashboard,Manufacturing,docs/03-modules/manufacturing/features/F192-production-dashboard.md,F192-CAP-001;F192-CAP-002;F192-CAP-003,F192-FLOW-001;F192-FLOW-002,F192-BR-001;F192-BR-002,F192-DATA-001;F192-DATA-002,F192-VAL-001;F192-VAL-002,F192-CALC-001,F192-UX-001;F192-UX-002;F192-UX-003,F192-SEC-001;F192-SEC-002,F192-INT-001;F192-INT-002,F192-API-001;F192-API-002,F192-E2E-001;F192-E2E-002,F192-UAT-001;F192-UAT-002,APPROVED,8,APPROVED,F192-PFC-01;F192-PFC-02;F192-PFC-03;F192-PFC-04;F192-PFC-05;F192-PFC-06;F192-PFC-07;F192-PFC-08;F192-PFC-09;F192-PFC-10,F192-STM-01;F192-STM-02;F192-STM-03;F192-STM-04;F192-STM-05,APPROVED,PFD-BM-F192-1;PFD-BM-F192-2,APPROVED,services/api/src/modules/manufacturing,apps/web/src/modules/manufacturing,READ_ONLY,W07,PVT-F192-CAP-001;PVT-F192-CAP-002;PVT-F192-CAP-003;TST-F192-FR-001;PVT-F192-FR-001;TST-F192-FR-002;PVT-F192-FR-002;TST-F192-FR-003;PVT-F192-FR-003;PVT-F192-US-001;PVT-F192-US-002;PVT-F192-FLOW-001;PVT-F192-FLOW-002;TST-F192-BR-001;PVT-F192-BR-001;TST-F192-BR-002;PVT-F192-BR-002;PVT-F192-DATA-001;PVT-F192-DATA-002;TST-F192-VAL-001;PVT-F192-VAL-001;TST-F192-VAL-002;PVT-F192-VAL-002;TST-F192-CALC-001;PVT-F192-CALC-001;PVT-F192-UX-001;PVT-F192-UX-002;PVT-F192-UX-003;TST-F192-SEC-001;PVT-F192-SEC-001;TST-F192-SEC-002;PVT-F192-SEC-002;PVT-F192-AUTO-001;PVT-F192-APP-001;PVT-F192-NOTIF-001;PVT-F192-REP-001;PVT-F192-AI-001;TST-F192-INT-001;PVT-F192-INT-001;TST-F192-INT-002;PVT-F192-INT-002;TST-F192-API-001;PVT-F192-API-001;TST-F192-API-002;PVT-F192-API-002;TST-F192-PERF-001;PVT-F192-PERF-001;TST-F192-OBS-001;PVT-F192-OBS-001;TST-F192-E2E-001;PVT-F192-E2E-001;TST-F192-E2E-002;PVT-F192-E2E-002;TST-F192-UAT-001;PVT-F192-UAT-001;TST-F192-UAT-002;PVT-F192-UAT-002,AUTHORIZED_BY_PASS_F_SUBJECT_TO_WAVE_DEPENDENCIES,NOT_READY
F193,Projects,Projects,docs/03-modules/projects/features/F193-projects.md,F193-CAP-001;F193-CAP-002;F193-CAP-003,F193-FLOW-001;F193-FLOW-002,F193-BR-001;F193-BR-002,F193-DATA-001;F193-DATA-002,F193-VAL-001;F193-VAL-002,F193-CALC-001,F193-UX-001;F193-UX-002;F193-UX-003,F193-SEC-001;F193-SEC-002,F193-INT-001;F193-INT-002,F193-API-001;F193-API-002,F193-E2E-001;F193-E2E-002,F193-UAT-001;F193-UAT-002,APPROVED,8,APPROVED,F193-PFC-01;F193-PFC-02;F193-PFC-03;F193-PFC-04;F193-PFC-05;F193-PFC-06;F193-PFC-07;F193-PFC-08;F193-PFC-09;F193-PFC-10,F193-STM-01;F193-STM-02;F193-STM-03;F193-STM-04;F193-STM-05,APPROVED,PFD-BM-F193-1;PFD-BM-F193-2,APPROVED,services/api/src/modules/projects,apps/web/src/modules/projects,READ_ONLY,W08,PVT-F193-CAP-001;PVT-F193-CAP-002;PVT-F193-CAP-003;TST-F193-FR-001;PVT-F193-FR-001;TST-F193-FR-002;PVT-F193-FR-002;TST-F193-FR-003;PVT-F193-FR-003;PVT-F193-US-001;PVT-F193-US-002;PVT-F193-FLOW-001;PVT-F193-FLOW-002;TST-F193-BR-001;PVT-F193-BR-001;TST-F193-BR-002;PVT-F193-BR-002;PVT-F193-DATA-001;PVT-F193-DATA-002;TST-F193-VAL-001;PVT-F193-VAL-001;TST-F193-VAL-002;PVT-F193-VAL-002;TST-F193-CALC-001;PVT-F193-CALC-001;PVT-F193-UX-001;PVT-F193-UX-002;PVT-F193-UX-003;TST-F193-SEC-001;PVT-F193-SEC-001;TST-F193-SEC-002;PVT-F193-SEC-002;PVT-F193-AUTO-001;PVT-F193-APP-001;PVT-F193-NOTIF-001;PVT-F193-REP-001;PVT-F193-AI-001;TST-F193-INT-001;PVT-F193-INT-001;TST-F193-INT-002;PVT-F193-INT-002;TST-F193-API-001;PVT-F193-API-001;TST-F193-API-002;PVT-F193-API-002;TST-F193-PERF-001;PVT-F193-PERF-001;TST-F193-OBS-001;PVT-F193-OBS-001;TST-F193-E2E-001;PVT-F193-E2E-001;TST-F193-E2E-002;PVT-F193-E2E-002;TST-F193-UAT-001;PVT-F193-UAT-001;TST-F193-UAT-002;PVT-F193-UAT-002,AUTHORIZED_BY_PASS_F_SUBJECT_TO_WAVE_DEPENDENCIES,NOT_READY
F194,Customer projects,Projects,docs/03-modules/projects/features/F194-customer-projects.md,F194-CAP-001;F194-CAP-002;F194-CAP-003,F194-FLOW-001;F194-FLOW-002,F194-BR-001;F194-BR-002,F194-DATA-001;F194-DATA-002,F194-VAL-001;F194-VAL-002,F194-CALC-001,F194-UX-001;F194-UX-002;F194-UX-003,F194-SEC-001;F194-SEC-002,F194-INT-001;F194-INT-002,F194-API-001;F194-API-002,F194-E2E-001;F194-E2E-002,F194-UAT-001;F194-UAT-002,APPROVED,8,APPROVED,F194-PFC-01;F194-PFC-02;F194-PFC-03;F194-PFC-04;F194-PFC-05;F194-PFC-06;F194-PFC-07;F194-PFC-08;F194-PFC-09;F194-PFC-10,F194-STM-01;F194-STM-02;F194-STM-03;F194-STM-04;F194-STM-05,APPROVED,PFD-BM-F194-1;PFD-BM-F194-2,APPROVED,services/api/src/modules/projects,apps/web/src/modules/projects,READ_ONLY,W08,PVT-F194-CAP-001;PVT-F194-CAP-002;PVT-F194-CAP-003;TST-F194-FR-001;PVT-F194-FR-001;TST-F194-FR-002;PVT-F194-FR-002;TST-F194-FR-003;PVT-F194-FR-003;PVT-F194-US-001;PVT-F194-US-002;PVT-F194-FLOW-001;PVT-F194-FLOW-002;TST-F194-BR-001;PVT-F194-BR-001;TST-F194-BR-002;PVT-F194-BR-002;PVT-F194-DATA-001;PVT-F194-DATA-002;TST-F194-VAL-001;PVT-F194-VAL-001;TST-F194-VAL-002;PVT-F194-VAL-002;TST-F194-CALC-001;PVT-F194-CALC-001;PVT-F194-UX-001;PVT-F194-UX-002;PVT-F194-UX-003;TST-F194-SEC-001;PVT-F194-SEC-001;TST-F194-SEC-002;PVT-F194-SEC-002;PVT-F194-AUTO-001;PVT-F194-APP-001;PVT-F194-NOTIF-001;PVT-F194-REP-001;PVT-F194-AI-001;TST-F194-INT-001;PVT-F194-INT-001;TST-F194-INT-002;PVT-F194-INT-002;TST-F194-API-001;PVT-F194-API-001;TST-F194-API-002;PVT-F194-API-002;TST-F194-PERF-001;PVT-F194-PERF-001;TST-F194-OBS-001;PVT-F194-OBS-001;TST-F194-E2E-001;PVT-F194-E2E-001;TST-F194-E2E-002;PVT-F194-E2E-002;TST-F194-UAT-001;PVT-F194-UAT-001;TST-F194-UAT-002;PVT-F194-UAT-002,AUTHORIZED_BY_PASS_F_SUBJECT_TO_WAVE_DEPENDENCIES,NOT_READY
F195,Internal projects,Projects,docs/03-modules/projects/features/F195-internal-projects.md,F195-CAP-001;F195-CAP-002;F195-CAP-003,F195-FLOW-001;F195-FLOW-002,F195-BR-001;F195-BR-002,F195-DATA-001;F195-DATA-002,F195-VAL-001;F195-VAL-002,F195-CALC-001,F195-UX-001;F195-UX-002;F195-UX-003,F195-SEC-001;F195-SEC-002,F195-INT-001;F195-INT-002,F195-API-001;F195-API-002,F195-E2E-001;F195-E2E-002,F195-UAT-001;F195-UAT-002,APPROVED,8,APPROVED,F195-PFC-01;F195-PFC-02;F195-PFC-03;F195-PFC-04;F195-PFC-05;F195-PFC-06;F195-PFC-07;F195-PFC-08;F195-PFC-09;F195-PFC-10,F195-STM-01;F195-STM-02;F195-STM-03;F195-STM-04;F195-STM-05,APPROVED,PFD-BM-F195-1;PFD-BM-F195-2,APPROVED,services/api/src/modules/projects,apps/web/src/modules/projects,READ_ONLY,W08,PVT-F195-CAP-001;PVT-F195-CAP-002;PVT-F195-CAP-003;TST-F195-FR-001;PVT-F195-FR-001;TST-F195-FR-002;PVT-F195-FR-002;TST-F195-FR-003;PVT-F195-FR-003;PVT-F195-US-001;PVT-F195-US-002;PVT-F195-FLOW-001;PVT-F195-FLOW-002;TST-F195-BR-001;PVT-F195-BR-001;TST-F195-BR-002;PVT-F195-BR-002;PVT-F195-DATA-001;PVT-F195-DATA-002;TST-F195-VAL-001;PVT-F195-VAL-001;TST-F195-VAL-002;PVT-F195-VAL-002;TST-F195-CALC-001;PVT-F195-CALC-001;PVT-F195-UX-001;PVT-F195-UX-002;PVT-F195-UX-003;TST-F195-SEC-001;PVT-F195-SEC-001;TST-F195-SEC-002;PVT-F195-SEC-002;PVT-F195-AUTO-001;PVT-F195-APP-001;PVT-F195-NOTIF-001;PVT-F195-REP-001;PVT-F195-AI-001;TST-F195-INT-001;PVT-F195-INT-001;TST-F195-INT-002;PVT-F195-INT-002;TST-F195-API-001;PVT-F195-API-001;TST-F195-API-002;PVT-F195-API-002;TST-F195-PERF-001;PVT-F195-PERF-001;TST-F195-OBS-001;PVT-F195-OBS-001;TST-F195-E2E-001;PVT-F195-E2E-001;TST-F195-E2E-002;PVT-F195-E2E-002;TST-F195-UAT-001;PVT-F195-UAT-001;TST-F195-UAT-002;PVT-F195-UAT-002,AUTHORIZED_BY_PASS_F_SUBJECT_TO_WAVE_DEPENDENCIES,NOT_READY
F196,Project templates,Projects,docs/03-modules/projects/features/F196-project-templates.md,F196-CAP-001;F196-CAP-002;F196-CAP-003,F196-FLOW-001;F196-FLOW-002,F196-BR-001;F196-BR-002,F196-DATA-001;F196-DATA-002,F196-VAL-001;F196-VAL-002,F196-CALC-001,F196-UX-001;F196-UX-002;F196-UX-003,F196-SEC-001;F196-SEC-002,F196-INT-001;F196-INT-002,F196-API-001;F196-API-002,F196-E2E-001;F196-E2E-002,F196-UAT-001;F196-UAT-002,APPROVED,8,APPROVED,F196-PFC-01;F196-PFC-02;F196-PFC-03;F196-PFC-04;F196-PFC-05;F196-PFC-06;F196-PFC-07;F196-PFC-08;F196-PFC-09;F196-PFC-10,F196-STM-01;F196-STM-02;F196-STM-03;F196-STM-04;F196-STM-05,APPROVED,PFD-BM-F196-1;PFD-BM-F196-2,APPROVED,services/api/src/modules/projects,apps/web/src/modules/projects,READ_ONLY,W08,PVT-F196-CAP-001;PVT-F196-CAP-002;PVT-F196-CAP-003;TST-F196-FR-001;PVT-F196-FR-001;TST-F196-FR-002;PVT-F196-FR-002;TST-F196-FR-003;PVT-F196-FR-003;PVT-F196-US-001;PVT-F196-US-002;PVT-F196-FLOW-001;PVT-F196-FLOW-002;TST-F196-BR-001;PVT-F196-BR-001;TST-F196-BR-002;PVT-F196-BR-002;PVT-F196-DATA-001;PVT-F196-DATA-002;TST-F196-VAL-001;PVT-F196-VAL-001;TST-F196-VAL-002;PVT-F196-VAL-002;TST-F196-CALC-001;PVT-F196-CALC-001;PVT-F196-UX-001;PVT-F196-UX-002;PVT-F196-UX-003;TST-F196-SEC-001;PVT-F196-SEC-001;TST-F196-SEC-002;PVT-F196-SEC-002;PVT-F196-AUTO-001;PVT-F196-APP-001;PVT-F196-NOTIF-001;PVT-F196-REP-001;PVT-F196-AI-001;TST-F196-INT-001;PVT-F196-INT-001;TST-F196-INT-002;PVT-F196-INT-002;TST-F196-API-001;PVT-F196-API-001;TST-F196-API-002;PVT-F196-API-002;TST-F196-PERF-001;PVT-F196-PERF-001;TST-F196-OBS-001;PVT-F196-OBS-001;TST-F196-E2E-001;PVT-F196-E2E-001;TST-F196-E2E-002;PVT-F196-E2E-002;TST-F196-UAT-001;PVT-F196-UAT-001;TST-F196-UAT-002;PVT-F196-UAT-002,AUTHORIZED_BY_PASS_F_SUBJECT_TO_WAVE_DEPENDENCIES,NOT_READY
F197,Work Breakdown Structure (WBS),Projects,docs/03-modules/projects/features/F197-work-breakdown-structure-wbs.md,F197-CAP-001;F197-CAP-002;F197-CAP-003,F197-FLOW-001;F197-FLOW-002,F197-BR-001;F197-BR-002,F197-DATA-001;F197-DATA-002,F197-VAL-001;F197-VAL-002,F197-CALC-001,F197-UX-001;F197-UX-002;F197-UX-003,F197-SEC-001;F197-SEC-002,F197-INT-001;F197-INT-002,F197-API-001;F197-API-002,F197-E2E-001;F197-E2E-002,F197-UAT-001;F197-UAT-002,APPROVED,8,APPROVED,F197-PFC-01;F197-PFC-02;F197-PFC-03;F197-PFC-04;F197-PFC-05;F197-PFC-06;F197-PFC-07;F197-PFC-08;F197-PFC-09;F197-PFC-10,F197-STM-01;F197-STM-02;F197-STM-03;F197-STM-04;F197-STM-05,APPROVED,PFD-BM-F197-1;PFD-BM-F197-2,APPROVED,services/api/src/modules/projects,apps/web/src/modules/projects,READ_ONLY,W08,PVT-F197-CAP-001;PVT-F197-CAP-002;PVT-F197-CAP-003;TST-F197-FR-001;PVT-F197-FR-001;TST-F197-FR-002;PVT-F197-FR-002;TST-F197-FR-003;PVT-F197-FR-003;PVT-F197-US-001;PVT-F197-US-002;PVT-F197-FLOW-001;PVT-F197-FLOW-002;TST-F197-BR-001;PVT-F197-BR-001;TST-F197-BR-002;PVT-F197-BR-002;PVT-F197-DATA-001;PVT-F197-DATA-002;TST-F197-VAL-001;PVT-F197-VAL-001;TST-F197-VAL-002;PVT-F197-VAL-002;TST-F197-CALC-001;PVT-F197-CALC-001;PVT-F197-UX-001;PVT-F197-UX-002;PVT-F197-UX-003;TST-F197-SEC-001;PVT-F197-SEC-001;TST-F197-SEC-002;PVT-F197-SEC-002;PVT-F197-AUTO-001;PVT-F197-APP-001;PVT-F197-NOTIF-001;PVT-F197-REP-001;PVT-F197-AI-001;TST-F197-INT-001;PVT-F197-INT-001;TST-F197-INT-002;PVT-F197-INT-002;TST-F197-API-001;PVT-F197-API-001;TST-F197-API-002;PVT-F197-API-002;TST-F197-PERF-001;PVT-F197-PERF-001;TST-F197-OBS-001;PVT-F197-OBS-001;TST-F197-E2E-001;PVT-F197-E2E-001;TST-F197-E2E-002;PVT-F197-E2E-002;TST-F197-UAT-001;PVT-F197-UAT-001;TST-F197-UAT-002;PVT-F197-UAT-002,AUTHORIZED_BY_PASS_F_SUBJECT_TO_WAVE_DEPENDENCIES,NOT_READY
F198,Milestones,Projects,docs/03-modules/projects/features/F198-milestones.md,F198-CAP-001;F198-CAP-002;F198-CAP-003,F198-FLOW-001;F198-FLOW-002,F198-BR-001;F198-BR-002,F198-DATA-001;F198-DATA-002,F198-VAL-001;F198-VAL-002,F198-CALC-001,F198-UX-001;F198-UX-002;F198-UX-003,F198-SEC-001;F198-SEC-002,F198-INT-001;F198-INT-002,F198-API-001;F198-API-002,F198-E2E-001;F198-E2E-002,F198-UAT-001;F198-UAT-002,APPROVED,8,APPROVED,F198-PFC-01;F198-PFC-02;F198-PFC-03;F198-PFC-04;F198-PFC-05;F198-PFC-06;F198-PFC-07;F198-PFC-08;F198-PFC-09;F198-PFC-10,F198-STM-01;F198-STM-02;F198-STM-03;F198-STM-04;F198-STM-05,APPROVED,PFD-BM-F198-1;PFD-BM-F198-2,APPROVED,services/api/src/modules/projects,apps/web/src/modules/projects,READ_ONLY,W08,PVT-F198-CAP-001;PVT-F198-CAP-002;PVT-F198-CAP-003;TST-F198-FR-001;PVT-F198-FR-001;TST-F198-FR-002;PVT-F198-FR-002;TST-F198-FR-003;PVT-F198-FR-003;PVT-F198-US-001;PVT-F198-US-002;PVT-F198-FLOW-001;PVT-F198-FLOW-002;TST-F198-BR-001;PVT-F198-BR-001;TST-F198-BR-002;PVT-F198-BR-002;PVT-F198-DATA-001;PVT-F198-DATA-002;TST-F198-VAL-001;PVT-F198-VAL-001;TST-F198-VAL-002;PVT-F198-VAL-002;TST-F198-CALC-001;PVT-F198-CALC-001;PVT-F198-UX-001;PVT-F198-UX-002;PVT-F198-UX-003;TST-F198-SEC-001;PVT-F198-SEC-001;TST-F198-SEC-002;PVT-F198-SEC-002;PVT-F198-AUTO-001;PVT-F198-APP-001;PVT-F198-NOTIF-001;PVT-F198-REP-001;PVT-F198-AI-001;TST-F198-INT-001;PVT-F198-INT-001;TST-F198-INT-002;PVT-F198-INT-002;TST-F198-API-001;PVT-F198-API-001;TST-F198-API-002;PVT-F198-API-002;TST-F198-PERF-001;PVT-F198-PERF-001;TST-F198-OBS-001;PVT-F198-OBS-001;TST-F198-E2E-001;PVT-F198-E2E-001;TST-F198-E2E-002;PVT-F198-E2E-002;TST-F198-UAT-001;PVT-F198-UAT-001;TST-F198-UAT-002;PVT-F198-UAT-002,AUTHORIZED_BY_PASS_F_SUBJECT_TO_WAVE_DEPENDENCIES,NOT_READY
F199,Tasks,Projects,docs/03-modules/projects/features/F199-tasks.md,F199-CAP-001;F199-CAP-002;F199-CAP-003,F199-FLOW-001;F199-FLOW-002,F199-BR-001;F199-BR-002,F199-DATA-001;F199-DATA-002,F199-VAL-001;F199-VAL-002,F199-CALC-001,F199-UX-001;F199-UX-002;F199-UX-003,F199-SEC-001;F199-SEC-002,F199-INT-001;F199-INT-002,F199-API-001;F199-API-002,F199-E2E-001;F199-E2E-002,F199-UAT-001;F199-UAT-002,APPROVED,8,APPROVED,F199-PFC-01;F199-PFC-02;F199-PFC-03;F199-PFC-04;F199-PFC-05;F199-PFC-06;F199-PFC-07;F199-PFC-08;F199-PFC-09;F199-PFC-10,F199-STM-01;F199-STM-02;F199-STM-03;F199-STM-04;F199-STM-05,APPROVED,PFD-BM-F199-1;PFD-BM-F199-2,APPROVED,services/api/src/modules/projects,apps/web/src/modules/projects,FIELD_OPTIMIZED,W08,PVT-F199-CAP-001;PVT-F199-CAP-002;PVT-F199-CAP-003;TST-F199-FR-001;PVT-F199-FR-001;TST-F199-FR-002;PVT-F199-FR-002;TST-F199-FR-003;PVT-F199-FR-003;PVT-F199-US-001;PVT-F199-US-002;PVT-F199-FLOW-001;PVT-F199-FLOW-002;TST-F199-BR-001;PVT-F199-BR-001;TST-F199-BR-002;PVT-F199-BR-002;PVT-F199-DATA-001;PVT-F199-DATA-002;TST-F199-VAL-001;PVT-F199-VAL-001;TST-F199-VAL-002;PVT-F199-VAL-002;TST-F199-CALC-001;PVT-F199-CALC-001;PVT-F199-UX-001;PVT-F199-UX-002;PVT-F199-UX-003;TST-F199-SEC-001;PVT-F199-SEC-001;TST-F199-SEC-002;PVT-F199-SEC-002;PVT-F199-AUTO-001;PVT-F199-APP-001;PVT-F199-NOTIF-001;PVT-F199-REP-001;PVT-F199-AI-001;TST-F199-INT-001;PVT-F199-INT-001;TST-F199-INT-002;PVT-F199-INT-002;TST-F199-API-001;PVT-F199-API-001;TST-F199-API-002;PVT-F199-API-002;TST-F199-PERF-001;PVT-F199-PERF-001;TST-F199-OBS-001;PVT-F199-OBS-001;TST-F199-E2E-001;PVT-F199-E2E-001;TST-F199-E2E-002;PVT-F199-E2E-002;TST-F199-UAT-001;PVT-F199-UAT-001;TST-F199-UAT-002;PVT-F199-UAT-002,AUTHORIZED_BY_PASS_F_SUBJECT_TO_WAVE_DEPENDENCIES,NOT_READY
F200,Subtasks,Projects,docs/03-modules/projects/features/F200-subtasks.md,F200-CAP-001;F200-CAP-002;F200-CAP-003,F200-FLOW-001;F200-FLOW-002,F200-BR-001;F200-BR-002,F200-DATA-001;F200-DATA-002,F200-VAL-001;F200-VAL-002,F200-CALC-001,F200-UX-001;F200-UX-002;F200-UX-003,F200-SEC-001;F200-SEC-002,F200-INT-001;F200-INT-002,F200-API-001;F200-API-002,F200-E2E-001;F200-E2E-002,F200-UAT-001;F200-UAT-002,APPROVED,8,APPROVED,F200-PFC-01;F200-PFC-02;F200-PFC-03;F200-PFC-04;F200-PFC-05;F200-PFC-06;F200-PFC-07;F200-PFC-08;F200-PFC-09;F200-PFC-10,F200-STM-01;F200-STM-02;F200-STM-03;F200-STM-04;F200-STM-05,APPROVED,PFD-BM-F200-1;PFD-BM-F200-2,APPROVED,services/api/src/modules/projects,apps/web/src/modules/projects,FIELD_OPTIMIZED,W08,PVT-F200-CAP-001;PVT-F200-CAP-002;PVT-F200-CAP-003;TST-F200-FR-001;PVT-F200-FR-001;TST-F200-FR-002;PVT-F200-FR-002;TST-F200-FR-003;PVT-F200-FR-003;PVT-F200-US-001;PVT-F200-US-002;PVT-F200-FLOW-001;PVT-F200-FLOW-002;TST-F200-BR-001;PVT-F200-BR-001;TST-F200-BR-002;PVT-F200-BR-002;PVT-F200-DATA-001;PVT-F200-DATA-002;TST-F200-VAL-001;PVT-F200-VAL-001;TST-F200-VAL-002;PVT-F200-VAL-002;TST-F200-CALC-001;PVT-F200-CALC-001;PVT-F200-UX-001;PVT-F200-UX-002;PVT-F200-UX-003;TST-F200-SEC-001;PVT-F200-SEC-001;TST-F200-SEC-002;PVT-F200-SEC-002;PVT-F200-AUTO-001;PVT-F200-APP-001;PVT-F200-NOTIF-001;PVT-F200-REP-001;PVT-F200-AI-001;TST-F200-INT-001;PVT-F200-INT-001;TST-F200-INT-002;PVT-F200-INT-002;TST-F200-API-001;PVT-F200-API-001;TST-F200-API-002;PVT-F200-API-002;TST-F200-PERF-001;PVT-F200-PERF-001;TST-F200-OBS-001;PVT-F200-OBS-001;TST-F200-E2E-001;PVT-F200-E2E-001;TST-F200-E2E-002;PVT-F200-E2E-002;TST-F200-UAT-001;PVT-F200-UAT-001;TST-F200-UAT-002;PVT-F200-UAT-002,AUTHORIZED_BY_PASS_F_SUBJECT_TO_WAVE_DEPENDENCIES,NOT_READY
F201,Task dependencies,Projects,docs/03-modules/projects/features/F201-task-dependencies.md,F201-CAP-001;F201-CAP-002;F201-CAP-003,F201-FLOW-001;F201-FLOW-002,F201-BR-001;F201-BR-002,F201-DATA-001;F201-DATA-002,F201-VAL-001;F201-VAL-002,F201-CALC-001,F201-UX-001;F201-UX-002;F201-UX-003,F201-SEC-001;F201-SEC-002,F201-INT-001;F201-INT-002,F201-API-001;F201-API-002,F201-E2E-001;F201-E2E-002,F201-UAT-001;F201-UAT-002,APPROVED,8,APPROVED,F201-PFC-01;F201-PFC-02;F201-PFC-03;F201-PFC-04;F201-PFC-05;F201-PFC-06;F201-PFC-07;F201-PFC-08;F201-PFC-09;F201-PFC-10,F201-STM-01;F201-STM-02;F201-STM-03;F201-STM-04;F201-STM-05,APPROVED,PFD-BM-F201-1;PFD-BM-F201-2,APPROVED,services/api/src/modules/projects,apps/web/src/modules/projects,FIELD_OPTIMIZED,W08,PVT-F201-CAP-001;PVT-F201-CAP-002;PVT-F201-CAP-003;TST-F201-FR-001;PVT-F201-FR-001;TST-F201-FR-002;PVT-F201-FR-002;TST-F201-FR-003;PVT-F201-FR-003;PVT-F201-US-001;PVT-F201-US-002;PVT-F201-FLOW-001;PVT-F201-FLOW-002;TST-F201-BR-001;PVT-F201-BR-001;TST-F201-BR-002;PVT-F201-BR-002;PVT-F201-DATA-001;PVT-F201-DATA-002;TST-F201-VAL-001;PVT-F201-VAL-001;TST-F201-VAL-002;PVT-F201-VAL-002;TST-F201-CALC-001;PVT-F201-CALC-001;PVT-F201-UX-001;PVT-F201-UX-002;PVT-F201-UX-003;TST-F201-SEC-001;PVT-F201-SEC-001;TST-F201-SEC-002;PVT-F201-SEC-002;PVT-F201-AUTO-001;PVT-F201-APP-001;PVT-F201-NOTIF-001;PVT-F201-REP-001;PVT-F201-AI-001;TST-F201-INT-001;PVT-F201-INT-001;TST-F201-INT-002;PVT-F201-INT-002;TST-F201-API-001;PVT-F201-API-001;TST-F201-API-002;PVT-F201-API-002;TST-F201-PERF-001;PVT-F201-PERF-001;TST-F201-OBS-001;PVT-F201-OBS-001;TST-F201-E2E-001;PVT-F201-E2E-001;TST-F201-E2E-002;PVT-F201-E2E-002;TST-F201-UAT-001;PVT-F201-UAT-001;TST-F201-UAT-002;PVT-F201-UAT-002,AUTHORIZED_BY_PASS_F_SUBJECT_TO_WAVE_DEPENDENCIES,NOT_READY
F202,Assignees,Projects,docs/03-modules/projects/features/F202-assignees.md,F202-CAP-001;F202-CAP-002;F202-CAP-003,F202-FLOW-001;F202-FLOW-002,F202-BR-001;F202-BR-002,F202-DATA-001;F202-DATA-002,F202-VAL-001;F202-VAL-002,F202-CALC-001,F202-UX-001;F202-UX-002;F202-UX-003,F202-SEC-001;F202-SEC-002,F202-INT-001;F202-INT-002,F202-API-001;F202-API-002,F202-E2E-001;F202-E2E-002,F202-UAT-001;F202-UAT-002,APPROVED,8,APPROVED,F202-PFC-01;F202-PFC-02;F202-PFC-03;F202-PFC-04;F202-PFC-05;F202-PFC-06;F202-PFC-07;F202-PFC-08;F202-PFC-09;F202-PFC-10,F202-STM-01;F202-STM-02;F202-STM-03;F202-STM-04;F202-STM-05,APPROVED,PFD-BM-F202-1;PFD-BM-F202-2,APPROVED,services/api/src/modules/projects,apps/web/src/modules/projects,READ_ONLY,W08,PVT-F202-CAP-001;PVT-F202-CAP-002;PVT-F202-CAP-003;TST-F202-FR-001;PVT-F202-FR-001;TST-F202-FR-002;PVT-F202-FR-002;TST-F202-FR-003;PVT-F202-FR-003;PVT-F202-US-001;PVT-F202-US-002;PVT-F202-FLOW-001;PVT-F202-FLOW-002;TST-F202-BR-001;PVT-F202-BR-001;TST-F202-BR-002;PVT-F202-BR-002;PVT-F202-DATA-001;PVT-F202-DATA-002;TST-F202-VAL-001;PVT-F202-VAL-001;TST-F202-VAL-002;PVT-F202-VAL-002;TST-F202-CALC-001;PVT-F202-CALC-001;PVT-F202-UX-001;PVT-F202-UX-002;PVT-F202-UX-003;TST-F202-SEC-001;PVT-F202-SEC-001;TST-F202-SEC-002;PVT-F202-SEC-002;PVT-F202-AUTO-001;PVT-F202-APP-001;PVT-F202-NOTIF-001;PVT-F202-REP-001;PVT-F202-AI-001;TST-F202-INT-001;PVT-F202-INT-001;TST-F202-INT-002;PVT-F202-INT-002;TST-F202-API-001;PVT-F202-API-001;TST-F202-API-002;PVT-F202-API-002;TST-F202-PERF-001;PVT-F202-PERF-001;TST-F202-OBS-001;PVT-F202-OBS-001;TST-F202-E2E-001;PVT-F202-E2E-001;TST-F202-E2E-002;PVT-F202-E2E-002;TST-F202-UAT-001;PVT-F202-UAT-001;TST-F202-UAT-002;PVT-F202-UAT-002,AUTHORIZED_BY_PASS_F_SUBJECT_TO_WAVE_DEPENDENCIES,NOT_READY
F203,Priority,Projects,docs/03-modules/projects/features/F203-priority.md,F203-CAP-001;F203-CAP-002;F203-CAP-003,F203-FLOW-001;F203-FLOW-002,F203-BR-001;F203-BR-002,F203-DATA-001;F203-DATA-002,F203-VAL-001;F203-VAL-002,F203-CALC-001,F203-UX-001;F203-UX-002;F203-UX-003,F203-SEC-001;F203-SEC-002,F203-INT-001;F203-INT-002,F203-API-001;F203-API-002,F203-E2E-001;F203-E2E-002,F203-UAT-001;F203-UAT-002,APPROVED,8,APPROVED,F203-PFC-01;F203-PFC-02;F203-PFC-03;F203-PFC-04;F203-PFC-05;F203-PFC-06;F203-PFC-07;F203-PFC-08;F203-PFC-09;F203-PFC-10,F203-STM-01;F203-STM-02;F203-STM-03;F203-STM-04;F203-STM-05,APPROVED,PFD-BM-F203-1;PFD-BM-F203-2,APPROVED,services/api/src/modules/projects,apps/web/src/modules/projects,READ_ONLY,W08,PVT-F203-CAP-001;PVT-F203-CAP-002;PVT-F203-CAP-003;TST-F203-FR-001;PVT-F203-FR-001;TST-F203-FR-002;PVT-F203-FR-002;TST-F203-FR-003;PVT-F203-FR-003;PVT-F203-US-001;PVT-F203-US-002;PVT-F203-FLOW-001;PVT-F203-FLOW-002;TST-F203-BR-001;PVT-F203-BR-001;TST-F203-BR-002;PVT-F203-BR-002;PVT-F203-DATA-001;PVT-F203-DATA-002;TST-F203-VAL-001;PVT-F203-VAL-001;TST-F203-VAL-002;PVT-F203-VAL-002;TST-F203-CALC-001;PVT-F203-CALC-001;PVT-F203-UX-001;PVT-F203-UX-002;PVT-F203-UX-003;TST-F203-SEC-001;PVT-F203-SEC-001;TST-F203-SEC-002;PVT-F203-SEC-002;PVT-F203-AUTO-001;PVT-F203-APP-001;PVT-F203-NOTIF-001;PVT-F203-REP-001;PVT-F203-AI-001;TST-F203-INT-001;PVT-F203-INT-001;TST-F203-INT-002;PVT-F203-INT-002;TST-F203-API-001;PVT-F203-API-001;TST-F203-API-002;PVT-F203-API-002;TST-F203-PERF-001;PVT-F203-PERF-001;TST-F203-OBS-001;PVT-F203-OBS-001;TST-F203-E2E-001;PVT-F203-E2E-001;TST-F203-E2E-002;PVT-F203-E2E-002;TST-F203-UAT-001;PVT-F203-UAT-001;TST-F203-UAT-002;PVT-F203-UAT-002,AUTHORIZED_BY_PASS_F_SUBJECT_TO_WAVE_DEPENDENCIES,NOT_READY
F204,Project status,Projects,docs/03-modules/projects/features/F204-project-status.md,F204-CAP-001;F204-CAP-002;F204-CAP-003,F204-FLOW-001;F204-FLOW-002,F204-BR-001;F204-BR-002,F204-DATA-001;F204-DATA-002,F204-VAL-001;F204-VAL-002,F204-CALC-001,F204-UX-001;F204-UX-002;F204-UX-003,F204-SEC-001;F204-SEC-002,F204-INT-001;F204-INT-002,F204-API-001;F204-API-002,F204-E2E-001;F204-E2E-002,F204-UAT-001;F204-UAT-002,APPROVED,8,APPROVED,F204-PFC-01;F204-PFC-02;F204-PFC-03;F204-PFC-04;F204-PFC-05;F204-PFC-06;F204-PFC-07;F204-PFC-08;F204-PFC-09;F204-PFC-10,F204-STM-01;F204-STM-02;F204-STM-03;F204-STM-04;F204-STM-05,APPROVED,PFD-BM-F204-1;PFD-BM-F204-2,APPROVED,services/api/src/modules/projects,apps/web/src/modules/projects,READ_ONLY,W08,PVT-F204-CAP-001;PVT-F204-CAP-002;PVT-F204-CAP-003;TST-F204-FR-001;PVT-F204-FR-001;TST-F204-FR-002;PVT-F204-FR-002;TST-F204-FR-003;PVT-F204-FR-003;PVT-F204-US-001;PVT-F204-US-002;PVT-F204-FLOW-001;PVT-F204-FLOW-002;TST-F204-BR-001;PVT-F204-BR-001;TST-F204-BR-002;PVT-F204-BR-002;PVT-F204-DATA-001;PVT-F204-DATA-002;TST-F204-VAL-001;PVT-F204-VAL-001;TST-F204-VAL-002;PVT-F204-VAL-002;TST-F204-CALC-001;PVT-F204-CALC-001;PVT-F204-UX-001;PVT-F204-UX-002;PVT-F204-UX-003;TST-F204-SEC-001;PVT-F204-SEC-001;TST-F204-SEC-002;PVT-F204-SEC-002;PVT-F204-AUTO-001;PVT-F204-APP-001;PVT-F204-NOTIF-001;PVT-F204-REP-001;PVT-F204-AI-001;TST-F204-INT-001;PVT-F204-INT-001;TST-F204-INT-002;PVT-F204-INT-002;TST-F204-API-001;PVT-F204-API-001;TST-F204-API-002;PVT-F204-API-002;TST-F204-PERF-001;PVT-F204-PERF-001;TST-F204-OBS-001;PVT-F204-OBS-001;TST-F204-E2E-001;PVT-F204-E2E-001;TST-F204-E2E-002;PVT-F204-E2E-002;TST-F204-UAT-001;PVT-F204-UAT-001;TST-F204-UAT-002;PVT-F204-UAT-002,AUTHORIZED_BY_PASS_F_SUBJECT_TO_WAVE_DEPENDENCIES,NOT_READY
F205,Gantt chart,Projects,docs/03-modules/projects/features/F205-gantt-chart.md,F205-CAP-001;F205-CAP-002;F205-CAP-003,F205-FLOW-001;F205-FLOW-002,F205-BR-001;F205-BR-002,F205-DATA-001;F205-DATA-002,F205-VAL-001;F205-VAL-002,F205-CALC-001,F205-UX-001;F205-UX-002;F205-UX-003,F205-SEC-001;F205-SEC-002,F205-INT-001;F205-INT-002,F205-API-001;F205-API-002,F205-E2E-001;F205-E2E-002,F205-UAT-001;F205-UAT-002,APPROVED,8,APPROVED,F205-PFC-01;F205-PFC-02;F205-PFC-03;F205-PFC-04;F205-PFC-05;F205-PFC-06;F205-PFC-07;F205-PFC-08;F205-PFC-09;F205-PFC-10,F205-STM-01;F205-STM-02;F205-STM-03;F205-STM-04;F205-STM-05,APPROVED,PFD-BM-F205-1;PFD-BM-F205-2,APPROVED,services/api/src/modules/projects,apps/web/src/modules/projects,READ_ONLY,W08,PVT-F205-CAP-001;PVT-F205-CAP-002;PVT-F205-CAP-003;TST-F205-FR-001;PVT-F205-FR-001;TST-F205-FR-002;PVT-F205-FR-002;TST-F205-FR-003;PVT-F205-FR-003;PVT-F205-US-001;PVT-F205-US-002;PVT-F205-FLOW-001;PVT-F205-FLOW-002;TST-F205-BR-001;PVT-F205-BR-001;TST-F205-BR-002;PVT-F205-BR-002;PVT-F205-DATA-001;PVT-F205-DATA-002;TST-F205-VAL-001;PVT-F205-VAL-001;TST-F205-VAL-002;PVT-F205-VAL-002;TST-F205-CALC-001;PVT-F205-CALC-001;PVT-F205-UX-001;PVT-F205-UX-002;PVT-F205-UX-003;TST-F205-SEC-001;PVT-F205-SEC-001;TST-F205-SEC-002;PVT-F205-SEC-002;PVT-F205-AUTO-001;PVT-F205-APP-001;PVT-F205-NOTIF-001;PVT-F205-REP-001;PVT-F205-AI-001;TST-F205-INT-001;PVT-F205-INT-001;TST-F205-INT-002;PVT-F205-INT-002;TST-F205-API-001;PVT-F205-API-001;TST-F205-API-002;PVT-F205-API-002;TST-F205-PERF-001;PVT-F205-PERF-001;TST-F205-OBS-001;PVT-F205-OBS-001;TST-F205-E2E-001;PVT-F205-E2E-001;TST-F205-E2E-002;PVT-F205-E2E-002;TST-F205-UAT-001;PVT-F205-UAT-001;TST-F205-UAT-002;PVT-F205-UAT-002,AUTHORIZED_BY_PASS_F_SUBJECT_TO_WAVE_DEPENDENCIES,NOT_READY
F206,Kanban / task board,Projects,docs/03-modules/projects/features/F206-kanban-task-board.md,F206-CAP-001;F206-CAP-002;F206-CAP-003,F206-FLOW-001;F206-FLOW-002,F206-BR-001;F206-BR-002,F206-DATA-001;F206-DATA-002,F206-VAL-001;F206-VAL-002,F206-CALC-001,F206-UX-001;F206-UX-002;F206-UX-003,F206-SEC-001;F206-SEC-002,F206-INT-001;F206-INT-002,F206-API-001;F206-API-002,F206-E2E-001;F206-E2E-002,F206-UAT-001;F206-UAT-002,APPROVED,8,APPROVED,F206-PFC-01;F206-PFC-02;F206-PFC-03;F206-PFC-04;F206-PFC-05;F206-PFC-06;F206-PFC-07;F206-PFC-08;F206-PFC-09;F206-PFC-10,F206-STM-01;F206-STM-02;F206-STM-03;F206-STM-04;F206-STM-05,APPROVED,PFD-BM-F206-1;PFD-BM-F206-2,APPROVED,services/api/src/modules/projects,apps/web/src/modules/projects,FIELD_OPTIMIZED,W08,PVT-F206-CAP-001;PVT-F206-CAP-002;PVT-F206-CAP-003;TST-F206-FR-001;PVT-F206-FR-001;TST-F206-FR-002;PVT-F206-FR-002;TST-F206-FR-003;PVT-F206-FR-003;PVT-F206-US-001;PVT-F206-US-002;PVT-F206-FLOW-001;PVT-F206-FLOW-002;TST-F206-BR-001;PVT-F206-BR-001;TST-F206-BR-002;PVT-F206-BR-002;PVT-F206-DATA-001;PVT-F206-DATA-002;TST-F206-VAL-001;PVT-F206-VAL-001;TST-F206-VAL-002;PVT-F206-VAL-002;TST-F206-CALC-001;PVT-F206-CALC-001;PVT-F206-UX-001;PVT-F206-UX-002;PVT-F206-UX-003;TST-F206-SEC-001;PVT-F206-SEC-001;TST-F206-SEC-002;PVT-F206-SEC-002;PVT-F206-AUTO-001;PVT-F206-APP-001;PVT-F206-NOTIF-001;PVT-F206-REP-001;PVT-F206-AI-001;TST-F206-INT-001;PVT-F206-INT-001;TST-F206-INT-002;PVT-F206-INT-002;TST-F206-API-001;PVT-F206-API-001;TST-F206-API-002;PVT-F206-API-002;TST-F206-PERF-001;PVT-F206-PERF-001;TST-F206-OBS-001;PVT-F206-OBS-001;TST-F206-E2E-001;PVT-F206-E2E-001;TST-F206-E2E-002;PVT-F206-E2E-002;TST-F206-UAT-001;PVT-F206-UAT-001;TST-F206-UAT-002;PVT-F206-UAT-002,AUTHORIZED_BY_PASS_F_SUBJECT_TO_WAVE_DEPENDENCIES,NOT_READY
F207,Project calendar,Projects,docs/03-modules/projects/features/F207-project-calendar.md,F207-CAP-001;F207-CAP-002;F207-CAP-003,F207-FLOW-001;F207-FLOW-002,F207-BR-001;F207-BR-002,F207-DATA-001;F207-DATA-002,F207-VAL-001;F207-VAL-002,F207-CALC-001,F207-UX-001;F207-UX-002;F207-UX-003,F207-SEC-001;F207-SEC-002,F207-INT-001;F207-INT-002,F207-API-001;F207-API-002,F207-E2E-001;F207-E2E-002,F207-UAT-001;F207-UAT-002,APPROVED,8,APPROVED,F207-PFC-01;F207-PFC-02;F207-PFC-03;F207-PFC-04;F207-PFC-05;F207-PFC-06;F207-PFC-07;F207-PFC-08;F207-PFC-09;F207-PFC-10,F207-STM-01;F207-STM-02;F207-STM-03;F207-STM-04;F207-STM-05,APPROVED,PFD-BM-F207-1;PFD-BM-F207-2,APPROVED,services/api/src/modules/projects,apps/web/src/modules/projects,READ_ONLY,W08,PVT-F207-CAP-001;PVT-F207-CAP-002;PVT-F207-CAP-003;TST-F207-FR-001;PVT-F207-FR-001;TST-F207-FR-002;PVT-F207-FR-002;TST-F207-FR-003;PVT-F207-FR-003;PVT-F207-US-001;PVT-F207-US-002;PVT-F207-FLOW-001;PVT-F207-FLOW-002;TST-F207-BR-001;PVT-F207-BR-001;TST-F207-BR-002;PVT-F207-BR-002;PVT-F207-DATA-001;PVT-F207-DATA-002;TST-F207-VAL-001;PVT-F207-VAL-001;TST-F207-VAL-002;PVT-F207-VAL-002;TST-F207-CALC-001;PVT-F207-CALC-001;PVT-F207-UX-001;PVT-F207-UX-002;PVT-F207-UX-003;TST-F207-SEC-001;PVT-F207-SEC-001;TST-F207-SEC-002;PVT-F207-SEC-002;PVT-F207-AUTO-001;PVT-F207-APP-001;PVT-F207-NOTIF-001;PVT-F207-REP-001;PVT-F207-AI-001;TST-F207-INT-001;PVT-F207-INT-001;TST-F207-INT-002;PVT-F207-INT-002;TST-F207-API-001;PVT-F207-API-001;TST-F207-API-002;PVT-F207-API-002;TST-F207-PERF-001;PVT-F207-PERF-001;TST-F207-OBS-001;PVT-F207-OBS-001;TST-F207-E2E-001;PVT-F207-E2E-001;TST-F207-E2E-002;PVT-F207-E2E-002;TST-F207-UAT-001;PVT-F207-UAT-001;TST-F207-UAT-002;PVT-F207-UAT-002,AUTHORIZED_BY_PASS_F_SUBJECT_TO_WAVE_DEPENDENCIES,NOT_READY
F208,Resource allocation,Projects,docs/03-modules/projects/features/F208-resource-allocation.md,F208-CAP-001;F208-CAP-002;F208-CAP-003,F208-FLOW-001;F208-FLOW-002,F208-BR-001;F208-BR-002,F208-DATA-001;F208-DATA-002,F208-VAL-001;F208-VAL-002,F208-CALC-001,F208-UX-001;F208-UX-002;F208-UX-003,F208-SEC-001;F208-SEC-002,F208-INT-001;F208-INT-002,F208-API-001;F208-API-002,F208-E2E-001;F208-E2E-002,F208-UAT-001;F208-UAT-002,APPROVED,8,APPROVED,F208-PFC-01;F208-PFC-02;F208-PFC-03;F208-PFC-04;F208-PFC-05;F208-PFC-06;F208-PFC-07;F208-PFC-08;F208-PFC-09;F208-PFC-10,F208-STM-01;F208-STM-02;F208-STM-03;F208-STM-04;F208-STM-05,APPROVED,PFD-BM-F208-1;PFD-BM-F208-2,APPROVED,services/api/src/modules/projects,apps/web/src/modules/projects,READ_ONLY,W08,PVT-F208-CAP-001;PVT-F208-CAP-002;PVT-F208-CAP-003;TST-F208-FR-001;PVT-F208-FR-001;TST-F208-FR-002;PVT-F208-FR-002;TST-F208-FR-003;PVT-F208-FR-003;PVT-F208-US-001;PVT-F208-US-002;PVT-F208-FLOW-001;PVT-F208-FLOW-002;TST-F208-BR-001;PVT-F208-BR-001;TST-F208-BR-002;PVT-F208-BR-002;PVT-F208-DATA-001;PVT-F208-DATA-002;TST-F208-VAL-001;PVT-F208-VAL-001;TST-F208-VAL-002;PVT-F208-VAL-002;TST-F208-CALC-001;PVT-F208-CALC-001;PVT-F208-UX-001;PVT-F208-UX-002;PVT-F208-UX-003;TST-F208-SEC-001;PVT-F208-SEC-001;TST-F208-SEC-002;PVT-F208-SEC-002;PVT-F208-AUTO-001;PVT-F208-APP-001;PVT-F208-NOTIF-001;PVT-F208-REP-001;PVT-F208-AI-001;TST-F208-INT-001;PVT-F208-INT-001;TST-F208-INT-002;PVT-F208-INT-002;TST-F208-API-001;PVT-F208-API-001;TST-F208-API-002;PVT-F208-API-002;TST-F208-PERF-001;PVT-F208-PERF-001;TST-F208-OBS-001;PVT-F208-OBS-001;TST-F208-E2E-001;PVT-F208-E2E-001;TST-F208-E2E-002;PVT-F208-E2E-002;TST-F208-UAT-001;PVT-F208-UAT-001;TST-F208-UAT-002;PVT-F208-UAT-002,AUTHORIZED_BY_PASS_F_SUBJECT_TO_WAVE_DEPENDENCIES,NOT_READY
F209,Resource availability,Projects,docs/03-modules/projects/features/F209-resource-availability.md,F209-CAP-001;F209-CAP-002;F209-CAP-003,F209-FLOW-001;F209-FLOW-002,F209-BR-001;F209-BR-002,F209-DATA-001;F209-DATA-002,F209-VAL-001;F209-VAL-002,F209-CALC-001,F209-UX-001;F209-UX-002;F209-UX-003,F209-SEC-001;F209-SEC-002,F209-INT-001;F209-INT-002,F209-API-001;F209-API-002,F209-E2E-001;F209-E2E-002,F209-UAT-001;F209-UAT-002,APPROVED,8,APPROVED,F209-PFC-01;F209-PFC-02;F209-PFC-03;F209-PFC-04;F209-PFC-05;F209-PFC-06;F209-PFC-07;F209-PFC-08;F209-PFC-09;F209-PFC-10,F209-STM-01;F209-STM-02;F209-STM-03;F209-STM-04;F209-STM-05,APPROVED,PFD-BM-F209-1;PFD-BM-F209-2,APPROVED,services/api/src/modules/projects,apps/web/src/modules/projects,READ_ONLY,W08,PVT-F209-CAP-001;PVT-F209-CAP-002;PVT-F209-CAP-003;TST-F209-FR-001;PVT-F209-FR-001;TST-F209-FR-002;PVT-F209-FR-002;TST-F209-FR-003;PVT-F209-FR-003;PVT-F209-US-001;PVT-F209-US-002;PVT-F209-FLOW-001;PVT-F209-FLOW-002;TST-F209-BR-001;PVT-F209-BR-001;TST-F209-BR-002;PVT-F209-BR-002;PVT-F209-DATA-001;PVT-F209-DATA-002;TST-F209-VAL-001;PVT-F209-VAL-001;TST-F209-VAL-002;PVT-F209-VAL-002;TST-F209-CALC-001;PVT-F209-CALC-001;PVT-F209-UX-001;PVT-F209-UX-002;PVT-F209-UX-003;TST-F209-SEC-001;PVT-F209-SEC-001;TST-F209-SEC-002;PVT-F209-SEC-002;PVT-F209-AUTO-001;PVT-F209-APP-001;PVT-F209-NOTIF-001;PVT-F209-REP-001;PVT-F209-AI-001;TST-F209-INT-001;PVT-F209-INT-001;TST-F209-INT-002;PVT-F209-INT-002;TST-F209-API-001;PVT-F209-API-001;TST-F209-API-002;PVT-F209-API-002;TST-F209-PERF-001;PVT-F209-PERF-001;TST-F209-OBS-001;PVT-F209-OBS-001;TST-F209-E2E-001;PVT-F209-E2E-001;TST-F209-E2E-002;PVT-F209-E2E-002;TST-F209-UAT-001;PVT-F209-UAT-001;TST-F209-UAT-002;PVT-F209-UAT-002,AUTHORIZED_BY_PASS_F_SUBJECT_TO_WAVE_DEPENDENCIES,NOT_READY
F210,Timesheets,Projects,docs/03-modules/projects/features/F210-timesheets.md,F210-CAP-001;F210-CAP-002;F210-CAP-003,F210-FLOW-001;F210-FLOW-002,F210-BR-001;F210-BR-002,F210-DATA-001;F210-DATA-002,F210-VAL-001;F210-VAL-002,F210-CALC-001,F210-UX-001;F210-UX-002;F210-UX-003,F210-SEC-001;F210-SEC-002,F210-INT-001;F210-INT-002,F210-API-001;F210-API-002,F210-E2E-001;F210-E2E-002,F210-UAT-001;F210-UAT-002,APPROVED,8,APPROVED,F210-PFC-01;F210-PFC-02;F210-PFC-03;F210-PFC-04;F210-PFC-05;F210-PFC-06;F210-PFC-07;F210-PFC-08;F210-PFC-09;F210-PFC-10,F210-STM-01;F210-STM-02;F210-STM-03;F210-STM-04;F210-STM-05,APPROVED,PFD-BM-F210-1;PFD-BM-F210-2,APPROVED,services/api/src/modules/projects,apps/web/src/modules/projects,FIELD_OPTIMIZED,W08,PVT-F210-CAP-001;PVT-F210-CAP-002;PVT-F210-CAP-003;TST-F210-FR-001;PVT-F210-FR-001;TST-F210-FR-002;PVT-F210-FR-002;TST-F210-FR-003;PVT-F210-FR-003;PVT-F210-US-001;PVT-F210-US-002;PVT-F210-FLOW-001;PVT-F210-FLOW-002;TST-F210-BR-001;PVT-F210-BR-001;TST-F210-BR-002;PVT-F210-BR-002;PVT-F210-DATA-001;PVT-F210-DATA-002;TST-F210-VAL-001;PVT-F210-VAL-001;TST-F210-VAL-002;PVT-F210-VAL-002;TST-F210-CALC-001;PVT-F210-CALC-001;PVT-F210-UX-001;PVT-F210-UX-002;PVT-F210-UX-003;TST-F210-SEC-001;PVT-F210-SEC-001;TST-F210-SEC-002;PVT-F210-SEC-002;PVT-F210-AUTO-001;PVT-F210-APP-001;PVT-F210-NOTIF-001;PVT-F210-REP-001;PVT-F210-AI-001;TST-F210-INT-001;PVT-F210-INT-001;TST-F210-INT-002;PVT-F210-INT-002;TST-F210-API-001;PVT-F210-API-001;TST-F210-API-002;PVT-F210-API-002;TST-F210-PERF-001;PVT-F210-PERF-001;TST-F210-OBS-001;PVT-F210-OBS-001;TST-F210-E2E-001;PVT-F210-E2E-001;TST-F210-E2E-002;PVT-F210-E2E-002;TST-F210-UAT-001;PVT-F210-UAT-001;TST-F210-UAT-002;PVT-F210-UAT-002,AUTHORIZED_BY_PASS_F_SUBJECT_TO_WAVE_DEPENDENCIES,NOT_READY
F211,Project expenses,Projects,docs/03-modules/projects/features/F211-project-expenses.md,F211-CAP-001;F211-CAP-002;F211-CAP-003,F211-FLOW-001;F211-FLOW-002,F211-BR-001;F211-BR-002,F211-DATA-001;F211-DATA-002,F211-VAL-001;F211-VAL-002,F211-CALC-001,F211-UX-001;F211-UX-002;F211-UX-003,F211-SEC-001;F211-SEC-002,F211-INT-001;F211-INT-002,F211-API-001;F211-API-002,F211-E2E-001;F211-E2E-002,F211-UAT-001;F211-UAT-002,APPROVED,8,APPROVED,F211-PFC-01;F211-PFC-02;F211-PFC-03;F211-PFC-04;F211-PFC-05;F211-PFC-06;F211-PFC-07;F211-PFC-08;F211-PFC-09;F211-PFC-10,F211-STM-01;F211-STM-02;F211-STM-03;F211-STM-04;F211-STM-05,APPROVED,PFD-BM-F211-1;PFD-BM-F211-2,APPROVED,services/api/src/modules/projects,apps/web/src/modules/projects,FIELD_OPTIMIZED,W08,PVT-F211-CAP-001;PVT-F211-CAP-002;PVT-F211-CAP-003;TST-F211-FR-001;PVT-F211-FR-001;TST-F211-FR-002;PVT-F211-FR-002;TST-F211-FR-003;PVT-F211-FR-003;PVT-F211-US-001;PVT-F211-US-002;PVT-F211-FLOW-001;PVT-F211-FLOW-002;TST-F211-BR-001;PVT-F211-BR-001;TST-F211-BR-002;PVT-F211-BR-002;PVT-F211-DATA-001;PVT-F211-DATA-002;TST-F211-VAL-001;PVT-F211-VAL-001;TST-F211-VAL-002;PVT-F211-VAL-002;TST-F211-CALC-001;PVT-F211-CALC-001;PVT-F211-UX-001;PVT-F211-UX-002;PVT-F211-UX-003;TST-F211-SEC-001;PVT-F211-SEC-001;TST-F211-SEC-002;PVT-F211-SEC-002;PVT-F211-AUTO-001;PVT-F211-APP-001;PVT-F211-NOTIF-001;PVT-F211-REP-001;PVT-F211-AI-001;TST-F211-INT-001;PVT-F211-INT-001;TST-F211-INT-002;PVT-F211-INT-002;TST-F211-API-001;PVT-F211-API-001;TST-F211-API-002;PVT-F211-API-002;TST-F211-PERF-001;PVT-F211-PERF-001;TST-F211-OBS-001;PVT-F211-OBS-001;TST-F211-E2E-001;PVT-F211-E2E-001;TST-F211-E2E-002;PVT-F211-E2E-002;TST-F211-UAT-001;PVT-F211-UAT-001;TST-F211-UAT-002;PVT-F211-UAT-002,AUTHORIZED_BY_PASS_F_SUBJECT_TO_WAVE_DEPENDENCIES,NOT_READY
F212,Materials consumed,Projects,docs/03-modules/projects/features/F212-materials-consumed.md,F212-CAP-001;F212-CAP-002;F212-CAP-003,F212-FLOW-001;F212-FLOW-002,F212-BR-001;F212-BR-002,F212-DATA-001;F212-DATA-002,F212-VAL-001;F212-VAL-002,F212-CALC-001,F212-UX-001;F212-UX-002;F212-UX-003,F212-SEC-001;F212-SEC-002,F212-INT-001;F212-INT-002,F212-API-001;F212-API-002,F212-E2E-001;F212-E2E-002,F212-UAT-001;F212-UAT-002,APPROVED,8,APPROVED,F212-PFC-01;F212-PFC-02;F212-PFC-03;F212-PFC-04;F212-PFC-05;F212-PFC-06;F212-PFC-07;F212-PFC-08;F212-PFC-09;F212-PFC-10,F212-STM-01;F212-STM-02;F212-STM-03;F212-STM-04;F212-STM-05,APPROVED,PFD-BM-F212-1;PFD-BM-F212-2,APPROVED,services/api/src/modules/projects,apps/web/src/modules/projects,READ_ONLY,W08,PVT-F212-CAP-001;PVT-F212-CAP-002;PVT-F212-CAP-003;TST-F212-FR-001;PVT-F212-FR-001;TST-F212-FR-002;PVT-F212-FR-002;TST-F212-FR-003;PVT-F212-FR-003;PVT-F212-US-001;PVT-F212-US-002;PVT-F212-FLOW-001;PVT-F212-FLOW-002;TST-F212-BR-001;PVT-F212-BR-001;TST-F212-BR-002;PVT-F212-BR-002;PVT-F212-DATA-001;PVT-F212-DATA-002;TST-F212-VAL-001;PVT-F212-VAL-001;TST-F212-VAL-002;PVT-F212-VAL-002;TST-F212-CALC-001;PVT-F212-CALC-001;PVT-F212-UX-001;PVT-F212-UX-002;PVT-F212-UX-003;TST-F212-SEC-001;PVT-F212-SEC-001;TST-F212-SEC-002;PVT-F212-SEC-002;PVT-F212-AUTO-001;PVT-F212-APP-001;PVT-F212-NOTIF-001;PVT-F212-REP-001;PVT-F212-AI-001;TST-F212-INT-001;PVT-F212-INT-001;TST-F212-INT-002;PVT-F212-INT-002;TST-F212-API-001;PVT-F212-API-001;TST-F212-API-002;PVT-F212-API-002;TST-F212-PERF-001;PVT-F212-PERF-001;TST-F212-OBS-001;PVT-F212-OBS-001;TST-F212-E2E-001;PVT-F212-E2E-001;TST-F212-E2E-002;PVT-F212-E2E-002;TST-F212-UAT-001;PVT-F212-UAT-001;TST-F212-UAT-002;PVT-F212-UAT-002,AUTHORIZED_BY_PASS_F_SUBJECT_TO_WAVE_DEPENDENCIES,NOT_READY
F213,Project procurement,Projects,docs/03-modules/projects/features/F213-project-procurement.md,F213-CAP-001;F213-CAP-002;F213-CAP-003,F213-FLOW-001;F213-FLOW-002,F213-BR-001;F213-BR-002,F213-DATA-001;F213-DATA-002,F213-VAL-001;F213-VAL-002,F213-CALC-001,F213-UX-001;F213-UX-002;F213-UX-003,F213-SEC-001;F213-SEC-002,F213-INT-001;F213-INT-002,F213-API-001;F213-API-002,F213-E2E-001;F213-E2E-002,F213-UAT-001;F213-UAT-002,APPROVED,8,APPROVED,F213-PFC-01;F213-PFC-02;F213-PFC-03;F213-PFC-04;F213-PFC-05;F213-PFC-06;F213-PFC-07;F213-PFC-08;F213-PFC-09;F213-PFC-10,F213-STM-01;F213-STM-02;F213-STM-03;F213-STM-04;F213-STM-05,APPROVED,PFD-BM-F213-1;PFD-BM-F213-2,APPROVED,services/api/src/modules/projects,apps/web/src/modules/projects,READ_ONLY,W08,PVT-F213-CAP-001;PVT-F213-CAP-002;PVT-F213-CAP-003;TST-F213-FR-001;PVT-F213-FR-001;TST-F213-FR-002;PVT-F213-FR-002;TST-F213-FR-003;PVT-F213-FR-003;PVT-F213-US-001;PVT-F213-US-002;PVT-F213-FLOW-001;PVT-F213-FLOW-002;TST-F213-BR-001;PVT-F213-BR-001;TST-F213-BR-002;PVT-F213-BR-002;PVT-F213-DATA-001;PVT-F213-DATA-002;TST-F213-VAL-001;PVT-F213-VAL-001;TST-F213-VAL-002;PVT-F213-VAL-002;TST-F213-CALC-001;PVT-F213-CALC-001;PVT-F213-UX-001;PVT-F213-UX-002;PVT-F213-UX-003;TST-F213-SEC-001;PVT-F213-SEC-001;TST-F213-SEC-002;PVT-F213-SEC-002;PVT-F213-AUTO-001;PVT-F213-APP-001;PVT-F213-NOTIF-001;PVT-F213-REP-001;PVT-F213-AI-001;TST-F213-INT-001;PVT-F213-INT-001;TST-F213-INT-002;PVT-F213-INT-002;TST-F213-API-001;PVT-F213-API-001;TST-F213-API-002;PVT-F213-API-002;TST-F213-PERF-001;PVT-F213-PERF-001;TST-F213-OBS-001;PVT-F213-OBS-001;TST-F213-E2E-001;PVT-F213-E2E-001;TST-F213-E2E-002;PVT-F213-E2E-002;TST-F213-UAT-001;PVT-F213-UAT-001;TST-F213-UAT-002;PVT-F213-UAT-002,AUTHORIZED_BY_PASS_F_SUBJECT_TO_WAVE_DEPENDENCIES,NOT_READY
F214,Project budget,Projects,docs/03-modules/projects/features/F214-project-budget.md,F214-CAP-001;F214-CAP-002;F214-CAP-003,F214-FLOW-001;F214-FLOW-002,F214-BR-001;F214-BR-002,F214-DATA-001;F214-DATA-002,F214-VAL-001;F214-VAL-002,F214-CALC-001,F214-UX-001;F214-UX-002;F214-UX-003,F214-SEC-001;F214-SEC-002,F214-INT-001;F214-INT-002,F214-API-001;F214-API-002,F214-E2E-001;F214-E2E-002,F214-UAT-001;F214-UAT-002,APPROVED,8,APPROVED,F214-PFC-01;F214-PFC-02;F214-PFC-03;F214-PFC-04;F214-PFC-05;F214-PFC-06;F214-PFC-07;F214-PFC-08;F214-PFC-09;F214-PFC-10,F214-STM-01;F214-STM-02;F214-STM-03;F214-STM-04;F214-STM-05,APPROVED,PFD-BM-F214-1;PFD-BM-F214-2,APPROVED,services/api/src/modules/projects,apps/web/src/modules/projects,READ_ONLY,W08,PVT-F214-CAP-001;PVT-F214-CAP-002;PVT-F214-CAP-003;TST-F214-FR-001;PVT-F214-FR-001;TST-F214-FR-002;PVT-F214-FR-002;TST-F214-FR-003;PVT-F214-FR-003;PVT-F214-US-001;PVT-F214-US-002;PVT-F214-FLOW-001;PVT-F214-FLOW-002;TST-F214-BR-001;PVT-F214-BR-001;TST-F214-BR-002;PVT-F214-BR-002;PVT-F214-DATA-001;PVT-F214-DATA-002;TST-F214-VAL-001;PVT-F214-VAL-001;TST-F214-VAL-002;PVT-F214-VAL-002;TST-F214-CALC-001;PVT-F214-CALC-001;PVT-F214-UX-001;PVT-F214-UX-002;PVT-F214-UX-003;TST-F214-SEC-001;PVT-F214-SEC-001;TST-F214-SEC-002;PVT-F214-SEC-002;PVT-F214-AUTO-001;PVT-F214-APP-001;PVT-F214-NOTIF-001;PVT-F214-REP-001;PVT-F214-AI-001;TST-F214-INT-001;PVT-F214-INT-001;TST-F214-INT-002;PVT-F214-INT-002;TST-F214-API-001;PVT-F214-API-001;TST-F214-API-002;PVT-F214-API-002;TST-F214-PERF-001;PVT-F214-PERF-001;TST-F214-OBS-001;PVT-F214-OBS-001;TST-F214-E2E-001;PVT-F214-E2E-001;TST-F214-E2E-002;PVT-F214-E2E-002;TST-F214-UAT-001;PVT-F214-UAT-001;TST-F214-UAT-002;PVT-F214-UAT-002,AUTHORIZED_BY_PASS_F_SUBJECT_TO_WAVE_DEPENDENCIES,NOT_READY
F215,Budget revisions,Projects,docs/03-modules/projects/features/F215-budget-revisions.md,F215-CAP-001;F215-CAP-002;F215-CAP-003,F215-FLOW-001;F215-FLOW-002,F215-BR-001;F215-BR-002,F215-DATA-001;F215-DATA-002,F215-VAL-001;F215-VAL-002,F215-CALC-001,F215-UX-001;F215-UX-002;F215-UX-003,F215-SEC-001;F215-SEC-002,F215-INT-001;F215-INT-002,F215-API-001;F215-API-002,F215-E2E-001;F215-E2E-002,F215-UAT-001;F215-UAT-002,APPROVED,8,APPROVED,F215-PFC-01;F215-PFC-02;F215-PFC-03;F215-PFC-04;F215-PFC-05;F215-PFC-06;F215-PFC-07;F215-PFC-08;F215-PFC-09;F215-PFC-10,F215-STM-01;F215-STM-02;F215-STM-03;F215-STM-04;F215-STM-05,APPROVED,PFD-BM-F215-1;PFD-BM-F215-2,APPROVED,services/api/src/modules/projects,apps/web/src/modules/projects,READ_ONLY,W08,PVT-F215-CAP-001;PVT-F215-CAP-002;PVT-F215-CAP-003;TST-F215-FR-001;PVT-F215-FR-001;TST-F215-FR-002;PVT-F215-FR-002;TST-F215-FR-003;PVT-F215-FR-003;PVT-F215-US-001;PVT-F215-US-002;PVT-F215-FLOW-001;PVT-F215-FLOW-002;TST-F215-BR-001;PVT-F215-BR-001;TST-F215-BR-002;PVT-F215-BR-002;PVT-F215-DATA-001;PVT-F215-DATA-002;TST-F215-VAL-001;PVT-F215-VAL-001;TST-F215-VAL-002;PVT-F215-VAL-002;TST-F215-CALC-001;PVT-F215-CALC-001;PVT-F215-UX-001;PVT-F215-UX-002;PVT-F215-UX-003;TST-F215-SEC-001;PVT-F215-SEC-001;TST-F215-SEC-002;PVT-F215-SEC-002;PVT-F215-AUTO-001;PVT-F215-APP-001;PVT-F215-NOTIF-001;PVT-F215-REP-001;PVT-F215-AI-001;TST-F215-INT-001;PVT-F215-INT-001;TST-F215-INT-002;PVT-F215-INT-002;TST-F215-API-001;PVT-F215-API-001;TST-F215-API-002;PVT-F215-API-002;TST-F215-PERF-001;PVT-F215-PERF-001;TST-F215-OBS-001;PVT-F215-OBS-001;TST-F215-E2E-001;PVT-F215-E2E-001;TST-F215-E2E-002;PVT-F215-E2E-002;TST-F215-UAT-001;PVT-F215-UAT-001;TST-F215-UAT-002;PVT-F215-UAT-002,AUTHORIZED_BY_PASS_F_SUBJECT_TO_WAVE_DEPENDENCIES,NOT_READY
F216,Cost tracking,Projects,docs/03-modules/projects/features/F216-cost-tracking.md,F216-CAP-001;F216-CAP-002;F216-CAP-003,F216-FLOW-001;F216-FLOW-002,F216-BR-001;F216-BR-002,F216-DATA-001;F216-DATA-002,F216-VAL-001;F216-VAL-002,F216-CALC-001,F216-UX-001;F216-UX-002;F216-UX-003,F216-SEC-001;F216-SEC-002,F216-INT-001;F216-INT-002,F216-API-001;F216-API-002,F216-E2E-001;F216-E2E-002,F216-UAT-001;F216-UAT-002,APPROVED,8,APPROVED,F216-PFC-01;F216-PFC-02;F216-PFC-03;F216-PFC-04;F216-PFC-05;F216-PFC-06;F216-PFC-07;F216-PFC-08;F216-PFC-09;F216-PFC-10,F216-STM-01;F216-STM-02;F216-STM-03;F216-STM-04;F216-STM-05,APPROVED,PFD-BM-F216-1;PFD-BM-F216-2,APPROVED,services/api/src/modules/projects,apps/web/src/modules/projects,READ_ONLY,W08,PVT-F216-CAP-001;PVT-F216-CAP-002;PVT-F216-CAP-003;TST-F216-FR-001;PVT-F216-FR-001;TST-F216-FR-002;PVT-F216-FR-002;TST-F216-FR-003;PVT-F216-FR-003;PVT-F216-US-001;PVT-F216-US-002;PVT-F216-FLOW-001;PVT-F216-FLOW-002;TST-F216-BR-001;PVT-F216-BR-001;TST-F216-BR-002;PVT-F216-BR-002;PVT-F216-DATA-001;PVT-F216-DATA-002;TST-F216-VAL-001;PVT-F216-VAL-001;TST-F216-VAL-002;PVT-F216-VAL-002;TST-F216-CALC-001;PVT-F216-CALC-001;PVT-F216-UX-001;PVT-F216-UX-002;PVT-F216-UX-003;TST-F216-SEC-001;PVT-F216-SEC-001;TST-F216-SEC-002;PVT-F216-SEC-002;PVT-F216-AUTO-001;PVT-F216-APP-001;PVT-F216-NOTIF-001;PVT-F216-REP-001;PVT-F216-AI-001;TST-F216-INT-001;PVT-F216-INT-001;TST-F216-INT-002;PVT-F216-INT-002;TST-F216-API-001;PVT-F216-API-001;TST-F216-API-002;PVT-F216-API-002;TST-F216-PERF-001;PVT-F216-PERF-001;TST-F216-OBS-001;PVT-F216-OBS-001;TST-F216-E2E-001;PVT-F216-E2E-001;TST-F216-E2E-002;PVT-F216-E2E-002;TST-F216-UAT-001;PVT-F216-UAT-001;TST-F216-UAT-002;PVT-F216-UAT-002,AUTHORIZED_BY_PASS_F_SUBJECT_TO_WAVE_DEPENDENCIES,NOT_READY
F217,Revenue tracking,Projects,docs/03-modules/projects/features/F217-revenue-tracking.md,F217-CAP-001;F217-CAP-002;F217-CAP-003,F217-FLOW-001;F217-FLOW-002,F217-BR-001;F217-BR-002,F217-DATA-001;F217-DATA-002,F217-VAL-001;F217-VAL-002,F217-CALC-001,F217-UX-001;F217-UX-002;F217-UX-003,F217-SEC-001;F217-SEC-002,F217-INT-001;F217-INT-002,F217-API-001;F217-API-002,F217-E2E-001;F217-E2E-002,F217-UAT-001;F217-UAT-002,APPROVED,8,APPROVED,F217-PFC-01;F217-PFC-02;F217-PFC-03;F217-PFC-04;F217-PFC-05;F217-PFC-06;F217-PFC-07;F217-PFC-08;F217-PFC-09;F217-PFC-10,F217-STM-01;F217-STM-02;F217-STM-03;F217-STM-04;F217-STM-05,APPROVED,PFD-BM-F217-1;PFD-BM-F217-2,APPROVED,services/api/src/modules/projects,apps/web/src/modules/projects,READ_ONLY,W08,PVT-F217-CAP-001;PVT-F217-CAP-002;PVT-F217-CAP-003;TST-F217-FR-001;PVT-F217-FR-001;TST-F217-FR-002;PVT-F217-FR-002;TST-F217-FR-003;PVT-F217-FR-003;PVT-F217-US-001;PVT-F217-US-002;PVT-F217-FLOW-001;PVT-F217-FLOW-002;TST-F217-BR-001;PVT-F217-BR-001;TST-F217-BR-002;PVT-F217-BR-002;PVT-F217-DATA-001;PVT-F217-DATA-002;TST-F217-VAL-001;PVT-F217-VAL-001;TST-F217-VAL-002;PVT-F217-VAL-002;TST-F217-CALC-001;PVT-F217-CALC-001;PVT-F217-UX-001;PVT-F217-UX-002;PVT-F217-UX-003;TST-F217-SEC-001;PVT-F217-SEC-001;TST-F217-SEC-002;PVT-F217-SEC-002;PVT-F217-AUTO-001;PVT-F217-APP-001;PVT-F217-NOTIF-001;PVT-F217-REP-001;PVT-F217-AI-001;TST-F217-INT-001;PVT-F217-INT-001;TST-F217-INT-002;PVT-F217-INT-002;TST-F217-API-001;PVT-F217-API-001;TST-F217-API-002;PVT-F217-API-002;TST-F217-PERF-001;PVT-F217-PERF-001;TST-F217-OBS-001;PVT-F217-OBS-001;TST-F217-E2E-001;PVT-F217-E2E-001;TST-F217-E2E-002;PVT-F217-E2E-002;TST-F217-UAT-001;PVT-F217-UAT-001;TST-F217-UAT-002;PVT-F217-UAT-002,AUTHORIZED_BY_PASS_F_SUBJECT_TO_WAVE_DEPENDENCIES,NOT_READY
F218,Fixed-price billing,Projects,docs/03-modules/projects/features/F218-fixed-price-billing.md,F218-CAP-001;F218-CAP-002;F218-CAP-003,F218-FLOW-001;F218-FLOW-002,F218-BR-001;F218-BR-002,F218-DATA-001;F218-DATA-002,F218-VAL-001;F218-VAL-002,F218-CALC-001,F218-UX-001;F218-UX-002;F218-UX-003,F218-SEC-001;F218-SEC-002,F218-INT-001;F218-INT-002,F218-API-001;F218-API-002,F218-E2E-001;F218-E2E-002,F218-UAT-001;F218-UAT-002,APPROVED,8,APPROVED,F218-PFC-01;F218-PFC-02;F218-PFC-03;F218-PFC-04;F218-PFC-05;F218-PFC-06;F218-PFC-07;F218-PFC-08;F218-PFC-09;F218-PFC-10,F218-STM-01;F218-STM-02;F218-STM-03;F218-STM-04;F218-STM-05,APPROVED,PFD-BM-F218-1;PFD-BM-F218-2,APPROVED,services/api/src/modules/projects,apps/web/src/modules/projects,READ_ONLY,W08,PVT-F218-CAP-001;PVT-F218-CAP-002;PVT-F218-CAP-003;TST-F218-FR-001;PVT-F218-FR-001;TST-F218-FR-002;PVT-F218-FR-002;TST-F218-FR-003;PVT-F218-FR-003;PVT-F218-US-001;PVT-F218-US-002;PVT-F218-FLOW-001;PVT-F218-FLOW-002;TST-F218-BR-001;PVT-F218-BR-001;TST-F218-BR-002;PVT-F218-BR-002;PVT-F218-DATA-001;PVT-F218-DATA-002;TST-F218-VAL-001;PVT-F218-VAL-001;TST-F218-VAL-002;PVT-F218-VAL-002;TST-F218-CALC-001;PVT-F218-CALC-001;PVT-F218-UX-001;PVT-F218-UX-002;PVT-F218-UX-003;TST-F218-SEC-001;PVT-F218-SEC-001;TST-F218-SEC-002;PVT-F218-SEC-002;PVT-F218-AUTO-001;PVT-F218-APP-001;PVT-F218-NOTIF-001;PVT-F218-REP-001;PVT-F218-AI-001;TST-F218-INT-001;PVT-F218-INT-001;TST-F218-INT-002;PVT-F218-INT-002;TST-F218-API-001;PVT-F218-API-001;TST-F218-API-002;PVT-F218-API-002;TST-F218-PERF-001;PVT-F218-PERF-001;TST-F218-OBS-001;PVT-F218-OBS-001;TST-F218-E2E-001;PVT-F218-E2E-001;TST-F218-E2E-002;PVT-F218-E2E-002;TST-F218-UAT-001;PVT-F218-UAT-001;TST-F218-UAT-002;PVT-F218-UAT-002,AUTHORIZED_BY_PASS_F_SUBJECT_TO_WAVE_DEPENDENCIES,NOT_READY
F219,Time-and-material billing,Projects,docs/03-modules/projects/features/F219-time-and-material-billing.md,F219-CAP-001;F219-CAP-002;F219-CAP-003,F219-FLOW-001;F219-FLOW-002,F219-BR-001;F219-BR-002,F219-DATA-001;F219-DATA-002,F219-VAL-001;F219-VAL-002,F219-CALC-001,F219-UX-001;F219-UX-002;F219-UX-003,F219-SEC-001;F219-SEC-002,F219-INT-001;F219-INT-002,F219-API-001;F219-API-002,F219-E2E-001;F219-E2E-002,F219-UAT-001;F219-UAT-002,APPROVED,8,APPROVED,F219-PFC-01;F219-PFC-02;F219-PFC-03;F219-PFC-04;F219-PFC-05;F219-PFC-06;F219-PFC-07;F219-PFC-08;F219-PFC-09;F219-PFC-10,F219-STM-01;F219-STM-02;F219-STM-03;F219-STM-04;F219-STM-05,APPROVED,PFD-BM-F219-1;PFD-BM-F219-2,APPROVED,services/api/src/modules/projects,apps/web/src/modules/projects,READ_ONLY,W08,PVT-F219-CAP-001;PVT-F219-CAP-002;PVT-F219-CAP-003;TST-F219-FR-001;PVT-F219-FR-001;TST-F219-FR-002;PVT-F219-FR-002;TST-F219-FR-003;PVT-F219-FR-003;PVT-F219-US-001;PVT-F219-US-002;PVT-F219-FLOW-001;PVT-F219-FLOW-002;TST-F219-BR-001;PVT-F219-BR-001;TST-F219-BR-002;PVT-F219-BR-002;PVT-F219-DATA-001;PVT-F219-DATA-002;TST-F219-VAL-001;PVT-F219-VAL-001;TST-F219-VAL-002;PVT-F219-VAL-002;TST-F219-CALC-001;PVT-F219-CALC-001;PVT-F219-UX-001;PVT-F219-UX-002;PVT-F219-UX-003;TST-F219-SEC-001;PVT-F219-SEC-001;TST-F219-SEC-002;PVT-F219-SEC-002;PVT-F219-AUTO-001;PVT-F219-APP-001;PVT-F219-NOTIF-001;PVT-F219-REP-001;PVT-F219-AI-001;TST-F219-INT-001;PVT-F219-INT-001;TST-F219-INT-002;PVT-F219-INT-002;TST-F219-API-001;PVT-F219-API-001;TST-F219-API-002;PVT-F219-API-002;TST-F219-PERF-001;PVT-F219-PERF-001;TST-F219-OBS-001;PVT-F219-OBS-001;TST-F219-E2E-001;PVT-F219-E2E-001;TST-F219-E2E-002;PVT-F219-E2E-002;TST-F219-UAT-001;PVT-F219-UAT-001;TST-F219-UAT-002;PVT-F219-UAT-002,AUTHORIZED_BY_PASS_F_SUBJECT_TO_WAVE_DEPENDENCIES,NOT_READY
F220,Milestone billing,Projects,docs/03-modules/projects/features/F220-milestone-billing.md,F220-CAP-001;F220-CAP-002;F220-CAP-003,F220-FLOW-001;F220-FLOW-002,F220-BR-001;F220-BR-002,F220-DATA-001;F220-DATA-002,F220-VAL-001;F220-VAL-002,F220-CALC-001,F220-UX-001;F220-UX-002;F220-UX-003,F220-SEC-001;F220-SEC-002,F220-INT-001;F220-INT-002,F220-API-001;F220-API-002,F220-E2E-001;F220-E2E-002,F220-UAT-001;F220-UAT-002,APPROVED,8,APPROVED,F220-PFC-01;F220-PFC-02;F220-PFC-03;F220-PFC-04;F220-PFC-05;F220-PFC-06;F220-PFC-07;F220-PFC-08;F220-PFC-09;F220-PFC-10,F220-STM-01;F220-STM-02;F220-STM-03;F220-STM-04;F220-STM-05,APPROVED,PFD-BM-F220-1;PFD-BM-F220-2,APPROVED,services/api/src/modules/projects,apps/web/src/modules/projects,READ_ONLY,W08,PVT-F220-CAP-001;PVT-F220-CAP-002;PVT-F220-CAP-003;TST-F220-FR-001;PVT-F220-FR-001;TST-F220-FR-002;PVT-F220-FR-002;TST-F220-FR-003;PVT-F220-FR-003;PVT-F220-US-001;PVT-F220-US-002;PVT-F220-FLOW-001;PVT-F220-FLOW-002;TST-F220-BR-001;PVT-F220-BR-001;TST-F220-BR-002;PVT-F220-BR-002;PVT-F220-DATA-001;PVT-F220-DATA-002;TST-F220-VAL-001;PVT-F220-VAL-001;TST-F220-VAL-002;PVT-F220-VAL-002;TST-F220-CALC-001;PVT-F220-CALC-001;PVT-F220-UX-001;PVT-F220-UX-002;PVT-F220-UX-003;TST-F220-SEC-001;PVT-F220-SEC-001;TST-F220-SEC-002;PVT-F220-SEC-002;PVT-F220-AUTO-001;PVT-F220-APP-001;PVT-F220-NOTIF-001;PVT-F220-REP-001;PVT-F220-AI-001;TST-F220-INT-001;PVT-F220-INT-001;TST-F220-INT-002;PVT-F220-INT-002;TST-F220-API-001;PVT-F220-API-001;TST-F220-API-002;PVT-F220-API-002;TST-F220-PERF-001;PVT-F220-PERF-001;TST-F220-OBS-001;PVT-F220-OBS-001;TST-F220-E2E-001;PVT-F220-E2E-001;TST-F220-E2E-002;PVT-F220-E2E-002;TST-F220-UAT-001;PVT-F220-UAT-001;TST-F220-UAT-002;PVT-F220-UAT-002,AUTHORIZED_BY_PASS_F_SUBJECT_TO_WAVE_DEPENDENCIES,NOT_READY
F221,Project invoices,Projects,docs/03-modules/projects/features/F221-project-invoices.md,F221-CAP-001;F221-CAP-002;F221-CAP-003,F221-FLOW-001;F221-FLOW-002,F221-BR-001;F221-BR-002,F221-DATA-001;F221-DATA-002,F221-VAL-001;F221-VAL-002,F221-CALC-001,F221-UX-001;F221-UX-002;F221-UX-003,F221-SEC-001;F221-SEC-002,F221-INT-001;F221-INT-002,F221-API-001;F221-API-002,F221-E2E-001;F221-E2E-002,F221-UAT-001;F221-UAT-002,APPROVED,8,APPROVED,F221-PFC-01;F221-PFC-02;F221-PFC-03;F221-PFC-04;F221-PFC-05;F221-PFC-06;F221-PFC-07;F221-PFC-08;F221-PFC-09;F221-PFC-10,F221-STM-01;F221-STM-02;F221-STM-03;F221-STM-04;F221-STM-05,APPROVED,PFD-BM-F221-1;PFD-BM-F221-2,APPROVED,services/api/src/modules/projects,apps/web/src/modules/projects,READ_ONLY,W08,PVT-F221-CAP-001;PVT-F221-CAP-002;PVT-F221-CAP-003;TST-F221-FR-001;PVT-F221-FR-001;TST-F221-FR-002;PVT-F221-FR-002;TST-F221-FR-003;PVT-F221-FR-003;PVT-F221-US-001;PVT-F221-US-002;PVT-F221-FLOW-001;PVT-F221-FLOW-002;TST-F221-BR-001;PVT-F221-BR-001;TST-F221-BR-002;PVT-F221-BR-002;PVT-F221-DATA-001;PVT-F221-DATA-002;TST-F221-VAL-001;PVT-F221-VAL-001;TST-F221-VAL-002;PVT-F221-VAL-002;TST-F221-CALC-001;PVT-F221-CALC-001;PVT-F221-UX-001;PVT-F221-UX-002;PVT-F221-UX-003;TST-F221-SEC-001;PVT-F221-SEC-001;TST-F221-SEC-002;PVT-F221-SEC-002;PVT-F221-AUTO-001;PVT-F221-APP-001;PVT-F221-NOTIF-001;PVT-F221-REP-001;PVT-F221-AI-001;TST-F221-INT-001;PVT-F221-INT-001;TST-F221-INT-002;PVT-F221-INT-002;TST-F221-API-001;PVT-F221-API-001;TST-F221-API-002;PVT-F221-API-002;TST-F221-PERF-001;PVT-F221-PERF-001;TST-F221-OBS-001;PVT-F221-OBS-001;TST-F221-E2E-001;PVT-F221-E2E-001;TST-F221-E2E-002;PVT-F221-E2E-002;TST-F221-UAT-001;PVT-F221-UAT-001;TST-F221-UAT-002;PVT-F221-UAT-002,AUTHORIZED_BY_PASS_F_SUBJECT_TO_WAVE_DEPENDENCIES,NOT_READY
F222,Project profitability,Projects,docs/03-modules/projects/features/F222-project-profitability.md,F222-CAP-001;F222-CAP-002;F222-CAP-003,F222-FLOW-001;F222-FLOW-002,F222-BR-001;F222-BR-002,F222-DATA-001;F222-DATA-002,F222-VAL-001;F222-VAL-002,F222-CALC-001,F222-UX-001;F222-UX-002;F222-UX-003,F222-SEC-001;F222-SEC-002,F222-INT-001;F222-INT-002,F222-API-001;F222-API-002,F222-E2E-001;F222-E2E-002,F222-UAT-001;F222-UAT-002,APPROVED,8,APPROVED,F222-PFC-01;F222-PFC-02;F222-PFC-03;F222-PFC-04;F222-PFC-05;F222-PFC-06;F222-PFC-07;F222-PFC-08;F222-PFC-09;F222-PFC-10,F222-STM-01;F222-STM-02;F222-STM-03;F222-STM-04;F222-STM-05,APPROVED,PFD-BM-F222-1;PFD-BM-F222-2,APPROVED,services/api/src/modules/projects,apps/web/src/modules/projects,READ_ONLY,W08,PVT-F222-CAP-001;PVT-F222-CAP-002;PVT-F222-CAP-003;TST-F222-FR-001;PVT-F222-FR-001;TST-F222-FR-002;PVT-F222-FR-002;TST-F222-FR-003;PVT-F222-FR-003;PVT-F222-US-001;PVT-F222-US-002;PVT-F222-FLOW-001;PVT-F222-FLOW-002;TST-F222-BR-001;PVT-F222-BR-001;TST-F222-BR-002;PVT-F222-BR-002;PVT-F222-DATA-001;PVT-F222-DATA-002;TST-F222-VAL-001;PVT-F222-VAL-001;TST-F222-VAL-002;PVT-F222-VAL-002;TST-F222-CALC-001;PVT-F222-CALC-001;PVT-F222-UX-001;PVT-F222-UX-002;PVT-F222-UX-003;TST-F222-SEC-001;PVT-F222-SEC-001;TST-F222-SEC-002;PVT-F222-SEC-002;PVT-F222-AUTO-001;PVT-F222-APP-001;PVT-F222-NOTIF-001;PVT-F222-REP-001;PVT-F222-AI-001;TST-F222-INT-001;PVT-F222-INT-001;TST-F222-INT-002;PVT-F222-INT-002;TST-F222-API-001;PVT-F222-API-001;TST-F222-API-002;PVT-F222-API-002;TST-F222-PERF-001;PVT-F222-PERF-001;TST-F222-OBS-001;PVT-F222-OBS-001;TST-F222-E2E-001;PVT-F222-E2E-001;TST-F222-E2E-002;PVT-F222-E2E-002;TST-F222-UAT-001;PVT-F222-UAT-001;TST-F222-UAT-002;PVT-F222-UAT-002,AUTHORIZED_BY_PASS_F_SUBJECT_TO_WAVE_DEPENDENCIES,NOT_READY
F223,Cost variance,Projects,docs/03-modules/projects/features/F223-cost-variance.md,F223-CAP-001;F223-CAP-002;F223-CAP-003,F223-FLOW-001;F223-FLOW-002,F223-BR-001;F223-BR-002,F223-DATA-001;F223-DATA-002,F223-VAL-001;F223-VAL-002,F223-CALC-001,F223-UX-001;F223-UX-002;F223-UX-003,F223-SEC-001;F223-SEC-002,F223-INT-001;F223-INT-002,F223-API-001;F223-API-002,F223-E2E-001;F223-E2E-002,F223-UAT-001;F223-UAT-002,APPROVED,8,APPROVED,F223-PFC-01;F223-PFC-02;F223-PFC-03;F223-PFC-04;F223-PFC-05;F223-PFC-06;F223-PFC-07;F223-PFC-08;F223-PFC-09;F223-PFC-10,F223-STM-01;F223-STM-02;F223-STM-03;F223-STM-04;F223-STM-05,APPROVED,PFD-BM-F223-1;PFD-BM-F223-2,APPROVED,services/api/src/modules/projects,apps/web/src/modules/projects,READ_ONLY,W08,PVT-F223-CAP-001;PVT-F223-CAP-002;PVT-F223-CAP-003;TST-F223-FR-001;PVT-F223-FR-001;TST-F223-FR-002;PVT-F223-FR-002;TST-F223-FR-003;PVT-F223-FR-003;PVT-F223-US-001;PVT-F223-US-002;PVT-F223-FLOW-001;PVT-F223-FLOW-002;TST-F223-BR-001;PVT-F223-BR-001;TST-F223-BR-002;PVT-F223-BR-002;PVT-F223-DATA-001;PVT-F223-DATA-002;TST-F223-VAL-001;PVT-F223-VAL-001;TST-F223-VAL-002;PVT-F223-VAL-002;TST-F223-CALC-001;PVT-F223-CALC-001;PVT-F223-UX-001;PVT-F223-UX-002;PVT-F223-UX-003;TST-F223-SEC-001;PVT-F223-SEC-001;TST-F223-SEC-002;PVT-F223-SEC-002;PVT-F223-AUTO-001;PVT-F223-APP-001;PVT-F223-NOTIF-001;PVT-F223-REP-001;PVT-F223-AI-001;TST-F223-INT-001;PVT-F223-INT-001;TST-F223-INT-002;PVT-F223-INT-002;TST-F223-API-001;PVT-F223-API-001;TST-F223-API-002;PVT-F223-API-002;TST-F223-PERF-001;PVT-F223-PERF-001;TST-F223-OBS-001;PVT-F223-OBS-001;TST-F223-E2E-001;PVT-F223-E2E-001;TST-F223-E2E-002;PVT-F223-E2E-002;TST-F223-UAT-001;PVT-F223-UAT-001;TST-F223-UAT-002;PVT-F223-UAT-002,AUTHORIZED_BY_PASS_F_SUBJECT_TO_WAVE_DEPENDENCIES,NOT_READY
F224,Issues,Projects,docs/03-modules/projects/features/F224-issues.md,F224-CAP-001;F224-CAP-002;F224-CAP-003,F224-FLOW-001;F224-FLOW-002,F224-BR-001;F224-BR-002,F224-DATA-001;F224-DATA-002,F224-VAL-001;F224-VAL-002,F224-CALC-001,F224-UX-001;F224-UX-002;F224-UX-003,F224-SEC-001;F224-SEC-002,F224-INT-001;F224-INT-002,F224-API-001;F224-API-002,F224-E2E-001;F224-E2E-002,F224-UAT-001;F224-UAT-002,APPROVED,8,APPROVED,F224-PFC-01;F224-PFC-02;F224-PFC-03;F224-PFC-04;F224-PFC-05;F224-PFC-06;F224-PFC-07;F224-PFC-08;F224-PFC-09;F224-PFC-10,F224-STM-01;F224-STM-02;F224-STM-03;F224-STM-04;F224-STM-05,APPROVED,PFD-BM-F224-1;PFD-BM-F224-2,APPROVED,services/api/src/modules/projects,apps/web/src/modules/projects,FIELD_OPTIMIZED,W08,PVT-F224-CAP-001;PVT-F224-CAP-002;PVT-F224-CAP-003;TST-F224-FR-001;PVT-F224-FR-001;TST-F224-FR-002;PVT-F224-FR-002;TST-F224-FR-003;PVT-F224-FR-003;PVT-F224-US-001;PVT-F224-US-002;PVT-F224-FLOW-001;PVT-F224-FLOW-002;TST-F224-BR-001;PVT-F224-BR-001;TST-F224-BR-002;PVT-F224-BR-002;PVT-F224-DATA-001;PVT-F224-DATA-002;TST-F224-VAL-001;PVT-F224-VAL-001;TST-F224-VAL-002;PVT-F224-VAL-002;TST-F224-CALC-001;PVT-F224-CALC-001;PVT-F224-UX-001;PVT-F224-UX-002;PVT-F224-UX-003;TST-F224-SEC-001;PVT-F224-SEC-001;TST-F224-SEC-002;PVT-F224-SEC-002;PVT-F224-AUTO-001;PVT-F224-APP-001;PVT-F224-NOTIF-001;PVT-F224-REP-001;PVT-F224-AI-001;TST-F224-INT-001;PVT-F224-INT-001;TST-F224-INT-002;PVT-F224-INT-002;TST-F224-API-001;PVT-F224-API-001;TST-F224-API-002;PVT-F224-API-002;TST-F224-PERF-001;PVT-F224-PERF-001;TST-F224-OBS-001;PVT-F224-OBS-001;TST-F224-E2E-001;PVT-F224-E2E-001;TST-F224-E2E-002;PVT-F224-E2E-002;TST-F224-UAT-001;PVT-F224-UAT-001;TST-F224-UAT-002;PVT-F224-UAT-002,AUTHORIZED_BY_PASS_F_SUBJECT_TO_WAVE_DEPENDENCIES,NOT_READY
F225,Risks,Projects,docs/03-modules/projects/features/F225-risks.md,F225-CAP-001;F225-CAP-002;F225-CAP-003,F225-FLOW-001;F225-FLOW-002,F225-BR-001;F225-BR-002,F225-DATA-001;F225-DATA-002,F225-VAL-001;F225-VAL-002,F225-CALC-001,F225-UX-001;F225-UX-002;F225-UX-003,F225-SEC-001;F225-SEC-002,F225-INT-001;F225-INT-002,F225-API-001;F225-API-002,F225-E2E-001;F225-E2E-002,F225-UAT-001;F225-UAT-002,APPROVED,8,APPROVED,F225-PFC-01;F225-PFC-02;F225-PFC-03;F225-PFC-04;F225-PFC-05;F225-PFC-06;F225-PFC-07;F225-PFC-08;F225-PFC-09;F225-PFC-10,F225-STM-01;F225-STM-02;F225-STM-03;F225-STM-04;F225-STM-05,APPROVED,PFD-BM-F225-1;PFD-BM-F225-2,APPROVED,services/api/src/modules/projects,apps/web/src/modules/projects,READ_ONLY,W08,PVT-F225-CAP-001;PVT-F225-CAP-002;PVT-F225-CAP-003;TST-F225-FR-001;PVT-F225-FR-001;TST-F225-FR-002;PVT-F225-FR-002;TST-F225-FR-003;PVT-F225-FR-003;PVT-F225-US-001;PVT-F225-US-002;PVT-F225-FLOW-001;PVT-F225-FLOW-002;TST-F225-BR-001;PVT-F225-BR-001;TST-F225-BR-002;PVT-F225-BR-002;PVT-F225-DATA-001;PVT-F225-DATA-002;TST-F225-VAL-001;PVT-F225-VAL-001;TST-F225-VAL-002;PVT-F225-VAL-002;TST-F225-CALC-001;PVT-F225-CALC-001;PVT-F225-UX-001;PVT-F225-UX-002;PVT-F225-UX-003;TST-F225-SEC-001;PVT-F225-SEC-001;TST-F225-SEC-002;PVT-F225-SEC-002;PVT-F225-AUTO-001;PVT-F225-APP-001;PVT-F225-NOTIF-001;PVT-F225-REP-001;PVT-F225-AI-001;TST-F225-INT-001;PVT-F225-INT-001;TST-F225-INT-002;PVT-F225-INT-002;TST-F225-API-001;PVT-F225-API-001;TST-F225-API-002;PVT-F225-API-002;TST-F225-PERF-001;PVT-F225-PERF-001;TST-F225-OBS-001;PVT-F225-OBS-001;TST-F225-E2E-001;PVT-F225-E2E-001;TST-F225-E2E-002;PVT-F225-E2E-002;TST-F225-UAT-001;PVT-F225-UAT-001;TST-F225-UAT-002;PVT-F225-UAT-002,AUTHORIZED_BY_PASS_F_SUBJECT_TO_WAVE_DEPENDENCIES,NOT_READY
F226,Documents,Projects,docs/03-modules/projects/features/F226-documents.md,F226-CAP-001;F226-CAP-002;F226-CAP-003,F226-FLOW-001;F226-FLOW-002,F226-BR-001;F226-BR-002,F226-DATA-001;F226-DATA-002,F226-VAL-001;F226-VAL-002,F226-CALC-001,F226-UX-001;F226-UX-002;F226-UX-003,F226-SEC-001;F226-SEC-002,F226-INT-001;F226-INT-002,F226-API-001;F226-API-002,F226-E2E-001;F226-E2E-002,F226-UAT-001;F226-UAT-002,APPROVED,8,APPROVED,F226-PFC-01;F226-PFC-02;F226-PFC-03;F226-PFC-04;F226-PFC-05;F226-PFC-06;F226-PFC-07;F226-PFC-08;F226-PFC-09;F226-PFC-10,F226-STM-01;F226-STM-02;F226-STM-03;F226-STM-04;F226-STM-05,APPROVED,PFD-BM-F226-1;PFD-BM-F226-2,APPROVED,services/api/src/modules/projects,apps/web/src/modules/projects,READ_ONLY,W08,PVT-F226-CAP-001;PVT-F226-CAP-002;PVT-F226-CAP-003;TST-F226-FR-001;PVT-F226-FR-001;TST-F226-FR-002;PVT-F226-FR-002;TST-F226-FR-003;PVT-F226-FR-003;PVT-F226-US-001;PVT-F226-US-002;PVT-F226-FLOW-001;PVT-F226-FLOW-002;TST-F226-BR-001;PVT-F226-BR-001;TST-F226-BR-002;PVT-F226-BR-002;PVT-F226-DATA-001;PVT-F226-DATA-002;TST-F226-VAL-001;PVT-F226-VAL-001;TST-F226-VAL-002;PVT-F226-VAL-002;TST-F226-CALC-001;PVT-F226-CALC-001;PVT-F226-UX-001;PVT-F226-UX-002;PVT-F226-UX-003;TST-F226-SEC-001;PVT-F226-SEC-001;TST-F226-SEC-002;PVT-F226-SEC-002;PVT-F226-AUTO-001;PVT-F226-APP-001;PVT-F226-NOTIF-001;PVT-F226-REP-001;PVT-F226-AI-001;TST-F226-INT-001;PVT-F226-INT-001;TST-F226-INT-002;PVT-F226-INT-002;TST-F226-API-001;PVT-F226-API-001;TST-F226-API-002;PVT-F226-API-002;TST-F226-PERF-001;PVT-F226-PERF-001;TST-F226-OBS-001;PVT-F226-OBS-001;TST-F226-E2E-001;PVT-F226-E2E-001;TST-F226-E2E-002;PVT-F226-E2E-002;TST-F226-UAT-001;PVT-F226-UAT-001;TST-F226-UAT-002;PVT-F226-UAT-002,AUTHORIZED_BY_PASS_F_SUBJECT_TO_WAVE_DEPENDENCIES,NOT_READY
F227,Comments and collaboration,Projects,docs/03-modules/projects/features/F227-comments-and-collaboration.md,F227-CAP-001;F227-CAP-002;F227-CAP-003,F227-FLOW-001;F227-FLOW-002,F227-BR-001;F227-BR-002,F227-DATA-001;F227-DATA-002,F227-VAL-001;F227-VAL-002,F227-CALC-001,F227-UX-001;F227-UX-002;F227-UX-003,F227-SEC-001;F227-SEC-002,F227-INT-001;F227-INT-002,F227-API-001;F227-API-002,F227-E2E-001;F227-E2E-002,F227-UAT-001;F227-UAT-002,APPROVED,8,APPROVED,F227-PFC-01;F227-PFC-02;F227-PFC-03;F227-PFC-04;F227-PFC-05;F227-PFC-06;F227-PFC-07;F227-PFC-08;F227-PFC-09;F227-PFC-10,F227-STM-01;F227-STM-02;F227-STM-03;F227-STM-04;F227-STM-05,APPROVED,PFD-BM-F227-1;PFD-BM-F227-2,APPROVED,services/api/src/modules/projects,apps/web/src/modules/projects,READ_ONLY,W08,PVT-F227-CAP-001;PVT-F227-CAP-002;PVT-F227-CAP-003;TST-F227-FR-001;PVT-F227-FR-001;TST-F227-FR-002;PVT-F227-FR-002;TST-F227-FR-003;PVT-F227-FR-003;PVT-F227-US-001;PVT-F227-US-002;PVT-F227-FLOW-001;PVT-F227-FLOW-002;TST-F227-BR-001;PVT-F227-BR-001;TST-F227-BR-002;PVT-F227-BR-002;PVT-F227-DATA-001;PVT-F227-DATA-002;TST-F227-VAL-001;PVT-F227-VAL-001;TST-F227-VAL-002;PVT-F227-VAL-002;TST-F227-CALC-001;PVT-F227-CALC-001;PVT-F227-UX-001;PVT-F227-UX-002;PVT-F227-UX-003;TST-F227-SEC-001;PVT-F227-SEC-001;TST-F227-SEC-002;PVT-F227-SEC-002;PVT-F227-AUTO-001;PVT-F227-APP-001;PVT-F227-NOTIF-001;PVT-F227-REP-001;PVT-F227-AI-001;TST-F227-INT-001;PVT-F227-INT-001;TST-F227-INT-002;PVT-F227-INT-002;TST-F227-API-001;PVT-F227-API-001;TST-F227-API-002;PVT-F227-API-002;TST-F227-PERF-001;PVT-F227-PERF-001;TST-F227-OBS-001;PVT-F227-OBS-001;TST-F227-E2E-001;PVT-F227-E2E-001;TST-F227-E2E-002;PVT-F227-E2E-002;TST-F227-UAT-001;PVT-F227-UAT-001;TST-F227-UAT-002;PVT-F227-UAT-002,AUTHORIZED_BY_PASS_F_SUBJECT_TO_WAVE_DEPENDENCIES,NOT_READY
F228,Progress tracking,Projects,docs/03-modules/projects/features/F228-progress-tracking.md,F228-CAP-001;F228-CAP-002;F228-CAP-003,F228-FLOW-001;F228-FLOW-002,F228-BR-001;F228-BR-002,F228-DATA-001;F228-DATA-002,F228-VAL-001;F228-VAL-002,F228-CALC-001,F228-UX-001;F228-UX-002;F228-UX-003,F228-SEC-001;F228-SEC-002,F228-INT-001;F228-INT-002,F228-API-001;F228-API-002,F228-E2E-001;F228-E2E-002,F228-UAT-001;F228-UAT-002,APPROVED,8,APPROVED,F228-PFC-01;F228-PFC-02;F228-PFC-03;F228-PFC-04;F228-PFC-05;F228-PFC-06;F228-PFC-07;F228-PFC-08;F228-PFC-09;F228-PFC-10,F228-STM-01;F228-STM-02;F228-STM-03;F228-STM-04;F228-STM-05,APPROVED,PFD-BM-F228-1;PFD-BM-F228-2,APPROVED,services/api/src/modules/projects,apps/web/src/modules/projects,READ_ONLY,W08,PVT-F228-CAP-001;PVT-F228-CAP-002;PVT-F228-CAP-003;TST-F228-FR-001;PVT-F228-FR-001;TST-F228-FR-002;PVT-F228-FR-002;TST-F228-FR-003;PVT-F228-FR-003;PVT-F228-US-001;PVT-F228-US-002;PVT-F228-FLOW-001;PVT-F228-FLOW-002;TST-F228-BR-001;PVT-F228-BR-001;TST-F228-BR-002;PVT-F228-BR-002;PVT-F228-DATA-001;PVT-F228-DATA-002;TST-F228-VAL-001;PVT-F228-VAL-001;TST-F228-VAL-002;PVT-F228-VAL-002;TST-F228-CALC-001;PVT-F228-CALC-001;PVT-F228-UX-001;PVT-F228-UX-002;PVT-F228-UX-003;TST-F228-SEC-001;PVT-F228-SEC-001;TST-F228-SEC-002;PVT-F228-SEC-002;PVT-F228-AUTO-001;PVT-F228-APP-001;PVT-F228-NOTIF-001;PVT-F228-REP-001;PVT-F228-AI-001;TST-F228-INT-001;PVT-F228-INT-001;TST-F228-INT-002;PVT-F228-INT-002;TST-F228-API-001;PVT-F228-API-001;TST-F228-API-002;PVT-F228-API-002;TST-F228-PERF-001;PVT-F228-PERF-001;TST-F228-OBS-001;PVT-F228-OBS-001;TST-F228-E2E-001;PVT-F228-E2E-001;TST-F228-E2E-002;PVT-F228-E2E-002;TST-F228-UAT-001;PVT-F228-UAT-001;TST-F228-UAT-002;PVT-F228-UAT-002,AUTHORIZED_BY_PASS_F_SUBJECT_TO_WAVE_DEPENDENCIES,NOT_READY
F229,Project dashboard,Projects,docs/03-modules/projects/features/F229-project-dashboard.md,F229-CAP-001;F229-CAP-002;F229-CAP-003,F229-FLOW-001;F229-FLOW-002,F229-BR-001;F229-BR-002,F229-DATA-001;F229-DATA-002,F229-VAL-001;F229-VAL-002,F229-CALC-001,F229-UX-001;F229-UX-002;F229-UX-003,F229-SEC-001;F229-SEC-002,F229-INT-001;F229-INT-002,F229-API-001;F229-API-002,F229-E2E-001;F229-E2E-002,F229-UAT-001;F229-UAT-002,APPROVED,8,APPROVED,F229-PFC-01;F229-PFC-02;F229-PFC-03;F229-PFC-04;F229-PFC-05;F229-PFC-06;F229-PFC-07;F229-PFC-08;F229-PFC-09;F229-PFC-10,F229-STM-01;F229-STM-02;F229-STM-03;F229-STM-04;F229-STM-05,APPROVED,PFD-BM-F229-1;PFD-BM-F229-2,APPROVED,services/api/src/modules/projects,apps/web/src/modules/projects,READ_ONLY,W08,PVT-F229-CAP-001;PVT-F229-CAP-002;PVT-F229-CAP-003;TST-F229-FR-001;PVT-F229-FR-001;TST-F229-FR-002;PVT-F229-FR-002;TST-F229-FR-003;PVT-F229-FR-003;PVT-F229-US-001;PVT-F229-US-002;PVT-F229-FLOW-001;PVT-F229-FLOW-002;TST-F229-BR-001;PVT-F229-BR-001;TST-F229-BR-002;PVT-F229-BR-002;PVT-F229-DATA-001;PVT-F229-DATA-002;TST-F229-VAL-001;PVT-F229-VAL-001;TST-F229-VAL-002;PVT-F229-VAL-002;TST-F229-CALC-001;PVT-F229-CALC-001;PVT-F229-UX-001;PVT-F229-UX-002;PVT-F229-UX-003;TST-F229-SEC-001;PVT-F229-SEC-001;TST-F229-SEC-002;PVT-F229-SEC-002;PVT-F229-AUTO-001;PVT-F229-APP-001;PVT-F229-NOTIF-001;PVT-F229-REP-001;PVT-F229-AI-001;TST-F229-INT-001;PVT-F229-INT-001;TST-F229-INT-002;PVT-F229-INT-002;TST-F229-API-001;PVT-F229-API-001;TST-F229-API-002;PVT-F229-API-002;TST-F229-PERF-001;PVT-F229-PERF-001;TST-F229-OBS-001;PVT-F229-OBS-001;TST-F229-E2E-001;PVT-F229-E2E-001;TST-F229-E2E-002;PVT-F229-E2E-002;TST-F229-UAT-001;PVT-F229-UAT-001;TST-F229-UAT-002;PVT-F229-UAT-002,AUTHORIZED_BY_PASS_F_SUBJECT_TO_WAVE_DEPENDENCIES,NOT_READY
F230,Project reports,Projects,docs/03-modules/projects/features/F230-project-reports.md,F230-CAP-001;F230-CAP-002;F230-CAP-003,F230-FLOW-001;F230-FLOW-002,F230-BR-001;F230-BR-002,F230-DATA-001;F230-DATA-002,F230-VAL-001;F230-VAL-002,F230-CALC-001,F230-UX-001;F230-UX-002;F230-UX-003,F230-SEC-001;F230-SEC-002,F230-INT-001;F230-INT-002,F230-API-001;F230-API-002,F230-E2E-001;F230-E2E-002,F230-UAT-001;F230-UAT-002,APPROVED,8,APPROVED,F230-PFC-01;F230-PFC-02;F230-PFC-03;F230-PFC-04;F230-PFC-05;F230-PFC-06;F230-PFC-07;F230-PFC-08;F230-PFC-09;F230-PFC-10,F230-STM-01;F230-STM-02;F230-STM-03;F230-STM-04;F230-STM-05,APPROVED,PFD-BM-F230-1;PFD-BM-F230-2,APPROVED,services/api/src/modules/projects,apps/web/src/modules/projects,READ_ONLY,W08,PVT-F230-CAP-001;PVT-F230-CAP-002;PVT-F230-CAP-003;TST-F230-FR-001;PVT-F230-FR-001;TST-F230-FR-002;PVT-F230-FR-002;TST-F230-FR-003;PVT-F230-FR-003;PVT-F230-US-001;PVT-F230-US-002;PVT-F230-FLOW-001;PVT-F230-FLOW-002;TST-F230-BR-001;PVT-F230-BR-001;TST-F230-BR-002;PVT-F230-BR-002;PVT-F230-DATA-001;PVT-F230-DATA-002;TST-F230-VAL-001;PVT-F230-VAL-001;TST-F230-VAL-002;PVT-F230-VAL-002;TST-F230-CALC-001;PVT-F230-CALC-001;PVT-F230-UX-001;PVT-F230-UX-002;PVT-F230-UX-003;TST-F230-SEC-001;PVT-F230-SEC-001;TST-F230-SEC-002;PVT-F230-SEC-002;PVT-F230-AUTO-001;PVT-F230-APP-001;PVT-F230-NOTIF-001;PVT-F230-REP-001;PVT-F230-AI-001;TST-F230-INT-001;PVT-F230-INT-001;TST-F230-INT-002;PVT-F230-INT-002;TST-F230-API-001;PVT-F230-API-001;TST-F230-API-002;PVT-F230-API-002;TST-F230-PERF-001;PVT-F230-PERF-001;TST-F230-OBS-001;PVT-F230-OBS-001;TST-F230-E2E-001;PVT-F230-E2E-001;TST-F230-E2E-002;PVT-F230-E2E-002;TST-F230-UAT-001;PVT-F230-UAT-001;TST-F230-UAT-002;PVT-F230-UAT-002,AUTHORIZED_BY_PASS_F_SUBJECT_TO_WAVE_DEPENDENCIES,NOT_READY
F231,Asset register,Assets,docs/03-modules/assets/features/F231-asset-register.md,F231-CAP-001;F231-CAP-002;F231-CAP-003,F231-FLOW-001;F231-FLOW-002,F231-BR-001;F231-BR-002,F231-DATA-001;F231-DATA-002,F231-VAL-001;F231-VAL-002,F231-CALC-001,F231-UX-001;F231-UX-002;F231-UX-003,F231-SEC-001;F231-SEC-002,F231-INT-001;F231-INT-002,F231-API-001;F231-API-002,F231-E2E-001;F231-E2E-002,F231-UAT-001;F231-UAT-002,APPROVED,8,APPROVED,F231-PFC-01;F231-PFC-02;F231-PFC-03;F231-PFC-04;F231-PFC-05;F231-PFC-06;F231-PFC-07;F231-PFC-08;F231-PFC-09;F231-PFC-10,F231-STM-01;F231-STM-02;F231-STM-03;F231-STM-04;F231-STM-05,APPROVED,PFD-BM-F231-1;PFD-BM-F231-2,APPROVED,services/api/src/modules/assets,apps/web/src/modules/assets,READ_ONLY,W08,PVT-F231-CAP-001;PVT-F231-CAP-002;PVT-F231-CAP-003;TST-F231-FR-001;PVT-F231-FR-001;TST-F231-FR-002;PVT-F231-FR-002;TST-F231-FR-003;PVT-F231-FR-003;PVT-F231-US-001;PVT-F231-US-002;PVT-F231-FLOW-001;PVT-F231-FLOW-002;TST-F231-BR-001;PVT-F231-BR-001;TST-F231-BR-002;PVT-F231-BR-002;PVT-F231-DATA-001;PVT-F231-DATA-002;TST-F231-VAL-001;PVT-F231-VAL-001;TST-F231-VAL-002;PVT-F231-VAL-002;TST-F231-CALC-001;PVT-F231-CALC-001;PVT-F231-UX-001;PVT-F231-UX-002;PVT-F231-UX-003;TST-F231-SEC-001;PVT-F231-SEC-001;TST-F231-SEC-002;PVT-F231-SEC-002;PVT-F231-AUTO-001;PVT-F231-APP-001;PVT-F231-NOTIF-001;PVT-F231-REP-001;PVT-F231-AI-001;TST-F231-INT-001;PVT-F231-INT-001;TST-F231-INT-002;PVT-F231-INT-002;TST-F231-API-001;PVT-F231-API-001;TST-F231-API-002;PVT-F231-API-002;TST-F231-PERF-001;PVT-F231-PERF-001;TST-F231-OBS-001;PVT-F231-OBS-001;TST-F231-E2E-001;PVT-F231-E2E-001;TST-F231-E2E-002;PVT-F231-E2E-002;TST-F231-UAT-001;PVT-F231-UAT-001;TST-F231-UAT-002;PVT-F231-UAT-002,AUTHORIZED_BY_PASS_F_SUBJECT_TO_WAVE_DEPENDENCIES,NOT_READY
F232,Asset categories,Assets,docs/03-modules/assets/features/F232-asset-categories.md,F232-CAP-001;F232-CAP-002;F232-CAP-003,F232-FLOW-001;F232-FLOW-002,F232-BR-001;F232-BR-002,F232-DATA-001;F232-DATA-002,F232-VAL-001;F232-VAL-002,F232-CALC-001,F232-UX-001;F232-UX-002;F232-UX-003,F232-SEC-001;F232-SEC-002,F232-INT-001;F232-INT-002,F232-API-001;F232-API-002,F232-E2E-001;F232-E2E-002,F232-UAT-001;F232-UAT-002,APPROVED,8,APPROVED,F232-PFC-01;F232-PFC-02;F232-PFC-03;F232-PFC-04;F232-PFC-05;F232-PFC-06;F232-PFC-07;F232-PFC-08;F232-PFC-09;F232-PFC-10,F232-STM-01;F232-STM-02;F232-STM-03;F232-STM-04;F232-STM-05,APPROVED,PFD-BM-F232-1;PFD-BM-F232-2,APPROVED,services/api/src/modules/assets,apps/web/src/modules/assets,READ_ONLY,W08,PVT-F232-CAP-001;PVT-F232-CAP-002;PVT-F232-CAP-003;TST-F232-FR-001;PVT-F232-FR-001;TST-F232-FR-002;PVT-F232-FR-002;TST-F232-FR-003;PVT-F232-FR-003;PVT-F232-US-001;PVT-F232-US-002;PVT-F232-FLOW-001;PVT-F232-FLOW-002;TST-F232-BR-001;PVT-F232-BR-001;TST-F232-BR-002;PVT-F232-BR-002;PVT-F232-DATA-001;PVT-F232-DATA-002;TST-F232-VAL-001;PVT-F232-VAL-001;TST-F232-VAL-002;PVT-F232-VAL-002;TST-F232-CALC-001;PVT-F232-CALC-001;PVT-F232-UX-001;PVT-F232-UX-002;PVT-F232-UX-003;TST-F232-SEC-001;PVT-F232-SEC-001;TST-F232-SEC-002;PVT-F232-SEC-002;PVT-F232-AUTO-001;PVT-F232-APP-001;PVT-F232-NOTIF-001;PVT-F232-REP-001;PVT-F232-AI-001;TST-F232-INT-001;PVT-F232-INT-001;TST-F232-INT-002;PVT-F232-INT-002;TST-F232-API-001;PVT-F232-API-001;TST-F232-API-002;PVT-F232-API-002;TST-F232-PERF-001;PVT-F232-PERF-001;TST-F232-OBS-001;PVT-F232-OBS-001;TST-F232-E2E-001;PVT-F232-E2E-001;TST-F232-E2E-002;PVT-F232-E2E-002;TST-F232-UAT-001;PVT-F232-UAT-001;TST-F232-UAT-002;PVT-F232-UAT-002,AUTHORIZED_BY_PASS_F_SUBJECT_TO_WAVE_DEPENDENCIES,NOT_READY
F233,Asset identification and code,Assets,docs/03-modules/assets/features/F233-asset-identification-and-code.md,F233-CAP-001;F233-CAP-002;F233-CAP-003,F233-FLOW-001;F233-FLOW-002,F233-BR-001;F233-BR-002,F233-DATA-001;F233-DATA-002,F233-VAL-001;F233-VAL-002,F233-CALC-001,F233-UX-001;F233-UX-002;F233-UX-003,F233-SEC-001;F233-SEC-002,F233-INT-001;F233-INT-002,F233-API-001;F233-API-002,F233-E2E-001;F233-E2E-002,F233-UAT-001;F233-UAT-002,APPROVED,8,APPROVED,F233-PFC-01;F233-PFC-02;F233-PFC-03;F233-PFC-04;F233-PFC-05;F233-PFC-06;F233-PFC-07;F233-PFC-08;F233-PFC-09;F233-PFC-10,F233-STM-01;F233-STM-02;F233-STM-03;F233-STM-04;F233-STM-05,APPROVED,PFD-BM-F233-1;PFD-BM-F233-2,APPROVED,services/api/src/modules/assets,apps/web/src/modules/assets,READ_ONLY,W08,PVT-F233-CAP-001;PVT-F233-CAP-002;PVT-F233-CAP-003;TST-F233-FR-001;PVT-F233-FR-001;TST-F233-FR-002;PVT-F233-FR-002;TST-F233-FR-003;PVT-F233-FR-003;PVT-F233-US-001;PVT-F233-US-002;PVT-F233-FLOW-001;PVT-F233-FLOW-002;TST-F233-BR-001;PVT-F233-BR-001;TST-F233-BR-002;PVT-F233-BR-002;PVT-F233-DATA-001;PVT-F233-DATA-002;TST-F233-VAL-001;PVT-F233-VAL-001;TST-F233-VAL-002;PVT-F233-VAL-002;TST-F233-CALC-001;PVT-F233-CALC-001;PVT-F233-UX-001;PVT-F233-UX-002;PVT-F233-UX-003;TST-F233-SEC-001;PVT-F233-SEC-001;TST-F233-SEC-002;PVT-F233-SEC-002;PVT-F233-AUTO-001;PVT-F233-APP-001;PVT-F233-NOTIF-001;PVT-F233-REP-001;PVT-F233-AI-001;TST-F233-INT-001;PVT-F233-INT-001;TST-F233-INT-002;PVT-F233-INT-002;TST-F233-API-001;PVT-F233-API-001;TST-F233-API-002;PVT-F233-API-002;TST-F233-PERF-001;PVT-F233-PERF-001;TST-F233-OBS-001;PVT-F233-OBS-001;TST-F233-E2E-001;PVT-F233-E2E-001;TST-F233-E2E-002;PVT-F233-E2E-002;TST-F233-UAT-001;PVT-F233-UAT-001;TST-F233-UAT-002;PVT-F233-UAT-002,AUTHORIZED_BY_PASS_F_SUBJECT_TO_WAVE_DEPENDENCIES,NOT_READY
F234,Asset location,Assets,docs/03-modules/assets/features/F234-asset-location.md,F234-CAP-001;F234-CAP-002;F234-CAP-003,F234-FLOW-001;F234-FLOW-002,F234-BR-001;F234-BR-002,F234-DATA-001;F234-DATA-002,F234-VAL-001;F234-VAL-002,F234-CALC-001,F234-UX-001;F234-UX-002;F234-UX-003,F234-SEC-001;F234-SEC-002,F234-INT-001;F234-INT-002,F234-API-001;F234-API-002,F234-E2E-001;F234-E2E-002,F234-UAT-001;F234-UAT-002,APPROVED,8,APPROVED,F234-PFC-01;F234-PFC-02;F234-PFC-03;F234-PFC-04;F234-PFC-05;F234-PFC-06;F234-PFC-07;F234-PFC-08;F234-PFC-09;F234-PFC-10,F234-STM-01;F234-STM-02;F234-STM-03;F234-STM-04;F234-STM-05,APPROVED,PFD-BM-F234-1;PFD-BM-F234-2,APPROVED,services/api/src/modules/assets,apps/web/src/modules/assets,READ_ONLY,W08,PVT-F234-CAP-001;PVT-F234-CAP-002;PVT-F234-CAP-003;TST-F234-FR-001;PVT-F234-FR-001;TST-F234-FR-002;PVT-F234-FR-002;TST-F234-FR-003;PVT-F234-FR-003;PVT-F234-US-001;PVT-F234-US-002;PVT-F234-FLOW-001;PVT-F234-FLOW-002;TST-F234-BR-001;PVT-F234-BR-001;TST-F234-BR-002;PVT-F234-BR-002;PVT-F234-DATA-001;PVT-F234-DATA-002;TST-F234-VAL-001;PVT-F234-VAL-001;TST-F234-VAL-002;PVT-F234-VAL-002;TST-F234-CALC-001;PVT-F234-CALC-001;PVT-F234-UX-001;PVT-F234-UX-002;PVT-F234-UX-003;TST-F234-SEC-001;PVT-F234-SEC-001;TST-F234-SEC-002;PVT-F234-SEC-002;PVT-F234-AUTO-001;PVT-F234-APP-001;PVT-F234-NOTIF-001;PVT-F234-REP-001;PVT-F234-AI-001;TST-F234-INT-001;PVT-F234-INT-001;TST-F234-INT-002;PVT-F234-INT-002;TST-F234-API-001;PVT-F234-API-001;TST-F234-API-002;PVT-F234-API-002;TST-F234-PERF-001;PVT-F234-PERF-001;TST-F234-OBS-001;PVT-F234-OBS-001;TST-F234-E2E-001;PVT-F234-E2E-001;TST-F234-E2E-002;PVT-F234-E2E-002;TST-F234-UAT-001;PVT-F234-UAT-001;TST-F234-UAT-002;PVT-F234-UAT-002,AUTHORIZED_BY_PASS_F_SUBJECT_TO_WAVE_DEPENDENCIES,NOT_READY
F235,Custodian,Assets,docs/03-modules/assets/features/F235-custodian.md,F235-CAP-001;F235-CAP-002;F235-CAP-003,F235-FLOW-001;F235-FLOW-002,F235-BR-001;F235-BR-002,F235-DATA-001;F235-DATA-002,F235-VAL-001;F235-VAL-002,F235-CALC-001,F235-UX-001;F235-UX-002;F235-UX-003,F235-SEC-001;F235-SEC-002,F235-INT-001;F235-INT-002,F235-API-001;F235-API-002,F235-E2E-001;F235-E2E-002,F235-UAT-001;F235-UAT-002,APPROVED,8,APPROVED,F235-PFC-01;F235-PFC-02;F235-PFC-03;F235-PFC-04;F235-PFC-05;F235-PFC-06;F235-PFC-07;F235-PFC-08;F235-PFC-09;F235-PFC-10,F235-STM-01;F235-STM-02;F235-STM-03;F235-STM-04;F235-STM-05,APPROVED,PFD-BM-F235-1;PFD-BM-F235-2,APPROVED,services/api/src/modules/assets,apps/web/src/modules/assets,READ_ONLY,W08,PVT-F235-CAP-001;PVT-F235-CAP-002;PVT-F235-CAP-003;TST-F235-FR-001;PVT-F235-FR-001;TST-F235-FR-002;PVT-F235-FR-002;TST-F235-FR-003;PVT-F235-FR-003;PVT-F235-US-001;PVT-F235-US-002;PVT-F235-FLOW-001;PVT-F235-FLOW-002;TST-F235-BR-001;PVT-F235-BR-001;TST-F235-BR-002;PVT-F235-BR-002;PVT-F235-DATA-001;PVT-F235-DATA-002;TST-F235-VAL-001;PVT-F235-VAL-001;TST-F235-VAL-002;PVT-F235-VAL-002;TST-F235-CALC-001;PVT-F235-CALC-001;PVT-F235-UX-001;PVT-F235-UX-002;PVT-F235-UX-003;TST-F235-SEC-001;PVT-F235-SEC-001;TST-F235-SEC-002;PVT-F235-SEC-002;PVT-F235-AUTO-001;PVT-F235-APP-001;PVT-F235-NOTIF-001;PVT-F235-REP-001;PVT-F235-AI-001;TST-F235-INT-001;PVT-F235-INT-001;TST-F235-INT-002;PVT-F235-INT-002;TST-F235-API-001;PVT-F235-API-001;TST-F235-API-002;PVT-F235-API-002;TST-F235-PERF-001;PVT-F235-PERF-001;TST-F235-OBS-001;PVT-F235-OBS-001;TST-F235-E2E-001;PVT-F235-E2E-001;TST-F235-E2E-002;PVT-F235-E2E-002;TST-F235-UAT-001;PVT-F235-UAT-001;TST-F235-UAT-002;PVT-F235-UAT-002,AUTHORIZED_BY_PASS_F_SUBJECT_TO_WAVE_DEPENDENCIES,NOT_READY
F236,Department,Assets,docs/03-modules/assets/features/F236-department.md,F236-CAP-001;F236-CAP-002;F236-CAP-003,F236-FLOW-001;F236-FLOW-002,F236-BR-001;F236-BR-002,F236-DATA-001;F236-DATA-002,F236-VAL-001;F236-VAL-002,F236-CALC-001,F236-UX-001;F236-UX-002;F236-UX-003,F236-SEC-001;F236-SEC-002,F236-INT-001;F236-INT-002,F236-API-001;F236-API-002,F236-E2E-001;F236-E2E-002,F236-UAT-001;F236-UAT-002,APPROVED,8,APPROVED,F236-PFC-01;F236-PFC-02;F236-PFC-03;F236-PFC-04;F236-PFC-05;F236-PFC-06;F236-PFC-07;F236-PFC-08;F236-PFC-09;F236-PFC-10,F236-STM-01;F236-STM-02;F236-STM-03;F236-STM-04;F236-STM-05,APPROVED,PFD-BM-F236-1;PFD-BM-F236-2,APPROVED,services/api/src/modules/assets,apps/web/src/modules/assets,READ_ONLY,W08,PVT-F236-CAP-001;PVT-F236-CAP-002;PVT-F236-CAP-003;TST-F236-FR-001;PVT-F236-FR-001;TST-F236-FR-002;PVT-F236-FR-002;TST-F236-FR-003;PVT-F236-FR-003;PVT-F236-US-001;PVT-F236-US-002;PVT-F236-FLOW-001;PVT-F236-FLOW-002;TST-F236-BR-001;PVT-F236-BR-001;TST-F236-BR-002;PVT-F236-BR-002;PVT-F236-DATA-001;PVT-F236-DATA-002;TST-F236-VAL-001;PVT-F236-VAL-001;TST-F236-VAL-002;PVT-F236-VAL-002;TST-F236-CALC-001;PVT-F236-CALC-001;PVT-F236-UX-001;PVT-F236-UX-002;PVT-F236-UX-003;TST-F236-SEC-001;PVT-F236-SEC-001;TST-F236-SEC-002;PVT-F236-SEC-002;PVT-F236-AUTO-001;PVT-F236-APP-001;PVT-F236-NOTIF-001;PVT-F236-REP-001;PVT-F236-AI-001;TST-F236-INT-001;PVT-F236-INT-001;TST-F236-INT-002;PVT-F236-INT-002;TST-F236-API-001;PVT-F236-API-001;TST-F236-API-002;PVT-F236-API-002;TST-F236-PERF-001;PVT-F236-PERF-001;TST-F236-OBS-001;PVT-F236-OBS-001;TST-F236-E2E-001;PVT-F236-E2E-001;TST-F236-E2E-002;PVT-F236-E2E-002;TST-F236-UAT-001;PVT-F236-UAT-001;TST-F236-UAT-002;PVT-F236-UAT-002,AUTHORIZED_BY_PASS_F_SUBJECT_TO_WAVE_DEPENDENCIES,NOT_READY
F237,Purchase and capitalization,Assets,docs/03-modules/assets/features/F237-purchase-and-capitalization.md,F237-CAP-001;F237-CAP-002;F237-CAP-003,F237-FLOW-001;F237-FLOW-002,F237-BR-001;F237-BR-002,F237-DATA-001;F237-DATA-002,F237-VAL-001;F237-VAL-002,F237-CALC-001,F237-UX-001;F237-UX-002;F237-UX-003,F237-SEC-001;F237-SEC-002,F237-INT-001;F237-INT-002,F237-API-001;F237-API-002,F237-E2E-001;F237-E2E-002,F237-UAT-001;F237-UAT-002,APPROVED,8,APPROVED,F237-PFC-01;F237-PFC-02;F237-PFC-03;F237-PFC-04;F237-PFC-05;F237-PFC-06;F237-PFC-07;F237-PFC-08;F237-PFC-09;F237-PFC-10,F237-STM-01;F237-STM-02;F237-STM-03;F237-STM-04;F237-STM-05,APPROVED,PFD-BM-F237-1;PFD-BM-F237-2,APPROVED,services/api/src/modules/assets,apps/web/src/modules/assets,READ_ONLY,W08,PVT-F237-CAP-001;PVT-F237-CAP-002;PVT-F237-CAP-003;TST-F237-FR-001;PVT-F237-FR-001;TST-F237-FR-002;PVT-F237-FR-002;TST-F237-FR-003;PVT-F237-FR-003;PVT-F237-US-001;PVT-F237-US-002;PVT-F237-FLOW-001;PVT-F237-FLOW-002;TST-F237-BR-001;PVT-F237-BR-001;TST-F237-BR-002;PVT-F237-BR-002;PVT-F237-DATA-001;PVT-F237-DATA-002;TST-F237-VAL-001;PVT-F237-VAL-001;TST-F237-VAL-002;PVT-F237-VAL-002;TST-F237-CALC-001;PVT-F237-CALC-001;PVT-F237-UX-001;PVT-F237-UX-002;PVT-F237-UX-003;TST-F237-SEC-001;PVT-F237-SEC-001;TST-F237-SEC-002;PVT-F237-SEC-002;PVT-F237-AUTO-001;PVT-F237-APP-001;PVT-F237-NOTIF-001;PVT-F237-REP-001;PVT-F237-AI-001;TST-F237-INT-001;PVT-F237-INT-001;TST-F237-INT-002;PVT-F237-INT-002;TST-F237-API-001;PVT-F237-API-001;TST-F237-API-002;PVT-F237-API-002;TST-F237-PERF-001;PVT-F237-PERF-001;TST-F237-OBS-001;PVT-F237-OBS-001;TST-F237-E2E-001;PVT-F237-E2E-001;TST-F237-E2E-002;PVT-F237-E2E-002;TST-F237-UAT-001;PVT-F237-UAT-001;TST-F237-UAT-002;PVT-F237-UAT-002,AUTHORIZED_BY_PASS_F_SUBJECT_TO_WAVE_DEPENDENCIES,NOT_READY
F238,Asset creation from procurement,Assets,docs/03-modules/assets/features/F238-asset-creation-from-procurement.md,F238-CAP-001;F238-CAP-002;F238-CAP-003,F238-FLOW-001;F238-FLOW-002,F238-BR-001;F238-BR-002,F238-DATA-001;F238-DATA-002,F238-VAL-001;F238-VAL-002,F238-CALC-001,F238-UX-001;F238-UX-002;F238-UX-003,F238-SEC-001;F238-SEC-002,F238-INT-001;F238-INT-002,F238-API-001;F238-API-002,F238-E2E-001;F238-E2E-002,F238-UAT-001;F238-UAT-002,APPROVED,8,APPROVED,F238-PFC-01;F238-PFC-02;F238-PFC-03;F238-PFC-04;F238-PFC-05;F238-PFC-06;F238-PFC-07;F238-PFC-08;F238-PFC-09;F238-PFC-10,F238-STM-01;F238-STM-02;F238-STM-03;F238-STM-04;F238-STM-05,APPROVED,PFD-BM-F238-1;PFD-BM-F238-2,APPROVED,services/api/src/modules/assets,apps/web/src/modules/assets,READ_ONLY,W08,PVT-F238-CAP-001;PVT-F238-CAP-002;PVT-F238-CAP-003;TST-F238-FR-001;PVT-F238-FR-001;TST-F238-FR-002;PVT-F238-FR-002;TST-F238-FR-003;PVT-F238-FR-003;PVT-F238-US-001;PVT-F238-US-002;PVT-F238-FLOW-001;PVT-F238-FLOW-002;TST-F238-BR-001;PVT-F238-BR-001;TST-F238-BR-002;PVT-F238-BR-002;PVT-F238-DATA-001;PVT-F238-DATA-002;TST-F238-VAL-001;PVT-F238-VAL-001;TST-F238-VAL-002;PVT-F238-VAL-002;TST-F238-CALC-001;PVT-F238-CALC-001;PVT-F238-UX-001;PVT-F238-UX-002;PVT-F238-UX-003;TST-F238-SEC-001;PVT-F238-SEC-001;TST-F238-SEC-002;PVT-F238-SEC-002;PVT-F238-AUTO-001;PVT-F238-APP-001;PVT-F238-NOTIF-001;PVT-F238-REP-001;PVT-F238-AI-001;TST-F238-INT-001;PVT-F238-INT-001;TST-F238-INT-002;PVT-F238-INT-002;TST-F238-API-001;PVT-F238-API-001;TST-F238-API-002;PVT-F238-API-002;TST-F238-PERF-001;PVT-F238-PERF-001;TST-F238-OBS-001;PVT-F238-OBS-001;TST-F238-E2E-001;PVT-F238-E2E-001;TST-F238-E2E-002;PVT-F238-E2E-002;TST-F238-UAT-001;PVT-F238-UAT-001;TST-F238-UAT-002;PVT-F238-UAT-002,AUTHORIZED_BY_PASS_F_SUBJECT_TO_WAVE_DEPENDENCIES,NOT_READY
F239,Asset transfers,Assets,docs/03-modules/assets/features/F239-asset-transfers.md,F239-CAP-001;F239-CAP-002;F239-CAP-003,F239-FLOW-001;F239-FLOW-002,F239-BR-001;F239-BR-002,F239-DATA-001;F239-DATA-002,F239-VAL-001;F239-VAL-002,F239-CALC-001,F239-UX-001;F239-UX-002;F239-UX-003,F239-SEC-001;F239-SEC-002,F239-INT-001;F239-INT-002,F239-API-001;F239-API-002,F239-E2E-001;F239-E2E-002,F239-UAT-001;F239-UAT-002,APPROVED,8,APPROVED,F239-PFC-01;F239-PFC-02;F239-PFC-03;F239-PFC-04;F239-PFC-05;F239-PFC-06;F239-PFC-07;F239-PFC-08;F239-PFC-09;F239-PFC-10,F239-STM-01;F239-STM-02;F239-STM-03;F239-STM-04;F239-STM-05,APPROVED,PFD-BM-F239-1;PFD-BM-F239-2,APPROVED,services/api/src/modules/assets,apps/web/src/modules/assets,FIELD_OPTIMIZED,W08,PVT-F239-CAP-001;PVT-F239-CAP-002;PVT-F239-CAP-003;TST-F239-FR-001;PVT-F239-FR-001;TST-F239-FR-002;PVT-F239-FR-002;TST-F239-FR-003;PVT-F239-FR-003;PVT-F239-US-001;PVT-F239-US-002;PVT-F239-FLOW-001;PVT-F239-FLOW-002;TST-F239-BR-001;PVT-F239-BR-001;TST-F239-BR-002;PVT-F239-BR-002;PVT-F239-DATA-001;PVT-F239-DATA-002;TST-F239-VAL-001;PVT-F239-VAL-001;TST-F239-VAL-002;PVT-F239-VAL-002;TST-F239-CALC-001;PVT-F239-CALC-001;PVT-F239-UX-001;PVT-F239-UX-002;PVT-F239-UX-003;TST-F239-SEC-001;PVT-F239-SEC-001;TST-F239-SEC-002;PVT-F239-SEC-002;PVT-F239-AUTO-001;PVT-F239-APP-001;PVT-F239-NOTIF-001;PVT-F239-REP-001;PVT-F239-AI-001;TST-F239-INT-001;PVT-F239-INT-001;TST-F239-INT-002;PVT-F239-INT-002;TST-F239-API-001;PVT-F239-API-001;TST-F239-API-002;PVT-F239-API-002;TST-F239-PERF-001;PVT-F239-PERF-001;TST-F239-OBS-001;PVT-F239-OBS-001;TST-F239-E2E-001;PVT-F239-E2E-001;TST-F239-E2E-002;PVT-F239-E2E-002;TST-F239-UAT-001;PVT-F239-UAT-001;TST-F239-UAT-002;PVT-F239-UAT-002,AUTHORIZED_BY_PASS_F_SUBJECT_TO_WAVE_DEPENDENCIES,NOT_READY
F240,Asset assignment,Assets,docs/03-modules/assets/features/F240-asset-assignment.md,F240-CAP-001;F240-CAP-002;F240-CAP-003,F240-FLOW-001;F240-FLOW-002,F240-BR-001;F240-BR-002,F240-DATA-001;F240-DATA-002,F240-VAL-001;F240-VAL-002,F240-CALC-001,F240-UX-001;F240-UX-002;F240-UX-003,F240-SEC-001;F240-SEC-002,F240-INT-001;F240-INT-002,F240-API-001;F240-API-002,F240-E2E-001;F240-E2E-002,F240-UAT-001;F240-UAT-002,APPROVED,8,APPROVED,F240-PFC-01;F240-PFC-02;F240-PFC-03;F240-PFC-04;F240-PFC-05;F240-PFC-06;F240-PFC-07;F240-PFC-08;F240-PFC-09;F240-PFC-10,F240-STM-01;F240-STM-02;F240-STM-03;F240-STM-04;F240-STM-05,APPROVED,PFD-BM-F240-1;PFD-BM-F240-2,APPROVED,services/api/src/modules/assets,apps/web/src/modules/assets,READ_ONLY,W08,PVT-F240-CAP-001;PVT-F240-CAP-002;PVT-F240-CAP-003;TST-F240-FR-001;PVT-F240-FR-001;TST-F240-FR-002;PVT-F240-FR-002;TST-F240-FR-003;PVT-F240-FR-003;PVT-F240-US-001;PVT-F240-US-002;PVT-F240-FLOW-001;PVT-F240-FLOW-002;TST-F240-BR-001;PVT-F240-BR-001;TST-F240-BR-002;PVT-F240-BR-002;PVT-F240-DATA-001;PVT-F240-DATA-002;TST-F240-VAL-001;PVT-F240-VAL-001;TST-F240-VAL-002;PVT-F240-VAL-002;TST-F240-CALC-001;PVT-F240-CALC-001;PVT-F240-UX-001;PVT-F240-UX-002;PVT-F240-UX-003;TST-F240-SEC-001;PVT-F240-SEC-001;TST-F240-SEC-002;PVT-F240-SEC-002;PVT-F240-AUTO-001;PVT-F240-APP-001;PVT-F240-NOTIF-001;PVT-F240-REP-001;PVT-F240-AI-001;TST-F240-INT-001;PVT-F240-INT-001;TST-F240-INT-002;PVT-F240-INT-002;TST-F240-API-001;PVT-F240-API-001;TST-F240-API-002;PVT-F240-API-002;TST-F240-PERF-001;PVT-F240-PERF-001;TST-F240-OBS-001;PVT-F240-OBS-001;TST-F240-E2E-001;PVT-F240-E2E-001;TST-F240-E2E-002;PVT-F240-E2E-002;TST-F240-UAT-001;PVT-F240-UAT-001;TST-F240-UAT-002;PVT-F240-UAT-002,AUTHORIZED_BY_PASS_F_SUBJECT_TO_WAVE_DEPENDENCIES,NOT_READY
F241,Asset movement history,Assets,docs/03-modules/assets/features/F241-asset-movement-history.md,F241-CAP-001;F241-CAP-002;F241-CAP-003,F241-FLOW-001;F241-FLOW-002,F241-BR-001;F241-BR-002,F241-DATA-001;F241-DATA-002,F241-VAL-001;F241-VAL-002,F241-CALC-001,F241-UX-001;F241-UX-002;F241-UX-003,F241-SEC-001;F241-SEC-002,F241-INT-001;F241-INT-002,F241-API-001;F241-API-002,F241-E2E-001;F241-E2E-002,F241-UAT-001;F241-UAT-002,APPROVED,8,APPROVED,F241-PFC-01;F241-PFC-02;F241-PFC-03;F241-PFC-04;F241-PFC-05;F241-PFC-06;F241-PFC-07;F241-PFC-08;F241-PFC-09;F241-PFC-10,F241-STM-01;F241-STM-02;F241-STM-03;F241-STM-04;F241-STM-05,APPROVED,PFD-BM-F241-1;PFD-BM-F241-2,APPROVED,services/api/src/modules/assets,apps/web/src/modules/assets,READ_ONLY,W08,PVT-F241-CAP-001;PVT-F241-CAP-002;PVT-F241-CAP-003;TST-F241-FR-001;PVT-F241-FR-001;TST-F241-FR-002;PVT-F241-FR-002;TST-F241-FR-003;PVT-F241-FR-003;PVT-F241-US-001;PVT-F241-US-002;PVT-F241-FLOW-001;PVT-F241-FLOW-002;TST-F241-BR-001;PVT-F241-BR-001;TST-F241-BR-002;PVT-F241-BR-002;PVT-F241-DATA-001;PVT-F241-DATA-002;TST-F241-VAL-001;PVT-F241-VAL-001;TST-F241-VAL-002;PVT-F241-VAL-002;TST-F241-CALC-001;PVT-F241-CALC-001;PVT-F241-UX-001;PVT-F241-UX-002;PVT-F241-UX-003;TST-F241-SEC-001;PVT-F241-SEC-001;TST-F241-SEC-002;PVT-F241-SEC-002;PVT-F241-AUTO-001;PVT-F241-APP-001;PVT-F241-NOTIF-001;PVT-F241-REP-001;PVT-F241-AI-001;TST-F241-INT-001;PVT-F241-INT-001;TST-F241-INT-002;PVT-F241-INT-002;TST-F241-API-001;PVT-F241-API-001;TST-F241-API-002;PVT-F241-API-002;TST-F241-PERF-001;PVT-F241-PERF-001;TST-F241-OBS-001;PVT-F241-OBS-001;TST-F241-E2E-001;PVT-F241-E2E-001;TST-F241-E2E-002;PVT-F241-E2E-002;TST-F241-UAT-001;PVT-F241-UAT-001;TST-F241-UAT-002;PVT-F241-UAT-002,AUTHORIZED_BY_PASS_F_SUBJECT_TO_WAVE_DEPENDENCIES,NOT_READY
F242,Asset value,Assets,docs/03-modules/assets/features/F242-asset-value.md,F242-CAP-001;F242-CAP-002;F242-CAP-003,F242-FLOW-001;F242-FLOW-002,F242-BR-001;F242-BR-002,F242-DATA-001;F242-DATA-002,F242-VAL-001;F242-VAL-002,F242-CALC-001,F242-UX-001;F242-UX-002;F242-UX-003,F242-SEC-001;F242-SEC-002,F242-INT-001;F242-INT-002,F242-API-001;F242-API-002,F242-E2E-001;F242-E2E-002,F242-UAT-001;F242-UAT-002,APPROVED,8,APPROVED,F242-PFC-01;F242-PFC-02;F242-PFC-03;F242-PFC-04;F242-PFC-05;F242-PFC-06;F242-PFC-07;F242-PFC-08;F242-PFC-09;F242-PFC-10,F242-STM-01;F242-STM-02;F242-STM-03;F242-STM-04;F242-STM-05,APPROVED,PFD-BM-F242-1;PFD-BM-F242-2,APPROVED,services/api/src/modules/assets,apps/web/src/modules/assets,READ_ONLY,W08,PVT-F242-CAP-001;PVT-F242-CAP-002;PVT-F242-CAP-003;TST-F242-FR-001;PVT-F242-FR-001;TST-F242-FR-002;PVT-F242-FR-002;TST-F242-FR-003;PVT-F242-FR-003;PVT-F242-US-001;PVT-F242-US-002;PVT-F242-FLOW-001;PVT-F242-FLOW-002;TST-F242-BR-001;PVT-F242-BR-001;TST-F242-BR-002;PVT-F242-BR-002;PVT-F242-DATA-001;PVT-F242-DATA-002;TST-F242-VAL-001;PVT-F242-VAL-001;TST-F242-VAL-002;PVT-F242-VAL-002;TST-F242-CALC-001;PVT-F242-CALC-001;PVT-F242-UX-001;PVT-F242-UX-002;PVT-F242-UX-003;TST-F242-SEC-001;PVT-F242-SEC-001;TST-F242-SEC-002;PVT-F242-SEC-002;PVT-F242-AUTO-001;PVT-F242-APP-001;PVT-F242-NOTIF-001;PVT-F242-REP-001;PVT-F242-AI-001;TST-F242-INT-001;PVT-F242-INT-001;TST-F242-INT-002;PVT-F242-INT-002;TST-F242-API-001;PVT-F242-API-001;TST-F242-API-002;PVT-F242-API-002;TST-F242-PERF-001;PVT-F242-PERF-001;TST-F242-OBS-001;PVT-F242-OBS-001;TST-F242-E2E-001;PVT-F242-E2E-001;TST-F242-E2E-002;PVT-F242-E2E-002;TST-F242-UAT-001;PVT-F242-UAT-001;TST-F242-UAT-002;PVT-F242-UAT-002,AUTHORIZED_BY_PASS_F_SUBJECT_TO_WAVE_DEPENDENCIES,NOT_READY
F243,Useful life,Assets,docs/03-modules/assets/features/F243-useful-life.md,F243-CAP-001;F243-CAP-002;F243-CAP-003,F243-FLOW-001;F243-FLOW-002,F243-BR-001;F243-BR-002,F243-DATA-001;F243-DATA-002,F243-VAL-001;F243-VAL-002,F243-CALC-001,F243-UX-001;F243-UX-002;F243-UX-003,F243-SEC-001;F243-SEC-002,F243-INT-001;F243-INT-002,F243-API-001;F243-API-002,F243-E2E-001;F243-E2E-002,F243-UAT-001;F243-UAT-002,APPROVED,8,APPROVED,F243-PFC-01;F243-PFC-02;F243-PFC-03;F243-PFC-04;F243-PFC-05;F243-PFC-06;F243-PFC-07;F243-PFC-08;F243-PFC-09;F243-PFC-10,F243-STM-01;F243-STM-02;F243-STM-03;F243-STM-04;F243-STM-05,APPROVED,PFD-BM-F243-1;PFD-BM-F243-2,APPROVED,services/api/src/modules/assets,apps/web/src/modules/assets,READ_ONLY,W08,PVT-F243-CAP-001;PVT-F243-CAP-002;PVT-F243-CAP-003;TST-F243-FR-001;PVT-F243-FR-001;TST-F243-FR-002;PVT-F243-FR-002;TST-F243-FR-003;PVT-F243-FR-003;PVT-F243-US-001;PVT-F243-US-002;PVT-F243-FLOW-001;PVT-F243-FLOW-002;TST-F243-BR-001;PVT-F243-BR-001;TST-F243-BR-002;PVT-F243-BR-002;PVT-F243-DATA-001;PVT-F243-DATA-002;TST-F243-VAL-001;PVT-F243-VAL-001;TST-F243-VAL-002;PVT-F243-VAL-002;TST-F243-CALC-001;PVT-F243-CALC-001;PVT-F243-UX-001;PVT-F243-UX-002;PVT-F243-UX-003;TST-F243-SEC-001;PVT-F243-SEC-001;TST-F243-SEC-002;PVT-F243-SEC-002;PVT-F243-AUTO-001;PVT-F243-APP-001;PVT-F243-NOTIF-001;PVT-F243-REP-001;PVT-F243-AI-001;TST-F243-INT-001;PVT-F243-INT-001;TST-F243-INT-002;PVT-F243-INT-002;TST-F243-API-001;PVT-F243-API-001;TST-F243-API-002;PVT-F243-API-002;TST-F243-PERF-001;PVT-F243-PERF-001;TST-F243-OBS-001;PVT-F243-OBS-001;TST-F243-E2E-001;PVT-F243-E2E-001;TST-F243-E2E-002;PVT-F243-E2E-002;TST-F243-UAT-001;PVT-F243-UAT-001;TST-F243-UAT-002;PVT-F243-UAT-002,AUTHORIZED_BY_PASS_F_SUBJECT_TO_WAVE_DEPENDENCIES,NOT_READY
F244,Salvage value,Assets,docs/03-modules/assets/features/F244-salvage-value.md,F244-CAP-001;F244-CAP-002;F244-CAP-003,F244-FLOW-001;F244-FLOW-002,F244-BR-001;F244-BR-002,F244-DATA-001;F244-DATA-002,F244-VAL-001;F244-VAL-002,F244-CALC-001,F244-UX-001;F244-UX-002;F244-UX-003,F244-SEC-001;F244-SEC-002,F244-INT-001;F244-INT-002,F244-API-001;F244-API-002,F244-E2E-001;F244-E2E-002,F244-UAT-001;F244-UAT-002,APPROVED,8,APPROVED,F244-PFC-01;F244-PFC-02;F244-PFC-03;F244-PFC-04;F244-PFC-05;F244-PFC-06;F244-PFC-07;F244-PFC-08;F244-PFC-09;F244-PFC-10,F244-STM-01;F244-STM-02;F244-STM-03;F244-STM-04;F244-STM-05,APPROVED,PFD-BM-F244-1;PFD-BM-F244-2,APPROVED,services/api/src/modules/assets,apps/web/src/modules/assets,READ_ONLY,W08,PVT-F244-CAP-001;PVT-F244-CAP-002;PVT-F244-CAP-003;TST-F244-FR-001;PVT-F244-FR-001;TST-F244-FR-002;PVT-F244-FR-002;TST-F244-FR-003;PVT-F244-FR-003;PVT-F244-US-001;PVT-F244-US-002;PVT-F244-FLOW-001;PVT-F244-FLOW-002;TST-F244-BR-001;PVT-F244-BR-001;TST-F244-BR-002;PVT-F244-BR-002;PVT-F244-DATA-001;PVT-F244-DATA-002;TST-F244-VAL-001;PVT-F244-VAL-001;TST-F244-VAL-002;PVT-F244-VAL-002;TST-F244-CALC-001;PVT-F244-CALC-001;PVT-F244-UX-001;PVT-F244-UX-002;PVT-F244-UX-003;TST-F244-SEC-001;PVT-F244-SEC-001;TST-F244-SEC-002;PVT-F244-SEC-002;PVT-F244-AUTO-001;PVT-F244-APP-001;PVT-F244-NOTIF-001;PVT-F244-REP-001;PVT-F244-AI-001;TST-F244-INT-001;PVT-F244-INT-001;TST-F244-INT-002;PVT-F244-INT-002;TST-F244-API-001;PVT-F244-API-001;TST-F244-API-002;PVT-F244-API-002;TST-F244-PERF-001;PVT-F244-PERF-001;TST-F244-OBS-001;PVT-F244-OBS-001;TST-F244-E2E-001;PVT-F244-E2E-001;TST-F244-E2E-002;PVT-F244-E2E-002;TST-F244-UAT-001;PVT-F244-UAT-001;TST-F244-UAT-002;PVT-F244-UAT-002,AUTHORIZED_BY_PASS_F_SUBJECT_TO_WAVE_DEPENDENCIES,NOT_READY
F245,Straight-line depreciation,Assets,docs/03-modules/assets/features/F245-straight-line-depreciation.md,F245-CAP-001;F245-CAP-002;F245-CAP-003,F245-FLOW-001;F245-FLOW-002,F245-BR-001;F245-BR-002,F245-DATA-001;F245-DATA-002,F245-VAL-001;F245-VAL-002,F245-CALC-001,F245-UX-001;F245-UX-002;F245-UX-003,F245-SEC-001;F245-SEC-002,F245-INT-001;F245-INT-002,F245-API-001;F245-API-002,F245-E2E-001;F245-E2E-002,F245-UAT-001;F245-UAT-002,APPROVED,8,APPROVED,F245-PFC-01;F245-PFC-02;F245-PFC-03;F245-PFC-04;F245-PFC-05;F245-PFC-06;F245-PFC-07;F245-PFC-08;F245-PFC-09;F245-PFC-10,F245-STM-01;F245-STM-02;F245-STM-03;F245-STM-04;F245-STM-05,APPROVED,PFD-BM-F245-1;PFD-BM-F245-2,APPROVED,services/api/src/modules/assets,apps/web/src/modules/assets,READ_ONLY,W08,PVT-F245-CAP-001;PVT-F245-CAP-002;PVT-F245-CAP-003;TST-F245-FR-001;PVT-F245-FR-001;TST-F245-FR-002;PVT-F245-FR-002;TST-F245-FR-003;PVT-F245-FR-003;PVT-F245-US-001;PVT-F245-US-002;PVT-F245-FLOW-001;PVT-F245-FLOW-002;TST-F245-BR-001;PVT-F245-BR-001;TST-F245-BR-002;PVT-F245-BR-002;PVT-F245-DATA-001;PVT-F245-DATA-002;TST-F245-VAL-001;PVT-F245-VAL-001;TST-F245-VAL-002;PVT-F245-VAL-002;TST-F245-CALC-001;PVT-F245-CALC-001;PVT-F245-UX-001;PVT-F245-UX-002;PVT-F245-UX-003;TST-F245-SEC-001;PVT-F245-SEC-001;TST-F245-SEC-002;PVT-F245-SEC-002;PVT-F245-AUTO-001;PVT-F245-APP-001;PVT-F245-NOTIF-001;PVT-F245-REP-001;PVT-F245-AI-001;TST-F245-INT-001;PVT-F245-INT-001;TST-F245-INT-002;PVT-F245-INT-002;TST-F245-API-001;PVT-F245-API-001;TST-F245-API-002;PVT-F245-API-002;TST-F245-PERF-001;PVT-F245-PERF-001;TST-F245-OBS-001;PVT-F245-OBS-001;TST-F245-E2E-001;PVT-F245-E2E-001;TST-F245-E2E-002;PVT-F245-E2E-002;TST-F245-UAT-001;PVT-F245-UAT-001;TST-F245-UAT-002;PVT-F245-UAT-002,AUTHORIZED_BY_PASS_F_SUBJECT_TO_WAVE_DEPENDENCIES,NOT_READY
F246,Declining-balance depreciation,Assets,docs/03-modules/assets/features/F246-declining-balance-depreciation.md,F246-CAP-001;F246-CAP-002;F246-CAP-003,F246-FLOW-001;F246-FLOW-002,F246-BR-001;F246-BR-002,F246-DATA-001;F246-DATA-002,F246-VAL-001;F246-VAL-002,F246-CALC-001,F246-UX-001;F246-UX-002;F246-UX-003,F246-SEC-001;F246-SEC-002,F246-INT-001;F246-INT-002,F246-API-001;F246-API-002,F246-E2E-001;F246-E2E-002,F246-UAT-001;F246-UAT-002,APPROVED,8,APPROVED,F246-PFC-01;F246-PFC-02;F246-PFC-03;F246-PFC-04;F246-PFC-05;F246-PFC-06;F246-PFC-07;F246-PFC-08;F246-PFC-09;F246-PFC-10,F246-STM-01;F246-STM-02;F246-STM-03;F246-STM-04;F246-STM-05,APPROVED,PFD-BM-F246-1;PFD-BM-F246-2,APPROVED,services/api/src/modules/assets,apps/web/src/modules/assets,READ_ONLY,W08,PVT-F246-CAP-001;PVT-F246-CAP-002;PVT-F246-CAP-003;TST-F246-FR-001;PVT-F246-FR-001;TST-F246-FR-002;PVT-F246-FR-002;TST-F246-FR-003;PVT-F246-FR-003;PVT-F246-US-001;PVT-F246-US-002;PVT-F246-FLOW-001;PVT-F246-FLOW-002;TST-F246-BR-001;PVT-F246-BR-001;TST-F246-BR-002;PVT-F246-BR-002;PVT-F246-DATA-001;PVT-F246-DATA-002;TST-F246-VAL-001;PVT-F246-VAL-001;TST-F246-VAL-002;PVT-F246-VAL-002;TST-F246-CALC-001;PVT-F246-CALC-001;PVT-F246-UX-001;PVT-F246-UX-002;PVT-F246-UX-003;TST-F246-SEC-001;PVT-F246-SEC-001;TST-F246-SEC-002;PVT-F246-SEC-002;PVT-F246-AUTO-001;PVT-F246-APP-001;PVT-F246-NOTIF-001;PVT-F246-REP-001;PVT-F246-AI-001;TST-F246-INT-001;PVT-F246-INT-001;TST-F246-INT-002;PVT-F246-INT-002;TST-F246-API-001;PVT-F246-API-001;TST-F246-API-002;PVT-F246-API-002;TST-F246-PERF-001;PVT-F246-PERF-001;TST-F246-OBS-001;PVT-F246-OBS-001;TST-F246-E2E-001;PVT-F246-E2E-001;TST-F246-E2E-002;PVT-F246-E2E-002;TST-F246-UAT-001;PVT-F246-UAT-001;TST-F246-UAT-002;PVT-F246-UAT-002,AUTHORIZED_BY_PASS_F_SUBJECT_TO_WAVE_DEPENDENCIES,NOT_READY
F247,Units-of-production depreciation,Assets,docs/03-modules/assets/features/F247-units-of-production-depreciation.md,F247-CAP-001;F247-CAP-002;F247-CAP-003,F247-FLOW-001;F247-FLOW-002,F247-BR-001;F247-BR-002,F247-DATA-001;F247-DATA-002,F247-VAL-001;F247-VAL-002,F247-CALC-001,F247-UX-001;F247-UX-002;F247-UX-003,F247-SEC-001;F247-SEC-002,F247-INT-001;F247-INT-002,F247-API-001;F247-API-002,F247-E2E-001;F247-E2E-002,F247-UAT-001;F247-UAT-002,APPROVED,8,APPROVED,F247-PFC-01;F247-PFC-02;F247-PFC-03;F247-PFC-04;F247-PFC-05;F247-PFC-06;F247-PFC-07;F247-PFC-08;F247-PFC-09;F247-PFC-10,F247-STM-01;F247-STM-02;F247-STM-03;F247-STM-04;F247-STM-05,APPROVED,PFD-BM-F247-1;PFD-BM-F247-2,APPROVED,services/api/src/modules/assets,apps/web/src/modules/assets,READ_ONLY,W08,PVT-F247-CAP-001;PVT-F247-CAP-002;PVT-F247-CAP-003;TST-F247-FR-001;PVT-F247-FR-001;TST-F247-FR-002;PVT-F247-FR-002;TST-F247-FR-003;PVT-F247-FR-003;PVT-F247-US-001;PVT-F247-US-002;PVT-F247-FLOW-001;PVT-F247-FLOW-002;TST-F247-BR-001;PVT-F247-BR-001;TST-F247-BR-002;PVT-F247-BR-002;PVT-F247-DATA-001;PVT-F247-DATA-002;TST-F247-VAL-001;PVT-F247-VAL-001;TST-F247-VAL-002;PVT-F247-VAL-002;TST-F247-CALC-001;PVT-F247-CALC-001;PVT-F247-UX-001;PVT-F247-UX-002;PVT-F247-UX-003;TST-F247-SEC-001;PVT-F247-SEC-001;TST-F247-SEC-002;PVT-F247-SEC-002;PVT-F247-AUTO-001;PVT-F247-APP-001;PVT-F247-NOTIF-001;PVT-F247-REP-001;PVT-F247-AI-001;TST-F247-INT-001;PVT-F247-INT-001;TST-F247-INT-002;PVT-F247-INT-002;TST-F247-API-001;PVT-F247-API-001;TST-F247-API-002;PVT-F247-API-002;TST-F247-PERF-001;PVT-F247-PERF-001;TST-F247-OBS-001;PVT-F247-OBS-001;TST-F247-E2E-001;PVT-F247-E2E-001;TST-F247-E2E-002;PVT-F247-E2E-002;TST-F247-UAT-001;PVT-F247-UAT-001;TST-F247-UAT-002;PVT-F247-UAT-002,AUTHORIZED_BY_PASS_F_SUBJECT_TO_WAVE_DEPENDENCIES,NOT_READY
F248,Depreciation schedule,Assets,docs/03-modules/assets/features/F248-depreciation-schedule.md,F248-CAP-001;F248-CAP-002;F248-CAP-003,F248-FLOW-001;F248-FLOW-002,F248-BR-001;F248-BR-002,F248-DATA-001;F248-DATA-002,F248-VAL-001;F248-VAL-002,F248-CALC-001,F248-UX-001;F248-UX-002;F248-UX-003,F248-SEC-001;F248-SEC-002,F248-INT-001;F248-INT-002,F248-API-001;F248-API-002,F248-E2E-001;F248-E2E-002,F248-UAT-001;F248-UAT-002,APPROVED,8,APPROVED,F248-PFC-01;F248-PFC-02;F248-PFC-03;F248-PFC-04;F248-PFC-05;F248-PFC-06;F248-PFC-07;F248-PFC-08;F248-PFC-09;F248-PFC-10,F248-STM-01;F248-STM-02;F248-STM-03;F248-STM-04;F248-STM-05,APPROVED,PFD-BM-F248-1;PFD-BM-F248-2,APPROVED,services/api/src/modules/assets,apps/web/src/modules/assets,READ_ONLY,W08,PVT-F248-CAP-001;PVT-F248-CAP-002;PVT-F248-CAP-003;TST-F248-FR-001;PVT-F248-FR-001;TST-F248-FR-002;PVT-F248-FR-002;TST-F248-FR-003;PVT-F248-FR-003;PVT-F248-US-001;PVT-F248-US-002;PVT-F248-FLOW-001;PVT-F248-FLOW-002;TST-F248-BR-001;PVT-F248-BR-001;TST-F248-BR-002;PVT-F248-BR-002;PVT-F248-DATA-001;PVT-F248-DATA-002;TST-F248-VAL-001;PVT-F248-VAL-001;TST-F248-VAL-002;PVT-F248-VAL-002;TST-F248-CALC-001;PVT-F248-CALC-001;PVT-F248-UX-001;PVT-F248-UX-002;PVT-F248-UX-003;TST-F248-SEC-001;PVT-F248-SEC-001;TST-F248-SEC-002;PVT-F248-SEC-002;PVT-F248-AUTO-001;PVT-F248-APP-001;PVT-F248-NOTIF-001;PVT-F248-REP-001;PVT-F248-AI-001;TST-F248-INT-001;PVT-F248-INT-001;TST-F248-INT-002;PVT-F248-INT-002;TST-F248-API-001;PVT-F248-API-001;TST-F248-API-002;PVT-F248-API-002;TST-F248-PERF-001;PVT-F248-PERF-001;TST-F248-OBS-001;PVT-F248-OBS-001;TST-F248-E2E-001;PVT-F248-E2E-001;TST-F248-E2E-002;PVT-F248-E2E-002;TST-F248-UAT-001;PVT-F248-UAT-001;TST-F248-UAT-002;PVT-F248-UAT-002,AUTHORIZED_BY_PASS_F_SUBJECT_TO_WAVE_DEPENDENCIES,NOT_READY
F249,Depreciation posting,Assets,docs/03-modules/assets/features/F249-depreciation-posting.md,F249-CAP-001;F249-CAP-002;F249-CAP-003,F249-FLOW-001;F249-FLOW-002,F249-BR-001;F249-BR-002,F249-DATA-001;F249-DATA-002,F249-VAL-001;F249-VAL-002,F249-CALC-001,F249-UX-001;F249-UX-002;F249-UX-003,F249-SEC-001;F249-SEC-002,F249-INT-001;F249-INT-002,F249-API-001;F249-API-002,F249-E2E-001;F249-E2E-002,F249-UAT-001;F249-UAT-002,APPROVED,8,APPROVED,F249-PFC-01;F249-PFC-02;F249-PFC-03;F249-PFC-04;F249-PFC-05;F249-PFC-06;F249-PFC-07;F249-PFC-08;F249-PFC-09;F249-PFC-10,F249-STM-01;F249-STM-02;F249-STM-03;F249-STM-04;F249-STM-05,APPROVED,PFD-BM-F249-1;PFD-BM-F249-2,APPROVED,services/api/src/modules/assets,apps/web/src/modules/assets,READ_ONLY,W08,PVT-F249-CAP-001;PVT-F249-CAP-002;PVT-F249-CAP-003;TST-F249-FR-001;PVT-F249-FR-001;TST-F249-FR-002;PVT-F249-FR-002;TST-F249-FR-003;PVT-F249-FR-003;PVT-F249-US-001;PVT-F249-US-002;PVT-F249-FLOW-001;PVT-F249-FLOW-002;TST-F249-BR-001;PVT-F249-BR-001;TST-F249-BR-002;PVT-F249-BR-002;PVT-F249-DATA-001;PVT-F249-DATA-002;TST-F249-VAL-001;PVT-F249-VAL-001;TST-F249-VAL-002;PVT-F249-VAL-002;TST-F249-CALC-001;PVT-F249-CALC-001;PVT-F249-UX-001;PVT-F249-UX-002;PVT-F249-UX-003;TST-F249-SEC-001;PVT-F249-SEC-001;TST-F249-SEC-002;PVT-F249-SEC-002;PVT-F249-AUTO-001;PVT-F249-APP-001;PVT-F249-NOTIF-001;PVT-F249-REP-001;PVT-F249-AI-001;TST-F249-INT-001;PVT-F249-INT-001;TST-F249-INT-002;PVT-F249-INT-002;TST-F249-API-001;PVT-F249-API-001;TST-F249-API-002;PVT-F249-API-002;TST-F249-PERF-001;PVT-F249-PERF-001;TST-F249-OBS-001;PVT-F249-OBS-001;TST-F249-E2E-001;PVT-F249-E2E-001;TST-F249-E2E-002;PVT-F249-E2E-002;TST-F249-UAT-001;PVT-F249-UAT-001;TST-F249-UAT-002;PVT-F249-UAT-002,AUTHORIZED_BY_PASS_F_SUBJECT_TO_WAVE_DEPENDENCIES,NOT_READY
F250,Asset revaluation,Assets,docs/03-modules/assets/features/F250-asset-revaluation.md,F250-CAP-001;F250-CAP-002;F250-CAP-003,F250-FLOW-001;F250-FLOW-002,F250-BR-001;F250-BR-002,F250-DATA-001;F250-DATA-002,F250-VAL-001;F250-VAL-002,F250-CALC-001,F250-UX-001;F250-UX-002;F250-UX-003,F250-SEC-001;F250-SEC-002,F250-INT-001;F250-INT-002,F250-API-001;F250-API-002,F250-E2E-001;F250-E2E-002,F250-UAT-001;F250-UAT-002,APPROVED,8,APPROVED,F250-PFC-01;F250-PFC-02;F250-PFC-03;F250-PFC-04;F250-PFC-05;F250-PFC-06;F250-PFC-07;F250-PFC-08;F250-PFC-09;F250-PFC-10,F250-STM-01;F250-STM-02;F250-STM-03;F250-STM-04;F250-STM-05,APPROVED,PFD-BM-F250-1;PFD-BM-F250-2,APPROVED,services/api/src/modules/assets,apps/web/src/modules/assets,READ_ONLY,W08,PVT-F250-CAP-001;PVT-F250-CAP-002;PVT-F250-CAP-003;TST-F250-FR-001;PVT-F250-FR-001;TST-F250-FR-002;PVT-F250-FR-002;TST-F250-FR-003;PVT-F250-FR-003;PVT-F250-US-001;PVT-F250-US-002;PVT-F250-FLOW-001;PVT-F250-FLOW-002;TST-F250-BR-001;PVT-F250-BR-001;TST-F250-BR-002;PVT-F250-BR-002;PVT-F250-DATA-001;PVT-F250-DATA-002;TST-F250-VAL-001;PVT-F250-VAL-001;TST-F250-VAL-002;PVT-F250-VAL-002;TST-F250-CALC-001;PVT-F250-CALC-001;PVT-F250-UX-001;PVT-F250-UX-002;PVT-F250-UX-003;TST-F250-SEC-001;PVT-F250-SEC-001;TST-F250-SEC-002;PVT-F250-SEC-002;PVT-F250-AUTO-001;PVT-F250-APP-001;PVT-F250-NOTIF-001;PVT-F250-REP-001;PVT-F250-AI-001;TST-F250-INT-001;PVT-F250-INT-001;TST-F250-INT-002;PVT-F250-INT-002;TST-F250-API-001;PVT-F250-API-001;TST-F250-API-002;PVT-F250-API-002;TST-F250-PERF-001;PVT-F250-PERF-001;TST-F250-OBS-001;PVT-F250-OBS-001;TST-F250-E2E-001;PVT-F250-E2E-001;TST-F250-E2E-002;PVT-F250-E2E-002;TST-F250-UAT-001;PVT-F250-UAT-001;TST-F250-UAT-002;PVT-F250-UAT-002,AUTHORIZED_BY_PASS_F_SUBJECT_TO_WAVE_DEPENDENCIES,NOT_READY
F251,Asset impairment,Assets,docs/03-modules/assets/features/F251-asset-impairment.md,F251-CAP-001;F251-CAP-002;F251-CAP-003,F251-FLOW-001;F251-FLOW-002,F251-BR-001;F251-BR-002,F251-DATA-001;F251-DATA-002,F251-VAL-001;F251-VAL-002,F251-CALC-001,F251-UX-001;F251-UX-002;F251-UX-003,F251-SEC-001;F251-SEC-002,F251-INT-001;F251-INT-002,F251-API-001;F251-API-002,F251-E2E-001;F251-E2E-002,F251-UAT-001;F251-UAT-002,APPROVED,8,APPROVED,F251-PFC-01;F251-PFC-02;F251-PFC-03;F251-PFC-04;F251-PFC-05;F251-PFC-06;F251-PFC-07;F251-PFC-08;F251-PFC-09;F251-PFC-10,F251-STM-01;F251-STM-02;F251-STM-03;F251-STM-04;F251-STM-05,APPROVED,PFD-BM-F251-1;PFD-BM-F251-2,APPROVED,services/api/src/modules/assets,apps/web/src/modules/assets,READ_ONLY,W08,PVT-F251-CAP-001;PVT-F251-CAP-002;PVT-F251-CAP-003;TST-F251-FR-001;PVT-F251-FR-001;TST-F251-FR-002;PVT-F251-FR-002;TST-F251-FR-003;PVT-F251-FR-003;PVT-F251-US-001;PVT-F251-US-002;PVT-F251-FLOW-001;PVT-F251-FLOW-002;TST-F251-BR-001;PVT-F251-BR-001;TST-F251-BR-002;PVT-F251-BR-002;PVT-F251-DATA-001;PVT-F251-DATA-002;TST-F251-VAL-001;PVT-F251-VAL-001;TST-F251-VAL-002;PVT-F251-VAL-002;TST-F251-CALC-001;PVT-F251-CALC-001;PVT-F251-UX-001;PVT-F251-UX-002;PVT-F251-UX-003;TST-F251-SEC-001;PVT-F251-SEC-001;TST-F251-SEC-002;PVT-F251-SEC-002;PVT-F251-AUTO-001;PVT-F251-APP-001;PVT-F251-NOTIF-001;PVT-F251-REP-001;PVT-F251-AI-001;TST-F251-INT-001;PVT-F251-INT-001;TST-F251-INT-002;PVT-F251-INT-002;TST-F251-API-001;PVT-F251-API-001;TST-F251-API-002;PVT-F251-API-002;TST-F251-PERF-001;PVT-F251-PERF-001;TST-F251-OBS-001;PVT-F251-OBS-001;TST-F251-E2E-001;PVT-F251-E2E-001;TST-F251-E2E-002;PVT-F251-E2E-002;TST-F251-UAT-001;PVT-F251-UAT-001;TST-F251-UAT-002;PVT-F251-UAT-002,AUTHORIZED_BY_PASS_F_SUBJECT_TO_WAVE_DEPENDENCIES,NOT_READY
F252,Asset maintenance,Assets,docs/03-modules/assets/features/F252-asset-maintenance.md,F252-CAP-001;F252-CAP-002;F252-CAP-003,F252-FLOW-001;F252-FLOW-002,F252-BR-001;F252-BR-002,F252-DATA-001;F252-DATA-002,F252-VAL-001;F252-VAL-002,F252-CALC-001,F252-UX-001;F252-UX-002;F252-UX-003,F252-SEC-001;F252-SEC-002,F252-INT-001;F252-INT-002,F252-API-001;F252-API-002,F252-E2E-001;F252-E2E-002,F252-UAT-001;F252-UAT-002,APPROVED,8,APPROVED,F252-PFC-01;F252-PFC-02;F252-PFC-03;F252-PFC-04;F252-PFC-05;F252-PFC-06;F252-PFC-07;F252-PFC-08;F252-PFC-09;F252-PFC-10,F252-STM-01;F252-STM-02;F252-STM-03;F252-STM-04;F252-STM-05,APPROVED,PFD-BM-F252-1;PFD-BM-F252-2,APPROVED,services/api/src/modules/assets,apps/web/src/modules/assets,READ_ONLY,W08,PVT-F252-CAP-001;PVT-F252-CAP-002;PVT-F252-CAP-003;TST-F252-FR-001;PVT-F252-FR-001;TST-F252-FR-002;PVT-F252-FR-002;TST-F252-FR-003;PVT-F252-FR-003;PVT-F252-US-001;PVT-F252-US-002;PVT-F252-FLOW-001;PVT-F252-FLOW-002;TST-F252-BR-001;PVT-F252-BR-001;TST-F252-BR-002;PVT-F252-BR-002;PVT-F252-DATA-001;PVT-F252-DATA-002;TST-F252-VAL-001;PVT-F252-VAL-001;TST-F252-VAL-002;PVT-F252-VAL-002;TST-F252-CALC-001;PVT-F252-CALC-001;PVT-F252-UX-001;PVT-F252-UX-002;PVT-F252-UX-003;TST-F252-SEC-001;PVT-F252-SEC-001;TST-F252-SEC-002;PVT-F252-SEC-002;PVT-F252-AUTO-001;PVT-F252-APP-001;PVT-F252-NOTIF-001;PVT-F252-REP-001;PVT-F252-AI-001;TST-F252-INT-001;PVT-F252-INT-001;TST-F252-INT-002;PVT-F252-INT-002;TST-F252-API-001;PVT-F252-API-001;TST-F252-API-002;PVT-F252-API-002;TST-F252-PERF-001;PVT-F252-PERF-001;TST-F252-OBS-001;PVT-F252-OBS-001;TST-F252-E2E-001;PVT-F252-E2E-001;TST-F252-E2E-002;PVT-F252-E2E-002;TST-F252-UAT-001;PVT-F252-UAT-001;TST-F252-UAT-002;PVT-F252-UAT-002,AUTHORIZED_BY_PASS_F_SUBJECT_TO_WAVE_DEPENDENCIES,NOT_READY
F253,Preventive maintenance,Assets,docs/03-modules/assets/features/F253-preventive-maintenance.md,F253-CAP-001;F253-CAP-002;F253-CAP-003,F253-FLOW-001;F253-FLOW-002,F253-BR-001;F253-BR-002,F253-DATA-001;F253-DATA-002,F253-VAL-001;F253-VAL-002,F253-CALC-001,F253-UX-001;F253-UX-002;F253-UX-003,F253-SEC-001;F253-SEC-002,F253-INT-001;F253-INT-002,F253-API-001;F253-API-002,F253-E2E-001;F253-E2E-002,F253-UAT-001;F253-UAT-002,APPROVED,8,APPROVED,F253-PFC-01;F253-PFC-02;F253-PFC-03;F253-PFC-04;F253-PFC-05;F253-PFC-06;F253-PFC-07;F253-PFC-08;F253-PFC-09;F253-PFC-10,F253-STM-01;F253-STM-02;F253-STM-03;F253-STM-04;F253-STM-05,APPROVED,PFD-BM-F253-1;PFD-BM-F253-2,APPROVED,services/api/src/modules/assets,apps/web/src/modules/assets,READ_ONLY,W08,PVT-F253-CAP-001;PVT-F253-CAP-002;PVT-F253-CAP-003;TST-F253-FR-001;PVT-F253-FR-001;TST-F253-FR-002;PVT-F253-FR-002;TST-F253-FR-003;PVT-F253-FR-003;PVT-F253-US-001;PVT-F253-US-002;PVT-F253-FLOW-001;PVT-F253-FLOW-002;TST-F253-BR-001;PVT-F253-BR-001;TST-F253-BR-002;PVT-F253-BR-002;PVT-F253-DATA-001;PVT-F253-DATA-002;TST-F253-VAL-001;PVT-F253-VAL-001;TST-F253-VAL-002;PVT-F253-VAL-002;TST-F253-CALC-001;PVT-F253-CALC-001;PVT-F253-UX-001;PVT-F253-UX-002;PVT-F253-UX-003;TST-F253-SEC-001;PVT-F253-SEC-001;TST-F253-SEC-002;PVT-F253-SEC-002;PVT-F253-AUTO-001;PVT-F253-APP-001;PVT-F253-NOTIF-001;PVT-F253-REP-001;PVT-F253-AI-001;TST-F253-INT-001;PVT-F253-INT-001;TST-F253-INT-002;PVT-F253-INT-002;TST-F253-API-001;PVT-F253-API-001;TST-F253-API-002;PVT-F253-API-002;TST-F253-PERF-001;PVT-F253-PERF-001;TST-F253-OBS-001;PVT-F253-OBS-001;TST-F253-E2E-001;PVT-F253-E2E-001;TST-F253-E2E-002;PVT-F253-E2E-002;TST-F253-UAT-001;PVT-F253-UAT-001;TST-F253-UAT-002;PVT-F253-UAT-002,AUTHORIZED_BY_PASS_F_SUBJECT_TO_WAVE_DEPENDENCIES,NOT_READY
F254,Maintenance schedule,Assets,docs/03-modules/assets/features/F254-maintenance-schedule.md,F254-CAP-001;F254-CAP-002;F254-CAP-003,F254-FLOW-001;F254-FLOW-002,F254-BR-001;F254-BR-002,F254-DATA-001;F254-DATA-002,F254-VAL-001;F254-VAL-002,F254-CALC-001,F254-UX-001;F254-UX-002;F254-UX-003,F254-SEC-001;F254-SEC-002,F254-INT-001;F254-INT-002,F254-API-001;F254-API-002,F254-E2E-001;F254-E2E-002,F254-UAT-001;F254-UAT-002,APPROVED,8,APPROVED,F254-PFC-01;F254-PFC-02;F254-PFC-03;F254-PFC-04;F254-PFC-05;F254-PFC-06;F254-PFC-07;F254-PFC-08;F254-PFC-09;F254-PFC-10,F254-STM-01;F254-STM-02;F254-STM-03;F254-STM-04;F254-STM-05,APPROVED,PFD-BM-F254-1;PFD-BM-F254-2,APPROVED,services/api/src/modules/assets,apps/web/src/modules/assets,READ_ONLY,W08,PVT-F254-CAP-001;PVT-F254-CAP-002;PVT-F254-CAP-003;TST-F254-FR-001;PVT-F254-FR-001;TST-F254-FR-002;PVT-F254-FR-002;TST-F254-FR-003;PVT-F254-FR-003;PVT-F254-US-001;PVT-F254-US-002;PVT-F254-FLOW-001;PVT-F254-FLOW-002;TST-F254-BR-001;PVT-F254-BR-001;TST-F254-BR-002;PVT-F254-BR-002;PVT-F254-DATA-001;PVT-F254-DATA-002;TST-F254-VAL-001;PVT-F254-VAL-001;TST-F254-VAL-002;PVT-F254-VAL-002;TST-F254-CALC-001;PVT-F254-CALC-001;PVT-F254-UX-001;PVT-F254-UX-002;PVT-F254-UX-003;TST-F254-SEC-001;PVT-F254-SEC-001;TST-F254-SEC-002;PVT-F254-SEC-002;PVT-F254-AUTO-001;PVT-F254-APP-001;PVT-F254-NOTIF-001;PVT-F254-REP-001;PVT-F254-AI-001;TST-F254-INT-001;PVT-F254-INT-001;TST-F254-INT-002;PVT-F254-INT-002;TST-F254-API-001;PVT-F254-API-001;TST-F254-API-002;PVT-F254-API-002;TST-F254-PERF-001;PVT-F254-PERF-001;TST-F254-OBS-001;PVT-F254-OBS-001;TST-F254-E2E-001;PVT-F254-E2E-001;TST-F254-E2E-002;PVT-F254-E2E-002;TST-F254-UAT-001;PVT-F254-UAT-001;TST-F254-UAT-002;PVT-F254-UAT-002,AUTHORIZED_BY_PASS_F_SUBJECT_TO_WAVE_DEPENDENCIES,NOT_READY
F255,Repair history,Assets,docs/03-modules/assets/features/F255-repair-history.md,F255-CAP-001;F255-CAP-002;F255-CAP-003,F255-FLOW-001;F255-FLOW-002,F255-BR-001;F255-BR-002,F255-DATA-001;F255-DATA-002,F255-VAL-001;F255-VAL-002,F255-CALC-001,F255-UX-001;F255-UX-002;F255-UX-003,F255-SEC-001;F255-SEC-002,F255-INT-001;F255-INT-002,F255-API-001;F255-API-002,F255-E2E-001;F255-E2E-002,F255-UAT-001;F255-UAT-002,APPROVED,8,APPROVED,F255-PFC-01;F255-PFC-02;F255-PFC-03;F255-PFC-04;F255-PFC-05;F255-PFC-06;F255-PFC-07;F255-PFC-08;F255-PFC-09;F255-PFC-10,F255-STM-01;F255-STM-02;F255-STM-03;F255-STM-04;F255-STM-05,APPROVED,PFD-BM-F255-1;PFD-BM-F255-2,APPROVED,services/api/src/modules/assets,apps/web/src/modules/assets,READ_ONLY,W08,PVT-F255-CAP-001;PVT-F255-CAP-002;PVT-F255-CAP-003;TST-F255-FR-001;PVT-F255-FR-001;TST-F255-FR-002;PVT-F255-FR-002;TST-F255-FR-003;PVT-F255-FR-003;PVT-F255-US-001;PVT-F255-US-002;PVT-F255-FLOW-001;PVT-F255-FLOW-002;TST-F255-BR-001;PVT-F255-BR-001;TST-F255-BR-002;PVT-F255-BR-002;PVT-F255-DATA-001;PVT-F255-DATA-002;TST-F255-VAL-001;PVT-F255-VAL-001;TST-F255-VAL-002;PVT-F255-VAL-002;TST-F255-CALC-001;PVT-F255-CALC-001;PVT-F255-UX-001;PVT-F255-UX-002;PVT-F255-UX-003;TST-F255-SEC-001;PVT-F255-SEC-001;TST-F255-SEC-002;PVT-F255-SEC-002;PVT-F255-AUTO-001;PVT-F255-APP-001;PVT-F255-NOTIF-001;PVT-F255-REP-001;PVT-F255-AI-001;TST-F255-INT-001;PVT-F255-INT-001;TST-F255-INT-002;PVT-F255-INT-002;TST-F255-API-001;PVT-F255-API-001;TST-F255-API-002;PVT-F255-API-002;TST-F255-PERF-001;PVT-F255-PERF-001;TST-F255-OBS-001;PVT-F255-OBS-001;TST-F255-E2E-001;PVT-F255-E2E-001;TST-F255-E2E-002;PVT-F255-E2E-002;TST-F255-UAT-001;PVT-F255-UAT-001;TST-F255-UAT-002;PVT-F255-UAT-002,AUTHORIZED_BY_PASS_F_SUBJECT_TO_WAVE_DEPENDENCIES,NOT_READY
F256,Downtime,Assets,docs/03-modules/assets/features/F256-downtime.md,F256-CAP-001;F256-CAP-002;F256-CAP-003,F256-FLOW-001;F256-FLOW-002,F256-BR-001;F256-BR-002,F256-DATA-001;F256-DATA-002,F256-VAL-001;F256-VAL-002,F256-CALC-001,F256-UX-001;F256-UX-002;F256-UX-003,F256-SEC-001;F256-SEC-002,F256-INT-001;F256-INT-002,F256-API-001;F256-API-002,F256-E2E-001;F256-E2E-002,F256-UAT-001;F256-UAT-002,APPROVED,8,APPROVED,F256-PFC-01;F256-PFC-02;F256-PFC-03;F256-PFC-04;F256-PFC-05;F256-PFC-06;F256-PFC-07;F256-PFC-08;F256-PFC-09;F256-PFC-10,F256-STM-01;F256-STM-02;F256-STM-03;F256-STM-04;F256-STM-05,APPROVED,PFD-BM-F256-1;PFD-BM-F256-2,APPROVED,services/api/src/modules/assets,apps/web/src/modules/assets,FIELD_OPTIMIZED,W08,PVT-F256-CAP-001;PVT-F256-CAP-002;PVT-F256-CAP-003;TST-F256-FR-001;PVT-F256-FR-001;TST-F256-FR-002;PVT-F256-FR-002;TST-F256-FR-003;PVT-F256-FR-003;PVT-F256-US-001;PVT-F256-US-002;PVT-F256-FLOW-001;PVT-F256-FLOW-002;TST-F256-BR-001;PVT-F256-BR-001;TST-F256-BR-002;PVT-F256-BR-002;PVT-F256-DATA-001;PVT-F256-DATA-002;TST-F256-VAL-001;PVT-F256-VAL-001;TST-F256-VAL-002;PVT-F256-VAL-002;TST-F256-CALC-001;PVT-F256-CALC-001;PVT-F256-UX-001;PVT-F256-UX-002;PVT-F256-UX-003;TST-F256-SEC-001;PVT-F256-SEC-001;TST-F256-SEC-002;PVT-F256-SEC-002;PVT-F256-AUTO-001;PVT-F256-APP-001;PVT-F256-NOTIF-001;PVT-F256-REP-001;PVT-F256-AI-001;TST-F256-INT-001;PVT-F256-INT-001;TST-F256-INT-002;PVT-F256-INT-002;TST-F256-API-001;PVT-F256-API-001;TST-F256-API-002;PVT-F256-API-002;TST-F256-PERF-001;PVT-F256-PERF-001;TST-F256-OBS-001;PVT-F256-OBS-001;TST-F256-E2E-001;PVT-F256-E2E-001;TST-F256-E2E-002;PVT-F256-E2E-002;TST-F256-UAT-001;PVT-F256-UAT-001;TST-F256-UAT-002;PVT-F256-UAT-002,AUTHORIZED_BY_PASS_F_SUBJECT_TO_WAVE_DEPENDENCIES,NOT_READY
F257,Warranty,Assets,docs/03-modules/assets/features/F257-warranty.md,F257-CAP-001;F257-CAP-002;F257-CAP-003,F257-FLOW-001;F257-FLOW-002,F257-BR-001;F257-BR-002,F257-DATA-001;F257-DATA-002,F257-VAL-001;F257-VAL-002,F257-CALC-001,F257-UX-001;F257-UX-002;F257-UX-003,F257-SEC-001;F257-SEC-002,F257-INT-001;F257-INT-002,F257-API-001;F257-API-002,F257-E2E-001;F257-E2E-002,F257-UAT-001;F257-UAT-002,APPROVED,8,APPROVED,F257-PFC-01;F257-PFC-02;F257-PFC-03;F257-PFC-04;F257-PFC-05;F257-PFC-06;F257-PFC-07;F257-PFC-08;F257-PFC-09;F257-PFC-10,F257-STM-01;F257-STM-02;F257-STM-03;F257-STM-04;F257-STM-05,APPROVED,PFD-BM-F257-1;PFD-BM-F257-2,APPROVED,services/api/src/modules/assets,apps/web/src/modules/assets,READ_ONLY,W08,PVT-F257-CAP-001;PVT-F257-CAP-002;PVT-F257-CAP-003;TST-F257-FR-001;PVT-F257-FR-001;TST-F257-FR-002;PVT-F257-FR-002;TST-F257-FR-003;PVT-F257-FR-003;PVT-F257-US-001;PVT-F257-US-002;PVT-F257-FLOW-001;PVT-F257-FLOW-002;TST-F257-BR-001;PVT-F257-BR-001;TST-F257-BR-002;PVT-F257-BR-002;PVT-F257-DATA-001;PVT-F257-DATA-002;TST-F257-VAL-001;PVT-F257-VAL-001;TST-F257-VAL-002;PVT-F257-VAL-002;TST-F257-CALC-001;PVT-F257-CALC-001;PVT-F257-UX-001;PVT-F257-UX-002;PVT-F257-UX-003;TST-F257-SEC-001;PVT-F257-SEC-001;TST-F257-SEC-002;PVT-F257-SEC-002;PVT-F257-AUTO-001;PVT-F257-APP-001;PVT-F257-NOTIF-001;PVT-F257-REP-001;PVT-F257-AI-001;TST-F257-INT-001;PVT-F257-INT-001;TST-F257-INT-002;PVT-F257-INT-002;TST-F257-API-001;PVT-F257-API-001;TST-F257-API-002;PVT-F257-API-002;TST-F257-PERF-001;PVT-F257-PERF-001;TST-F257-OBS-001;PVT-F257-OBS-001;TST-F257-E2E-001;PVT-F257-E2E-001;TST-F257-E2E-002;PVT-F257-E2E-002;TST-F257-UAT-001;PVT-F257-UAT-001;TST-F257-UAT-002;PVT-F257-UAT-002,AUTHORIZED_BY_PASS_F_SUBJECT_TO_WAVE_DEPENDENCIES,NOT_READY
F258,Inspection,Assets,docs/03-modules/assets/features/F258-inspection.md,F258-CAP-001;F258-CAP-002;F258-CAP-003,F258-FLOW-001;F258-FLOW-002,F258-BR-001;F258-BR-002,F258-DATA-001;F258-DATA-002,F258-VAL-001;F258-VAL-002,F258-CALC-001,F258-UX-001;F258-UX-002;F258-UX-003,F258-SEC-001;F258-SEC-002,F258-INT-001;F258-INT-002,F258-API-001;F258-API-002,F258-E2E-001;F258-E2E-002,F258-UAT-001;F258-UAT-002,APPROVED,8,APPROVED,F258-PFC-01;F258-PFC-02;F258-PFC-03;F258-PFC-04;F258-PFC-05;F258-PFC-06;F258-PFC-07;F258-PFC-08;F258-PFC-09;F258-PFC-10,F258-STM-01;F258-STM-02;F258-STM-03;F258-STM-04;F258-STM-05,APPROVED,PFD-BM-F258-1;PFD-BM-F258-2,APPROVED,services/api/src/modules/assets,apps/web/src/modules/assets,FIELD_OPTIMIZED,W08,PVT-F258-CAP-001;PVT-F258-CAP-002;PVT-F258-CAP-003;TST-F258-FR-001;PVT-F258-FR-001;TST-F258-FR-002;PVT-F258-FR-002;TST-F258-FR-003;PVT-F258-FR-003;PVT-F258-US-001;PVT-F258-US-002;PVT-F258-FLOW-001;PVT-F258-FLOW-002;TST-F258-BR-001;PVT-F258-BR-001;TST-F258-BR-002;PVT-F258-BR-002;PVT-F258-DATA-001;PVT-F258-DATA-002;TST-F258-VAL-001;PVT-F258-VAL-001;TST-F258-VAL-002;PVT-F258-VAL-002;TST-F258-CALC-001;PVT-F258-CALC-001;PVT-F258-UX-001;PVT-F258-UX-002;PVT-F258-UX-003;TST-F258-SEC-001;PVT-F258-SEC-001;TST-F258-SEC-002;PVT-F258-SEC-002;PVT-F258-AUTO-001;PVT-F258-APP-001;PVT-F258-NOTIF-001;PVT-F258-REP-001;PVT-F258-AI-001;TST-F258-INT-001;PVT-F258-INT-001;TST-F258-INT-002;PVT-F258-INT-002;TST-F258-API-001;PVT-F258-API-001;TST-F258-API-002;PVT-F258-API-002;TST-F258-PERF-001;PVT-F258-PERF-001;TST-F258-OBS-001;PVT-F258-OBS-001;TST-F258-E2E-001;PVT-F258-E2E-001;TST-F258-E2E-002;PVT-F258-E2E-002;TST-F258-UAT-001;PVT-F258-UAT-001;TST-F258-UAT-002;PVT-F258-UAT-002,AUTHORIZED_BY_PASS_F_SUBJECT_TO_WAVE_DEPENDENCIES,NOT_READY
F259,Calibration,Assets,docs/03-modules/assets/features/F259-calibration.md,F259-CAP-001;F259-CAP-002;F259-CAP-003,F259-FLOW-001;F259-FLOW-002,F259-BR-001;F259-BR-002,F259-DATA-001;F259-DATA-002,F259-VAL-001;F259-VAL-002,F259-CALC-001,F259-UX-001;F259-UX-002;F259-UX-003,F259-SEC-001;F259-SEC-002,F259-INT-001;F259-INT-002,F259-API-001;F259-API-002,F259-E2E-001;F259-E2E-002,F259-UAT-001;F259-UAT-002,APPROVED,8,APPROVED,F259-PFC-01;F259-PFC-02;F259-PFC-03;F259-PFC-04;F259-PFC-05;F259-PFC-06;F259-PFC-07;F259-PFC-08;F259-PFC-09;F259-PFC-10,F259-STM-01;F259-STM-02;F259-STM-03;F259-STM-04;F259-STM-05,APPROVED,PFD-BM-F259-1;PFD-BM-F259-2,APPROVED,services/api/src/modules/assets,apps/web/src/modules/assets,READ_ONLY,W08,PVT-F259-CAP-001;PVT-F259-CAP-002;PVT-F259-CAP-003;TST-F259-FR-001;PVT-F259-FR-001;TST-F259-FR-002;PVT-F259-FR-002;TST-F259-FR-003;PVT-F259-FR-003;PVT-F259-US-001;PVT-F259-US-002;PVT-F259-FLOW-001;PVT-F259-FLOW-002;TST-F259-BR-001;PVT-F259-BR-001;TST-F259-BR-002;PVT-F259-BR-002;PVT-F259-DATA-001;PVT-F259-DATA-002;TST-F259-VAL-001;PVT-F259-VAL-001;TST-F259-VAL-002;PVT-F259-VAL-002;TST-F259-CALC-001;PVT-F259-CALC-001;PVT-F259-UX-001;PVT-F259-UX-002;PVT-F259-UX-003;TST-F259-SEC-001;PVT-F259-SEC-001;TST-F259-SEC-002;PVT-F259-SEC-002;PVT-F259-AUTO-001;PVT-F259-APP-001;PVT-F259-NOTIF-001;PVT-F259-REP-001;PVT-F259-AI-001;TST-F259-INT-001;PVT-F259-INT-001;TST-F259-INT-002;PVT-F259-INT-002;TST-F259-API-001;PVT-F259-API-001;TST-F259-API-002;PVT-F259-API-002;TST-F259-PERF-001;PVT-F259-PERF-001;TST-F259-OBS-001;PVT-F259-OBS-001;TST-F259-E2E-001;PVT-F259-E2E-001;TST-F259-E2E-002;PVT-F259-E2E-002;TST-F259-UAT-001;PVT-F259-UAT-001;TST-F259-UAT-002;PVT-F259-UAT-002,AUTHORIZED_BY_PASS_F_SUBJECT_TO_WAVE_DEPENDENCIES,NOT_READY
F260,Physical verification and audit,Assets,docs/03-modules/assets/features/F260-physical-verification-and-audit.md,F260-CAP-001;F260-CAP-002;F260-CAP-003,F260-FLOW-001;F260-FLOW-002,F260-BR-001;F260-BR-002,F260-DATA-001;F260-DATA-002,F260-VAL-001;F260-VAL-002,F260-CALC-001,F260-UX-001;F260-UX-002;F260-UX-003,F260-SEC-001;F260-SEC-002,F260-INT-001;F260-INT-002,F260-API-001;F260-API-002,F260-E2E-001;F260-E2E-002,F260-UAT-001;F260-UAT-002,APPROVED,8,APPROVED,F260-PFC-01;F260-PFC-02;F260-PFC-03;F260-PFC-04;F260-PFC-05;F260-PFC-06;F260-PFC-07;F260-PFC-08;F260-PFC-09;F260-PFC-10,F260-STM-01;F260-STM-02;F260-STM-03;F260-STM-04;F260-STM-05,APPROVED,PFD-BM-F260-1;PFD-BM-F260-2,APPROVED,services/api/src/modules/assets,apps/web/src/modules/assets,READ_ONLY,W08,PVT-F260-CAP-001;PVT-F260-CAP-002;PVT-F260-CAP-003;TST-F260-FR-001;PVT-F260-FR-001;TST-F260-FR-002;PVT-F260-FR-002;TST-F260-FR-003;PVT-F260-FR-003;PVT-F260-US-001;PVT-F260-US-002;PVT-F260-FLOW-001;PVT-F260-FLOW-002;TST-F260-BR-001;PVT-F260-BR-001;TST-F260-BR-002;PVT-F260-BR-002;PVT-F260-DATA-001;PVT-F260-DATA-002;TST-F260-VAL-001;PVT-F260-VAL-001;TST-F260-VAL-002;PVT-F260-VAL-002;TST-F260-CALC-001;PVT-F260-CALC-001;PVT-F260-UX-001;PVT-F260-UX-002;PVT-F260-UX-003;TST-F260-SEC-001;PVT-F260-SEC-001;TST-F260-SEC-002;PVT-F260-SEC-002;PVT-F260-AUTO-001;PVT-F260-APP-001;PVT-F260-NOTIF-001;PVT-F260-REP-001;PVT-F260-AI-001;TST-F260-INT-001;PVT-F260-INT-001;TST-F260-INT-002;PVT-F260-INT-002;TST-F260-API-001;PVT-F260-API-001;TST-F260-API-002;PVT-F260-API-002;TST-F260-PERF-001;PVT-F260-PERF-001;TST-F260-OBS-001;PVT-F260-OBS-001;TST-F260-E2E-001;PVT-F260-E2E-001;TST-F260-E2E-002;PVT-F260-E2E-002;TST-F260-UAT-001;PVT-F260-UAT-001;TST-F260-UAT-002;PVT-F260-UAT-002,AUTHORIZED_BY_PASS_F_SUBJECT_TO_WAVE_DEPENDENCIES,NOT_READY
F261,Barcode / QR identification,Assets,docs/03-modules/assets/features/F261-barcode-qr-identification.md,F261-CAP-001;F261-CAP-002;F261-CAP-003,F261-FLOW-001;F261-FLOW-002,F261-BR-001;F261-BR-002,F261-DATA-001;F261-DATA-002,F261-VAL-001;F261-VAL-002,F261-CALC-001,F261-UX-001;F261-UX-002;F261-UX-003,F261-SEC-001;F261-SEC-002,F261-INT-001;F261-INT-002,F261-API-001;F261-API-002,F261-E2E-001;F261-E2E-002,F261-UAT-001;F261-UAT-002,APPROVED,8,APPROVED,F261-PFC-01;F261-PFC-02;F261-PFC-03;F261-PFC-04;F261-PFC-05;F261-PFC-06;F261-PFC-07;F261-PFC-08;F261-PFC-09;F261-PFC-10,F261-STM-01;F261-STM-02;F261-STM-03;F261-STM-04;F261-STM-05,APPROVED,PFD-BM-F261-1;PFD-BM-F261-2,APPROVED,services/api/src/modules/assets,apps/web/src/modules/assets,FIELD_OPTIMIZED,W08,PVT-F261-CAP-001;PVT-F261-CAP-002;PVT-F261-CAP-003;TST-F261-FR-001;PVT-F261-FR-001;TST-F261-FR-002;PVT-F261-FR-002;TST-F261-FR-003;PVT-F261-FR-003;PVT-F261-US-001;PVT-F261-US-002;PVT-F261-FLOW-001;PVT-F261-FLOW-002;TST-F261-BR-001;PVT-F261-BR-001;TST-F261-BR-002;PVT-F261-BR-002;PVT-F261-DATA-001;PVT-F261-DATA-002;TST-F261-VAL-001;PVT-F261-VAL-001;TST-F261-VAL-002;PVT-F261-VAL-002;TST-F261-CALC-001;PVT-F261-CALC-001;PVT-F261-UX-001;PVT-F261-UX-002;PVT-F261-UX-003;TST-F261-SEC-001;PVT-F261-SEC-001;TST-F261-SEC-002;PVT-F261-SEC-002;PVT-F261-AUTO-001;PVT-F261-APP-001;PVT-F261-NOTIF-001;PVT-F261-REP-001;PVT-F261-AI-001;TST-F261-INT-001;PVT-F261-INT-001;TST-F261-INT-002;PVT-F261-INT-002;TST-F261-API-001;PVT-F261-API-001;TST-F261-API-002;PVT-F261-API-002;TST-F261-PERF-001;PVT-F261-PERF-001;TST-F261-OBS-001;PVT-F261-OBS-001;TST-F261-E2E-001;PVT-F261-E2E-001;TST-F261-E2E-002;PVT-F261-E2E-002;TST-F261-UAT-001;PVT-F261-UAT-001;TST-F261-UAT-002;PVT-F261-UAT-002,AUTHORIZED_BY_PASS_F_SUBJECT_TO_WAVE_DEPENDENCIES,NOT_READY
F262,Asset disposal,Assets,docs/03-modules/assets/features/F262-asset-disposal.md,F262-CAP-001;F262-CAP-002;F262-CAP-003,F262-FLOW-001;F262-FLOW-002,F262-BR-001;F262-BR-002,F262-DATA-001;F262-DATA-002,F262-VAL-001;F262-VAL-002,F262-CALC-001,F262-UX-001;F262-UX-002;F262-UX-003,F262-SEC-001;F262-SEC-002,F262-INT-001;F262-INT-002,F262-API-001;F262-API-002,F262-E2E-001;F262-E2E-002,F262-UAT-001;F262-UAT-002,APPROVED,8,APPROVED,F262-PFC-01;F262-PFC-02;F262-PFC-03;F262-PFC-04;F262-PFC-05;F262-PFC-06;F262-PFC-07;F262-PFC-08;F262-PFC-09;F262-PFC-10,F262-STM-01;F262-STM-02;F262-STM-03;F262-STM-04;F262-STM-05,APPROVED,PFD-BM-F262-1;PFD-BM-F262-2,APPROVED,services/api/src/modules/assets,apps/web/src/modules/assets,READ_ONLY,W08,PVT-F262-CAP-001;PVT-F262-CAP-002;PVT-F262-CAP-003;TST-F262-FR-001;PVT-F262-FR-001;TST-F262-FR-002;PVT-F262-FR-002;TST-F262-FR-003;PVT-F262-FR-003;PVT-F262-US-001;PVT-F262-US-002;PVT-F262-FLOW-001;PVT-F262-FLOW-002;TST-F262-BR-001;PVT-F262-BR-001;TST-F262-BR-002;PVT-F262-BR-002;PVT-F262-DATA-001;PVT-F262-DATA-002;TST-F262-VAL-001;PVT-F262-VAL-001;TST-F262-VAL-002;PVT-F262-VAL-002;TST-F262-CALC-001;PVT-F262-CALC-001;PVT-F262-UX-001;PVT-F262-UX-002;PVT-F262-UX-003;TST-F262-SEC-001;PVT-F262-SEC-001;TST-F262-SEC-002;PVT-F262-SEC-002;PVT-F262-AUTO-001;PVT-F262-APP-001;PVT-F262-NOTIF-001;PVT-F262-REP-001;PVT-F262-AI-001;TST-F262-INT-001;PVT-F262-INT-001;TST-F262-INT-002;PVT-F262-INT-002;TST-F262-API-001;PVT-F262-API-001;TST-F262-API-002;PVT-F262-API-002;TST-F262-PERF-001;PVT-F262-PERF-001;TST-F262-OBS-001;PVT-F262-OBS-001;TST-F262-E2E-001;PVT-F262-E2E-001;TST-F262-E2E-002;PVT-F262-E2E-002;TST-F262-UAT-001;PVT-F262-UAT-001;TST-F262-UAT-002;PVT-F262-UAT-002,AUTHORIZED_BY_PASS_F_SUBJECT_TO_WAVE_DEPENDENCIES,NOT_READY
F263,Asset sale,Assets,docs/03-modules/assets/features/F263-asset-sale.md,F263-CAP-001;F263-CAP-002;F263-CAP-003,F263-FLOW-001;F263-FLOW-002,F263-BR-001;F263-BR-002,F263-DATA-001;F263-DATA-002,F263-VAL-001;F263-VAL-002,F263-CALC-001,F263-UX-001;F263-UX-002;F263-UX-003,F263-SEC-001;F263-SEC-002,F263-INT-001;F263-INT-002,F263-API-001;F263-API-002,F263-E2E-001;F263-E2E-002,F263-UAT-001;F263-UAT-002,APPROVED,8,APPROVED,F263-PFC-01;F263-PFC-02;F263-PFC-03;F263-PFC-04;F263-PFC-05;F263-PFC-06;F263-PFC-07;F263-PFC-08;F263-PFC-09;F263-PFC-10,F263-STM-01;F263-STM-02;F263-STM-03;F263-STM-04;F263-STM-05,APPROVED,PFD-BM-F263-1;PFD-BM-F263-2,APPROVED,services/api/src/modules/assets,apps/web/src/modules/assets,READ_ONLY,W08,PVT-F263-CAP-001;PVT-F263-CAP-002;PVT-F263-CAP-003;TST-F263-FR-001;PVT-F263-FR-001;TST-F263-FR-002;PVT-F263-FR-002;TST-F263-FR-003;PVT-F263-FR-003;PVT-F263-US-001;PVT-F263-US-002;PVT-F263-FLOW-001;PVT-F263-FLOW-002;TST-F263-BR-001;PVT-F263-BR-001;TST-F263-BR-002;PVT-F263-BR-002;PVT-F263-DATA-001;PVT-F263-DATA-002;TST-F263-VAL-001;PVT-F263-VAL-001;TST-F263-VAL-002;PVT-F263-VAL-002;TST-F263-CALC-001;PVT-F263-CALC-001;PVT-F263-UX-001;PVT-F263-UX-002;PVT-F263-UX-003;TST-F263-SEC-001;PVT-F263-SEC-001;TST-F263-SEC-002;PVT-F263-SEC-002;PVT-F263-AUTO-001;PVT-F263-APP-001;PVT-F263-NOTIF-001;PVT-F263-REP-001;PVT-F263-AI-001;TST-F263-INT-001;PVT-F263-INT-001;TST-F263-INT-002;PVT-F263-INT-002;TST-F263-API-001;PVT-F263-API-001;TST-F263-API-002;PVT-F263-API-002;TST-F263-PERF-001;PVT-F263-PERF-001;TST-F263-OBS-001;PVT-F263-OBS-001;TST-F263-E2E-001;PVT-F263-E2E-001;TST-F263-E2E-002;PVT-F263-E2E-002;TST-F263-UAT-001;PVT-F263-UAT-001;TST-F263-UAT-002;PVT-F263-UAT-002,AUTHORIZED_BY_PASS_F_SUBJECT_TO_WAVE_DEPENDENCIES,NOT_READY
F264,Asset scrap,Assets,docs/03-modules/assets/features/F264-asset-scrap.md,F264-CAP-001;F264-CAP-002;F264-CAP-003,F264-FLOW-001;F264-FLOW-002,F264-BR-001;F264-BR-002,F264-DATA-001;F264-DATA-002,F264-VAL-001;F264-VAL-002,F264-CALC-001,F264-UX-001;F264-UX-002;F264-UX-003,F264-SEC-001;F264-SEC-002,F264-INT-001;F264-INT-002,F264-API-001;F264-API-002,F264-E2E-001;F264-E2E-002,F264-UAT-001;F264-UAT-002,APPROVED,8,APPROVED,F264-PFC-01;F264-PFC-02;F264-PFC-03;F264-PFC-04;F264-PFC-05;F264-PFC-06;F264-PFC-07;F264-PFC-08;F264-PFC-09;F264-PFC-10,F264-STM-01;F264-STM-02;F264-STM-03;F264-STM-04;F264-STM-05,APPROVED,PFD-BM-F264-1;PFD-BM-F264-2,APPROVED,services/api/src/modules/assets,apps/web/src/modules/assets,READ_ONLY,W08,PVT-F264-CAP-001;PVT-F264-CAP-002;PVT-F264-CAP-003;TST-F264-FR-001;PVT-F264-FR-001;TST-F264-FR-002;PVT-F264-FR-002;TST-F264-FR-003;PVT-F264-FR-003;PVT-F264-US-001;PVT-F264-US-002;PVT-F264-FLOW-001;PVT-F264-FLOW-002;TST-F264-BR-001;PVT-F264-BR-001;TST-F264-BR-002;PVT-F264-BR-002;PVT-F264-DATA-001;PVT-F264-DATA-002;TST-F264-VAL-001;PVT-F264-VAL-001;TST-F264-VAL-002;PVT-F264-VAL-002;TST-F264-CALC-001;PVT-F264-CALC-001;PVT-F264-UX-001;PVT-F264-UX-002;PVT-F264-UX-003;TST-F264-SEC-001;PVT-F264-SEC-001;TST-F264-SEC-002;PVT-F264-SEC-002;PVT-F264-AUTO-001;PVT-F264-APP-001;PVT-F264-NOTIF-001;PVT-F264-REP-001;PVT-F264-AI-001;TST-F264-INT-001;PVT-F264-INT-001;TST-F264-INT-002;PVT-F264-INT-002;TST-F264-API-001;PVT-F264-API-001;TST-F264-API-002;PVT-F264-API-002;TST-F264-PERF-001;PVT-F264-PERF-001;TST-F264-OBS-001;PVT-F264-OBS-001;TST-F264-E2E-001;PVT-F264-E2E-001;TST-F264-E2E-002;PVT-F264-E2E-002;TST-F264-UAT-001;PVT-F264-UAT-001;TST-F264-UAT-002;PVT-F264-UAT-002,AUTHORIZED_BY_PASS_F_SUBJECT_TO_WAVE_DEPENDENCIES,NOT_READY
F265,Gain / loss on disposal,Assets,docs/03-modules/assets/features/F265-gain-loss-on-disposal.md,F265-CAP-001;F265-CAP-002;F265-CAP-003,F265-FLOW-001;F265-FLOW-002,F265-BR-001;F265-BR-002,F265-DATA-001;F265-DATA-002,F265-VAL-001;F265-VAL-002,F265-CALC-001,F265-UX-001;F265-UX-002;F265-UX-003,F265-SEC-001;F265-SEC-002,F265-INT-001;F265-INT-002,F265-API-001;F265-API-002,F265-E2E-001;F265-E2E-002,F265-UAT-001;F265-UAT-002,APPROVED,8,APPROVED,F265-PFC-01;F265-PFC-02;F265-PFC-03;F265-PFC-04;F265-PFC-05;F265-PFC-06;F265-PFC-07;F265-PFC-08;F265-PFC-09;F265-PFC-10,F265-STM-01;F265-STM-02;F265-STM-03;F265-STM-04;F265-STM-05,APPROVED,PFD-BM-F265-1;PFD-BM-F265-2,APPROVED,services/api/src/modules/assets,apps/web/src/modules/assets,READ_ONLY,W08,PVT-F265-CAP-001;PVT-F265-CAP-002;PVT-F265-CAP-003;TST-F265-FR-001;PVT-F265-FR-001;TST-F265-FR-002;PVT-F265-FR-002;TST-F265-FR-003;PVT-F265-FR-003;PVT-F265-US-001;PVT-F265-US-002;PVT-F265-FLOW-001;PVT-F265-FLOW-002;TST-F265-BR-001;PVT-F265-BR-001;TST-F265-BR-002;PVT-F265-BR-002;PVT-F265-DATA-001;PVT-F265-DATA-002;TST-F265-VAL-001;PVT-F265-VAL-001;TST-F265-VAL-002;PVT-F265-VAL-002;TST-F265-CALC-001;PVT-F265-CALC-001;PVT-F265-UX-001;PVT-F265-UX-002;PVT-F265-UX-003;TST-F265-SEC-001;PVT-F265-SEC-001;TST-F265-SEC-002;PVT-F265-SEC-002;PVT-F265-AUTO-001;PVT-F265-APP-001;PVT-F265-NOTIF-001;PVT-F265-REP-001;PVT-F265-AI-001;TST-F265-INT-001;PVT-F265-INT-001;TST-F265-INT-002;PVT-F265-INT-002;TST-F265-API-001;PVT-F265-API-001;TST-F265-API-002;PVT-F265-API-002;TST-F265-PERF-001;PVT-F265-PERF-001;TST-F265-OBS-001;PVT-F265-OBS-001;TST-F265-E2E-001;PVT-F265-E2E-001;TST-F265-E2E-002;PVT-F265-E2E-002;TST-F265-UAT-001;PVT-F265-UAT-001;TST-F265-UAT-002;PVT-F265-UAT-002,AUTHORIZED_BY_PASS_F_SUBJECT_TO_WAVE_DEPENDENCIES,NOT_READY
F266,Asset accounting integration,Assets,docs/03-modules/assets/features/F266-asset-accounting-integration.md,F266-CAP-001;F266-CAP-002;F266-CAP-003,F266-FLOW-001;F266-FLOW-002,F266-BR-001;F266-BR-002,F266-DATA-001;F266-DATA-002,F266-VAL-001;F266-VAL-002,F266-CALC-001,F266-UX-001;F266-UX-002;F266-UX-003,F266-SEC-001;F266-SEC-002,F266-INT-001;F266-INT-002,F266-API-001;F266-API-002,F266-E2E-001;F266-E2E-002,F266-UAT-001;F266-UAT-002,APPROVED,8,APPROVED,F266-PFC-01;F266-PFC-02;F266-PFC-03;F266-PFC-04;F266-PFC-05;F266-PFC-06;F266-PFC-07;F266-PFC-08;F266-PFC-09;F266-PFC-10,F266-STM-01;F266-STM-02;F266-STM-03;F266-STM-04;F266-STM-05,APPROVED,PFD-BM-F266-1;PFD-BM-F266-2,APPROVED,services/api/src/modules/assets,apps/web/src/modules/assets,READ_ONLY,W08,PVT-F266-CAP-001;PVT-F266-CAP-002;PVT-F266-CAP-003;TST-F266-FR-001;PVT-F266-FR-001;TST-F266-FR-002;PVT-F266-FR-002;TST-F266-FR-003;PVT-F266-FR-003;PVT-F266-US-001;PVT-F266-US-002;PVT-F266-FLOW-001;PVT-F266-FLOW-002;TST-F266-BR-001;PVT-F266-BR-001;TST-F266-BR-002;PVT-F266-BR-002;PVT-F266-DATA-001;PVT-F266-DATA-002;TST-F266-VAL-001;PVT-F266-VAL-001;TST-F266-VAL-002;PVT-F266-VAL-002;TST-F266-CALC-001;PVT-F266-CALC-001;PVT-F266-UX-001;PVT-F266-UX-002;PVT-F266-UX-003;TST-F266-SEC-001;PVT-F266-SEC-001;TST-F266-SEC-002;PVT-F266-SEC-002;PVT-F266-AUTO-001;PVT-F266-APP-001;PVT-F266-NOTIF-001;PVT-F266-REP-001;PVT-F266-AI-001;TST-F266-INT-001;PVT-F266-INT-001;TST-F266-INT-002;PVT-F266-INT-002;TST-F266-API-001;PVT-F266-API-001;TST-F266-API-002;PVT-F266-API-002;TST-F266-PERF-001;PVT-F266-PERF-001;TST-F266-OBS-001;PVT-F266-OBS-001;TST-F266-E2E-001;PVT-F266-E2E-001;TST-F266-E2E-002;PVT-F266-E2E-002;TST-F266-UAT-001;PVT-F266-UAT-001;TST-F266-UAT-002;PVT-F266-UAT-002,AUTHORIZED_BY_PASS_F_SUBJECT_TO_WAVE_DEPENDENCIES,NOT_READY
F267,Asset reports,Assets,docs/03-modules/assets/features/F267-asset-reports.md,F267-CAP-001;F267-CAP-002;F267-CAP-003,F267-FLOW-001;F267-FLOW-002,F267-BR-001;F267-BR-002,F267-DATA-001;F267-DATA-002,F267-VAL-001;F267-VAL-002,F267-CALC-001,F267-UX-001;F267-UX-002;F267-UX-003,F267-SEC-001;F267-SEC-002,F267-INT-001;F267-INT-002,F267-API-001;F267-API-002,F267-E2E-001;F267-E2E-002,F267-UAT-001;F267-UAT-002,APPROVED,8,APPROVED,F267-PFC-01;F267-PFC-02;F267-PFC-03;F267-PFC-04;F267-PFC-05;F267-PFC-06;F267-PFC-07;F267-PFC-08;F267-PFC-09;F267-PFC-10,F267-STM-01;F267-STM-02;F267-STM-03;F267-STM-04;F267-STM-05,APPROVED,PFD-BM-F267-1;PFD-BM-F267-2,APPROVED,services/api/src/modules/assets,apps/web/src/modules/assets,READ_ONLY,W08,PVT-F267-CAP-001;PVT-F267-CAP-002;PVT-F267-CAP-003;TST-F267-FR-001;PVT-F267-FR-001;TST-F267-FR-002;PVT-F267-FR-002;TST-F267-FR-003;PVT-F267-FR-003;PVT-F267-US-001;PVT-F267-US-002;PVT-F267-FLOW-001;PVT-F267-FLOW-002;TST-F267-BR-001;PVT-F267-BR-001;TST-F267-BR-002;PVT-F267-BR-002;PVT-F267-DATA-001;PVT-F267-DATA-002;TST-F267-VAL-001;PVT-F267-VAL-001;TST-F267-VAL-002;PVT-F267-VAL-002;TST-F267-CALC-001;PVT-F267-CALC-001;PVT-F267-UX-001;PVT-F267-UX-002;PVT-F267-UX-003;TST-F267-SEC-001;PVT-F267-SEC-001;TST-F267-SEC-002;PVT-F267-SEC-002;PVT-F267-AUTO-001;PVT-F267-APP-001;PVT-F267-NOTIF-001;PVT-F267-REP-001;PVT-F267-AI-001;TST-F267-INT-001;PVT-F267-INT-001;TST-F267-INT-002;PVT-F267-INT-002;TST-F267-API-001;PVT-F267-API-001;TST-F267-API-002;PVT-F267-API-002;TST-F267-PERF-001;PVT-F267-PERF-001;TST-F267-OBS-001;PVT-F267-OBS-001;TST-F267-E2E-001;PVT-F267-E2E-001;TST-F267-E2E-002;PVT-F267-E2E-002;TST-F267-UAT-001;PVT-F267-UAT-001;TST-F267-UAT-002;PVT-F267-UAT-002,AUTHORIZED_BY_PASS_F_SUBJECT_TO_WAVE_DEPENDENCIES,NOT_READY
F268,Stores and outlets,Point of Sale,docs/03-modules/point-of-sale/features/F268-stores-and-outlets.md,F268-CAP-001;F268-CAP-002;F268-CAP-003,F268-FLOW-001;F268-FLOW-002,F268-BR-001;F268-BR-002,F268-DATA-001;F268-DATA-002,F268-VAL-001;F268-VAL-002,F268-CALC-001,F268-UX-001;F268-UX-002;F268-UX-003,F268-SEC-001;F268-SEC-002,F268-INT-001;F268-INT-002,F268-API-001;F268-API-002,F268-E2E-001;F268-E2E-002,F268-UAT-001;F268-UAT-002,APPROVED,8,APPROVED,F268-PFC-01;F268-PFC-02;F268-PFC-03;F268-PFC-04;F268-PFC-05;F268-PFC-06;F268-PFC-07;F268-PFC-08;F268-PFC-09;F268-PFC-10,F268-STM-01;F268-STM-02;F268-STM-03;F268-STM-04;F268-STM-05,APPROVED,PFD-BM-F268-1;PFD-BM-F268-2,APPROVED,services/api/src/modules/point-of-sale,apps/web/src/modules/point-of-sale,FULL,W09,F268-E2E-001;F268-UAT-001;PVT-F268-CAP-001;PVT-F268-CAP-002;PVT-F268-CAP-003;PVT-F268-FR-001;PVT-F268-FR-002;PVT-F268-FR-003;PVT-F268-US-001;PVT-F268-US-002;PVT-F268-FLOW-001;PVT-F268-FLOW-002;PVT-F268-BR-001;PVT-F268-BR-002;PVT-F268-DATA-001;PVT-F268-DATA-002;PVT-F268-VAL-001;PVT-F268-VAL-002;PVT-F268-CALC-001;PVT-F268-UX-001;PVT-F268-UX-002;PVT-F268-UX-003;PVT-F268-SEC-001;PVT-F268-SEC-002;PVT-F268-AUTO-001;PVT-F268-APP-001;PVT-F268-NOTIF-001;PVT-F268-REP-001;PVT-F268-AI-001;PVT-F268-INT-001;PVT-F268-INT-002;PVT-F268-API-001;PVT-F268-API-002;PVT-F268-PERF-001;PVT-F268-OBS-001;PVT-F268-E2E-001;PVT-F268-E2E-002;PVT-F268-UAT-001;PVT-F268-UAT-002,AUTHORIZED_BY_PASS_F_SUBJECT_TO_WAVE_DEPENDENCIES,NOT_READY
F269,POS terminals,Point of Sale,docs/03-modules/point-of-sale/features/F269-pos-terminals.md,F269-CAP-001;F269-CAP-002;F269-CAP-003,F269-FLOW-001;F269-FLOW-002,F269-BR-001;F269-BR-002,F269-DATA-001;F269-DATA-002,F269-VAL-001;F269-VAL-002,F269-CALC-001,F269-UX-001;F269-UX-002;F269-UX-003,F269-SEC-001;F269-SEC-002,F269-INT-001;F269-INT-002,F269-API-001;F269-API-002,F269-E2E-001;F269-E2E-002,F269-UAT-001;F269-UAT-002,APPROVED,8,APPROVED,F269-PFC-01;F269-PFC-02;F269-PFC-03;F269-PFC-04;F269-PFC-05;F269-PFC-06;F269-PFC-07;F269-PFC-08;F269-PFC-09;F269-PFC-10,F269-STM-01;F269-STM-02;F269-STM-03;F269-STM-04;F269-STM-05,APPROVED,PFD-BM-F269-1;PFD-BM-F269-2,APPROVED,services/api/src/modules/point-of-sale,apps/web/src/modules/point-of-sale,FULL,W09,F269-E2E-001;F269-UAT-001;PVT-F269-CAP-001;PVT-F269-CAP-002;PVT-F269-CAP-003;PVT-F269-FR-001;PVT-F269-FR-002;PVT-F269-FR-003;PVT-F269-US-001;PVT-F269-US-002;PVT-F269-FLOW-001;PVT-F269-FLOW-002;PVT-F269-BR-001;PVT-F269-BR-002;PVT-F269-DATA-001;PVT-F269-DATA-002;PVT-F269-VAL-001;PVT-F269-VAL-002;PVT-F269-CALC-001;PVT-F269-UX-001;PVT-F269-UX-002;PVT-F269-UX-003;PVT-F269-SEC-001;PVT-F269-SEC-002;PVT-F269-AUTO-001;PVT-F269-APP-001;PVT-F269-NOTIF-001;PVT-F269-REP-001;PVT-F269-AI-001;PVT-F269-INT-001;PVT-F269-INT-002;PVT-F269-API-001;PVT-F269-API-002;PVT-F269-PERF-001;PVT-F269-OBS-001;PVT-F269-E2E-001;PVT-F269-E2E-002;PVT-F269-UAT-001;PVT-F269-UAT-002,AUTHORIZED_BY_PASS_F_SUBJECT_TO_WAVE_DEPENDENCIES,NOT_READY
F270,Cashiers,Point of Sale,docs/03-modules/point-of-sale/features/F270-cashiers.md,F270-CAP-001;F270-CAP-002;F270-CAP-003,F270-FLOW-001;F270-FLOW-002,F270-BR-001;F270-BR-002,F270-DATA-001;F270-DATA-002,F270-VAL-001;F270-VAL-002,F270-CALC-001,F270-UX-001;F270-UX-002;F270-UX-003,F270-SEC-001;F270-SEC-002,F270-INT-001;F270-INT-002,F270-API-001;F270-API-002,F270-E2E-001;F270-E2E-002,F270-UAT-001;F270-UAT-002,APPROVED,8,APPROVED,F270-PFC-01;F270-PFC-02;F270-PFC-03;F270-PFC-04;F270-PFC-05;F270-PFC-06;F270-PFC-07;F270-PFC-08;F270-PFC-09;F270-PFC-10,F270-STM-01;F270-STM-02;F270-STM-03;F270-STM-04;F270-STM-05,APPROVED,PFD-BM-F270-1;PFD-BM-F270-2,APPROVED,services/api/src/modules/point-of-sale,apps/web/src/modules/point-of-sale,FULL,W09,F270-E2E-001;F270-UAT-001;PVT-F270-CAP-001;PVT-F270-CAP-002;PVT-F270-CAP-003;PVT-F270-FR-001;PVT-F270-FR-002;PVT-F270-FR-003;PVT-F270-US-001;PVT-F270-US-002;PVT-F270-FLOW-001;PVT-F270-FLOW-002;PVT-F270-BR-001;PVT-F270-BR-002;PVT-F270-DATA-001;PVT-F270-DATA-002;PVT-F270-VAL-001;PVT-F270-VAL-002;PVT-F270-CALC-001;PVT-F270-UX-001;PVT-F270-UX-002;PVT-F270-UX-003;PVT-F270-SEC-001;PVT-F270-SEC-002;PVT-F270-AUTO-001;PVT-F270-APP-001;PVT-F270-NOTIF-001;PVT-F270-REP-001;PVT-F270-AI-001;PVT-F270-INT-001;PVT-F270-INT-002;PVT-F270-API-001;PVT-F270-API-002;PVT-F270-PERF-001;PVT-F270-OBS-001;PVT-F270-E2E-001;PVT-F270-E2E-002;PVT-F270-UAT-001;PVT-F270-UAT-002,AUTHORIZED_BY_PASS_F_SUBJECT_TO_WAVE_DEPENDENCIES,NOT_READY
F271,Cashier permissions,Point of Sale,docs/03-modules/point-of-sale/features/F271-cashier-permissions.md,F271-CAP-001;F271-CAP-002;F271-CAP-003,F271-FLOW-001;F271-FLOW-002,F271-BR-001;F271-BR-002,F271-DATA-001;F271-DATA-002,F271-VAL-001;F271-VAL-002,F271-CALC-001,F271-UX-001;F271-UX-002;F271-UX-003,F271-SEC-001;F271-SEC-002,F271-INT-001;F271-INT-002,F271-API-001;F271-API-002,F271-E2E-001;F271-E2E-002,F271-UAT-001;F271-UAT-002,APPROVED,8,APPROVED,F271-PFC-01;F271-PFC-02;F271-PFC-03;F271-PFC-04;F271-PFC-05;F271-PFC-06;F271-PFC-07;F271-PFC-08;F271-PFC-09;F271-PFC-10,F271-STM-01;F271-STM-02;F271-STM-03;F271-STM-04;F271-STM-05,APPROVED,PFD-BM-F271-1;PFD-BM-F271-2,APPROVED,services/api/src/modules/point-of-sale,apps/web/src/modules/point-of-sale,FULL,W09,F271-E2E-001;F271-UAT-001;PVT-F271-CAP-001;PVT-F271-CAP-002;PVT-F271-CAP-003;PVT-F271-FR-001;PVT-F271-FR-002;PVT-F271-FR-003;PVT-F271-US-001;PVT-F271-US-002;PVT-F271-FLOW-001;PVT-F271-FLOW-002;PVT-F271-BR-001;PVT-F271-BR-002;PVT-F271-DATA-001;PVT-F271-DATA-002;PVT-F271-VAL-001;PVT-F271-VAL-002;PVT-F271-CALC-001;PVT-F271-UX-001;PVT-F271-UX-002;PVT-F271-UX-003;PVT-F271-SEC-001;PVT-F271-SEC-002;PVT-F271-AUTO-001;PVT-F271-APP-001;PVT-F271-NOTIF-001;PVT-F271-REP-001;PVT-F271-AI-001;PVT-F271-INT-001;PVT-F271-INT-002;PVT-F271-API-001;PVT-F271-API-002;PVT-F271-PERF-001;PVT-F271-OBS-001;PVT-F271-E2E-001;PVT-F271-E2E-002;PVT-F271-UAT-001;PVT-F271-UAT-002,AUTHORIZED_BY_PASS_F_SUBJECT_TO_WAVE_DEPENDENCIES,NOT_READY
F272,Product search,Point of Sale,docs/03-modules/point-of-sale/features/F272-product-search.md,F272-CAP-001;F272-CAP-002;F272-CAP-003,F272-FLOW-001;F272-FLOW-002,F272-BR-001;F272-BR-002,F272-DATA-001;F272-DATA-002,F272-VAL-001;F272-VAL-002,F272-CALC-001,F272-UX-001;F272-UX-002;F272-UX-003,F272-SEC-001;F272-SEC-002,F272-INT-001;F272-INT-002,F272-API-001;F272-API-002,F272-E2E-001;F272-E2E-002,F272-UAT-001;F272-UAT-002,APPROVED,8,APPROVED,F272-PFC-01;F272-PFC-02;F272-PFC-03;F272-PFC-04;F272-PFC-05;F272-PFC-06;F272-PFC-07;F272-PFC-08;F272-PFC-09;F272-PFC-10,F272-STM-01;F272-STM-02;F272-STM-03;F272-STM-04;F272-STM-05,APPROVED,PFD-BM-F272-1;PFD-BM-F272-2,APPROVED,services/api/src/modules/point-of-sale,apps/web/src/modules/point-of-sale,FULL,W09,F272-E2E-001;F272-UAT-001;PVT-F272-CAP-001;PVT-F272-CAP-002;PVT-F272-CAP-003;PVT-F272-FR-001;PVT-F272-FR-002;PVT-F272-FR-003;PVT-F272-US-001;PVT-F272-US-002;PVT-F272-FLOW-001;PVT-F272-FLOW-002;PVT-F272-BR-001;PVT-F272-BR-002;PVT-F272-DATA-001;PVT-F272-DATA-002;PVT-F272-VAL-001;PVT-F272-VAL-002;PVT-F272-CALC-001;PVT-F272-UX-001;PVT-F272-UX-002;PVT-F272-UX-003;PVT-F272-SEC-001;PVT-F272-SEC-002;PVT-F272-AUTO-001;PVT-F272-APP-001;PVT-F272-NOTIF-001;PVT-F272-REP-001;PVT-F272-AI-001;PVT-F272-INT-001;PVT-F272-INT-002;PVT-F272-API-001;PVT-F272-API-002;PVT-F272-PERF-001;PVT-F272-OBS-001;PVT-F272-E2E-001;PVT-F272-E2E-002;PVT-F272-UAT-001;PVT-F272-UAT-002,AUTHORIZED_BY_PASS_F_SUBJECT_TO_WAVE_DEPENDENCIES,NOT_READY
F273,Barcode scanning,Point of Sale,docs/03-modules/point-of-sale/features/F273-barcode-scanning.md,F273-CAP-001;F273-CAP-002;F273-CAP-003,F273-FLOW-001;F273-FLOW-002,F273-BR-001;F273-BR-002,F273-DATA-001;F273-DATA-002,F273-VAL-001;F273-VAL-002,F273-CALC-001,F273-UX-001;F273-UX-002;F273-UX-003,F273-SEC-001;F273-SEC-002,F273-INT-001;F273-INT-002,F273-API-001;F273-API-002,F273-E2E-001;F273-E2E-002,F273-UAT-001;F273-UAT-002,APPROVED,8,APPROVED,F273-PFC-01;F273-PFC-02;F273-PFC-03;F273-PFC-04;F273-PFC-05;F273-PFC-06;F273-PFC-07;F273-PFC-08;F273-PFC-09;F273-PFC-10,F273-STM-01;F273-STM-02;F273-STM-03;F273-STM-04;F273-STM-05,APPROVED,PFD-BM-F273-1;PFD-BM-F273-2,APPROVED,services/api/src/modules/point-of-sale,apps/web/src/modules/point-of-sale,FULL,W09,F273-E2E-001;F273-UAT-001;PVT-F273-CAP-001;PVT-F273-CAP-002;PVT-F273-CAP-003;PVT-F273-FR-001;PVT-F273-FR-002;PVT-F273-FR-003;PVT-F273-US-001;PVT-F273-US-002;PVT-F273-FLOW-001;PVT-F273-FLOW-002;PVT-F273-BR-001;PVT-F273-BR-002;PVT-F273-DATA-001;PVT-F273-DATA-002;PVT-F273-VAL-001;PVT-F273-VAL-002;PVT-F273-CALC-001;PVT-F273-UX-001;PVT-F273-UX-002;PVT-F273-UX-003;PVT-F273-SEC-001;PVT-F273-SEC-002;PVT-F273-AUTO-001;PVT-F273-APP-001;PVT-F273-NOTIF-001;PVT-F273-REP-001;PVT-F273-AI-001;PVT-F273-INT-001;PVT-F273-INT-002;PVT-F273-API-001;PVT-F273-API-002;PVT-F273-PERF-001;PVT-F273-OBS-001;PVT-F273-E2E-001;PVT-F273-E2E-002;PVT-F273-UAT-001;PVT-F273-UAT-002,AUTHORIZED_BY_PASS_F_SUBJECT_TO_WAVE_DEPENDENCIES,NOT_READY
F274,Product variants,Point of Sale,docs/03-modules/point-of-sale/features/F274-product-variants.md,F274-CAP-001;F274-CAP-002;F274-CAP-003,F274-FLOW-001;F274-FLOW-002,F274-BR-001;F274-BR-002,F274-DATA-001;F274-DATA-002,F274-VAL-001;F274-VAL-002,F274-CALC-001,F274-UX-001;F274-UX-002;F274-UX-003,F274-SEC-001;F274-SEC-002,F274-INT-001;F274-INT-002,F274-API-001;F274-API-002,F274-E2E-001;F274-E2E-002,F274-UAT-001;F274-UAT-002,APPROVED,8,APPROVED,F274-PFC-01;F274-PFC-02;F274-PFC-03;F274-PFC-04;F274-PFC-05;F274-PFC-06;F274-PFC-07;F274-PFC-08;F274-PFC-09;F274-PFC-10,F274-STM-01;F274-STM-02;F274-STM-03;F274-STM-04;F274-STM-05,APPROVED,PFD-BM-F274-1;PFD-BM-F274-2,APPROVED,services/api/src/modules/point-of-sale,apps/web/src/modules/point-of-sale,FULL,W09,F274-E2E-001;F274-UAT-001;PVT-F274-CAP-001;PVT-F274-CAP-002;PVT-F274-CAP-003;PVT-F274-FR-001;PVT-F274-FR-002;PVT-F274-FR-003;PVT-F274-US-001;PVT-F274-US-002;PVT-F274-FLOW-001;PVT-F274-FLOW-002;PVT-F274-BR-001;PVT-F274-BR-002;PVT-F274-DATA-001;PVT-F274-DATA-002;PVT-F274-VAL-001;PVT-F274-VAL-002;PVT-F274-CALC-001;PVT-F274-UX-001;PVT-F274-UX-002;PVT-F274-UX-003;PVT-F274-SEC-001;PVT-F274-SEC-002;PVT-F274-AUTO-001;PVT-F274-APP-001;PVT-F274-NOTIF-001;PVT-F274-REP-001;PVT-F274-AI-001;PVT-F274-INT-001;PVT-F274-INT-002;PVT-F274-API-001;PVT-F274-API-002;PVT-F274-PERF-001;PVT-F274-OBS-001;PVT-F274-E2E-001;PVT-F274-E2E-002;PVT-F274-UAT-001;PVT-F274-UAT-002,AUTHORIZED_BY_PASS_F_SUBJECT_TO_WAVE_DEPENDENCIES,NOT_READY
F275,Price lists,Point of Sale,docs/03-modules/point-of-sale/features/F275-price-lists.md,F275-CAP-001;F275-CAP-002;F275-CAP-003,F275-FLOW-001;F275-FLOW-002,F275-BR-001;F275-BR-002,F275-DATA-001;F275-DATA-002,F275-VAL-001;F275-VAL-002,F275-CALC-001,F275-UX-001;F275-UX-002;F275-UX-003,F275-SEC-001;F275-SEC-002,F275-INT-001;F275-INT-002,F275-API-001;F275-API-002,F275-E2E-001;F275-E2E-002,F275-UAT-001;F275-UAT-002,APPROVED,8,APPROVED,F275-PFC-01;F275-PFC-02;F275-PFC-03;F275-PFC-04;F275-PFC-05;F275-PFC-06;F275-PFC-07;F275-PFC-08;F275-PFC-09;F275-PFC-10,F275-STM-01;F275-STM-02;F275-STM-03;F275-STM-04;F275-STM-05,APPROVED,PFD-BM-F275-1;PFD-BM-F275-2,APPROVED,services/api/src/modules/point-of-sale,apps/web/src/modules/point-of-sale,FULL,W09,F275-E2E-001;F275-UAT-001;PVT-F275-CAP-001;PVT-F275-CAP-002;PVT-F275-CAP-003;PVT-F275-FR-001;PVT-F275-FR-002;PVT-F275-FR-003;PVT-F275-US-001;PVT-F275-US-002;PVT-F275-FLOW-001;PVT-F275-FLOW-002;PVT-F275-BR-001;PVT-F275-BR-002;PVT-F275-DATA-001;PVT-F275-DATA-002;PVT-F275-VAL-001;PVT-F275-VAL-002;PVT-F275-CALC-001;PVT-F275-UX-001;PVT-F275-UX-002;PVT-F275-UX-003;PVT-F275-SEC-001;PVT-F275-SEC-002;PVT-F275-AUTO-001;PVT-F275-APP-001;PVT-F275-NOTIF-001;PVT-F275-REP-001;PVT-F275-AI-001;PVT-F275-INT-001;PVT-F275-INT-002;PVT-F275-API-001;PVT-F275-API-002;PVT-F275-PERF-001;PVT-F275-OBS-001;PVT-F275-E2E-001;PVT-F275-E2E-002;PVT-F275-UAT-001;PVT-F275-UAT-002,AUTHORIZED_BY_PASS_F_SUBJECT_TO_WAVE_DEPENDENCIES,NOT_READY
F276,Customer selection,Point of Sale,docs/03-modules/point-of-sale/features/F276-customer-selection.md,F276-CAP-001;F276-CAP-002;F276-CAP-003,F276-FLOW-001;F276-FLOW-002,F276-BR-001;F276-BR-002,F276-DATA-001;F276-DATA-002,F276-VAL-001;F276-VAL-002,F276-CALC-001,F276-UX-001;F276-UX-002;F276-UX-003,F276-SEC-001;F276-SEC-002,F276-INT-001;F276-INT-002,F276-API-001;F276-API-002,F276-E2E-001;F276-E2E-002,F276-UAT-001;F276-UAT-002,APPROVED,8,APPROVED,F276-PFC-01;F276-PFC-02;F276-PFC-03;F276-PFC-04;F276-PFC-05;F276-PFC-06;F276-PFC-07;F276-PFC-08;F276-PFC-09;F276-PFC-10,F276-STM-01;F276-STM-02;F276-STM-03;F276-STM-04;F276-STM-05,APPROVED,PFD-BM-F276-1;PFD-BM-F276-2,APPROVED,services/api/src/modules/point-of-sale,apps/web/src/modules/point-of-sale,FULL,W09,F276-E2E-001;F276-UAT-001;PVT-F276-CAP-001;PVT-F276-CAP-002;PVT-F276-CAP-003;PVT-F276-FR-001;PVT-F276-FR-002;PVT-F276-FR-003;PVT-F276-US-001;PVT-F276-US-002;PVT-F276-FLOW-001;PVT-F276-FLOW-002;PVT-F276-BR-001;PVT-F276-BR-002;PVT-F276-DATA-001;PVT-F276-DATA-002;PVT-F276-VAL-001;PVT-F276-VAL-002;PVT-F276-CALC-001;PVT-F276-UX-001;PVT-F276-UX-002;PVT-F276-UX-003;PVT-F276-SEC-001;PVT-F276-SEC-002;PVT-F276-AUTO-001;PVT-F276-APP-001;PVT-F276-NOTIF-001;PVT-F276-REP-001;PVT-F276-AI-001;PVT-F276-INT-001;PVT-F276-INT-002;PVT-F276-API-001;PVT-F276-API-002;PVT-F276-PERF-001;PVT-F276-OBS-001;PVT-F276-E2E-001;PVT-F276-E2E-002;PVT-F276-UAT-001;PVT-F276-UAT-002,AUTHORIZED_BY_PASS_F_SUBJECT_TO_WAVE_DEPENDENCIES,NOT_READY
F277,Cart,Point of Sale,docs/03-modules/point-of-sale/features/F277-cart.md,F277-CAP-001;F277-CAP-002;F277-CAP-003,F277-FLOW-001;F277-FLOW-002,F277-BR-001;F277-BR-002,F277-DATA-001;F277-DATA-002,F277-VAL-001;F277-VAL-002,F277-CALC-001,F277-UX-001;F277-UX-002;F277-UX-003,F277-SEC-001;F277-SEC-002,F277-INT-001;F277-INT-002,F277-API-001;F277-API-002,F277-E2E-001;F277-E2E-002,F277-UAT-001;F277-UAT-002,APPROVED,8,APPROVED,F277-PFC-01;F277-PFC-02;F277-PFC-03;F277-PFC-04;F277-PFC-05;F277-PFC-06;F277-PFC-07;F277-PFC-08;F277-PFC-09;F277-PFC-10,F277-STM-01;F277-STM-02;F277-STM-03;F277-STM-04;F277-STM-05,APPROVED,PFD-BM-F277-1;PFD-BM-F277-2,APPROVED,services/api/src/modules/point-of-sale,apps/web/src/modules/point-of-sale,FULL,W09,F277-E2E-001;F277-UAT-001;PVT-F277-CAP-001;PVT-F277-CAP-002;PVT-F277-CAP-003;PVT-F277-FR-001;PVT-F277-FR-002;PVT-F277-FR-003;PVT-F277-US-001;PVT-F277-US-002;PVT-F277-FLOW-001;PVT-F277-FLOW-002;PVT-F277-BR-001;PVT-F277-BR-002;PVT-F277-DATA-001;PVT-F277-DATA-002;PVT-F277-VAL-001;PVT-F277-VAL-002;PVT-F277-CALC-001;PVT-F277-UX-001;PVT-F277-UX-002;PVT-F277-UX-003;PVT-F277-SEC-001;PVT-F277-SEC-002;PVT-F277-AUTO-001;PVT-F277-APP-001;PVT-F277-NOTIF-001;PVT-F277-REP-001;PVT-F277-AI-001;PVT-F277-INT-001;PVT-F277-INT-002;PVT-F277-API-001;PVT-F277-API-002;PVT-F277-PERF-001;PVT-F277-OBS-001;PVT-F277-E2E-001;PVT-F277-E2E-002;PVT-F277-UAT-001;PVT-F277-UAT-002,AUTHORIZED_BY_PASS_F_SUBJECT_TO_WAVE_DEPENDENCIES,NOT_READY
F278,Taxes,Point of Sale,docs/03-modules/point-of-sale/features/F278-taxes.md,F278-CAP-001;F278-CAP-002;F278-CAP-003,F278-FLOW-001;F278-FLOW-002,F278-BR-001;F278-BR-002,F278-DATA-001;F278-DATA-002,F278-VAL-001;F278-VAL-002,F278-CALC-001,F278-UX-001;F278-UX-002;F278-UX-003,F278-SEC-001;F278-SEC-002,F278-INT-001;F278-INT-002,F278-API-001;F278-API-002,F278-E2E-001;F278-E2E-002,F278-UAT-001;F278-UAT-002,APPROVED,8,APPROVED,F278-PFC-01;F278-PFC-02;F278-PFC-03;F278-PFC-04;F278-PFC-05;F278-PFC-06;F278-PFC-07;F278-PFC-08;F278-PFC-09;F278-PFC-10,F278-STM-01;F278-STM-02;F278-STM-03;F278-STM-04;F278-STM-05,APPROVED,PFD-BM-F278-1;PFD-BM-F278-2,APPROVED,services/api/src/modules/point-of-sale,apps/web/src/modules/point-of-sale,FULL,W09,F278-E2E-001;F278-UAT-001;PVT-F278-CAP-001;PVT-F278-CAP-002;PVT-F278-CAP-003;PVT-F278-FR-001;PVT-F278-FR-002;PVT-F278-FR-003;PVT-F278-US-001;PVT-F278-US-002;PVT-F278-FLOW-001;PVT-F278-FLOW-002;PVT-F278-BR-001;PVT-F278-BR-002;PVT-F278-DATA-001;PVT-F278-DATA-002;PVT-F278-VAL-001;PVT-F278-VAL-002;PVT-F278-CALC-001;PVT-F278-UX-001;PVT-F278-UX-002;PVT-F278-UX-003;PVT-F278-SEC-001;PVT-F278-SEC-002;PVT-F278-AUTO-001;PVT-F278-APP-001;PVT-F278-NOTIF-001;PVT-F278-REP-001;PVT-F278-AI-001;PVT-F278-INT-001;PVT-F278-INT-002;PVT-F278-API-001;PVT-F278-API-002;PVT-F278-PERF-001;PVT-F278-OBS-001;PVT-F278-E2E-001;PVT-F278-E2E-002;PVT-F278-UAT-001;PVT-F278-UAT-002,AUTHORIZED_BY_PASS_F_SUBJECT_TO_WAVE_DEPENDENCIES,NOT_READY
F279,Discounts,Point of Sale,docs/03-modules/point-of-sale/features/F279-discounts.md,F279-CAP-001;F279-CAP-002;F279-CAP-003,F279-FLOW-001;F279-FLOW-002,F279-BR-001;F279-BR-002,F279-DATA-001;F279-DATA-002,F279-VAL-001;F279-VAL-002,F279-CALC-001,F279-UX-001;F279-UX-002;F279-UX-003,F279-SEC-001;F279-SEC-002,F279-INT-001;F279-INT-002,F279-API-001;F279-API-002,F279-E2E-001;F279-E2E-002,F279-UAT-001;F279-UAT-002,APPROVED,8,APPROVED,F279-PFC-01;F279-PFC-02;F279-PFC-03;F279-PFC-04;F279-PFC-05;F279-PFC-06;F279-PFC-07;F279-PFC-08;F279-PFC-09;F279-PFC-10,F279-STM-01;F279-STM-02;F279-STM-03;F279-STM-04;F279-STM-05,APPROVED,PFD-BM-F279-1;PFD-BM-F279-2,APPROVED,services/api/src/modules/point-of-sale,apps/web/src/modules/point-of-sale,FULL,W09,F279-E2E-001;F279-UAT-001;PVT-F279-CAP-001;PVT-F279-CAP-002;PVT-F279-CAP-003;PVT-F279-FR-001;PVT-F279-FR-002;PVT-F279-FR-003;PVT-F279-US-001;PVT-F279-US-002;PVT-F279-FLOW-001;PVT-F279-FLOW-002;PVT-F279-BR-001;PVT-F279-BR-002;PVT-F279-DATA-001;PVT-F279-DATA-002;PVT-F279-VAL-001;PVT-F279-VAL-002;PVT-F279-CALC-001;PVT-F279-UX-001;PVT-F279-UX-002;PVT-F279-UX-003;PVT-F279-SEC-001;PVT-F279-SEC-002;PVT-F279-AUTO-001;PVT-F279-APP-001;PVT-F279-NOTIF-001;PVT-F279-REP-001;PVT-F279-AI-001;PVT-F279-INT-001;PVT-F279-INT-002;PVT-F279-API-001;PVT-F279-API-002;PVT-F279-PERF-001;PVT-F279-OBS-001;PVT-F279-E2E-001;PVT-F279-E2E-002;PVT-F279-UAT-001;PVT-F279-UAT-002,AUTHORIZED_BY_PASS_F_SUBJECT_TO_WAVE_DEPENDENCIES,NOT_READY
F280,Promotions,Point of Sale,docs/03-modules/point-of-sale/features/F280-promotions.md,F280-CAP-001;F280-CAP-002;F280-CAP-003,F280-FLOW-001;F280-FLOW-002,F280-BR-001;F280-BR-002,F280-DATA-001;F280-DATA-002,F280-VAL-001;F280-VAL-002,F280-CALC-001,F280-UX-001;F280-UX-002;F280-UX-003,F280-SEC-001;F280-SEC-002,F280-INT-001;F280-INT-002,F280-API-001;F280-API-002,F280-E2E-001;F280-E2E-002,F280-UAT-001;F280-UAT-002,APPROVED,8,APPROVED,F280-PFC-01;F280-PFC-02;F280-PFC-03;F280-PFC-04;F280-PFC-05;F280-PFC-06;F280-PFC-07;F280-PFC-08;F280-PFC-09;F280-PFC-10,F280-STM-01;F280-STM-02;F280-STM-03;F280-STM-04;F280-STM-05,APPROVED,PFD-BM-F280-1;PFD-BM-F280-2,APPROVED,services/api/src/modules/point-of-sale,apps/web/src/modules/point-of-sale,FULL,W09,F280-E2E-001;F280-UAT-001;PVT-F280-CAP-001;PVT-F280-CAP-002;PVT-F280-CAP-003;PVT-F280-FR-001;PVT-F280-FR-002;PVT-F280-FR-003;PVT-F280-US-001;PVT-F280-US-002;PVT-F280-FLOW-001;PVT-F280-FLOW-002;PVT-F280-BR-001;PVT-F280-BR-002;PVT-F280-DATA-001;PVT-F280-DATA-002;PVT-F280-VAL-001;PVT-F280-VAL-002;PVT-F280-CALC-001;PVT-F280-UX-001;PVT-F280-UX-002;PVT-F280-UX-003;PVT-F280-SEC-001;PVT-F280-SEC-002;PVT-F280-AUTO-001;PVT-F280-APP-001;PVT-F280-NOTIF-001;PVT-F280-REP-001;PVT-F280-AI-001;PVT-F280-INT-001;PVT-F280-INT-002;PVT-F280-API-001;PVT-F280-API-002;PVT-F280-PERF-001;PVT-F280-OBS-001;PVT-F280-E2E-001;PVT-F280-E2E-002;PVT-F280-UAT-001;PVT-F280-UAT-002,AUTHORIZED_BY_PASS_F_SUBJECT_TO_WAVE_DEPENDENCIES,NOT_READY
F281,Coupons,Point of Sale,docs/03-modules/point-of-sale/features/F281-coupons.md,F281-CAP-001;F281-CAP-002;F281-CAP-003,F281-FLOW-001;F281-FLOW-002,F281-BR-001;F281-BR-002,F281-DATA-001;F281-DATA-002,F281-VAL-001;F281-VAL-002,F281-CALC-001,F281-UX-001;F281-UX-002;F281-UX-003,F281-SEC-001;F281-SEC-002,F281-INT-001;F281-INT-002,F281-API-001;F281-API-002,F281-E2E-001;F281-E2E-002,F281-UAT-001;F281-UAT-002,APPROVED,8,APPROVED,F281-PFC-01;F281-PFC-02;F281-PFC-03;F281-PFC-04;F281-PFC-05;F281-PFC-06;F281-PFC-07;F281-PFC-08;F281-PFC-09;F281-PFC-10,F281-STM-01;F281-STM-02;F281-STM-03;F281-STM-04;F281-STM-05,APPROVED,PFD-BM-F281-1;PFD-BM-F281-2,APPROVED,services/api/src/modules/point-of-sale,apps/web/src/modules/point-of-sale,FULL,W09,F281-E2E-001;F281-UAT-001;PVT-F281-CAP-001;PVT-F281-CAP-002;PVT-F281-CAP-003;PVT-F281-FR-001;PVT-F281-FR-002;PVT-F281-FR-003;PVT-F281-US-001;PVT-F281-US-002;PVT-F281-FLOW-001;PVT-F281-FLOW-002;PVT-F281-BR-001;PVT-F281-BR-002;PVT-F281-DATA-001;PVT-F281-DATA-002;PVT-F281-VAL-001;PVT-F281-VAL-002;PVT-F281-CALC-001;PVT-F281-UX-001;PVT-F281-UX-002;PVT-F281-UX-003;PVT-F281-SEC-001;PVT-F281-SEC-002;PVT-F281-AUTO-001;PVT-F281-APP-001;PVT-F281-NOTIF-001;PVT-F281-REP-001;PVT-F281-AI-001;PVT-F281-INT-001;PVT-F281-INT-002;PVT-F281-API-001;PVT-F281-API-002;PVT-F281-PERF-001;PVT-F281-OBS-001;PVT-F281-E2E-001;PVT-F281-E2E-002;PVT-F281-UAT-001;PVT-F281-UAT-002,AUTHORIZED_BY_PASS_F_SUBJECT_TO_WAVE_DEPENDENCIES,NOT_READY
F282,Cash payments,Point of Sale,docs/03-modules/point-of-sale/features/F282-cash-payments.md,F282-CAP-001;F282-CAP-002;F282-CAP-003,F282-FLOW-001;F282-FLOW-002,F282-BR-001;F282-BR-002,F282-DATA-001;F282-DATA-002,F282-VAL-001;F282-VAL-002,F282-CALC-001,F282-UX-001;F282-UX-002;F282-UX-003,F282-SEC-001;F282-SEC-002,F282-INT-001;F282-INT-002,F282-API-001;F282-API-002,F282-E2E-001;F282-E2E-002,F282-UAT-001;F282-UAT-002,APPROVED,8,APPROVED,F282-PFC-01;F282-PFC-02;F282-PFC-03;F282-PFC-04;F282-PFC-05;F282-PFC-06;F282-PFC-07;F282-PFC-08;F282-PFC-09;F282-PFC-10,F282-STM-01;F282-STM-02;F282-STM-03;F282-STM-04;F282-STM-05,APPROVED,PFD-BM-F282-1;PFD-BM-F282-2,APPROVED,services/api/src/modules/point-of-sale,apps/web/src/modules/point-of-sale,FULL,W09,F282-E2E-001;F282-UAT-001;PVT-F282-CAP-001;PVT-F282-CAP-002;PVT-F282-CAP-003;PVT-F282-FR-001;PVT-F282-FR-002;PVT-F282-FR-003;PVT-F282-US-001;PVT-F282-US-002;PVT-F282-FLOW-001;PVT-F282-FLOW-002;PVT-F282-BR-001;PVT-F282-BR-002;PVT-F282-DATA-001;PVT-F282-DATA-002;PVT-F282-VAL-001;PVT-F282-VAL-002;PVT-F282-CALC-001;PVT-F282-UX-001;PVT-F282-UX-002;PVT-F282-UX-003;PVT-F282-SEC-001;PVT-F282-SEC-002;PVT-F282-AUTO-001;PVT-F282-APP-001;PVT-F282-NOTIF-001;PVT-F282-REP-001;PVT-F282-AI-001;PVT-F282-INT-001;PVT-F282-INT-002;PVT-F282-API-001;PVT-F282-API-002;PVT-F282-PERF-001;PVT-F282-OBS-001;PVT-F282-E2E-001;PVT-F282-E2E-002;PVT-F282-UAT-001;PVT-F282-UAT-002,AUTHORIZED_BY_PASS_F_SUBJECT_TO_WAVE_DEPENDENCIES,NOT_READY
F283,Card payments,Point of Sale,docs/03-modules/point-of-sale/features/F283-card-payments.md,F283-CAP-001;F283-CAP-002;F283-CAP-003,F283-FLOW-001;F283-FLOW-002,F283-BR-001;F283-BR-002,F283-DATA-001;F283-DATA-002,F283-VAL-001;F283-VAL-002,F283-CALC-001,F283-UX-001;F283-UX-002;F283-UX-003,F283-SEC-001;F283-SEC-002,F283-INT-001;F283-INT-002,F283-API-001;F283-API-002,F283-E2E-001;F283-E2E-002,F283-UAT-001;F283-UAT-002,APPROVED,8,APPROVED,F283-PFC-01;F283-PFC-02;F283-PFC-03;F283-PFC-04;F283-PFC-05;F283-PFC-06;F283-PFC-07;F283-PFC-08;F283-PFC-09;F283-PFC-10,F283-STM-01;F283-STM-02;F283-STM-03;F283-STM-04;F283-STM-05,APPROVED,PFD-BM-F283-1;PFD-BM-F283-2,APPROVED,services/api/src/modules/point-of-sale,apps/web/src/modules/point-of-sale,FULL,W09,F283-E2E-001;F283-UAT-001;PVT-F283-CAP-001;PVT-F283-CAP-002;PVT-F283-CAP-003;PVT-F283-FR-001;PVT-F283-FR-002;PVT-F283-FR-003;PVT-F283-US-001;PVT-F283-US-002;PVT-F283-FLOW-001;PVT-F283-FLOW-002;PVT-F283-BR-001;PVT-F283-BR-002;PVT-F283-DATA-001;PVT-F283-DATA-002;PVT-F283-VAL-001;PVT-F283-VAL-002;PVT-F283-CALC-001;PVT-F283-UX-001;PVT-F283-UX-002;PVT-F283-UX-003;PVT-F283-SEC-001;PVT-F283-SEC-002;PVT-F283-AUTO-001;PVT-F283-APP-001;PVT-F283-NOTIF-001;PVT-F283-REP-001;PVT-F283-AI-001;PVT-F283-INT-001;PVT-F283-INT-002;PVT-F283-API-001;PVT-F283-API-002;PVT-F283-PERF-001;PVT-F283-OBS-001;PVT-F283-E2E-001;PVT-F283-E2E-002;PVT-F283-UAT-001;PVT-F283-UAT-002,AUTHORIZED_BY_PASS_F_SUBJECT_TO_WAVE_DEPENDENCIES,NOT_READY
F284,UPI and digital payments,Point of Sale,docs/03-modules/point-of-sale/features/F284-upi-and-digital-payments.md,F284-CAP-001;F284-CAP-002;F284-CAP-003,F284-FLOW-001;F284-FLOW-002,F284-BR-001;F284-BR-002,F284-DATA-001;F284-DATA-002,F284-VAL-001;F284-VAL-002,F284-CALC-001,F284-UX-001;F284-UX-002;F284-UX-003,F284-SEC-001;F284-SEC-002,F284-INT-001;F284-INT-002,F284-API-001;F284-API-002,F284-E2E-001;F284-E2E-002,F284-UAT-001;F284-UAT-002,APPROVED,8,APPROVED,F284-PFC-01;F284-PFC-02;F284-PFC-03;F284-PFC-04;F284-PFC-05;F284-PFC-06;F284-PFC-07;F284-PFC-08;F284-PFC-09;F284-PFC-10,F284-STM-01;F284-STM-02;F284-STM-03;F284-STM-04;F284-STM-05,APPROVED,PFD-BM-F284-1;PFD-BM-F284-2,APPROVED,services/api/src/modules/point-of-sale,apps/web/src/modules/point-of-sale,FULL,W09,F284-E2E-001;F284-UAT-001;PVT-F284-CAP-001;PVT-F284-CAP-002;PVT-F284-CAP-003;PVT-F284-FR-001;PVT-F284-FR-002;PVT-F284-FR-003;PVT-F284-US-001;PVT-F284-US-002;PVT-F284-FLOW-001;PVT-F284-FLOW-002;PVT-F284-BR-001;PVT-F284-BR-002;PVT-F284-DATA-001;PVT-F284-DATA-002;PVT-F284-VAL-001;PVT-F284-VAL-002;PVT-F284-CALC-001;PVT-F284-UX-001;PVT-F284-UX-002;PVT-F284-UX-003;PVT-F284-SEC-001;PVT-F284-SEC-002;PVT-F284-AUTO-001;PVT-F284-APP-001;PVT-F284-NOTIF-001;PVT-F284-REP-001;PVT-F284-AI-001;PVT-F284-INT-001;PVT-F284-INT-002;PVT-F284-API-001;PVT-F284-API-002;PVT-F284-PERF-001;PVT-F284-OBS-001;PVT-F284-E2E-001;PVT-F284-E2E-002;PVT-F284-UAT-001;PVT-F284-UAT-002,AUTHORIZED_BY_PASS_F_SUBJECT_TO_WAVE_DEPENDENCIES,NOT_READY
F285,Split payments,Point of Sale,docs/03-modules/point-of-sale/features/F285-split-payments.md,F285-CAP-001;F285-CAP-002;F285-CAP-003,F285-FLOW-001;F285-FLOW-002,F285-BR-001;F285-BR-002,F285-DATA-001;F285-DATA-002,F285-VAL-001;F285-VAL-002,F285-CALC-001,F285-UX-001;F285-UX-002;F285-UX-003,F285-SEC-001;F285-SEC-002,F285-INT-001;F285-INT-002,F285-API-001;F285-API-002,F285-E2E-001;F285-E2E-002,F285-UAT-001;F285-UAT-002,APPROVED,8,APPROVED,F285-PFC-01;F285-PFC-02;F285-PFC-03;F285-PFC-04;F285-PFC-05;F285-PFC-06;F285-PFC-07;F285-PFC-08;F285-PFC-09;F285-PFC-10,F285-STM-01;F285-STM-02;F285-STM-03;F285-STM-04;F285-STM-05,APPROVED,PFD-BM-F285-1;PFD-BM-F285-2,APPROVED,services/api/src/modules/point-of-sale,apps/web/src/modules/point-of-sale,FULL,W09,F285-E2E-001;F285-UAT-001;PVT-F285-CAP-001;PVT-F285-CAP-002;PVT-F285-CAP-003;PVT-F285-FR-001;PVT-F285-FR-002;PVT-F285-FR-003;PVT-F285-US-001;PVT-F285-US-002;PVT-F285-FLOW-001;PVT-F285-FLOW-002;PVT-F285-BR-001;PVT-F285-BR-002;PVT-F285-DATA-001;PVT-F285-DATA-002;PVT-F285-VAL-001;PVT-F285-VAL-002;PVT-F285-CALC-001;PVT-F285-UX-001;PVT-F285-UX-002;PVT-F285-UX-003;PVT-F285-SEC-001;PVT-F285-SEC-002;PVT-F285-AUTO-001;PVT-F285-APP-001;PVT-F285-NOTIF-001;PVT-F285-REP-001;PVT-F285-AI-001;PVT-F285-INT-001;PVT-F285-INT-002;PVT-F285-API-001;PVT-F285-API-002;PVT-F285-PERF-001;PVT-F285-OBS-001;PVT-F285-E2E-001;PVT-F285-E2E-002;PVT-F285-UAT-001;PVT-F285-UAT-002,AUTHORIZED_BY_PASS_F_SUBJECT_TO_WAVE_DEPENDENCIES,NOT_READY
F286,Multiple payment methods,Point of Sale,docs/03-modules/point-of-sale/features/F286-multiple-payment-methods.md,F286-CAP-001;F286-CAP-002;F286-CAP-003,F286-FLOW-001;F286-FLOW-002,F286-BR-001;F286-BR-002,F286-DATA-001;F286-DATA-002,F286-VAL-001;F286-VAL-002,F286-CALC-001,F286-UX-001;F286-UX-002;F286-UX-003,F286-SEC-001;F286-SEC-002,F286-INT-001;F286-INT-002,F286-API-001;F286-API-002,F286-E2E-001;F286-E2E-002,F286-UAT-001;F286-UAT-002,APPROVED,8,APPROVED,F286-PFC-01;F286-PFC-02;F286-PFC-03;F286-PFC-04;F286-PFC-05;F286-PFC-06;F286-PFC-07;F286-PFC-08;F286-PFC-09;F286-PFC-10,F286-STM-01;F286-STM-02;F286-STM-03;F286-STM-04;F286-STM-05,APPROVED,PFD-BM-F286-1;PFD-BM-F286-2,APPROVED,services/api/src/modules/point-of-sale,apps/web/src/modules/point-of-sale,FULL,W09,F286-E2E-001;F286-UAT-001;PVT-F286-CAP-001;PVT-F286-CAP-002;PVT-F286-CAP-003;PVT-F286-FR-001;PVT-F286-FR-002;PVT-F286-FR-003;PVT-F286-US-001;PVT-F286-US-002;PVT-F286-FLOW-001;PVT-F286-FLOW-002;PVT-F286-BR-001;PVT-F286-BR-002;PVT-F286-DATA-001;PVT-F286-DATA-002;PVT-F286-VAL-001;PVT-F286-VAL-002;PVT-F286-CALC-001;PVT-F286-UX-001;PVT-F286-UX-002;PVT-F286-UX-003;PVT-F286-SEC-001;PVT-F286-SEC-002;PVT-F286-AUTO-001;PVT-F286-APP-001;PVT-F286-NOTIF-001;PVT-F286-REP-001;PVT-F286-AI-001;PVT-F286-INT-001;PVT-F286-INT-002;PVT-F286-API-001;PVT-F286-API-002;PVT-F286-PERF-001;PVT-F286-OBS-001;PVT-F286-E2E-001;PVT-F286-E2E-002;PVT-F286-UAT-001;PVT-F286-UAT-002,AUTHORIZED_BY_PASS_F_SUBJECT_TO_WAVE_DEPENDENCIES,NOT_READY
F287,Hold / suspend sale,Point of Sale,docs/03-modules/point-of-sale/features/F287-hold-suspend-sale.md,F287-CAP-001;F287-CAP-002;F287-CAP-003,F287-FLOW-001;F287-FLOW-002,F287-BR-001;F287-BR-002,F287-DATA-001;F287-DATA-002,F287-VAL-001;F287-VAL-002,F287-CALC-001,F287-UX-001;F287-UX-002;F287-UX-003,F287-SEC-001;F287-SEC-002,F287-INT-001;F287-INT-002,F287-API-001;F287-API-002,F287-E2E-001;F287-E2E-002,F287-UAT-001;F287-UAT-002,APPROVED,8,APPROVED,F287-PFC-01;F287-PFC-02;F287-PFC-03;F287-PFC-04;F287-PFC-05;F287-PFC-06;F287-PFC-07;F287-PFC-08;F287-PFC-09;F287-PFC-10,F287-STM-01;F287-STM-02;F287-STM-03;F287-STM-04;F287-STM-05,APPROVED,PFD-BM-F287-1;PFD-BM-F287-2,APPROVED,services/api/src/modules/point-of-sale,apps/web/src/modules/point-of-sale,FULL,W09,F287-E2E-001;F287-UAT-001;PVT-F287-CAP-001;PVT-F287-CAP-002;PVT-F287-CAP-003;PVT-F287-FR-001;PVT-F287-FR-002;PVT-F287-FR-003;PVT-F287-US-001;PVT-F287-US-002;PVT-F287-FLOW-001;PVT-F287-FLOW-002;PVT-F287-BR-001;PVT-F287-BR-002;PVT-F287-DATA-001;PVT-F287-DATA-002;PVT-F287-VAL-001;PVT-F287-VAL-002;PVT-F287-CALC-001;PVT-F287-UX-001;PVT-F287-UX-002;PVT-F287-UX-003;PVT-F287-SEC-001;PVT-F287-SEC-002;PVT-F287-AUTO-001;PVT-F287-APP-001;PVT-F287-NOTIF-001;PVT-F287-REP-001;PVT-F287-AI-001;PVT-F287-INT-001;PVT-F287-INT-002;PVT-F287-API-001;PVT-F287-API-002;PVT-F287-PERF-001;PVT-F287-OBS-001;PVT-F287-E2E-001;PVT-F287-E2E-002;PVT-F287-UAT-001;PVT-F287-UAT-002,AUTHORIZED_BY_PASS_F_SUBJECT_TO_WAVE_DEPENDENCIES,NOT_READY
F288,Resume sale,Point of Sale,docs/03-modules/point-of-sale/features/F288-resume-sale.md,F288-CAP-001;F288-CAP-002;F288-CAP-003,F288-FLOW-001;F288-FLOW-002,F288-BR-001;F288-BR-002,F288-DATA-001;F288-DATA-002,F288-VAL-001;F288-VAL-002,F288-CALC-001,F288-UX-001;F288-UX-002;F288-UX-003,F288-SEC-001;F288-SEC-002,F288-INT-001;F288-INT-002,F288-API-001;F288-API-002,F288-E2E-001;F288-E2E-002,F288-UAT-001;F288-UAT-002,APPROVED,8,APPROVED,F288-PFC-01;F288-PFC-02;F288-PFC-03;F288-PFC-04;F288-PFC-05;F288-PFC-06;F288-PFC-07;F288-PFC-08;F288-PFC-09;F288-PFC-10,F288-STM-01;F288-STM-02;F288-STM-03;F288-STM-04;F288-STM-05,APPROVED,PFD-BM-F288-1;PFD-BM-F288-2,APPROVED,services/api/src/modules/point-of-sale,apps/web/src/modules/point-of-sale,FULL,W09,F288-E2E-001;F288-UAT-001;PVT-F288-CAP-001;PVT-F288-CAP-002;PVT-F288-CAP-003;PVT-F288-FR-001;PVT-F288-FR-002;PVT-F288-FR-003;PVT-F288-US-001;PVT-F288-US-002;PVT-F288-FLOW-001;PVT-F288-FLOW-002;PVT-F288-BR-001;PVT-F288-BR-002;PVT-F288-DATA-001;PVT-F288-DATA-002;PVT-F288-VAL-001;PVT-F288-VAL-002;PVT-F288-CALC-001;PVT-F288-UX-001;PVT-F288-UX-002;PVT-F288-UX-003;PVT-F288-SEC-001;PVT-F288-SEC-002;PVT-F288-AUTO-001;PVT-F288-APP-001;PVT-F288-NOTIF-001;PVT-F288-REP-001;PVT-F288-AI-001;PVT-F288-INT-001;PVT-F288-INT-002;PVT-F288-API-001;PVT-F288-API-002;PVT-F288-PERF-001;PVT-F288-OBS-001;PVT-F288-E2E-001;PVT-F288-E2E-002;PVT-F288-UAT-001;PVT-F288-UAT-002,AUTHORIZED_BY_PASS_F_SUBJECT_TO_WAVE_DEPENDENCIES,NOT_READY
F289,Receipt printing,Point of Sale,docs/03-modules/point-of-sale/features/F289-receipt-printing.md,F289-CAP-001;F289-CAP-002;F289-CAP-003,F289-FLOW-001;F289-FLOW-002,F289-BR-001;F289-BR-002,F289-DATA-001;F289-DATA-002,F289-VAL-001;F289-VAL-002,F289-CALC-001,F289-UX-001;F289-UX-002;F289-UX-003,F289-SEC-001;F289-SEC-002,F289-INT-001;F289-INT-002,F289-API-001;F289-API-002,F289-E2E-001;F289-E2E-002,F289-UAT-001;F289-UAT-002,APPROVED,8,APPROVED,F289-PFC-01;F289-PFC-02;F289-PFC-03;F289-PFC-04;F289-PFC-05;F289-PFC-06;F289-PFC-07;F289-PFC-08;F289-PFC-09;F289-PFC-10,F289-STM-01;F289-STM-02;F289-STM-03;F289-STM-04;F289-STM-05,APPROVED,PFD-BM-F289-1;PFD-BM-F289-2,APPROVED,services/api/src/modules/point-of-sale,apps/web/src/modules/point-of-sale,FULL,W09,F289-E2E-001;F289-UAT-001;PVT-F289-CAP-001;PVT-F289-CAP-002;PVT-F289-CAP-003;PVT-F289-FR-001;PVT-F289-FR-002;PVT-F289-FR-003;PVT-F289-US-001;PVT-F289-US-002;PVT-F289-FLOW-001;PVT-F289-FLOW-002;PVT-F289-BR-001;PVT-F289-BR-002;PVT-F289-DATA-001;PVT-F289-DATA-002;PVT-F289-VAL-001;PVT-F289-VAL-002;PVT-F289-CALC-001;PVT-F289-UX-001;PVT-F289-UX-002;PVT-F289-UX-003;PVT-F289-SEC-001;PVT-F289-SEC-002;PVT-F289-AUTO-001;PVT-F289-APP-001;PVT-F289-NOTIF-001;PVT-F289-REP-001;PVT-F289-AI-001;PVT-F289-INT-001;PVT-F289-INT-002;PVT-F289-API-001;PVT-F289-API-002;PVT-F289-PERF-001;PVT-F289-OBS-001;PVT-F289-E2E-001;PVT-F289-E2E-002;PVT-F289-UAT-001;PVT-F289-UAT-002,AUTHORIZED_BY_PASS_F_SUBJECT_TO_WAVE_DEPENDENCIES,NOT_READY
F290,Invoice generation,Point of Sale,docs/03-modules/point-of-sale/features/F290-invoice-generation.md,F290-CAP-001;F290-CAP-002;F290-CAP-003,F290-FLOW-001;F290-FLOW-002,F290-BR-001;F290-BR-002,F290-DATA-001;F290-DATA-002,F290-VAL-001;F290-VAL-002,F290-CALC-001,F290-UX-001;F290-UX-002;F290-UX-003,F290-SEC-001;F290-SEC-002,F290-INT-001;F290-INT-002,F290-API-001;F290-API-002,F290-E2E-001;F290-E2E-002,F290-UAT-001;F290-UAT-002,APPROVED,8,APPROVED,F290-PFC-01;F290-PFC-02;F290-PFC-03;F290-PFC-04;F290-PFC-05;F290-PFC-06;F290-PFC-07;F290-PFC-08;F290-PFC-09;F290-PFC-10,F290-STM-01;F290-STM-02;F290-STM-03;F290-STM-04;F290-STM-05,APPROVED,PFD-BM-F290-1;PFD-BM-F290-2,APPROVED,services/api/src/modules/point-of-sale,apps/web/src/modules/point-of-sale,FULL,W09,F290-E2E-001;F290-UAT-001;PVT-F290-CAP-001;PVT-F290-CAP-002;PVT-F290-CAP-003;PVT-F290-FR-001;PVT-F290-FR-002;PVT-F290-FR-003;PVT-F290-US-001;PVT-F290-US-002;PVT-F290-FLOW-001;PVT-F290-FLOW-002;PVT-F290-BR-001;PVT-F290-BR-002;PVT-F290-DATA-001;PVT-F290-DATA-002;PVT-F290-VAL-001;PVT-F290-VAL-002;PVT-F290-CALC-001;PVT-F290-UX-001;PVT-F290-UX-002;PVT-F290-UX-003;PVT-F290-SEC-001;PVT-F290-SEC-002;PVT-F290-AUTO-001;PVT-F290-APP-001;PVT-F290-NOTIF-001;PVT-F290-REP-001;PVT-F290-AI-001;PVT-F290-INT-001;PVT-F290-INT-002;PVT-F290-API-001;PVT-F290-API-002;PVT-F290-PERF-001;PVT-F290-OBS-001;PVT-F290-E2E-001;PVT-F290-E2E-002;PVT-F290-UAT-001;PVT-F290-UAT-002,AUTHORIZED_BY_PASS_F_SUBJECT_TO_WAVE_DEPENDENCIES,NOT_READY
F291,Returns,Point of Sale,docs/03-modules/point-of-sale/features/F291-returns.md,F291-CAP-001;F291-CAP-002;F291-CAP-003,F291-FLOW-001;F291-FLOW-002,F291-BR-001;F291-BR-002,F291-DATA-001;F291-DATA-002,F291-VAL-001;F291-VAL-002,F291-CALC-001,F291-UX-001;F291-UX-002;F291-UX-003,F291-SEC-001;F291-SEC-002,F291-INT-001;F291-INT-002,F291-API-001;F291-API-002,F291-E2E-001;F291-E2E-002,F291-UAT-001;F291-UAT-002,APPROVED,8,APPROVED,F291-PFC-01;F291-PFC-02;F291-PFC-03;F291-PFC-04;F291-PFC-05;F291-PFC-06;F291-PFC-07;F291-PFC-08;F291-PFC-09;F291-PFC-10,F291-STM-01;F291-STM-02;F291-STM-03;F291-STM-04;F291-STM-05,APPROVED,PFD-BM-F291-1;PFD-BM-F291-2,APPROVED,services/api/src/modules/point-of-sale,apps/web/src/modules/point-of-sale,FULL,W09,F291-E2E-001;F291-UAT-001;PVT-F291-CAP-001;PVT-F291-CAP-002;PVT-F291-CAP-003;PVT-F291-FR-001;PVT-F291-FR-002;PVT-F291-FR-003;PVT-F291-US-001;PVT-F291-US-002;PVT-F291-FLOW-001;PVT-F291-FLOW-002;PVT-F291-BR-001;PVT-F291-BR-002;PVT-F291-DATA-001;PVT-F291-DATA-002;PVT-F291-VAL-001;PVT-F291-VAL-002;PVT-F291-CALC-001;PVT-F291-UX-001;PVT-F291-UX-002;PVT-F291-UX-003;PVT-F291-SEC-001;PVT-F291-SEC-002;PVT-F291-AUTO-001;PVT-F291-APP-001;PVT-F291-NOTIF-001;PVT-F291-REP-001;PVT-F291-AI-001;PVT-F291-INT-001;PVT-F291-INT-002;PVT-F291-API-001;PVT-F291-API-002;PVT-F291-PERF-001;PVT-F291-OBS-001;PVT-F291-E2E-001;PVT-F291-E2E-002;PVT-F291-UAT-001;PVT-F291-UAT-002,AUTHORIZED_BY_PASS_F_SUBJECT_TO_WAVE_DEPENDENCIES,NOT_READY
F292,Refunds,Point of Sale,docs/03-modules/point-of-sale/features/F292-refunds.md,F292-CAP-001;F292-CAP-002;F292-CAP-003,F292-FLOW-001;F292-FLOW-002,F292-BR-001;F292-BR-002,F292-DATA-001;F292-DATA-002,F292-VAL-001;F292-VAL-002,F292-CALC-001,F292-UX-001;F292-UX-002;F292-UX-003,F292-SEC-001;F292-SEC-002,F292-INT-001;F292-INT-002,F292-API-001;F292-API-002,F292-E2E-001;F292-E2E-002,F292-UAT-001;F292-UAT-002,APPROVED,8,APPROVED,F292-PFC-01;F292-PFC-02;F292-PFC-03;F292-PFC-04;F292-PFC-05;F292-PFC-06;F292-PFC-07;F292-PFC-08;F292-PFC-09;F292-PFC-10,F292-STM-01;F292-STM-02;F292-STM-03;F292-STM-04;F292-STM-05,APPROVED,PFD-BM-F292-1;PFD-BM-F292-2,APPROVED,services/api/src/modules/point-of-sale,apps/web/src/modules/point-of-sale,FULL,W09,F292-E2E-001;F292-UAT-001;PVT-F292-CAP-001;PVT-F292-CAP-002;PVT-F292-CAP-003;PVT-F292-FR-001;PVT-F292-FR-002;PVT-F292-FR-003;PVT-F292-US-001;PVT-F292-US-002;PVT-F292-FLOW-001;PVT-F292-FLOW-002;PVT-F292-BR-001;PVT-F292-BR-002;PVT-F292-DATA-001;PVT-F292-DATA-002;PVT-F292-VAL-001;PVT-F292-VAL-002;PVT-F292-CALC-001;PVT-F292-UX-001;PVT-F292-UX-002;PVT-F292-UX-003;PVT-F292-SEC-001;PVT-F292-SEC-002;PVT-F292-AUTO-001;PVT-F292-APP-001;PVT-F292-NOTIF-001;PVT-F292-REP-001;PVT-F292-AI-001;PVT-F292-INT-001;PVT-F292-INT-002;PVT-F292-API-001;PVT-F292-API-002;PVT-F292-PERF-001;PVT-F292-OBS-001;PVT-F292-E2E-001;PVT-F292-E2E-002;PVT-F292-UAT-001;PVT-F292-UAT-002,AUTHORIZED_BY_PASS_F_SUBJECT_TO_WAVE_DEPENDENCIES,NOT_READY
F293,Exchanges,Point of Sale,docs/03-modules/point-of-sale/features/F293-exchanges.md,F293-CAP-001;F293-CAP-002;F293-CAP-003,F293-FLOW-001;F293-FLOW-002,F293-BR-001;F293-BR-002,F293-DATA-001;F293-DATA-002,F293-VAL-001;F293-VAL-002,F293-CALC-001,F293-UX-001;F293-UX-002;F293-UX-003,F293-SEC-001;F293-SEC-002,F293-INT-001;F293-INT-002,F293-API-001;F293-API-002,F293-E2E-001;F293-E2E-002,F293-UAT-001;F293-UAT-002,APPROVED,8,APPROVED,F293-PFC-01;F293-PFC-02;F293-PFC-03;F293-PFC-04;F293-PFC-05;F293-PFC-06;F293-PFC-07;F293-PFC-08;F293-PFC-09;F293-PFC-10,F293-STM-01;F293-STM-02;F293-STM-03;F293-STM-04;F293-STM-05,APPROVED,PFD-BM-F293-1;PFD-BM-F293-2,APPROVED,services/api/src/modules/point-of-sale,apps/web/src/modules/point-of-sale,FULL,W09,F293-E2E-001;F293-UAT-001;PVT-F293-CAP-001;PVT-F293-CAP-002;PVT-F293-CAP-003;PVT-F293-FR-001;PVT-F293-FR-002;PVT-F293-FR-003;PVT-F293-US-001;PVT-F293-US-002;PVT-F293-FLOW-001;PVT-F293-FLOW-002;PVT-F293-BR-001;PVT-F293-BR-002;PVT-F293-DATA-001;PVT-F293-DATA-002;PVT-F293-VAL-001;PVT-F293-VAL-002;PVT-F293-CALC-001;PVT-F293-UX-001;PVT-F293-UX-002;PVT-F293-UX-003;PVT-F293-SEC-001;PVT-F293-SEC-002;PVT-F293-AUTO-001;PVT-F293-APP-001;PVT-F293-NOTIF-001;PVT-F293-REP-001;PVT-F293-AI-001;PVT-F293-INT-001;PVT-F293-INT-002;PVT-F293-API-001;PVT-F293-API-002;PVT-F293-PERF-001;PVT-F293-OBS-001;PVT-F293-E2E-001;PVT-F293-E2E-002;PVT-F293-UAT-001;PVT-F293-UAT-002,AUTHORIZED_BY_PASS_F_SUBJECT_TO_WAVE_DEPENDENCIES,NOT_READY
F294,Stock reduction,Point of Sale,docs/03-modules/point-of-sale/features/F294-stock-reduction.md,F294-CAP-001;F294-CAP-002;F294-CAP-003,F294-FLOW-001;F294-FLOW-002,F294-BR-001;F294-BR-002,F294-DATA-001;F294-DATA-002,F294-VAL-001;F294-VAL-002,F294-CALC-001,F294-UX-001;F294-UX-002;F294-UX-003,F294-SEC-001;F294-SEC-002,F294-INT-001;F294-INT-002,F294-API-001;F294-API-002,F294-E2E-001;F294-E2E-002,F294-UAT-001;F294-UAT-002,APPROVED,8,APPROVED,F294-PFC-01;F294-PFC-02;F294-PFC-03;F294-PFC-04;F294-PFC-05;F294-PFC-06;F294-PFC-07;F294-PFC-08;F294-PFC-09;F294-PFC-10,F294-STM-01;F294-STM-02;F294-STM-03;F294-STM-04;F294-STM-05,APPROVED,PFD-BM-F294-1;PFD-BM-F294-2,APPROVED,services/api/src/modules/point-of-sale,apps/web/src/modules/point-of-sale,FULL,W09,F294-E2E-001;F294-UAT-001;PVT-F294-CAP-001;PVT-F294-CAP-002;PVT-F294-CAP-003;PVT-F294-FR-001;PVT-F294-FR-002;PVT-F294-FR-003;PVT-F294-US-001;PVT-F294-US-002;PVT-F294-FLOW-001;PVT-F294-FLOW-002;PVT-F294-BR-001;PVT-F294-BR-002;PVT-F294-DATA-001;PVT-F294-DATA-002;PVT-F294-VAL-001;PVT-F294-VAL-002;PVT-F294-CALC-001;PVT-F294-UX-001;PVT-F294-UX-002;PVT-F294-UX-003;PVT-F294-SEC-001;PVT-F294-SEC-002;PVT-F294-AUTO-001;PVT-F294-APP-001;PVT-F294-NOTIF-001;PVT-F294-REP-001;PVT-F294-AI-001;PVT-F294-INT-001;PVT-F294-INT-002;PVT-F294-API-001;PVT-F294-API-002;PVT-F294-PERF-001;PVT-F294-OBS-001;PVT-F294-E2E-001;PVT-F294-E2E-002;PVT-F294-UAT-001;PVT-F294-UAT-002,AUTHORIZED_BY_PASS_F_SUBJECT_TO_WAVE_DEPENDENCIES,NOT_READY
F295,Lot / serial support where required,Point of Sale,docs/03-modules/point-of-sale/features/F295-lot-serial-support-where-required.md,F295-CAP-001;F295-CAP-002;F295-CAP-003,F295-FLOW-001;F295-FLOW-002,F295-BR-001;F295-BR-002,F295-DATA-001;F295-DATA-002,F295-VAL-001;F295-VAL-002,F295-CALC-001,F295-UX-001;F295-UX-002;F295-UX-003,F295-SEC-001;F295-SEC-002,F295-INT-001;F295-INT-002,F295-API-001;F295-API-002,F295-E2E-001;F295-E2E-002,F295-UAT-001;F295-UAT-002,APPROVED,8,APPROVED,F295-PFC-01;F295-PFC-02;F295-PFC-03;F295-PFC-04;F295-PFC-05;F295-PFC-06;F295-PFC-07;F295-PFC-08;F295-PFC-09;F295-PFC-10,F295-STM-01;F295-STM-02;F295-STM-03;F295-STM-04;F295-STM-05,APPROVED,PFD-BM-F295-1;PFD-BM-F295-2,APPROVED,services/api/src/modules/point-of-sale,apps/web/src/modules/point-of-sale,FULL,W09,F295-E2E-001;F295-UAT-001;PVT-F295-CAP-001;PVT-F295-CAP-002;PVT-F295-CAP-003;PVT-F295-FR-001;PVT-F295-FR-002;PVT-F295-FR-003;PVT-F295-US-001;PVT-F295-US-002;PVT-F295-FLOW-001;PVT-F295-FLOW-002;PVT-F295-BR-001;PVT-F295-BR-002;PVT-F295-DATA-001;PVT-F295-DATA-002;PVT-F295-VAL-001;PVT-F295-VAL-002;PVT-F295-CALC-001;PVT-F295-UX-001;PVT-F295-UX-002;PVT-F295-UX-003;PVT-F295-SEC-001;PVT-F295-SEC-002;PVT-F295-AUTO-001;PVT-F295-APP-001;PVT-F295-NOTIF-001;PVT-F295-REP-001;PVT-F295-AI-001;PVT-F295-INT-001;PVT-F295-INT-002;PVT-F295-API-001;PVT-F295-API-002;PVT-F295-PERF-001;PVT-F295-OBS-001;PVT-F295-E2E-001;PVT-F295-E2E-002;PVT-F295-UAT-001;PVT-F295-UAT-002,AUTHORIZED_BY_PASS_F_SUBJECT_TO_WAVE_DEPENDENCIES,NOT_READY
F296,Real-time inventory,Point of Sale,docs/03-modules/point-of-sale/features/F296-real-time-inventory.md,F296-CAP-001;F296-CAP-002;F296-CAP-003,F296-FLOW-001;F296-FLOW-002,F296-BR-001;F296-BR-002,F296-DATA-001;F296-DATA-002,F296-VAL-001;F296-VAL-002,F296-CALC-001,F296-UX-001;F296-UX-002;F296-UX-003,F296-SEC-001;F296-SEC-002,F296-INT-001;F296-INT-002,F296-API-001;F296-API-002,F296-E2E-001;F296-E2E-002,F296-UAT-001;F296-UAT-002,APPROVED,8,APPROVED,F296-PFC-01;F296-PFC-02;F296-PFC-03;F296-PFC-04;F296-PFC-05;F296-PFC-06;F296-PFC-07;F296-PFC-08;F296-PFC-09;F296-PFC-10,F296-STM-01;F296-STM-02;F296-STM-03;F296-STM-04;F296-STM-05,APPROVED,PFD-BM-F296-1;PFD-BM-F296-2,APPROVED,services/api/src/modules/point-of-sale,apps/web/src/modules/point-of-sale,FULL,W09,F296-E2E-001;F296-UAT-001;PVT-F296-CAP-001;PVT-F296-CAP-002;PVT-F296-CAP-003;PVT-F296-FR-001;PVT-F296-FR-002;PVT-F296-FR-003;PVT-F296-US-001;PVT-F296-US-002;PVT-F296-FLOW-001;PVT-F296-FLOW-002;PVT-F296-BR-001;PVT-F296-BR-002;PVT-F296-DATA-001;PVT-F296-DATA-002;PVT-F296-VAL-001;PVT-F296-VAL-002;PVT-F296-CALC-001;PVT-F296-UX-001;PVT-F296-UX-002;PVT-F296-UX-003;PVT-F296-SEC-001;PVT-F296-SEC-002;PVT-F296-AUTO-001;PVT-F296-APP-001;PVT-F296-NOTIF-001;PVT-F296-REP-001;PVT-F296-AI-001;PVT-F296-INT-001;PVT-F296-INT-002;PVT-F296-API-001;PVT-F296-API-002;PVT-F296-PERF-001;PVT-F296-OBS-001;PVT-F296-E2E-001;PVT-F296-E2E-002;PVT-F296-UAT-001;PVT-F296-UAT-002,AUTHORIZED_BY_PASS_F_SUBJECT_TO_WAVE_DEPENDENCIES,NOT_READY
F297,Offline POS,Point of Sale,docs/03-modules/point-of-sale/features/F297-offline-pos.md,F297-CAP-001;F297-CAP-002;F297-CAP-003,F297-FLOW-001;F297-FLOW-002,F297-BR-001;F297-BR-002,F297-DATA-001;F297-DATA-002,F297-VAL-001;F297-VAL-002,F297-CALC-001,F297-UX-001;F297-UX-002;F297-UX-003,F297-SEC-001;F297-SEC-002,F297-INT-001;F297-INT-002,F297-API-001;F297-API-002,F297-E2E-001;F297-E2E-002,F297-UAT-001;F297-UAT-002,APPROVED,8,APPROVED,F297-PFC-01;F297-PFC-02;F297-PFC-03;F297-PFC-04;F297-PFC-05;F297-PFC-06;F297-PFC-07;F297-PFC-08;F297-PFC-09;F297-PFC-10,F297-STM-01;F297-STM-02;F297-STM-03;F297-STM-04;F297-STM-05,APPROVED,PFD-BM-F297-1;PFD-BM-F297-2,APPROVED,services/api/src/modules/point-of-sale,apps/web/src/modules/point-of-sale,FULL,W09,F297-E2E-001;F297-UAT-001;PVT-F297-CAP-001;PVT-F297-CAP-002;PVT-F297-CAP-003;PVT-F297-FR-001;PVT-F297-FR-002;PVT-F297-FR-003;PVT-F297-US-001;PVT-F297-US-002;PVT-F297-FLOW-001;PVT-F297-FLOW-002;PVT-F297-BR-001;PVT-F297-BR-002;PVT-F297-DATA-001;PVT-F297-DATA-002;PVT-F297-VAL-001;PVT-F297-VAL-002;PVT-F297-CALC-001;PVT-F297-UX-001;PVT-F297-UX-002;PVT-F297-UX-003;PVT-F297-SEC-001;PVT-F297-SEC-002;PVT-F297-AUTO-001;PVT-F297-APP-001;PVT-F297-NOTIF-001;PVT-F297-REP-001;PVT-F297-AI-001;PVT-F297-INT-001;PVT-F297-INT-002;PVT-F297-API-001;PVT-F297-API-002;PVT-F297-PERF-001;PVT-F297-OBS-001;PVT-F297-E2E-001;PVT-F297-E2E-002;PVT-F297-UAT-001;PVT-F297-UAT-002,AUTHORIZED_BY_PASS_F_SUBJECT_TO_WAVE_DEPENDENCIES,NOT_READY
F298,Offline-to-online synchronization,Point of Sale,docs/03-modules/point-of-sale/features/F298-offline-to-online-synchronization.md,F298-CAP-001;F298-CAP-002;F298-CAP-003,F298-FLOW-001;F298-FLOW-002,F298-BR-001;F298-BR-002,F298-DATA-001;F298-DATA-002,F298-VAL-001;F298-VAL-002,F298-CALC-001,F298-UX-001;F298-UX-002;F298-UX-003,F298-SEC-001;F298-SEC-002,F298-INT-001;F298-INT-002,F298-API-001;F298-API-002,F298-E2E-001;F298-E2E-002,F298-UAT-001;F298-UAT-002,APPROVED,8,APPROVED,F298-PFC-01;F298-PFC-02;F298-PFC-03;F298-PFC-04;F298-PFC-05;F298-PFC-06;F298-PFC-07;F298-PFC-08;F298-PFC-09;F298-PFC-10,F298-STM-01;F298-STM-02;F298-STM-03;F298-STM-04;F298-STM-05,APPROVED,PFD-BM-F298-1;PFD-BM-F298-2,APPROVED,services/api/src/modules/point-of-sale,apps/web/src/modules/point-of-sale,FULL,W09,F298-E2E-001;F298-UAT-001;PVT-F298-CAP-001;PVT-F298-CAP-002;PVT-F298-CAP-003;PVT-F298-FR-001;PVT-F298-FR-002;PVT-F298-FR-003;PVT-F298-US-001;PVT-F298-US-002;PVT-F298-FLOW-001;PVT-F298-FLOW-002;PVT-F298-BR-001;PVT-F298-BR-002;PVT-F298-DATA-001;PVT-F298-DATA-002;PVT-F298-VAL-001;PVT-F298-VAL-002;PVT-F298-CALC-001;PVT-F298-UX-001;PVT-F298-UX-002;PVT-F298-UX-003;PVT-F298-SEC-001;PVT-F298-SEC-002;PVT-F298-AUTO-001;PVT-F298-APP-001;PVT-F298-NOTIF-001;PVT-F298-REP-001;PVT-F298-AI-001;PVT-F298-INT-001;PVT-F298-INT-002;PVT-F298-API-001;PVT-F298-API-002;PVT-F298-PERF-001;PVT-F298-OBS-001;PVT-F298-E2E-001;PVT-F298-E2E-002;PVT-F298-UAT-001;PVT-F298-UAT-002,AUTHORIZED_BY_PASS_F_SUBJECT_TO_WAVE_DEPENDENCIES,NOT_READY
F299,Cash drawer opening balance,Point of Sale,docs/03-modules/point-of-sale/features/F299-cash-drawer-opening-balance.md,F299-CAP-001;F299-CAP-002;F299-CAP-003,F299-FLOW-001;F299-FLOW-002,F299-BR-001;F299-BR-002,F299-DATA-001;F299-DATA-002,F299-VAL-001;F299-VAL-002,F299-CALC-001,F299-UX-001;F299-UX-002;F299-UX-003,F299-SEC-001;F299-SEC-002,F299-INT-001;F299-INT-002,F299-API-001;F299-API-002,F299-E2E-001;F299-E2E-002,F299-UAT-001;F299-UAT-002,APPROVED,8,APPROVED,F299-PFC-01;F299-PFC-02;F299-PFC-03;F299-PFC-04;F299-PFC-05;F299-PFC-06;F299-PFC-07;F299-PFC-08;F299-PFC-09;F299-PFC-10,F299-STM-01;F299-STM-02;F299-STM-03;F299-STM-04;F299-STM-05,APPROVED,PFD-BM-F299-1;PFD-BM-F299-2,APPROVED,services/api/src/modules/point-of-sale,apps/web/src/modules/point-of-sale,FULL,W09,F299-E2E-001;F299-UAT-001;PVT-F299-CAP-001;PVT-F299-CAP-002;PVT-F299-CAP-003;PVT-F299-FR-001;PVT-F299-FR-002;PVT-F299-FR-003;PVT-F299-US-001;PVT-F299-US-002;PVT-F299-FLOW-001;PVT-F299-FLOW-002;PVT-F299-BR-001;PVT-F299-BR-002;PVT-F299-DATA-001;PVT-F299-DATA-002;PVT-F299-VAL-001;PVT-F299-VAL-002;PVT-F299-CALC-001;PVT-F299-UX-001;PVT-F299-UX-002;PVT-F299-UX-003;PVT-F299-SEC-001;PVT-F299-SEC-002;PVT-F299-AUTO-001;PVT-F299-APP-001;PVT-F299-NOTIF-001;PVT-F299-REP-001;PVT-F299-AI-001;PVT-F299-INT-001;PVT-F299-INT-002;PVT-F299-API-001;PVT-F299-API-002;PVT-F299-PERF-001;PVT-F299-OBS-001;PVT-F299-E2E-001;PVT-F299-E2E-002;PVT-F299-UAT-001;PVT-F299-UAT-002,AUTHORIZED_BY_PASS_F_SUBJECT_TO_WAVE_DEPENDENCIES,NOT_READY
F300,Cash movements,Point of Sale,docs/03-modules/point-of-sale/features/F300-cash-movements.md,F300-CAP-001;F300-CAP-002;F300-CAP-003,F300-FLOW-001;F300-FLOW-002,F300-BR-001;F300-BR-002,F300-DATA-001;F300-DATA-002,F300-VAL-001;F300-VAL-002,F300-CALC-001,F300-UX-001;F300-UX-002;F300-UX-003,F300-SEC-001;F300-SEC-002,F300-INT-001;F300-INT-002,F300-API-001;F300-API-002,F300-E2E-001;F300-E2E-002,F300-UAT-001;F300-UAT-002,APPROVED,8,APPROVED,F300-PFC-01;F300-PFC-02;F300-PFC-03;F300-PFC-04;F300-PFC-05;F300-PFC-06;F300-PFC-07;F300-PFC-08;F300-PFC-09;F300-PFC-10,F300-STM-01;F300-STM-02;F300-STM-03;F300-STM-04;F300-STM-05,APPROVED,PFD-BM-F300-1;PFD-BM-F300-2,APPROVED,services/api/src/modules/point-of-sale,apps/web/src/modules/point-of-sale,FULL,W09,F300-E2E-001;F300-UAT-001;PVT-F300-CAP-001;PVT-F300-CAP-002;PVT-F300-CAP-003;PVT-F300-FR-001;PVT-F300-FR-002;PVT-F300-FR-003;PVT-F300-US-001;PVT-F300-US-002;PVT-F300-FLOW-001;PVT-F300-FLOW-002;PVT-F300-BR-001;PVT-F300-BR-002;PVT-F300-DATA-001;PVT-F300-DATA-002;PVT-F300-VAL-001;PVT-F300-VAL-002;PVT-F300-CALC-001;PVT-F300-UX-001;PVT-F300-UX-002;PVT-F300-UX-003;PVT-F300-SEC-001;PVT-F300-SEC-002;PVT-F300-AUTO-001;PVT-F300-APP-001;PVT-F300-NOTIF-001;PVT-F300-REP-001;PVT-F300-AI-001;PVT-F300-INT-001;PVT-F300-INT-002;PVT-F300-API-001;PVT-F300-API-002;PVT-F300-PERF-001;PVT-F300-OBS-001;PVT-F300-E2E-001;PVT-F300-E2E-002;PVT-F300-UAT-001;PVT-F300-UAT-002,AUTHORIZED_BY_PASS_F_SUBJECT_TO_WAVE_DEPENDENCIES,NOT_READY
F301,Shift opening,Point of Sale,docs/03-modules/point-of-sale/features/F301-shift-opening.md,F301-CAP-001;F301-CAP-002;F301-CAP-003,F301-FLOW-001;F301-FLOW-002,F301-BR-001;F301-BR-002,F301-DATA-001;F301-DATA-002,F301-VAL-001;F301-VAL-002,F301-CALC-001,F301-UX-001;F301-UX-002;F301-UX-003,F301-SEC-001;F301-SEC-002,F301-INT-001;F301-INT-002,F301-API-001;F301-API-002,F301-E2E-001;F301-E2E-002,F301-UAT-001;F301-UAT-002,APPROVED,8,APPROVED,F301-PFC-01;F301-PFC-02;F301-PFC-03;F301-PFC-04;F301-PFC-05;F301-PFC-06;F301-PFC-07;F301-PFC-08;F301-PFC-09;F301-PFC-10,F301-STM-01;F301-STM-02;F301-STM-03;F301-STM-04;F301-STM-05,APPROVED,PFD-BM-F301-1;PFD-BM-F301-2,APPROVED,services/api/src/modules/point-of-sale,apps/web/src/modules/point-of-sale,FULL,W09,F301-E2E-001;F301-UAT-001;PVT-F301-CAP-001;PVT-F301-CAP-002;PVT-F301-CAP-003;PVT-F301-FR-001;PVT-F301-FR-002;PVT-F301-FR-003;PVT-F301-US-001;PVT-F301-US-002;PVT-F301-FLOW-001;PVT-F301-FLOW-002;PVT-F301-BR-001;PVT-F301-BR-002;PVT-F301-DATA-001;PVT-F301-DATA-002;PVT-F301-VAL-001;PVT-F301-VAL-002;PVT-F301-CALC-001;PVT-F301-UX-001;PVT-F301-UX-002;PVT-F301-UX-003;PVT-F301-SEC-001;PVT-F301-SEC-002;PVT-F301-AUTO-001;PVT-F301-APP-001;PVT-F301-NOTIF-001;PVT-F301-REP-001;PVT-F301-AI-001;PVT-F301-INT-001;PVT-F301-INT-002;PVT-F301-API-001;PVT-F301-API-002;PVT-F301-PERF-001;PVT-F301-OBS-001;PVT-F301-E2E-001;PVT-F301-E2E-002;PVT-F301-UAT-001;PVT-F301-UAT-002,AUTHORIZED_BY_PASS_F_SUBJECT_TO_WAVE_DEPENDENCIES,NOT_READY
F302,Shift closing,Point of Sale,docs/03-modules/point-of-sale/features/F302-shift-closing.md,F302-CAP-001;F302-CAP-002;F302-CAP-003,F302-FLOW-001;F302-FLOW-002,F302-BR-001;F302-BR-002,F302-DATA-001;F302-DATA-002,F302-VAL-001;F302-VAL-002,F302-CALC-001,F302-UX-001;F302-UX-002;F302-UX-003,F302-SEC-001;F302-SEC-002,F302-INT-001;F302-INT-002,F302-API-001;F302-API-002,F302-E2E-001;F302-E2E-002,F302-UAT-001;F302-UAT-002,APPROVED,8,APPROVED,F302-PFC-01;F302-PFC-02;F302-PFC-03;F302-PFC-04;F302-PFC-05;F302-PFC-06;F302-PFC-07;F302-PFC-08;F302-PFC-09;F302-PFC-10,F302-STM-01;F302-STM-02;F302-STM-03;F302-STM-04;F302-STM-05,APPROVED,PFD-BM-F302-1;PFD-BM-F302-2,APPROVED,services/api/src/modules/point-of-sale,apps/web/src/modules/point-of-sale,FULL,W09,F302-E2E-001;F302-UAT-001;PVT-F302-CAP-001;PVT-F302-CAP-002;PVT-F302-CAP-003;PVT-F302-FR-001;PVT-F302-FR-002;PVT-F302-FR-003;PVT-F302-US-001;PVT-F302-US-002;PVT-F302-FLOW-001;PVT-F302-FLOW-002;PVT-F302-BR-001;PVT-F302-BR-002;PVT-F302-DATA-001;PVT-F302-DATA-002;PVT-F302-VAL-001;PVT-F302-VAL-002;PVT-F302-CALC-001;PVT-F302-UX-001;PVT-F302-UX-002;PVT-F302-UX-003;PVT-F302-SEC-001;PVT-F302-SEC-002;PVT-F302-AUTO-001;PVT-F302-APP-001;PVT-F302-NOTIF-001;PVT-F302-REP-001;PVT-F302-AI-001;PVT-F302-INT-001;PVT-F302-INT-002;PVT-F302-API-001;PVT-F302-API-002;PVT-F302-PERF-001;PVT-F302-OBS-001;PVT-F302-E2E-001;PVT-F302-E2E-002;PVT-F302-UAT-001;PVT-F302-UAT-002,AUTHORIZED_BY_PASS_F_SUBJECT_TO_WAVE_DEPENDENCIES,NOT_READY
F303,Day-end / Z report,Point of Sale,docs/03-modules/point-of-sale/features/F303-day-end-z-report.md,F303-CAP-001;F303-CAP-002;F303-CAP-003,F303-FLOW-001;F303-FLOW-002,F303-BR-001;F303-BR-002,F303-DATA-001;F303-DATA-002,F303-VAL-001;F303-VAL-002,F303-CALC-001,F303-UX-001;F303-UX-002;F303-UX-003,F303-SEC-001;F303-SEC-002,F303-INT-001;F303-INT-002,F303-API-001;F303-API-002,F303-E2E-001;F303-E2E-002,F303-UAT-001;F303-UAT-002,APPROVED,8,APPROVED,F303-PFC-01;F303-PFC-02;F303-PFC-03;F303-PFC-04;F303-PFC-05;F303-PFC-06;F303-PFC-07;F303-PFC-08;F303-PFC-09;F303-PFC-10,F303-STM-01;F303-STM-02;F303-STM-03;F303-STM-04;F303-STM-05,APPROVED,PFD-BM-F303-1;PFD-BM-F303-2,APPROVED,services/api/src/modules/point-of-sale,apps/web/src/modules/point-of-sale,FULL,W09,F303-E2E-001;F303-UAT-001;PVT-F303-CAP-001;PVT-F303-CAP-002;PVT-F303-CAP-003;PVT-F303-FR-001;PVT-F303-FR-002;PVT-F303-FR-003;PVT-F303-US-001;PVT-F303-US-002;PVT-F303-FLOW-001;PVT-F303-FLOW-002;PVT-F303-BR-001;PVT-F303-BR-002;PVT-F303-DATA-001;PVT-F303-DATA-002;PVT-F303-VAL-001;PVT-F303-VAL-002;PVT-F303-CALC-001;PVT-F303-UX-001;PVT-F303-UX-002;PVT-F303-UX-003;PVT-F303-SEC-001;PVT-F303-SEC-002;PVT-F303-AUTO-001;PVT-F303-APP-001;PVT-F303-NOTIF-001;PVT-F303-REP-001;PVT-F303-AI-001;PVT-F303-INT-001;PVT-F303-INT-002;PVT-F303-API-001;PVT-F303-API-002;PVT-F303-PERF-001;PVT-F303-OBS-001;PVT-F303-E2E-001;PVT-F303-E2E-002;PVT-F303-UAT-001;PVT-F303-UAT-002,AUTHORIZED_BY_PASS_F_SUBJECT_TO_WAVE_DEPENDENCIES,NOT_READY
F304,Payment reconciliation,Point of Sale,docs/03-modules/point-of-sale/features/F304-payment-reconciliation.md,F304-CAP-001;F304-CAP-002;F304-CAP-003,F304-FLOW-001;F304-FLOW-002,F304-BR-001;F304-BR-002,F304-DATA-001;F304-DATA-002,F304-VAL-001;F304-VAL-002,F304-CALC-001,F304-UX-001;F304-UX-002;F304-UX-003,F304-SEC-001;F304-SEC-002,F304-INT-001;F304-INT-002,F304-API-001;F304-API-002,F304-E2E-001;F304-E2E-002,F304-UAT-001;F304-UAT-002,APPROVED,8,APPROVED,F304-PFC-01;F304-PFC-02;F304-PFC-03;F304-PFC-04;F304-PFC-05;F304-PFC-06;F304-PFC-07;F304-PFC-08;F304-PFC-09;F304-PFC-10,F304-STM-01;F304-STM-02;F304-STM-03;F304-STM-04;F304-STM-05,APPROVED,PFD-BM-F304-1;PFD-BM-F304-2,APPROVED,services/api/src/modules/point-of-sale,apps/web/src/modules/point-of-sale,FULL,W09,F304-E2E-001;F304-UAT-001;PVT-F304-CAP-001;PVT-F304-CAP-002;PVT-F304-CAP-003;PVT-F304-FR-001;PVT-F304-FR-002;PVT-F304-FR-003;PVT-F304-US-001;PVT-F304-US-002;PVT-F304-FLOW-001;PVT-F304-FLOW-002;PVT-F304-BR-001;PVT-F304-BR-002;PVT-F304-DATA-001;PVT-F304-DATA-002;PVT-F304-VAL-001;PVT-F304-VAL-002;PVT-F304-CALC-001;PVT-F304-UX-001;PVT-F304-UX-002;PVT-F304-UX-003;PVT-F304-SEC-001;PVT-F304-SEC-002;PVT-F304-AUTO-001;PVT-F304-APP-001;PVT-F304-NOTIF-001;PVT-F304-REP-001;PVT-F304-AI-001;PVT-F304-INT-001;PVT-F304-INT-002;PVT-F304-API-001;PVT-F304-API-002;PVT-F304-PERF-001;PVT-F304-OBS-001;PVT-F304-E2E-001;PVT-F304-E2E-002;PVT-F304-UAT-001;PVT-F304-UAT-002,AUTHORIZED_BY_PASS_F_SUBJECT_TO_WAVE_DEPENDENCIES,NOT_READY
F305,POS accounting posting,Point of Sale,docs/03-modules/point-of-sale/features/F305-pos-accounting-posting.md,F305-CAP-001;F305-CAP-002;F305-CAP-003,F305-FLOW-001;F305-FLOW-002,F305-BR-001;F305-BR-002,F305-DATA-001;F305-DATA-002,F305-VAL-001;F305-VAL-002,F305-CALC-001,F305-UX-001;F305-UX-002;F305-UX-003,F305-SEC-001;F305-SEC-002,F305-INT-001;F305-INT-002,F305-API-001;F305-API-002,F305-E2E-001;F305-E2E-002,F305-UAT-001;F305-UAT-002,APPROVED,8,APPROVED,F305-PFC-01;F305-PFC-02;F305-PFC-03;F305-PFC-04;F305-PFC-05;F305-PFC-06;F305-PFC-07;F305-PFC-08;F305-PFC-09;F305-PFC-10,F305-STM-01;F305-STM-02;F305-STM-03;F305-STM-04;F305-STM-05,APPROVED,PFD-BM-F305-1;PFD-BM-F305-2,APPROVED,services/api/src/modules/point-of-sale,apps/web/src/modules/point-of-sale,FULL,W09,F305-E2E-001;F305-UAT-001;PVT-F305-CAP-001;PVT-F305-CAP-002;PVT-F305-CAP-003;PVT-F305-FR-001;PVT-F305-FR-002;PVT-F305-FR-003;PVT-F305-US-001;PVT-F305-US-002;PVT-F305-FLOW-001;PVT-F305-FLOW-002;PVT-F305-BR-001;PVT-F305-BR-002;PVT-F305-DATA-001;PVT-F305-DATA-002;PVT-F305-VAL-001;PVT-F305-VAL-002;PVT-F305-CALC-001;PVT-F305-UX-001;PVT-F305-UX-002;PVT-F305-UX-003;PVT-F305-SEC-001;PVT-F305-SEC-002;PVT-F305-AUTO-001;PVT-F305-APP-001;PVT-F305-NOTIF-001;PVT-F305-REP-001;PVT-F305-AI-001;PVT-F305-INT-001;PVT-F305-INT-002;PVT-F305-API-001;PVT-F305-API-002;PVT-F305-PERF-001;PVT-F305-OBS-001;PVT-F305-E2E-001;PVT-F305-E2E-002;PVT-F305-UAT-001;PVT-F305-UAT-002,AUTHORIZED_BY_PASS_F_SUBJECT_TO_WAVE_DEPENDENCIES,NOT_READY
F306,Loyalty,Point of Sale,docs/03-modules/point-of-sale/features/F306-loyalty.md,F306-CAP-001;F306-CAP-002;F306-CAP-003,F306-FLOW-001;F306-FLOW-002,F306-BR-001;F306-BR-002,F306-DATA-001;F306-DATA-002,F306-VAL-001;F306-VAL-002,F306-CALC-001,F306-UX-001;F306-UX-002;F306-UX-003,F306-SEC-001;F306-SEC-002,F306-INT-001;F306-INT-002,F306-API-001;F306-API-002,F306-E2E-001;F306-E2E-002,F306-UAT-001;F306-UAT-002,APPROVED,8,APPROVED,F306-PFC-01;F306-PFC-02;F306-PFC-03;F306-PFC-04;F306-PFC-05;F306-PFC-06;F306-PFC-07;F306-PFC-08;F306-PFC-09;F306-PFC-10,F306-STM-01;F306-STM-02;F306-STM-03;F306-STM-04;F306-STM-05,APPROVED,PFD-BM-F306-1;PFD-BM-F306-2,APPROVED,services/api/src/modules/point-of-sale,apps/web/src/modules/point-of-sale,FULL,W09,F306-E2E-001;F306-UAT-001;PVT-F306-CAP-001;PVT-F306-CAP-002;PVT-F306-CAP-003;PVT-F306-FR-001;PVT-F306-FR-002;PVT-F306-FR-003;PVT-F306-US-001;PVT-F306-US-002;PVT-F306-FLOW-001;PVT-F306-FLOW-002;PVT-F306-BR-001;PVT-F306-BR-002;PVT-F306-DATA-001;PVT-F306-DATA-002;PVT-F306-VAL-001;PVT-F306-VAL-002;PVT-F306-CALC-001;PVT-F306-UX-001;PVT-F306-UX-002;PVT-F306-UX-003;PVT-F306-SEC-001;PVT-F306-SEC-002;PVT-F306-AUTO-001;PVT-F306-APP-001;PVT-F306-NOTIF-001;PVT-F306-REP-001;PVT-F306-AI-001;PVT-F306-INT-001;PVT-F306-INT-002;PVT-F306-API-001;PVT-F306-API-002;PVT-F306-PERF-001;PVT-F306-OBS-001;PVT-F306-E2E-001;PVT-F306-E2E-002;PVT-F306-UAT-001;PVT-F306-UAT-002,AUTHORIZED_BY_PASS_F_SUBJECT_TO_WAVE_DEPENDENCIES,NOT_READY
F307,POS sales analytics,Point of Sale,docs/03-modules/point-of-sale/features/F307-pos-sales-analytics.md,F307-CAP-001;F307-CAP-002;F307-CAP-003,F307-FLOW-001;F307-FLOW-002,F307-BR-001;F307-BR-002,F307-DATA-001;F307-DATA-002,F307-VAL-001;F307-VAL-002,F307-CALC-001,F307-UX-001;F307-UX-002;F307-UX-003,F307-SEC-001;F307-SEC-002,F307-INT-001;F307-INT-002,F307-API-001;F307-API-002,F307-E2E-001;F307-E2E-002,F307-UAT-001;F307-UAT-002,APPROVED,8,APPROVED,F307-PFC-01;F307-PFC-02;F307-PFC-03;F307-PFC-04;F307-PFC-05;F307-PFC-06;F307-PFC-07;F307-PFC-08;F307-PFC-09;F307-PFC-10,F307-STM-01;F307-STM-02;F307-STM-03;F307-STM-04;F307-STM-05,APPROVED,PFD-BM-F307-1;PFD-BM-F307-2,APPROVED,services/api/src/modules/point-of-sale,apps/web/src/modules/point-of-sale,FULL,W09,F307-E2E-001;F307-UAT-001;PVT-F307-CAP-001;PVT-F307-CAP-002;PVT-F307-CAP-003;PVT-F307-FR-001;PVT-F307-FR-002;PVT-F307-FR-003;PVT-F307-US-001;PVT-F307-US-002;PVT-F307-FLOW-001;PVT-F307-FLOW-002;PVT-F307-BR-001;PVT-F307-BR-002;PVT-F307-DATA-001;PVT-F307-DATA-002;PVT-F307-VAL-001;PVT-F307-VAL-002;PVT-F307-CALC-001;PVT-F307-UX-001;PVT-F307-UX-002;PVT-F307-UX-003;PVT-F307-SEC-001;PVT-F307-SEC-002;PVT-F307-AUTO-001;PVT-F307-APP-001;PVT-F307-NOTIF-001;PVT-F307-REP-001;PVT-F307-AI-001;PVT-F307-INT-001;PVT-F307-INT-002;PVT-F307-API-001;PVT-F307-API-002;PVT-F307-PERF-001;PVT-F307-OBS-001;PVT-F307-E2E-001;PVT-F307-E2E-002;PVT-F307-UAT-001;PVT-F307-UAT-002,AUTHORIZED_BY_PASS_F_SUBJECT_TO_WAVE_DEPENDENCIES,NOT_READY
F308,Quality standards,Quality,docs/03-modules/quality/features/F308-quality-standards.md,F308-CAP-001;F308-CAP-002;F308-CAP-003,F308-FLOW-001;F308-FLOW-002,F308-BR-001;F308-BR-002,F308-DATA-001;F308-DATA-002,F308-VAL-001;F308-VAL-002,F308-CALC-001,F308-UX-001;F308-UX-002;F308-UX-003,F308-SEC-001;F308-SEC-002,F308-INT-001;F308-INT-002,F308-API-001;F308-API-002,F308-E2E-001;F308-E2E-002,F308-UAT-001;F308-UAT-002,APPROVED,8,APPROVED,F308-PFC-01;F308-PFC-02;F308-PFC-03;F308-PFC-04;F308-PFC-05;F308-PFC-06;F308-PFC-07;F308-PFC-08;F308-PFC-09;F308-PFC-10,F308-STM-01;F308-STM-02;F308-STM-03;F308-STM-04;F308-STM-05,APPROVED,PFD-BM-F308-1;PFD-BM-F308-2,APPROVED,services/api/src/modules/quality,apps/web/src/modules/quality,READ_ONLY,W07,F308-E2E-001;F308-UAT-001;PVT-F308-CAP-001;PVT-F308-CAP-002;PVT-F308-CAP-003;PVT-F308-FR-001;PVT-F308-FR-002;PVT-F308-FR-003;PVT-F308-US-001;PVT-F308-US-002;PVT-F308-FLOW-001;PVT-F308-FLOW-002;PVT-F308-BR-001;PVT-F308-BR-002;PVT-F308-DATA-001;PVT-F308-DATA-002;PVT-F308-VAL-001;PVT-F308-VAL-002;PVT-F308-CALC-001;PVT-F308-UX-001;PVT-F308-UX-002;PVT-F308-UX-003;PVT-F308-SEC-001;PVT-F308-SEC-002;PVT-F308-AUTO-001;PVT-F308-APP-001;PVT-F308-NOTIF-001;PVT-F308-REP-001;PVT-F308-AI-001;PVT-F308-INT-001;PVT-F308-INT-002;PVT-F308-API-001;PVT-F308-API-002;PVT-F308-PERF-001;PVT-F308-OBS-001;PVT-F308-E2E-001;PVT-F308-E2E-002;PVT-F308-UAT-001;PVT-F308-UAT-002,AUTHORIZED_BY_PASS_F_SUBJECT_TO_WAVE_DEPENDENCIES,NOT_READY
F309,Inspection specifications,Quality,docs/03-modules/quality/features/F309-inspection-specifications.md,F309-CAP-001;F309-CAP-002;F309-CAP-003,F309-FLOW-001;F309-FLOW-002,F309-BR-001;F309-BR-002,F309-DATA-001;F309-DATA-002,F309-VAL-001;F309-VAL-002,F309-CALC-001,F309-UX-001;F309-UX-002;F309-UX-003,F309-SEC-001;F309-SEC-002,F309-INT-001;F309-INT-002,F309-API-001;F309-API-002,F309-E2E-001;F309-E2E-002,F309-UAT-001;F309-UAT-002,APPROVED,8,APPROVED,F309-PFC-01;F309-PFC-02;F309-PFC-03;F309-PFC-04;F309-PFC-05;F309-PFC-06;F309-PFC-07;F309-PFC-08;F309-PFC-09;F309-PFC-10,F309-STM-01;F309-STM-02;F309-STM-03;F309-STM-04;F309-STM-05,APPROVED,PFD-BM-F309-1;PFD-BM-F309-2,APPROVED,services/api/src/modules/quality,apps/web/src/modules/quality,FIELD_OPTIMIZED,W07,F309-E2E-001;F309-UAT-001;PVT-F309-CAP-001;PVT-F309-CAP-002;PVT-F309-CAP-003;PVT-F309-FR-001;PVT-F309-FR-002;PVT-F309-FR-003;PVT-F309-US-001;PVT-F309-US-002;PVT-F309-FLOW-001;PVT-F309-FLOW-002;PVT-F309-BR-001;PVT-F309-BR-002;PVT-F309-DATA-001;PVT-F309-DATA-002;PVT-F309-VAL-001;PVT-F309-VAL-002;PVT-F309-CALC-001;PVT-F309-UX-001;PVT-F309-UX-002;PVT-F309-UX-003;PVT-F309-SEC-001;PVT-F309-SEC-002;PVT-F309-AUTO-001;PVT-F309-APP-001;PVT-F309-NOTIF-001;PVT-F309-REP-001;PVT-F309-AI-001;PVT-F309-INT-001;PVT-F309-INT-002;PVT-F309-API-001;PVT-F309-API-002;PVT-F309-PERF-001;PVT-F309-OBS-001;PVT-F309-E2E-001;PVT-F309-E2E-002;PVT-F309-UAT-001;PVT-F309-UAT-002,AUTHORIZED_BY_PASS_F_SUBJECT_TO_WAVE_DEPENDENCIES,NOT_READY
F310,Quality plans,Quality,docs/03-modules/quality/features/F310-quality-plans.md,F310-CAP-001;F310-CAP-002;F310-CAP-003,F310-FLOW-001;F310-FLOW-002,F310-BR-001;F310-BR-002,F310-DATA-001;F310-DATA-002,F310-VAL-001;F310-VAL-002,F310-CALC-001,F310-UX-001;F310-UX-002;F310-UX-003,F310-SEC-001;F310-SEC-002,F310-INT-001;F310-INT-002,F310-API-001;F310-API-002,F310-E2E-001;F310-E2E-002,F310-UAT-001;F310-UAT-002,APPROVED,8,APPROVED,F310-PFC-01;F310-PFC-02;F310-PFC-03;F310-PFC-04;F310-PFC-05;F310-PFC-06;F310-PFC-07;F310-PFC-08;F310-PFC-09;F310-PFC-10,F310-STM-01;F310-STM-02;F310-STM-03;F310-STM-04;F310-STM-05,APPROVED,PFD-BM-F310-1;PFD-BM-F310-2,APPROVED,services/api/src/modules/quality,apps/web/src/modules/quality,READ_ONLY,W07,F310-E2E-001;F310-UAT-001;PVT-F310-CAP-001;PVT-F310-CAP-002;PVT-F310-CAP-003;PVT-F310-FR-001;PVT-F310-FR-002;PVT-F310-FR-003;PVT-F310-US-001;PVT-F310-US-002;PVT-F310-FLOW-001;PVT-F310-FLOW-002;PVT-F310-BR-001;PVT-F310-BR-002;PVT-F310-DATA-001;PVT-F310-DATA-002;PVT-F310-VAL-001;PVT-F310-VAL-002;PVT-F310-CALC-001;PVT-F310-UX-001;PVT-F310-UX-002;PVT-F310-UX-003;PVT-F310-SEC-001;PVT-F310-SEC-002;PVT-F310-AUTO-001;PVT-F310-APP-001;PVT-F310-NOTIF-001;PVT-F310-REP-001;PVT-F310-AI-001;PVT-F310-INT-001;PVT-F310-INT-002;PVT-F310-API-001;PVT-F310-API-002;PVT-F310-PERF-001;PVT-F310-OBS-001;PVT-F310-E2E-001;PVT-F310-E2E-002;PVT-F310-UAT-001;PVT-F310-UAT-002,AUTHORIZED_BY_PASS_F_SUBJECT_TO_WAVE_DEPENDENCIES,NOT_READY
F311,Quality control points,Quality,docs/03-modules/quality/features/F311-quality-control-points.md,F311-CAP-001;F311-CAP-002;F311-CAP-003,F311-FLOW-001;F311-FLOW-002,F311-BR-001;F311-BR-002,F311-DATA-001;F311-DATA-002,F311-VAL-001;F311-VAL-002,F311-CALC-001,F311-UX-001;F311-UX-002;F311-UX-003,F311-SEC-001;F311-SEC-002,F311-INT-001;F311-INT-002,F311-API-001;F311-API-002,F311-E2E-001;F311-E2E-002,F311-UAT-001;F311-UAT-002,APPROVED,8,APPROVED,F311-PFC-01;F311-PFC-02;F311-PFC-03;F311-PFC-04;F311-PFC-05;F311-PFC-06;F311-PFC-07;F311-PFC-08;F311-PFC-09;F311-PFC-10,F311-STM-01;F311-STM-02;F311-STM-03;F311-STM-04;F311-STM-05,APPROVED,PFD-BM-F311-1;PFD-BM-F311-2,APPROVED,services/api/src/modules/quality,apps/web/src/modules/quality,READ_ONLY,W07,F311-E2E-001;F311-UAT-001;PVT-F311-CAP-001;PVT-F311-CAP-002;PVT-F311-CAP-003;PVT-F311-FR-001;PVT-F311-FR-002;PVT-F311-FR-003;PVT-F311-US-001;PVT-F311-US-002;PVT-F311-FLOW-001;PVT-F311-FLOW-002;PVT-F311-BR-001;PVT-F311-BR-002;PVT-F311-DATA-001;PVT-F311-DATA-002;PVT-F311-VAL-001;PVT-F311-VAL-002;PVT-F311-CALC-001;PVT-F311-UX-001;PVT-F311-UX-002;PVT-F311-UX-003;PVT-F311-SEC-001;PVT-F311-SEC-002;PVT-F311-AUTO-001;PVT-F311-APP-001;PVT-F311-NOTIF-001;PVT-F311-REP-001;PVT-F311-AI-001;PVT-F311-INT-001;PVT-F311-INT-002;PVT-F311-API-001;PVT-F311-API-002;PVT-F311-PERF-001;PVT-F311-OBS-001;PVT-F311-E2E-001;PVT-F311-E2E-002;PVT-F311-UAT-001;PVT-F311-UAT-002,AUTHORIZED_BY_PASS_F_SUBJECT_TO_WAVE_DEPENDENCIES,NOT_READY
F312,Incoming inspection,Quality,docs/03-modules/quality/features/F312-incoming-inspection.md,F312-CAP-001;F312-CAP-002;F312-CAP-003,F312-FLOW-001;F312-FLOW-002,F312-BR-001;F312-BR-002,F312-DATA-001;F312-DATA-002,F312-VAL-001;F312-VAL-002,F312-CALC-001,F312-UX-001;F312-UX-002;F312-UX-003,F312-SEC-001;F312-SEC-002,F312-INT-001;F312-INT-002,F312-API-001;F312-API-002,F312-E2E-001;F312-E2E-002,F312-UAT-001;F312-UAT-002,APPROVED,8,APPROVED,F312-PFC-01;F312-PFC-02;F312-PFC-03;F312-PFC-04;F312-PFC-05;F312-PFC-06;F312-PFC-07;F312-PFC-08;F312-PFC-09;F312-PFC-10,F312-STM-01;F312-STM-02;F312-STM-03;F312-STM-04;F312-STM-05,APPROVED,PFD-BM-F312-1;PFD-BM-F312-2,APPROVED,services/api/src/modules/quality,apps/web/src/modules/quality,FIELD_OPTIMIZED,W07,F312-E2E-001;F312-UAT-001;PVT-F312-CAP-001;PVT-F312-CAP-002;PVT-F312-CAP-003;PVT-F312-FR-001;PVT-F312-FR-002;PVT-F312-FR-003;PVT-F312-US-001;PVT-F312-US-002;PVT-F312-FLOW-001;PVT-F312-FLOW-002;PVT-F312-BR-001;PVT-F312-BR-002;PVT-F312-DATA-001;PVT-F312-DATA-002;PVT-F312-VAL-001;PVT-F312-VAL-002;PVT-F312-CALC-001;PVT-F312-UX-001;PVT-F312-UX-002;PVT-F312-UX-003;PVT-F312-SEC-001;PVT-F312-SEC-002;PVT-F312-AUTO-001;PVT-F312-APP-001;PVT-F312-NOTIF-001;PVT-F312-REP-001;PVT-F312-AI-001;PVT-F312-INT-001;PVT-F312-INT-002;PVT-F312-API-001;PVT-F312-API-002;PVT-F312-PERF-001;PVT-F312-OBS-001;PVT-F312-E2E-001;PVT-F312-E2E-002;PVT-F312-UAT-001;PVT-F312-UAT-002,AUTHORIZED_BY_PASS_F_SUBJECT_TO_WAVE_DEPENDENCIES,NOT_READY
F313,In-process inspection,Quality,docs/03-modules/quality/features/F313-in-process-inspection.md,F313-CAP-001;F313-CAP-002;F313-CAP-003,F313-FLOW-001;F313-FLOW-002,F313-BR-001;F313-BR-002,F313-DATA-001;F313-DATA-002,F313-VAL-001;F313-VAL-002,F313-CALC-001,F313-UX-001;F313-UX-002;F313-UX-003,F313-SEC-001;F313-SEC-002,F313-INT-001;F313-INT-002,F313-API-001;F313-API-002,F313-E2E-001;F313-E2E-002,F313-UAT-001;F313-UAT-002,APPROVED,8,APPROVED,F313-PFC-01;F313-PFC-02;F313-PFC-03;F313-PFC-04;F313-PFC-05;F313-PFC-06;F313-PFC-07;F313-PFC-08;F313-PFC-09;F313-PFC-10,F313-STM-01;F313-STM-02;F313-STM-03;F313-STM-04;F313-STM-05,APPROVED,PFD-BM-F313-1;PFD-BM-F313-2,APPROVED,services/api/src/modules/quality,apps/web/src/modules/quality,FIELD_OPTIMIZED,W07,F313-E2E-001;F313-UAT-001;PVT-F313-CAP-001;PVT-F313-CAP-002;PVT-F313-CAP-003;PVT-F313-FR-001;PVT-F313-FR-002;PVT-F313-FR-003;PVT-F313-US-001;PVT-F313-US-002;PVT-F313-FLOW-001;PVT-F313-FLOW-002;PVT-F313-BR-001;PVT-F313-BR-002;PVT-F313-DATA-001;PVT-F313-DATA-002;PVT-F313-VAL-001;PVT-F313-VAL-002;PVT-F313-CALC-001;PVT-F313-UX-001;PVT-F313-UX-002;PVT-F313-UX-003;PVT-F313-SEC-001;PVT-F313-SEC-002;PVT-F313-AUTO-001;PVT-F313-APP-001;PVT-F313-NOTIF-001;PVT-F313-REP-001;PVT-F313-AI-001;PVT-F313-INT-001;PVT-F313-INT-002;PVT-F313-API-001;PVT-F313-API-002;PVT-F313-PERF-001;PVT-F313-OBS-001;PVT-F313-E2E-001;PVT-F313-E2E-002;PVT-F313-UAT-001;PVT-F313-UAT-002,AUTHORIZED_BY_PASS_F_SUBJECT_TO_WAVE_DEPENDENCIES,NOT_READY
F314,Final inspection,Quality,docs/03-modules/quality/features/F314-final-inspection.md,F314-CAP-001;F314-CAP-002;F314-CAP-003,F314-FLOW-001;F314-FLOW-002,F314-BR-001;F314-BR-002,F314-DATA-001;F314-DATA-002,F314-VAL-001;F314-VAL-002,F314-CALC-001,F314-UX-001;F314-UX-002;F314-UX-003,F314-SEC-001;F314-SEC-002,F314-INT-001;F314-INT-002,F314-API-001;F314-API-002,F314-E2E-001;F314-E2E-002,F314-UAT-001;F314-UAT-002,APPROVED,8,APPROVED,F314-PFC-01;F314-PFC-02;F314-PFC-03;F314-PFC-04;F314-PFC-05;F314-PFC-06;F314-PFC-07;F314-PFC-08;F314-PFC-09;F314-PFC-10,F314-STM-01;F314-STM-02;F314-STM-03;F314-STM-04;F314-STM-05,APPROVED,PFD-BM-F314-1;PFD-BM-F314-2,APPROVED,services/api/src/modules/quality,apps/web/src/modules/quality,FIELD_OPTIMIZED,W07,F314-E2E-001;F314-UAT-001;PVT-F314-CAP-001;PVT-F314-CAP-002;PVT-F314-CAP-003;PVT-F314-FR-001;PVT-F314-FR-002;PVT-F314-FR-003;PVT-F314-US-001;PVT-F314-US-002;PVT-F314-FLOW-001;PVT-F314-FLOW-002;PVT-F314-BR-001;PVT-F314-BR-002;PVT-F314-DATA-001;PVT-F314-DATA-002;PVT-F314-VAL-001;PVT-F314-VAL-002;PVT-F314-CALC-001;PVT-F314-UX-001;PVT-F314-UX-002;PVT-F314-UX-003;PVT-F314-SEC-001;PVT-F314-SEC-002;PVT-F314-AUTO-001;PVT-F314-APP-001;PVT-F314-NOTIF-001;PVT-F314-REP-001;PVT-F314-AI-001;PVT-F314-INT-001;PVT-F314-INT-002;PVT-F314-API-001;PVT-F314-API-002;PVT-F314-PERF-001;PVT-F314-OBS-001;PVT-F314-E2E-001;PVT-F314-E2E-002;PVT-F314-UAT-001;PVT-F314-UAT-002,AUTHORIZED_BY_PASS_F_SUBJECT_TO_WAVE_DEPENDENCIES,NOT_READY
F315,Sampling plans,Quality,docs/03-modules/quality/features/F315-sampling-plans.md,F315-CAP-001;F315-CAP-002;F315-CAP-003,F315-FLOW-001;F315-FLOW-002,F315-BR-001;F315-BR-002,F315-DATA-001;F315-DATA-002,F315-VAL-001;F315-VAL-002,F315-CALC-001,F315-UX-001;F315-UX-002;F315-UX-003,F315-SEC-001;F315-SEC-002,F315-INT-001;F315-INT-002,F315-API-001;F315-API-002,F315-E2E-001;F315-E2E-002,F315-UAT-001;F315-UAT-002,APPROVED,8,APPROVED,F315-PFC-01;F315-PFC-02;F315-PFC-03;F315-PFC-04;F315-PFC-05;F315-PFC-06;F315-PFC-07;F315-PFC-08;F315-PFC-09;F315-PFC-10,F315-STM-01;F315-STM-02;F315-STM-03;F315-STM-04;F315-STM-05,APPROVED,PFD-BM-F315-1;PFD-BM-F315-2,APPROVED,services/api/src/modules/quality,apps/web/src/modules/quality,READ_ONLY,W07,F315-E2E-001;F315-UAT-001;PVT-F315-CAP-001;PVT-F315-CAP-002;PVT-F315-CAP-003;PVT-F315-FR-001;PVT-F315-FR-002;PVT-F315-FR-003;PVT-F315-US-001;PVT-F315-US-002;PVT-F315-FLOW-001;PVT-F315-FLOW-002;PVT-F315-BR-001;PVT-F315-BR-002;PVT-F315-DATA-001;PVT-F315-DATA-002;PVT-F315-VAL-001;PVT-F315-VAL-002;PVT-F315-CALC-001;PVT-F315-UX-001;PVT-F315-UX-002;PVT-F315-UX-003;PVT-F315-SEC-001;PVT-F315-SEC-002;PVT-F315-AUTO-001;PVT-F315-APP-001;PVT-F315-NOTIF-001;PVT-F315-REP-001;PVT-F315-AI-001;PVT-F315-INT-001;PVT-F315-INT-002;PVT-F315-API-001;PVT-F315-API-002;PVT-F315-PERF-001;PVT-F315-OBS-001;PVT-F315-E2E-001;PVT-F315-E2E-002;PVT-F315-UAT-001;PVT-F315-UAT-002,AUTHORIZED_BY_PASS_F_SUBJECT_TO_WAVE_DEPENDENCIES,NOT_READY
F316,Measurement checks,Quality,docs/03-modules/quality/features/F316-measurement-checks.md,F316-CAP-001;F316-CAP-002;F316-CAP-003,F316-FLOW-001;F316-FLOW-002,F316-BR-001;F316-BR-002,F316-DATA-001;F316-DATA-002,F316-VAL-001;F316-VAL-002,F316-CALC-001,F316-UX-001;F316-UX-002;F316-UX-003,F316-SEC-001;F316-SEC-002,F316-INT-001;F316-INT-002,F316-API-001;F316-API-002,F316-E2E-001;F316-E2E-002,F316-UAT-001;F316-UAT-002,APPROVED,8,APPROVED,F316-PFC-01;F316-PFC-02;F316-PFC-03;F316-PFC-04;F316-PFC-05;F316-PFC-06;F316-PFC-07;F316-PFC-08;F316-PFC-09;F316-PFC-10,F316-STM-01;F316-STM-02;F316-STM-03;F316-STM-04;F316-STM-05,APPROVED,PFD-BM-F316-1;PFD-BM-F316-2,APPROVED,services/api/src/modules/quality,apps/web/src/modules/quality,READ_ONLY,W07,F316-E2E-001;F316-UAT-001;PVT-F316-CAP-001;PVT-F316-CAP-002;PVT-F316-CAP-003;PVT-F316-FR-001;PVT-F316-FR-002;PVT-F316-FR-003;PVT-F316-US-001;PVT-F316-US-002;PVT-F316-FLOW-001;PVT-F316-FLOW-002;PVT-F316-BR-001;PVT-F316-BR-002;PVT-F316-DATA-001;PVT-F316-DATA-002;PVT-F316-VAL-001;PVT-F316-VAL-002;PVT-F316-CALC-001;PVT-F316-UX-001;PVT-F316-UX-002;PVT-F316-UX-003;PVT-F316-SEC-001;PVT-F316-SEC-002;PVT-F316-AUTO-001;PVT-F316-APP-001;PVT-F316-NOTIF-001;PVT-F316-REP-001;PVT-F316-AI-001;PVT-F316-INT-001;PVT-F316-INT-002;PVT-F316-API-001;PVT-F316-API-002;PVT-F316-PERF-001;PVT-F316-OBS-001;PVT-F316-E2E-001;PVT-F316-E2E-002;PVT-F316-UAT-001;PVT-F316-UAT-002,AUTHORIZED_BY_PASS_F_SUBJECT_TO_WAVE_DEPENDENCIES,NOT_READY
F317,Pass / fail checks,Quality,docs/03-modules/quality/features/F317-pass-fail-checks.md,F317-CAP-001;F317-CAP-002;F317-CAP-003,F317-FLOW-001;F317-FLOW-002,F317-BR-001;F317-BR-002,F317-DATA-001;F317-DATA-002,F317-VAL-001;F317-VAL-002,F317-CALC-001,F317-UX-001;F317-UX-002;F317-UX-003,F317-SEC-001;F317-SEC-002,F317-INT-001;F317-INT-002,F317-API-001;F317-API-002,F317-E2E-001;F317-E2E-002,F317-UAT-001;F317-UAT-002,APPROVED,8,APPROVED,F317-PFC-01;F317-PFC-02;F317-PFC-03;F317-PFC-04;F317-PFC-05;F317-PFC-06;F317-PFC-07;F317-PFC-08;F317-PFC-09;F317-PFC-10,F317-STM-01;F317-STM-02;F317-STM-03;F317-STM-04;F317-STM-05,APPROVED,PFD-BM-F317-1;PFD-BM-F317-2,APPROVED,services/api/src/modules/quality,apps/web/src/modules/quality,READ_ONLY,W07,F317-E2E-001;F317-UAT-001;PVT-F317-CAP-001;PVT-F317-CAP-002;PVT-F317-CAP-003;PVT-F317-FR-001;PVT-F317-FR-002;PVT-F317-FR-003;PVT-F317-US-001;PVT-F317-US-002;PVT-F317-FLOW-001;PVT-F317-FLOW-002;PVT-F317-BR-001;PVT-F317-BR-002;PVT-F317-DATA-001;PVT-F317-DATA-002;PVT-F317-VAL-001;PVT-F317-VAL-002;PVT-F317-CALC-001;PVT-F317-UX-001;PVT-F317-UX-002;PVT-F317-UX-003;PVT-F317-SEC-001;PVT-F317-SEC-002;PVT-F317-AUTO-001;PVT-F317-APP-001;PVT-F317-NOTIF-001;PVT-F317-REP-001;PVT-F317-AI-001;PVT-F317-INT-001;PVT-F317-INT-002;PVT-F317-API-001;PVT-F317-API-002;PVT-F317-PERF-001;PVT-F317-OBS-001;PVT-F317-E2E-001;PVT-F317-E2E-002;PVT-F317-UAT-001;PVT-F317-UAT-002,AUTHORIZED_BY_PASS_F_SUBJECT_TO_WAVE_DEPENDENCIES,NOT_READY
F318,Tolerances,Quality,docs/03-modules/quality/features/F318-tolerances.md,F318-CAP-001;F318-CAP-002;F318-CAP-003,F318-FLOW-001;F318-FLOW-002,F318-BR-001;F318-BR-002,F318-DATA-001;F318-DATA-002,F318-VAL-001;F318-VAL-002,F318-CALC-001,F318-UX-001;F318-UX-002;F318-UX-003,F318-SEC-001;F318-SEC-002,F318-INT-001;F318-INT-002,F318-API-001;F318-API-002,F318-E2E-001;F318-E2E-002,F318-UAT-001;F318-UAT-002,APPROVED,8,APPROVED,F318-PFC-01;F318-PFC-02;F318-PFC-03;F318-PFC-04;F318-PFC-05;F318-PFC-06;F318-PFC-07;F318-PFC-08;F318-PFC-09;F318-PFC-10,F318-STM-01;F318-STM-02;F318-STM-03;F318-STM-04;F318-STM-05,APPROVED,PFD-BM-F318-1;PFD-BM-F318-2,APPROVED,services/api/src/modules/quality,apps/web/src/modules/quality,READ_ONLY,W07,F318-E2E-001;F318-UAT-001;PVT-F318-CAP-001;PVT-F318-CAP-002;PVT-F318-CAP-003;PVT-F318-FR-001;PVT-F318-FR-002;PVT-F318-FR-003;PVT-F318-US-001;PVT-F318-US-002;PVT-F318-FLOW-001;PVT-F318-FLOW-002;PVT-F318-BR-001;PVT-F318-BR-002;PVT-F318-DATA-001;PVT-F318-DATA-002;PVT-F318-VAL-001;PVT-F318-VAL-002;PVT-F318-CALC-001;PVT-F318-UX-001;PVT-F318-UX-002;PVT-F318-UX-003;PVT-F318-SEC-001;PVT-F318-SEC-002;PVT-F318-AUTO-001;PVT-F318-APP-001;PVT-F318-NOTIF-001;PVT-F318-REP-001;PVT-F318-AI-001;PVT-F318-INT-001;PVT-F318-INT-002;PVT-F318-API-001;PVT-F318-API-002;PVT-F318-PERF-001;PVT-F318-OBS-001;PVT-F318-E2E-001;PVT-F318-E2E-002;PVT-F318-UAT-001;PVT-F318-UAT-002,AUTHORIZED_BY_PASS_F_SUBJECT_TO_WAVE_DEPENDENCIES,NOT_READY
F319,Inspection results,Quality,docs/03-modules/quality/features/F319-inspection-results.md,F319-CAP-001;F319-CAP-002;F319-CAP-003,F319-FLOW-001;F319-FLOW-002,F319-BR-001;F319-BR-002,F319-DATA-001;F319-DATA-002,F319-VAL-001;F319-VAL-002,F319-CALC-001,F319-UX-001;F319-UX-002;F319-UX-003,F319-SEC-001;F319-SEC-002,F319-INT-001;F319-INT-002,F319-API-001;F319-API-002,F319-E2E-001;F319-E2E-002,F319-UAT-001;F319-UAT-002,APPROVED,8,APPROVED,F319-PFC-01;F319-PFC-02;F319-PFC-03;F319-PFC-04;F319-PFC-05;F319-PFC-06;F319-PFC-07;F319-PFC-08;F319-PFC-09;F319-PFC-10,F319-STM-01;F319-STM-02;F319-STM-03;F319-STM-04;F319-STM-05,APPROVED,PFD-BM-F319-1;PFD-BM-F319-2,APPROVED,services/api/src/modules/quality,apps/web/src/modules/quality,FIELD_OPTIMIZED,W07,F319-E2E-001;F319-UAT-001;PVT-F319-CAP-001;PVT-F319-CAP-002;PVT-F319-CAP-003;PVT-F319-FR-001;PVT-F319-FR-002;PVT-F319-FR-003;PVT-F319-US-001;PVT-F319-US-002;PVT-F319-FLOW-001;PVT-F319-FLOW-002;PVT-F319-BR-001;PVT-F319-BR-002;PVT-F319-DATA-001;PVT-F319-DATA-002;PVT-F319-VAL-001;PVT-F319-VAL-002;PVT-F319-CALC-001;PVT-F319-UX-001;PVT-F319-UX-002;PVT-F319-UX-003;PVT-F319-SEC-001;PVT-F319-SEC-002;PVT-F319-AUTO-001;PVT-F319-APP-001;PVT-F319-NOTIF-001;PVT-F319-REP-001;PVT-F319-AI-001;PVT-F319-INT-001;PVT-F319-INT-002;PVT-F319-API-001;PVT-F319-API-002;PVT-F319-PERF-001;PVT-F319-OBS-001;PVT-F319-E2E-001;PVT-F319-E2E-002;PVT-F319-UAT-001;PVT-F319-UAT-002,AUTHORIZED_BY_PASS_F_SUBJECT_TO_WAVE_DEPENDENCIES,NOT_READY
F320,Defect recording,Quality,docs/03-modules/quality/features/F320-defect-recording.md,F320-CAP-001;F320-CAP-002;F320-CAP-003,F320-FLOW-001;F320-FLOW-002,F320-BR-001;F320-BR-002,F320-DATA-001;F320-DATA-002,F320-VAL-001;F320-VAL-002,F320-CALC-001,F320-UX-001;F320-UX-002;F320-UX-003,F320-SEC-001;F320-SEC-002,F320-INT-001;F320-INT-002,F320-API-001;F320-API-002,F320-E2E-001;F320-E2E-002,F320-UAT-001;F320-UAT-002,APPROVED,8,APPROVED,F320-PFC-01;F320-PFC-02;F320-PFC-03;F320-PFC-04;F320-PFC-05;F320-PFC-06;F320-PFC-07;F320-PFC-08;F320-PFC-09;F320-PFC-10,F320-STM-01;F320-STM-02;F320-STM-03;F320-STM-04;F320-STM-05,APPROVED,PFD-BM-F320-1;PFD-BM-F320-2,APPROVED,services/api/src/modules/quality,apps/web/src/modules/quality,READ_ONLY,W07,F320-E2E-001;F320-UAT-001;PVT-F320-CAP-001;PVT-F320-CAP-002;PVT-F320-CAP-003;PVT-F320-FR-001;PVT-F320-FR-002;PVT-F320-FR-003;PVT-F320-US-001;PVT-F320-US-002;PVT-F320-FLOW-001;PVT-F320-FLOW-002;PVT-F320-BR-001;PVT-F320-BR-002;PVT-F320-DATA-001;PVT-F320-DATA-002;PVT-F320-VAL-001;PVT-F320-VAL-002;PVT-F320-CALC-001;PVT-F320-UX-001;PVT-F320-UX-002;PVT-F320-UX-003;PVT-F320-SEC-001;PVT-F320-SEC-002;PVT-F320-AUTO-001;PVT-F320-APP-001;PVT-F320-NOTIF-001;PVT-F320-REP-001;PVT-F320-AI-001;PVT-F320-INT-001;PVT-F320-INT-002;PVT-F320-API-001;PVT-F320-API-002;PVT-F320-PERF-001;PVT-F320-OBS-001;PVT-F320-E2E-001;PVT-F320-E2E-002;PVT-F320-UAT-001;PVT-F320-UAT-002,AUTHORIZED_BY_PASS_F_SUBJECT_TO_WAVE_DEPENDENCIES,NOT_READY
F321,Non-conformance / NCR,Quality,docs/03-modules/quality/features/F321-non-conformance-ncr.md,F321-CAP-001;F321-CAP-002;F321-CAP-003,F321-FLOW-001;F321-FLOW-002,F321-BR-001;F321-BR-002,F321-DATA-001;F321-DATA-002,F321-VAL-001;F321-VAL-002,F321-CALC-001,F321-UX-001;F321-UX-002;F321-UX-003,F321-SEC-001;F321-SEC-002,F321-INT-001;F321-INT-002,F321-API-001;F321-API-002,F321-E2E-001;F321-E2E-002,F321-UAT-001;F321-UAT-002,APPROVED,8,APPROVED,F321-PFC-01;F321-PFC-02;F321-PFC-03;F321-PFC-04;F321-PFC-05;F321-PFC-06;F321-PFC-07;F321-PFC-08;F321-PFC-09;F321-PFC-10,F321-STM-01;F321-STM-02;F321-STM-03;F321-STM-04;F321-STM-05,APPROVED,PFD-BM-F321-1;PFD-BM-F321-2,APPROVED,services/api/src/modules/quality,apps/web/src/modules/quality,READ_ONLY,W07,F321-E2E-001;F321-UAT-001;PVT-F321-CAP-001;PVT-F321-CAP-002;PVT-F321-CAP-003;PVT-F321-FR-001;PVT-F321-FR-002;PVT-F321-FR-003;PVT-F321-US-001;PVT-F321-US-002;PVT-F321-FLOW-001;PVT-F321-FLOW-002;PVT-F321-BR-001;PVT-F321-BR-002;PVT-F321-DATA-001;PVT-F321-DATA-002;PVT-F321-VAL-001;PVT-F321-VAL-002;PVT-F321-CALC-001;PVT-F321-UX-001;PVT-F321-UX-002;PVT-F321-UX-003;PVT-F321-SEC-001;PVT-F321-SEC-002;PVT-F321-AUTO-001;PVT-F321-APP-001;PVT-F321-NOTIF-001;PVT-F321-REP-001;PVT-F321-AI-001;PVT-F321-INT-001;PVT-F321-INT-002;PVT-F321-API-001;PVT-F321-API-002;PVT-F321-PERF-001;PVT-F321-OBS-001;PVT-F321-E2E-001;PVT-F321-E2E-002;PVT-F321-UAT-001;PVT-F321-UAT-002,AUTHORIZED_BY_PASS_F_SUBJECT_TO_WAVE_DEPENDENCIES,NOT_READY
F322,Quality hold,Quality,docs/03-modules/quality/features/F322-quality-hold.md,F322-CAP-001;F322-CAP-002;F322-CAP-003,F322-FLOW-001;F322-FLOW-002,F322-BR-001;F322-BR-002,F322-DATA-001;F322-DATA-002,F322-VAL-001;F322-VAL-002,F322-CALC-001,F322-UX-001;F322-UX-002;F322-UX-003,F322-SEC-001;F322-SEC-002,F322-INT-001;F322-INT-002,F322-API-001;F322-API-002,F322-E2E-001;F322-E2E-002,F322-UAT-001;F322-UAT-002,APPROVED,8,APPROVED,F322-PFC-01;F322-PFC-02;F322-PFC-03;F322-PFC-04;F322-PFC-05;F322-PFC-06;F322-PFC-07;F322-PFC-08;F322-PFC-09;F322-PFC-10,F322-STM-01;F322-STM-02;F322-STM-03;F322-STM-04;F322-STM-05,APPROVED,PFD-BM-F322-1;PFD-BM-F322-2,APPROVED,services/api/src/modules/quality,apps/web/src/modules/quality,READ_ONLY,W07,F322-E2E-001;F322-UAT-001;PVT-F322-CAP-001;PVT-F322-CAP-002;PVT-F322-CAP-003;PVT-F322-FR-001;PVT-F322-FR-002;PVT-F322-FR-003;PVT-F322-US-001;PVT-F322-US-002;PVT-F322-FLOW-001;PVT-F322-FLOW-002;PVT-F322-BR-001;PVT-F322-BR-002;PVT-F322-DATA-001;PVT-F322-DATA-002;PVT-F322-VAL-001;PVT-F322-VAL-002;PVT-F322-CALC-001;PVT-F322-UX-001;PVT-F322-UX-002;PVT-F322-UX-003;PVT-F322-SEC-001;PVT-F322-SEC-002;PVT-F322-AUTO-001;PVT-F322-APP-001;PVT-F322-NOTIF-001;PVT-F322-REP-001;PVT-F322-AI-001;PVT-F322-INT-001;PVT-F322-INT-002;PVT-F322-API-001;PVT-F322-API-002;PVT-F322-PERF-001;PVT-F322-OBS-001;PVT-F322-E2E-001;PVT-F322-E2E-002;PVT-F322-UAT-001;PVT-F322-UAT-002,AUTHORIZED_BY_PASS_F_SUBJECT_TO_WAVE_DEPENDENCIES,NOT_READY
F323,Quality hold must block stock movement,Quality,docs/03-modules/quality/features/F323-quality-hold-must-block-stock-movement.md,F323-CAP-001;F323-CAP-002;F323-CAP-003,F323-FLOW-001;F323-FLOW-002,F323-BR-001;F323-BR-002,F323-DATA-001;F323-DATA-002,F323-VAL-001;F323-VAL-002,F323-CALC-001,F323-UX-001;F323-UX-002;F323-UX-003,F323-SEC-001;F323-SEC-002,F323-INT-001;F323-INT-002,F323-API-001;F323-API-002,F323-E2E-001;F323-E2E-002,F323-UAT-001;F323-UAT-002,APPROVED,8,APPROVED,F323-PFC-01;F323-PFC-02;F323-PFC-03;F323-PFC-04;F323-PFC-05;F323-PFC-06;F323-PFC-07;F323-PFC-08;F323-PFC-09;F323-PFC-10,F323-STM-01;F323-STM-02;F323-STM-03;F323-STM-04;F323-STM-05,APPROVED,PFD-BM-F323-1;PFD-BM-F323-2,APPROVED,services/api/src/modules/quality,apps/web/src/modules/quality,READ_ONLY,W07,F323-E2E-001;F323-UAT-001;PVT-F323-CAP-001;PVT-F323-CAP-002;PVT-F323-CAP-003;PVT-F323-FR-001;PVT-F323-FR-002;PVT-F323-FR-003;PVT-F323-US-001;PVT-F323-US-002;PVT-F323-FLOW-001;PVT-F323-FLOW-002;PVT-F323-BR-001;PVT-F323-BR-002;PVT-F323-DATA-001;PVT-F323-DATA-002;PVT-F323-VAL-001;PVT-F323-VAL-002;PVT-F323-CALC-001;PVT-F323-UX-001;PVT-F323-UX-002;PVT-F323-UX-003;PVT-F323-SEC-001;PVT-F323-SEC-002;PVT-F323-AUTO-001;PVT-F323-APP-001;PVT-F323-NOTIF-001;PVT-F323-REP-001;PVT-F323-AI-001;PVT-F323-INT-001;PVT-F323-INT-002;PVT-F323-API-001;PVT-F323-API-002;PVT-F323-PERF-001;PVT-F323-OBS-001;PVT-F323-E2E-001;PVT-F323-E2E-002;PVT-F323-UAT-001;PVT-F323-UAT-002,AUTHORIZED_BY_PASS_F_SUBJECT_TO_WAVE_DEPENDENCIES,NOT_READY
F324,Hold release,Quality,docs/03-modules/quality/features/F324-hold-release.md,F324-CAP-001;F324-CAP-002;F324-CAP-003,F324-FLOW-001;F324-FLOW-002,F324-BR-001;F324-BR-002,F324-DATA-001;F324-DATA-002,F324-VAL-001;F324-VAL-002,F324-CALC-001,F324-UX-001;F324-UX-002;F324-UX-003,F324-SEC-001;F324-SEC-002,F324-INT-001;F324-INT-002,F324-API-001;F324-API-002,F324-E2E-001;F324-E2E-002,F324-UAT-001;F324-UAT-002,APPROVED,8,APPROVED,F324-PFC-01;F324-PFC-02;F324-PFC-03;F324-PFC-04;F324-PFC-05;F324-PFC-06;F324-PFC-07;F324-PFC-08;F324-PFC-09;F324-PFC-10,F324-STM-01;F324-STM-02;F324-STM-03;F324-STM-04;F324-STM-05,APPROVED,PFD-BM-F324-1;PFD-BM-F324-2,APPROVED,services/api/src/modules/quality,apps/web/src/modules/quality,APPROVAL_ONLY,W07,F324-E2E-001;F324-UAT-001;PVT-F324-CAP-001;PVT-F324-CAP-002;PVT-F324-CAP-003;PVT-F324-FR-001;PVT-F324-FR-002;PVT-F324-FR-003;PVT-F324-US-001;PVT-F324-US-002;PVT-F324-FLOW-001;PVT-F324-FLOW-002;PVT-F324-BR-001;PVT-F324-BR-002;PVT-F324-DATA-001;PVT-F324-DATA-002;PVT-F324-VAL-001;PVT-F324-VAL-002;PVT-F324-CALC-001;PVT-F324-UX-001;PVT-F324-UX-002;PVT-F324-UX-003;PVT-F324-SEC-001;PVT-F324-SEC-002;PVT-F324-AUTO-001;PVT-F324-APP-001;PVT-F324-NOTIF-001;PVT-F324-REP-001;PVT-F324-AI-001;PVT-F324-INT-001;PVT-F324-INT-002;PVT-F324-API-001;PVT-F324-API-002;PVT-F324-PERF-001;PVT-F324-OBS-001;PVT-F324-E2E-001;PVT-F324-E2E-002;PVT-F324-UAT-001;PVT-F324-UAT-002,AUTHORIZED_BY_PASS_F_SUBJECT_TO_WAVE_DEPENDENCIES,NOT_READY
F325,Disposition,Quality,docs/03-modules/quality/features/F325-disposition.md,F325-CAP-001;F325-CAP-002;F325-CAP-003,F325-FLOW-001;F325-FLOW-002,F325-BR-001;F325-BR-002,F325-DATA-001;F325-DATA-002,F325-VAL-001;F325-VAL-002,F325-CALC-001,F325-UX-001;F325-UX-002;F325-UX-003,F325-SEC-001;F325-SEC-002,F325-INT-001;F325-INT-002,F325-API-001;F325-API-002,F325-E2E-001;F325-E2E-002,F325-UAT-001;F325-UAT-002,APPROVED,8,APPROVED,F325-PFC-01;F325-PFC-02;F325-PFC-03;F325-PFC-04;F325-PFC-05;F325-PFC-06;F325-PFC-07;F325-PFC-08;F325-PFC-09;F325-PFC-10,F325-STM-01;F325-STM-02;F325-STM-03;F325-STM-04;F325-STM-05,APPROVED,PFD-BM-F325-1;PFD-BM-F325-2,APPROVED,services/api/src/modules/quality,apps/web/src/modules/quality,READ_ONLY,W07,F325-E2E-001;F325-UAT-001;PVT-F325-CAP-001;PVT-F325-CAP-002;PVT-F325-CAP-003;PVT-F325-FR-001;PVT-F325-FR-002;PVT-F325-FR-003;PVT-F325-US-001;PVT-F325-US-002;PVT-F325-FLOW-001;PVT-F325-FLOW-002;PVT-F325-BR-001;PVT-F325-BR-002;PVT-F325-DATA-001;PVT-F325-DATA-002;PVT-F325-VAL-001;PVT-F325-VAL-002;PVT-F325-CALC-001;PVT-F325-UX-001;PVT-F325-UX-002;PVT-F325-UX-003;PVT-F325-SEC-001;PVT-F325-SEC-002;PVT-F325-AUTO-001;PVT-F325-APP-001;PVT-F325-NOTIF-001;PVT-F325-REP-001;PVT-F325-AI-001;PVT-F325-INT-001;PVT-F325-INT-002;PVT-F325-API-001;PVT-F325-API-002;PVT-F325-PERF-001;PVT-F325-OBS-001;PVT-F325-E2E-001;PVT-F325-E2E-002;PVT-F325-UAT-001;PVT-F325-UAT-002,AUTHORIZED_BY_PASS_F_SUBJECT_TO_WAVE_DEPENDENCIES,NOT_READY
F326,Rework,Quality,docs/03-modules/quality/features/F326-rework.md,F326-CAP-001;F326-CAP-002;F326-CAP-003,F326-FLOW-001;F326-FLOW-002,F326-BR-001;F326-BR-002,F326-DATA-001;F326-DATA-002,F326-VAL-001;F326-VAL-002,F326-CALC-001,F326-UX-001;F326-UX-002;F326-UX-003,F326-SEC-001;F326-SEC-002,F326-INT-001;F326-INT-002,F326-API-001;F326-API-002,F326-E2E-001;F326-E2E-002,F326-UAT-001;F326-UAT-002,APPROVED,8,APPROVED,F326-PFC-01;F326-PFC-02;F326-PFC-03;F326-PFC-04;F326-PFC-05;F326-PFC-06;F326-PFC-07;F326-PFC-08;F326-PFC-09;F326-PFC-10,F326-STM-01;F326-STM-02;F326-STM-03;F326-STM-04;F326-STM-05,APPROVED,PFD-BM-F326-1;PFD-BM-F326-2,APPROVED,services/api/src/modules/quality,apps/web/src/modules/quality,READ_ONLY,W07,F326-E2E-001;F326-UAT-001;PVT-F326-CAP-001;PVT-F326-CAP-002;PVT-F326-CAP-003;PVT-F326-FR-001;PVT-F326-FR-002;PVT-F326-FR-003;PVT-F326-US-001;PVT-F326-US-002;PVT-F326-FLOW-001;PVT-F326-FLOW-002;PVT-F326-BR-001;PVT-F326-BR-002;PVT-F326-DATA-001;PVT-F326-DATA-002;PVT-F326-VAL-001;PVT-F326-VAL-002;PVT-F326-CALC-001;PVT-F326-UX-001;PVT-F326-UX-002;PVT-F326-UX-003;PVT-F326-SEC-001;PVT-F326-SEC-002;PVT-F326-AUTO-001;PVT-F326-APP-001;PVT-F326-NOTIF-001;PVT-F326-REP-001;PVT-F326-AI-001;PVT-F326-INT-001;PVT-F326-INT-002;PVT-F326-API-001;PVT-F326-API-002;PVT-F326-PERF-001;PVT-F326-OBS-001;PVT-F326-E2E-001;PVT-F326-E2E-002;PVT-F326-UAT-001;PVT-F326-UAT-002,AUTHORIZED_BY_PASS_F_SUBJECT_TO_WAVE_DEPENDENCIES,NOT_READY
F327,Scrap,Quality,docs/03-modules/quality/features/F327-scrap.md,F327-CAP-001;F327-CAP-002;F327-CAP-003,F327-FLOW-001;F327-FLOW-002,F327-BR-001;F327-BR-002,F327-DATA-001;F327-DATA-002,F327-VAL-001;F327-VAL-002,F327-CALC-001,F327-UX-001;F327-UX-002;F327-UX-003,F327-SEC-001;F327-SEC-002,F327-INT-001;F327-INT-002,F327-API-001;F327-API-002,F327-E2E-001;F327-E2E-002,F327-UAT-001;F327-UAT-002,APPROVED,8,APPROVED,F327-PFC-01;F327-PFC-02;F327-PFC-03;F327-PFC-04;F327-PFC-05;F327-PFC-06;F327-PFC-07;F327-PFC-08;F327-PFC-09;F327-PFC-10,F327-STM-01;F327-STM-02;F327-STM-03;F327-STM-04;F327-STM-05,APPROVED,PFD-BM-F327-1;PFD-BM-F327-2,APPROVED,services/api/src/modules/quality,apps/web/src/modules/quality,READ_ONLY,W07,F327-E2E-001;F327-UAT-001;PVT-F327-CAP-001;PVT-F327-CAP-002;PVT-F327-CAP-003;PVT-F327-FR-001;PVT-F327-FR-002;PVT-F327-FR-003;PVT-F327-US-001;PVT-F327-US-002;PVT-F327-FLOW-001;PVT-F327-FLOW-002;PVT-F327-BR-001;PVT-F327-BR-002;PVT-F327-DATA-001;PVT-F327-DATA-002;PVT-F327-VAL-001;PVT-F327-VAL-002;PVT-F327-CALC-001;PVT-F327-UX-001;PVT-F327-UX-002;PVT-F327-UX-003;PVT-F327-SEC-001;PVT-F327-SEC-002;PVT-F327-AUTO-001;PVT-F327-APP-001;PVT-F327-NOTIF-001;PVT-F327-REP-001;PVT-F327-AI-001;PVT-F327-INT-001;PVT-F327-INT-002;PVT-F327-API-001;PVT-F327-API-002;PVT-F327-PERF-001;PVT-F327-OBS-001;PVT-F327-E2E-001;PVT-F327-E2E-002;PVT-F327-UAT-001;PVT-F327-UAT-002,AUTHORIZED_BY_PASS_F_SUBJECT_TO_WAVE_DEPENDENCIES,NOT_READY
F328,Return to supplier,Quality,docs/03-modules/quality/features/F328-return-to-supplier.md,F328-CAP-001;F328-CAP-002;F328-CAP-003,F328-FLOW-001;F328-FLOW-002,F328-BR-001;F328-BR-002,F328-DATA-001;F328-DATA-002,F328-VAL-001;F328-VAL-002,F328-CALC-001,F328-UX-001;F328-UX-002;F328-UX-003,F328-SEC-001;F328-SEC-002,F328-INT-001;F328-INT-002,F328-API-001;F328-API-002,F328-E2E-001;F328-E2E-002,F328-UAT-001;F328-UAT-002,APPROVED,8,APPROVED,F328-PFC-01;F328-PFC-02;F328-PFC-03;F328-PFC-04;F328-PFC-05;F328-PFC-06;F328-PFC-07;F328-PFC-08;F328-PFC-09;F328-PFC-10,F328-STM-01;F328-STM-02;F328-STM-03;F328-STM-04;F328-STM-05,APPROVED,PFD-BM-F328-1;PFD-BM-F328-2,APPROVED,services/api/src/modules/quality,apps/web/src/modules/quality,READ_ONLY,W07,F328-E2E-001;F328-UAT-001;PVT-F328-CAP-001;PVT-F328-CAP-002;PVT-F328-CAP-003;PVT-F328-FR-001;PVT-F328-FR-002;PVT-F328-FR-003;PVT-F328-US-001;PVT-F328-US-002;PVT-F328-FLOW-001;PVT-F328-FLOW-002;PVT-F328-BR-001;PVT-F328-BR-002;PVT-F328-DATA-001;PVT-F328-DATA-002;PVT-F328-VAL-001;PVT-F328-VAL-002;PVT-F328-CALC-001;PVT-F328-UX-001;PVT-F328-UX-002;PVT-F328-UX-003;PVT-F328-SEC-001;PVT-F328-SEC-002;PVT-F328-AUTO-001;PVT-F328-APP-001;PVT-F328-NOTIF-001;PVT-F328-REP-001;PVT-F328-AI-001;PVT-F328-INT-001;PVT-F328-INT-002;PVT-F328-API-001;PVT-F328-API-002;PVT-F328-PERF-001;PVT-F328-OBS-001;PVT-F328-E2E-001;PVT-F328-E2E-002;PVT-F328-UAT-001;PVT-F328-UAT-002,AUTHORIZED_BY_PASS_F_SUBJECT_TO_WAVE_DEPENDENCIES,NOT_READY
F329,Use-as-is approval,Quality,docs/03-modules/quality/features/F329-use-as-is-approval.md,F329-CAP-001;F329-CAP-002;F329-CAP-003,F329-FLOW-001;F329-FLOW-002,F329-BR-001;F329-BR-002,F329-DATA-001;F329-DATA-002,F329-VAL-001;F329-VAL-002,F329-CALC-001,F329-UX-001;F329-UX-002;F329-UX-003,F329-SEC-001;F329-SEC-002,F329-INT-001;F329-INT-002,F329-API-001;F329-API-002,F329-E2E-001;F329-E2E-002,F329-UAT-001;F329-UAT-002,APPROVED,8,APPROVED,F329-PFC-01;F329-PFC-02;F329-PFC-03;F329-PFC-04;F329-PFC-05;F329-PFC-06;F329-PFC-07;F329-PFC-08;F329-PFC-09;F329-PFC-10,F329-STM-01;F329-STM-02;F329-STM-03;F329-STM-04;F329-STM-05,APPROVED,PFD-BM-F329-1;PFD-BM-F329-2,APPROVED,services/api/src/modules/quality,apps/web/src/modules/quality,APPROVAL_ONLY,W07,F329-E2E-001;F329-UAT-001;PVT-F329-CAP-001;PVT-F329-CAP-002;PVT-F329-CAP-003;PVT-F329-FR-001;PVT-F329-FR-002;PVT-F329-FR-003;PVT-F329-US-001;PVT-F329-US-002;PVT-F329-FLOW-001;PVT-F329-FLOW-002;PVT-F329-BR-001;PVT-F329-BR-002;PVT-F329-DATA-001;PVT-F329-DATA-002;PVT-F329-VAL-001;PVT-F329-VAL-002;PVT-F329-CALC-001;PVT-F329-UX-001;PVT-F329-UX-002;PVT-F329-UX-003;PVT-F329-SEC-001;PVT-F329-SEC-002;PVT-F329-AUTO-001;PVT-F329-APP-001;PVT-F329-NOTIF-001;PVT-F329-REP-001;PVT-F329-AI-001;PVT-F329-INT-001;PVT-F329-INT-002;PVT-F329-API-001;PVT-F329-API-002;PVT-F329-PERF-001;PVT-F329-OBS-001;PVT-F329-E2E-001;PVT-F329-E2E-002;PVT-F329-UAT-001;PVT-F329-UAT-002,AUTHORIZED_BY_PASS_F_SUBJECT_TO_WAVE_DEPENDENCIES,NOT_READY
F330,Root-cause analysis,Quality,docs/03-modules/quality/features/F330-root-cause-analysis.md,F330-CAP-001;F330-CAP-002;F330-CAP-003,F330-FLOW-001;F330-FLOW-002,F330-BR-001;F330-BR-002,F330-DATA-001;F330-DATA-002,F330-VAL-001;F330-VAL-002,F330-CALC-001,F330-UX-001;F330-UX-002;F330-UX-003,F330-SEC-001;F330-SEC-002,F330-INT-001;F330-INT-002,F330-API-001;F330-API-002,F330-E2E-001;F330-E2E-002,F330-UAT-001;F330-UAT-002,APPROVED,8,APPROVED,F330-PFC-01;F330-PFC-02;F330-PFC-03;F330-PFC-04;F330-PFC-05;F330-PFC-06;F330-PFC-07;F330-PFC-08;F330-PFC-09;F330-PFC-10,F330-STM-01;F330-STM-02;F330-STM-03;F330-STM-04;F330-STM-05,APPROVED,PFD-BM-F330-1;PFD-BM-F330-2,APPROVED,services/api/src/modules/quality,apps/web/src/modules/quality,READ_ONLY,W07,F330-E2E-001;F330-UAT-001;PVT-F330-CAP-001;PVT-F330-CAP-002;PVT-F330-CAP-003;PVT-F330-FR-001;PVT-F330-FR-002;PVT-F330-FR-003;PVT-F330-US-001;PVT-F330-US-002;PVT-F330-FLOW-001;PVT-F330-FLOW-002;PVT-F330-BR-001;PVT-F330-BR-002;PVT-F330-DATA-001;PVT-F330-DATA-002;PVT-F330-VAL-001;PVT-F330-VAL-002;PVT-F330-CALC-001;PVT-F330-UX-001;PVT-F330-UX-002;PVT-F330-UX-003;PVT-F330-SEC-001;PVT-F330-SEC-002;PVT-F330-AUTO-001;PVT-F330-APP-001;PVT-F330-NOTIF-001;PVT-F330-REP-001;PVT-F330-AI-001;PVT-F330-INT-001;PVT-F330-INT-002;PVT-F330-API-001;PVT-F330-API-002;PVT-F330-PERF-001;PVT-F330-OBS-001;PVT-F330-E2E-001;PVT-F330-E2E-002;PVT-F330-UAT-001;PVT-F330-UAT-002,AUTHORIZED_BY_PASS_F_SUBJECT_TO_WAVE_DEPENDENCIES,NOT_READY
F331,CAPA,Quality,docs/03-modules/quality/features/F331-capa.md,F331-CAP-001;F331-CAP-002;F331-CAP-003,F331-FLOW-001;F331-FLOW-002,F331-BR-001;F331-BR-002,F331-DATA-001;F331-DATA-002,F331-VAL-001;F331-VAL-002,F331-CALC-001,F331-UX-001;F331-UX-002;F331-UX-003,F331-SEC-001;F331-SEC-002,F331-INT-001;F331-INT-002,F331-API-001;F331-API-002,F331-E2E-001;F331-E2E-002,F331-UAT-001;F331-UAT-002,APPROVED,8,APPROVED,F331-PFC-01;F331-PFC-02;F331-PFC-03;F331-PFC-04;F331-PFC-05;F331-PFC-06;F331-PFC-07;F331-PFC-08;F331-PFC-09;F331-PFC-10,F331-STM-01;F331-STM-02;F331-STM-03;F331-STM-04;F331-STM-05,APPROVED,PFD-BM-F331-1;PFD-BM-F331-2,APPROVED,services/api/src/modules/quality,apps/web/src/modules/quality,READ_ONLY,W07,F331-E2E-001;F331-UAT-001;PVT-F331-CAP-001;PVT-F331-CAP-002;PVT-F331-CAP-003;PVT-F331-FR-001;PVT-F331-FR-002;PVT-F331-FR-003;PVT-F331-US-001;PVT-F331-US-002;PVT-F331-FLOW-001;PVT-F331-FLOW-002;PVT-F331-BR-001;PVT-F331-BR-002;PVT-F331-DATA-001;PVT-F331-DATA-002;PVT-F331-VAL-001;PVT-F331-VAL-002;PVT-F331-CALC-001;PVT-F331-UX-001;PVT-F331-UX-002;PVT-F331-UX-003;PVT-F331-SEC-001;PVT-F331-SEC-002;PVT-F331-AUTO-001;PVT-F331-APP-001;PVT-F331-NOTIF-001;PVT-F331-REP-001;PVT-F331-AI-001;PVT-F331-INT-001;PVT-F331-INT-002;PVT-F331-API-001;PVT-F331-API-002;PVT-F331-PERF-001;PVT-F331-OBS-001;PVT-F331-E2E-001;PVT-F331-E2E-002;PVT-F331-UAT-001;PVT-F331-UAT-002,AUTHORIZED_BY_PASS_F_SUBJECT_TO_WAVE_DEPENDENCIES,NOT_READY
F332,Corrective actions,Quality,docs/03-modules/quality/features/F332-corrective-actions.md,F332-CAP-001;F332-CAP-002;F332-CAP-003,F332-FLOW-001;F332-FLOW-002,F332-BR-001;F332-BR-002,F332-DATA-001;F332-DATA-002,F332-VAL-001;F332-VAL-002,F332-CALC-001,F332-UX-001;F332-UX-002;F332-UX-003,F332-SEC-001;F332-SEC-002,F332-INT-001;F332-INT-002,F332-API-001;F332-API-002,F332-E2E-001;F332-E2E-002,F332-UAT-001;F332-UAT-002,APPROVED,8,APPROVED,F332-PFC-01;F332-PFC-02;F332-PFC-03;F332-PFC-04;F332-PFC-05;F332-PFC-06;F332-PFC-07;F332-PFC-08;F332-PFC-09;F332-PFC-10,F332-STM-01;F332-STM-02;F332-STM-03;F332-STM-04;F332-STM-05,APPROVED,PFD-BM-F332-1;PFD-BM-F332-2,APPROVED,services/api/src/modules/quality,apps/web/src/modules/quality,READ_ONLY,W07,F332-E2E-001;F332-UAT-001;PVT-F332-CAP-001;PVT-F332-CAP-002;PVT-F332-CAP-003;PVT-F332-FR-001;PVT-F332-FR-002;PVT-F332-FR-003;PVT-F332-US-001;PVT-F332-US-002;PVT-F332-FLOW-001;PVT-F332-FLOW-002;PVT-F332-BR-001;PVT-F332-BR-002;PVT-F332-DATA-001;PVT-F332-DATA-002;PVT-F332-VAL-001;PVT-F332-VAL-002;PVT-F332-CALC-001;PVT-F332-UX-001;PVT-F332-UX-002;PVT-F332-UX-003;PVT-F332-SEC-001;PVT-F332-SEC-002;PVT-F332-AUTO-001;PVT-F332-APP-001;PVT-F332-NOTIF-001;PVT-F332-REP-001;PVT-F332-AI-001;PVT-F332-INT-001;PVT-F332-INT-002;PVT-F332-API-001;PVT-F332-API-002;PVT-F332-PERF-001;PVT-F332-OBS-001;PVT-F332-E2E-001;PVT-F332-E2E-002;PVT-F332-UAT-001;PVT-F332-UAT-002,AUTHORIZED_BY_PASS_F_SUBJECT_TO_WAVE_DEPENDENCIES,NOT_READY
F333,Preventive actions,Quality,docs/03-modules/quality/features/F333-preventive-actions.md,F333-CAP-001;F333-CAP-002;F333-CAP-003,F333-FLOW-001;F333-FLOW-002,F333-BR-001;F333-BR-002,F333-DATA-001;F333-DATA-002,F333-VAL-001;F333-VAL-002,F333-CALC-001,F333-UX-001;F333-UX-002;F333-UX-003,F333-SEC-001;F333-SEC-002,F333-INT-001;F333-INT-002,F333-API-001;F333-API-002,F333-E2E-001;F333-E2E-002,F333-UAT-001;F333-UAT-002,APPROVED,8,APPROVED,F333-PFC-01;F333-PFC-02;F333-PFC-03;F333-PFC-04;F333-PFC-05;F333-PFC-06;F333-PFC-07;F333-PFC-08;F333-PFC-09;F333-PFC-10,F333-STM-01;F333-STM-02;F333-STM-03;F333-STM-04;F333-STM-05,APPROVED,PFD-BM-F333-1;PFD-BM-F333-2,APPROVED,services/api/src/modules/quality,apps/web/src/modules/quality,READ_ONLY,W07,F333-E2E-001;F333-UAT-001;PVT-F333-CAP-001;PVT-F333-CAP-002;PVT-F333-CAP-003;PVT-F333-FR-001;PVT-F333-FR-002;PVT-F333-FR-003;PVT-F333-US-001;PVT-F333-US-002;PVT-F333-FLOW-001;PVT-F333-FLOW-002;PVT-F333-BR-001;PVT-F333-BR-002;PVT-F333-DATA-001;PVT-F333-DATA-002;PVT-F333-VAL-001;PVT-F333-VAL-002;PVT-F333-CALC-001;PVT-F333-UX-001;PVT-F333-UX-002;PVT-F333-UX-003;PVT-F333-SEC-001;PVT-F333-SEC-002;PVT-F333-AUTO-001;PVT-F333-APP-001;PVT-F333-NOTIF-001;PVT-F333-REP-001;PVT-F333-AI-001;PVT-F333-INT-001;PVT-F333-INT-002;PVT-F333-API-001;PVT-F333-API-002;PVT-F333-PERF-001;PVT-F333-OBS-001;PVT-F333-E2E-001;PVT-F333-E2E-002;PVT-F333-UAT-001;PVT-F333-UAT-002,AUTHORIZED_BY_PASS_F_SUBJECT_TO_WAVE_DEPENDENCIES,NOT_READY
F334,Supplier quality,Quality,docs/03-modules/quality/features/F334-supplier-quality.md,F334-CAP-001;F334-CAP-002;F334-CAP-003,F334-FLOW-001;F334-FLOW-002,F334-BR-001;F334-BR-002,F334-DATA-001;F334-DATA-002,F334-VAL-001;F334-VAL-002,F334-CALC-001,F334-UX-001;F334-UX-002;F334-UX-003,F334-SEC-001;F334-SEC-002,F334-INT-001;F334-INT-002,F334-API-001;F334-API-002,F334-E2E-001;F334-E2E-002,F334-UAT-001;F334-UAT-002,APPROVED,8,APPROVED,F334-PFC-01;F334-PFC-02;F334-PFC-03;F334-PFC-04;F334-PFC-05;F334-PFC-06;F334-PFC-07;F334-PFC-08;F334-PFC-09;F334-PFC-10,F334-STM-01;F334-STM-02;F334-STM-03;F334-STM-04;F334-STM-05,APPROVED,PFD-BM-F334-1;PFD-BM-F334-2,APPROVED,services/api/src/modules/quality,apps/web/src/modules/quality,READ_ONLY,W07,F334-E2E-001;F334-UAT-001;PVT-F334-CAP-001;PVT-F334-CAP-002;PVT-F334-CAP-003;PVT-F334-FR-001;PVT-F334-FR-002;PVT-F334-FR-003;PVT-F334-US-001;PVT-F334-US-002;PVT-F334-FLOW-001;PVT-F334-FLOW-002;PVT-F334-BR-001;PVT-F334-BR-002;PVT-F334-DATA-001;PVT-F334-DATA-002;PVT-F334-VAL-001;PVT-F334-VAL-002;PVT-F334-CALC-001;PVT-F334-UX-001;PVT-F334-UX-002;PVT-F334-UX-003;PVT-F334-SEC-001;PVT-F334-SEC-002;PVT-F334-AUTO-001;PVT-F334-APP-001;PVT-F334-NOTIF-001;PVT-F334-REP-001;PVT-F334-AI-001;PVT-F334-INT-001;PVT-F334-INT-002;PVT-F334-API-001;PVT-F334-API-002;PVT-F334-PERF-001;PVT-F334-OBS-001;PVT-F334-E2E-001;PVT-F334-E2E-002;PVT-F334-UAT-001;PVT-F334-UAT-002,AUTHORIZED_BY_PASS_F_SUBJECT_TO_WAVE_DEPENDENCIES,NOT_READY
F335,Customer quality complaints,Quality,docs/03-modules/quality/features/F335-customer-quality-complaints.md,F335-CAP-001;F335-CAP-002;F335-CAP-003,F335-FLOW-001;F335-FLOW-002,F335-BR-001;F335-BR-002,F335-DATA-001;F335-DATA-002,F335-VAL-001;F335-VAL-002,F335-CALC-001,F335-UX-001;F335-UX-002;F335-UX-003,F335-SEC-001;F335-SEC-002,F335-INT-001;F335-INT-002,F335-API-001;F335-API-002,F335-E2E-001;F335-E2E-002,F335-UAT-001;F335-UAT-002,APPROVED,8,APPROVED,F335-PFC-01;F335-PFC-02;F335-PFC-03;F335-PFC-04;F335-PFC-05;F335-PFC-06;F335-PFC-07;F335-PFC-08;F335-PFC-09;F335-PFC-10,F335-STM-01;F335-STM-02;F335-STM-03;F335-STM-04;F335-STM-05,APPROVED,PFD-BM-F335-1;PFD-BM-F335-2,APPROVED,services/api/src/modules/quality,apps/web/src/modules/quality,READ_ONLY,W07,F335-E2E-001;F335-UAT-001;PVT-F335-CAP-001;PVT-F335-CAP-002;PVT-F335-CAP-003;PVT-F335-FR-001;PVT-F335-FR-002;PVT-F335-FR-003;PVT-F335-US-001;PVT-F335-US-002;PVT-F335-FLOW-001;PVT-F335-FLOW-002;PVT-F335-BR-001;PVT-F335-BR-002;PVT-F335-DATA-001;PVT-F335-DATA-002;PVT-F335-VAL-001;PVT-F335-VAL-002;PVT-F335-CALC-001;PVT-F335-UX-001;PVT-F335-UX-002;PVT-F335-UX-003;PVT-F335-SEC-001;PVT-F335-SEC-002;PVT-F335-AUTO-001;PVT-F335-APP-001;PVT-F335-NOTIF-001;PVT-F335-REP-001;PVT-F335-AI-001;PVT-F335-INT-001;PVT-F335-INT-002;PVT-F335-API-001;PVT-F335-API-002;PVT-F335-PERF-001;PVT-F335-OBS-001;PVT-F335-E2E-001;PVT-F335-E2E-002;PVT-F335-UAT-001;PVT-F335-UAT-002,AUTHORIZED_BY_PASS_F_SUBJECT_TO_WAVE_DEPENDENCIES,NOT_READY
F336,Calibration,Quality,docs/03-modules/quality/features/F336-calibration.md,F336-CAP-001;F336-CAP-002;F336-CAP-003,F336-FLOW-001;F336-FLOW-002,F336-BR-001;F336-BR-002,F336-DATA-001;F336-DATA-002,F336-VAL-001;F336-VAL-002,F336-CALC-001,F336-UX-001;F336-UX-002;F336-UX-003,F336-SEC-001;F336-SEC-002,F336-INT-001;F336-INT-002,F336-API-001;F336-API-002,F336-E2E-001;F336-E2E-002,F336-UAT-001;F336-UAT-002,APPROVED,8,APPROVED,F336-PFC-01;F336-PFC-02;F336-PFC-03;F336-PFC-04;F336-PFC-05;F336-PFC-06;F336-PFC-07;F336-PFC-08;F336-PFC-09;F336-PFC-10,F336-STM-01;F336-STM-02;F336-STM-03;F336-STM-04;F336-STM-05,APPROVED,PFD-BM-F336-1;PFD-BM-F336-2,APPROVED,services/api/src/modules/quality,apps/web/src/modules/quality,READ_ONLY,W07,F336-E2E-001;F336-UAT-001;PVT-F336-CAP-001;PVT-F336-CAP-002;PVT-F336-CAP-003;PVT-F336-FR-001;PVT-F336-FR-002;PVT-F336-FR-003;PVT-F336-US-001;PVT-F336-US-002;PVT-F336-FLOW-001;PVT-F336-FLOW-002;PVT-F336-BR-001;PVT-F336-BR-002;PVT-F336-DATA-001;PVT-F336-DATA-002;PVT-F336-VAL-001;PVT-F336-VAL-002;PVT-F336-CALC-001;PVT-F336-UX-001;PVT-F336-UX-002;PVT-F336-UX-003;PVT-F336-SEC-001;PVT-F336-SEC-002;PVT-F336-AUTO-001;PVT-F336-APP-001;PVT-F336-NOTIF-001;PVT-F336-REP-001;PVT-F336-AI-001;PVT-F336-INT-001;PVT-F336-INT-002;PVT-F336-API-001;PVT-F336-API-002;PVT-F336-PERF-001;PVT-F336-OBS-001;PVT-F336-E2E-001;PVT-F336-E2E-002;PVT-F336-UAT-001;PVT-F336-UAT-002,AUTHORIZED_BY_PASS_F_SUBJECT_TO_WAVE_DEPENDENCIES,NOT_READY
F337,Quality audits,Quality,docs/03-modules/quality/features/F337-quality-audits.md,F337-CAP-001;F337-CAP-002;F337-CAP-003,F337-FLOW-001;F337-FLOW-002,F337-BR-001;F337-BR-002,F337-DATA-001;F337-DATA-002,F337-VAL-001;F337-VAL-002,F337-CALC-001,F337-UX-001;F337-UX-002;F337-UX-003,F337-SEC-001;F337-SEC-002,F337-INT-001;F337-INT-002,F337-API-001;F337-API-002,F337-E2E-001;F337-E2E-002,F337-UAT-001;F337-UAT-002,APPROVED,8,APPROVED,F337-PFC-01;F337-PFC-02;F337-PFC-03;F337-PFC-04;F337-PFC-05;F337-PFC-06;F337-PFC-07;F337-PFC-08;F337-PFC-09;F337-PFC-10,F337-STM-01;F337-STM-02;F337-STM-03;F337-STM-04;F337-STM-05,APPROVED,PFD-BM-F337-1;PFD-BM-F337-2,APPROVED,services/api/src/modules/quality,apps/web/src/modules/quality,READ_ONLY,W07,F337-E2E-001;F337-UAT-001;PVT-F337-CAP-001;PVT-F337-CAP-002;PVT-F337-CAP-003;PVT-F337-FR-001;PVT-F337-FR-002;PVT-F337-FR-003;PVT-F337-US-001;PVT-F337-US-002;PVT-F337-FLOW-001;PVT-F337-FLOW-002;PVT-F337-BR-001;PVT-F337-BR-002;PVT-F337-DATA-001;PVT-F337-DATA-002;PVT-F337-VAL-001;PVT-F337-VAL-002;PVT-F337-CALC-001;PVT-F337-UX-001;PVT-F337-UX-002;PVT-F337-UX-003;PVT-F337-SEC-001;PVT-F337-SEC-002;PVT-F337-AUTO-001;PVT-F337-APP-001;PVT-F337-NOTIF-001;PVT-F337-REP-001;PVT-F337-AI-001;PVT-F337-INT-001;PVT-F337-INT-002;PVT-F337-API-001;PVT-F337-API-002;PVT-F337-PERF-001;PVT-F337-OBS-001;PVT-F337-E2E-001;PVT-F337-E2E-002;PVT-F337-UAT-001;PVT-F337-UAT-002,AUTHORIZED_BY_PASS_F_SUBJECT_TO_WAVE_DEPENDENCIES,NOT_READY
F338,Certificate of Analysis,Quality,docs/03-modules/quality/features/F338-certificate-of-analysis.md,F338-CAP-001;F338-CAP-002;F338-CAP-003,F338-FLOW-001;F338-FLOW-002,F338-BR-001;F338-BR-002,F338-DATA-001;F338-DATA-002,F338-VAL-001;F338-VAL-002,F338-CALC-001,F338-UX-001;F338-UX-002;F338-UX-003,F338-SEC-001;F338-SEC-002,F338-INT-001;F338-INT-002,F338-API-001;F338-API-002,F338-E2E-001;F338-E2E-002,F338-UAT-001;F338-UAT-002,APPROVED,8,APPROVED,F338-PFC-01;F338-PFC-02;F338-PFC-03;F338-PFC-04;F338-PFC-05;F338-PFC-06;F338-PFC-07;F338-PFC-08;F338-PFC-09;F338-PFC-10,F338-STM-01;F338-STM-02;F338-STM-03;F338-STM-04;F338-STM-05,APPROVED,PFD-BM-F338-1;PFD-BM-F338-2,APPROVED,services/api/src/modules/quality,apps/web/src/modules/quality,READ_ONLY,W07,F338-E2E-001;F338-UAT-001;PVT-F338-CAP-001;PVT-F338-CAP-002;PVT-F338-CAP-003;PVT-F338-FR-001;PVT-F338-FR-002;PVT-F338-FR-003;PVT-F338-US-001;PVT-F338-US-002;PVT-F338-FLOW-001;PVT-F338-FLOW-002;PVT-F338-BR-001;PVT-F338-BR-002;PVT-F338-DATA-001;PVT-F338-DATA-002;PVT-F338-VAL-001;PVT-F338-VAL-002;PVT-F338-CALC-001;PVT-F338-UX-001;PVT-F338-UX-002;PVT-F338-UX-003;PVT-F338-SEC-001;PVT-F338-SEC-002;PVT-F338-AUTO-001;PVT-F338-APP-001;PVT-F338-NOTIF-001;PVT-F338-REP-001;PVT-F338-AI-001;PVT-F338-INT-001;PVT-F338-INT-002;PVT-F338-API-001;PVT-F338-API-002;PVT-F338-PERF-001;PVT-F338-OBS-001;PVT-F338-E2E-001;PVT-F338-E2E-002;PVT-F338-UAT-001;PVT-F338-UAT-002,AUTHORIZED_BY_PASS_F_SUBJECT_TO_WAVE_DEPENDENCIES,NOT_READY
F339,Lot / batch traceability,Quality,docs/03-modules/quality/features/F339-lot-batch-traceability.md,F339-CAP-001;F339-CAP-002;F339-CAP-003,F339-FLOW-001;F339-FLOW-002,F339-BR-001;F339-BR-002,F339-DATA-001;F339-DATA-002,F339-VAL-001;F339-VAL-002,F339-CALC-001,F339-UX-001;F339-UX-002;F339-UX-003,F339-SEC-001;F339-SEC-002,F339-INT-001;F339-INT-002,F339-API-001;F339-API-002,F339-E2E-001;F339-E2E-002,F339-UAT-001;F339-UAT-002,APPROVED,8,APPROVED,F339-PFC-01;F339-PFC-02;F339-PFC-03;F339-PFC-04;F339-PFC-05;F339-PFC-06;F339-PFC-07;F339-PFC-08;F339-PFC-09;F339-PFC-10,F339-STM-01;F339-STM-02;F339-STM-03;F339-STM-04;F339-STM-05,APPROVED,PFD-BM-F339-1;PFD-BM-F339-2,APPROVED,services/api/src/modules/quality,apps/web/src/modules/quality,READ_ONLY,W07,F339-E2E-001;F339-UAT-001;PVT-F339-CAP-001;PVT-F339-CAP-002;PVT-F339-CAP-003;PVT-F339-FR-001;PVT-F339-FR-002;PVT-F339-FR-003;PVT-F339-US-001;PVT-F339-US-002;PVT-F339-FLOW-001;PVT-F339-FLOW-002;PVT-F339-BR-001;PVT-F339-BR-002;PVT-F339-DATA-001;PVT-F339-DATA-002;PVT-F339-VAL-001;PVT-F339-VAL-002;PVT-F339-CALC-001;PVT-F339-UX-001;PVT-F339-UX-002;PVT-F339-UX-003;PVT-F339-SEC-001;PVT-F339-SEC-002;PVT-F339-AUTO-001;PVT-F339-APP-001;PVT-F339-NOTIF-001;PVT-F339-REP-001;PVT-F339-AI-001;PVT-F339-INT-001;PVT-F339-INT-002;PVT-F339-API-001;PVT-F339-API-002;PVT-F339-PERF-001;PVT-F339-OBS-001;PVT-F339-E2E-001;PVT-F339-E2E-002;PVT-F339-UAT-001;PVT-F339-UAT-002,AUTHORIZED_BY_PASS_F_SUBJECT_TO_WAVE_DEPENDENCIES,NOT_READY
F340,Quality documents,Quality,docs/03-modules/quality/features/F340-quality-documents.md,F340-CAP-001;F340-CAP-002;F340-CAP-003,F340-FLOW-001;F340-FLOW-002,F340-BR-001;F340-BR-002,F340-DATA-001;F340-DATA-002,F340-VAL-001;F340-VAL-002,F340-CALC-001,F340-UX-001;F340-UX-002;F340-UX-003,F340-SEC-001;F340-SEC-002,F340-INT-001;F340-INT-002,F340-API-001;F340-API-002,F340-E2E-001;F340-E2E-002,F340-UAT-001;F340-UAT-002,APPROVED,8,APPROVED,F340-PFC-01;F340-PFC-02;F340-PFC-03;F340-PFC-04;F340-PFC-05;F340-PFC-06;F340-PFC-07;F340-PFC-08;F340-PFC-09;F340-PFC-10,F340-STM-01;F340-STM-02;F340-STM-03;F340-STM-04;F340-STM-05,APPROVED,PFD-BM-F340-1;PFD-BM-F340-2,APPROVED,services/api/src/modules/quality,apps/web/src/modules/quality,READ_ONLY,W07,F340-E2E-001;F340-UAT-001;PVT-F340-CAP-001;PVT-F340-CAP-002;PVT-F340-CAP-003;PVT-F340-FR-001;PVT-F340-FR-002;PVT-F340-FR-003;PVT-F340-US-001;PVT-F340-US-002;PVT-F340-FLOW-001;PVT-F340-FLOW-002;PVT-F340-BR-001;PVT-F340-BR-002;PVT-F340-DATA-001;PVT-F340-DATA-002;PVT-F340-VAL-001;PVT-F340-VAL-002;PVT-F340-CALC-001;PVT-F340-UX-001;PVT-F340-UX-002;PVT-F340-UX-003;PVT-F340-SEC-001;PVT-F340-SEC-002;PVT-F340-AUTO-001;PVT-F340-APP-001;PVT-F340-NOTIF-001;PVT-F340-REP-001;PVT-F340-AI-001;PVT-F340-INT-001;PVT-F340-INT-002;PVT-F340-API-001;PVT-F340-API-002;PVT-F340-PERF-001;PVT-F340-OBS-001;PVT-F340-E2E-001;PVT-F340-E2E-002;PVT-F340-UAT-001;PVT-F340-UAT-002,AUTHORIZED_BY_PASS_F_SUBJECT_TO_WAVE_DEPENDENCIES,NOT_READY
F341,Quality cost reporting,Quality,docs/03-modules/quality/features/F341-quality-cost-reporting.md,F341-CAP-001;F341-CAP-002;F341-CAP-003,F341-FLOW-001;F341-FLOW-002,F341-BR-001;F341-BR-002,F341-DATA-001;F341-DATA-002,F341-VAL-001;F341-VAL-002,F341-CALC-001,F341-UX-001;F341-UX-002;F341-UX-003,F341-SEC-001;F341-SEC-002,F341-INT-001;F341-INT-002,F341-API-001;F341-API-002,F341-E2E-001;F341-E2E-002,F341-UAT-001;F341-UAT-002,APPROVED,8,APPROVED,F341-PFC-01;F341-PFC-02;F341-PFC-03;F341-PFC-04;F341-PFC-05;F341-PFC-06;F341-PFC-07;F341-PFC-08;F341-PFC-09;F341-PFC-10,F341-STM-01;F341-STM-02;F341-STM-03;F341-STM-04;F341-STM-05,APPROVED,PFD-BM-F341-1;PFD-BM-F341-2,APPROVED,services/api/src/modules/quality,apps/web/src/modules/quality,READ_ONLY,W07,F341-E2E-001;F341-UAT-001;PVT-F341-CAP-001;PVT-F341-CAP-002;PVT-F341-CAP-003;PVT-F341-FR-001;PVT-F341-FR-002;PVT-F341-FR-003;PVT-F341-US-001;PVT-F341-US-002;PVT-F341-FLOW-001;PVT-F341-FLOW-002;PVT-F341-BR-001;PVT-F341-BR-002;PVT-F341-DATA-001;PVT-F341-DATA-002;PVT-F341-VAL-001;PVT-F341-VAL-002;PVT-F341-CALC-001;PVT-F341-UX-001;PVT-F341-UX-002;PVT-F341-UX-003;PVT-F341-SEC-001;PVT-F341-SEC-002;PVT-F341-AUTO-001;PVT-F341-APP-001;PVT-F341-NOTIF-001;PVT-F341-REP-001;PVT-F341-AI-001;PVT-F341-INT-001;PVT-F341-INT-002;PVT-F341-API-001;PVT-F341-API-002;PVT-F341-PERF-001;PVT-F341-OBS-001;PVT-F341-E2E-001;PVT-F341-E2E-002;PVT-F341-UAT-001;PVT-F341-UAT-002,AUTHORIZED_BY_PASS_F_SUBJECT_TO_WAVE_DEPENDENCIES,NOT_READY
F342,Quality KPI dashboard,Quality,docs/03-modules/quality/features/F342-quality-kpi-dashboard.md,F342-CAP-001;F342-CAP-002;F342-CAP-003,F342-FLOW-001;F342-FLOW-002,F342-BR-001;F342-BR-002,F342-DATA-001;F342-DATA-002,F342-VAL-001;F342-VAL-002,F342-CALC-001,F342-UX-001;F342-UX-002;F342-UX-003,F342-SEC-001;F342-SEC-002,F342-INT-001;F342-INT-002,F342-API-001;F342-API-002,F342-E2E-001;F342-E2E-002,F342-UAT-001;F342-UAT-002,APPROVED,8,APPROVED,F342-PFC-01;F342-PFC-02;F342-PFC-03;F342-PFC-04;F342-PFC-05;F342-PFC-06;F342-PFC-07;F342-PFC-08;F342-PFC-09;F342-PFC-10,F342-STM-01;F342-STM-02;F342-STM-03;F342-STM-04;F342-STM-05,APPROVED,PFD-BM-F342-1;PFD-BM-F342-2,APPROVED,services/api/src/modules/quality,apps/web/src/modules/quality,READ_ONLY,W07,F342-E2E-001;F342-UAT-001;PVT-F342-CAP-001;PVT-F342-CAP-002;PVT-F342-CAP-003;PVT-F342-FR-001;PVT-F342-FR-002;PVT-F342-FR-003;PVT-F342-US-001;PVT-F342-US-002;PVT-F342-FLOW-001;PVT-F342-FLOW-002;PVT-F342-BR-001;PVT-F342-BR-002;PVT-F342-DATA-001;PVT-F342-DATA-002;PVT-F342-VAL-001;PVT-F342-VAL-002;PVT-F342-CALC-001;PVT-F342-UX-001;PVT-F342-UX-002;PVT-F342-UX-003;PVT-F342-SEC-001;PVT-F342-SEC-002;PVT-F342-AUTO-001;PVT-F342-APP-001;PVT-F342-NOTIF-001;PVT-F342-REP-001;PVT-F342-AI-001;PVT-F342-INT-001;PVT-F342-INT-002;PVT-F342-API-001;PVT-F342-API-002;PVT-F342-PERF-001;PVT-F342-OBS-001;PVT-F342-E2E-001;PVT-F342-E2E-002;PVT-F342-UAT-001;PVT-F342-UAT-002,AUTHORIZED_BY_PASS_F_SUBJECT_TO_WAVE_DEPENDENCIES,NOT_READY
F343,Tickets and cases,Support / Customer Service,docs/03-modules/support/features/F343-tickets-and-cases.md,F343-CAP-001,F343-FLOW-001;F343-FLOW-002;F343-FLOW-003,F343-BR-001;F343-BR-002,F343-DATA-001;F343-DATA-002,F343-VAL-001;F343-VAL-002,F343-CALC-001,F343-UX-001;F343-UX-002,F343-SEC-001;F343-SEC-002,F343-INT-001;F343-INT-002,F343-API-001,F343-E2E-001;F343-E2E-002,F343-UAT-001;F343-UAT-002,APPROVED,8,APPROVED,F343-PFC-01;F343-PFC-02;F343-PFC-03;F343-PFC-04;F343-PFC-05;F343-PFC-06;F343-PFC-07;F343-PFC-08;F343-PFC-09;F343-PFC-10,F343-STM-01;F343-STM-02;F343-STM-03;F343-STM-04;F343-STM-05,APPROVED,PFD-BM-F343-1;PFD-BM-F343-2,APPROVED,services/api/src/modules/support,apps/web/src/modules/support,FIELD_OPTIMIZED,W10,F343-E2E-001;F343-UAT-001;PVT-F343-CAP-001;PVT-F343-FR-001;PVT-F343-FR-002;PVT-F343-US-001;PVT-F343-FLOW-001;PVT-F343-FLOW-002;PVT-F343-BR-001;PVT-F343-DATA-001;PVT-F343-VAL-001;PVT-F343-CALC-001;PVT-F343-UX-001;PVT-F343-SEC-001;PVT-F343-AUTO-001;PVT-F343-APP-001;PVT-F343-NOTIF-001;PVT-F343-REP-001;PVT-F343-AI-001;PVT-F343-INT-001;PVT-F343-API-001;PVT-F343-PERF-001;PVT-F343-OBS-001;PVT-F343-E2E-001;PVT-F343-UAT-001;PVT-F343-FR-003;PVT-F343-FLOW-003;PVT-F343-DATA-002;PVT-F343-VAL-002;PVT-F343-BR-002;PVT-F343-UX-002;PVT-F343-SEC-002;PVT-F343-INT-002;PVT-F343-PERF-002;PVT-F343-OBS-002;PVT-F343-E2E-002;PVT-F343-UAT-002;PVT-F343-AI-002;PVT-F343-APP-002,AUTHORIZED_BY_PASS_F_SUBJECT_TO_WAVE_DEPENDENCIES,NOT_READY
F344,Ticket number,Support / Customer Service,docs/03-modules/support/features/F344-ticket-number.md,F344-CAP-001,F344-FLOW-001;F344-FLOW-002;F344-FLOW-003,F344-BR-001;F344-BR-002,F344-DATA-001;F344-DATA-002,F344-VAL-001;F344-VAL-002,F344-CALC-001,F344-UX-001;F344-UX-002,F344-SEC-001;F344-SEC-002,F344-INT-001;F344-INT-002,F344-API-001,F344-E2E-001;F344-E2E-002,F344-UAT-001;F344-UAT-002,APPROVED,8,APPROVED,F344-PFC-01;F344-PFC-02;F344-PFC-03;F344-PFC-04;F344-PFC-05;F344-PFC-06;F344-PFC-07;F344-PFC-08;F344-PFC-09;F344-PFC-10,F344-STM-01;F344-STM-02;F344-STM-03;F344-STM-04;F344-STM-05,APPROVED,PFD-BM-F344-1;PFD-BM-F344-2,APPROVED,services/api/src/modules/support,apps/web/src/modules/support,FIELD_OPTIMIZED,W10,F344-E2E-001;F344-UAT-001;PVT-F344-CAP-001;PVT-F344-FR-001;PVT-F344-FR-002;PVT-F344-US-001;PVT-F344-FLOW-001;PVT-F344-FLOW-002;PVT-F344-BR-001;PVT-F344-DATA-001;PVT-F344-VAL-001;PVT-F344-CALC-001;PVT-F344-UX-001;PVT-F344-SEC-001;PVT-F344-AUTO-001;PVT-F344-APP-001;PVT-F344-NOTIF-001;PVT-F344-REP-001;PVT-F344-AI-001;PVT-F344-INT-001;PVT-F344-API-001;PVT-F344-PERF-001;PVT-F344-OBS-001;PVT-F344-E2E-001;PVT-F344-UAT-001;PVT-F344-FR-003;PVT-F344-FLOW-003;PVT-F344-DATA-002;PVT-F344-VAL-002;PVT-F344-BR-002;PVT-F344-UX-002;PVT-F344-SEC-002;PVT-F344-INT-002;PVT-F344-PERF-002;PVT-F344-OBS-002;PVT-F344-E2E-002;PVT-F344-UAT-002;PVT-F344-AI-002;PVT-F344-APP-002,AUTHORIZED_BY_PASS_F_SUBJECT_TO_WAVE_DEPENDENCIES,NOT_READY
F345,Customer,Support / Customer Service,docs/03-modules/support/features/F345-customer.md,F345-CAP-001,F345-FLOW-001;F345-FLOW-002;F345-FLOW-003,F345-BR-001;F345-BR-002,F345-DATA-001;F345-DATA-002,F345-VAL-001;F345-VAL-002,F345-CALC-001,F345-UX-001;F345-UX-002,F345-SEC-001;F345-SEC-002,F345-INT-001;F345-INT-002,F345-API-001,F345-E2E-001;F345-E2E-002,F345-UAT-001;F345-UAT-002,APPROVED,8,APPROVED,F345-PFC-01;F345-PFC-02;F345-PFC-03;F345-PFC-04;F345-PFC-05;F345-PFC-06;F345-PFC-07;F345-PFC-08;F345-PFC-09;F345-PFC-10,F345-STM-01;F345-STM-02;F345-STM-03;F345-STM-04;F345-STM-05,APPROVED,PFD-BM-F345-1;PFD-BM-F345-2,APPROVED,services/api/src/modules/support,apps/web/src/modules/support,FULL,W10,F345-E2E-001;F345-UAT-001;PVT-F345-CAP-001;PVT-F345-FR-001;PVT-F345-FR-002;PVT-F345-US-001;PVT-F345-FLOW-001;PVT-F345-FLOW-002;PVT-F345-BR-001;PVT-F345-DATA-001;PVT-F345-VAL-001;PVT-F345-CALC-001;PVT-F345-UX-001;PVT-F345-SEC-001;PVT-F345-AUTO-001;PVT-F345-APP-001;PVT-F345-NOTIF-001;PVT-F345-REP-001;PVT-F345-AI-001;PVT-F345-INT-001;PVT-F345-API-001;PVT-F345-PERF-001;PVT-F345-OBS-001;PVT-F345-E2E-001;PVT-F345-UAT-001;PVT-F345-FR-003;PVT-F345-FLOW-003;PVT-F345-DATA-002;PVT-F345-VAL-002;PVT-F345-BR-002;PVT-F345-UX-002;PVT-F345-SEC-002;PVT-F345-INT-002;PVT-F345-PERF-002;PVT-F345-OBS-002;PVT-F345-E2E-002;PVT-F345-UAT-002;PVT-F345-AI-002;PVT-F345-APP-002,AUTHORIZED_BY_PASS_F_SUBJECT_TO_WAVE_DEPENDENCIES,NOT_READY
F346,Contact,Support / Customer Service,docs/03-modules/support/features/F346-contact.md,F346-CAP-001,F346-FLOW-001;F346-FLOW-002;F346-FLOW-003,F346-BR-001;F346-BR-002,F346-DATA-001;F346-DATA-002,F346-VAL-001;F346-VAL-002,F346-CALC-001,F346-UX-001;F346-UX-002,F346-SEC-001;F346-SEC-002,F346-INT-001;F346-INT-002,F346-API-001,F346-E2E-001;F346-E2E-002,F346-UAT-001;F346-UAT-002,APPROVED,8,APPROVED,F346-PFC-01;F346-PFC-02;F346-PFC-03;F346-PFC-04;F346-PFC-05;F346-PFC-06;F346-PFC-07;F346-PFC-08;F346-PFC-09;F346-PFC-10,F346-STM-01;F346-STM-02;F346-STM-03;F346-STM-04;F346-STM-05,APPROVED,PFD-BM-F346-1;PFD-BM-F346-2,APPROVED,services/api/src/modules/support,apps/web/src/modules/support,FULL,W10,F346-E2E-001;F346-UAT-001;PVT-F346-CAP-001;PVT-F346-FR-001;PVT-F346-FR-002;PVT-F346-US-001;PVT-F346-FLOW-001;PVT-F346-FLOW-002;PVT-F346-BR-001;PVT-F346-DATA-001;PVT-F346-VAL-001;PVT-F346-CALC-001;PVT-F346-UX-001;PVT-F346-SEC-001;PVT-F346-AUTO-001;PVT-F346-APP-001;PVT-F346-NOTIF-001;PVT-F346-REP-001;PVT-F346-AI-001;PVT-F346-INT-001;PVT-F346-API-001;PVT-F346-PERF-001;PVT-F346-OBS-001;PVT-F346-E2E-001;PVT-F346-UAT-001;PVT-F346-FR-003;PVT-F346-FLOW-003;PVT-F346-DATA-002;PVT-F346-VAL-002;PVT-F346-BR-002;PVT-F346-UX-002;PVT-F346-SEC-002;PVT-F346-INT-002;PVT-F346-PERF-002;PVT-F346-OBS-002;PVT-F346-E2E-002;PVT-F346-UAT-002;PVT-F346-AI-002;PVT-F346-APP-002,AUTHORIZED_BY_PASS_F_SUBJECT_TO_WAVE_DEPENDENCIES,NOT_READY
F347,Category,Support / Customer Service,docs/03-modules/support/features/F347-category.md,F347-CAP-001,F347-FLOW-001;F347-FLOW-002;F347-FLOW-003,F347-BR-001;F347-BR-002,F347-DATA-001;F347-DATA-002,F347-VAL-001;F347-VAL-002,F347-CALC-001,F347-UX-001;F347-UX-002,F347-SEC-001;F347-SEC-002,F347-INT-001;F347-INT-002,F347-API-001,F347-E2E-001;F347-E2E-002,F347-UAT-001;F347-UAT-002,APPROVED,8,APPROVED,F347-PFC-01;F347-PFC-02;F347-PFC-03;F347-PFC-04;F347-PFC-05;F347-PFC-06;F347-PFC-07;F347-PFC-08;F347-PFC-09;F347-PFC-10,F347-STM-01;F347-STM-02;F347-STM-03;F347-STM-04;F347-STM-05,APPROVED,PFD-BM-F347-1;PFD-BM-F347-2,APPROVED,services/api/src/modules/support,apps/web/src/modules/support,READ_ONLY,W10,F347-E2E-001;F347-UAT-001;PVT-F347-CAP-001;PVT-F347-FR-001;PVT-F347-FR-002;PVT-F347-US-001;PVT-F347-FLOW-001;PVT-F347-FLOW-002;PVT-F347-BR-001;PVT-F347-DATA-001;PVT-F347-VAL-001;PVT-F347-CALC-001;PVT-F347-UX-001;PVT-F347-SEC-001;PVT-F347-AUTO-001;PVT-F347-APP-001;PVT-F347-NOTIF-001;PVT-F347-REP-001;PVT-F347-AI-001;PVT-F347-INT-001;PVT-F347-API-001;PVT-F347-PERF-001;PVT-F347-OBS-001;PVT-F347-E2E-001;PVT-F347-UAT-001;PVT-F347-FR-003;PVT-F347-FLOW-003;PVT-F347-DATA-002;PVT-F347-VAL-002;PVT-F347-BR-002;PVT-F347-UX-002;PVT-F347-SEC-002;PVT-F347-INT-002;PVT-F347-PERF-002;PVT-F347-OBS-002;PVT-F347-E2E-002;PVT-F347-UAT-002;PVT-F347-AI-002;PVT-F347-APP-002,AUTHORIZED_BY_PASS_F_SUBJECT_TO_WAVE_DEPENDENCIES,NOT_READY
F348,Priority,Support / Customer Service,docs/03-modules/support/features/F348-priority.md,F348-CAP-001,F348-FLOW-001;F348-FLOW-002;F348-FLOW-003,F348-BR-001;F348-BR-002,F348-DATA-001;F348-DATA-002,F348-VAL-001;F348-VAL-002,F348-CALC-001,F348-UX-001;F348-UX-002,F348-SEC-001;F348-SEC-002,F348-INT-001;F348-INT-002,F348-API-001,F348-E2E-001;F348-E2E-002,F348-UAT-001;F348-UAT-002,APPROVED,8,APPROVED,F348-PFC-01;F348-PFC-02;F348-PFC-03;F348-PFC-04;F348-PFC-05;F348-PFC-06;F348-PFC-07;F348-PFC-08;F348-PFC-09;F348-PFC-10,F348-STM-01;F348-STM-02;F348-STM-03;F348-STM-04;F348-STM-05,APPROVED,PFD-BM-F348-1;PFD-BM-F348-2,APPROVED,services/api/src/modules/support,apps/web/src/modules/support,FULL,W10,F348-E2E-001;F348-UAT-001;PVT-F348-CAP-001;PVT-F348-FR-001;PVT-F348-FR-002;PVT-F348-US-001;PVT-F348-FLOW-001;PVT-F348-FLOW-002;PVT-F348-BR-001;PVT-F348-DATA-001;PVT-F348-VAL-001;PVT-F348-CALC-001;PVT-F348-UX-001;PVT-F348-SEC-001;PVT-F348-AUTO-001;PVT-F348-APP-001;PVT-F348-NOTIF-001;PVT-F348-REP-001;PVT-F348-AI-001;PVT-F348-INT-001;PVT-F348-API-001;PVT-F348-PERF-001;PVT-F348-OBS-001;PVT-F348-E2E-001;PVT-F348-UAT-001;PVT-F348-FR-003;PVT-F348-FLOW-003;PVT-F348-DATA-002;PVT-F348-VAL-002;PVT-F348-BR-002;PVT-F348-UX-002;PVT-F348-SEC-002;PVT-F348-INT-002;PVT-F348-PERF-002;PVT-F348-OBS-002;PVT-F348-E2E-002;PVT-F348-UAT-002;PVT-F348-AI-002;PVT-F348-APP-002,AUTHORIZED_BY_PASS_F_SUBJECT_TO_WAVE_DEPENDENCIES,NOT_READY
F349,Status,Support / Customer Service,docs/03-modules/support/features/F349-status.md,F349-CAP-001,F349-FLOW-001;F349-FLOW-002;F349-FLOW-003,F349-BR-001;F349-BR-002,F349-DATA-001;F349-DATA-002,F349-VAL-001;F349-VAL-002,F349-CALC-001,F349-UX-001;F349-UX-002,F349-SEC-001;F349-SEC-002,F349-INT-001;F349-INT-002,F349-API-001,F349-E2E-001;F349-E2E-002,F349-UAT-001;F349-UAT-002,APPROVED,8,APPROVED,F349-PFC-01;F349-PFC-02;F349-PFC-03;F349-PFC-04;F349-PFC-05;F349-PFC-06;F349-PFC-07;F349-PFC-08;F349-PFC-09;F349-PFC-10,F349-STM-01;F349-STM-02;F349-STM-03;F349-STM-04;F349-STM-05,APPROVED,PFD-BM-F349-1;PFD-BM-F349-2,APPROVED,services/api/src/modules/support,apps/web/src/modules/support,FULL,W10,F349-E2E-001;F349-UAT-001;PVT-F349-CAP-001;PVT-F349-FR-001;PVT-F349-FR-002;PVT-F349-US-001;PVT-F349-FLOW-001;PVT-F349-FLOW-002;PVT-F349-BR-001;PVT-F349-DATA-001;PVT-F349-VAL-001;PVT-F349-CALC-001;PVT-F349-UX-001;PVT-F349-SEC-001;PVT-F349-AUTO-001;PVT-F349-APP-001;PVT-F349-NOTIF-001;PVT-F349-REP-001;PVT-F349-AI-001;PVT-F349-INT-001;PVT-F349-API-001;PVT-F349-PERF-001;PVT-F349-OBS-001;PVT-F349-E2E-001;PVT-F349-UAT-001;PVT-F349-FR-003;PVT-F349-FLOW-003;PVT-F349-DATA-002;PVT-F349-VAL-002;PVT-F349-BR-002;PVT-F349-UX-002;PVT-F349-SEC-002;PVT-F349-INT-002;PVT-F349-PERF-002;PVT-F349-OBS-002;PVT-F349-E2E-002;PVT-F349-UAT-002;PVT-F349-AI-002;PVT-F349-APP-002,AUTHORIZED_BY_PASS_F_SUBJECT_TO_WAVE_DEPENDENCIES,NOT_READY
F350,Queues,Support / Customer Service,docs/03-modules/support/features/F350-queues.md,F350-CAP-001,F350-FLOW-001;F350-FLOW-002;F350-FLOW-003,F350-BR-001;F350-BR-002,F350-DATA-001;F350-DATA-002,F350-VAL-001;F350-VAL-002,F350-CALC-001,F350-UX-001;F350-UX-002,F350-SEC-001;F350-SEC-002,F350-INT-001;F350-INT-002,F350-API-001,F350-E2E-001;F350-E2E-002,F350-UAT-001;F350-UAT-002,APPROVED,8,APPROVED,F350-PFC-01;F350-PFC-02;F350-PFC-03;F350-PFC-04;F350-PFC-05;F350-PFC-06;F350-PFC-07;F350-PFC-08;F350-PFC-09;F350-PFC-10,F350-STM-01;F350-STM-02;F350-STM-03;F350-STM-04;F350-STM-05,APPROVED,PFD-BM-F350-1;PFD-BM-F350-2,APPROVED,services/api/src/modules/support,apps/web/src/modules/support,FULL,W10,F350-E2E-001;F350-UAT-001;PVT-F350-CAP-001;PVT-F350-FR-001;PVT-F350-FR-002;PVT-F350-US-001;PVT-F350-FLOW-001;PVT-F350-FLOW-002;PVT-F350-BR-001;PVT-F350-DATA-001;PVT-F350-VAL-001;PVT-F350-CALC-001;PVT-F350-UX-001;PVT-F350-SEC-001;PVT-F350-AUTO-001;PVT-F350-APP-001;PVT-F350-NOTIF-001;PVT-F350-REP-001;PVT-F350-AI-001;PVT-F350-INT-001;PVT-F350-API-001;PVT-F350-PERF-001;PVT-F350-OBS-001;PVT-F350-E2E-001;PVT-F350-UAT-001;PVT-F350-FR-003;PVT-F350-FLOW-003;PVT-F350-DATA-002;PVT-F350-VAL-002;PVT-F350-BR-002;PVT-F350-UX-002;PVT-F350-SEC-002;PVT-F350-INT-002;PVT-F350-PERF-002;PVT-F350-OBS-002;PVT-F350-E2E-002;PVT-F350-UAT-002;PVT-F350-AI-002;PVT-F350-APP-002,AUTHORIZED_BY_PASS_F_SUBJECT_TO_WAVE_DEPENDENCIES,NOT_READY
F351,Agent assignment,Support / Customer Service,docs/03-modules/support/features/F351-agent-assignment.md,F351-CAP-001,F351-FLOW-001;F351-FLOW-002;F351-FLOW-003,F351-BR-001;F351-BR-002,F351-DATA-001;F351-DATA-002,F351-VAL-001;F351-VAL-002,F351-CALC-001,F351-UX-001;F351-UX-002,F351-SEC-001;F351-SEC-002,F351-INT-001;F351-INT-002,F351-API-001,F351-E2E-001;F351-E2E-002,F351-UAT-001;F351-UAT-002,APPROVED,8,APPROVED,F351-PFC-01;F351-PFC-02;F351-PFC-03;F351-PFC-04;F351-PFC-05;F351-PFC-06;F351-PFC-07;F351-PFC-08;F351-PFC-09;F351-PFC-10,F351-STM-01;F351-STM-02;F351-STM-03;F351-STM-04;F351-STM-05,APPROVED,PFD-BM-F351-1;PFD-BM-F351-2,APPROVED,services/api/src/modules/support,apps/web/src/modules/support,FULL,W10,F351-E2E-001;F351-UAT-001;PVT-F351-CAP-001;PVT-F351-FR-001;PVT-F351-FR-002;PVT-F351-US-001;PVT-F351-FLOW-001;PVT-F351-FLOW-002;PVT-F351-BR-001;PVT-F351-DATA-001;PVT-F351-VAL-001;PVT-F351-CALC-001;PVT-F351-UX-001;PVT-F351-SEC-001;PVT-F351-AUTO-001;PVT-F351-APP-001;PVT-F351-NOTIF-001;PVT-F351-REP-001;PVT-F351-AI-001;PVT-F351-INT-001;PVT-F351-API-001;PVT-F351-PERF-001;PVT-F351-OBS-001;PVT-F351-E2E-001;PVT-F351-UAT-001;PVT-F351-FR-003;PVT-F351-FLOW-003;PVT-F351-DATA-002;PVT-F351-VAL-002;PVT-F351-BR-002;PVT-F351-UX-002;PVT-F351-SEC-002;PVT-F351-INT-002;PVT-F351-PERF-002;PVT-F351-OBS-002;PVT-F351-E2E-002;PVT-F351-UAT-002;PVT-F351-AI-002;PVT-F351-APP-002,AUTHORIZED_BY_PASS_F_SUBJECT_TO_WAVE_DEPENDENCIES,NOT_READY
F352,Automatic routing,Support / Customer Service,docs/03-modules/support/features/F352-automatic-routing.md,F352-CAP-001,F352-FLOW-001;F352-FLOW-002;F352-FLOW-003,F352-BR-001;F352-BR-002,F352-DATA-001;F352-DATA-002,F352-VAL-001;F352-VAL-002,F352-CALC-001,F352-UX-001;F352-UX-002,F352-SEC-001;F352-SEC-002,F352-INT-001;F352-INT-002,F352-API-001,F352-E2E-001;F352-E2E-002,F352-UAT-001;F352-UAT-002,APPROVED,8,APPROVED,F352-PFC-01;F352-PFC-02;F352-PFC-03;F352-PFC-04;F352-PFC-05;F352-PFC-06;F352-PFC-07;F352-PFC-08;F352-PFC-09;F352-PFC-10,F352-STM-01;F352-STM-02;F352-STM-03;F352-STM-04;F352-STM-05,APPROVED,PFD-BM-F352-1;PFD-BM-F352-2,APPROVED,services/api/src/modules/support,apps/web/src/modules/support,READ_ONLY,W10,F352-E2E-001;F352-UAT-001;PVT-F352-CAP-001;PVT-F352-FR-001;PVT-F352-FR-002;PVT-F352-US-001;PVT-F352-FLOW-001;PVT-F352-FLOW-002;PVT-F352-BR-001;PVT-F352-DATA-001;PVT-F352-VAL-001;PVT-F352-CALC-001;PVT-F352-UX-001;PVT-F352-SEC-001;PVT-F352-AUTO-001;PVT-F352-APP-001;PVT-F352-NOTIF-001;PVT-F352-REP-001;PVT-F352-AI-001;PVT-F352-INT-001;PVT-F352-API-001;PVT-F352-PERF-001;PVT-F352-OBS-001;PVT-F352-E2E-001;PVT-F352-UAT-001;PVT-F352-FR-003;PVT-F352-FLOW-003;PVT-F352-DATA-002;PVT-F352-VAL-002;PVT-F352-BR-002;PVT-F352-UX-002;PVT-F352-SEC-002;PVT-F352-INT-002;PVT-F352-PERF-002;PVT-F352-OBS-002;PVT-F352-E2E-002;PVT-F352-UAT-002;PVT-F352-AI-002;PVT-F352-APP-002,AUTHORIZED_BY_PASS_F_SUBJECT_TO_WAVE_DEPENDENCIES,NOT_READY
F353,Email-to-ticket,Support / Customer Service,docs/03-modules/support/features/F353-email-to-ticket.md,F353-CAP-001,F353-FLOW-001;F353-FLOW-002;F353-FLOW-003,F353-BR-001;F353-BR-002,F353-DATA-001;F353-DATA-002,F353-VAL-001;F353-VAL-002,F353-CALC-001,F353-UX-001;F353-UX-002,F353-SEC-001;F353-SEC-002,F353-INT-001;F353-INT-002,F353-API-001,F353-E2E-001;F353-E2E-002,F353-UAT-001;F353-UAT-002,APPROVED,8,APPROVED,F353-PFC-01;F353-PFC-02;F353-PFC-03;F353-PFC-04;F353-PFC-05;F353-PFC-06;F353-PFC-07;F353-PFC-08;F353-PFC-09;F353-PFC-10,F353-STM-01;F353-STM-02;F353-STM-03;F353-STM-04;F353-STM-05,APPROVED,PFD-BM-F353-1;PFD-BM-F353-2,APPROVED,services/api/src/modules/support,apps/web/src/modules/support,FIELD_OPTIMIZED,W10,F353-E2E-001;F353-UAT-001;PVT-F353-CAP-001;PVT-F353-FR-001;PVT-F353-FR-002;PVT-F353-US-001;PVT-F353-FLOW-001;PVT-F353-FLOW-002;PVT-F353-BR-001;PVT-F353-DATA-001;PVT-F353-VAL-001;PVT-F353-CALC-001;PVT-F353-UX-001;PVT-F353-SEC-001;PVT-F353-AUTO-001;PVT-F353-APP-001;PVT-F353-NOTIF-001;PVT-F353-REP-001;PVT-F353-AI-001;PVT-F353-INT-001;PVT-F353-API-001;PVT-F353-PERF-001;PVT-F353-OBS-001;PVT-F353-E2E-001;PVT-F353-UAT-001;PVT-F353-FR-003;PVT-F353-FLOW-003;PVT-F353-DATA-002;PVT-F353-VAL-002;PVT-F353-BR-002;PVT-F353-UX-002;PVT-F353-SEC-002;PVT-F353-INT-002;PVT-F353-PERF-002;PVT-F353-OBS-002;PVT-F353-E2E-002;PVT-F353-UAT-002;PVT-F353-AI-002;PVT-F353-APP-002,AUTHORIZED_BY_PASS_F_SUBJECT_TO_WAVE_DEPENDENCIES,NOT_READY
F354,Web ticket creation,Support / Customer Service,docs/03-modules/support/features/F354-web-ticket-creation.md,F354-CAP-001,F354-FLOW-001;F354-FLOW-002;F354-FLOW-003,F354-BR-001;F354-BR-002,F354-DATA-001;F354-DATA-002,F354-VAL-001;F354-VAL-002,F354-CALC-001,F354-UX-001;F354-UX-002,F354-SEC-001;F354-SEC-002,F354-INT-001;F354-INT-002,F354-API-001,F354-E2E-001;F354-E2E-002,F354-UAT-001;F354-UAT-002,APPROVED,8,APPROVED,F354-PFC-01;F354-PFC-02;F354-PFC-03;F354-PFC-04;F354-PFC-05;F354-PFC-06;F354-PFC-07;F354-PFC-08;F354-PFC-09;F354-PFC-10,F354-STM-01;F354-STM-02;F354-STM-03;F354-STM-04;F354-STM-05,APPROVED,PFD-BM-F354-1;PFD-BM-F354-2,APPROVED,services/api/src/modules/support,apps/web/src/modules/support,FIELD_OPTIMIZED,W10,F354-E2E-001;F354-UAT-001;PVT-F354-CAP-001;PVT-F354-FR-001;PVT-F354-FR-002;PVT-F354-US-001;PVT-F354-FLOW-001;PVT-F354-FLOW-002;PVT-F354-BR-001;PVT-F354-DATA-001;PVT-F354-VAL-001;PVT-F354-CALC-001;PVT-F354-UX-001;PVT-F354-SEC-001;PVT-F354-AUTO-001;PVT-F354-APP-001;PVT-F354-NOTIF-001;PVT-F354-REP-001;PVT-F354-AI-001;PVT-F354-INT-001;PVT-F354-API-001;PVT-F354-PERF-001;PVT-F354-OBS-001;PVT-F354-E2E-001;PVT-F354-UAT-001;PVT-F354-FR-003;PVT-F354-FLOW-003;PVT-F354-DATA-002;PVT-F354-VAL-002;PVT-F354-BR-002;PVT-F354-UX-002;PVT-F354-SEC-002;PVT-F354-INT-002;PVT-F354-PERF-002;PVT-F354-OBS-002;PVT-F354-E2E-002;PVT-F354-UAT-002;PVT-F354-AI-002;PVT-F354-APP-002,AUTHORIZED_BY_PASS_F_SUBJECT_TO_WAVE_DEPENDENCIES,NOT_READY
F355,Manual ticket creation,Support / Customer Service,docs/03-modules/support/features/F355-manual-ticket-creation.md,F355-CAP-001,F355-FLOW-001;F355-FLOW-002;F355-FLOW-003,F355-BR-001;F355-BR-002,F355-DATA-001;F355-DATA-002,F355-VAL-001;F355-VAL-002,F355-CALC-001,F355-UX-001;F355-UX-002,F355-SEC-001;F355-SEC-002,F355-INT-001;F355-INT-002,F355-API-001,F355-E2E-001;F355-E2E-002,F355-UAT-001;F355-UAT-002,APPROVED,8,APPROVED,F355-PFC-01;F355-PFC-02;F355-PFC-03;F355-PFC-04;F355-PFC-05;F355-PFC-06;F355-PFC-07;F355-PFC-08;F355-PFC-09;F355-PFC-10,F355-STM-01;F355-STM-02;F355-STM-03;F355-STM-04;F355-STM-05,APPROVED,PFD-BM-F355-1;PFD-BM-F355-2,APPROVED,services/api/src/modules/support,apps/web/src/modules/support,FIELD_OPTIMIZED,W10,F355-E2E-001;F355-UAT-001;PVT-F355-CAP-001;PVT-F355-FR-001;PVT-F355-FR-002;PVT-F355-US-001;PVT-F355-FLOW-001;PVT-F355-FLOW-002;PVT-F355-BR-001;PVT-F355-DATA-001;PVT-F355-VAL-001;PVT-F355-CALC-001;PVT-F355-UX-001;PVT-F355-SEC-001;PVT-F355-AUTO-001;PVT-F355-APP-001;PVT-F355-NOTIF-001;PVT-F355-REP-001;PVT-F355-AI-001;PVT-F355-INT-001;PVT-F355-API-001;PVT-F355-PERF-001;PVT-F355-OBS-001;PVT-F355-E2E-001;PVT-F355-UAT-001;PVT-F355-FR-003;PVT-F355-FLOW-003;PVT-F355-DATA-002;PVT-F355-VAL-002;PVT-F355-BR-002;PVT-F355-UX-002;PVT-F355-SEC-002;PVT-F355-INT-002;PVT-F355-PERF-002;PVT-F355-OBS-002;PVT-F355-E2E-002;PVT-F355-UAT-002;PVT-F355-AI-002;PVT-F355-APP-002,AUTHORIZED_BY_PASS_F_SUBJECT_TO_WAVE_DEPENDENCIES,NOT_READY
F356,Customer replies,Support / Customer Service,docs/03-modules/support/features/F356-customer-replies.md,F356-CAP-001,F356-FLOW-001;F356-FLOW-002;F356-FLOW-003,F356-BR-001;F356-BR-002,F356-DATA-001;F356-DATA-002,F356-VAL-001;F356-VAL-002,F356-CALC-001,F356-UX-001;F356-UX-002,F356-SEC-001;F356-SEC-002,F356-INT-001;F356-INT-002,F356-API-001,F356-E2E-001;F356-E2E-002,F356-UAT-001;F356-UAT-002,APPROVED,8,APPROVED,F356-PFC-01;F356-PFC-02;F356-PFC-03;F356-PFC-04;F356-PFC-05;F356-PFC-06;F356-PFC-07;F356-PFC-08;F356-PFC-09;F356-PFC-10,F356-STM-01;F356-STM-02;F356-STM-03;F356-STM-04;F356-STM-05,APPROVED,PFD-BM-F356-1;PFD-BM-F356-2,APPROVED,services/api/src/modules/support,apps/web/src/modules/support,FULL,W10,F356-E2E-001;F356-UAT-001;PVT-F356-CAP-001;PVT-F356-FR-001;PVT-F356-FR-002;PVT-F356-US-001;PVT-F356-FLOW-001;PVT-F356-FLOW-002;PVT-F356-BR-001;PVT-F356-DATA-001;PVT-F356-VAL-001;PVT-F356-CALC-001;PVT-F356-UX-001;PVT-F356-SEC-001;PVT-F356-AUTO-001;PVT-F356-APP-001;PVT-F356-NOTIF-001;PVT-F356-REP-001;PVT-F356-AI-001;PVT-F356-INT-001;PVT-F356-API-001;PVT-F356-PERF-001;PVT-F356-OBS-001;PVT-F356-E2E-001;PVT-F356-UAT-001;PVT-F356-FR-003;PVT-F356-FLOW-003;PVT-F356-DATA-002;PVT-F356-VAL-002;PVT-F356-BR-002;PVT-F356-UX-002;PVT-F356-SEC-002;PVT-F356-INT-002;PVT-F356-PERF-002;PVT-F356-OBS-002;PVT-F356-E2E-002;PVT-F356-UAT-002;PVT-F356-AI-002;PVT-F356-APP-002,AUTHORIZED_BY_PASS_F_SUBJECT_TO_WAVE_DEPENDENCIES,NOT_READY
F357,Internal / private notes,Support / Customer Service,docs/03-modules/support/features/F357-internal-private-notes.md,F357-CAP-001,F357-FLOW-001;F357-FLOW-002;F357-FLOW-003,F357-BR-001;F357-BR-002,F357-DATA-001;F357-DATA-002,F357-VAL-001;F357-VAL-002,F357-CALC-001,F357-UX-001;F357-UX-002,F357-SEC-001;F357-SEC-002,F357-INT-001;F357-INT-002,F357-API-001,F357-E2E-001;F357-E2E-002,F357-UAT-001;F357-UAT-002,APPROVED,8,APPROVED,F357-PFC-01;F357-PFC-02;F357-PFC-03;F357-PFC-04;F357-PFC-05;F357-PFC-06;F357-PFC-07;F357-PFC-08;F357-PFC-09;F357-PFC-10,F357-STM-01;F357-STM-02;F357-STM-03;F357-STM-04;F357-STM-05,APPROVED,PFD-BM-F357-1;PFD-BM-F357-2,APPROVED,services/api/src/modules/support,apps/web/src/modules/support,FULL,W10,F357-E2E-001;F357-UAT-001;PVT-F357-CAP-001;PVT-F357-FR-001;PVT-F357-FR-002;PVT-F357-US-001;PVT-F357-FLOW-001;PVT-F357-FLOW-002;PVT-F357-BR-001;PVT-F357-DATA-001;PVT-F357-VAL-001;PVT-F357-CALC-001;PVT-F357-UX-001;PVT-F357-SEC-001;PVT-F357-AUTO-001;PVT-F357-APP-001;PVT-F357-NOTIF-001;PVT-F357-REP-001;PVT-F357-AI-001;PVT-F357-INT-001;PVT-F357-API-001;PVT-F357-PERF-001;PVT-F357-OBS-001;PVT-F357-E2E-001;PVT-F357-UAT-001;PVT-F357-FR-003;PVT-F357-FLOW-003;PVT-F357-DATA-002;PVT-F357-VAL-002;PVT-F357-BR-002;PVT-F357-UX-002;PVT-F357-SEC-002;PVT-F357-INT-002;PVT-F357-PERF-002;PVT-F357-OBS-002;PVT-F357-E2E-002;PVT-F357-UAT-002;PVT-F357-AI-002;PVT-F357-APP-002,AUTHORIZED_BY_PASS_F_SUBJECT_TO_WAVE_DEPENDENCIES,NOT_READY
F358,Attachments,Support / Customer Service,docs/03-modules/support/features/F358-attachments.md,F358-CAP-001,F358-FLOW-001;F358-FLOW-002;F358-FLOW-003,F358-BR-001;F358-BR-002,F358-DATA-001;F358-DATA-002,F358-VAL-001;F358-VAL-002,F358-CALC-001,F358-UX-001;F358-UX-002,F358-SEC-001;F358-SEC-002,F358-INT-001;F358-INT-002,F358-API-001,F358-E2E-001;F358-E2E-002,F358-UAT-001;F358-UAT-002,APPROVED,8,APPROVED,F358-PFC-01;F358-PFC-02;F358-PFC-03;F358-PFC-04;F358-PFC-05;F358-PFC-06;F358-PFC-07;F358-PFC-08;F358-PFC-09;F358-PFC-10,F358-STM-01;F358-STM-02;F358-STM-03;F358-STM-04;F358-STM-05,APPROVED,PFD-BM-F358-1;PFD-BM-F358-2,APPROVED,services/api/src/modules/support,apps/web/src/modules/support,FULL,W10,F358-E2E-001;F358-UAT-001;PVT-F358-CAP-001;PVT-F358-FR-001;PVT-F358-FR-002;PVT-F358-US-001;PVT-F358-FLOW-001;PVT-F358-FLOW-002;PVT-F358-BR-001;PVT-F358-DATA-001;PVT-F358-VAL-001;PVT-F358-CALC-001;PVT-F358-UX-001;PVT-F358-SEC-001;PVT-F358-AUTO-001;PVT-F358-APP-001;PVT-F358-NOTIF-001;PVT-F358-REP-001;PVT-F358-AI-001;PVT-F358-INT-001;PVT-F358-API-001;PVT-F358-PERF-001;PVT-F358-OBS-001;PVT-F358-E2E-001;PVT-F358-UAT-001;PVT-F358-FR-003;PVT-F358-FLOW-003;PVT-F358-DATA-002;PVT-F358-VAL-002;PVT-F358-BR-002;PVT-F358-UX-002;PVT-F358-SEC-002;PVT-F358-INT-002;PVT-F358-PERF-002;PVT-F358-OBS-002;PVT-F358-E2E-002;PVT-F358-UAT-002;PVT-F358-AI-002;PVT-F358-APP-002,AUTHORIZED_BY_PASS_F_SUBJECT_TO_WAVE_DEPENDENCIES,NOT_READY
F359,SLA policies,Support / Customer Service,docs/03-modules/support/features/F359-sla-policies.md,F359-CAP-001,F359-FLOW-001;F359-FLOW-002;F359-FLOW-003,F359-BR-001;F359-BR-002,F359-DATA-001;F359-DATA-002,F359-VAL-001;F359-VAL-002,F359-CALC-001,F359-UX-001;F359-UX-002,F359-SEC-001;F359-SEC-002,F359-INT-001;F359-INT-002,F359-API-001,F359-E2E-001;F359-E2E-002,F359-UAT-001;F359-UAT-002,APPROVED,8,APPROVED,F359-PFC-01;F359-PFC-02;F359-PFC-03;F359-PFC-04;F359-PFC-05;F359-PFC-06;F359-PFC-07;F359-PFC-08;F359-PFC-09;F359-PFC-10,F359-STM-01;F359-STM-02;F359-STM-03;F359-STM-04;F359-STM-05,APPROVED,PFD-BM-F359-1;PFD-BM-F359-2,APPROVED,services/api/src/modules/support,apps/web/src/modules/support,FULL,W10,F359-E2E-001;F359-UAT-001;PVT-F359-CAP-001;PVT-F359-FR-001;PVT-F359-FR-002;PVT-F359-US-001;PVT-F359-FLOW-001;PVT-F359-FLOW-002;PVT-F359-BR-001;PVT-F359-DATA-001;PVT-F359-VAL-001;PVT-F359-CALC-001;PVT-F359-UX-001;PVT-F359-SEC-001;PVT-F359-AUTO-001;PVT-F359-APP-001;PVT-F359-NOTIF-001;PVT-F359-REP-001;PVT-F359-AI-001;PVT-F359-INT-001;PVT-F359-API-001;PVT-F359-PERF-001;PVT-F359-OBS-001;PVT-F359-E2E-001;PVT-F359-UAT-001;PVT-F359-FR-003;PVT-F359-FLOW-003;PVT-F359-DATA-002;PVT-F359-VAL-002;PVT-F359-BR-002;PVT-F359-UX-002;PVT-F359-SEC-002;PVT-F359-INT-002;PVT-F359-PERF-002;PVT-F359-OBS-002;PVT-F359-E2E-002;PVT-F359-UAT-002;PVT-F359-AI-002;PVT-F359-APP-002,AUTHORIZED_BY_PASS_F_SUBJECT_TO_WAVE_DEPENDENCIES,NOT_READY
F360,First-response SLA,Support / Customer Service,docs/03-modules/support/features/F360-first-response-sla.md,F360-CAP-001,F360-FLOW-001;F360-FLOW-002;F360-FLOW-003,F360-BR-001;F360-BR-002,F360-DATA-001;F360-DATA-002,F360-VAL-001;F360-VAL-002,F360-CALC-001,F360-UX-001;F360-UX-002,F360-SEC-001;F360-SEC-002,F360-INT-001;F360-INT-002,F360-API-001,F360-E2E-001;F360-E2E-002,F360-UAT-001;F360-UAT-002,APPROVED,8,APPROVED,F360-PFC-01;F360-PFC-02;F360-PFC-03;F360-PFC-04;F360-PFC-05;F360-PFC-06;F360-PFC-07;F360-PFC-08;F360-PFC-09;F360-PFC-10,F360-STM-01;F360-STM-02;F360-STM-03;F360-STM-04;F360-STM-05,APPROVED,PFD-BM-F360-1;PFD-BM-F360-2,APPROVED,services/api/src/modules/support,apps/web/src/modules/support,FULL,W10,F360-E2E-001;F360-UAT-001;PVT-F360-CAP-001;PVT-F360-FR-001;PVT-F360-FR-002;PVT-F360-US-001;PVT-F360-FLOW-001;PVT-F360-FLOW-002;PVT-F360-BR-001;PVT-F360-DATA-001;PVT-F360-VAL-001;PVT-F360-CALC-001;PVT-F360-UX-001;PVT-F360-SEC-001;PVT-F360-AUTO-001;PVT-F360-APP-001;PVT-F360-NOTIF-001;PVT-F360-REP-001;PVT-F360-AI-001;PVT-F360-INT-001;PVT-F360-API-001;PVT-F360-PERF-001;PVT-F360-OBS-001;PVT-F360-E2E-001;PVT-F360-UAT-001;PVT-F360-FR-003;PVT-F360-FLOW-003;PVT-F360-DATA-002;PVT-F360-VAL-002;PVT-F360-BR-002;PVT-F360-UX-002;PVT-F360-SEC-002;PVT-F360-INT-002;PVT-F360-PERF-002;PVT-F360-OBS-002;PVT-F360-E2E-002;PVT-F360-UAT-002;PVT-F360-AI-002;PVT-F360-APP-002,AUTHORIZED_BY_PASS_F_SUBJECT_TO_WAVE_DEPENDENCIES,NOT_READY
F361,Resolution SLA,Support / Customer Service,docs/03-modules/support/features/F361-resolution-sla.md,F361-CAP-001,F361-FLOW-001;F361-FLOW-002;F361-FLOW-003,F361-BR-001;F361-BR-002,F361-DATA-001;F361-DATA-002,F361-VAL-001;F361-VAL-002,F361-CALC-001,F361-UX-001;F361-UX-002,F361-SEC-001;F361-SEC-002,F361-INT-001;F361-INT-002,F361-API-001,F361-E2E-001;F361-E2E-002,F361-UAT-001;F361-UAT-002,APPROVED,8,APPROVED,F361-PFC-01;F361-PFC-02;F361-PFC-03;F361-PFC-04;F361-PFC-05;F361-PFC-06;F361-PFC-07;F361-PFC-08;F361-PFC-09;F361-PFC-10,F361-STM-01;F361-STM-02;F361-STM-03;F361-STM-04;F361-STM-05,APPROVED,PFD-BM-F361-1;PFD-BM-F361-2,APPROVED,services/api/src/modules/support,apps/web/src/modules/support,FULL,W10,F361-E2E-001;F361-UAT-001;PVT-F361-CAP-001;PVT-F361-FR-001;PVT-F361-FR-002;PVT-F361-US-001;PVT-F361-FLOW-001;PVT-F361-FLOW-002;PVT-F361-BR-001;PVT-F361-DATA-001;PVT-F361-VAL-001;PVT-F361-CALC-001;PVT-F361-UX-001;PVT-F361-SEC-001;PVT-F361-AUTO-001;PVT-F361-APP-001;PVT-F361-NOTIF-001;PVT-F361-REP-001;PVT-F361-AI-001;PVT-F361-INT-001;PVT-F361-API-001;PVT-F361-PERF-001;PVT-F361-OBS-001;PVT-F361-E2E-001;PVT-F361-UAT-001;PVT-F361-FR-003;PVT-F361-FLOW-003;PVT-F361-DATA-002;PVT-F361-VAL-002;PVT-F361-BR-002;PVT-F361-UX-002;PVT-F361-SEC-002;PVT-F361-INT-002;PVT-F361-PERF-002;PVT-F361-OBS-002;PVT-F361-E2E-002;PVT-F361-UAT-002;PVT-F361-AI-002;PVT-F361-APP-002,AUTHORIZED_BY_PASS_F_SUBJECT_TO_WAVE_DEPENDENCIES,NOT_READY
F362,SLA breach handling,Support / Customer Service,docs/03-modules/support/features/F362-sla-breach-handling.md,F362-CAP-001,F362-FLOW-001;F362-FLOW-002;F362-FLOW-003,F362-BR-001;F362-BR-002,F362-DATA-001;F362-DATA-002,F362-VAL-001;F362-VAL-002,F362-CALC-001,F362-UX-001;F362-UX-002,F362-SEC-001;F362-SEC-002,F362-INT-001;F362-INT-002,F362-API-001,F362-E2E-001;F362-E2E-002,F362-UAT-001;F362-UAT-002,APPROVED,8,APPROVED,F362-PFC-01;F362-PFC-02;F362-PFC-03;F362-PFC-04;F362-PFC-05;F362-PFC-06;F362-PFC-07;F362-PFC-08;F362-PFC-09;F362-PFC-10,F362-STM-01;F362-STM-02;F362-STM-03;F362-STM-04;F362-STM-05,APPROVED,PFD-BM-F362-1;PFD-BM-F362-2,APPROVED,services/api/src/modules/support,apps/web/src/modules/support,FULL,W10,F362-E2E-001;F362-UAT-001;PVT-F362-CAP-001;PVT-F362-FR-001;PVT-F362-FR-002;PVT-F362-US-001;PVT-F362-FLOW-001;PVT-F362-FLOW-002;PVT-F362-BR-001;PVT-F362-DATA-001;PVT-F362-VAL-001;PVT-F362-CALC-001;PVT-F362-UX-001;PVT-F362-SEC-001;PVT-F362-AUTO-001;PVT-F362-APP-001;PVT-F362-NOTIF-001;PVT-F362-REP-001;PVT-F362-AI-001;PVT-F362-INT-001;PVT-F362-API-001;PVT-F362-PERF-001;PVT-F362-OBS-001;PVT-F362-E2E-001;PVT-F362-UAT-001;PVT-F362-FR-003;PVT-F362-FLOW-003;PVT-F362-DATA-002;PVT-F362-VAL-002;PVT-F362-BR-002;PVT-F362-UX-002;PVT-F362-SEC-002;PVT-F362-INT-002;PVT-F362-PERF-002;PVT-F362-OBS-002;PVT-F362-E2E-002;PVT-F362-UAT-002;PVT-F362-AI-002;PVT-F362-APP-002,AUTHORIZED_BY_PASS_F_SUBJECT_TO_WAVE_DEPENDENCIES,NOT_READY
F363,Escalations,Support / Customer Service,docs/03-modules/support/features/F363-escalations.md,F363-CAP-001,F363-FLOW-001;F363-FLOW-002;F363-FLOW-003,F363-BR-001;F363-BR-002,F363-DATA-001;F363-DATA-002,F363-VAL-001;F363-VAL-002,F363-CALC-001,F363-UX-001;F363-UX-002,F363-SEC-001;F363-SEC-002,F363-INT-001;F363-INT-002,F363-API-001,F363-E2E-001;F363-E2E-002,F363-UAT-001;F363-UAT-002,APPROVED,8,APPROVED,F363-PFC-01;F363-PFC-02;F363-PFC-03;F363-PFC-04;F363-PFC-05;F363-PFC-06;F363-PFC-07;F363-PFC-08;F363-PFC-09;F363-PFC-10,F363-STM-01;F363-STM-02;F363-STM-03;F363-STM-04;F363-STM-05,APPROVED,PFD-BM-F363-1;PFD-BM-F363-2,APPROVED,services/api/src/modules/support,apps/web/src/modules/support,FULL,W10,F363-E2E-001;F363-UAT-001;PVT-F363-CAP-001;PVT-F363-FR-001;PVT-F363-FR-002;PVT-F363-US-001;PVT-F363-FLOW-001;PVT-F363-FLOW-002;PVT-F363-BR-001;PVT-F363-DATA-001;PVT-F363-VAL-001;PVT-F363-CALC-001;PVT-F363-UX-001;PVT-F363-SEC-001;PVT-F363-AUTO-001;PVT-F363-APP-001;PVT-F363-NOTIF-001;PVT-F363-REP-001;PVT-F363-AI-001;PVT-F363-INT-001;PVT-F363-API-001;PVT-F363-PERF-001;PVT-F363-OBS-001;PVT-F363-E2E-001;PVT-F363-UAT-001;PVT-F363-FR-003;PVT-F363-FLOW-003;PVT-F363-DATA-002;PVT-F363-VAL-002;PVT-F363-BR-002;PVT-F363-UX-002;PVT-F363-SEC-002;PVT-F363-INT-002;PVT-F363-PERF-002;PVT-F363-OBS-002;PVT-F363-E2E-002;PVT-F363-UAT-002;PVT-F363-AI-002;PVT-F363-APP-002,AUTHORIZED_BY_PASS_F_SUBJECT_TO_WAVE_DEPENDENCIES,NOT_READY
F364,Reassignment,Support / Customer Service,docs/03-modules/support/features/F364-reassignment.md,F364-CAP-001,F364-FLOW-001;F364-FLOW-002;F364-FLOW-003,F364-BR-001;F364-BR-002,F364-DATA-001;F364-DATA-002,F364-VAL-001;F364-VAL-002,F364-CALC-001,F364-UX-001;F364-UX-002,F364-SEC-001;F364-SEC-002,F364-INT-001;F364-INT-002,F364-API-001,F364-E2E-001;F364-E2E-002,F364-UAT-001;F364-UAT-002,APPROVED,8,APPROVED,F364-PFC-01;F364-PFC-02;F364-PFC-03;F364-PFC-04;F364-PFC-05;F364-PFC-06;F364-PFC-07;F364-PFC-08;F364-PFC-09;F364-PFC-10,F364-STM-01;F364-STM-02;F364-STM-03;F364-STM-04;F364-STM-05,APPROVED,PFD-BM-F364-1;PFD-BM-F364-2,APPROVED,services/api/src/modules/support,apps/web/src/modules/support,FULL,W10,F364-E2E-001;F364-UAT-001;PVT-F364-CAP-001;PVT-F364-FR-001;PVT-F364-FR-002;PVT-F364-US-001;PVT-F364-FLOW-001;PVT-F364-FLOW-002;PVT-F364-BR-001;PVT-F364-DATA-001;PVT-F364-VAL-001;PVT-F364-CALC-001;PVT-F364-UX-001;PVT-F364-SEC-001;PVT-F364-AUTO-001;PVT-F364-APP-001;PVT-F364-NOTIF-001;PVT-F364-REP-001;PVT-F364-AI-001;PVT-F364-INT-001;PVT-F364-API-001;PVT-F364-PERF-001;PVT-F364-OBS-001;PVT-F364-E2E-001;PVT-F364-UAT-001;PVT-F364-FR-003;PVT-F364-FLOW-003;PVT-F364-DATA-002;PVT-F364-VAL-002;PVT-F364-BR-002;PVT-F364-UX-002;PVT-F364-SEC-002;PVT-F364-INT-002;PVT-F364-PERF-002;PVT-F364-OBS-002;PVT-F364-E2E-002;PVT-F364-UAT-002;PVT-F364-AI-002;PVT-F364-APP-002,AUTHORIZED_BY_PASS_F_SUBJECT_TO_WAVE_DEPENDENCIES,NOT_READY
F365,Ticket history,Support / Customer Service,docs/03-modules/support/features/F365-ticket-history.md,F365-CAP-001,F365-FLOW-001;F365-FLOW-002;F365-FLOW-003,F365-BR-001;F365-BR-002,F365-DATA-001;F365-DATA-002,F365-VAL-001;F365-VAL-002,F365-CALC-001,F365-UX-001;F365-UX-002,F365-SEC-001;F365-SEC-002,F365-INT-001;F365-INT-002,F365-API-001,F365-E2E-001;F365-E2E-002,F365-UAT-001;F365-UAT-002,APPROVED,8,APPROVED,F365-PFC-01;F365-PFC-02;F365-PFC-03;F365-PFC-04;F365-PFC-05;F365-PFC-06;F365-PFC-07;F365-PFC-08;F365-PFC-09;F365-PFC-10,F365-STM-01;F365-STM-02;F365-STM-03;F365-STM-04;F365-STM-05,APPROVED,PFD-BM-F365-1;PFD-BM-F365-2,APPROVED,services/api/src/modules/support,apps/web/src/modules/support,FIELD_OPTIMIZED,W10,F365-E2E-001;F365-UAT-001;PVT-F365-CAP-001;PVT-F365-FR-001;PVT-F365-FR-002;PVT-F365-US-001;PVT-F365-FLOW-001;PVT-F365-FLOW-002;PVT-F365-BR-001;PVT-F365-DATA-001;PVT-F365-VAL-001;PVT-F365-CALC-001;PVT-F365-UX-001;PVT-F365-SEC-001;PVT-F365-AUTO-001;PVT-F365-APP-001;PVT-F365-NOTIF-001;PVT-F365-REP-001;PVT-F365-AI-001;PVT-F365-INT-001;PVT-F365-API-001;PVT-F365-PERF-001;PVT-F365-OBS-001;PVT-F365-E2E-001;PVT-F365-UAT-001;PVT-F365-FR-003;PVT-F365-FLOW-003;PVT-F365-DATA-002;PVT-F365-VAL-002;PVT-F365-BR-002;PVT-F365-UX-002;PVT-F365-SEC-002;PVT-F365-INT-002;PVT-F365-PERF-002;PVT-F365-OBS-002;PVT-F365-E2E-002;PVT-F365-UAT-002;PVT-F365-AI-002;PVT-F365-APP-002,AUTHORIZED_BY_PASS_F_SUBJECT_TO_WAVE_DEPENDENCIES,NOT_READY
F366,Reopen ticket,Support / Customer Service,docs/03-modules/support/features/F366-reopen-ticket.md,F366-CAP-001,F366-FLOW-001;F366-FLOW-002;F366-FLOW-003,F366-BR-001;F366-BR-002,F366-DATA-001;F366-DATA-002,F366-VAL-001;F366-VAL-002,F366-CALC-001,F366-UX-001;F366-UX-002,F366-SEC-001;F366-SEC-002,F366-INT-001;F366-INT-002,F366-API-001,F366-E2E-001;F366-E2E-002,F366-UAT-001;F366-UAT-002,APPROVED,8,APPROVED,F366-PFC-01;F366-PFC-02;F366-PFC-03;F366-PFC-04;F366-PFC-05;F366-PFC-06;F366-PFC-07;F366-PFC-08;F366-PFC-09;F366-PFC-10,F366-STM-01;F366-STM-02;F366-STM-03;F366-STM-04;F366-STM-05,APPROVED,PFD-BM-F366-1;PFD-BM-F366-2,APPROVED,services/api/src/modules/support,apps/web/src/modules/support,FIELD_OPTIMIZED,W10,F366-E2E-001;F366-UAT-001;PVT-F366-CAP-001;PVT-F366-FR-001;PVT-F366-FR-002;PVT-F366-US-001;PVT-F366-FLOW-001;PVT-F366-FLOW-002;PVT-F366-BR-001;PVT-F366-DATA-001;PVT-F366-VAL-001;PVT-F366-CALC-001;PVT-F366-UX-001;PVT-F366-SEC-001;PVT-F366-AUTO-001;PVT-F366-APP-001;PVT-F366-NOTIF-001;PVT-F366-REP-001;PVT-F366-AI-001;PVT-F366-INT-001;PVT-F366-API-001;PVT-F366-PERF-001;PVT-F366-OBS-001;PVT-F366-E2E-001;PVT-F366-UAT-001;PVT-F366-FR-003;PVT-F366-FLOW-003;PVT-F366-DATA-002;PVT-F366-VAL-002;PVT-F366-BR-002;PVT-F366-UX-002;PVT-F366-SEC-002;PVT-F366-INT-002;PVT-F366-PERF-002;PVT-F366-OBS-002;PVT-F366-E2E-002;PVT-F366-UAT-002;PVT-F366-AI-002;PVT-F366-APP-002,AUTHORIZED_BY_PASS_F_SUBJECT_TO_WAVE_DEPENDENCIES,NOT_READY
F367,Merge duplicate tickets,Support / Customer Service,docs/03-modules/support/features/F367-merge-duplicate-tickets.md,F367-CAP-001,F367-FLOW-001;F367-FLOW-002;F367-FLOW-003,F367-BR-001;F367-BR-002,F367-DATA-001;F367-DATA-002,F367-VAL-001;F367-VAL-002,F367-CALC-001,F367-UX-001;F367-UX-002,F367-SEC-001;F367-SEC-002,F367-INT-001;F367-INT-002,F367-API-001,F367-E2E-001;F367-E2E-002,F367-UAT-001;F367-UAT-002,APPROVED,8,APPROVED,F367-PFC-01;F367-PFC-02;F367-PFC-03;F367-PFC-04;F367-PFC-05;F367-PFC-06;F367-PFC-07;F367-PFC-08;F367-PFC-09;F367-PFC-10,F367-STM-01;F367-STM-02;F367-STM-03;F367-STM-04;F367-STM-05,APPROVED,PFD-BM-F367-1;PFD-BM-F367-2,APPROVED,services/api/src/modules/support,apps/web/src/modules/support,FIELD_OPTIMIZED,W10,F367-E2E-001;F367-UAT-001;PVT-F367-CAP-001;PVT-F367-FR-001;PVT-F367-FR-002;PVT-F367-US-001;PVT-F367-FLOW-001;PVT-F367-FLOW-002;PVT-F367-BR-001;PVT-F367-DATA-001;PVT-F367-VAL-001;PVT-F367-CALC-001;PVT-F367-UX-001;PVT-F367-SEC-001;PVT-F367-AUTO-001;PVT-F367-APP-001;PVT-F367-NOTIF-001;PVT-F367-REP-001;PVT-F367-AI-001;PVT-F367-INT-001;PVT-F367-API-001;PVT-F367-PERF-001;PVT-F367-OBS-001;PVT-F367-E2E-001;PVT-F367-UAT-001;PVT-F367-FR-003;PVT-F367-FLOW-003;PVT-F367-DATA-002;PVT-F367-VAL-002;PVT-F367-BR-002;PVT-F367-UX-002;PVT-F367-SEC-002;PVT-F367-INT-002;PVT-F367-PERF-002;PVT-F367-OBS-002;PVT-F367-E2E-002;PVT-F367-UAT-002;PVT-F367-AI-002;PVT-F367-APP-002,AUTHORIZED_BY_PASS_F_SUBJECT_TO_WAVE_DEPENDENCIES,NOT_READY
F368,Tags,Support / Customer Service,docs/03-modules/support/features/F368-tags.md,F368-CAP-001,F368-FLOW-001;F368-FLOW-002;F368-FLOW-003,F368-BR-001;F368-BR-002,F368-DATA-001;F368-DATA-002,F368-VAL-001;F368-VAL-002,F368-CALC-001,F368-UX-001;F368-UX-002,F368-SEC-001;F368-SEC-002,F368-INT-001;F368-INT-002,F368-API-001,F368-E2E-001;F368-E2E-002,F368-UAT-001;F368-UAT-002,APPROVED,8,APPROVED,F368-PFC-01;F368-PFC-02;F368-PFC-03;F368-PFC-04;F368-PFC-05;F368-PFC-06;F368-PFC-07;F368-PFC-08;F368-PFC-09;F368-PFC-10,F368-STM-01;F368-STM-02;F368-STM-03;F368-STM-04;F368-STM-05,APPROVED,PFD-BM-F368-1;PFD-BM-F368-2,APPROVED,services/api/src/modules/support,apps/web/src/modules/support,FULL,W10,F368-E2E-001;F368-UAT-001;PVT-F368-CAP-001;PVT-F368-FR-001;PVT-F368-FR-002;PVT-F368-US-001;PVT-F368-FLOW-001;PVT-F368-FLOW-002;PVT-F368-BR-001;PVT-F368-DATA-001;PVT-F368-VAL-001;PVT-F368-CALC-001;PVT-F368-UX-001;PVT-F368-SEC-001;PVT-F368-AUTO-001;PVT-F368-APP-001;PVT-F368-NOTIF-001;PVT-F368-REP-001;PVT-F368-AI-001;PVT-F368-INT-001;PVT-F368-API-001;PVT-F368-PERF-001;PVT-F368-OBS-001;PVT-F368-E2E-001;PVT-F368-UAT-001;PVT-F368-FR-003;PVT-F368-FLOW-003;PVT-F368-DATA-002;PVT-F368-VAL-002;PVT-F368-BR-002;PVT-F368-UX-002;PVT-F368-SEC-002;PVT-F368-INT-002;PVT-F368-PERF-002;PVT-F368-OBS-002;PVT-F368-E2E-002;PVT-F368-UAT-002;PVT-F368-AI-002;PVT-F368-APP-002,AUTHORIZED_BY_PASS_F_SUBJECT_TO_WAVE_DEPENDENCIES,NOT_READY
F369,Knowledge base,Support / Customer Service,docs/03-modules/support/features/F369-knowledge-base.md,F369-CAP-001,F369-FLOW-001;F369-FLOW-002;F369-FLOW-003,F369-BR-001;F369-BR-002,F369-DATA-001;F369-DATA-002,F369-VAL-001;F369-VAL-002,F369-CALC-001,F369-UX-001;F369-UX-002,F369-SEC-001;F369-SEC-002,F369-INT-001;F369-INT-002,F369-API-001,F369-E2E-001;F369-E2E-002,F369-UAT-001;F369-UAT-002,APPROVED,8,APPROVED,F369-PFC-01;F369-PFC-02;F369-PFC-03;F369-PFC-04;F369-PFC-05;F369-PFC-06;F369-PFC-07;F369-PFC-08;F369-PFC-09;F369-PFC-10,F369-STM-01;F369-STM-02;F369-STM-03;F369-STM-04;F369-STM-05,APPROVED,PFD-BM-F369-1;PFD-BM-F369-2,APPROVED,services/api/src/modules/support,apps/web/src/modules/support,FULL,W10,F369-E2E-001;F369-UAT-001;PVT-F369-CAP-001;PVT-F369-FR-001;PVT-F369-FR-002;PVT-F369-US-001;PVT-F369-FLOW-001;PVT-F369-FLOW-002;PVT-F369-BR-001;PVT-F369-DATA-001;PVT-F369-VAL-001;PVT-F369-CALC-001;PVT-F369-UX-001;PVT-F369-SEC-001;PVT-F369-AUTO-001;PVT-F369-APP-001;PVT-F369-NOTIF-001;PVT-F369-REP-001;PVT-F369-AI-001;PVT-F369-INT-001;PVT-F369-API-001;PVT-F369-PERF-001;PVT-F369-OBS-001;PVT-F369-E2E-001;PVT-F369-UAT-001;PVT-F369-FR-003;PVT-F369-FLOW-003;PVT-F369-DATA-002;PVT-F369-VAL-002;PVT-F369-BR-002;PVT-F369-UX-002;PVT-F369-SEC-002;PVT-F369-INT-002;PVT-F369-PERF-002;PVT-F369-OBS-002;PVT-F369-E2E-002;PVT-F369-UAT-002;PVT-F369-AI-002;PVT-F369-APP-002,AUTHORIZED_BY_PASS_F_SUBJECT_TO_WAVE_DEPENDENCIES,NOT_READY
F370,Canned responses,Support / Customer Service,docs/03-modules/support/features/F370-canned-responses.md,F370-CAP-001,F370-FLOW-001;F370-FLOW-002;F370-FLOW-003,F370-BR-001;F370-BR-002,F370-DATA-001;F370-DATA-002,F370-VAL-001;F370-VAL-002,F370-CALC-001,F370-UX-001;F370-UX-002,F370-SEC-001;F370-SEC-002,F370-INT-001;F370-INT-002,F370-API-001,F370-E2E-001;F370-E2E-002,F370-UAT-001;F370-UAT-002,APPROVED,8,APPROVED,F370-PFC-01;F370-PFC-02;F370-PFC-03;F370-PFC-04;F370-PFC-05;F370-PFC-06;F370-PFC-07;F370-PFC-08;F370-PFC-09;F370-PFC-10,F370-STM-01;F370-STM-02;F370-STM-03;F370-STM-04;F370-STM-05,APPROVED,PFD-BM-F370-1;PFD-BM-F370-2,APPROVED,services/api/src/modules/support,apps/web/src/modules/support,FULL,W10,F370-E2E-001;F370-UAT-001;PVT-F370-CAP-001;PVT-F370-FR-001;PVT-F370-FR-002;PVT-F370-US-001;PVT-F370-FLOW-001;PVT-F370-FLOW-002;PVT-F370-BR-001;PVT-F370-DATA-001;PVT-F370-VAL-001;PVT-F370-CALC-001;PVT-F370-UX-001;PVT-F370-SEC-001;PVT-F370-AUTO-001;PVT-F370-APP-001;PVT-F370-NOTIF-001;PVT-F370-REP-001;PVT-F370-AI-001;PVT-F370-INT-001;PVT-F370-API-001;PVT-F370-PERF-001;PVT-F370-OBS-001;PVT-F370-E2E-001;PVT-F370-UAT-001;PVT-F370-FR-003;PVT-F370-FLOW-003;PVT-F370-DATA-002;PVT-F370-VAL-002;PVT-F370-BR-002;PVT-F370-UX-002;PVT-F370-SEC-002;PVT-F370-INT-002;PVT-F370-PERF-002;PVT-F370-OBS-002;PVT-F370-E2E-002;PVT-F370-UAT-002;PVT-F370-AI-002;PVT-F370-APP-002,AUTHORIZED_BY_PASS_F_SUBJECT_TO_WAVE_DEPENDENCIES,NOT_READY
F371,Customer portal,Support / Customer Service,docs/03-modules/support/features/F371-customer-portal.md,F371-CAP-001,F371-FLOW-001;F371-FLOW-002;F371-FLOW-003,F371-BR-001;F371-BR-002,F371-DATA-001;F371-DATA-002,F371-VAL-001;F371-VAL-002,F371-CALC-001,F371-UX-001;F371-UX-002,F371-SEC-001;F371-SEC-002,F371-INT-001;F371-INT-002,F371-API-001,F371-E2E-001;F371-E2E-002,F371-UAT-001;F371-UAT-002,APPROVED,8,APPROVED,F371-PFC-01;F371-PFC-02;F371-PFC-03;F371-PFC-04;F371-PFC-05;F371-PFC-06;F371-PFC-07;F371-PFC-08;F371-PFC-09;F371-PFC-10,F371-STM-01;F371-STM-02;F371-STM-03;F371-STM-04;F371-STM-05,APPROVED,PFD-BM-F371-1;PFD-BM-F371-2,APPROVED,services/api/src/modules/support,apps/web/src/modules/support,FULL,W10,F371-E2E-001;F371-UAT-001;PVT-F371-CAP-001;PVT-F371-FR-001;PVT-F371-FR-002;PVT-F371-US-001;PVT-F371-FLOW-001;PVT-F371-FLOW-002;PVT-F371-BR-001;PVT-F371-DATA-001;PVT-F371-VAL-001;PVT-F371-CALC-001;PVT-F371-UX-001;PVT-F371-SEC-001;PVT-F371-AUTO-001;PVT-F371-APP-001;PVT-F371-NOTIF-001;PVT-F371-REP-001;PVT-F371-AI-001;PVT-F371-INT-001;PVT-F371-API-001;PVT-F371-PERF-001;PVT-F371-OBS-001;PVT-F371-E2E-001;PVT-F371-UAT-001;PVT-F371-FR-003;PVT-F371-FLOW-003;PVT-F371-DATA-002;PVT-F371-VAL-002;PVT-F371-BR-002;PVT-F371-UX-002;PVT-F371-SEC-002;PVT-F371-INT-002;PVT-F371-PERF-002;PVT-F371-OBS-002;PVT-F371-E2E-002;PVT-F371-UAT-002;PVT-F371-AI-002;PVT-F371-APP-002,AUTHORIZED_BY_PASS_F_SUBJECT_TO_WAVE_DEPENDENCIES,NOT_READY
F372,Customer order history,Support / Customer Service,docs/03-modules/support/features/F372-customer-order-history.md,F372-CAP-001,F372-FLOW-001;F372-FLOW-002;F372-FLOW-003,F372-BR-001;F372-BR-002,F372-DATA-001;F372-DATA-002,F372-VAL-001;F372-VAL-002,F372-CALC-001,F372-UX-001;F372-UX-002,F372-SEC-001;F372-SEC-002,F372-INT-001;F372-INT-002,F372-API-001,F372-E2E-001;F372-E2E-002,F372-UAT-001;F372-UAT-002,APPROVED,8,APPROVED,F372-PFC-01;F372-PFC-02;F372-PFC-03;F372-PFC-04;F372-PFC-05;F372-PFC-06;F372-PFC-07;F372-PFC-08;F372-PFC-09;F372-PFC-10,F372-STM-01;F372-STM-02;F372-STM-03;F372-STM-04;F372-STM-05,APPROVED,PFD-BM-F372-1;PFD-BM-F372-2,APPROVED,services/api/src/modules/support,apps/web/src/modules/support,FULL,W10,F372-E2E-001;F372-UAT-001;PVT-F372-CAP-001;PVT-F372-FR-001;PVT-F372-FR-002;PVT-F372-US-001;PVT-F372-FLOW-001;PVT-F372-FLOW-002;PVT-F372-BR-001;PVT-F372-DATA-001;PVT-F372-VAL-001;PVT-F372-CALC-001;PVT-F372-UX-001;PVT-F372-SEC-001;PVT-F372-AUTO-001;PVT-F372-APP-001;PVT-F372-NOTIF-001;PVT-F372-REP-001;PVT-F372-AI-001;PVT-F372-INT-001;PVT-F372-API-001;PVT-F372-PERF-001;PVT-F372-OBS-001;PVT-F372-E2E-001;PVT-F372-UAT-001;PVT-F372-FR-003;PVT-F372-FLOW-003;PVT-F372-DATA-002;PVT-F372-VAL-002;PVT-F372-BR-002;PVT-F372-UX-002;PVT-F372-SEC-002;PVT-F372-INT-002;PVT-F372-PERF-002;PVT-F372-OBS-002;PVT-F372-E2E-002;PVT-F372-UAT-002;PVT-F372-AI-002;PVT-F372-APP-002,AUTHORIZED_BY_PASS_F_SUBJECT_TO_WAVE_DEPENDENCIES,NOT_READY
F373,Product linkage,Support / Customer Service,docs/03-modules/support/features/F373-product-linkage.md,F373-CAP-001,F373-FLOW-001;F373-FLOW-002;F373-FLOW-003,F373-BR-001;F373-BR-002,F373-DATA-001;F373-DATA-002,F373-VAL-001;F373-VAL-002,F373-CALC-001,F373-UX-001;F373-UX-002,F373-SEC-001;F373-SEC-002,F373-INT-001;F373-INT-002,F373-API-001,F373-E2E-001;F373-E2E-002,F373-UAT-001;F373-UAT-002,APPROVED,8,APPROVED,F373-PFC-01;F373-PFC-02;F373-PFC-03;F373-PFC-04;F373-PFC-05;F373-PFC-06;F373-PFC-07;F373-PFC-08;F373-PFC-09;F373-PFC-10,F373-STM-01;F373-STM-02;F373-STM-03;F373-STM-04;F373-STM-05,APPROVED,PFD-BM-F373-1;PFD-BM-F373-2,APPROVED,services/api/src/modules/support,apps/web/src/modules/support,FULL,W10,F373-E2E-001;F373-UAT-001;PVT-F373-CAP-001;PVT-F373-FR-001;PVT-F373-FR-002;PVT-F373-US-001;PVT-F373-FLOW-001;PVT-F373-FLOW-002;PVT-F373-BR-001;PVT-F373-DATA-001;PVT-F373-VAL-001;PVT-F373-CALC-001;PVT-F373-UX-001;PVT-F373-SEC-001;PVT-F373-AUTO-001;PVT-F373-APP-001;PVT-F373-NOTIF-001;PVT-F373-REP-001;PVT-F373-AI-001;PVT-F373-INT-001;PVT-F373-API-001;PVT-F373-PERF-001;PVT-F373-OBS-001;PVT-F373-E2E-001;PVT-F373-UAT-001;PVT-F373-FR-003;PVT-F373-FLOW-003;PVT-F373-DATA-002;PVT-F373-VAL-002;PVT-F373-BR-002;PVT-F373-UX-002;PVT-F373-SEC-002;PVT-F373-INT-002;PVT-F373-PERF-002;PVT-F373-OBS-002;PVT-F373-E2E-002;PVT-F373-UAT-002;PVT-F373-AI-002;PVT-F373-APP-002,AUTHORIZED_BY_PASS_F_SUBJECT_TO_WAVE_DEPENDENCIES,NOT_READY
F374,Asset linkage,Support / Customer Service,docs/03-modules/support/features/F374-asset-linkage.md,F374-CAP-001,F374-FLOW-001;F374-FLOW-002;F374-FLOW-003,F374-BR-001;F374-BR-002,F374-DATA-001;F374-DATA-002,F374-VAL-001;F374-VAL-002,F374-CALC-001,F374-UX-001;F374-UX-002,F374-SEC-001;F374-SEC-002,F374-INT-001;F374-INT-002,F374-API-001,F374-E2E-001;F374-E2E-002,F374-UAT-001;F374-UAT-002,APPROVED,8,APPROVED,F374-PFC-01;F374-PFC-02;F374-PFC-03;F374-PFC-04;F374-PFC-05;F374-PFC-06;F374-PFC-07;F374-PFC-08;F374-PFC-09;F374-PFC-10,F374-STM-01;F374-STM-02;F374-STM-03;F374-STM-04;F374-STM-05,APPROVED,PFD-BM-F374-1;PFD-BM-F374-2,APPROVED,services/api/src/modules/support,apps/web/src/modules/support,FULL,W10,F374-E2E-001;F374-UAT-001;PVT-F374-CAP-001;PVT-F374-FR-001;PVT-F374-FR-002;PVT-F374-US-001;PVT-F374-FLOW-001;PVT-F374-FLOW-002;PVT-F374-BR-001;PVT-F374-DATA-001;PVT-F374-VAL-001;PVT-F374-CALC-001;PVT-F374-UX-001;PVT-F374-SEC-001;PVT-F374-AUTO-001;PVT-F374-APP-001;PVT-F374-NOTIF-001;PVT-F374-REP-001;PVT-F374-AI-001;PVT-F374-INT-001;PVT-F374-API-001;PVT-F374-PERF-001;PVT-F374-OBS-001;PVT-F374-E2E-001;PVT-F374-UAT-001;PVT-F374-FR-003;PVT-F374-FLOW-003;PVT-F374-DATA-002;PVT-F374-VAL-002;PVT-F374-BR-002;PVT-F374-UX-002;PVT-F374-SEC-002;PVT-F374-INT-002;PVT-F374-PERF-002;PVT-F374-OBS-002;PVT-F374-E2E-002;PVT-F374-UAT-002;PVT-F374-AI-002;PVT-F374-APP-002,AUTHORIZED_BY_PASS_F_SUBJECT_TO_WAVE_DEPENDENCIES,NOT_READY
F375,Warranty and service entitlement,Support / Customer Service,docs/03-modules/support/features/F375-warranty-and-service-entitlement.md,F375-CAP-001,F375-FLOW-001;F375-FLOW-002;F375-FLOW-003,F375-BR-001;F375-BR-002,F375-DATA-001;F375-DATA-002,F375-VAL-001;F375-VAL-002,F375-CALC-001,F375-UX-001;F375-UX-002,F375-SEC-001;F375-SEC-002,F375-INT-001;F375-INT-002,F375-API-001,F375-E2E-001;F375-E2E-002,F375-UAT-001;F375-UAT-002,APPROVED,8,APPROVED,F375-PFC-01;F375-PFC-02;F375-PFC-03;F375-PFC-04;F375-PFC-05;F375-PFC-06;F375-PFC-07;F375-PFC-08;F375-PFC-09;F375-PFC-10,F375-STM-01;F375-STM-02;F375-STM-03;F375-STM-04;F375-STM-05,APPROVED,PFD-BM-F375-1;PFD-BM-F375-2,APPROVED,services/api/src/modules/support,apps/web/src/modules/support,FULL,W10,F375-E2E-001;F375-UAT-001;PVT-F375-CAP-001;PVT-F375-FR-001;PVT-F375-FR-002;PVT-F375-US-001;PVT-F375-FLOW-001;PVT-F375-FLOW-002;PVT-F375-BR-001;PVT-F375-DATA-001;PVT-F375-VAL-001;PVT-F375-CALC-001;PVT-F375-UX-001;PVT-F375-SEC-001;PVT-F375-AUTO-001;PVT-F375-APP-001;PVT-F375-NOTIF-001;PVT-F375-REP-001;PVT-F375-AI-001;PVT-F375-INT-001;PVT-F375-API-001;PVT-F375-PERF-001;PVT-F375-OBS-001;PVT-F375-E2E-001;PVT-F375-UAT-001;PVT-F375-FR-003;PVT-F375-FLOW-003;PVT-F375-DATA-002;PVT-F375-VAL-002;PVT-F375-BR-002;PVT-F375-UX-002;PVT-F375-SEC-002;PVT-F375-INT-002;PVT-F375-PERF-002;PVT-F375-OBS-002;PVT-F375-E2E-002;PVT-F375-UAT-002;PVT-F375-AI-002;PVT-F375-APP-002,AUTHORIZED_BY_PASS_F_SUBJECT_TO_WAVE_DEPENDENCIES,NOT_READY
F376,CSAT / customer rating,Support / Customer Service,docs/03-modules/support/features/F376-csat-customer-rating.md,F376-CAP-001,F376-FLOW-001;F376-FLOW-002;F376-FLOW-003,F376-BR-001;F376-BR-002,F376-DATA-001;F376-DATA-002,F376-VAL-001;F376-VAL-002,F376-CALC-001,F376-UX-001;F376-UX-002,F376-SEC-001;F376-SEC-002,F376-INT-001;F376-INT-002,F376-API-001,F376-E2E-001;F376-E2E-002,F376-UAT-001;F376-UAT-002,APPROVED,8,APPROVED,F376-PFC-01;F376-PFC-02;F376-PFC-03;F376-PFC-04;F376-PFC-05;F376-PFC-06;F376-PFC-07;F376-PFC-08;F376-PFC-09;F376-PFC-10,F376-STM-01;F376-STM-02;F376-STM-03;F376-STM-04;F376-STM-05,APPROVED,PFD-BM-F376-1;PFD-BM-F376-2,APPROVED,services/api/src/modules/support,apps/web/src/modules/support,FULL,W10,F376-E2E-001;F376-UAT-001;PVT-F376-CAP-001;PVT-F376-FR-001;PVT-F376-FR-002;PVT-F376-US-001;PVT-F376-FLOW-001;PVT-F376-FLOW-002;PVT-F376-BR-001;PVT-F376-DATA-001;PVT-F376-VAL-001;PVT-F376-CALC-001;PVT-F376-UX-001;PVT-F376-SEC-001;PVT-F376-AUTO-001;PVT-F376-APP-001;PVT-F376-NOTIF-001;PVT-F376-REP-001;PVT-F376-AI-001;PVT-F376-INT-001;PVT-F376-API-001;PVT-F376-PERF-001;PVT-F376-OBS-001;PVT-F376-E2E-001;PVT-F376-UAT-001;PVT-F376-FR-003;PVT-F376-FLOW-003;PVT-F376-DATA-002;PVT-F376-VAL-002;PVT-F376-BR-002;PVT-F376-UX-002;PVT-F376-SEC-002;PVT-F376-INT-002;PVT-F376-PERF-002;PVT-F376-OBS-002;PVT-F376-E2E-002;PVT-F376-UAT-002;PVT-F376-AI-002;PVT-F376-APP-002,AUTHORIZED_BY_PASS_F_SUBJECT_TO_WAVE_DEPENDENCIES,NOT_READY
F377,Agent performance,Support / Customer Service,docs/03-modules/support/features/F377-agent-performance.md,F377-CAP-001,F377-FLOW-001;F377-FLOW-002;F377-FLOW-003,F377-BR-001;F377-BR-002,F377-DATA-001;F377-DATA-002,F377-VAL-001;F377-VAL-002,F377-CALC-001,F377-UX-001;F377-UX-002,F377-SEC-001;F377-SEC-002,F377-INT-001;F377-INT-002,F377-API-001,F377-E2E-001;F377-E2E-002,F377-UAT-001;F377-UAT-002,APPROVED,8,APPROVED,F377-PFC-01;F377-PFC-02;F377-PFC-03;F377-PFC-04;F377-PFC-05;F377-PFC-06;F377-PFC-07;F377-PFC-08;F377-PFC-09;F377-PFC-10,F377-STM-01;F377-STM-02;F377-STM-03;F377-STM-04;F377-STM-05,APPROVED,PFD-BM-F377-1;PFD-BM-F377-2,APPROVED,services/api/src/modules/support,apps/web/src/modules/support,FULL,W10,F377-E2E-001;F377-UAT-001;PVT-F377-CAP-001;PVT-F377-FR-001;PVT-F377-FR-002;PVT-F377-US-001;PVT-F377-FLOW-001;PVT-F377-FLOW-002;PVT-F377-BR-001;PVT-F377-DATA-001;PVT-F377-VAL-001;PVT-F377-CALC-001;PVT-F377-UX-001;PVT-F377-SEC-001;PVT-F377-AUTO-001;PVT-F377-APP-001;PVT-F377-NOTIF-001;PVT-F377-REP-001;PVT-F377-AI-001;PVT-F377-INT-001;PVT-F377-API-001;PVT-F377-PERF-001;PVT-F377-OBS-001;PVT-F377-E2E-001;PVT-F377-UAT-001;PVT-F377-FR-003;PVT-F377-FLOW-003;PVT-F377-DATA-002;PVT-F377-VAL-002;PVT-F377-BR-002;PVT-F377-UX-002;PVT-F377-SEC-002;PVT-F377-INT-002;PVT-F377-PERF-002;PVT-F377-OBS-002;PVT-F377-E2E-002;PVT-F377-UAT-002;PVT-F377-AI-002;PVT-F377-APP-002,AUTHORIZED_BY_PASS_F_SUBJECT_TO_WAVE_DEPENDENCIES,NOT_READY
F378,SLA reporting,Support / Customer Service,docs/03-modules/support/features/F378-sla-reporting.md,F378-CAP-001,F378-FLOW-001;F378-FLOW-002;F378-FLOW-003,F378-BR-001;F378-BR-002,F378-DATA-001;F378-DATA-002,F378-VAL-001;F378-VAL-002,F378-CALC-001,F378-UX-001;F378-UX-002,F378-SEC-001;F378-SEC-002,F378-INT-001;F378-INT-002,F378-API-001,F378-E2E-001;F378-E2E-002,F378-UAT-001;F378-UAT-002,APPROVED,8,APPROVED,F378-PFC-01;F378-PFC-02;F378-PFC-03;F378-PFC-04;F378-PFC-05;F378-PFC-06;F378-PFC-07;F378-PFC-08;F378-PFC-09;F378-PFC-10,F378-STM-01;F378-STM-02;F378-STM-03;F378-STM-04;F378-STM-05,APPROVED,PFD-BM-F378-1;PFD-BM-F378-2,APPROVED,services/api/src/modules/support,apps/web/src/modules/support,READ_ONLY,W10,F378-E2E-001;F378-UAT-001;PVT-F378-CAP-001;PVT-F378-FR-001;PVT-F378-FR-002;PVT-F378-US-001;PVT-F378-FLOW-001;PVT-F378-FLOW-002;PVT-F378-BR-001;PVT-F378-DATA-001;PVT-F378-VAL-001;PVT-F378-CALC-001;PVT-F378-UX-001;PVT-F378-SEC-001;PVT-F378-AUTO-001;PVT-F378-APP-001;PVT-F378-NOTIF-001;PVT-F378-REP-001;PVT-F378-AI-001;PVT-F378-INT-001;PVT-F378-API-001;PVT-F378-PERF-001;PVT-F378-OBS-001;PVT-F378-E2E-001;PVT-F378-UAT-001;PVT-F378-FR-003;PVT-F378-FLOW-003;PVT-F378-DATA-002;PVT-F378-VAL-002;PVT-F378-BR-002;PVT-F378-UX-002;PVT-F378-SEC-002;PVT-F378-INT-002;PVT-F378-PERF-002;PVT-F378-OBS-002;PVT-F378-E2E-002;PVT-F378-UAT-002;PVT-F378-AI-002;PVT-F378-APP-002,AUTHORIZED_BY_PASS_F_SUBJECT_TO_WAVE_DEPENDENCIES,NOT_READY
F379,Ticket dashboards,Support / Customer Service,docs/03-modules/support/features/F379-ticket-dashboards.md,F379-CAP-001,F379-FLOW-001;F379-FLOW-002;F379-FLOW-003,F379-BR-001;F379-BR-002,F379-DATA-001;F379-DATA-002,F379-VAL-001;F379-VAL-002,F379-CALC-001,F379-UX-001;F379-UX-002,F379-SEC-001;F379-SEC-002,F379-INT-001;F379-INT-002,F379-API-001,F379-E2E-001;F379-E2E-002,F379-UAT-001;F379-UAT-002,APPROVED,8,APPROVED,F379-PFC-01;F379-PFC-02;F379-PFC-03;F379-PFC-04;F379-PFC-05;F379-PFC-06;F379-PFC-07;F379-PFC-08;F379-PFC-09;F379-PFC-10,F379-STM-01;F379-STM-02;F379-STM-03;F379-STM-04;F379-STM-05,APPROVED,PFD-BM-F379-1;PFD-BM-F379-2,APPROVED,services/api/src/modules/support,apps/web/src/modules/support,FIELD_OPTIMIZED,W10,F379-E2E-001;F379-UAT-001;PVT-F379-CAP-001;PVT-F379-FR-001;PVT-F379-FR-002;PVT-F379-US-001;PVT-F379-FLOW-001;PVT-F379-FLOW-002;PVT-F379-BR-001;PVT-F379-DATA-001;PVT-F379-VAL-001;PVT-F379-CALC-001;PVT-F379-UX-001;PVT-F379-SEC-001;PVT-F379-AUTO-001;PVT-F379-APP-001;PVT-F379-NOTIF-001;PVT-F379-REP-001;PVT-F379-AI-001;PVT-F379-INT-001;PVT-F379-API-001;PVT-F379-PERF-001;PVT-F379-OBS-001;PVT-F379-E2E-001;PVT-F379-UAT-001;PVT-F379-FR-003;PVT-F379-FLOW-003;PVT-F379-DATA-002;PVT-F379-VAL-002;PVT-F379-BR-002;PVT-F379-UX-002;PVT-F379-SEC-002;PVT-F379-INT-002;PVT-F379-PERF-002;PVT-F379-OBS-002;PVT-F379-E2E-002;PVT-F379-UAT-002;PVT-F379-AI-002;PVT-F379-APP-002,AUTHORIZED_BY_PASS_F_SUBJECT_TO_WAVE_DEPENDENCIES,NOT_READY
F380,Complete audit trail,Support / Customer Service,docs/03-modules/support/features/F380-complete-audit-trail.md,F380-CAP-001,F380-FLOW-001;F380-FLOW-002;F380-FLOW-003,F380-BR-001;F380-BR-002,F380-DATA-001;F380-DATA-002,F380-VAL-001;F380-VAL-002,F380-CALC-001,F380-UX-001;F380-UX-002,F380-SEC-001;F380-SEC-002,F380-INT-001;F380-INT-002,F380-API-001,F380-E2E-001;F380-E2E-002,F380-UAT-001;F380-UAT-002,APPROVED,8,APPROVED,F380-PFC-01;F380-PFC-02;F380-PFC-03;F380-PFC-04;F380-PFC-05;F380-PFC-06;F380-PFC-07;F380-PFC-08;F380-PFC-09;F380-PFC-10,F380-STM-01;F380-STM-02;F380-STM-03;F380-STM-04;F380-STM-05,APPROVED,PFD-BM-F380-1;PFD-BM-F380-2,APPROVED,services/api/src/modules/support,apps/web/src/modules/support,FULL,W10,F380-E2E-001;F380-UAT-001;PVT-F380-CAP-001;PVT-F380-FR-001;PVT-F380-FR-002;PVT-F380-US-001;PVT-F380-FLOW-001;PVT-F380-FLOW-002;PVT-F380-BR-001;PVT-F380-DATA-001;PVT-F380-VAL-001;PVT-F380-CALC-001;PVT-F380-UX-001;PVT-F380-SEC-001;PVT-F380-AUTO-001;PVT-F380-APP-001;PVT-F380-NOTIF-001;PVT-F380-REP-001;PVT-F380-AI-001;PVT-F380-INT-001;PVT-F380-API-001;PVT-F380-PERF-001;PVT-F380-OBS-001;PVT-F380-E2E-001;PVT-F380-UAT-001;PVT-F380-FR-003;PVT-F380-FLOW-003;PVT-F380-DATA-002;PVT-F380-VAL-002;PVT-F380-BR-002;PVT-F380-UX-002;PVT-F380-SEC-002;PVT-F380-INT-002;PVT-F380-PERF-002;PVT-F380-OBS-002;PVT-F380-E2E-002;PVT-F380-UAT-002;PVT-F380-AI-002;PVT-F380-APP-002,AUTHORIZED_BY_PASS_F_SUBJECT_TO_WAVE_DEPENDENCIES,NOT_READY
F381,Employee master,HR & Payroll,docs/03-modules/hr-payroll/features/F381-employee-master.md,F381-CAP-001,F381-FLOW-001;F381-FLOW-002;F381-FLOW-003,F381-BR-001;F381-BR-002,F381-DATA-001;F381-DATA-002,F381-VAL-001;F381-VAL-002,F381-CALC-001,F381-UX-001;F381-UX-002,F381-SEC-001;F381-SEC-002,F381-INT-001;F381-INT-002,F381-API-001,F381-E2E-001;F381-E2E-002,F381-UAT-001;F381-UAT-002,APPROVED,8,APPROVED,F381-PFC-01;F381-PFC-02;F381-PFC-03;F381-PFC-04;F381-PFC-05;F381-PFC-06;F381-PFC-07;F381-PFC-08;F381-PFC-09;F381-PFC-10,F381-STM-01;F381-STM-02;F381-STM-03;F381-STM-04;F381-STM-05,APPROVED,PFD-BM-F381-1;PFD-BM-F381-2,APPROVED,services/api/src/modules/hr-payroll,apps/web/src/modules/hr-payroll,FULL,W11,F381-E2E-001;F381-UAT-001;PVT-F381-CAP-001;PVT-F381-FR-001;PVT-F381-FR-002;PVT-F381-FR-003;PVT-F381-US-001;PVT-F381-FLOW-001;PVT-F381-FLOW-002;PVT-F381-FLOW-003;PVT-F381-BR-001;PVT-F381-BR-002;PVT-F381-DATA-001;PVT-F381-DATA-002;PVT-F381-VAL-001;PVT-F381-VAL-002;PVT-F381-CALC-001;PVT-F381-UX-001;PVT-F381-UX-002;PVT-F381-SEC-001;PVT-F381-SEC-002;PVT-F381-AUTO-001;PVT-F381-APP-001;PVT-F381-APP-002;PVT-F381-NOTIF-001;PVT-F381-REP-001;PVT-F381-AI-001;PVT-F381-AI-002;PVT-F381-INT-001;PVT-F381-INT-002;PVT-F381-API-001;PVT-F381-PERF-001;PVT-F381-PERF-002;PVT-F381-OBS-001;PVT-F381-OBS-002;PVT-F381-E2E-001;PVT-F381-E2E-002;PVT-F381-UAT-001;PVT-F381-UAT-002,AUTHORIZED_BY_PASS_F_SUBJECT_TO_WAVE_DEPENDENCIES,NOT_READY
F382,Employee number,HR & Payroll,docs/03-modules/hr-payroll/features/F382-employee-number.md,F382-CAP-001,F382-FLOW-001;F382-FLOW-002;F382-FLOW-003,F382-BR-001;F382-BR-002,F382-DATA-001;F382-DATA-002,F382-VAL-001;F382-VAL-002,F382-CALC-001,F382-UX-001;F382-UX-002,F382-SEC-001;F382-SEC-002,F382-INT-001;F382-INT-002,F382-API-001,F382-E2E-001;F382-E2E-002,F382-UAT-001;F382-UAT-002,APPROVED,8,APPROVED,F382-PFC-01;F382-PFC-02;F382-PFC-03;F382-PFC-04;F382-PFC-05;F382-PFC-06;F382-PFC-07;F382-PFC-08;F382-PFC-09;F382-PFC-10,F382-STM-01;F382-STM-02;F382-STM-03;F382-STM-04;F382-STM-05,APPROVED,PFD-BM-F382-1;PFD-BM-F382-2,APPROVED,services/api/src/modules/hr-payroll,apps/web/src/modules/hr-payroll,FULL,W11,F382-E2E-001;F382-UAT-001;PVT-F382-CAP-001;PVT-F382-FR-001;PVT-F382-FR-002;PVT-F382-FR-003;PVT-F382-US-001;PVT-F382-FLOW-001;PVT-F382-FLOW-002;PVT-F382-FLOW-003;PVT-F382-BR-001;PVT-F382-BR-002;PVT-F382-DATA-001;PVT-F382-DATA-002;PVT-F382-VAL-001;PVT-F382-VAL-002;PVT-F382-CALC-001;PVT-F382-UX-001;PVT-F382-UX-002;PVT-F382-SEC-001;PVT-F382-SEC-002;PVT-F382-AUTO-001;PVT-F382-APP-001;PVT-F382-APP-002;PVT-F382-NOTIF-001;PVT-F382-REP-001;PVT-F382-AI-001;PVT-F382-AI-002;PVT-F382-INT-001;PVT-F382-INT-002;PVT-F382-API-001;PVT-F382-PERF-001;PVT-F382-PERF-002;PVT-F382-OBS-001;PVT-F382-OBS-002;PVT-F382-E2E-001;PVT-F382-E2E-002;PVT-F382-UAT-001;PVT-F382-UAT-002,AUTHORIZED_BY_PASS_F_SUBJECT_TO_WAVE_DEPENDENCIES,NOT_READY
F383,Departments,HR & Payroll,docs/03-modules/hr-payroll/features/F383-departments.md,F383-CAP-001,F383-FLOW-001;F383-FLOW-002;F383-FLOW-003,F383-BR-001;F383-BR-002,F383-DATA-001;F383-DATA-002,F383-VAL-001;F383-VAL-002,F383-CALC-001,F383-UX-001;F383-UX-002,F383-SEC-001;F383-SEC-002,F383-INT-001;F383-INT-002,F383-API-001,F383-E2E-001;F383-E2E-002,F383-UAT-001;F383-UAT-002,APPROVED,8,APPROVED,F383-PFC-01;F383-PFC-02;F383-PFC-03;F383-PFC-04;F383-PFC-05;F383-PFC-06;F383-PFC-07;F383-PFC-08;F383-PFC-09;F383-PFC-10,F383-STM-01;F383-STM-02;F383-STM-03;F383-STM-04;F383-STM-05,APPROVED,PFD-BM-F383-1;PFD-BM-F383-2,APPROVED,services/api/src/modules/hr-payroll,apps/web/src/modules/hr-payroll,FULL,W11,F383-E2E-001;F383-UAT-001;PVT-F383-CAP-001;PVT-F383-FR-001;PVT-F383-FR-002;PVT-F383-FR-003;PVT-F383-US-001;PVT-F383-FLOW-001;PVT-F383-FLOW-002;PVT-F383-FLOW-003;PVT-F383-BR-001;PVT-F383-BR-002;PVT-F383-DATA-001;PVT-F383-DATA-002;PVT-F383-VAL-001;PVT-F383-VAL-002;PVT-F383-CALC-001;PVT-F383-UX-001;PVT-F383-UX-002;PVT-F383-SEC-001;PVT-F383-SEC-002;PVT-F383-AUTO-001;PVT-F383-APP-001;PVT-F383-APP-002;PVT-F383-NOTIF-001;PVT-F383-REP-001;PVT-F383-AI-001;PVT-F383-AI-002;PVT-F383-INT-001;PVT-F383-INT-002;PVT-F383-API-001;PVT-F383-PERF-001;PVT-F383-PERF-002;PVT-F383-OBS-001;PVT-F383-OBS-002;PVT-F383-E2E-001;PVT-F383-E2E-002;PVT-F383-UAT-001;PVT-F383-UAT-002,AUTHORIZED_BY_PASS_F_SUBJECT_TO_WAVE_DEPENDENCIES,NOT_READY
F384,Designations,HR & Payroll,docs/03-modules/hr-payroll/features/F384-designations.md,F384-CAP-001,F384-FLOW-001;F384-FLOW-002;F384-FLOW-003,F384-BR-001;F384-BR-002,F384-DATA-001;F384-DATA-002,F384-VAL-001;F384-VAL-002,F384-CALC-001,F384-UX-001;F384-UX-002,F384-SEC-001;F384-SEC-002,F384-INT-001;F384-INT-002,F384-API-001,F384-E2E-001;F384-E2E-002,F384-UAT-001;F384-UAT-002,APPROVED,8,APPROVED,F384-PFC-01;F384-PFC-02;F384-PFC-03;F384-PFC-04;F384-PFC-05;F384-PFC-06;F384-PFC-07;F384-PFC-08;F384-PFC-09;F384-PFC-10,F384-STM-01;F384-STM-02;F384-STM-03;F384-STM-04;F384-STM-05,APPROVED,PFD-BM-F384-1;PFD-BM-F384-2,APPROVED,services/api/src/modules/hr-payroll,apps/web/src/modules/hr-payroll,FULL,W11,F384-E2E-001;F384-UAT-001;PVT-F384-CAP-001;PVT-F384-FR-001;PVT-F384-FR-002;PVT-F384-FR-003;PVT-F384-US-001;PVT-F384-FLOW-001;PVT-F384-FLOW-002;PVT-F384-FLOW-003;PVT-F384-BR-001;PVT-F384-BR-002;PVT-F384-DATA-001;PVT-F384-DATA-002;PVT-F384-VAL-001;PVT-F384-VAL-002;PVT-F384-CALC-001;PVT-F384-UX-001;PVT-F384-UX-002;PVT-F384-SEC-001;PVT-F384-SEC-002;PVT-F384-AUTO-001;PVT-F384-APP-001;PVT-F384-APP-002;PVT-F384-NOTIF-001;PVT-F384-REP-001;PVT-F384-AI-001;PVT-F384-AI-002;PVT-F384-INT-001;PVT-F384-INT-002;PVT-F384-API-001;PVT-F384-PERF-001;PVT-F384-PERF-002;PVT-F384-OBS-001;PVT-F384-OBS-002;PVT-F384-E2E-001;PVT-F384-E2E-002;PVT-F384-UAT-001;PVT-F384-UAT-002,AUTHORIZED_BY_PASS_F_SUBJECT_TO_WAVE_DEPENDENCIES,NOT_READY
F385,Reporting manager,HR & Payroll,docs/03-modules/hr-payroll/features/F385-reporting-manager.md,F385-CAP-001,F385-FLOW-001;F385-FLOW-002;F385-FLOW-003,F385-BR-001;F385-BR-002,F385-DATA-001;F385-DATA-002,F385-VAL-001;F385-VAL-002,F385-CALC-001,F385-UX-001;F385-UX-002,F385-SEC-001;F385-SEC-002,F385-INT-001;F385-INT-002,F385-API-001,F385-E2E-001;F385-E2E-002,F385-UAT-001;F385-UAT-002,APPROVED,8,APPROVED,F385-PFC-01;F385-PFC-02;F385-PFC-03;F385-PFC-04;F385-PFC-05;F385-PFC-06;F385-PFC-07;F385-PFC-08;F385-PFC-09;F385-PFC-10,F385-STM-01;F385-STM-02;F385-STM-03;F385-STM-04;F385-STM-05,APPROVED,PFD-BM-F385-1;PFD-BM-F385-2,APPROVED,services/api/src/modules/hr-payroll,apps/web/src/modules/hr-payroll,READ_ONLY,W11,F385-E2E-001;F385-UAT-001;PVT-F385-CAP-001;PVT-F385-FR-001;PVT-F385-FR-002;PVT-F385-FR-003;PVT-F385-US-001;PVT-F385-FLOW-001;PVT-F385-FLOW-002;PVT-F385-FLOW-003;PVT-F385-BR-001;PVT-F385-BR-002;PVT-F385-DATA-001;PVT-F385-DATA-002;PVT-F385-VAL-001;PVT-F385-VAL-002;PVT-F385-CALC-001;PVT-F385-UX-001;PVT-F385-UX-002;PVT-F385-SEC-001;PVT-F385-SEC-002;PVT-F385-AUTO-001;PVT-F385-APP-001;PVT-F385-APP-002;PVT-F385-NOTIF-001;PVT-F385-REP-001;PVT-F385-AI-001;PVT-F385-AI-002;PVT-F385-INT-001;PVT-F385-INT-002;PVT-F385-API-001;PVT-F385-PERF-001;PVT-F385-PERF-002;PVT-F385-OBS-001;PVT-F385-OBS-002;PVT-F385-E2E-001;PVT-F385-E2E-002;PVT-F385-UAT-001;PVT-F385-UAT-002,AUTHORIZED_BY_PASS_F_SUBJECT_TO_WAVE_DEPENDENCIES,NOT_READY
F386,Branch and location,HR & Payroll,docs/03-modules/hr-payroll/features/F386-branch-and-location.md,F386-CAP-001,F386-FLOW-001;F386-FLOW-002;F386-FLOW-003,F386-BR-001;F386-BR-002,F386-DATA-001;F386-DATA-002,F386-VAL-001;F386-VAL-002,F386-CALC-001,F386-UX-001;F386-UX-002,F386-SEC-001;F386-SEC-002,F386-INT-001;F386-INT-002,F386-API-001,F386-E2E-001;F386-E2E-002,F386-UAT-001;F386-UAT-002,APPROVED,8,APPROVED,F386-PFC-01;F386-PFC-02;F386-PFC-03;F386-PFC-04;F386-PFC-05;F386-PFC-06;F386-PFC-07;F386-PFC-08;F386-PFC-09;F386-PFC-10,F386-STM-01;F386-STM-02;F386-STM-03;F386-STM-04;F386-STM-05,APPROVED,PFD-BM-F386-1;PFD-BM-F386-2,APPROVED,services/api/src/modules/hr-payroll,apps/web/src/modules/hr-payroll,FULL,W11,F386-E2E-001;F386-UAT-001;PVT-F386-CAP-001;PVT-F386-FR-001;PVT-F386-FR-002;PVT-F386-FR-003;PVT-F386-US-001;PVT-F386-FLOW-001;PVT-F386-FLOW-002;PVT-F386-FLOW-003;PVT-F386-BR-001;PVT-F386-BR-002;PVT-F386-DATA-001;PVT-F386-DATA-002;PVT-F386-VAL-001;PVT-F386-VAL-002;PVT-F386-CALC-001;PVT-F386-UX-001;PVT-F386-UX-002;PVT-F386-SEC-001;PVT-F386-SEC-002;PVT-F386-AUTO-001;PVT-F386-APP-001;PVT-F386-APP-002;PVT-F386-NOTIF-001;PVT-F386-REP-001;PVT-F386-AI-001;PVT-F386-AI-002;PVT-F386-INT-001;PVT-F386-INT-002;PVT-F386-API-001;PVT-F386-PERF-001;PVT-F386-PERF-002;PVT-F386-OBS-001;PVT-F386-OBS-002;PVT-F386-E2E-001;PVT-F386-E2E-002;PVT-F386-UAT-001;PVT-F386-UAT-002,AUTHORIZED_BY_PASS_F_SUBJECT_TO_WAVE_DEPENDENCIES,NOT_READY
F387,Employment type,HR & Payroll,docs/03-modules/hr-payroll/features/F387-employment-type.md,F387-CAP-001,F387-FLOW-001;F387-FLOW-002;F387-FLOW-003,F387-BR-001;F387-BR-002,F387-DATA-001;F387-DATA-002,F387-VAL-001;F387-VAL-002,F387-CALC-001,F387-UX-001;F387-UX-002,F387-SEC-001;F387-SEC-002,F387-INT-001;F387-INT-002,F387-API-001,F387-E2E-001;F387-E2E-002,F387-UAT-001;F387-UAT-002,APPROVED,8,APPROVED,F387-PFC-01;F387-PFC-02;F387-PFC-03;F387-PFC-04;F387-PFC-05;F387-PFC-06;F387-PFC-07;F387-PFC-08;F387-PFC-09;F387-PFC-10,F387-STM-01;F387-STM-02;F387-STM-03;F387-STM-04;F387-STM-05,APPROVED,PFD-BM-F387-1;PFD-BM-F387-2,APPROVED,services/api/src/modules/hr-payroll,apps/web/src/modules/hr-payroll,FULL,W11,F387-E2E-001;F387-UAT-001;PVT-F387-CAP-001;PVT-F387-FR-001;PVT-F387-FR-002;PVT-F387-FR-003;PVT-F387-US-001;PVT-F387-FLOW-001;PVT-F387-FLOW-002;PVT-F387-FLOW-003;PVT-F387-BR-001;PVT-F387-BR-002;PVT-F387-DATA-001;PVT-F387-DATA-002;PVT-F387-VAL-001;PVT-F387-VAL-002;PVT-F387-CALC-001;PVT-F387-UX-001;PVT-F387-UX-002;PVT-F387-SEC-001;PVT-F387-SEC-002;PVT-F387-AUTO-001;PVT-F387-APP-001;PVT-F387-APP-002;PVT-F387-NOTIF-001;PVT-F387-REP-001;PVT-F387-AI-001;PVT-F387-AI-002;PVT-F387-INT-001;PVT-F387-INT-002;PVT-F387-API-001;PVT-F387-PERF-001;PVT-F387-PERF-002;PVT-F387-OBS-001;PVT-F387-OBS-002;PVT-F387-E2E-001;PVT-F387-E2E-002;PVT-F387-UAT-001;PVT-F387-UAT-002,AUTHORIZED_BY_PASS_F_SUBJECT_TO_WAVE_DEPENDENCIES,NOT_READY
F388,Employee documents,HR & Payroll,docs/03-modules/hr-payroll/features/F388-employee-documents.md,F388-CAP-001,F388-FLOW-001;F388-FLOW-002;F388-FLOW-003,F388-BR-001;F388-BR-002,F388-DATA-001;F388-DATA-002,F388-VAL-001;F388-VAL-002,F388-CALC-001,F388-UX-001;F388-UX-002,F388-SEC-001;F388-SEC-002,F388-INT-001;F388-INT-002,F388-API-001,F388-E2E-001;F388-E2E-002,F388-UAT-001;F388-UAT-002,APPROVED,8,APPROVED,F388-PFC-01;F388-PFC-02;F388-PFC-03;F388-PFC-04;F388-PFC-05;F388-PFC-06;F388-PFC-07;F388-PFC-08;F388-PFC-09;F388-PFC-10,F388-STM-01;F388-STM-02;F388-STM-03;F388-STM-04;F388-STM-05,APPROVED,PFD-BM-F388-1;PFD-BM-F388-2,APPROVED,services/api/src/modules/hr-payroll,apps/web/src/modules/hr-payroll,FULL,W11,F388-E2E-001;F388-UAT-001;PVT-F388-CAP-001;PVT-F388-FR-001;PVT-F388-FR-002;PVT-F388-FR-003;PVT-F388-US-001;PVT-F388-FLOW-001;PVT-F388-FLOW-002;PVT-F388-FLOW-003;PVT-F388-BR-001;PVT-F388-BR-002;PVT-F388-DATA-001;PVT-F388-DATA-002;PVT-F388-VAL-001;PVT-F388-VAL-002;PVT-F388-CALC-001;PVT-F388-UX-001;PVT-F388-UX-002;PVT-F388-SEC-001;PVT-F388-SEC-002;PVT-F388-AUTO-001;PVT-F388-APP-001;PVT-F388-APP-002;PVT-F388-NOTIF-001;PVT-F388-REP-001;PVT-F388-AI-001;PVT-F388-AI-002;PVT-F388-INT-001;PVT-F388-INT-002;PVT-F388-API-001;PVT-F388-PERF-001;PVT-F388-PERF-002;PVT-F388-OBS-001;PVT-F388-OBS-002;PVT-F388-E2E-001;PVT-F388-E2E-002;PVT-F388-UAT-001;PVT-F388-UAT-002,AUTHORIZED_BY_PASS_F_SUBJECT_TO_WAVE_DEPENDENCIES,NOT_READY
F389,Joining,HR & Payroll,docs/03-modules/hr-payroll/features/F389-joining.md,F389-CAP-001,F389-FLOW-001;F389-FLOW-002;F389-FLOW-003,F389-BR-001;F389-BR-002,F389-DATA-001;F389-DATA-002,F389-VAL-001;F389-VAL-002,F389-CALC-001,F389-UX-001;F389-UX-002,F389-SEC-001;F389-SEC-002,F389-INT-001;F389-INT-002,F389-API-001,F389-E2E-001;F389-E2E-002,F389-UAT-001;F389-UAT-002,APPROVED,8,APPROVED,F389-PFC-01;F389-PFC-02;F389-PFC-03;F389-PFC-04;F389-PFC-05;F389-PFC-06;F389-PFC-07;F389-PFC-08;F389-PFC-09;F389-PFC-10,F389-STM-01;F389-STM-02;F389-STM-03;F389-STM-04;F389-STM-05,APPROVED,PFD-BM-F389-1;PFD-BM-F389-2,APPROVED,services/api/src/modules/hr-payroll,apps/web/src/modules/hr-payroll,FULL,W11,F389-E2E-001;F389-UAT-001;PVT-F389-CAP-001;PVT-F389-FR-001;PVT-F389-FR-002;PVT-F389-FR-003;PVT-F389-US-001;PVT-F389-FLOW-001;PVT-F389-FLOW-002;PVT-F389-FLOW-003;PVT-F389-BR-001;PVT-F389-BR-002;PVT-F389-DATA-001;PVT-F389-DATA-002;PVT-F389-VAL-001;PVT-F389-VAL-002;PVT-F389-CALC-001;PVT-F389-UX-001;PVT-F389-UX-002;PVT-F389-SEC-001;PVT-F389-SEC-002;PVT-F389-AUTO-001;PVT-F389-APP-001;PVT-F389-APP-002;PVT-F389-NOTIF-001;PVT-F389-REP-001;PVT-F389-AI-001;PVT-F389-AI-002;PVT-F389-INT-001;PVT-F389-INT-002;PVT-F389-API-001;PVT-F389-PERF-001;PVT-F389-PERF-002;PVT-F389-OBS-001;PVT-F389-OBS-002;PVT-F389-E2E-001;PVT-F389-E2E-002;PVT-F389-UAT-001;PVT-F389-UAT-002,AUTHORIZED_BY_PASS_F_SUBJECT_TO_WAVE_DEPENDENCIES,NOT_READY
F390,Probation,HR & Payroll,docs/03-modules/hr-payroll/features/F390-probation.md,F390-CAP-001,F390-FLOW-001;F390-FLOW-002;F390-FLOW-003,F390-BR-001;F390-BR-002,F390-DATA-001;F390-DATA-002,F390-VAL-001;F390-VAL-002,F390-CALC-001,F390-UX-001;F390-UX-002,F390-SEC-001;F390-SEC-002,F390-INT-001;F390-INT-002,F390-API-001,F390-E2E-001;F390-E2E-002,F390-UAT-001;F390-UAT-002,APPROVED,8,APPROVED,F390-PFC-01;F390-PFC-02;F390-PFC-03;F390-PFC-04;F390-PFC-05;F390-PFC-06;F390-PFC-07;F390-PFC-08;F390-PFC-09;F390-PFC-10,F390-STM-01;F390-STM-02;F390-STM-03;F390-STM-04;F390-STM-05,APPROVED,PFD-BM-F390-1;PFD-BM-F390-2,APPROVED,services/api/src/modules/hr-payroll,apps/web/src/modules/hr-payroll,FULL,W11,F390-E2E-001;F390-UAT-001;PVT-F390-CAP-001;PVT-F390-FR-001;PVT-F390-FR-002;PVT-F390-FR-003;PVT-F390-US-001;PVT-F390-FLOW-001;PVT-F390-FLOW-002;PVT-F390-FLOW-003;PVT-F390-BR-001;PVT-F390-BR-002;PVT-F390-DATA-001;PVT-F390-DATA-002;PVT-F390-VAL-001;PVT-F390-VAL-002;PVT-F390-CALC-001;PVT-F390-UX-001;PVT-F390-UX-002;PVT-F390-SEC-001;PVT-F390-SEC-002;PVT-F390-AUTO-001;PVT-F390-APP-001;PVT-F390-APP-002;PVT-F390-NOTIF-001;PVT-F390-REP-001;PVT-F390-AI-001;PVT-F390-AI-002;PVT-F390-INT-001;PVT-F390-INT-002;PVT-F390-API-001;PVT-F390-PERF-001;PVT-F390-PERF-002;PVT-F390-OBS-001;PVT-F390-OBS-002;PVT-F390-E2E-001;PVT-F390-E2E-002;PVT-F390-UAT-001;PVT-F390-UAT-002,AUTHORIZED_BY_PASS_F_SUBJECT_TO_WAVE_DEPENDENCIES,NOT_READY
F391,Confirmation,HR & Payroll,docs/03-modules/hr-payroll/features/F391-confirmation.md,F391-CAP-001,F391-FLOW-001;F391-FLOW-002;F391-FLOW-003,F391-BR-001;F391-BR-002,F391-DATA-001;F391-DATA-002,F391-VAL-001;F391-VAL-002,F391-CALC-001,F391-UX-001;F391-UX-002,F391-SEC-001;F391-SEC-002,F391-INT-001;F391-INT-002,F391-API-001,F391-E2E-001;F391-E2E-002,F391-UAT-001;F391-UAT-002,APPROVED,8,APPROVED,F391-PFC-01;F391-PFC-02;F391-PFC-03;F391-PFC-04;F391-PFC-05;F391-PFC-06;F391-PFC-07;F391-PFC-08;F391-PFC-09;F391-PFC-10,F391-STM-01;F391-STM-02;F391-STM-03;F391-STM-04;F391-STM-05,APPROVED,PFD-BM-F391-1;PFD-BM-F391-2,APPROVED,services/api/src/modules/hr-payroll,apps/web/src/modules/hr-payroll,APPROVAL_ONLY,W11,F391-E2E-001;F391-UAT-001;PVT-F391-CAP-001;PVT-F391-FR-001;PVT-F391-FR-002;PVT-F391-FR-003;PVT-F391-US-001;PVT-F391-FLOW-001;PVT-F391-FLOW-002;PVT-F391-FLOW-003;PVT-F391-BR-001;PVT-F391-BR-002;PVT-F391-DATA-001;PVT-F391-DATA-002;PVT-F391-VAL-001;PVT-F391-VAL-002;PVT-F391-CALC-001;PVT-F391-UX-001;PVT-F391-UX-002;PVT-F391-SEC-001;PVT-F391-SEC-002;PVT-F391-AUTO-001;PVT-F391-APP-001;PVT-F391-APP-002;PVT-F391-NOTIF-001;PVT-F391-REP-001;PVT-F391-AI-001;PVT-F391-AI-002;PVT-F391-INT-001;PVT-F391-INT-002;PVT-F391-API-001;PVT-F391-PERF-001;PVT-F391-PERF-002;PVT-F391-OBS-001;PVT-F391-OBS-002;PVT-F391-E2E-001;PVT-F391-E2E-002;PVT-F391-UAT-001;PVT-F391-UAT-002,AUTHORIZED_BY_PASS_F_SUBJECT_TO_WAVE_DEPENDENCIES,NOT_READY
F392,Transfers,HR & Payroll,docs/03-modules/hr-payroll/features/F392-transfers.md,F392-CAP-001,F392-FLOW-001;F392-FLOW-002;F392-FLOW-003,F392-BR-001;F392-BR-002,F392-DATA-001;F392-DATA-002,F392-VAL-001;F392-VAL-002,F392-CALC-001,F392-UX-001;F392-UX-002,F392-SEC-001;F392-SEC-002,F392-INT-001;F392-INT-002,F392-API-001,F392-E2E-001;F392-E2E-002,F392-UAT-001;F392-UAT-002,APPROVED,8,APPROVED,F392-PFC-01;F392-PFC-02;F392-PFC-03;F392-PFC-04;F392-PFC-05;F392-PFC-06;F392-PFC-07;F392-PFC-08;F392-PFC-09;F392-PFC-10,F392-STM-01;F392-STM-02;F392-STM-03;F392-STM-04;F392-STM-05,APPROVED,PFD-BM-F392-1;PFD-BM-F392-2,APPROVED,services/api/src/modules/hr-payroll,apps/web/src/modules/hr-payroll,FIELD_OPTIMIZED,W11,F392-E2E-001;F392-UAT-001;PVT-F392-CAP-001;PVT-F392-FR-001;PVT-F392-FR-002;PVT-F392-FR-003;PVT-F392-US-001;PVT-F392-FLOW-001;PVT-F392-FLOW-002;PVT-F392-FLOW-003;PVT-F392-BR-001;PVT-F392-BR-002;PVT-F392-DATA-001;PVT-F392-DATA-002;PVT-F392-VAL-001;PVT-F392-VAL-002;PVT-F392-CALC-001;PVT-F392-UX-001;PVT-F392-UX-002;PVT-F392-SEC-001;PVT-F392-SEC-002;PVT-F392-AUTO-001;PVT-F392-APP-001;PVT-F392-APP-002;PVT-F392-NOTIF-001;PVT-F392-REP-001;PVT-F392-AI-001;PVT-F392-AI-002;PVT-F392-INT-001;PVT-F392-INT-002;PVT-F392-API-001;PVT-F392-PERF-001;PVT-F392-PERF-002;PVT-F392-OBS-001;PVT-F392-OBS-002;PVT-F392-E2E-001;PVT-F392-E2E-002;PVT-F392-UAT-001;PVT-F392-UAT-002,AUTHORIZED_BY_PASS_F_SUBJECT_TO_WAVE_DEPENDENCIES,NOT_READY
F393,Promotions,HR & Payroll,docs/03-modules/hr-payroll/features/F393-promotions.md,F393-CAP-001,F393-FLOW-001;F393-FLOW-002;F393-FLOW-003,F393-BR-001;F393-BR-002,F393-DATA-001;F393-DATA-002,F393-VAL-001;F393-VAL-002,F393-CALC-001,F393-UX-001;F393-UX-002,F393-SEC-001;F393-SEC-002,F393-INT-001;F393-INT-002,F393-API-001,F393-E2E-001;F393-E2E-002,F393-UAT-001;F393-UAT-002,APPROVED,8,APPROVED,F393-PFC-01;F393-PFC-02;F393-PFC-03;F393-PFC-04;F393-PFC-05;F393-PFC-06;F393-PFC-07;F393-PFC-08;F393-PFC-09;F393-PFC-10,F393-STM-01;F393-STM-02;F393-STM-03;F393-STM-04;F393-STM-05,APPROVED,PFD-BM-F393-1;PFD-BM-F393-2,APPROVED,services/api/src/modules/hr-payroll,apps/web/src/modules/hr-payroll,FULL,W11,F393-E2E-001;F393-UAT-001;PVT-F393-CAP-001;PVT-F393-FR-001;PVT-F393-FR-002;PVT-F393-FR-003;PVT-F393-US-001;PVT-F393-FLOW-001;PVT-F393-FLOW-002;PVT-F393-FLOW-003;PVT-F393-BR-001;PVT-F393-BR-002;PVT-F393-DATA-001;PVT-F393-DATA-002;PVT-F393-VAL-001;PVT-F393-VAL-002;PVT-F393-CALC-001;PVT-F393-UX-001;PVT-F393-UX-002;PVT-F393-SEC-001;PVT-F393-SEC-002;PVT-F393-AUTO-001;PVT-F393-APP-001;PVT-F393-APP-002;PVT-F393-NOTIF-001;PVT-F393-REP-001;PVT-F393-AI-001;PVT-F393-AI-002;PVT-F393-INT-001;PVT-F393-INT-002;PVT-F393-API-001;PVT-F393-PERF-001;PVT-F393-PERF-002;PVT-F393-OBS-001;PVT-F393-OBS-002;PVT-F393-E2E-001;PVT-F393-E2E-002;PVT-F393-UAT-001;PVT-F393-UAT-002,AUTHORIZED_BY_PASS_F_SUBJECT_TO_WAVE_DEPENDENCIES,NOT_READY
F394,Separation,HR & Payroll,docs/03-modules/hr-payroll/features/F394-separation.md,F394-CAP-001,F394-FLOW-001;F394-FLOW-002;F394-FLOW-003,F394-BR-001;F394-BR-002,F394-DATA-001;F394-DATA-002,F394-VAL-001;F394-VAL-002,F394-CALC-001,F394-UX-001;F394-UX-002,F394-SEC-001;F394-SEC-002,F394-INT-001;F394-INT-002,F394-API-001,F394-E2E-001;F394-E2E-002,F394-UAT-001;F394-UAT-002,APPROVED,8,APPROVED,F394-PFC-01;F394-PFC-02;F394-PFC-03;F394-PFC-04;F394-PFC-05;F394-PFC-06;F394-PFC-07;F394-PFC-08;F394-PFC-09;F394-PFC-10,F394-STM-01;F394-STM-02;F394-STM-03;F394-STM-04;F394-STM-05,APPROVED,PFD-BM-F394-1;PFD-BM-F394-2,APPROVED,services/api/src/modules/hr-payroll,apps/web/src/modules/hr-payroll,FULL,W11,F394-E2E-001;F394-UAT-001;PVT-F394-CAP-001;PVT-F394-FR-001;PVT-F394-FR-002;PVT-F394-FR-003;PVT-F394-US-001;PVT-F394-FLOW-001;PVT-F394-FLOW-002;PVT-F394-FLOW-003;PVT-F394-BR-001;PVT-F394-BR-002;PVT-F394-DATA-001;PVT-F394-DATA-002;PVT-F394-VAL-001;PVT-F394-VAL-002;PVT-F394-CALC-001;PVT-F394-UX-001;PVT-F394-UX-002;PVT-F394-SEC-001;PVT-F394-SEC-002;PVT-F394-AUTO-001;PVT-F394-APP-001;PVT-F394-APP-002;PVT-F394-NOTIF-001;PVT-F394-REP-001;PVT-F394-AI-001;PVT-F394-AI-002;PVT-F394-INT-001;PVT-F394-INT-002;PVT-F394-API-001;PVT-F394-PERF-001;PVT-F394-PERF-002;PVT-F394-OBS-001;PVT-F394-OBS-002;PVT-F394-E2E-001;PVT-F394-E2E-002;PVT-F394-UAT-001;PVT-F394-UAT-002,AUTHORIZED_BY_PASS_F_SUBJECT_TO_WAVE_DEPENDENCIES,NOT_READY
F395,Offboarding,HR & Payroll,docs/03-modules/hr-payroll/features/F395-offboarding.md,F395-CAP-001,F395-FLOW-001;F395-FLOW-002;F395-FLOW-003,F395-BR-001;F395-BR-002,F395-DATA-001;F395-DATA-002,F395-VAL-001;F395-VAL-002,F395-CALC-001,F395-UX-001;F395-UX-002,F395-SEC-001;F395-SEC-002,F395-INT-001;F395-INT-002,F395-API-001,F395-E2E-001;F395-E2E-002,F395-UAT-001;F395-UAT-002,APPROVED,8,APPROVED,F395-PFC-01;F395-PFC-02;F395-PFC-03;F395-PFC-04;F395-PFC-05;F395-PFC-06;F395-PFC-07;F395-PFC-08;F395-PFC-09;F395-PFC-10,F395-STM-01;F395-STM-02;F395-STM-03;F395-STM-04;F395-STM-05,APPROVED,PFD-BM-F395-1;PFD-BM-F395-2,APPROVED,services/api/src/modules/hr-payroll,apps/web/src/modules/hr-payroll,FULL,W11,F395-E2E-001;F395-UAT-001;PVT-F395-CAP-001;PVT-F395-FR-001;PVT-F395-FR-002;PVT-F395-FR-003;PVT-F395-US-001;PVT-F395-FLOW-001;PVT-F395-FLOW-002;PVT-F395-FLOW-003;PVT-F395-BR-001;PVT-F395-BR-002;PVT-F395-DATA-001;PVT-F395-DATA-002;PVT-F395-VAL-001;PVT-F395-VAL-002;PVT-F395-CALC-001;PVT-F395-UX-001;PVT-F395-UX-002;PVT-F395-SEC-001;PVT-F395-SEC-002;PVT-F395-AUTO-001;PVT-F395-APP-001;PVT-F395-APP-002;PVT-F395-NOTIF-001;PVT-F395-REP-001;PVT-F395-AI-001;PVT-F395-AI-002;PVT-F395-INT-001;PVT-F395-INT-002;PVT-F395-API-001;PVT-F395-PERF-001;PVT-F395-PERF-002;PVT-F395-OBS-001;PVT-F395-OBS-002;PVT-F395-E2E-001;PVT-F395-E2E-002;PVT-F395-UAT-001;PVT-F395-UAT-002,AUTHORIZED_BY_PASS_F_SUBJECT_TO_WAVE_DEPENDENCIES,NOT_READY
F396,Employee self-service,HR & Payroll,docs/03-modules/hr-payroll/features/F396-employee-self-service.md,F396-CAP-001,F396-FLOW-001;F396-FLOW-002;F396-FLOW-003,F396-BR-001;F396-BR-002,F396-DATA-001;F396-DATA-002,F396-VAL-001;F396-VAL-002,F396-CALC-001,F396-UX-001;F396-UX-002,F396-SEC-001;F396-SEC-002,F396-INT-001;F396-INT-002,F396-API-001,F396-E2E-001;F396-E2E-002,F396-UAT-001;F396-UAT-002,APPROVED,8,APPROVED,F396-PFC-01;F396-PFC-02;F396-PFC-03;F396-PFC-04;F396-PFC-05;F396-PFC-06;F396-PFC-07;F396-PFC-08;F396-PFC-09;F396-PFC-10,F396-STM-01;F396-STM-02;F396-STM-03;F396-STM-04;F396-STM-05,APPROVED,PFD-BM-F396-1;PFD-BM-F396-2,APPROVED,services/api/src/modules/hr-payroll,apps/web/src/modules/hr-payroll,FULL,W11,F396-E2E-001;F396-UAT-001;PVT-F396-CAP-001;PVT-F396-FR-001;PVT-F396-FR-002;PVT-F396-FR-003;PVT-F396-US-001;PVT-F396-FLOW-001;PVT-F396-FLOW-002;PVT-F396-FLOW-003;PVT-F396-BR-001;PVT-F396-BR-002;PVT-F396-DATA-001;PVT-F396-DATA-002;PVT-F396-VAL-001;PVT-F396-VAL-002;PVT-F396-CALC-001;PVT-F396-UX-001;PVT-F396-UX-002;PVT-F396-SEC-001;PVT-F396-SEC-002;PVT-F396-AUTO-001;PVT-F396-APP-001;PVT-F396-APP-002;PVT-F396-NOTIF-001;PVT-F396-REP-001;PVT-F396-AI-001;PVT-F396-AI-002;PVT-F396-INT-001;PVT-F396-INT-002;PVT-F396-API-001;PVT-F396-PERF-001;PVT-F396-PERF-002;PVT-F396-OBS-001;PVT-F396-OBS-002;PVT-F396-E2E-001;PVT-F396-E2E-002;PVT-F396-UAT-001;PVT-F396-UAT-002,AUTHORIZED_BY_PASS_F_SUBJECT_TO_WAVE_DEPENDENCIES,NOT_READY
F397,Job openings,HR & Payroll,docs/03-modules/hr-payroll/features/F397-job-openings.md,F397-CAP-001,F397-FLOW-001;F397-FLOW-002;F397-FLOW-003,F397-BR-001;F397-BR-002,F397-DATA-001;F397-DATA-002,F397-VAL-001;F397-VAL-002,F397-CALC-001,F397-UX-001;F397-UX-002,F397-SEC-001;F397-SEC-002,F397-INT-001;F397-INT-002,F397-API-001,F397-E2E-001;F397-E2E-002,F397-UAT-001;F397-UAT-002,APPROVED,8,APPROVED,F397-PFC-01;F397-PFC-02;F397-PFC-03;F397-PFC-04;F397-PFC-05;F397-PFC-06;F397-PFC-07;F397-PFC-08;F397-PFC-09;F397-PFC-10,F397-STM-01;F397-STM-02;F397-STM-03;F397-STM-04;F397-STM-05,APPROVED,PFD-BM-F397-1;PFD-BM-F397-2,APPROVED,services/api/src/modules/hr-payroll,apps/web/src/modules/hr-payroll,FULL,W11,F397-E2E-001;F397-UAT-001;PVT-F397-CAP-001;PVT-F397-FR-001;PVT-F397-FR-002;PVT-F397-FR-003;PVT-F397-US-001;PVT-F397-FLOW-001;PVT-F397-FLOW-002;PVT-F397-FLOW-003;PVT-F397-BR-001;PVT-F397-BR-002;PVT-F397-DATA-001;PVT-F397-DATA-002;PVT-F397-VAL-001;PVT-F397-VAL-002;PVT-F397-CALC-001;PVT-F397-UX-001;PVT-F397-UX-002;PVT-F397-SEC-001;PVT-F397-SEC-002;PVT-F397-AUTO-001;PVT-F397-APP-001;PVT-F397-APP-002;PVT-F397-NOTIF-001;PVT-F397-REP-001;PVT-F397-AI-001;PVT-F397-AI-002;PVT-F397-INT-001;PVT-F397-INT-002;PVT-F397-API-001;PVT-F397-PERF-001;PVT-F397-PERF-002;PVT-F397-OBS-001;PVT-F397-OBS-002;PVT-F397-E2E-001;PVT-F397-E2E-002;PVT-F397-UAT-001;PVT-F397-UAT-002,AUTHORIZED_BY_PASS_F_SUBJECT_TO_WAVE_DEPENDENCIES,NOT_READY
F398,Candidates,HR & Payroll,docs/03-modules/hr-payroll/features/F398-candidates.md,F398-CAP-001,F398-FLOW-001;F398-FLOW-002;F398-FLOW-003,F398-BR-001;F398-BR-002,F398-DATA-001;F398-DATA-002,F398-VAL-001;F398-VAL-002,F398-CALC-001,F398-UX-001;F398-UX-002,F398-SEC-001;F398-SEC-002,F398-INT-001;F398-INT-002,F398-API-001,F398-E2E-001;F398-E2E-002,F398-UAT-001;F398-UAT-002,APPROVED,8,APPROVED,F398-PFC-01;F398-PFC-02;F398-PFC-03;F398-PFC-04;F398-PFC-05;F398-PFC-06;F398-PFC-07;F398-PFC-08;F398-PFC-09;F398-PFC-10,F398-STM-01;F398-STM-02;F398-STM-03;F398-STM-04;F398-STM-05,APPROVED,PFD-BM-F398-1;PFD-BM-F398-2,APPROVED,services/api/src/modules/hr-payroll,apps/web/src/modules/hr-payroll,FULL,W11,F398-E2E-001;F398-UAT-001;PVT-F398-CAP-001;PVT-F398-FR-001;PVT-F398-FR-002;PVT-F398-FR-003;PVT-F398-US-001;PVT-F398-FLOW-001;PVT-F398-FLOW-002;PVT-F398-FLOW-003;PVT-F398-BR-001;PVT-F398-BR-002;PVT-F398-DATA-001;PVT-F398-DATA-002;PVT-F398-VAL-001;PVT-F398-VAL-002;PVT-F398-CALC-001;PVT-F398-UX-001;PVT-F398-UX-002;PVT-F398-SEC-001;PVT-F398-SEC-002;PVT-F398-AUTO-001;PVT-F398-APP-001;PVT-F398-APP-002;PVT-F398-NOTIF-001;PVT-F398-REP-001;PVT-F398-AI-001;PVT-F398-AI-002;PVT-F398-INT-001;PVT-F398-INT-002;PVT-F398-API-001;PVT-F398-PERF-001;PVT-F398-PERF-002;PVT-F398-OBS-001;PVT-F398-OBS-002;PVT-F398-E2E-001;PVT-F398-E2E-002;PVT-F398-UAT-001;PVT-F398-UAT-002,AUTHORIZED_BY_PASS_F_SUBJECT_TO_WAVE_DEPENDENCIES,NOT_READY
F399,Recruitment pipeline,HR & Payroll,docs/03-modules/hr-payroll/features/F399-recruitment-pipeline.md,F399-CAP-001,F399-FLOW-001;F399-FLOW-002;F399-FLOW-003,F399-BR-001;F399-BR-002,F399-DATA-001;F399-DATA-002,F399-VAL-001;F399-VAL-002,F399-CALC-001,F399-UX-001;F399-UX-002,F399-SEC-001;F399-SEC-002,F399-INT-001;F399-INT-002,F399-API-001,F399-E2E-001;F399-E2E-002,F399-UAT-001;F399-UAT-002,APPROVED,8,APPROVED,F399-PFC-01;F399-PFC-02;F399-PFC-03;F399-PFC-04;F399-PFC-05;F399-PFC-06;F399-PFC-07;F399-PFC-08;F399-PFC-09;F399-PFC-10,F399-STM-01;F399-STM-02;F399-STM-03;F399-STM-04;F399-STM-05,APPROVED,PFD-BM-F399-1;PFD-BM-F399-2,APPROVED,services/api/src/modules/hr-payroll,apps/web/src/modules/hr-payroll,FULL,W11,F399-E2E-001;F399-UAT-001;PVT-F399-CAP-001;PVT-F399-FR-001;PVT-F399-FR-002;PVT-F399-FR-003;PVT-F399-US-001;PVT-F399-FLOW-001;PVT-F399-FLOW-002;PVT-F399-FLOW-003;PVT-F399-BR-001;PVT-F399-BR-002;PVT-F399-DATA-001;PVT-F399-DATA-002;PVT-F399-VAL-001;PVT-F399-VAL-002;PVT-F399-CALC-001;PVT-F399-UX-001;PVT-F399-UX-002;PVT-F399-SEC-001;PVT-F399-SEC-002;PVT-F399-AUTO-001;PVT-F399-APP-001;PVT-F399-APP-002;PVT-F399-NOTIF-001;PVT-F399-REP-001;PVT-F399-AI-001;PVT-F399-AI-002;PVT-F399-INT-001;PVT-F399-INT-002;PVT-F399-API-001;PVT-F399-PERF-001;PVT-F399-PERF-002;PVT-F399-OBS-001;PVT-F399-OBS-002;PVT-F399-E2E-001;PVT-F399-E2E-002;PVT-F399-UAT-001;PVT-F399-UAT-002,AUTHORIZED_BY_PASS_F_SUBJECT_TO_WAVE_DEPENDENCIES,NOT_READY
F400,Interviews,HR & Payroll,docs/03-modules/hr-payroll/features/F400-interviews.md,F400-CAP-001,F400-FLOW-001;F400-FLOW-002;F400-FLOW-003,F400-BR-001;F400-BR-002,F400-DATA-001;F400-DATA-002,F400-VAL-001;F400-VAL-002,F400-CALC-001,F400-UX-001;F400-UX-002,F400-SEC-001;F400-SEC-002,F400-INT-001;F400-INT-002,F400-API-001,F400-E2E-001;F400-E2E-002,F400-UAT-001;F400-UAT-002,APPROVED,8,APPROVED,F400-PFC-01;F400-PFC-02;F400-PFC-03;F400-PFC-04;F400-PFC-05;F400-PFC-06;F400-PFC-07;F400-PFC-08;F400-PFC-09;F400-PFC-10,F400-STM-01;F400-STM-02;F400-STM-03;F400-STM-04;F400-STM-05,APPROVED,PFD-BM-F400-1;PFD-BM-F400-2,APPROVED,services/api/src/modules/hr-payroll,apps/web/src/modules/hr-payroll,FULL,W11,F400-E2E-001;F400-UAT-001;PVT-F400-CAP-001;PVT-F400-FR-001;PVT-F400-FR-002;PVT-F400-FR-003;PVT-F400-US-001;PVT-F400-FLOW-001;PVT-F400-FLOW-002;PVT-F400-FLOW-003;PVT-F400-BR-001;PVT-F400-BR-002;PVT-F400-DATA-001;PVT-F400-DATA-002;PVT-F400-VAL-001;PVT-F400-VAL-002;PVT-F400-CALC-001;PVT-F400-UX-001;PVT-F400-UX-002;PVT-F400-SEC-001;PVT-F400-SEC-002;PVT-F400-AUTO-001;PVT-F400-APP-001;PVT-F400-APP-002;PVT-F400-NOTIF-001;PVT-F400-REP-001;PVT-F400-AI-001;PVT-F400-AI-002;PVT-F400-INT-001;PVT-F400-INT-002;PVT-F400-API-001;PVT-F400-PERF-001;PVT-F400-PERF-002;PVT-F400-OBS-001;PVT-F400-OBS-002;PVT-F400-E2E-001;PVT-F400-E2E-002;PVT-F400-UAT-001;PVT-F400-UAT-002,AUTHORIZED_BY_PASS_F_SUBJECT_TO_WAVE_DEPENDENCIES,NOT_READY
F401,Offers,HR & Payroll,docs/03-modules/hr-payroll/features/F401-offers.md,F401-CAP-001,F401-FLOW-001;F401-FLOW-002;F401-FLOW-003,F401-BR-001;F401-BR-002,F401-DATA-001;F401-DATA-002,F401-VAL-001;F401-VAL-002,F401-CALC-001,F401-UX-001;F401-UX-002,F401-SEC-001;F401-SEC-002,F401-INT-001;F401-INT-002,F401-API-001,F401-E2E-001;F401-E2E-002,F401-UAT-001;F401-UAT-002,APPROVED,8,APPROVED,F401-PFC-01;F401-PFC-02;F401-PFC-03;F401-PFC-04;F401-PFC-05;F401-PFC-06;F401-PFC-07;F401-PFC-08;F401-PFC-09;F401-PFC-10,F401-STM-01;F401-STM-02;F401-STM-03;F401-STM-04;F401-STM-05,APPROVED,PFD-BM-F401-1;PFD-BM-F401-2,APPROVED,services/api/src/modules/hr-payroll,apps/web/src/modules/hr-payroll,FULL,W11,F401-E2E-001;F401-UAT-001;PVT-F401-CAP-001;PVT-F401-FR-001;PVT-F401-FR-002;PVT-F401-FR-003;PVT-F401-US-001;PVT-F401-FLOW-001;PVT-F401-FLOW-002;PVT-F401-FLOW-003;PVT-F401-BR-001;PVT-F401-BR-002;PVT-F401-DATA-001;PVT-F401-DATA-002;PVT-F401-VAL-001;PVT-F401-VAL-002;PVT-F401-CALC-001;PVT-F401-UX-001;PVT-F401-UX-002;PVT-F401-SEC-001;PVT-F401-SEC-002;PVT-F401-AUTO-001;PVT-F401-APP-001;PVT-F401-APP-002;PVT-F401-NOTIF-001;PVT-F401-REP-001;PVT-F401-AI-001;PVT-F401-AI-002;PVT-F401-INT-001;PVT-F401-INT-002;PVT-F401-API-001;PVT-F401-PERF-001;PVT-F401-PERF-002;PVT-F401-OBS-001;PVT-F401-OBS-002;PVT-F401-E2E-001;PVT-F401-E2E-002;PVT-F401-UAT-001;PVT-F401-UAT-002,AUTHORIZED_BY_PASS_F_SUBJECT_TO_WAVE_DEPENDENCIES,NOT_READY
F402,Candidate-to-employee conversion,HR & Payroll,docs/03-modules/hr-payroll/features/F402-candidate-to-employee-conversion.md,F402-CAP-001,F402-FLOW-001;F402-FLOW-002;F402-FLOW-003,F402-BR-001;F402-BR-002,F402-DATA-001;F402-DATA-002,F402-VAL-001;F402-VAL-002,F402-CALC-001,F402-UX-001;F402-UX-002,F402-SEC-001;F402-SEC-002,F402-INT-001;F402-INT-002,F402-API-001,F402-E2E-001;F402-E2E-002,F402-UAT-001;F402-UAT-002,APPROVED,8,APPROVED,F402-PFC-01;F402-PFC-02;F402-PFC-03;F402-PFC-04;F402-PFC-05;F402-PFC-06;F402-PFC-07;F402-PFC-08;F402-PFC-09;F402-PFC-10,F402-STM-01;F402-STM-02;F402-STM-03;F402-STM-04;F402-STM-05,APPROVED,PFD-BM-F402-1;PFD-BM-F402-2,APPROVED,services/api/src/modules/hr-payroll,apps/web/src/modules/hr-payroll,FULL,W11,F402-E2E-001;F402-UAT-001;PVT-F402-CAP-001;PVT-F402-FR-001;PVT-F402-FR-002;PVT-F402-FR-003;PVT-F402-US-001;PVT-F402-FLOW-001;PVT-F402-FLOW-002;PVT-F402-FLOW-003;PVT-F402-BR-001;PVT-F402-BR-002;PVT-F402-DATA-001;PVT-F402-DATA-002;PVT-F402-VAL-001;PVT-F402-VAL-002;PVT-F402-CALC-001;PVT-F402-UX-001;PVT-F402-UX-002;PVT-F402-SEC-001;PVT-F402-SEC-002;PVT-F402-AUTO-001;PVT-F402-APP-001;PVT-F402-APP-002;PVT-F402-NOTIF-001;PVT-F402-REP-001;PVT-F402-AI-001;PVT-F402-AI-002;PVT-F402-INT-001;PVT-F402-INT-002;PVT-F402-API-001;PVT-F402-PERF-001;PVT-F402-PERF-002;PVT-F402-OBS-001;PVT-F402-OBS-002;PVT-F402-E2E-001;PVT-F402-E2E-002;PVT-F402-UAT-001;PVT-F402-UAT-002,AUTHORIZED_BY_PASS_F_SUBJECT_TO_WAVE_DEPENDENCIES,NOT_READY
F403,Shifts,HR & Payroll,docs/03-modules/hr-payroll/features/F403-shifts.md,F403-CAP-001,F403-FLOW-001;F403-FLOW-002;F403-FLOW-003,F403-BR-001;F403-BR-002,F403-DATA-001;F403-DATA-002,F403-VAL-001;F403-VAL-002,F403-CALC-001,F403-UX-001;F403-UX-002,F403-SEC-001;F403-SEC-002,F403-INT-001;F403-INT-002,F403-API-001,F403-E2E-001;F403-E2E-002,F403-UAT-001;F403-UAT-002,APPROVED,8,APPROVED,F403-PFC-01;F403-PFC-02;F403-PFC-03;F403-PFC-04;F403-PFC-05;F403-PFC-06;F403-PFC-07;F403-PFC-08;F403-PFC-09;F403-PFC-10,F403-STM-01;F403-STM-02;F403-STM-03;F403-STM-04;F403-STM-05,APPROVED,PFD-BM-F403-1;PFD-BM-F403-2,APPROVED,services/api/src/modules/hr-payroll,apps/web/src/modules/hr-payroll,FULL,W11,F403-E2E-001;F403-UAT-001;PVT-F403-CAP-001;PVT-F403-FR-001;PVT-F403-FR-002;PVT-F403-FR-003;PVT-F403-US-001;PVT-F403-FLOW-001;PVT-F403-FLOW-002;PVT-F403-FLOW-003;PVT-F403-BR-001;PVT-F403-BR-002;PVT-F403-DATA-001;PVT-F403-DATA-002;PVT-F403-VAL-001;PVT-F403-VAL-002;PVT-F403-CALC-001;PVT-F403-UX-001;PVT-F403-UX-002;PVT-F403-SEC-001;PVT-F403-SEC-002;PVT-F403-AUTO-001;PVT-F403-APP-001;PVT-F403-APP-002;PVT-F403-NOTIF-001;PVT-F403-REP-001;PVT-F403-AI-001;PVT-F403-AI-002;PVT-F403-INT-001;PVT-F403-INT-002;PVT-F403-API-001;PVT-F403-PERF-001;PVT-F403-PERF-002;PVT-F403-OBS-001;PVT-F403-OBS-002;PVT-F403-E2E-001;PVT-F403-E2E-002;PVT-F403-UAT-001;PVT-F403-UAT-002,AUTHORIZED_BY_PASS_F_SUBJECT_TO_WAVE_DEPENDENCIES,NOT_READY
F404,Attendance,HR & Payroll,docs/03-modules/hr-payroll/features/F404-attendance.md,F404-CAP-001,F404-FLOW-001;F404-FLOW-002;F404-FLOW-003,F404-BR-001;F404-BR-002,F404-DATA-001;F404-DATA-002,F404-VAL-001;F404-VAL-002,F404-CALC-001,F404-UX-001;F404-UX-002,F404-SEC-001;F404-SEC-002,F404-INT-001;F404-INT-002,F404-API-001,F404-E2E-001;F404-E2E-002,F404-UAT-001;F404-UAT-002,APPROVED,8,APPROVED,F404-PFC-01;F404-PFC-02;F404-PFC-03;F404-PFC-04;F404-PFC-05;F404-PFC-06;F404-PFC-07;F404-PFC-08;F404-PFC-09;F404-PFC-10,F404-STM-01;F404-STM-02;F404-STM-03;F404-STM-04;F404-STM-05,APPROVED,PFD-BM-F404-1;PFD-BM-F404-2,APPROVED,services/api/src/modules/hr-payroll,apps/web/src/modules/hr-payroll,FIELD_OPTIMIZED,W11,F404-E2E-001;F404-UAT-001;PVT-F404-CAP-001;PVT-F404-FR-001;PVT-F404-FR-002;PVT-F404-FR-003;PVT-F404-US-001;PVT-F404-FLOW-001;PVT-F404-FLOW-002;PVT-F404-FLOW-003;PVT-F404-BR-001;PVT-F404-BR-002;PVT-F404-DATA-001;PVT-F404-DATA-002;PVT-F404-VAL-001;PVT-F404-VAL-002;PVT-F404-CALC-001;PVT-F404-UX-001;PVT-F404-UX-002;PVT-F404-SEC-001;PVT-F404-SEC-002;PVT-F404-AUTO-001;PVT-F404-APP-001;PVT-F404-APP-002;PVT-F404-NOTIF-001;PVT-F404-REP-001;PVT-F404-AI-001;PVT-F404-AI-002;PVT-F404-INT-001;PVT-F404-INT-002;PVT-F404-API-001;PVT-F404-PERF-001;PVT-F404-PERF-002;PVT-F404-OBS-001;PVT-F404-OBS-002;PVT-F404-E2E-001;PVT-F404-E2E-002;PVT-F404-UAT-001;PVT-F404-UAT-002,AUTHORIZED_BY_PASS_F_SUBJECT_TO_WAVE_DEPENDENCIES,NOT_READY
F405,Check-in and check-out,HR & Payroll,docs/03-modules/hr-payroll/features/F405-check-in-and-check-out.md,F405-CAP-001,F405-FLOW-001;F405-FLOW-002;F405-FLOW-003,F405-BR-001;F405-BR-002,F405-DATA-001;F405-DATA-002,F405-VAL-001;F405-VAL-002,F405-CALC-001,F405-UX-001;F405-UX-002,F405-SEC-001;F405-SEC-002,F405-INT-001;F405-INT-002,F405-API-001,F405-E2E-001;F405-E2E-002,F405-UAT-001;F405-UAT-002,APPROVED,8,APPROVED,F405-PFC-01;F405-PFC-02;F405-PFC-03;F405-PFC-04;F405-PFC-05;F405-PFC-06;F405-PFC-07;F405-PFC-08;F405-PFC-09;F405-PFC-10,F405-STM-01;F405-STM-02;F405-STM-03;F405-STM-04;F405-STM-05,APPROVED,PFD-BM-F405-1;PFD-BM-F405-2,APPROVED,services/api/src/modules/hr-payroll,apps/web/src/modules/hr-payroll,FIELD_OPTIMIZED,W11,F405-E2E-001;F405-UAT-001;PVT-F405-CAP-001;PVT-F405-FR-001;PVT-F405-FR-002;PVT-F405-FR-003;PVT-F405-US-001;PVT-F405-FLOW-001;PVT-F405-FLOW-002;PVT-F405-FLOW-003;PVT-F405-BR-001;PVT-F405-BR-002;PVT-F405-DATA-001;PVT-F405-DATA-002;PVT-F405-VAL-001;PVT-F405-VAL-002;PVT-F405-CALC-001;PVT-F405-UX-001;PVT-F405-UX-002;PVT-F405-SEC-001;PVT-F405-SEC-002;PVT-F405-AUTO-001;PVT-F405-APP-001;PVT-F405-APP-002;PVT-F405-NOTIF-001;PVT-F405-REP-001;PVT-F405-AI-001;PVT-F405-AI-002;PVT-F405-INT-001;PVT-F405-INT-002;PVT-F405-API-001;PVT-F405-PERF-001;PVT-F405-PERF-002;PVT-F405-OBS-001;PVT-F405-OBS-002;PVT-F405-E2E-001;PVT-F405-E2E-002;PVT-F405-UAT-001;PVT-F405-UAT-002,AUTHORIZED_BY_PASS_F_SUBJECT_TO_WAVE_DEPENDENCIES,NOT_READY
F406,Late arrival,HR & Payroll,docs/03-modules/hr-payroll/features/F406-late-arrival.md,F406-CAP-001,F406-FLOW-001;F406-FLOW-002;F406-FLOW-003,F406-BR-001;F406-BR-002,F406-DATA-001;F406-DATA-002,F406-VAL-001;F406-VAL-002,F406-CALC-001,F406-UX-001;F406-UX-002,F406-SEC-001;F406-SEC-002,F406-INT-001;F406-INT-002,F406-API-001,F406-E2E-001;F406-E2E-002,F406-UAT-001;F406-UAT-002,APPROVED,8,APPROVED,F406-PFC-01;F406-PFC-02;F406-PFC-03;F406-PFC-04;F406-PFC-05;F406-PFC-06;F406-PFC-07;F406-PFC-08;F406-PFC-09;F406-PFC-10,F406-STM-01;F406-STM-02;F406-STM-03;F406-STM-04;F406-STM-05,APPROVED,PFD-BM-F406-1;PFD-BM-F406-2,APPROVED,services/api/src/modules/hr-payroll,apps/web/src/modules/hr-payroll,FULL,W11,F406-E2E-001;F406-UAT-001;PVT-F406-CAP-001;PVT-F406-FR-001;PVT-F406-FR-002;PVT-F406-FR-003;PVT-F406-US-001;PVT-F406-FLOW-001;PVT-F406-FLOW-002;PVT-F406-FLOW-003;PVT-F406-BR-001;PVT-F406-BR-002;PVT-F406-DATA-001;PVT-F406-DATA-002;PVT-F406-VAL-001;PVT-F406-VAL-002;PVT-F406-CALC-001;PVT-F406-UX-001;PVT-F406-UX-002;PVT-F406-SEC-001;PVT-F406-SEC-002;PVT-F406-AUTO-001;PVT-F406-APP-001;PVT-F406-APP-002;PVT-F406-NOTIF-001;PVT-F406-REP-001;PVT-F406-AI-001;PVT-F406-AI-002;PVT-F406-INT-001;PVT-F406-INT-002;PVT-F406-API-001;PVT-F406-PERF-001;PVT-F406-PERF-002;PVT-F406-OBS-001;PVT-F406-OBS-002;PVT-F406-E2E-001;PVT-F406-E2E-002;PVT-F406-UAT-001;PVT-F406-UAT-002,AUTHORIZED_BY_PASS_F_SUBJECT_TO_WAVE_DEPENDENCIES,NOT_READY
F407,Early exit,HR & Payroll,docs/03-modules/hr-payroll/features/F407-early-exit.md,F407-CAP-001,F407-FLOW-001;F407-FLOW-002;F407-FLOW-003,F407-BR-001;F407-BR-002,F407-DATA-001;F407-DATA-002,F407-VAL-001;F407-VAL-002,F407-CALC-001,F407-UX-001;F407-UX-002,F407-SEC-001;F407-SEC-002,F407-INT-001;F407-INT-002,F407-API-001,F407-E2E-001;F407-E2E-002,F407-UAT-001;F407-UAT-002,APPROVED,8,APPROVED,F407-PFC-01;F407-PFC-02;F407-PFC-03;F407-PFC-04;F407-PFC-05;F407-PFC-06;F407-PFC-07;F407-PFC-08;F407-PFC-09;F407-PFC-10,F407-STM-01;F407-STM-02;F407-STM-03;F407-STM-04;F407-STM-05,APPROVED,PFD-BM-F407-1;PFD-BM-F407-2,APPROVED,services/api/src/modules/hr-payroll,apps/web/src/modules/hr-payroll,FULL,W11,F407-E2E-001;F407-UAT-001;PVT-F407-CAP-001;PVT-F407-FR-001;PVT-F407-FR-002;PVT-F407-FR-003;PVT-F407-US-001;PVT-F407-FLOW-001;PVT-F407-FLOW-002;PVT-F407-FLOW-003;PVT-F407-BR-001;PVT-F407-BR-002;PVT-F407-DATA-001;PVT-F407-DATA-002;PVT-F407-VAL-001;PVT-F407-VAL-002;PVT-F407-CALC-001;PVT-F407-UX-001;PVT-F407-UX-002;PVT-F407-SEC-001;PVT-F407-SEC-002;PVT-F407-AUTO-001;PVT-F407-APP-001;PVT-F407-APP-002;PVT-F407-NOTIF-001;PVT-F407-REP-001;PVT-F407-AI-001;PVT-F407-AI-002;PVT-F407-INT-001;PVT-F407-INT-002;PVT-F407-API-001;PVT-F407-PERF-001;PVT-F407-PERF-002;PVT-F407-OBS-001;PVT-F407-OBS-002;PVT-F407-E2E-001;PVT-F407-E2E-002;PVT-F407-UAT-001;PVT-F407-UAT-002,AUTHORIZED_BY_PASS_F_SUBJECT_TO_WAVE_DEPENDENCIES,NOT_READY
F408,Overtime,HR & Payroll,docs/03-modules/hr-payroll/features/F408-overtime.md,F408-CAP-001,F408-FLOW-001;F408-FLOW-002;F408-FLOW-003,F408-BR-001;F408-BR-002,F408-DATA-001;F408-DATA-002,F408-VAL-001;F408-VAL-002,F408-CALC-001,F408-UX-001;F408-UX-002,F408-SEC-001;F408-SEC-002,F408-INT-001;F408-INT-002,F408-API-001,F408-E2E-001;F408-E2E-002,F408-UAT-001;F408-UAT-002,APPROVED,8,APPROVED,F408-PFC-01;F408-PFC-02;F408-PFC-03;F408-PFC-04;F408-PFC-05;F408-PFC-06;F408-PFC-07;F408-PFC-08;F408-PFC-09;F408-PFC-10,F408-STM-01;F408-STM-02;F408-STM-03;F408-STM-04;F408-STM-05,APPROVED,PFD-BM-F408-1;PFD-BM-F408-2,APPROVED,services/api/src/modules/hr-payroll,apps/web/src/modules/hr-payroll,FULL,W11,F408-E2E-001;F408-UAT-001;PVT-F408-CAP-001;PVT-F408-FR-001;PVT-F408-FR-002;PVT-F408-FR-003;PVT-F408-US-001;PVT-F408-FLOW-001;PVT-F408-FLOW-002;PVT-F408-FLOW-003;PVT-F408-BR-001;PVT-F408-BR-002;PVT-F408-DATA-001;PVT-F408-DATA-002;PVT-F408-VAL-001;PVT-F408-VAL-002;PVT-F408-CALC-001;PVT-F408-UX-001;PVT-F408-UX-002;PVT-F408-SEC-001;PVT-F408-SEC-002;PVT-F408-AUTO-001;PVT-F408-APP-001;PVT-F408-APP-002;PVT-F408-NOTIF-001;PVT-F408-REP-001;PVT-F408-AI-001;PVT-F408-AI-002;PVT-F408-INT-001;PVT-F408-INT-002;PVT-F408-API-001;PVT-F408-PERF-001;PVT-F408-PERF-002;PVT-F408-OBS-001;PVT-F408-OBS-002;PVT-F408-E2E-001;PVT-F408-E2E-002;PVT-F408-UAT-001;PVT-F408-UAT-002,AUTHORIZED_BY_PASS_F_SUBJECT_TO_WAVE_DEPENDENCIES,NOT_READY
F409,Attendance regularization,HR & Payroll,docs/03-modules/hr-payroll/features/F409-attendance-regularization.md,F409-CAP-001,F409-FLOW-001;F409-FLOW-002;F409-FLOW-003,F409-BR-001;F409-BR-002,F409-DATA-001;F409-DATA-002,F409-VAL-001;F409-VAL-002,F409-CALC-001,F409-UX-001;F409-UX-002,F409-SEC-001;F409-SEC-002,F409-INT-001;F409-INT-002,F409-API-001,F409-E2E-001;F409-E2E-002,F409-UAT-001;F409-UAT-002,APPROVED,8,APPROVED,F409-PFC-01;F409-PFC-02;F409-PFC-03;F409-PFC-04;F409-PFC-05;F409-PFC-06;F409-PFC-07;F409-PFC-08;F409-PFC-09;F409-PFC-10,F409-STM-01;F409-STM-02;F409-STM-03;F409-STM-04;F409-STM-05,APPROVED,PFD-BM-F409-1;PFD-BM-F409-2,APPROVED,services/api/src/modules/hr-payroll,apps/web/src/modules/hr-payroll,FIELD_OPTIMIZED,W11,F409-E2E-001;F409-UAT-001;PVT-F409-CAP-001;PVT-F409-FR-001;PVT-F409-FR-002;PVT-F409-FR-003;PVT-F409-US-001;PVT-F409-FLOW-001;PVT-F409-FLOW-002;PVT-F409-FLOW-003;PVT-F409-BR-001;PVT-F409-BR-002;PVT-F409-DATA-001;PVT-F409-DATA-002;PVT-F409-VAL-001;PVT-F409-VAL-002;PVT-F409-CALC-001;PVT-F409-UX-001;PVT-F409-UX-002;PVT-F409-SEC-001;PVT-F409-SEC-002;PVT-F409-AUTO-001;PVT-F409-APP-001;PVT-F409-APP-002;PVT-F409-NOTIF-001;PVT-F409-REP-001;PVT-F409-AI-001;PVT-F409-AI-002;PVT-F409-INT-001;PVT-F409-INT-002;PVT-F409-API-001;PVT-F409-PERF-001;PVT-F409-PERF-002;PVT-F409-OBS-001;PVT-F409-OBS-002;PVT-F409-E2E-001;PVT-F409-E2E-002;PVT-F409-UAT-001;PVT-F409-UAT-002,AUTHORIZED_BY_PASS_F_SUBJECT_TO_WAVE_DEPENDENCIES,NOT_READY
F410,Leave types,HR & Payroll,docs/03-modules/hr-payroll/features/F410-leave-types.md,F410-CAP-001,F410-FLOW-001;F410-FLOW-002;F410-FLOW-003,F410-BR-001;F410-BR-002,F410-DATA-001;F410-DATA-002,F410-VAL-001;F410-VAL-002,F410-CALC-001,F410-UX-001;F410-UX-002,F410-SEC-001;F410-SEC-002,F410-INT-001;F410-INT-002,F410-API-001,F410-E2E-001;F410-E2E-002,F410-UAT-001;F410-UAT-002,APPROVED,8,APPROVED,F410-PFC-01;F410-PFC-02;F410-PFC-03;F410-PFC-04;F410-PFC-05;F410-PFC-06;F410-PFC-07;F410-PFC-08;F410-PFC-09;F410-PFC-10,F410-STM-01;F410-STM-02;F410-STM-03;F410-STM-04;F410-STM-05,APPROVED,PFD-BM-F410-1;PFD-BM-F410-2,APPROVED,services/api/src/modules/hr-payroll,apps/web/src/modules/hr-payroll,FULL,W11,F410-E2E-001;F410-UAT-001;PVT-F410-CAP-001;PVT-F410-FR-001;PVT-F410-FR-002;PVT-F410-FR-003;PVT-F410-US-001;PVT-F410-FLOW-001;PVT-F410-FLOW-002;PVT-F410-FLOW-003;PVT-F410-BR-001;PVT-F410-BR-002;PVT-F410-DATA-001;PVT-F410-DATA-002;PVT-F410-VAL-001;PVT-F410-VAL-002;PVT-F410-CALC-001;PVT-F410-UX-001;PVT-F410-UX-002;PVT-F410-SEC-001;PVT-F410-SEC-002;PVT-F410-AUTO-001;PVT-F410-APP-001;PVT-F410-APP-002;PVT-F410-NOTIF-001;PVT-F410-REP-001;PVT-F410-AI-001;PVT-F410-AI-002;PVT-F410-INT-001;PVT-F410-INT-002;PVT-F410-API-001;PVT-F410-PERF-001;PVT-F410-PERF-002;PVT-F410-OBS-001;PVT-F410-OBS-002;PVT-F410-E2E-001;PVT-F410-E2E-002;PVT-F410-UAT-001;PVT-F410-UAT-002,AUTHORIZED_BY_PASS_F_SUBJECT_TO_WAVE_DEPENDENCIES,NOT_READY
F411,Leave policies,HR & Payroll,docs/03-modules/hr-payroll/features/F411-leave-policies.md,F411-CAP-001,F411-FLOW-001;F411-FLOW-002;F411-FLOW-003,F411-BR-001;F411-BR-002,F411-DATA-001;F411-DATA-002,F411-VAL-001;F411-VAL-002,F411-CALC-001,F411-UX-001;F411-UX-002,F411-SEC-001;F411-SEC-002,F411-INT-001;F411-INT-002,F411-API-001,F411-E2E-001;F411-E2E-002,F411-UAT-001;F411-UAT-002,APPROVED,8,APPROVED,F411-PFC-01;F411-PFC-02;F411-PFC-03;F411-PFC-04;F411-PFC-05;F411-PFC-06;F411-PFC-07;F411-PFC-08;F411-PFC-09;F411-PFC-10,F411-STM-01;F411-STM-02;F411-STM-03;F411-STM-04;F411-STM-05,APPROVED,PFD-BM-F411-1;PFD-BM-F411-2,APPROVED,services/api/src/modules/hr-payroll,apps/web/src/modules/hr-payroll,FULL,W11,F411-E2E-001;F411-UAT-001;PVT-F411-CAP-001;PVT-F411-FR-001;PVT-F411-FR-002;PVT-F411-FR-003;PVT-F411-US-001;PVT-F411-FLOW-001;PVT-F411-FLOW-002;PVT-F411-FLOW-003;PVT-F411-BR-001;PVT-F411-BR-002;PVT-F411-DATA-001;PVT-F411-DATA-002;PVT-F411-VAL-001;PVT-F411-VAL-002;PVT-F411-CALC-001;PVT-F411-UX-001;PVT-F411-UX-002;PVT-F411-SEC-001;PVT-F411-SEC-002;PVT-F411-AUTO-001;PVT-F411-APP-001;PVT-F411-APP-002;PVT-F411-NOTIF-001;PVT-F411-REP-001;PVT-F411-AI-001;PVT-F411-AI-002;PVT-F411-INT-001;PVT-F411-INT-002;PVT-F411-API-001;PVT-F411-PERF-001;PVT-F411-PERF-002;PVT-F411-OBS-001;PVT-F411-OBS-002;PVT-F411-E2E-001;PVT-F411-E2E-002;PVT-F411-UAT-001;PVT-F411-UAT-002,AUTHORIZED_BY_PASS_F_SUBJECT_TO_WAVE_DEPENDENCIES,NOT_READY
F412,Leave balances,HR & Payroll,docs/03-modules/hr-payroll/features/F412-leave-balances.md,F412-CAP-001,F412-FLOW-001;F412-FLOW-002;F412-FLOW-003,F412-BR-001;F412-BR-002,F412-DATA-001;F412-DATA-002,F412-VAL-001;F412-VAL-002,F412-CALC-001,F412-UX-001;F412-UX-002,F412-SEC-001;F412-SEC-002,F412-INT-001;F412-INT-002,F412-API-001,F412-E2E-001;F412-E2E-002,F412-UAT-001;F412-UAT-002,APPROVED,8,APPROVED,F412-PFC-01;F412-PFC-02;F412-PFC-03;F412-PFC-04;F412-PFC-05;F412-PFC-06;F412-PFC-07;F412-PFC-08;F412-PFC-09;F412-PFC-10,F412-STM-01;F412-STM-02;F412-STM-03;F412-STM-04;F412-STM-05,APPROVED,PFD-BM-F412-1;PFD-BM-F412-2,APPROVED,services/api/src/modules/hr-payroll,apps/web/src/modules/hr-payroll,FULL,W11,F412-E2E-001;F412-UAT-001;PVT-F412-CAP-001;PVT-F412-FR-001;PVT-F412-FR-002;PVT-F412-FR-003;PVT-F412-US-001;PVT-F412-FLOW-001;PVT-F412-FLOW-002;PVT-F412-FLOW-003;PVT-F412-BR-001;PVT-F412-BR-002;PVT-F412-DATA-001;PVT-F412-DATA-002;PVT-F412-VAL-001;PVT-F412-VAL-002;PVT-F412-CALC-001;PVT-F412-UX-001;PVT-F412-UX-002;PVT-F412-SEC-001;PVT-F412-SEC-002;PVT-F412-AUTO-001;PVT-F412-APP-001;PVT-F412-APP-002;PVT-F412-NOTIF-001;PVT-F412-REP-001;PVT-F412-AI-001;PVT-F412-AI-002;PVT-F412-INT-001;PVT-F412-INT-002;PVT-F412-API-001;PVT-F412-PERF-001;PVT-F412-PERF-002;PVT-F412-OBS-001;PVT-F412-OBS-002;PVT-F412-E2E-001;PVT-F412-E2E-002;PVT-F412-UAT-001;PVT-F412-UAT-002,AUTHORIZED_BY_PASS_F_SUBJECT_TO_WAVE_DEPENDENCIES,NOT_READY
F413,Leave accrual,HR & Payroll,docs/03-modules/hr-payroll/features/F413-leave-accrual.md,F413-CAP-001,F413-FLOW-001;F413-FLOW-002;F413-FLOW-003,F413-BR-001;F413-BR-002,F413-DATA-001;F413-DATA-002,F413-VAL-001;F413-VAL-002,F413-CALC-001,F413-UX-001;F413-UX-002,F413-SEC-001;F413-SEC-002,F413-INT-001;F413-INT-002,F413-API-001,F413-E2E-001;F413-E2E-002,F413-UAT-001;F413-UAT-002,APPROVED,8,APPROVED,F413-PFC-01;F413-PFC-02;F413-PFC-03;F413-PFC-04;F413-PFC-05;F413-PFC-06;F413-PFC-07;F413-PFC-08;F413-PFC-09;F413-PFC-10,F413-STM-01;F413-STM-02;F413-STM-03;F413-STM-04;F413-STM-05,APPROVED,PFD-BM-F413-1;PFD-BM-F413-2,APPROVED,services/api/src/modules/hr-payroll,apps/web/src/modules/hr-payroll,FULL,W11,F413-E2E-001;F413-UAT-001;PVT-F413-CAP-001;PVT-F413-FR-001;PVT-F413-FR-002;PVT-F413-FR-003;PVT-F413-US-001;PVT-F413-FLOW-001;PVT-F413-FLOW-002;PVT-F413-FLOW-003;PVT-F413-BR-001;PVT-F413-BR-002;PVT-F413-DATA-001;PVT-F413-DATA-002;PVT-F413-VAL-001;PVT-F413-VAL-002;PVT-F413-CALC-001;PVT-F413-UX-001;PVT-F413-UX-002;PVT-F413-SEC-001;PVT-F413-SEC-002;PVT-F413-AUTO-001;PVT-F413-APP-001;PVT-F413-APP-002;PVT-F413-NOTIF-001;PVT-F413-REP-001;PVT-F413-AI-001;PVT-F413-AI-002;PVT-F413-INT-001;PVT-F413-INT-002;PVT-F413-API-001;PVT-F413-PERF-001;PVT-F413-PERF-002;PVT-F413-OBS-001;PVT-F413-OBS-002;PVT-F413-E2E-001;PVT-F413-E2E-002;PVT-F413-UAT-001;PVT-F413-UAT-002,AUTHORIZED_BY_PASS_F_SUBJECT_TO_WAVE_DEPENDENCIES,NOT_READY
F414,Carry-forward,HR & Payroll,docs/03-modules/hr-payroll/features/F414-carry-forward.md,F414-CAP-001,F414-FLOW-001;F414-FLOW-002;F414-FLOW-003,F414-BR-001;F414-BR-002,F414-DATA-001;F414-DATA-002,F414-VAL-001;F414-VAL-002,F414-CALC-001,F414-UX-001;F414-UX-002,F414-SEC-001;F414-SEC-002,F414-INT-001;F414-INT-002,F414-API-001,F414-E2E-001;F414-E2E-002,F414-UAT-001;F414-UAT-002,APPROVED,8,APPROVED,F414-PFC-01;F414-PFC-02;F414-PFC-03;F414-PFC-04;F414-PFC-05;F414-PFC-06;F414-PFC-07;F414-PFC-08;F414-PFC-09;F414-PFC-10,F414-STM-01;F414-STM-02;F414-STM-03;F414-STM-04;F414-STM-05,APPROVED,PFD-BM-F414-1;PFD-BM-F414-2,APPROVED,services/api/src/modules/hr-payroll,apps/web/src/modules/hr-payroll,FULL,W11,F414-E2E-001;F414-UAT-001;PVT-F414-CAP-001;PVT-F414-FR-001;PVT-F414-FR-002;PVT-F414-FR-003;PVT-F414-US-001;PVT-F414-FLOW-001;PVT-F414-FLOW-002;PVT-F414-FLOW-003;PVT-F414-BR-001;PVT-F414-BR-002;PVT-F414-DATA-001;PVT-F414-DATA-002;PVT-F414-VAL-001;PVT-F414-VAL-002;PVT-F414-CALC-001;PVT-F414-UX-001;PVT-F414-UX-002;PVT-F414-SEC-001;PVT-F414-SEC-002;PVT-F414-AUTO-001;PVT-F414-APP-001;PVT-F414-APP-002;PVT-F414-NOTIF-001;PVT-F414-REP-001;PVT-F414-AI-001;PVT-F414-AI-002;PVT-F414-INT-001;PVT-F414-INT-002;PVT-F414-API-001;PVT-F414-PERF-001;PVT-F414-PERF-002;PVT-F414-OBS-001;PVT-F414-OBS-002;PVT-F414-E2E-001;PVT-F414-E2E-002;PVT-F414-UAT-001;PVT-F414-UAT-002,AUTHORIZED_BY_PASS_F_SUBJECT_TO_WAVE_DEPENDENCIES,NOT_READY
F415,Holiday calendars,HR & Payroll,docs/03-modules/hr-payroll/features/F415-holiday-calendars.md,F415-CAP-001,F415-FLOW-001;F415-FLOW-002;F415-FLOW-003,F415-BR-001;F415-BR-002,F415-DATA-001;F415-DATA-002,F415-VAL-001;F415-VAL-002,F415-CALC-001,F415-UX-001;F415-UX-002,F415-SEC-001;F415-SEC-002,F415-INT-001;F415-INT-002,F415-API-001,F415-E2E-001;F415-E2E-002,F415-UAT-001;F415-UAT-002,APPROVED,8,APPROVED,F415-PFC-01;F415-PFC-02;F415-PFC-03;F415-PFC-04;F415-PFC-05;F415-PFC-06;F415-PFC-07;F415-PFC-08;F415-PFC-09;F415-PFC-10,F415-STM-01;F415-STM-02;F415-STM-03;F415-STM-04;F415-STM-05,APPROVED,PFD-BM-F415-1;PFD-BM-F415-2,APPROVED,services/api/src/modules/hr-payroll,apps/web/src/modules/hr-payroll,FULL,W11,F415-E2E-001;F415-UAT-001;PVT-F415-CAP-001;PVT-F415-FR-001;PVT-F415-FR-002;PVT-F415-FR-003;PVT-F415-US-001;PVT-F415-FLOW-001;PVT-F415-FLOW-002;PVT-F415-FLOW-003;PVT-F415-BR-001;PVT-F415-BR-002;PVT-F415-DATA-001;PVT-F415-DATA-002;PVT-F415-VAL-001;PVT-F415-VAL-002;PVT-F415-CALC-001;PVT-F415-UX-001;PVT-F415-UX-002;PVT-F415-SEC-001;PVT-F415-SEC-002;PVT-F415-AUTO-001;PVT-F415-APP-001;PVT-F415-APP-002;PVT-F415-NOTIF-001;PVT-F415-REP-001;PVT-F415-AI-001;PVT-F415-AI-002;PVT-F415-INT-001;PVT-F415-INT-002;PVT-F415-API-001;PVT-F415-PERF-001;PVT-F415-PERF-002;PVT-F415-OBS-001;PVT-F415-OBS-002;PVT-F415-E2E-001;PVT-F415-E2E-002;PVT-F415-UAT-001;PVT-F415-UAT-002,AUTHORIZED_BY_PASS_F_SUBJECT_TO_WAVE_DEPENDENCIES,NOT_READY
F416,Leave requests,HR & Payroll,docs/03-modules/hr-payroll/features/F416-leave-requests.md,F416-CAP-001,F416-FLOW-001;F416-FLOW-002;F416-FLOW-003,F416-BR-001;F416-BR-002,F416-DATA-001;F416-DATA-002,F416-VAL-001;F416-VAL-002,F416-CALC-001,F416-UX-001;F416-UX-002,F416-SEC-001;F416-SEC-002,F416-INT-001;F416-INT-002,F416-API-001,F416-E2E-001;F416-E2E-002,F416-UAT-001;F416-UAT-002,APPROVED,8,APPROVED,F416-PFC-01;F416-PFC-02;F416-PFC-03;F416-PFC-04;F416-PFC-05;F416-PFC-06;F416-PFC-07;F416-PFC-08;F416-PFC-09;F416-PFC-10,F416-STM-01;F416-STM-02;F416-STM-03;F416-STM-04;F416-STM-05,APPROVED,PFD-BM-F416-1;PFD-BM-F416-2,APPROVED,services/api/src/modules/hr-payroll,apps/web/src/modules/hr-payroll,FULL,W11,F416-E2E-001;F416-UAT-001;PVT-F416-CAP-001;PVT-F416-FR-001;PVT-F416-FR-002;PVT-F416-FR-003;PVT-F416-US-001;PVT-F416-FLOW-001;PVT-F416-FLOW-002;PVT-F416-FLOW-003;PVT-F416-BR-001;PVT-F416-BR-002;PVT-F416-DATA-001;PVT-F416-DATA-002;PVT-F416-VAL-001;PVT-F416-VAL-002;PVT-F416-CALC-001;PVT-F416-UX-001;PVT-F416-UX-002;PVT-F416-SEC-001;PVT-F416-SEC-002;PVT-F416-AUTO-001;PVT-F416-APP-001;PVT-F416-APP-002;PVT-F416-NOTIF-001;PVT-F416-REP-001;PVT-F416-AI-001;PVT-F416-AI-002;PVT-F416-INT-001;PVT-F416-INT-002;PVT-F416-API-001;PVT-F416-PERF-001;PVT-F416-PERF-002;PVT-F416-OBS-001;PVT-F416-OBS-002;PVT-F416-E2E-001;PVT-F416-E2E-002;PVT-F416-UAT-001;PVT-F416-UAT-002,AUTHORIZED_BY_PASS_F_SUBJECT_TO_WAVE_DEPENDENCIES,NOT_READY
F417,Leave approval,HR & Payroll,docs/03-modules/hr-payroll/features/F417-leave-approval.md,F417-CAP-001,F417-FLOW-001;F417-FLOW-002;F417-FLOW-003,F417-BR-001;F417-BR-002,F417-DATA-001;F417-DATA-002,F417-VAL-001;F417-VAL-002,F417-CALC-001,F417-UX-001;F417-UX-002,F417-SEC-001;F417-SEC-002,F417-INT-001;F417-INT-002,F417-API-001,F417-E2E-001;F417-E2E-002,F417-UAT-001;F417-UAT-002,APPROVED,8,APPROVED,F417-PFC-01;F417-PFC-02;F417-PFC-03;F417-PFC-04;F417-PFC-05;F417-PFC-06;F417-PFC-07;F417-PFC-08;F417-PFC-09;F417-PFC-10,F417-STM-01;F417-STM-02;F417-STM-03;F417-STM-04;F417-STM-05,APPROVED,PFD-BM-F417-1;PFD-BM-F417-2,APPROVED,services/api/src/modules/hr-payroll,apps/web/src/modules/hr-payroll,APPROVAL_ONLY,W11,F417-E2E-001;F417-UAT-001;PVT-F417-CAP-001;PVT-F417-FR-001;PVT-F417-FR-002;PVT-F417-FR-003;PVT-F417-US-001;PVT-F417-FLOW-001;PVT-F417-FLOW-002;PVT-F417-FLOW-003;PVT-F417-BR-001;PVT-F417-BR-002;PVT-F417-DATA-001;PVT-F417-DATA-002;PVT-F417-VAL-001;PVT-F417-VAL-002;PVT-F417-CALC-001;PVT-F417-UX-001;PVT-F417-UX-002;PVT-F417-SEC-001;PVT-F417-SEC-002;PVT-F417-AUTO-001;PVT-F417-APP-001;PVT-F417-APP-002;PVT-F417-NOTIF-001;PVT-F417-REP-001;PVT-F417-AI-001;PVT-F417-AI-002;PVT-F417-INT-001;PVT-F417-INT-002;PVT-F417-API-001;PVT-F417-PERF-001;PVT-F417-PERF-002;PVT-F417-OBS-001;PVT-F417-OBS-002;PVT-F417-E2E-001;PVT-F417-E2E-002;PVT-F417-UAT-001;PVT-F417-UAT-002,AUTHORIZED_BY_PASS_F_SUBJECT_TO_WAVE_DEPENDENCIES,NOT_READY
F418,Salary components,HR & Payroll,docs/03-modules/hr-payroll/features/F418-salary-components.md,F418-CAP-001,F418-FLOW-001;F418-FLOW-002;F418-FLOW-003,F418-BR-001;F418-BR-002,F418-DATA-001;F418-DATA-002,F418-VAL-001;F418-VAL-002,F418-CALC-001,F418-UX-001;F418-UX-002,F418-SEC-001;F418-SEC-002,F418-INT-001;F418-INT-002,F418-API-001,F418-E2E-001;F418-E2E-002,F418-UAT-001;F418-UAT-002,APPROVED,8,APPROVED,F418-PFC-01;F418-PFC-02;F418-PFC-03;F418-PFC-04;F418-PFC-05;F418-PFC-06;F418-PFC-07;F418-PFC-08;F418-PFC-09;F418-PFC-10,F418-STM-01;F418-STM-02;F418-STM-03;F418-STM-04;F418-STM-05,APPROVED,PFD-BM-F418-1;PFD-BM-F418-2,APPROVED,services/api/src/modules/hr-payroll,apps/web/src/modules/hr-payroll,FULL,W11,F418-E2E-001;F418-UAT-001;PVT-F418-CAP-001;PVT-F418-FR-001;PVT-F418-FR-002;PVT-F418-FR-003;PVT-F418-US-001;PVT-F418-FLOW-001;PVT-F418-FLOW-002;PVT-F418-FLOW-003;PVT-F418-BR-001;PVT-F418-BR-002;PVT-F418-DATA-001;PVT-F418-DATA-002;PVT-F418-VAL-001;PVT-F418-VAL-002;PVT-F418-CALC-001;PVT-F418-UX-001;PVT-F418-UX-002;PVT-F418-SEC-001;PVT-F418-SEC-002;PVT-F418-AUTO-001;PVT-F418-APP-001;PVT-F418-APP-002;PVT-F418-NOTIF-001;PVT-F418-REP-001;PVT-F418-AI-001;PVT-F418-AI-002;PVT-F418-INT-001;PVT-F418-INT-002;PVT-F418-API-001;PVT-F418-PERF-001;PVT-F418-PERF-002;PVT-F418-OBS-001;PVT-F418-OBS-002;PVT-F418-E2E-001;PVT-F418-E2E-002;PVT-F418-UAT-001;PVT-F418-UAT-002,AUTHORIZED_BY_PASS_F_SUBJECT_TO_WAVE_DEPENDENCIES,NOT_READY
F419,Earnings,HR & Payroll,docs/03-modules/hr-payroll/features/F419-earnings.md,F419-CAP-001,F419-FLOW-001;F419-FLOW-002;F419-FLOW-003,F419-BR-001;F419-BR-002,F419-DATA-001;F419-DATA-002,F419-VAL-001;F419-VAL-002,F419-CALC-001,F419-UX-001;F419-UX-002,F419-SEC-001;F419-SEC-002,F419-INT-001;F419-INT-002,F419-API-001,F419-E2E-001;F419-E2E-002,F419-UAT-001;F419-UAT-002,APPROVED,8,APPROVED,F419-PFC-01;F419-PFC-02;F419-PFC-03;F419-PFC-04;F419-PFC-05;F419-PFC-06;F419-PFC-07;F419-PFC-08;F419-PFC-09;F419-PFC-10,F419-STM-01;F419-STM-02;F419-STM-03;F419-STM-04;F419-STM-05,APPROVED,PFD-BM-F419-1;PFD-BM-F419-2,APPROVED,services/api/src/modules/hr-payroll,apps/web/src/modules/hr-payroll,FULL,W11,F419-E2E-001;F419-UAT-001;PVT-F419-CAP-001;PVT-F419-FR-001;PVT-F419-FR-002;PVT-F419-FR-003;PVT-F419-US-001;PVT-F419-FLOW-001;PVT-F419-FLOW-002;PVT-F419-FLOW-003;PVT-F419-BR-001;PVT-F419-BR-002;PVT-F419-DATA-001;PVT-F419-DATA-002;PVT-F419-VAL-001;PVT-F419-VAL-002;PVT-F419-CALC-001;PVT-F419-UX-001;PVT-F419-UX-002;PVT-F419-SEC-001;PVT-F419-SEC-002;PVT-F419-AUTO-001;PVT-F419-APP-001;PVT-F419-APP-002;PVT-F419-NOTIF-001;PVT-F419-REP-001;PVT-F419-AI-001;PVT-F419-AI-002;PVT-F419-INT-001;PVT-F419-INT-002;PVT-F419-API-001;PVT-F419-PERF-001;PVT-F419-PERF-002;PVT-F419-OBS-001;PVT-F419-OBS-002;PVT-F419-E2E-001;PVT-F419-E2E-002;PVT-F419-UAT-001;PVT-F419-UAT-002,AUTHORIZED_BY_PASS_F_SUBJECT_TO_WAVE_DEPENDENCIES,NOT_READY
F420,Deductions,HR & Payroll,docs/03-modules/hr-payroll/features/F420-deductions.md,F420-CAP-001,F420-FLOW-001;F420-FLOW-002;F420-FLOW-003,F420-BR-001;F420-BR-002,F420-DATA-001;F420-DATA-002,F420-VAL-001;F420-VAL-002,F420-CALC-001,F420-UX-001;F420-UX-002,F420-SEC-001;F420-SEC-002,F420-INT-001;F420-INT-002,F420-API-001,F420-E2E-001;F420-E2E-002,F420-UAT-001;F420-UAT-002,APPROVED,8,APPROVED,F420-PFC-01;F420-PFC-02;F420-PFC-03;F420-PFC-04;F420-PFC-05;F420-PFC-06;F420-PFC-07;F420-PFC-08;F420-PFC-09;F420-PFC-10,F420-STM-01;F420-STM-02;F420-STM-03;F420-STM-04;F420-STM-05,APPROVED,PFD-BM-F420-1;PFD-BM-F420-2,APPROVED,services/api/src/modules/hr-payroll,apps/web/src/modules/hr-payroll,FULL,W11,F420-E2E-001;F420-UAT-001;PVT-F420-CAP-001;PVT-F420-FR-001;PVT-F420-FR-002;PVT-F420-FR-003;PVT-F420-US-001;PVT-F420-FLOW-001;PVT-F420-FLOW-002;PVT-F420-FLOW-003;PVT-F420-BR-001;PVT-F420-BR-002;PVT-F420-DATA-001;PVT-F420-DATA-002;PVT-F420-VAL-001;PVT-F420-VAL-002;PVT-F420-CALC-001;PVT-F420-UX-001;PVT-F420-UX-002;PVT-F420-SEC-001;PVT-F420-SEC-002;PVT-F420-AUTO-001;PVT-F420-APP-001;PVT-F420-APP-002;PVT-F420-NOTIF-001;PVT-F420-REP-001;PVT-F420-AI-001;PVT-F420-AI-002;PVT-F420-INT-001;PVT-F420-INT-002;PVT-F420-API-001;PVT-F420-PERF-001;PVT-F420-PERF-002;PVT-F420-OBS-001;PVT-F420-OBS-002;PVT-F420-E2E-001;PVT-F420-E2E-002;PVT-F420-UAT-001;PVT-F420-UAT-002,AUTHORIZED_BY_PASS_F_SUBJECT_TO_WAVE_DEPENDENCIES,NOT_READY
F421,Salary structures,HR & Payroll,docs/03-modules/hr-payroll/features/F421-salary-structures.md,F421-CAP-001,F421-FLOW-001;F421-FLOW-002;F421-FLOW-003,F421-BR-001;F421-BR-002,F421-DATA-001;F421-DATA-002,F421-VAL-001;F421-VAL-002,F421-CALC-001,F421-UX-001;F421-UX-002,F421-SEC-001;F421-SEC-002,F421-INT-001;F421-INT-002,F421-API-001,F421-E2E-001;F421-E2E-002,F421-UAT-001;F421-UAT-002,APPROVED,8,APPROVED,F421-PFC-01;F421-PFC-02;F421-PFC-03;F421-PFC-04;F421-PFC-05;F421-PFC-06;F421-PFC-07;F421-PFC-08;F421-PFC-09;F421-PFC-10,F421-STM-01;F421-STM-02;F421-STM-03;F421-STM-04;F421-STM-05,APPROVED,PFD-BM-F421-1;PFD-BM-F421-2,APPROVED,services/api/src/modules/hr-payroll,apps/web/src/modules/hr-payroll,READ_ONLY,W11,F421-E2E-001;F421-UAT-001;PVT-F421-CAP-001;PVT-F421-FR-001;PVT-F421-FR-002;PVT-F421-FR-003;PVT-F421-US-001;PVT-F421-FLOW-001;PVT-F421-FLOW-002;PVT-F421-FLOW-003;PVT-F421-BR-001;PVT-F421-BR-002;PVT-F421-DATA-001;PVT-F421-DATA-002;PVT-F421-VAL-001;PVT-F421-VAL-002;PVT-F421-CALC-001;PVT-F421-UX-001;PVT-F421-UX-002;PVT-F421-SEC-001;PVT-F421-SEC-002;PVT-F421-AUTO-001;PVT-F421-APP-001;PVT-F421-APP-002;PVT-F421-NOTIF-001;PVT-F421-REP-001;PVT-F421-AI-001;PVT-F421-AI-002;PVT-F421-INT-001;PVT-F421-INT-002;PVT-F421-API-001;PVT-F421-PERF-001;PVT-F421-PERF-002;PVT-F421-OBS-001;PVT-F421-OBS-002;PVT-F421-E2E-001;PVT-F421-E2E-002;PVT-F421-UAT-001;PVT-F421-UAT-002,AUTHORIZED_BY_PASS_F_SUBJECT_TO_WAVE_DEPENDENCIES,NOT_READY
F422,Employee compensation assignment,HR & Payroll,docs/03-modules/hr-payroll/features/F422-employee-compensation-assignment.md,F422-CAP-001,F422-FLOW-001;F422-FLOW-002;F422-FLOW-003,F422-BR-001;F422-BR-002,F422-DATA-001;F422-DATA-002,F422-VAL-001;F422-VAL-002,F422-CALC-001,F422-UX-001;F422-UX-002,F422-SEC-001;F422-SEC-002,F422-INT-001;F422-INT-002,F422-API-001,F422-E2E-001;F422-E2E-002,F422-UAT-001;F422-UAT-002,APPROVED,8,APPROVED,F422-PFC-01;F422-PFC-02;F422-PFC-03;F422-PFC-04;F422-PFC-05;F422-PFC-06;F422-PFC-07;F422-PFC-08;F422-PFC-09;F422-PFC-10,F422-STM-01;F422-STM-02;F422-STM-03;F422-STM-04;F422-STM-05,APPROVED,PFD-BM-F422-1;PFD-BM-F422-2,APPROVED,services/api/src/modules/hr-payroll,apps/web/src/modules/hr-payroll,FULL,W11,F422-E2E-001;F422-UAT-001;PVT-F422-CAP-001;PVT-F422-FR-001;PVT-F422-FR-002;PVT-F422-FR-003;PVT-F422-US-001;PVT-F422-FLOW-001;PVT-F422-FLOW-002;PVT-F422-FLOW-003;PVT-F422-BR-001;PVT-F422-BR-002;PVT-F422-DATA-001;PVT-F422-DATA-002;PVT-F422-VAL-001;PVT-F422-VAL-002;PVT-F422-CALC-001;PVT-F422-UX-001;PVT-F422-UX-002;PVT-F422-SEC-001;PVT-F422-SEC-002;PVT-F422-AUTO-001;PVT-F422-APP-001;PVT-F422-APP-002;PVT-F422-NOTIF-001;PVT-F422-REP-001;PVT-F422-AI-001;PVT-F422-AI-002;PVT-F422-INT-001;PVT-F422-INT-002;PVT-F422-API-001;PVT-F422-PERF-001;PVT-F422-PERF-002;PVT-F422-OBS-001;PVT-F422-OBS-002;PVT-F422-E2E-001;PVT-F422-E2E-002;PVT-F422-UAT-001;PVT-F422-UAT-002,AUTHORIZED_BY_PASS_F_SUBJECT_TO_WAVE_DEPENDENCIES,NOT_READY
F423,Payroll periods,HR & Payroll,docs/03-modules/hr-payroll/features/F423-payroll-periods.md,F423-CAP-001,F423-FLOW-001;F423-FLOW-002;F423-FLOW-003,F423-BR-001;F423-BR-002,F423-DATA-001;F423-DATA-002,F423-VAL-001;F423-VAL-002,F423-CALC-001,F423-UX-001;F423-UX-002,F423-SEC-001;F423-SEC-002,F423-INT-001;F423-INT-002,F423-API-001,F423-E2E-001;F423-E2E-002,F423-UAT-001;F423-UAT-002,APPROVED,8,APPROVED,F423-PFC-01;F423-PFC-02;F423-PFC-03;F423-PFC-04;F423-PFC-05;F423-PFC-06;F423-PFC-07;F423-PFC-08;F423-PFC-09;F423-PFC-10,F423-STM-01;F423-STM-02;F423-STM-03;F423-STM-04;F423-STM-05,APPROVED,PFD-BM-F423-1;PFD-BM-F423-2,APPROVED,services/api/src/modules/hr-payroll,apps/web/src/modules/hr-payroll,FULL,W11,F423-E2E-001;F423-UAT-001;PVT-F423-CAP-001;PVT-F423-FR-001;PVT-F423-FR-002;PVT-F423-FR-003;PVT-F423-US-001;PVT-F423-FLOW-001;PVT-F423-FLOW-002;PVT-F423-FLOW-003;PVT-F423-BR-001;PVT-F423-BR-002;PVT-F423-DATA-001;PVT-F423-DATA-002;PVT-F423-VAL-001;PVT-F423-VAL-002;PVT-F423-CALC-001;PVT-F423-UX-001;PVT-F423-UX-002;PVT-F423-SEC-001;PVT-F423-SEC-002;PVT-F423-AUTO-001;PVT-F423-APP-001;PVT-F423-APP-002;PVT-F423-NOTIF-001;PVT-F423-REP-001;PVT-F423-AI-001;PVT-F423-AI-002;PVT-F423-INT-001;PVT-F423-INT-002;PVT-F423-API-001;PVT-F423-PERF-001;PVT-F423-PERF-002;PVT-F423-OBS-001;PVT-F423-OBS-002;PVT-F423-E2E-001;PVT-F423-E2E-002;PVT-F423-UAT-001;PVT-F423-UAT-002,AUTHORIZED_BY_PASS_F_SUBJECT_TO_WAVE_DEPENDENCIES,NOT_READY
F424,Payroll calculation,HR & Payroll,docs/03-modules/hr-payroll/features/F424-payroll-calculation.md,F424-CAP-001,F424-FLOW-001;F424-FLOW-002;F424-FLOW-003,F424-BR-001;F424-BR-002,F424-DATA-001;F424-DATA-002,F424-VAL-001;F424-VAL-002,F424-CALC-001,F424-UX-001;F424-UX-002,F424-SEC-001;F424-SEC-002,F424-INT-001;F424-INT-002,F424-API-001,F424-E2E-001;F424-E2E-002,F424-UAT-001;F424-UAT-002,APPROVED,8,APPROVED,F424-PFC-01;F424-PFC-02;F424-PFC-03;F424-PFC-04;F424-PFC-05;F424-PFC-06;F424-PFC-07;F424-PFC-08;F424-PFC-09;F424-PFC-10,F424-STM-01;F424-STM-02;F424-STM-03;F424-STM-04;F424-STM-05,APPROVED,PFD-BM-F424-1;PFD-BM-F424-2,APPROVED,services/api/src/modules/hr-payroll,apps/web/src/modules/hr-payroll,FULL,W11,F424-E2E-001;F424-UAT-001;PVT-F424-CAP-001;PVT-F424-FR-001;PVT-F424-FR-002;PVT-F424-FR-003;PVT-F424-US-001;PVT-F424-FLOW-001;PVT-F424-FLOW-002;PVT-F424-FLOW-003;PVT-F424-BR-001;PVT-F424-BR-002;PVT-F424-DATA-001;PVT-F424-DATA-002;PVT-F424-VAL-001;PVT-F424-VAL-002;PVT-F424-CALC-001;PVT-F424-UX-001;PVT-F424-UX-002;PVT-F424-SEC-001;PVT-F424-SEC-002;PVT-F424-AUTO-001;PVT-F424-APP-001;PVT-F424-APP-002;PVT-F424-NOTIF-001;PVT-F424-REP-001;PVT-F424-AI-001;PVT-F424-AI-002;PVT-F424-INT-001;PVT-F424-INT-002;PVT-F424-API-001;PVT-F424-PERF-001;PVT-F424-PERF-002;PVT-F424-OBS-001;PVT-F424-OBS-002;PVT-F424-E2E-001;PVT-F424-E2E-002;PVT-F424-UAT-001;PVT-F424-UAT-002,AUTHORIZED_BY_PASS_F_SUBJECT_TO_WAVE_DEPENDENCIES,NOT_READY
F425,Attendance-based payroll,HR & Payroll,docs/03-modules/hr-payroll/features/F425-attendance-based-payroll.md,F425-CAP-001,F425-FLOW-001;F425-FLOW-002;F425-FLOW-003,F425-BR-001;F425-BR-002,F425-DATA-001;F425-DATA-002,F425-VAL-001;F425-VAL-002,F425-CALC-001,F425-UX-001;F425-UX-002,F425-SEC-001;F425-SEC-002,F425-INT-001;F425-INT-002,F425-API-001,F425-E2E-001;F425-E2E-002,F425-UAT-001;F425-UAT-002,APPROVED,8,APPROVED,F425-PFC-01;F425-PFC-02;F425-PFC-03;F425-PFC-04;F425-PFC-05;F425-PFC-06;F425-PFC-07;F425-PFC-08;F425-PFC-09;F425-PFC-10,F425-STM-01;F425-STM-02;F425-STM-03;F425-STM-04;F425-STM-05,APPROVED,PFD-BM-F425-1;PFD-BM-F425-2,APPROVED,services/api/src/modules/hr-payroll,apps/web/src/modules/hr-payroll,FIELD_OPTIMIZED,W11,F425-E2E-001;F425-UAT-001;PVT-F425-CAP-001;PVT-F425-FR-001;PVT-F425-FR-002;PVT-F425-FR-003;PVT-F425-US-001;PVT-F425-FLOW-001;PVT-F425-FLOW-002;PVT-F425-FLOW-003;PVT-F425-BR-001;PVT-F425-BR-002;PVT-F425-DATA-001;PVT-F425-DATA-002;PVT-F425-VAL-001;PVT-F425-VAL-002;PVT-F425-CALC-001;PVT-F425-UX-001;PVT-F425-UX-002;PVT-F425-SEC-001;PVT-F425-SEC-002;PVT-F425-AUTO-001;PVT-F425-APP-001;PVT-F425-APP-002;PVT-F425-NOTIF-001;PVT-F425-REP-001;PVT-F425-AI-001;PVT-F425-AI-002;PVT-F425-INT-001;PVT-F425-INT-002;PVT-F425-API-001;PVT-F425-PERF-001;PVT-F425-PERF-002;PVT-F425-OBS-001;PVT-F425-OBS-002;PVT-F425-E2E-001;PVT-F425-E2E-002;PVT-F425-UAT-001;PVT-F425-UAT-002,AUTHORIZED_BY_PASS_F_SUBJECT_TO_WAVE_DEPENDENCIES,NOT_READY
F426,Joining / separation proration,HR & Payroll,docs/03-modules/hr-payroll/features/F426-joining-separation-proration.md,F426-CAP-001,F426-FLOW-001;F426-FLOW-002;F426-FLOW-003,F426-BR-001;F426-BR-002,F426-DATA-001;F426-DATA-002,F426-VAL-001;F426-VAL-002,F426-CALC-001,F426-UX-001;F426-UX-002,F426-SEC-001;F426-SEC-002,F426-INT-001;F426-INT-002,F426-API-001,F426-E2E-001;F426-E2E-002,F426-UAT-001;F426-UAT-002,APPROVED,8,APPROVED,F426-PFC-01;F426-PFC-02;F426-PFC-03;F426-PFC-04;F426-PFC-05;F426-PFC-06;F426-PFC-07;F426-PFC-08;F426-PFC-09;F426-PFC-10,F426-STM-01;F426-STM-02;F426-STM-03;F426-STM-04;F426-STM-05,APPROVED,PFD-BM-F426-1;PFD-BM-F426-2,APPROVED,services/api/src/modules/hr-payroll,apps/web/src/modules/hr-payroll,FULL,W11,F426-E2E-001;F426-UAT-001;PVT-F426-CAP-001;PVT-F426-FR-001;PVT-F426-FR-002;PVT-F426-FR-003;PVT-F426-US-001;PVT-F426-FLOW-001;PVT-F426-FLOW-002;PVT-F426-FLOW-003;PVT-F426-BR-001;PVT-F426-BR-002;PVT-F426-DATA-001;PVT-F426-DATA-002;PVT-F426-VAL-001;PVT-F426-VAL-002;PVT-F426-CALC-001;PVT-F426-UX-001;PVT-F426-UX-002;PVT-F426-SEC-001;PVT-F426-SEC-002;PVT-F426-AUTO-001;PVT-F426-APP-001;PVT-F426-APP-002;PVT-F426-NOTIF-001;PVT-F426-REP-001;PVT-F426-AI-001;PVT-F426-AI-002;PVT-F426-INT-001;PVT-F426-INT-002;PVT-F426-API-001;PVT-F426-PERF-001;PVT-F426-PERF-002;PVT-F426-OBS-001;PVT-F426-OBS-002;PVT-F426-E2E-001;PVT-F426-E2E-002;PVT-F426-UAT-001;PVT-F426-UAT-002,AUTHORIZED_BY_PASS_F_SUBJECT_TO_WAVE_DEPENDENCIES,NOT_READY
F427,Overtime calculation,HR & Payroll,docs/03-modules/hr-payroll/features/F427-overtime-calculation.md,F427-CAP-001,F427-FLOW-001;F427-FLOW-002;F427-FLOW-003,F427-BR-001;F427-BR-002,F427-DATA-001;F427-DATA-002,F427-VAL-001;F427-VAL-002,F427-CALC-001,F427-UX-001;F427-UX-002,F427-SEC-001;F427-SEC-002,F427-INT-001;F427-INT-002,F427-API-001,F427-E2E-001;F427-E2E-002,F427-UAT-001;F427-UAT-002,APPROVED,8,APPROVED,F427-PFC-01;F427-PFC-02;F427-PFC-03;F427-PFC-04;F427-PFC-05;F427-PFC-06;F427-PFC-07;F427-PFC-08;F427-PFC-09;F427-PFC-10,F427-STM-01;F427-STM-02;F427-STM-03;F427-STM-04;F427-STM-05,APPROVED,PFD-BM-F427-1;PFD-BM-F427-2,APPROVED,services/api/src/modules/hr-payroll,apps/web/src/modules/hr-payroll,FULL,W11,F427-E2E-001;F427-UAT-001;PVT-F427-CAP-001;PVT-F427-FR-001;PVT-F427-FR-002;PVT-F427-FR-003;PVT-F427-US-001;PVT-F427-FLOW-001;PVT-F427-FLOW-002;PVT-F427-FLOW-003;PVT-F427-BR-001;PVT-F427-BR-002;PVT-F427-DATA-001;PVT-F427-DATA-002;PVT-F427-VAL-001;PVT-F427-VAL-002;PVT-F427-CALC-001;PVT-F427-UX-001;PVT-F427-UX-002;PVT-F427-SEC-001;PVT-F427-SEC-002;PVT-F427-AUTO-001;PVT-F427-APP-001;PVT-F427-APP-002;PVT-F427-NOTIF-001;PVT-F427-REP-001;PVT-F427-AI-001;PVT-F427-AI-002;PVT-F427-INT-001;PVT-F427-INT-002;PVT-F427-API-001;PVT-F427-PERF-001;PVT-F427-PERF-002;PVT-F427-OBS-001;PVT-F427-OBS-002;PVT-F427-E2E-001;PVT-F427-E2E-002;PVT-F427-UAT-001;PVT-F427-UAT-002,AUTHORIZED_BY_PASS_F_SUBJECT_TO_WAVE_DEPENDENCIES,NOT_READY
F428,Bonus,HR & Payroll,docs/03-modules/hr-payroll/features/F428-bonus.md,F428-CAP-001,F428-FLOW-001;F428-FLOW-002;F428-FLOW-003,F428-BR-001;F428-BR-002,F428-DATA-001;F428-DATA-002,F428-VAL-001;F428-VAL-002,F428-CALC-001,F428-UX-001;F428-UX-002,F428-SEC-001;F428-SEC-002,F428-INT-001;F428-INT-002,F428-API-001,F428-E2E-001;F428-E2E-002,F428-UAT-001;F428-UAT-002,APPROVED,8,APPROVED,F428-PFC-01;F428-PFC-02;F428-PFC-03;F428-PFC-04;F428-PFC-05;F428-PFC-06;F428-PFC-07;F428-PFC-08;F428-PFC-09;F428-PFC-10,F428-STM-01;F428-STM-02;F428-STM-03;F428-STM-04;F428-STM-05,APPROVED,PFD-BM-F428-1;PFD-BM-F428-2,APPROVED,services/api/src/modules/hr-payroll,apps/web/src/modules/hr-payroll,FULL,W11,F428-E2E-001;F428-UAT-001;PVT-F428-CAP-001;PVT-F428-FR-001;PVT-F428-FR-002;PVT-F428-FR-003;PVT-F428-US-001;PVT-F428-FLOW-001;PVT-F428-FLOW-002;PVT-F428-FLOW-003;PVT-F428-BR-001;PVT-F428-BR-002;PVT-F428-DATA-001;PVT-F428-DATA-002;PVT-F428-VAL-001;PVT-F428-VAL-002;PVT-F428-CALC-001;PVT-F428-UX-001;PVT-F428-UX-002;PVT-F428-SEC-001;PVT-F428-SEC-002;PVT-F428-AUTO-001;PVT-F428-APP-001;PVT-F428-APP-002;PVT-F428-NOTIF-001;PVT-F428-REP-001;PVT-F428-AI-001;PVT-F428-AI-002;PVT-F428-INT-001;PVT-F428-INT-002;PVT-F428-API-001;PVT-F428-PERF-001;PVT-F428-PERF-002;PVT-F428-OBS-001;PVT-F428-OBS-002;PVT-F428-E2E-001;PVT-F428-E2E-002;PVT-F428-UAT-001;PVT-F428-UAT-002,AUTHORIZED_BY_PASS_F_SUBJECT_TO_WAVE_DEPENDENCIES,NOT_READY
F429,Incentives,HR & Payroll,docs/03-modules/hr-payroll/features/F429-incentives.md,F429-CAP-001,F429-FLOW-001;F429-FLOW-002;F429-FLOW-003,F429-BR-001;F429-BR-002,F429-DATA-001;F429-DATA-002,F429-VAL-001;F429-VAL-002,F429-CALC-001,F429-UX-001;F429-UX-002,F429-SEC-001;F429-SEC-002,F429-INT-001;F429-INT-002,F429-API-001,F429-E2E-001;F429-E2E-002,F429-UAT-001;F429-UAT-002,APPROVED,8,APPROVED,F429-PFC-01;F429-PFC-02;F429-PFC-03;F429-PFC-04;F429-PFC-05;F429-PFC-06;F429-PFC-07;F429-PFC-08;F429-PFC-09;F429-PFC-10,F429-STM-01;F429-STM-02;F429-STM-03;F429-STM-04;F429-STM-05,APPROVED,PFD-BM-F429-1;PFD-BM-F429-2,APPROVED,services/api/src/modules/hr-payroll,apps/web/src/modules/hr-payroll,FULL,W11,F429-E2E-001;F429-UAT-001;PVT-F429-CAP-001;PVT-F429-FR-001;PVT-F429-FR-002;PVT-F429-FR-003;PVT-F429-US-001;PVT-F429-FLOW-001;PVT-F429-FLOW-002;PVT-F429-FLOW-003;PVT-F429-BR-001;PVT-F429-BR-002;PVT-F429-DATA-001;PVT-F429-DATA-002;PVT-F429-VAL-001;PVT-F429-VAL-002;PVT-F429-CALC-001;PVT-F429-UX-001;PVT-F429-UX-002;PVT-F429-SEC-001;PVT-F429-SEC-002;PVT-F429-AUTO-001;PVT-F429-APP-001;PVT-F429-APP-002;PVT-F429-NOTIF-001;PVT-F429-REP-001;PVT-F429-AI-001;PVT-F429-AI-002;PVT-F429-INT-001;PVT-F429-INT-002;PVT-F429-API-001;PVT-F429-PERF-001;PVT-F429-PERF-002;PVT-F429-OBS-001;PVT-F429-OBS-002;PVT-F429-E2E-001;PVT-F429-E2E-002;PVT-F429-UAT-001;PVT-F429-UAT-002,AUTHORIZED_BY_PASS_F_SUBJECT_TO_WAVE_DEPENDENCIES,NOT_READY
F430,Reimbursements,HR & Payroll,docs/03-modules/hr-payroll/features/F430-reimbursements.md,F430-CAP-001,F430-FLOW-001;F430-FLOW-002;F430-FLOW-003,F430-BR-001;F430-BR-002,F430-DATA-001;F430-DATA-002,F430-VAL-001;F430-VAL-002,F430-CALC-001,F430-UX-001;F430-UX-002,F430-SEC-001;F430-SEC-002,F430-INT-001;F430-INT-002,F430-API-001,F430-E2E-001;F430-E2E-002,F430-UAT-001;F430-UAT-002,APPROVED,8,APPROVED,F430-PFC-01;F430-PFC-02;F430-PFC-03;F430-PFC-04;F430-PFC-05;F430-PFC-06;F430-PFC-07;F430-PFC-08;F430-PFC-09;F430-PFC-10,F430-STM-01;F430-STM-02;F430-STM-03;F430-STM-04;F430-STM-05,APPROVED,PFD-BM-F430-1;PFD-BM-F430-2,APPROVED,services/api/src/modules/hr-payroll,apps/web/src/modules/hr-payroll,FULL,W11,F430-E2E-001;F430-UAT-001;PVT-F430-CAP-001;PVT-F430-FR-001;PVT-F430-FR-002;PVT-F430-FR-003;PVT-F430-US-001;PVT-F430-FLOW-001;PVT-F430-FLOW-002;PVT-F430-FLOW-003;PVT-F430-BR-001;PVT-F430-BR-002;PVT-F430-DATA-001;PVT-F430-DATA-002;PVT-F430-VAL-001;PVT-F430-VAL-002;PVT-F430-CALC-001;PVT-F430-UX-001;PVT-F430-UX-002;PVT-F430-SEC-001;PVT-F430-SEC-002;PVT-F430-AUTO-001;PVT-F430-APP-001;PVT-F430-APP-002;PVT-F430-NOTIF-001;PVT-F430-REP-001;PVT-F430-AI-001;PVT-F430-AI-002;PVT-F430-INT-001;PVT-F430-INT-002;PVT-F430-API-001;PVT-F430-PERF-001;PVT-F430-PERF-002;PVT-F430-OBS-001;PVT-F430-OBS-002;PVT-F430-E2E-001;PVT-F430-E2E-002;PVT-F430-UAT-001;PVT-F430-UAT-002,AUTHORIZED_BY_PASS_F_SUBJECT_TO_WAVE_DEPENDENCIES,NOT_READY
F431,Loans and salary advances,HR & Payroll,docs/03-modules/hr-payroll/features/F431-loans-and-salary-advances.md,F431-CAP-001,F431-FLOW-001;F431-FLOW-002;F431-FLOW-003,F431-BR-001;F431-BR-002,F431-DATA-001;F431-DATA-002,F431-VAL-001;F431-VAL-002,F431-CALC-001,F431-UX-001;F431-UX-002,F431-SEC-001;F431-SEC-002,F431-INT-001;F431-INT-002,F431-API-001,F431-E2E-001;F431-E2E-002,F431-UAT-001;F431-UAT-002,APPROVED,8,APPROVED,F431-PFC-01;F431-PFC-02;F431-PFC-03;F431-PFC-04;F431-PFC-05;F431-PFC-06;F431-PFC-07;F431-PFC-08;F431-PFC-09;F431-PFC-10,F431-STM-01;F431-STM-02;F431-STM-03;F431-STM-04;F431-STM-05,APPROVED,PFD-BM-F431-1;PFD-BM-F431-2,APPROVED,services/api/src/modules/hr-payroll,apps/web/src/modules/hr-payroll,FULL,W11,F431-E2E-001;F431-UAT-001;PVT-F431-CAP-001;PVT-F431-FR-001;PVT-F431-FR-002;PVT-F431-FR-003;PVT-F431-US-001;PVT-F431-FLOW-001;PVT-F431-FLOW-002;PVT-F431-FLOW-003;PVT-F431-BR-001;PVT-F431-BR-002;PVT-F431-DATA-001;PVT-F431-DATA-002;PVT-F431-VAL-001;PVT-F431-VAL-002;PVT-F431-CALC-001;PVT-F431-UX-001;PVT-F431-UX-002;PVT-F431-SEC-001;PVT-F431-SEC-002;PVT-F431-AUTO-001;PVT-F431-APP-001;PVT-F431-APP-002;PVT-F431-NOTIF-001;PVT-F431-REP-001;PVT-F431-AI-001;PVT-F431-AI-002;PVT-F431-INT-001;PVT-F431-INT-002;PVT-F431-API-001;PVT-F431-PERF-001;PVT-F431-PERF-002;PVT-F431-OBS-001;PVT-F431-OBS-002;PVT-F431-E2E-001;PVT-F431-E2E-002;PVT-F431-UAT-001;PVT-F431-UAT-002,AUTHORIZED_BY_PASS_F_SUBJECT_TO_WAVE_DEPENDENCIES,NOT_READY
F432,Arrears,HR & Payroll,docs/03-modules/hr-payroll/features/F432-arrears.md,F432-CAP-001,F432-FLOW-001;F432-FLOW-002;F432-FLOW-003,F432-BR-001;F432-BR-002,F432-DATA-001;F432-DATA-002,F432-VAL-001;F432-VAL-002,F432-CALC-001,F432-UX-001;F432-UX-002,F432-SEC-001;F432-SEC-002,F432-INT-001;F432-INT-002,F432-API-001,F432-E2E-001;F432-E2E-002,F432-UAT-001;F432-UAT-002,APPROVED,8,APPROVED,F432-PFC-01;F432-PFC-02;F432-PFC-03;F432-PFC-04;F432-PFC-05;F432-PFC-06;F432-PFC-07;F432-PFC-08;F432-PFC-09;F432-PFC-10,F432-STM-01;F432-STM-02;F432-STM-03;F432-STM-04;F432-STM-05,APPROVED,PFD-BM-F432-1;PFD-BM-F432-2,APPROVED,services/api/src/modules/hr-payroll,apps/web/src/modules/hr-payroll,FULL,W11,F432-E2E-001;F432-UAT-001;PVT-F432-CAP-001;PVT-F432-FR-001;PVT-F432-FR-002;PVT-F432-FR-003;PVT-F432-US-001;PVT-F432-FLOW-001;PVT-F432-FLOW-002;PVT-F432-FLOW-003;PVT-F432-BR-001;PVT-F432-BR-002;PVT-F432-DATA-001;PVT-F432-DATA-002;PVT-F432-VAL-001;PVT-F432-VAL-002;PVT-F432-CALC-001;PVT-F432-UX-001;PVT-F432-UX-002;PVT-F432-SEC-001;PVT-F432-SEC-002;PVT-F432-AUTO-001;PVT-F432-APP-001;PVT-F432-APP-002;PVT-F432-NOTIF-001;PVT-F432-REP-001;PVT-F432-AI-001;PVT-F432-AI-002;PVT-F432-INT-001;PVT-F432-INT-002;PVT-F432-API-001;PVT-F432-PERF-001;PVT-F432-PERF-002;PVT-F432-OBS-001;PVT-F432-OBS-002;PVT-F432-E2E-001;PVT-F432-E2E-002;PVT-F432-UAT-001;PVT-F432-UAT-002,AUTHORIZED_BY_PASS_F_SUBJECT_TO_WAVE_DEPENDENCIES,NOT_READY
F433,Final settlement,HR & Payroll,docs/03-modules/hr-payroll/features/F433-final-settlement.md,F433-CAP-001,F433-FLOW-001;F433-FLOW-002;F433-FLOW-003,F433-BR-001;F433-BR-002,F433-DATA-001;F433-DATA-002,F433-VAL-001;F433-VAL-002,F433-CALC-001,F433-UX-001;F433-UX-002,F433-SEC-001;F433-SEC-002,F433-INT-001;F433-INT-002,F433-API-001,F433-E2E-001;F433-E2E-002,F433-UAT-001;F433-UAT-002,APPROVED,8,APPROVED,F433-PFC-01;F433-PFC-02;F433-PFC-03;F433-PFC-04;F433-PFC-05;F433-PFC-06;F433-PFC-07;F433-PFC-08;F433-PFC-09;F433-PFC-10,F433-STM-01;F433-STM-02;F433-STM-03;F433-STM-04;F433-STM-05,APPROVED,PFD-BM-F433-1;PFD-BM-F433-2,APPROVED,services/api/src/modules/hr-payroll,apps/web/src/modules/hr-payroll,FULL,W11,F433-E2E-001;F433-UAT-001;PVT-F433-CAP-001;PVT-F433-FR-001;PVT-F433-FR-002;PVT-F433-FR-003;PVT-F433-US-001;PVT-F433-FLOW-001;PVT-F433-FLOW-002;PVT-F433-FLOW-003;PVT-F433-BR-001;PVT-F433-BR-002;PVT-F433-DATA-001;PVT-F433-DATA-002;PVT-F433-VAL-001;PVT-F433-VAL-002;PVT-F433-CALC-001;PVT-F433-UX-001;PVT-F433-UX-002;PVT-F433-SEC-001;PVT-F433-SEC-002;PVT-F433-AUTO-001;PVT-F433-APP-001;PVT-F433-APP-002;PVT-F433-NOTIF-001;PVT-F433-REP-001;PVT-F433-AI-001;PVT-F433-AI-002;PVT-F433-INT-001;PVT-F433-INT-002;PVT-F433-API-001;PVT-F433-PERF-001;PVT-F433-PERF-002;PVT-F433-OBS-001;PVT-F433-OBS-002;PVT-F433-E2E-001;PVT-F433-E2E-002;PVT-F433-UAT-001;PVT-F433-UAT-002,AUTHORIZED_BY_PASS_F_SUBJECT_TO_WAVE_DEPENDENCIES,NOT_READY
F434,Payroll approval,HR & Payroll,docs/03-modules/hr-payroll/features/F434-payroll-approval.md,F434-CAP-001,F434-FLOW-001;F434-FLOW-002;F434-FLOW-003,F434-BR-001;F434-BR-002,F434-DATA-001;F434-DATA-002,F434-VAL-001;F434-VAL-002,F434-CALC-001,F434-UX-001;F434-UX-002,F434-SEC-001;F434-SEC-002,F434-INT-001;F434-INT-002,F434-API-001,F434-E2E-001;F434-E2E-002,F434-UAT-001;F434-UAT-002,APPROVED,8,APPROVED,F434-PFC-01;F434-PFC-02;F434-PFC-03;F434-PFC-04;F434-PFC-05;F434-PFC-06;F434-PFC-07;F434-PFC-08;F434-PFC-09;F434-PFC-10,F434-STM-01;F434-STM-02;F434-STM-03;F434-STM-04;F434-STM-05,APPROVED,PFD-BM-F434-1;PFD-BM-F434-2,APPROVED,services/api/src/modules/hr-payroll,apps/web/src/modules/hr-payroll,APPROVAL_ONLY,W11,F434-E2E-001;F434-UAT-001;PVT-F434-CAP-001;PVT-F434-FR-001;PVT-F434-FR-002;PVT-F434-FR-003;PVT-F434-US-001;PVT-F434-FLOW-001;PVT-F434-FLOW-002;PVT-F434-FLOW-003;PVT-F434-BR-001;PVT-F434-BR-002;PVT-F434-DATA-001;PVT-F434-DATA-002;PVT-F434-VAL-001;PVT-F434-VAL-002;PVT-F434-CALC-001;PVT-F434-UX-001;PVT-F434-UX-002;PVT-F434-SEC-001;PVT-F434-SEC-002;PVT-F434-AUTO-001;PVT-F434-APP-001;PVT-F434-APP-002;PVT-F434-NOTIF-001;PVT-F434-REP-001;PVT-F434-AI-001;PVT-F434-AI-002;PVT-F434-INT-001;PVT-F434-INT-002;PVT-F434-API-001;PVT-F434-PERF-001;PVT-F434-PERF-002;PVT-F434-OBS-001;PVT-F434-OBS-002;PVT-F434-E2E-001;PVT-F434-E2E-002;PVT-F434-UAT-001;PVT-F434-UAT-002,AUTHORIZED_BY_PASS_F_SUBJECT_TO_WAVE_DEPENDENCIES,NOT_READY
F435,Payslips,HR & Payroll,docs/03-modules/hr-payroll/features/F435-payslips.md,F435-CAP-001,F435-FLOW-001;F435-FLOW-002;F435-FLOW-003,F435-BR-001;F435-BR-002,F435-DATA-001;F435-DATA-002,F435-VAL-001;F435-VAL-002,F435-CALC-001,F435-UX-001;F435-UX-002,F435-SEC-001;F435-SEC-002,F435-INT-001;F435-INT-002,F435-API-001,F435-E2E-001;F435-E2E-002,F435-UAT-001;F435-UAT-002,APPROVED,8,APPROVED,F435-PFC-01;F435-PFC-02;F435-PFC-03;F435-PFC-04;F435-PFC-05;F435-PFC-06;F435-PFC-07;F435-PFC-08;F435-PFC-09;F435-PFC-10,F435-STM-01;F435-STM-02;F435-STM-03;F435-STM-04;F435-STM-05,APPROVED,PFD-BM-F435-1;PFD-BM-F435-2,APPROVED,services/api/src/modules/hr-payroll,apps/web/src/modules/hr-payroll,FULL,W11,F435-E2E-001;F435-UAT-001;PVT-F435-CAP-001;PVT-F435-FR-001;PVT-F435-FR-002;PVT-F435-FR-003;PVT-F435-US-001;PVT-F435-FLOW-001;PVT-F435-FLOW-002;PVT-F435-FLOW-003;PVT-F435-BR-001;PVT-F435-BR-002;PVT-F435-DATA-001;PVT-F435-DATA-002;PVT-F435-VAL-001;PVT-F435-VAL-002;PVT-F435-CALC-001;PVT-F435-UX-001;PVT-F435-UX-002;PVT-F435-SEC-001;PVT-F435-SEC-002;PVT-F435-AUTO-001;PVT-F435-APP-001;PVT-F435-APP-002;PVT-F435-NOTIF-001;PVT-F435-REP-001;PVT-F435-AI-001;PVT-F435-AI-002;PVT-F435-INT-001;PVT-F435-INT-002;PVT-F435-API-001;PVT-F435-PERF-001;PVT-F435-PERF-002;PVT-F435-OBS-001;PVT-F435-OBS-002;PVT-F435-E2E-001;PVT-F435-E2E-002;PVT-F435-UAT-001;PVT-F435-UAT-002,AUTHORIZED_BY_PASS_F_SUBJECT_TO_WAVE_DEPENDENCIES,NOT_READY
F436,Bank-transfer file,HR & Payroll,docs/03-modules/hr-payroll/features/F436-bank-transfer-file.md,F436-CAP-001,F436-FLOW-001;F436-FLOW-002;F436-FLOW-003,F436-BR-001;F436-BR-002,F436-DATA-001;F436-DATA-002,F436-VAL-001;F436-VAL-002,F436-CALC-001,F436-UX-001;F436-UX-002,F436-SEC-001;F436-SEC-002,F436-INT-001;F436-INT-002,F436-API-001,F436-E2E-001;F436-E2E-002,F436-UAT-001;F436-UAT-002,APPROVED,8,APPROVED,F436-PFC-01;F436-PFC-02;F436-PFC-03;F436-PFC-04;F436-PFC-05;F436-PFC-06;F436-PFC-07;F436-PFC-08;F436-PFC-09;F436-PFC-10,F436-STM-01;F436-STM-02;F436-STM-03;F436-STM-04;F436-STM-05,APPROVED,PFD-BM-F436-1;PFD-BM-F436-2,APPROVED,services/api/src/modules/hr-payroll,apps/web/src/modules/hr-payroll,FIELD_OPTIMIZED,W11,F436-E2E-001;F436-UAT-001;PVT-F436-CAP-001;PVT-F436-FR-001;PVT-F436-FR-002;PVT-F436-FR-003;PVT-F436-US-001;PVT-F436-FLOW-001;PVT-F436-FLOW-002;PVT-F436-FLOW-003;PVT-F436-BR-001;PVT-F436-BR-002;PVT-F436-DATA-001;PVT-F436-DATA-002;PVT-F436-VAL-001;PVT-F436-VAL-002;PVT-F436-CALC-001;PVT-F436-UX-001;PVT-F436-UX-002;PVT-F436-SEC-001;PVT-F436-SEC-002;PVT-F436-AUTO-001;PVT-F436-APP-001;PVT-F436-APP-002;PVT-F436-NOTIF-001;PVT-F436-REP-001;PVT-F436-AI-001;PVT-F436-AI-002;PVT-F436-INT-001;PVT-F436-INT-002;PVT-F436-API-001;PVT-F436-PERF-001;PVT-F436-PERF-002;PVT-F436-OBS-001;PVT-F436-OBS-002;PVT-F436-E2E-001;PVT-F436-E2E-002;PVT-F436-UAT-001;PVT-F436-UAT-002,AUTHORIZED_BY_PASS_F_SUBJECT_TO_WAVE_DEPENDENCIES,NOT_READY
F437,Payroll accounting posting,HR & Payroll,docs/03-modules/hr-payroll/features/F437-payroll-accounting-posting.md,F437-CAP-001,F437-FLOW-001;F437-FLOW-002;F437-FLOW-003,F437-BR-001;F437-BR-002,F437-DATA-001;F437-DATA-002,F437-VAL-001;F437-VAL-002,F437-CALC-001,F437-UX-001;F437-UX-002,F437-SEC-001;F437-SEC-002,F437-INT-001;F437-INT-002,F437-API-001,F437-E2E-001;F437-E2E-002,F437-UAT-001;F437-UAT-002,APPROVED,8,APPROVED,F437-PFC-01;F437-PFC-02;F437-PFC-03;F437-PFC-04;F437-PFC-05;F437-PFC-06;F437-PFC-07;F437-PFC-08;F437-PFC-09;F437-PFC-10,F437-STM-01;F437-STM-02;F437-STM-03;F437-STM-04;F437-STM-05,APPROVED,PFD-BM-F437-1;PFD-BM-F437-2,APPROVED,services/api/src/modules/hr-payroll,apps/web/src/modules/hr-payroll,FULL,W11,F437-E2E-001;F437-UAT-001;PVT-F437-CAP-001;PVT-F437-FR-001;PVT-F437-FR-002;PVT-F437-FR-003;PVT-F437-US-001;PVT-F437-FLOW-001;PVT-F437-FLOW-002;PVT-F437-FLOW-003;PVT-F437-BR-001;PVT-F437-BR-002;PVT-F437-DATA-001;PVT-F437-DATA-002;PVT-F437-VAL-001;PVT-F437-VAL-002;PVT-F437-CALC-001;PVT-F437-UX-001;PVT-F437-UX-002;PVT-F437-SEC-001;PVT-F437-SEC-002;PVT-F437-AUTO-001;PVT-F437-APP-001;PVT-F437-APP-002;PVT-F437-NOTIF-001;PVT-F437-REP-001;PVT-F437-AI-001;PVT-F437-AI-002;PVT-F437-INT-001;PVT-F437-INT-002;PVT-F437-API-001;PVT-F437-PERF-001;PVT-F437-PERF-002;PVT-F437-OBS-001;PVT-F437-OBS-002;PVT-F437-E2E-001;PVT-F437-E2E-002;PVT-F437-UAT-001;PVT-F437-UAT-002,AUTHORIZED_BY_PASS_F_SUBJECT_TO_WAVE_DEPENDENCIES,NOT_READY
F438,Payroll reconciliation,HR & Payroll,docs/03-modules/hr-payroll/features/F438-payroll-reconciliation.md,F438-CAP-001,F438-FLOW-001;F438-FLOW-002;F438-FLOW-003,F438-BR-001;F438-BR-002,F438-DATA-001;F438-DATA-002,F438-VAL-001;F438-VAL-002,F438-CALC-001,F438-UX-001;F438-UX-002,F438-SEC-001;F438-SEC-002,F438-INT-001;F438-INT-002,F438-API-001,F438-E2E-001;F438-E2E-002,F438-UAT-001;F438-UAT-002,APPROVED,8,APPROVED,F438-PFC-01;F438-PFC-02;F438-PFC-03;F438-PFC-04;F438-PFC-05;F438-PFC-06;F438-PFC-07;F438-PFC-08;F438-PFC-09;F438-PFC-10,F438-STM-01;F438-STM-02;F438-STM-03;F438-STM-04;F438-STM-05,APPROVED,PFD-BM-F438-1;PFD-BM-F438-2,APPROVED,services/api/src/modules/hr-payroll,apps/web/src/modules/hr-payroll,FULL,W11,F438-E2E-001;F438-UAT-001;PVT-F438-CAP-001;PVT-F438-FR-001;PVT-F438-FR-002;PVT-F438-FR-003;PVT-F438-US-001;PVT-F438-FLOW-001;PVT-F438-FLOW-002;PVT-F438-FLOW-003;PVT-F438-BR-001;PVT-F438-BR-002;PVT-F438-DATA-001;PVT-F438-DATA-002;PVT-F438-VAL-001;PVT-F438-VAL-002;PVT-F438-CALC-001;PVT-F438-UX-001;PVT-F438-UX-002;PVT-F438-SEC-001;PVT-F438-SEC-002;PVT-F438-AUTO-001;PVT-F438-APP-001;PVT-F438-APP-002;PVT-F438-NOTIF-001;PVT-F438-REP-001;PVT-F438-AI-001;PVT-F438-AI-002;PVT-F438-INT-001;PVT-F438-INT-002;PVT-F438-API-001;PVT-F438-PERF-001;PVT-F438-PERF-002;PVT-F438-OBS-001;PVT-F438-OBS-002;PVT-F438-E2E-001;PVT-F438-E2E-002;PVT-F438-UAT-001;PVT-F438-UAT-002,AUTHORIZED_BY_PASS_F_SUBJECT_TO_WAVE_DEPENDENCIES,NOT_READY
F439,Provident Fund (PF),HR & Payroll,docs/03-modules/hr-payroll/features/F439-provident-fund-pf.md,F439-CAP-001,F439-FLOW-001;F439-FLOW-002;F439-FLOW-003,F439-BR-001;F439-BR-002,F439-DATA-001;F439-DATA-002,F439-VAL-001;F439-VAL-002,F439-CALC-001,F439-UX-001;F439-UX-002,F439-SEC-001;F439-SEC-002,F439-INT-001;F439-INT-002,F439-API-001,F439-E2E-001;F439-E2E-002,F439-UAT-001;F439-UAT-002,APPROVED,8,APPROVED,F439-PFC-01;F439-PFC-02;F439-PFC-03;F439-PFC-04;F439-PFC-05;F439-PFC-06;F439-PFC-07;F439-PFC-08;F439-PFC-09;F439-PFC-10,F439-STM-01;F439-STM-02;F439-STM-03;F439-STM-04;F439-STM-05,APPROVED,PFD-BM-F439-1;PFD-BM-F439-2,APPROVED,services/api/src/modules/hr-payroll,apps/web/src/modules/hr-payroll,FULL,W11,F439-E2E-001;F439-UAT-001;PVT-F439-CAP-001;PVT-F439-FR-001;PVT-F439-FR-002;PVT-F439-FR-003;PVT-F439-US-001;PVT-F439-FLOW-001;PVT-F439-FLOW-002;PVT-F439-FLOW-003;PVT-F439-BR-001;PVT-F439-BR-002;PVT-F439-DATA-001;PVT-F439-DATA-002;PVT-F439-VAL-001;PVT-F439-VAL-002;PVT-F439-CALC-001;PVT-F439-UX-001;PVT-F439-UX-002;PVT-F439-SEC-001;PVT-F439-SEC-002;PVT-F439-AUTO-001;PVT-F439-APP-001;PVT-F439-APP-002;PVT-F439-NOTIF-001;PVT-F439-REP-001;PVT-F439-AI-001;PVT-F439-AI-002;PVT-F439-INT-001;PVT-F439-INT-002;PVT-F439-API-001;PVT-F439-PERF-001;PVT-F439-PERF-002;PVT-F439-OBS-001;PVT-F439-OBS-002;PVT-F439-E2E-001;PVT-F439-E2E-002;PVT-F439-UAT-001;PVT-F439-UAT-002,AUTHORIZED_BY_PASS_F_SUBJECT_TO_WAVE_DEPENDENCIES,NOT_READY
F440,ESIC,HR & Payroll,docs/03-modules/hr-payroll/features/F440-esic.md,F440-CAP-001,F440-FLOW-001;F440-FLOW-002;F440-FLOW-003,F440-BR-001;F440-BR-002,F440-DATA-001;F440-DATA-002,F440-VAL-001;F440-VAL-002,F440-CALC-001,F440-UX-001;F440-UX-002,F440-SEC-001;F440-SEC-002,F440-INT-001;F440-INT-002,F440-API-001,F440-E2E-001;F440-E2E-002,F440-UAT-001;F440-UAT-002,APPROVED,8,APPROVED,F440-PFC-01;F440-PFC-02;F440-PFC-03;F440-PFC-04;F440-PFC-05;F440-PFC-06;F440-PFC-07;F440-PFC-08;F440-PFC-09;F440-PFC-10,F440-STM-01;F440-STM-02;F440-STM-03;F440-STM-04;F440-STM-05,APPROVED,PFD-BM-F440-1;PFD-BM-F440-2,APPROVED,services/api/src/modules/hr-payroll,apps/web/src/modules/hr-payroll,FULL,W11,F440-E2E-001;F440-UAT-001;PVT-F440-CAP-001;PVT-F440-FR-001;PVT-F440-FR-002;PVT-F440-FR-003;PVT-F440-US-001;PVT-F440-FLOW-001;PVT-F440-FLOW-002;PVT-F440-FLOW-003;PVT-F440-BR-001;PVT-F440-BR-002;PVT-F440-DATA-001;PVT-F440-DATA-002;PVT-F440-VAL-001;PVT-F440-VAL-002;PVT-F440-CALC-001;PVT-F440-UX-001;PVT-F440-UX-002;PVT-F440-SEC-001;PVT-F440-SEC-002;PVT-F440-AUTO-001;PVT-F440-APP-001;PVT-F440-APP-002;PVT-F440-NOTIF-001;PVT-F440-REP-001;PVT-F440-AI-001;PVT-F440-AI-002;PVT-F440-INT-001;PVT-F440-INT-002;PVT-F440-API-001;PVT-F440-PERF-001;PVT-F440-PERF-002;PVT-F440-OBS-001;PVT-F440-OBS-002;PVT-F440-E2E-001;PVT-F440-E2E-002;PVT-F440-UAT-001;PVT-F440-UAT-002,AUTHORIZED_BY_PASS_F_SUBJECT_TO_WAVE_DEPENDENCIES,NOT_READY
F441,Professional Tax,HR & Payroll,docs/03-modules/hr-payroll/features/F441-professional-tax.md,F441-CAP-001,F441-FLOW-001;F441-FLOW-002;F441-FLOW-003,F441-BR-001;F441-BR-002,F441-DATA-001;F441-DATA-002,F441-VAL-001;F441-VAL-002,F441-CALC-001,F441-UX-001;F441-UX-002,F441-SEC-001;F441-SEC-002,F441-INT-001;F441-INT-002,F441-API-001,F441-E2E-001;F441-E2E-002,F441-UAT-001;F441-UAT-002,APPROVED,8,APPROVED,F441-PFC-01;F441-PFC-02;F441-PFC-03;F441-PFC-04;F441-PFC-05;F441-PFC-06;F441-PFC-07;F441-PFC-08;F441-PFC-09;F441-PFC-10,F441-STM-01;F441-STM-02;F441-STM-03;F441-STM-04;F441-STM-05,APPROVED,PFD-BM-F441-1;PFD-BM-F441-2,APPROVED,services/api/src/modules/hr-payroll,apps/web/src/modules/hr-payroll,FULL,W11,F441-E2E-001;F441-UAT-001;PVT-F441-CAP-001;PVT-F441-FR-001;PVT-F441-FR-002;PVT-F441-FR-003;PVT-F441-US-001;PVT-F441-FLOW-001;PVT-F441-FLOW-002;PVT-F441-FLOW-003;PVT-F441-BR-001;PVT-F441-BR-002;PVT-F441-DATA-001;PVT-F441-DATA-002;PVT-F441-VAL-001;PVT-F441-VAL-002;PVT-F441-CALC-001;PVT-F441-UX-001;PVT-F441-UX-002;PVT-F441-SEC-001;PVT-F441-SEC-002;PVT-F441-AUTO-001;PVT-F441-APP-001;PVT-F441-APP-002;PVT-F441-NOTIF-001;PVT-F441-REP-001;PVT-F441-AI-001;PVT-F441-AI-002;PVT-F441-INT-001;PVT-F441-INT-002;PVT-F441-API-001;PVT-F441-PERF-001;PVT-F441-PERF-002;PVT-F441-OBS-001;PVT-F441-OBS-002;PVT-F441-E2E-001;PVT-F441-E2E-002;PVT-F441-UAT-001;PVT-F441-UAT-002,AUTHORIZED_BY_PASS_F_SUBJECT_TO_WAVE_DEPENDENCIES,NOT_READY
F442,TDS,HR & Payroll,docs/03-modules/hr-payroll/features/F442-tds.md,F442-CAP-001,F442-FLOW-001;F442-FLOW-002;F442-FLOW-003,F442-BR-001;F442-BR-002,F442-DATA-001;F442-DATA-002,F442-VAL-001;F442-VAL-002,F442-CALC-001,F442-UX-001;F442-UX-002,F442-SEC-001;F442-SEC-002,F442-INT-001;F442-INT-002,F442-API-001,F442-E2E-001;F442-E2E-002,F442-UAT-001;F442-UAT-002,APPROVED,8,APPROVED,F442-PFC-01;F442-PFC-02;F442-PFC-03;F442-PFC-04;F442-PFC-05;F442-PFC-06;F442-PFC-07;F442-PFC-08;F442-PFC-09;F442-PFC-10,F442-STM-01;F442-STM-02;F442-STM-03;F442-STM-04;F442-STM-05,APPROVED,PFD-BM-F442-1;PFD-BM-F442-2,APPROVED,services/api/src/modules/hr-payroll,apps/web/src/modules/hr-payroll,FULL,W11,F442-E2E-001;F442-UAT-001;PVT-F442-CAP-001;PVT-F442-FR-001;PVT-F442-FR-002;PVT-F442-FR-003;PVT-F442-US-001;PVT-F442-FLOW-001;PVT-F442-FLOW-002;PVT-F442-FLOW-003;PVT-F442-BR-001;PVT-F442-BR-002;PVT-F442-DATA-001;PVT-F442-DATA-002;PVT-F442-VAL-001;PVT-F442-VAL-002;PVT-F442-CALC-001;PVT-F442-UX-001;PVT-F442-UX-002;PVT-F442-SEC-001;PVT-F442-SEC-002;PVT-F442-AUTO-001;PVT-F442-APP-001;PVT-F442-APP-002;PVT-F442-NOTIF-001;PVT-F442-REP-001;PVT-F442-AI-001;PVT-F442-AI-002;PVT-F442-INT-001;PVT-F442-INT-002;PVT-F442-API-001;PVT-F442-PERF-001;PVT-F442-PERF-002;PVT-F442-OBS-001;PVT-F442-OBS-002;PVT-F442-E2E-001;PVT-F442-E2E-002;PVT-F442-UAT-001;PVT-F442-UAT-002,AUTHORIZED_BY_PASS_F_SUBJECT_TO_WAVE_DEPENDENCIES,NOT_READY
F443,Labour Welfare Fund where applicable,HR & Payroll,docs/03-modules/hr-payroll/features/F443-labour-welfare-fund-where-applicable.md,F443-CAP-001,F443-FLOW-001;F443-FLOW-002;F443-FLOW-003,F443-BR-001;F443-BR-002,F443-DATA-001;F443-DATA-002,F443-VAL-001;F443-VAL-002,F443-CALC-001,F443-UX-001;F443-UX-002,F443-SEC-001;F443-SEC-002,F443-INT-001;F443-INT-002,F443-API-001,F443-E2E-001;F443-E2E-002,F443-UAT-001;F443-UAT-002,APPROVED,8,APPROVED,F443-PFC-01;F443-PFC-02;F443-PFC-03;F443-PFC-04;F443-PFC-05;F443-PFC-06;F443-PFC-07;F443-PFC-08;F443-PFC-09;F443-PFC-10,F443-STM-01;F443-STM-02;F443-STM-03;F443-STM-04;F443-STM-05,APPROVED,PFD-BM-F443-1;PFD-BM-F443-2,APPROVED,services/api/src/modules/hr-payroll,apps/web/src/modules/hr-payroll,FULL,W11,F443-E2E-001;F443-UAT-001;PVT-F443-CAP-001;PVT-F443-FR-001;PVT-F443-FR-002;PVT-F443-FR-003;PVT-F443-US-001;PVT-F443-FLOW-001;PVT-F443-FLOW-002;PVT-F443-FLOW-003;PVT-F443-BR-001;PVT-F443-BR-002;PVT-F443-DATA-001;PVT-F443-DATA-002;PVT-F443-VAL-001;PVT-F443-VAL-002;PVT-F443-CALC-001;PVT-F443-UX-001;PVT-F443-UX-002;PVT-F443-SEC-001;PVT-F443-SEC-002;PVT-F443-AUTO-001;PVT-F443-APP-001;PVT-F443-APP-002;PVT-F443-NOTIF-001;PVT-F443-REP-001;PVT-F443-AI-001;PVT-F443-AI-002;PVT-F443-INT-001;PVT-F443-INT-002;PVT-F443-API-001;PVT-F443-PERF-001;PVT-F443-PERF-002;PVT-F443-OBS-001;PVT-F443-OBS-002;PVT-F443-E2E-001;PVT-F443-E2E-002;PVT-F443-UAT-001;PVT-F443-UAT-002,AUTHORIZED_BY_PASS_F_SUBJECT_TO_WAVE_DEPENDENCIES,NOT_READY
F444,Gratuity,HR & Payroll,docs/03-modules/hr-payroll/features/F444-gratuity.md,F444-CAP-001,F444-FLOW-001;F444-FLOW-002;F444-FLOW-003,F444-BR-001;F444-BR-002,F444-DATA-001;F444-DATA-002,F444-VAL-001;F444-VAL-002,F444-CALC-001,F444-UX-001;F444-UX-002,F444-SEC-001;F444-SEC-002,F444-INT-001;F444-INT-002,F444-API-001,F444-E2E-001;F444-E2E-002,F444-UAT-001;F444-UAT-002,APPROVED,8,APPROVED,F444-PFC-01;F444-PFC-02;F444-PFC-03;F444-PFC-04;F444-PFC-05;F444-PFC-06;F444-PFC-07;F444-PFC-08;F444-PFC-09;F444-PFC-10,F444-STM-01;F444-STM-02;F444-STM-03;F444-STM-04;F444-STM-05,APPROVED,PFD-BM-F444-1;PFD-BM-F444-2,APPROVED,services/api/src/modules/hr-payroll,apps/web/src/modules/hr-payroll,FULL,W11,F444-E2E-001;F444-UAT-001;PVT-F444-CAP-001;PVT-F444-FR-001;PVT-F444-FR-002;PVT-F444-FR-003;PVT-F444-US-001;PVT-F444-FLOW-001;PVT-F444-FLOW-002;PVT-F444-FLOW-003;PVT-F444-BR-001;PVT-F444-BR-002;PVT-F444-DATA-001;PVT-F444-DATA-002;PVT-F444-VAL-001;PVT-F444-VAL-002;PVT-F444-CALC-001;PVT-F444-UX-001;PVT-F444-UX-002;PVT-F444-SEC-001;PVT-F444-SEC-002;PVT-F444-AUTO-001;PVT-F444-APP-001;PVT-F444-APP-002;PVT-F444-NOTIF-001;PVT-F444-REP-001;PVT-F444-AI-001;PVT-F444-AI-002;PVT-F444-INT-001;PVT-F444-INT-002;PVT-F444-API-001;PVT-F444-PERF-001;PVT-F444-PERF-002;PVT-F444-OBS-001;PVT-F444-OBS-002;PVT-F444-E2E-001;PVT-F444-E2E-002;PVT-F444-UAT-001;PVT-F444-UAT-002,AUTHORIZED_BY_PASS_F_SUBJECT_TO_WAVE_DEPENDENCIES,NOT_READY
F445,Statutory reports,HR & Payroll,docs/03-modules/hr-payroll/features/F445-statutory-reports.md,F445-CAP-001,F445-FLOW-001;F445-FLOW-002;F445-FLOW-003,F445-BR-001;F445-BR-002,F445-DATA-001;F445-DATA-002,F445-VAL-001;F445-VAL-002,F445-CALC-001,F445-UX-001;F445-UX-002,F445-SEC-001;F445-SEC-002,F445-INT-001;F445-INT-002,F445-API-001,F445-E2E-001;F445-E2E-002,F445-UAT-001;F445-UAT-002,APPROVED,8,APPROVED,F445-PFC-01;F445-PFC-02;F445-PFC-03;F445-PFC-04;F445-PFC-05;F445-PFC-06;F445-PFC-07;F445-PFC-08;F445-PFC-09;F445-PFC-10,F445-STM-01;F445-STM-02;F445-STM-03;F445-STM-04;F445-STM-05,APPROVED,PFD-BM-F445-1;PFD-BM-F445-2,APPROVED,services/api/src/modules/hr-payroll,apps/web/src/modules/hr-payroll,READ_ONLY,W11,F445-E2E-001;F445-UAT-001;PVT-F445-CAP-001;PVT-F445-FR-001;PVT-F445-FR-002;PVT-F445-FR-003;PVT-F445-US-001;PVT-F445-FLOW-001;PVT-F445-FLOW-002;PVT-F445-FLOW-003;PVT-F445-BR-001;PVT-F445-BR-002;PVT-F445-DATA-001;PVT-F445-DATA-002;PVT-F445-VAL-001;PVT-F445-VAL-002;PVT-F445-CALC-001;PVT-F445-UX-001;PVT-F445-UX-002;PVT-F445-SEC-001;PVT-F445-SEC-002;PVT-F445-AUTO-001;PVT-F445-APP-001;PVT-F445-APP-002;PVT-F445-NOTIF-001;PVT-F445-REP-001;PVT-F445-AI-001;PVT-F445-AI-002;PVT-F445-INT-001;PVT-F445-INT-002;PVT-F445-API-001;PVT-F445-PERF-001;PVT-F445-PERF-002;PVT-F445-OBS-001;PVT-F445-OBS-002;PVT-F445-E2E-001;PVT-F445-E2E-002;PVT-F445-UAT-001;PVT-F445-UAT-002,AUTHORIZED_BY_PASS_F_SUBJECT_TO_WAVE_DEPENDENCIES,NOT_READY
F446,State-specific statutory configuration,HR & Payroll,docs/03-modules/hr-payroll/features/F446-state-specific-statutory-configuration.md,F446-CAP-001,F446-FLOW-001;F446-FLOW-002;F446-FLOW-003,F446-BR-001;F446-BR-002,F446-DATA-001;F446-DATA-002,F446-VAL-001;F446-VAL-002,F446-CALC-001,F446-UX-001;F446-UX-002,F446-SEC-001;F446-SEC-002,F446-INT-001;F446-INT-002,F446-API-001,F446-E2E-001;F446-E2E-002,F446-UAT-001;F446-UAT-002,APPROVED,8,APPROVED,F446-PFC-01;F446-PFC-02;F446-PFC-03;F446-PFC-04;F446-PFC-05;F446-PFC-06;F446-PFC-07;F446-PFC-08;F446-PFC-09;F446-PFC-10,F446-STM-01;F446-STM-02;F446-STM-03;F446-STM-04;F446-STM-05,APPROVED,PFD-BM-F446-1;PFD-BM-F446-2,APPROVED,services/api/src/modules/hr-payroll,apps/web/src/modules/hr-payroll,FULL,W11,F446-E2E-001;F446-UAT-001;PVT-F446-CAP-001;PVT-F446-FR-001;PVT-F446-FR-002;PVT-F446-FR-003;PVT-F446-US-001;PVT-F446-FLOW-001;PVT-F446-FLOW-002;PVT-F446-FLOW-003;PVT-F446-BR-001;PVT-F446-BR-002;PVT-F446-DATA-001;PVT-F446-DATA-002;PVT-F446-VAL-001;PVT-F446-VAL-002;PVT-F446-CALC-001;PVT-F446-UX-001;PVT-F446-UX-002;PVT-F446-SEC-001;PVT-F446-SEC-002;PVT-F446-AUTO-001;PVT-F446-APP-001;PVT-F446-APP-002;PVT-F446-NOTIF-001;PVT-F446-REP-001;PVT-F446-AI-001;PVT-F446-AI-002;PVT-F446-INT-001;PVT-F446-INT-002;PVT-F446-API-001;PVT-F446-PERF-001;PVT-F446-PERF-002;PVT-F446-OBS-001;PVT-F446-OBS-002;PVT-F446-E2E-001;PVT-F446-E2E-002;PVT-F446-UAT-001;PVT-F446-UAT-002,AUTHORIZED_BY_PASS_F_SUBJECT_TO_WAVE_DEPENDENCIES,NOT_READY
F447,Payroll compliance reports,HR & Payroll,docs/03-modules/hr-payroll/features/F447-payroll-compliance-reports.md,F447-CAP-001,F447-FLOW-001;F447-FLOW-002;F447-FLOW-003,F447-BR-001;F447-BR-002,F447-DATA-001;F447-DATA-002,F447-VAL-001;F447-VAL-002,F447-CALC-001,F447-UX-001;F447-UX-002,F447-SEC-001;F447-SEC-002,F447-INT-001;F447-INT-002,F447-API-001,F447-E2E-001;F447-E2E-002,F447-UAT-001;F447-UAT-002,APPROVED,8,APPROVED,F447-PFC-01;F447-PFC-02;F447-PFC-03;F447-PFC-04;F447-PFC-05;F447-PFC-06;F447-PFC-07;F447-PFC-08;F447-PFC-09;F447-PFC-10,F447-STM-01;F447-STM-02;F447-STM-03;F447-STM-04;F447-STM-05,APPROVED,PFD-BM-F447-1;PFD-BM-F447-2,APPROVED,services/api/src/modules/hr-payroll,apps/web/src/modules/hr-payroll,READ_ONLY,W11,F447-E2E-001;F447-UAT-001;PVT-F447-CAP-001;PVT-F447-FR-001;PVT-F447-FR-002;PVT-F447-FR-003;PVT-F447-US-001;PVT-F447-FLOW-001;PVT-F447-FLOW-002;PVT-F447-FLOW-003;PVT-F447-BR-001;PVT-F447-BR-002;PVT-F447-DATA-001;PVT-F447-DATA-002;PVT-F447-VAL-001;PVT-F447-VAL-002;PVT-F447-CALC-001;PVT-F447-UX-001;PVT-F447-UX-002;PVT-F447-SEC-001;PVT-F447-SEC-002;PVT-F447-AUTO-001;PVT-F447-APP-001;PVT-F447-APP-002;PVT-F447-NOTIF-001;PVT-F447-REP-001;PVT-F447-AI-001;PVT-F447-AI-002;PVT-F447-INT-001;PVT-F447-INT-002;PVT-F447-API-001;PVT-F447-PERF-001;PVT-F447-PERF-002;PVT-F447-OBS-001;PVT-F447-OBS-002;PVT-F447-E2E-001;PVT-F447-E2E-002;PVT-F447-UAT-001;PVT-F447-UAT-002,AUTHORIZED_BY_PASS_F_SUBJECT_TO_WAVE_DEPENDENCIES,NOT_READY
F448,Goals,HR & Payroll,docs/03-modules/hr-payroll/features/F448-goals.md,F448-CAP-001,F448-FLOW-001;F448-FLOW-002;F448-FLOW-003,F448-BR-001;F448-BR-002,F448-DATA-001;F448-DATA-002,F448-VAL-001;F448-VAL-002,F448-CALC-001,F448-UX-001;F448-UX-002,F448-SEC-001;F448-SEC-002,F448-INT-001;F448-INT-002,F448-API-001,F448-E2E-001;F448-E2E-002,F448-UAT-001;F448-UAT-002,APPROVED,8,APPROVED,F448-PFC-01;F448-PFC-02;F448-PFC-03;F448-PFC-04;F448-PFC-05;F448-PFC-06;F448-PFC-07;F448-PFC-08;F448-PFC-09;F448-PFC-10,F448-STM-01;F448-STM-02;F448-STM-03;F448-STM-04;F448-STM-05,APPROVED,PFD-BM-F448-1;PFD-BM-F448-2,APPROVED,services/api/src/modules/hr-payroll,apps/web/src/modules/hr-payroll,FULL,W11,F448-E2E-001;F448-UAT-001;PVT-F448-CAP-001;PVT-F448-FR-001;PVT-F448-FR-002;PVT-F448-FR-003;PVT-F448-US-001;PVT-F448-FLOW-001;PVT-F448-FLOW-002;PVT-F448-FLOW-003;PVT-F448-BR-001;PVT-F448-BR-002;PVT-F448-DATA-001;PVT-F448-DATA-002;PVT-F448-VAL-001;PVT-F448-VAL-002;PVT-F448-CALC-001;PVT-F448-UX-001;PVT-F448-UX-002;PVT-F448-SEC-001;PVT-F448-SEC-002;PVT-F448-AUTO-001;PVT-F448-APP-001;PVT-F448-APP-002;PVT-F448-NOTIF-001;PVT-F448-REP-001;PVT-F448-AI-001;PVT-F448-AI-002;PVT-F448-INT-001;PVT-F448-INT-002;PVT-F448-API-001;PVT-F448-PERF-001;PVT-F448-PERF-002;PVT-F448-OBS-001;PVT-F448-OBS-002;PVT-F448-E2E-001;PVT-F448-E2E-002;PVT-F448-UAT-001;PVT-F448-UAT-002,AUTHORIZED_BY_PASS_F_SUBJECT_TO_WAVE_DEPENDENCIES,NOT_READY
F449,Appraisals,HR & Payroll,docs/03-modules/hr-payroll/features/F449-appraisals.md,F449-CAP-001,F449-FLOW-001;F449-FLOW-002;F449-FLOW-003,F449-BR-001;F449-BR-002,F449-DATA-001;F449-DATA-002,F449-VAL-001;F449-VAL-002,F449-CALC-001,F449-UX-001;F449-UX-002,F449-SEC-001;F449-SEC-002,F449-INT-001;F449-INT-002,F449-API-001,F449-E2E-001;F449-E2E-002,F449-UAT-001;F449-UAT-002,APPROVED,8,APPROVED,F449-PFC-01;F449-PFC-02;F449-PFC-03;F449-PFC-04;F449-PFC-05;F449-PFC-06;F449-PFC-07;F449-PFC-08;F449-PFC-09;F449-PFC-10,F449-STM-01;F449-STM-02;F449-STM-03;F449-STM-04;F449-STM-05,APPROVED,PFD-BM-F449-1;PFD-BM-F449-2,APPROVED,services/api/src/modules/hr-payroll,apps/web/src/modules/hr-payroll,FULL,W11,F449-E2E-001;F449-UAT-001;PVT-F449-CAP-001;PVT-F449-FR-001;PVT-F449-FR-002;PVT-F449-FR-003;PVT-F449-US-001;PVT-F449-FLOW-001;PVT-F449-FLOW-002;PVT-F449-FLOW-003;PVT-F449-BR-001;PVT-F449-BR-002;PVT-F449-DATA-001;PVT-F449-DATA-002;PVT-F449-VAL-001;PVT-F449-VAL-002;PVT-F449-CALC-001;PVT-F449-UX-001;PVT-F449-UX-002;PVT-F449-SEC-001;PVT-F449-SEC-002;PVT-F449-AUTO-001;PVT-F449-APP-001;PVT-F449-APP-002;PVT-F449-NOTIF-001;PVT-F449-REP-001;PVT-F449-AI-001;PVT-F449-AI-002;PVT-F449-INT-001;PVT-F449-INT-002;PVT-F449-API-001;PVT-F449-PERF-001;PVT-F449-PERF-002;PVT-F449-OBS-001;PVT-F449-OBS-002;PVT-F449-E2E-001;PVT-F449-E2E-002;PVT-F449-UAT-001;PVT-F449-UAT-002,AUTHORIZED_BY_PASS_F_SUBJECT_TO_WAVE_DEPENDENCIES,NOT_READY
F450,Performance reviews,HR & Payroll,docs/03-modules/hr-payroll/features/F450-performance-reviews.md,F450-CAP-001,F450-FLOW-001;F450-FLOW-002;F450-FLOW-003,F450-BR-001;F450-BR-002,F450-DATA-001;F450-DATA-002,F450-VAL-001;F450-VAL-002,F450-CALC-001,F450-UX-001;F450-UX-002,F450-SEC-001;F450-SEC-002,F450-INT-001;F450-INT-002,F450-API-001,F450-E2E-001;F450-E2E-002,F450-UAT-001;F450-UAT-002,APPROVED,8,APPROVED,F450-PFC-01;F450-PFC-02;F450-PFC-03;F450-PFC-04;F450-PFC-05;F450-PFC-06;F450-PFC-07;F450-PFC-08;F450-PFC-09;F450-PFC-10,F450-STM-01;F450-STM-02;F450-STM-03;F450-STM-04;F450-STM-05,APPROVED,PFD-BM-F450-1;PFD-BM-F450-2,APPROVED,services/api/src/modules/hr-payroll,apps/web/src/modules/hr-payroll,FULL,W11,F450-E2E-001;F450-UAT-001;PVT-F450-CAP-001;PVT-F450-FR-001;PVT-F450-FR-002;PVT-F450-FR-003;PVT-F450-US-001;PVT-F450-FLOW-001;PVT-F450-FLOW-002;PVT-F450-FLOW-003;PVT-F450-BR-001;PVT-F450-BR-002;PVT-F450-DATA-001;PVT-F450-DATA-002;PVT-F450-VAL-001;PVT-F450-VAL-002;PVT-F450-CALC-001;PVT-F450-UX-001;PVT-F450-UX-002;PVT-F450-SEC-001;PVT-F450-SEC-002;PVT-F450-AUTO-001;PVT-F450-APP-001;PVT-F450-APP-002;PVT-F450-NOTIF-001;PVT-F450-REP-001;PVT-F450-AI-001;PVT-F450-AI-002;PVT-F450-INT-001;PVT-F450-INT-002;PVT-F450-API-001;PVT-F450-PERF-001;PVT-F450-PERF-002;PVT-F450-OBS-001;PVT-F450-OBS-002;PVT-F450-E2E-001;PVT-F450-E2E-002;PVT-F450-UAT-001;PVT-F450-UAT-002,AUTHORIZED_BY_PASS_F_SUBJECT_TO_WAVE_DEPENDENCIES,NOT_READY
F451,Skills,HR & Payroll,docs/03-modules/hr-payroll/features/F451-skills.md,F451-CAP-001,F451-FLOW-001;F451-FLOW-002;F451-FLOW-003,F451-BR-001;F451-BR-002,F451-DATA-001;F451-DATA-002,F451-VAL-001;F451-VAL-002,F451-CALC-001,F451-UX-001;F451-UX-002,F451-SEC-001;F451-SEC-002,F451-INT-001;F451-INT-002,F451-API-001,F451-E2E-001;F451-E2E-002,F451-UAT-001;F451-UAT-002,APPROVED,8,APPROVED,F451-PFC-01;F451-PFC-02;F451-PFC-03;F451-PFC-04;F451-PFC-05;F451-PFC-06;F451-PFC-07;F451-PFC-08;F451-PFC-09;F451-PFC-10,F451-STM-01;F451-STM-02;F451-STM-03;F451-STM-04;F451-STM-05,APPROVED,PFD-BM-F451-1;PFD-BM-F451-2,APPROVED,services/api/src/modules/hr-payroll,apps/web/src/modules/hr-payroll,FULL,W11,F451-E2E-001;F451-UAT-001;PVT-F451-CAP-001;PVT-F451-FR-001;PVT-F451-FR-002;PVT-F451-FR-003;PVT-F451-US-001;PVT-F451-FLOW-001;PVT-F451-FLOW-002;PVT-F451-FLOW-003;PVT-F451-BR-001;PVT-F451-BR-002;PVT-F451-DATA-001;PVT-F451-DATA-002;PVT-F451-VAL-001;PVT-F451-VAL-002;PVT-F451-CALC-001;PVT-F451-UX-001;PVT-F451-UX-002;PVT-F451-SEC-001;PVT-F451-SEC-002;PVT-F451-AUTO-001;PVT-F451-APP-001;PVT-F451-APP-002;PVT-F451-NOTIF-001;PVT-F451-REP-001;PVT-F451-AI-001;PVT-F451-AI-002;PVT-F451-INT-001;PVT-F451-INT-002;PVT-F451-API-001;PVT-F451-PERF-001;PVT-F451-PERF-002;PVT-F451-OBS-001;PVT-F451-OBS-002;PVT-F451-E2E-001;PVT-F451-E2E-002;PVT-F451-UAT-001;PVT-F451-UAT-002,AUTHORIZED_BY_PASS_F_SUBJECT_TO_WAVE_DEPENDENCIES,NOT_READY
F452,Training,HR & Payroll,docs/03-modules/hr-payroll/features/F452-training.md,F452-CAP-001,F452-FLOW-001;F452-FLOW-002;F452-FLOW-003,F452-BR-001;F452-BR-002,F452-DATA-001;F452-DATA-002,F452-VAL-001;F452-VAL-002,F452-CALC-001,F452-UX-001;F452-UX-002,F452-SEC-001;F452-SEC-002,F452-INT-001;F452-INT-002,F452-API-001,F452-E2E-001;F452-E2E-002,F452-UAT-001;F452-UAT-002,APPROVED,8,APPROVED,F452-PFC-01;F452-PFC-02;F452-PFC-03;F452-PFC-04;F452-PFC-05;F452-PFC-06;F452-PFC-07;F452-PFC-08;F452-PFC-09;F452-PFC-10,F452-STM-01;F452-STM-02;F452-STM-03;F452-STM-04;F452-STM-05,APPROVED,PFD-BM-F452-1;PFD-BM-F452-2,APPROVED,services/api/src/modules/hr-payroll,apps/web/src/modules/hr-payroll,FULL,W11,F452-E2E-001;F452-UAT-001;PVT-F452-CAP-001;PVT-F452-FR-001;PVT-F452-FR-002;PVT-F452-FR-003;PVT-F452-US-001;PVT-F452-FLOW-001;PVT-F452-FLOW-002;PVT-F452-FLOW-003;PVT-F452-BR-001;PVT-F452-BR-002;PVT-F452-DATA-001;PVT-F452-DATA-002;PVT-F452-VAL-001;PVT-F452-VAL-002;PVT-F452-CALC-001;PVT-F452-UX-001;PVT-F452-UX-002;PVT-F452-SEC-001;PVT-F452-SEC-002;PVT-F452-AUTO-001;PVT-F452-APP-001;PVT-F452-APP-002;PVT-F452-NOTIF-001;PVT-F452-REP-001;PVT-F452-AI-001;PVT-F452-AI-002;PVT-F452-INT-001;PVT-F452-INT-002;PVT-F452-API-001;PVT-F452-PERF-001;PVT-F452-PERF-002;PVT-F452-OBS-001;PVT-F452-OBS-002;PVT-F452-E2E-001;PVT-F452-E2E-002;PVT-F452-UAT-001;PVT-F452-UAT-002,AUTHORIZED_BY_PASS_F_SUBJECT_TO_WAVE_DEPENDENCIES,NOT_READY
F453,Chart of Accounts,Accounting / Finance,docs/03-modules/accounting/features/F453-chart-of-accounts.md,F453-CAP-001,F453-FLOW-001;F453-FLOW-002;F453-FLOW-003,F453-BR-001;F453-BR-002,F453-DATA-001;F453-DATA-002,F453-VAL-001;F453-VAL-002,F453-CALC-001,F453-UX-001;F453-UX-002,F453-SEC-001;F453-SEC-002,F453-INT-001;F453-INT-002,F453-API-001,F453-E2E-001;F453-E2E-002,F453-UAT-001;F453-UAT-002,APPROVED,8,APPROVED,F453-PFC-01;F453-PFC-02;F453-PFC-03;F453-PFC-04;F453-PFC-05;F453-PFC-06;F453-PFC-07;F453-PFC-08;F453-PFC-09;F453-PFC-10,F453-STM-01;F453-STM-02;F453-STM-03;F453-STM-04;F453-STM-05,APPROVED,PFD-BM-F453-1;PFD-BM-F453-2,APPROVED,services/api/src/modules/accounting,apps/web/src/modules/accounting,READ_ONLY,W06,F453-E2E-001;F453-UAT-001;PVT-F453-CAP-001;PVT-F453-FR-001;PVT-F453-FR-002;PVT-F453-FR-003;PVT-F453-US-001;PVT-F453-FLOW-001;PVT-F453-FLOW-002;PVT-F453-FLOW-003;PVT-F453-BR-001;PVT-F453-BR-002;PVT-F453-DATA-001;PVT-F453-DATA-002;PVT-F453-VAL-001;PVT-F453-VAL-002;PVT-F453-CALC-001;PVT-F453-UX-001;PVT-F453-UX-002;PVT-F453-SEC-001;PVT-F453-SEC-002;PVT-F453-AUTO-001;PVT-F453-APP-001;PVT-F453-APP-002;PVT-F453-NOTIF-001;PVT-F453-REP-001;PVT-F453-AI-001;PVT-F453-AI-002;PVT-F453-INT-001;PVT-F453-INT-002;PVT-F453-API-001;PVT-F453-PERF-001;PVT-F453-PERF-002;PVT-F453-OBS-001;PVT-F453-OBS-002;PVT-F453-E2E-001;PVT-F453-E2E-002;PVT-F453-UAT-001;PVT-F453-UAT-002,AUTHORIZED_BY_PASS_F_SUBJECT_TO_WAVE_DEPENDENCIES,NOT_READY
F454,General Ledger,Accounting / Finance,docs/03-modules/accounting/features/F454-general-ledger.md,F454-CAP-001,F454-FLOW-001;F454-FLOW-002;F454-FLOW-003,F454-BR-001;F454-BR-002,F454-DATA-001;F454-DATA-002,F454-VAL-001;F454-VAL-002,F454-CALC-001,F454-UX-001;F454-UX-002,F454-SEC-001;F454-SEC-002,F454-INT-001;F454-INT-002,F454-API-001,F454-E2E-001;F454-E2E-002,F454-UAT-001;F454-UAT-002,APPROVED,8,APPROVED,F454-PFC-01;F454-PFC-02;F454-PFC-03;F454-PFC-04;F454-PFC-05;F454-PFC-06;F454-PFC-07;F454-PFC-08;F454-PFC-09;F454-PFC-10,F454-STM-01;F454-STM-02;F454-STM-03;F454-STM-04;F454-STM-05,APPROVED,PFD-BM-F454-1;PFD-BM-F454-2,APPROVED,services/api/src/modules/accounting,apps/web/src/modules/accounting,READ_ONLY,W06,F454-E2E-001;F454-UAT-001;PVT-F454-CAP-001;PVT-F454-FR-001;PVT-F454-FR-002;PVT-F454-FR-003;PVT-F454-US-001;PVT-F454-FLOW-001;PVT-F454-FLOW-002;PVT-F454-FLOW-003;PVT-F454-BR-001;PVT-F454-BR-002;PVT-F454-DATA-001;PVT-F454-DATA-002;PVT-F454-VAL-001;PVT-F454-VAL-002;PVT-F454-CALC-001;PVT-F454-UX-001;PVT-F454-UX-002;PVT-F454-SEC-001;PVT-F454-SEC-002;PVT-F454-AUTO-001;PVT-F454-APP-001;PVT-F454-APP-002;PVT-F454-NOTIF-001;PVT-F454-REP-001;PVT-F454-AI-001;PVT-F454-AI-002;PVT-F454-INT-001;PVT-F454-INT-002;PVT-F454-API-001;PVT-F454-PERF-001;PVT-F454-PERF-002;PVT-F454-OBS-001;PVT-F454-OBS-002;PVT-F454-E2E-001;PVT-F454-E2E-002;PVT-F454-UAT-001;PVT-F454-UAT-002,AUTHORIZED_BY_PASS_F_SUBJECT_TO_WAVE_DEPENDENCIES,NOT_READY
F455,Journal entries,Accounting / Finance,docs/03-modules/accounting/features/F455-journal-entries.md,F455-CAP-001,F455-FLOW-001;F455-FLOW-002;F455-FLOW-003,F455-BR-001;F455-BR-002,F455-DATA-001;F455-DATA-002,F455-VAL-001;F455-VAL-002,F455-CALC-001,F455-UX-001;F455-UX-002,F455-SEC-001;F455-SEC-002,F455-INT-001;F455-INT-002,F455-API-001,F455-E2E-001;F455-E2E-002,F455-UAT-001;F455-UAT-002,APPROVED,8,APPROVED,F455-PFC-01;F455-PFC-02;F455-PFC-03;F455-PFC-04;F455-PFC-05;F455-PFC-06;F455-PFC-07;F455-PFC-08;F455-PFC-09;F455-PFC-10,F455-STM-01;F455-STM-02;F455-STM-03;F455-STM-04;F455-STM-05,APPROVED,PFD-BM-F455-1;PFD-BM-F455-2,APPROVED,services/api/src/modules/accounting,apps/web/src/modules/accounting,APPROVAL_ONLY,W06,F455-E2E-001;F455-UAT-001;PVT-F455-CAP-001;PVT-F455-FR-001;PVT-F455-FR-002;PVT-F455-FR-003;PVT-F455-US-001;PVT-F455-FLOW-001;PVT-F455-FLOW-002;PVT-F455-FLOW-003;PVT-F455-BR-001;PVT-F455-BR-002;PVT-F455-DATA-001;PVT-F455-DATA-002;PVT-F455-VAL-001;PVT-F455-VAL-002;PVT-F455-CALC-001;PVT-F455-UX-001;PVT-F455-UX-002;PVT-F455-SEC-001;PVT-F455-SEC-002;PVT-F455-AUTO-001;PVT-F455-APP-001;PVT-F455-APP-002;PVT-F455-NOTIF-001;PVT-F455-REP-001;PVT-F455-AI-001;PVT-F455-AI-002;PVT-F455-INT-001;PVT-F455-INT-002;PVT-F455-API-001;PVT-F455-PERF-001;PVT-F455-PERF-002;PVT-F455-OBS-001;PVT-F455-OBS-002;PVT-F455-E2E-001;PVT-F455-E2E-002;PVT-F455-UAT-001;PVT-F455-UAT-002,AUTHORIZED_BY_PASS_F_SUBJECT_TO_WAVE_DEPENDENCIES,NOT_READY
F456,Double-entry enforcement,Accounting / Finance,docs/03-modules/accounting/features/F456-double-entry-enforcement.md,F456-CAP-001,F456-FLOW-001;F456-FLOW-002;F456-FLOW-003,F456-BR-001;F456-BR-002,F456-DATA-001;F456-DATA-002,F456-VAL-001;F456-VAL-002,F456-CALC-001,F456-UX-001;F456-UX-002,F456-SEC-001;F456-SEC-002,F456-INT-001;F456-INT-002,F456-API-001,F456-E2E-001;F456-E2E-002,F456-UAT-001;F456-UAT-002,APPROVED,8,APPROVED,F456-PFC-01;F456-PFC-02;F456-PFC-03;F456-PFC-04;F456-PFC-05;F456-PFC-06;F456-PFC-07;F456-PFC-08;F456-PFC-09;F456-PFC-10,F456-STM-01;F456-STM-02;F456-STM-03;F456-STM-04;F456-STM-05,APPROVED,PFD-BM-F456-1;PFD-BM-F456-2,APPROVED,services/api/src/modules/accounting,apps/web/src/modules/accounting,READ_ONLY,W06,F456-E2E-001;F456-UAT-001;PVT-F456-CAP-001;PVT-F456-FR-001;PVT-F456-FR-002;PVT-F456-FR-003;PVT-F456-US-001;PVT-F456-FLOW-001;PVT-F456-FLOW-002;PVT-F456-FLOW-003;PVT-F456-BR-001;PVT-F456-BR-002;PVT-F456-DATA-001;PVT-F456-DATA-002;PVT-F456-VAL-001;PVT-F456-VAL-002;PVT-F456-CALC-001;PVT-F456-UX-001;PVT-F456-UX-002;PVT-F456-SEC-001;PVT-F456-SEC-002;PVT-F456-AUTO-001;PVT-F456-APP-001;PVT-F456-APP-002;PVT-F456-NOTIF-001;PVT-F456-REP-001;PVT-F456-AI-001;PVT-F456-AI-002;PVT-F456-INT-001;PVT-F456-INT-002;PVT-F456-API-001;PVT-F456-PERF-001;PVT-F456-PERF-002;PVT-F456-OBS-001;PVT-F456-OBS-002;PVT-F456-E2E-001;PVT-F456-E2E-002;PVT-F456-UAT-001;PVT-F456-UAT-002,AUTHORIZED_BY_PASS_F_SUBJECT_TO_WAVE_DEPENDENCIES,NOT_READY
F457,Fiscal years,Accounting / Finance,docs/03-modules/accounting/features/F457-fiscal-years.md,F457-CAP-001,F457-FLOW-001;F457-FLOW-002;F457-FLOW-003,F457-BR-001;F457-BR-002,F457-DATA-001;F457-DATA-002,F457-VAL-001;F457-VAL-002,F457-CALC-001,F457-UX-001;F457-UX-002,F457-SEC-001;F457-SEC-002,F457-INT-001;F457-INT-002,F457-API-001,F457-E2E-001;F457-E2E-002,F457-UAT-001;F457-UAT-002,APPROVED,8,APPROVED,F457-PFC-01;F457-PFC-02;F457-PFC-03;F457-PFC-04;F457-PFC-05;F457-PFC-06;F457-PFC-07;F457-PFC-08;F457-PFC-09;F457-PFC-10,F457-STM-01;F457-STM-02;F457-STM-03;F457-STM-04;F457-STM-05,APPROVED,PFD-BM-F457-1;PFD-BM-F457-2,APPROVED,services/api/src/modules/accounting,apps/web/src/modules/accounting,READ_ONLY,W06,F457-E2E-001;F457-UAT-001;PVT-F457-CAP-001;PVT-F457-FR-001;PVT-F457-FR-002;PVT-F457-FR-003;PVT-F457-US-001;PVT-F457-FLOW-001;PVT-F457-FLOW-002;PVT-F457-FLOW-003;PVT-F457-BR-001;PVT-F457-BR-002;PVT-F457-DATA-001;PVT-F457-DATA-002;PVT-F457-VAL-001;PVT-F457-VAL-002;PVT-F457-CALC-001;PVT-F457-UX-001;PVT-F457-UX-002;PVT-F457-SEC-001;PVT-F457-SEC-002;PVT-F457-AUTO-001;PVT-F457-APP-001;PVT-F457-APP-002;PVT-F457-NOTIF-001;PVT-F457-REP-001;PVT-F457-AI-001;PVT-F457-AI-002;PVT-F457-INT-001;PVT-F457-INT-002;PVT-F457-API-001;PVT-F457-PERF-001;PVT-F457-PERF-002;PVT-F457-OBS-001;PVT-F457-OBS-002;PVT-F457-E2E-001;PVT-F457-E2E-002;PVT-F457-UAT-001;PVT-F457-UAT-002,AUTHORIZED_BY_PASS_F_SUBJECT_TO_WAVE_DEPENDENCIES,NOT_READY
F458,Accounting periods,Accounting / Finance,docs/03-modules/accounting/features/F458-accounting-periods.md,F458-CAP-001,F458-FLOW-001;F458-FLOW-002;F458-FLOW-003,F458-BR-001;F458-BR-002,F458-DATA-001;F458-DATA-002,F458-VAL-001;F458-VAL-002,F458-CALC-001,F458-UX-001;F458-UX-002,F458-SEC-001;F458-SEC-002,F458-INT-001;F458-INT-002,F458-API-001,F458-E2E-001;F458-E2E-002,F458-UAT-001;F458-UAT-002,APPROVED,8,APPROVED,F458-PFC-01;F458-PFC-02;F458-PFC-03;F458-PFC-04;F458-PFC-05;F458-PFC-06;F458-PFC-07;F458-PFC-08;F458-PFC-09;F458-PFC-10,F458-STM-01;F458-STM-02;F458-STM-03;F458-STM-04;F458-STM-05,APPROVED,PFD-BM-F458-1;PFD-BM-F458-2,APPROVED,services/api/src/modules/accounting,apps/web/src/modules/accounting,READ_ONLY,W06,F458-E2E-001;F458-UAT-001;PVT-F458-CAP-001;PVT-F458-FR-001;PVT-F458-FR-002;PVT-F458-FR-003;PVT-F458-US-001;PVT-F458-FLOW-001;PVT-F458-FLOW-002;PVT-F458-FLOW-003;PVT-F458-BR-001;PVT-F458-BR-002;PVT-F458-DATA-001;PVT-F458-DATA-002;PVT-F458-VAL-001;PVT-F458-VAL-002;PVT-F458-CALC-001;PVT-F458-UX-001;PVT-F458-UX-002;PVT-F458-SEC-001;PVT-F458-SEC-002;PVT-F458-AUTO-001;PVT-F458-APP-001;PVT-F458-APP-002;PVT-F458-NOTIF-001;PVT-F458-REP-001;PVT-F458-AI-001;PVT-F458-AI-002;PVT-F458-INT-001;PVT-F458-INT-002;PVT-F458-API-001;PVT-F458-PERF-001;PVT-F458-PERF-002;PVT-F458-OBS-001;PVT-F458-OBS-002;PVT-F458-E2E-001;PVT-F458-E2E-002;PVT-F458-UAT-001;PVT-F458-UAT-002,AUTHORIZED_BY_PASS_F_SUBJECT_TO_WAVE_DEPENDENCIES,NOT_READY
F459,Period locks,Accounting / Finance,docs/03-modules/accounting/features/F459-period-locks.md,F459-CAP-001,F459-FLOW-001;F459-FLOW-002;F459-FLOW-003,F459-BR-001;F459-BR-002,F459-DATA-001;F459-DATA-002,F459-VAL-001;F459-VAL-002,F459-CALC-001,F459-UX-001;F459-UX-002,F459-SEC-001;F459-SEC-002,F459-INT-001;F459-INT-002,F459-API-001,F459-E2E-001;F459-E2E-002,F459-UAT-001;F459-UAT-002,APPROVED,8,APPROVED,F459-PFC-01;F459-PFC-02;F459-PFC-03;F459-PFC-04;F459-PFC-05;F459-PFC-06;F459-PFC-07;F459-PFC-08;F459-PFC-09;F459-PFC-10,F459-STM-01;F459-STM-02;F459-STM-03;F459-STM-04;F459-STM-05,APPROVED,PFD-BM-F459-1;PFD-BM-F459-2,APPROVED,services/api/src/modules/accounting,apps/web/src/modules/accounting,APPROVAL_ONLY,W06,F459-E2E-001;F459-UAT-001;PVT-F459-CAP-001;PVT-F459-FR-001;PVT-F459-FR-002;PVT-F459-FR-003;PVT-F459-US-001;PVT-F459-FLOW-001;PVT-F459-FLOW-002;PVT-F459-FLOW-003;PVT-F459-BR-001;PVT-F459-BR-002;PVT-F459-DATA-001;PVT-F459-DATA-002;PVT-F459-VAL-001;PVT-F459-VAL-002;PVT-F459-CALC-001;PVT-F459-UX-001;PVT-F459-UX-002;PVT-F459-SEC-001;PVT-F459-SEC-002;PVT-F459-AUTO-001;PVT-F459-APP-001;PVT-F459-APP-002;PVT-F459-NOTIF-001;PVT-F459-REP-001;PVT-F459-AI-001;PVT-F459-AI-002;PVT-F459-INT-001;PVT-F459-INT-002;PVT-F459-API-001;PVT-F459-PERF-001;PVT-F459-PERF-002;PVT-F459-OBS-001;PVT-F459-OBS-002;PVT-F459-E2E-001;PVT-F459-E2E-002;PVT-F459-UAT-001;PVT-F459-UAT-002,AUTHORIZED_BY_PASS_F_SUBJECT_TO_WAVE_DEPENDENCIES,NOT_READY
F460,Cost centres,Accounting / Finance,docs/03-modules/accounting/features/F460-cost-centres.md,F460-CAP-001,F460-FLOW-001;F460-FLOW-002;F460-FLOW-003,F460-BR-001;F460-BR-002,F460-DATA-001;F460-DATA-002,F460-VAL-001;F460-VAL-002,F460-CALC-001,F460-UX-001;F460-UX-002,F460-SEC-001;F460-SEC-002,F460-INT-001;F460-INT-002,F460-API-001,F460-E2E-001;F460-E2E-002,F460-UAT-001;F460-UAT-002,APPROVED,8,APPROVED,F460-PFC-01;F460-PFC-02;F460-PFC-03;F460-PFC-04;F460-PFC-05;F460-PFC-06;F460-PFC-07;F460-PFC-08;F460-PFC-09;F460-PFC-10,F460-STM-01;F460-STM-02;F460-STM-03;F460-STM-04;F460-STM-05,APPROVED,PFD-BM-F460-1;PFD-BM-F460-2,APPROVED,services/api/src/modules/accounting,apps/web/src/modules/accounting,READ_ONLY,W06,F460-E2E-001;F460-UAT-001;PVT-F460-CAP-001;PVT-F460-FR-001;PVT-F460-FR-002;PVT-F460-FR-003;PVT-F460-US-001;PVT-F460-FLOW-001;PVT-F460-FLOW-002;PVT-F460-FLOW-003;PVT-F460-BR-001;PVT-F460-BR-002;PVT-F460-DATA-001;PVT-F460-DATA-002;PVT-F460-VAL-001;PVT-F460-VAL-002;PVT-F460-CALC-001;PVT-F460-UX-001;PVT-F460-UX-002;PVT-F460-SEC-001;PVT-F460-SEC-002;PVT-F460-AUTO-001;PVT-F460-APP-001;PVT-F460-APP-002;PVT-F460-NOTIF-001;PVT-F460-REP-001;PVT-F460-AI-001;PVT-F460-AI-002;PVT-F460-INT-001;PVT-F460-INT-002;PVT-F460-API-001;PVT-F460-PERF-001;PVT-F460-PERF-002;PVT-F460-OBS-001;PVT-F460-OBS-002;PVT-F460-E2E-001;PVT-F460-E2E-002;PVT-F460-UAT-001;PVT-F460-UAT-002,AUTHORIZED_BY_PASS_F_SUBJECT_TO_WAVE_DEPENDENCIES,NOT_READY
F461,Departments / financial dimensions,Accounting / Finance,docs/03-modules/accounting/features/F461-departments-financial-dimensions.md,F461-CAP-001,F461-FLOW-001;F461-FLOW-002;F461-FLOW-003,F461-BR-001;F461-BR-002,F461-DATA-001;F461-DATA-002,F461-VAL-001;F461-VAL-002,F461-CALC-001,F461-UX-001;F461-UX-002,F461-SEC-001;F461-SEC-002,F461-INT-001;F461-INT-002,F461-API-001,F461-E2E-001;F461-E2E-002,F461-UAT-001;F461-UAT-002,APPROVED,8,APPROVED,F461-PFC-01;F461-PFC-02;F461-PFC-03;F461-PFC-04;F461-PFC-05;F461-PFC-06;F461-PFC-07;F461-PFC-08;F461-PFC-09;F461-PFC-10,F461-STM-01;F461-STM-02;F461-STM-03;F461-STM-04;F461-STM-05,APPROVED,PFD-BM-F461-1;PFD-BM-F461-2,APPROVED,services/api/src/modules/accounting,apps/web/src/modules/accounting,READ_ONLY,W06,F461-E2E-001;F461-UAT-001;PVT-F461-CAP-001;PVT-F461-FR-001;PVT-F461-FR-002;PVT-F461-FR-003;PVT-F461-US-001;PVT-F461-FLOW-001;PVT-F461-FLOW-002;PVT-F461-FLOW-003;PVT-F461-BR-001;PVT-F461-BR-002;PVT-F461-DATA-001;PVT-F461-DATA-002;PVT-F461-VAL-001;PVT-F461-VAL-002;PVT-F461-CALC-001;PVT-F461-UX-001;PVT-F461-UX-002;PVT-F461-SEC-001;PVT-F461-SEC-002;PVT-F461-AUTO-001;PVT-F461-APP-001;PVT-F461-APP-002;PVT-F461-NOTIF-001;PVT-F461-REP-001;PVT-F461-AI-001;PVT-F461-AI-002;PVT-F461-INT-001;PVT-F461-INT-002;PVT-F461-API-001;PVT-F461-PERF-001;PVT-F461-PERF-002;PVT-F461-OBS-001;PVT-F461-OBS-002;PVT-F461-E2E-001;PVT-F461-E2E-002;PVT-F461-UAT-001;PVT-F461-UAT-002,AUTHORIZED_BY_PASS_F_SUBJECT_TO_WAVE_DEPENDENCIES,NOT_READY
F462,Custom accounting dimensions,Accounting / Finance,docs/03-modules/accounting/features/F462-custom-accounting-dimensions.md,F462-CAP-001,F462-FLOW-001;F462-FLOW-002;F462-FLOW-003,F462-BR-001;F462-BR-002,F462-DATA-001;F462-DATA-002,F462-VAL-001;F462-VAL-002,F462-CALC-001,F462-UX-001;F462-UX-002,F462-SEC-001;F462-SEC-002,F462-INT-001;F462-INT-002,F462-API-001,F462-E2E-001;F462-E2E-002,F462-UAT-001;F462-UAT-002,APPROVED,8,APPROVED,F462-PFC-01;F462-PFC-02;F462-PFC-03;F462-PFC-04;F462-PFC-05;F462-PFC-06;F462-PFC-07;F462-PFC-08;F462-PFC-09;F462-PFC-10,F462-STM-01;F462-STM-02;F462-STM-03;F462-STM-04;F462-STM-05,APPROVED,PFD-BM-F462-1;PFD-BM-F462-2,APPROVED,services/api/src/modules/accounting,apps/web/src/modules/accounting,READ_ONLY,W06,F462-E2E-001;F462-UAT-001;PVT-F462-CAP-001;PVT-F462-FR-001;PVT-F462-FR-002;PVT-F462-FR-003;PVT-F462-US-001;PVT-F462-FLOW-001;PVT-F462-FLOW-002;PVT-F462-FLOW-003;PVT-F462-BR-001;PVT-F462-BR-002;PVT-F462-DATA-001;PVT-F462-DATA-002;PVT-F462-VAL-001;PVT-F462-VAL-002;PVT-F462-CALC-001;PVT-F462-UX-001;PVT-F462-UX-002;PVT-F462-SEC-001;PVT-F462-SEC-002;PVT-F462-AUTO-001;PVT-F462-APP-001;PVT-F462-APP-002;PVT-F462-NOTIF-001;PVT-F462-REP-001;PVT-F462-AI-001;PVT-F462-AI-002;PVT-F462-INT-001;PVT-F462-INT-002;PVT-F462-API-001;PVT-F462-PERF-001;PVT-F462-PERF-002;PVT-F462-OBS-001;PVT-F462-OBS-002;PVT-F462-E2E-001;PVT-F462-E2E-002;PVT-F462-UAT-001;PVT-F462-UAT-002,AUTHORIZED_BY_PASS_F_SUBJECT_TO_WAVE_DEPENDENCIES,NOT_READY
F463,Customer invoices,Accounting / Finance,docs/03-modules/accounting/features/F463-customer-invoices.md,F463-CAP-001,F463-FLOW-001;F463-FLOW-002;F463-FLOW-003,F463-BR-001;F463-BR-002,F463-DATA-001;F463-DATA-002,F463-VAL-001;F463-VAL-002,F463-CALC-001,F463-UX-001;F463-UX-002,F463-SEC-001;F463-SEC-002,F463-INT-001;F463-INT-002,F463-API-001,F463-E2E-001;F463-E2E-002,F463-UAT-001;F463-UAT-002,APPROVED,8,APPROVED,F463-PFC-01;F463-PFC-02;F463-PFC-03;F463-PFC-04;F463-PFC-05;F463-PFC-06;F463-PFC-07;F463-PFC-08;F463-PFC-09;F463-PFC-10,F463-STM-01;F463-STM-02;F463-STM-03;F463-STM-04;F463-STM-05,APPROVED,PFD-BM-F463-1;PFD-BM-F463-2,APPROVED,services/api/src/modules/accounting,apps/web/src/modules/accounting,READ_ONLY,W06,F463-E2E-001;F463-UAT-001;PVT-F463-CAP-001;PVT-F463-FR-001;PVT-F463-FR-002;PVT-F463-FR-003;PVT-F463-US-001;PVT-F463-FLOW-001;PVT-F463-FLOW-002;PVT-F463-FLOW-003;PVT-F463-BR-001;PVT-F463-BR-002;PVT-F463-DATA-001;PVT-F463-DATA-002;PVT-F463-VAL-001;PVT-F463-VAL-002;PVT-F463-CALC-001;PVT-F463-UX-001;PVT-F463-UX-002;PVT-F463-SEC-001;PVT-F463-SEC-002;PVT-F463-AUTO-001;PVT-F463-APP-001;PVT-F463-APP-002;PVT-F463-NOTIF-001;PVT-F463-REP-001;PVT-F463-AI-001;PVT-F463-AI-002;PVT-F463-INT-001;PVT-F463-INT-002;PVT-F463-API-001;PVT-F463-PERF-001;PVT-F463-PERF-002;PVT-F463-OBS-001;PVT-F463-OBS-002;PVT-F463-E2E-001;PVT-F463-E2E-002;PVT-F463-UAT-001;PVT-F463-UAT-002,AUTHORIZED_BY_PASS_F_SUBJECT_TO_WAVE_DEPENDENCIES,NOT_READY
F464,Credit notes,Accounting / Finance,docs/03-modules/accounting/features/F464-credit-notes.md,F464-CAP-001,F464-FLOW-001;F464-FLOW-002;F464-FLOW-003,F464-BR-001;F464-BR-002,F464-DATA-001;F464-DATA-002,F464-VAL-001;F464-VAL-002,F464-CALC-001,F464-UX-001;F464-UX-002,F464-SEC-001;F464-SEC-002,F464-INT-001;F464-INT-002,F464-API-001,F464-E2E-001;F464-E2E-002,F464-UAT-001;F464-UAT-002,APPROVED,8,APPROVED,F464-PFC-01;F464-PFC-02;F464-PFC-03;F464-PFC-04;F464-PFC-05;F464-PFC-06;F464-PFC-07;F464-PFC-08;F464-PFC-09;F464-PFC-10,F464-STM-01;F464-STM-02;F464-STM-03;F464-STM-04;F464-STM-05,APPROVED,PFD-BM-F464-1;PFD-BM-F464-2,APPROVED,services/api/src/modules/accounting,apps/web/src/modules/accounting,APPROVAL_ONLY,W06,F464-E2E-001;F464-UAT-001;PVT-F464-CAP-001;PVT-F464-FR-001;PVT-F464-FR-002;PVT-F464-FR-003;PVT-F464-US-001;PVT-F464-FLOW-001;PVT-F464-FLOW-002;PVT-F464-FLOW-003;PVT-F464-BR-001;PVT-F464-BR-002;PVT-F464-DATA-001;PVT-F464-DATA-002;PVT-F464-VAL-001;PVT-F464-VAL-002;PVT-F464-CALC-001;PVT-F464-UX-001;PVT-F464-UX-002;PVT-F464-SEC-001;PVT-F464-SEC-002;PVT-F464-AUTO-001;PVT-F464-APP-001;PVT-F464-APP-002;PVT-F464-NOTIF-001;PVT-F464-REP-001;PVT-F464-AI-001;PVT-F464-AI-002;PVT-F464-INT-001;PVT-F464-INT-002;PVT-F464-API-001;PVT-F464-PERF-001;PVT-F464-PERF-002;PVT-F464-OBS-001;PVT-F464-OBS-002;PVT-F464-E2E-001;PVT-F464-E2E-002;PVT-F464-UAT-001;PVT-F464-UAT-002,AUTHORIZED_BY_PASS_F_SUBJECT_TO_WAVE_DEPENDENCIES,NOT_READY
F465,Customer receipts,Accounting / Finance,docs/03-modules/accounting/features/F465-customer-receipts.md,F465-CAP-001,F465-FLOW-001;F465-FLOW-002;F465-FLOW-003,F465-BR-001;F465-BR-002,F465-DATA-001;F465-DATA-002,F465-VAL-001;F465-VAL-002,F465-CALC-001,F465-UX-001;F465-UX-002,F465-SEC-001;F465-SEC-002,F465-INT-001;F465-INT-002,F465-API-001,F465-E2E-001;F465-E2E-002,F465-UAT-001;F465-UAT-002,APPROVED,8,APPROVED,F465-PFC-01;F465-PFC-02;F465-PFC-03;F465-PFC-04;F465-PFC-05;F465-PFC-06;F465-PFC-07;F465-PFC-08;F465-PFC-09;F465-PFC-10,F465-STM-01;F465-STM-02;F465-STM-03;F465-STM-04;F465-STM-05,APPROVED,PFD-BM-F465-1;PFD-BM-F465-2,APPROVED,services/api/src/modules/accounting,apps/web/src/modules/accounting,FIELD_OPTIMIZED,W06,F465-E2E-001;F465-UAT-001;PVT-F465-CAP-001;PVT-F465-FR-001;PVT-F465-FR-002;PVT-F465-FR-003;PVT-F465-US-001;PVT-F465-FLOW-001;PVT-F465-FLOW-002;PVT-F465-FLOW-003;PVT-F465-BR-001;PVT-F465-BR-002;PVT-F465-DATA-001;PVT-F465-DATA-002;PVT-F465-VAL-001;PVT-F465-VAL-002;PVT-F465-CALC-001;PVT-F465-UX-001;PVT-F465-UX-002;PVT-F465-SEC-001;PVT-F465-SEC-002;PVT-F465-AUTO-001;PVT-F465-APP-001;PVT-F465-APP-002;PVT-F465-NOTIF-001;PVT-F465-REP-001;PVT-F465-AI-001;PVT-F465-AI-002;PVT-F465-INT-001;PVT-F465-INT-002;PVT-F465-API-001;PVT-F465-PERF-001;PVT-F465-PERF-002;PVT-F465-OBS-001;PVT-F465-OBS-002;PVT-F465-E2E-001;PVT-F465-E2E-002;PVT-F465-UAT-001;PVT-F465-UAT-002,AUTHORIZED_BY_PASS_F_SUBJECT_TO_WAVE_DEPENDENCIES,NOT_READY
F466,Payment allocation,Accounting / Finance,docs/03-modules/accounting/features/F466-payment-allocation.md,F466-CAP-001,F466-FLOW-001;F466-FLOW-002;F466-FLOW-003,F466-BR-001;F466-BR-002,F466-DATA-001;F466-DATA-002,F466-VAL-001;F466-VAL-002,F466-CALC-001,F466-UX-001;F466-UX-002,F466-SEC-001;F466-SEC-002,F466-INT-001;F466-INT-002,F466-API-001,F466-E2E-001;F466-E2E-002,F466-UAT-001;F466-UAT-002,APPROVED,8,APPROVED,F466-PFC-01;F466-PFC-02;F466-PFC-03;F466-PFC-04;F466-PFC-05;F466-PFC-06;F466-PFC-07;F466-PFC-08;F466-PFC-09;F466-PFC-10,F466-STM-01;F466-STM-02;F466-STM-03;F466-STM-04;F466-STM-05,APPROVED,PFD-BM-F466-1;PFD-BM-F466-2,APPROVED,services/api/src/modules/accounting,apps/web/src/modules/accounting,APPROVAL_ONLY,W06,F466-E2E-001;F466-UAT-001;PVT-F466-CAP-001;PVT-F466-FR-001;PVT-F466-FR-002;PVT-F466-FR-003;PVT-F466-US-001;PVT-F466-FLOW-001;PVT-F466-FLOW-002;PVT-F466-FLOW-003;PVT-F466-BR-001;PVT-F466-BR-002;PVT-F466-DATA-001;PVT-F466-DATA-002;PVT-F466-VAL-001;PVT-F466-VAL-002;PVT-F466-CALC-001;PVT-F466-UX-001;PVT-F466-UX-002;PVT-F466-SEC-001;PVT-F466-SEC-002;PVT-F466-AUTO-001;PVT-F466-APP-001;PVT-F466-APP-002;PVT-F466-NOTIF-001;PVT-F466-REP-001;PVT-F466-AI-001;PVT-F466-AI-002;PVT-F466-INT-001;PVT-F466-INT-002;PVT-F466-API-001;PVT-F466-PERF-001;PVT-F466-PERF-002;PVT-F466-OBS-001;PVT-F466-OBS-002;PVT-F466-E2E-001;PVT-F466-E2E-002;PVT-F466-UAT-001;PVT-F466-UAT-002,AUTHORIZED_BY_PASS_F_SUBJECT_TO_WAVE_DEPENDENCIES,NOT_READY
F467,Outstanding balances,Accounting / Finance,docs/03-modules/accounting/features/F467-outstanding-balances.md,F467-CAP-001,F467-FLOW-001;F467-FLOW-002;F467-FLOW-003,F467-BR-001;F467-BR-002,F467-DATA-001;F467-DATA-002,F467-VAL-001;F467-VAL-002,F467-CALC-001,F467-UX-001;F467-UX-002,F467-SEC-001;F467-SEC-002,F467-INT-001;F467-INT-002,F467-API-001,F467-E2E-001;F467-E2E-002,F467-UAT-001;F467-UAT-002,APPROVED,8,APPROVED,F467-PFC-01;F467-PFC-02;F467-PFC-03;F467-PFC-04;F467-PFC-05;F467-PFC-06;F467-PFC-07;F467-PFC-08;F467-PFC-09;F467-PFC-10,F467-STM-01;F467-STM-02;F467-STM-03;F467-STM-04;F467-STM-05,APPROVED,PFD-BM-F467-1;PFD-BM-F467-2,APPROVED,services/api/src/modules/accounting,apps/web/src/modules/accounting,READ_ONLY,W06,F467-E2E-001;F467-UAT-001;PVT-F467-CAP-001;PVT-F467-FR-001;PVT-F467-FR-002;PVT-F467-FR-003;PVT-F467-US-001;PVT-F467-FLOW-001;PVT-F467-FLOW-002;PVT-F467-FLOW-003;PVT-F467-BR-001;PVT-F467-BR-002;PVT-F467-DATA-001;PVT-F467-DATA-002;PVT-F467-VAL-001;PVT-F467-VAL-002;PVT-F467-CALC-001;PVT-F467-UX-001;PVT-F467-UX-002;PVT-F467-SEC-001;PVT-F467-SEC-002;PVT-F467-AUTO-001;PVT-F467-APP-001;PVT-F467-APP-002;PVT-F467-NOTIF-001;PVT-F467-REP-001;PVT-F467-AI-001;PVT-F467-AI-002;PVT-F467-INT-001;PVT-F467-INT-002;PVT-F467-API-001;PVT-F467-PERF-001;PVT-F467-PERF-002;PVT-F467-OBS-001;PVT-F467-OBS-002;PVT-F467-E2E-001;PVT-F467-E2E-002;PVT-F467-UAT-001;PVT-F467-UAT-002,AUTHORIZED_BY_PASS_F_SUBJECT_TO_WAVE_DEPENDENCIES,NOT_READY
F468,AR aging,Accounting / Finance,docs/03-modules/accounting/features/F468-ar-aging.md,F468-CAP-001,F468-FLOW-001;F468-FLOW-002;F468-FLOW-003,F468-BR-001;F468-BR-002,F468-DATA-001;F468-DATA-002,F468-VAL-001;F468-VAL-002,F468-CALC-001,F468-UX-001;F468-UX-002,F468-SEC-001;F468-SEC-002,F468-INT-001;F468-INT-002,F468-API-001,F468-E2E-001;F468-E2E-002,F468-UAT-001;F468-UAT-002,APPROVED,8,APPROVED,F468-PFC-01;F468-PFC-02;F468-PFC-03;F468-PFC-04;F468-PFC-05;F468-PFC-06;F468-PFC-07;F468-PFC-08;F468-PFC-09;F468-PFC-10,F468-STM-01;F468-STM-02;F468-STM-03;F468-STM-04;F468-STM-05,APPROVED,PFD-BM-F468-1;PFD-BM-F468-2,APPROVED,services/api/src/modules/accounting,apps/web/src/modules/accounting,READ_ONLY,W06,F468-E2E-001;F468-UAT-001;PVT-F468-CAP-001;PVT-F468-FR-001;PVT-F468-FR-002;PVT-F468-FR-003;PVT-F468-US-001;PVT-F468-FLOW-001;PVT-F468-FLOW-002;PVT-F468-FLOW-003;PVT-F468-BR-001;PVT-F468-BR-002;PVT-F468-DATA-001;PVT-F468-DATA-002;PVT-F468-VAL-001;PVT-F468-VAL-002;PVT-F468-CALC-001;PVT-F468-UX-001;PVT-F468-UX-002;PVT-F468-SEC-001;PVT-F468-SEC-002;PVT-F468-AUTO-001;PVT-F468-APP-001;PVT-F468-APP-002;PVT-F468-NOTIF-001;PVT-F468-REP-001;PVT-F468-AI-001;PVT-F468-AI-002;PVT-F468-INT-001;PVT-F468-INT-002;PVT-F468-API-001;PVT-F468-PERF-001;PVT-F468-PERF-002;PVT-F468-OBS-001;PVT-F468-OBS-002;PVT-F468-E2E-001;PVT-F468-E2E-002;PVT-F468-UAT-001;PVT-F468-UAT-002,AUTHORIZED_BY_PASS_F_SUBJECT_TO_WAVE_DEPENDENCIES,NOT_READY
F469,Customer statements,Accounting / Finance,docs/03-modules/accounting/features/F469-customer-statements.md,F469-CAP-001,F469-FLOW-001;F469-FLOW-002;F469-FLOW-003,F469-BR-001;F469-BR-002,F469-DATA-001;F469-DATA-002,F469-VAL-001;F469-VAL-002,F469-CALC-001,F469-UX-001;F469-UX-002,F469-SEC-001;F469-SEC-002,F469-INT-001;F469-INT-002,F469-API-001,F469-E2E-001;F469-E2E-002,F469-UAT-001;F469-UAT-002,APPROVED,8,APPROVED,F469-PFC-01;F469-PFC-02;F469-PFC-03;F469-PFC-04;F469-PFC-05;F469-PFC-06;F469-PFC-07;F469-PFC-08;F469-PFC-09;F469-PFC-10,F469-STM-01;F469-STM-02;F469-STM-03;F469-STM-04;F469-STM-05,APPROVED,PFD-BM-F469-1;PFD-BM-F469-2,APPROVED,services/api/src/modules/accounting,apps/web/src/modules/accounting,READ_ONLY,W06,F469-E2E-001;F469-UAT-001;PVT-F469-CAP-001;PVT-F469-FR-001;PVT-F469-FR-002;PVT-F469-FR-003;PVT-F469-US-001;PVT-F469-FLOW-001;PVT-F469-FLOW-002;PVT-F469-FLOW-003;PVT-F469-BR-001;PVT-F469-BR-002;PVT-F469-DATA-001;PVT-F469-DATA-002;PVT-F469-VAL-001;PVT-F469-VAL-002;PVT-F469-CALC-001;PVT-F469-UX-001;PVT-F469-UX-002;PVT-F469-SEC-001;PVT-F469-SEC-002;PVT-F469-AUTO-001;PVT-F469-APP-001;PVT-F469-APP-002;PVT-F469-NOTIF-001;PVT-F469-REP-001;PVT-F469-AI-001;PVT-F469-AI-002;PVT-F469-INT-001;PVT-F469-INT-002;PVT-F469-API-001;PVT-F469-PERF-001;PVT-F469-PERF-002;PVT-F469-OBS-001;PVT-F469-OBS-002;PVT-F469-E2E-001;PVT-F469-E2E-002;PVT-F469-UAT-001;PVT-F469-UAT-002,AUTHORIZED_BY_PASS_F_SUBJECT_TO_WAVE_DEPENDENCIES,NOT_READY
F470,Credit control,Accounting / Finance,docs/03-modules/accounting/features/F470-credit-control.md,F470-CAP-001,F470-FLOW-001;F470-FLOW-002;F470-FLOW-003,F470-BR-001;F470-BR-002,F470-DATA-001;F470-DATA-002,F470-VAL-001;F470-VAL-002,F470-CALC-001,F470-UX-001;F470-UX-002,F470-SEC-001;F470-SEC-002,F470-INT-001;F470-INT-002,F470-API-001,F470-E2E-001;F470-E2E-002,F470-UAT-001;F470-UAT-002,APPROVED,8,APPROVED,F470-PFC-01;F470-PFC-02;F470-PFC-03;F470-PFC-04;F470-PFC-05;F470-PFC-06;F470-PFC-07;F470-PFC-08;F470-PFC-09;F470-PFC-10,F470-STM-01;F470-STM-02;F470-STM-03;F470-STM-04;F470-STM-05,APPROVED,PFD-BM-F470-1;PFD-BM-F470-2,APPROVED,services/api/src/modules/accounting,apps/web/src/modules/accounting,APPROVAL_ONLY,W06,F470-E2E-001;F470-UAT-001;PVT-F470-CAP-001;PVT-F470-FR-001;PVT-F470-FR-002;PVT-F470-FR-003;PVT-F470-US-001;PVT-F470-FLOW-001;PVT-F470-FLOW-002;PVT-F470-FLOW-003;PVT-F470-BR-001;PVT-F470-BR-002;PVT-F470-DATA-001;PVT-F470-DATA-002;PVT-F470-VAL-001;PVT-F470-VAL-002;PVT-F470-CALC-001;PVT-F470-UX-001;PVT-F470-UX-002;PVT-F470-SEC-001;PVT-F470-SEC-002;PVT-F470-AUTO-001;PVT-F470-APP-001;PVT-F470-APP-002;PVT-F470-NOTIF-001;PVT-F470-REP-001;PVT-F470-AI-001;PVT-F470-AI-002;PVT-F470-INT-001;PVT-F470-INT-002;PVT-F470-API-001;PVT-F470-PERF-001;PVT-F470-PERF-002;PVT-F470-OBS-001;PVT-F470-OBS-002;PVT-F470-E2E-001;PVT-F470-E2E-002;PVT-F470-UAT-001;PVT-F470-UAT-002,AUTHORIZED_BY_PASS_F_SUBJECT_TO_WAVE_DEPENDENCIES,NOT_READY
F471,Supplier invoices,Accounting / Finance,docs/03-modules/accounting/features/F471-supplier-invoices.md,F471-CAP-001,F471-FLOW-001;F471-FLOW-002;F471-FLOW-003,F471-BR-001;F471-BR-002,F471-DATA-001;F471-DATA-002,F471-VAL-001;F471-VAL-002,F471-CALC-001,F471-UX-001;F471-UX-002,F471-SEC-001;F471-SEC-002,F471-INT-001;F471-INT-002,F471-API-001,F471-E2E-001;F471-E2E-002,F471-UAT-001;F471-UAT-002,APPROVED,8,APPROVED,F471-PFC-01;F471-PFC-02;F471-PFC-03;F471-PFC-04;F471-PFC-05;F471-PFC-06;F471-PFC-07;F471-PFC-08;F471-PFC-09;F471-PFC-10,F471-STM-01;F471-STM-02;F471-STM-03;F471-STM-04;F471-STM-05,APPROVED,PFD-BM-F471-1;PFD-BM-F471-2,APPROVED,services/api/src/modules/accounting,apps/web/src/modules/accounting,READ_ONLY,W06,F471-E2E-001;F471-UAT-001;PVT-F471-CAP-001;PVT-F471-FR-001;PVT-F471-FR-002;PVT-F471-FR-003;PVT-F471-US-001;PVT-F471-FLOW-001;PVT-F471-FLOW-002;PVT-F471-FLOW-003;PVT-F471-BR-001;PVT-F471-BR-002;PVT-F471-DATA-001;PVT-F471-DATA-002;PVT-F471-VAL-001;PVT-F471-VAL-002;PVT-F471-CALC-001;PVT-F471-UX-001;PVT-F471-UX-002;PVT-F471-SEC-001;PVT-F471-SEC-002;PVT-F471-AUTO-001;PVT-F471-APP-001;PVT-F471-APP-002;PVT-F471-NOTIF-001;PVT-F471-REP-001;PVT-F471-AI-001;PVT-F471-AI-002;PVT-F471-INT-001;PVT-F471-INT-002;PVT-F471-API-001;PVT-F471-PERF-001;PVT-F471-PERF-002;PVT-F471-OBS-001;PVT-F471-OBS-002;PVT-F471-E2E-001;PVT-F471-E2E-002;PVT-F471-UAT-001;PVT-F471-UAT-002,AUTHORIZED_BY_PASS_F_SUBJECT_TO_WAVE_DEPENDENCIES,NOT_READY
F472,Debit notes,Accounting / Finance,docs/03-modules/accounting/features/F472-debit-notes.md,F472-CAP-001,F472-FLOW-001;F472-FLOW-002;F472-FLOW-003,F472-BR-001;F472-BR-002,F472-DATA-001;F472-DATA-002,F472-VAL-001;F472-VAL-002,F472-CALC-001,F472-UX-001;F472-UX-002,F472-SEC-001;F472-SEC-002,F472-INT-001;F472-INT-002,F472-API-001,F472-E2E-001;F472-E2E-002,F472-UAT-001;F472-UAT-002,APPROVED,8,APPROVED,F472-PFC-01;F472-PFC-02;F472-PFC-03;F472-PFC-04;F472-PFC-05;F472-PFC-06;F472-PFC-07;F472-PFC-08;F472-PFC-09;F472-PFC-10,F472-STM-01;F472-STM-02;F472-STM-03;F472-STM-04;F472-STM-05,APPROVED,PFD-BM-F472-1;PFD-BM-F472-2,APPROVED,services/api/src/modules/accounting,apps/web/src/modules/accounting,APPROVAL_ONLY,W06,F472-E2E-001;F472-UAT-001;PVT-F472-CAP-001;PVT-F472-FR-001;PVT-F472-FR-002;PVT-F472-FR-003;PVT-F472-US-001;PVT-F472-FLOW-001;PVT-F472-FLOW-002;PVT-F472-FLOW-003;PVT-F472-BR-001;PVT-F472-BR-002;PVT-F472-DATA-001;PVT-F472-DATA-002;PVT-F472-VAL-001;PVT-F472-VAL-002;PVT-F472-CALC-001;PVT-F472-UX-001;PVT-F472-UX-002;PVT-F472-SEC-001;PVT-F472-SEC-002;PVT-F472-AUTO-001;PVT-F472-APP-001;PVT-F472-APP-002;PVT-F472-NOTIF-001;PVT-F472-REP-001;PVT-F472-AI-001;PVT-F472-AI-002;PVT-F472-INT-001;PVT-F472-INT-002;PVT-F472-API-001;PVT-F472-PERF-001;PVT-F472-PERF-002;PVT-F472-OBS-001;PVT-F472-OBS-002;PVT-F472-E2E-001;PVT-F472-E2E-002;PVT-F472-UAT-001;PVT-F472-UAT-002,AUTHORIZED_BY_PASS_F_SUBJECT_TO_WAVE_DEPENDENCIES,NOT_READY
F473,Supplier payments,Accounting / Finance,docs/03-modules/accounting/features/F473-supplier-payments.md,F473-CAP-001,F473-FLOW-001;F473-FLOW-002;F473-FLOW-003,F473-BR-001;F473-BR-002,F473-DATA-001;F473-DATA-002,F473-VAL-001;F473-VAL-002,F473-CALC-001,F473-UX-001;F473-UX-002,F473-SEC-001;F473-SEC-002,F473-INT-001;F473-INT-002,F473-API-001,F473-E2E-001;F473-E2E-002,F473-UAT-001;F473-UAT-002,APPROVED,8,APPROVED,F473-PFC-01;F473-PFC-02;F473-PFC-03;F473-PFC-04;F473-PFC-05;F473-PFC-06;F473-PFC-07;F473-PFC-08;F473-PFC-09;F473-PFC-10,F473-STM-01;F473-STM-02;F473-STM-03;F473-STM-04;F473-STM-05,APPROVED,PFD-BM-F473-1;PFD-BM-F473-2,APPROVED,services/api/src/modules/accounting,apps/web/src/modules/accounting,APPROVAL_ONLY,W06,F473-E2E-001;F473-UAT-001;PVT-F473-CAP-001;PVT-F473-FR-001;PVT-F473-FR-002;PVT-F473-FR-003;PVT-F473-US-001;PVT-F473-FLOW-001;PVT-F473-FLOW-002;PVT-F473-FLOW-003;PVT-F473-BR-001;PVT-F473-BR-002;PVT-F473-DATA-001;PVT-F473-DATA-002;PVT-F473-VAL-001;PVT-F473-VAL-002;PVT-F473-CALC-001;PVT-F473-UX-001;PVT-F473-UX-002;PVT-F473-SEC-001;PVT-F473-SEC-002;PVT-F473-AUTO-001;PVT-F473-APP-001;PVT-F473-APP-002;PVT-F473-NOTIF-001;PVT-F473-REP-001;PVT-F473-AI-001;PVT-F473-AI-002;PVT-F473-INT-001;PVT-F473-INT-002;PVT-F473-API-001;PVT-F473-PERF-001;PVT-F473-PERF-002;PVT-F473-OBS-001;PVT-F473-OBS-002;PVT-F473-E2E-001;PVT-F473-E2E-002;PVT-F473-UAT-001;PVT-F473-UAT-002,AUTHORIZED_BY_PASS_F_SUBJECT_TO_WAVE_DEPENDENCIES,NOT_READY
F474,Supplier payment allocation,Accounting / Finance,docs/03-modules/accounting/features/F474-supplier-payment-allocation.md,F474-CAP-001,F474-FLOW-001;F474-FLOW-002;F474-FLOW-003,F474-BR-001;F474-BR-002,F474-DATA-001;F474-DATA-002,F474-VAL-001;F474-VAL-002,F474-CALC-001,F474-UX-001;F474-UX-002,F474-SEC-001;F474-SEC-002,F474-INT-001;F474-INT-002,F474-API-001,F474-E2E-001;F474-E2E-002,F474-UAT-001;F474-UAT-002,APPROVED,8,APPROVED,F474-PFC-01;F474-PFC-02;F474-PFC-03;F474-PFC-04;F474-PFC-05;F474-PFC-06;F474-PFC-07;F474-PFC-08;F474-PFC-09;F474-PFC-10,F474-STM-01;F474-STM-02;F474-STM-03;F474-STM-04;F474-STM-05,APPROVED,PFD-BM-F474-1;PFD-BM-F474-2,APPROVED,services/api/src/modules/accounting,apps/web/src/modules/accounting,APPROVAL_ONLY,W06,F474-E2E-001;F474-UAT-001;PVT-F474-CAP-001;PVT-F474-FR-001;PVT-F474-FR-002;PVT-F474-FR-003;PVT-F474-US-001;PVT-F474-FLOW-001;PVT-F474-FLOW-002;PVT-F474-FLOW-003;PVT-F474-BR-001;PVT-F474-BR-002;PVT-F474-DATA-001;PVT-F474-DATA-002;PVT-F474-VAL-001;PVT-F474-VAL-002;PVT-F474-CALC-001;PVT-F474-UX-001;PVT-F474-UX-002;PVT-F474-SEC-001;PVT-F474-SEC-002;PVT-F474-AUTO-001;PVT-F474-APP-001;PVT-F474-APP-002;PVT-F474-NOTIF-001;PVT-F474-REP-001;PVT-F474-AI-001;PVT-F474-AI-002;PVT-F474-INT-001;PVT-F474-INT-002;PVT-F474-API-001;PVT-F474-PERF-001;PVT-F474-PERF-002;PVT-F474-OBS-001;PVT-F474-OBS-002;PVT-F474-E2E-001;PVT-F474-E2E-002;PVT-F474-UAT-001;PVT-F474-UAT-002,AUTHORIZED_BY_PASS_F_SUBJECT_TO_WAVE_DEPENDENCIES,NOT_READY
F475,AP aging,Accounting / Finance,docs/03-modules/accounting/features/F475-ap-aging.md,F475-CAP-001,F475-FLOW-001;F475-FLOW-002;F475-FLOW-003,F475-BR-001;F475-BR-002,F475-DATA-001;F475-DATA-002,F475-VAL-001;F475-VAL-002,F475-CALC-001,F475-UX-001;F475-UX-002,F475-SEC-001;F475-SEC-002,F475-INT-001;F475-INT-002,F475-API-001,F475-E2E-001;F475-E2E-002,F475-UAT-001;F475-UAT-002,APPROVED,8,APPROVED,F475-PFC-01;F475-PFC-02;F475-PFC-03;F475-PFC-04;F475-PFC-05;F475-PFC-06;F475-PFC-07;F475-PFC-08;F475-PFC-09;F475-PFC-10,F475-STM-01;F475-STM-02;F475-STM-03;F475-STM-04;F475-STM-05,APPROVED,PFD-BM-F475-1;PFD-BM-F475-2,APPROVED,services/api/src/modules/accounting,apps/web/src/modules/accounting,READ_ONLY,W06,F475-E2E-001;F475-UAT-001;PVT-F475-CAP-001;PVT-F475-FR-001;PVT-F475-FR-002;PVT-F475-FR-003;PVT-F475-US-001;PVT-F475-FLOW-001;PVT-F475-FLOW-002;PVT-F475-FLOW-003;PVT-F475-BR-001;PVT-F475-BR-002;PVT-F475-DATA-001;PVT-F475-DATA-002;PVT-F475-VAL-001;PVT-F475-VAL-002;PVT-F475-CALC-001;PVT-F475-UX-001;PVT-F475-UX-002;PVT-F475-SEC-001;PVT-F475-SEC-002;PVT-F475-AUTO-001;PVT-F475-APP-001;PVT-F475-APP-002;PVT-F475-NOTIF-001;PVT-F475-REP-001;PVT-F475-AI-001;PVT-F475-AI-002;PVT-F475-INT-001;PVT-F475-INT-002;PVT-F475-API-001;PVT-F475-PERF-001;PVT-F475-PERF-002;PVT-F475-OBS-001;PVT-F475-OBS-002;PVT-F475-E2E-001;PVT-F475-E2E-002;PVT-F475-UAT-001;PVT-F475-UAT-002,AUTHORIZED_BY_PASS_F_SUBJECT_TO_WAVE_DEPENDENCIES,NOT_READY
F476,Bank accounts,Accounting / Finance,docs/03-modules/accounting/features/F476-bank-accounts.md,F476-CAP-001,F476-FLOW-001;F476-FLOW-002;F476-FLOW-003,F476-BR-001;F476-BR-002,F476-DATA-001;F476-DATA-002,F476-VAL-001;F476-VAL-002,F476-CALC-001,F476-UX-001;F476-UX-002,F476-SEC-001;F476-SEC-002,F476-INT-001;F476-INT-002,F476-API-001,F476-E2E-001;F476-E2E-002,F476-UAT-001;F476-UAT-002,APPROVED,8,APPROVED,F476-PFC-01;F476-PFC-02;F476-PFC-03;F476-PFC-04;F476-PFC-05;F476-PFC-06;F476-PFC-07;F476-PFC-08;F476-PFC-09;F476-PFC-10,F476-STM-01;F476-STM-02;F476-STM-03;F476-STM-04;F476-STM-05,APPROVED,PFD-BM-F476-1;PFD-BM-F476-2,APPROVED,services/api/src/modules/accounting,apps/web/src/modules/accounting,READ_ONLY,W06,F476-E2E-001;F476-UAT-001;PVT-F476-CAP-001;PVT-F476-FR-001;PVT-F476-FR-002;PVT-F476-FR-003;PVT-F476-US-001;PVT-F476-FLOW-001;PVT-F476-FLOW-002;PVT-F476-FLOW-003;PVT-F476-BR-001;PVT-F476-BR-002;PVT-F476-DATA-001;PVT-F476-DATA-002;PVT-F476-VAL-001;PVT-F476-VAL-002;PVT-F476-CALC-001;PVT-F476-UX-001;PVT-F476-UX-002;PVT-F476-SEC-001;PVT-F476-SEC-002;PVT-F476-AUTO-001;PVT-F476-APP-001;PVT-F476-APP-002;PVT-F476-NOTIF-001;PVT-F476-REP-001;PVT-F476-AI-001;PVT-F476-AI-002;PVT-F476-INT-001;PVT-F476-INT-002;PVT-F476-API-001;PVT-F476-PERF-001;PVT-F476-PERF-002;PVT-F476-OBS-001;PVT-F476-OBS-002;PVT-F476-E2E-001;PVT-F476-E2E-002;PVT-F476-UAT-001;PVT-F476-UAT-002,AUTHORIZED_BY_PASS_F_SUBJECT_TO_WAVE_DEPENDENCIES,NOT_READY
F477,Cash accounts,Accounting / Finance,docs/03-modules/accounting/features/F477-cash-accounts.md,F477-CAP-001,F477-FLOW-001;F477-FLOW-002;F477-FLOW-003,F477-BR-001;F477-BR-002,F477-DATA-001;F477-DATA-002,F477-VAL-001;F477-VAL-002,F477-CALC-001,F477-UX-001;F477-UX-002,F477-SEC-001;F477-SEC-002,F477-INT-001;F477-INT-002,F477-API-001,F477-E2E-001;F477-E2E-002,F477-UAT-001;F477-UAT-002,APPROVED,8,APPROVED,F477-PFC-01;F477-PFC-02;F477-PFC-03;F477-PFC-04;F477-PFC-05;F477-PFC-06;F477-PFC-07;F477-PFC-08;F477-PFC-09;F477-PFC-10,F477-STM-01;F477-STM-02;F477-STM-03;F477-STM-04;F477-STM-05,APPROVED,PFD-BM-F477-1;PFD-BM-F477-2,APPROVED,services/api/src/modules/accounting,apps/web/src/modules/accounting,READ_ONLY,W06,F477-E2E-001;F477-UAT-001;PVT-F477-CAP-001;PVT-F477-FR-001;PVT-F477-FR-002;PVT-F477-FR-003;PVT-F477-US-001;PVT-F477-FLOW-001;PVT-F477-FLOW-002;PVT-F477-FLOW-003;PVT-F477-BR-001;PVT-F477-BR-002;PVT-F477-DATA-001;PVT-F477-DATA-002;PVT-F477-VAL-001;PVT-F477-VAL-002;PVT-F477-CALC-001;PVT-F477-UX-001;PVT-F477-UX-002;PVT-F477-SEC-001;PVT-F477-SEC-002;PVT-F477-AUTO-001;PVT-F477-APP-001;PVT-F477-APP-002;PVT-F477-NOTIF-001;PVT-F477-REP-001;PVT-F477-AI-001;PVT-F477-AI-002;PVT-F477-INT-001;PVT-F477-INT-002;PVT-F477-API-001;PVT-F477-PERF-001;PVT-F477-PERF-002;PVT-F477-OBS-001;PVT-F477-OBS-002;PVT-F477-E2E-001;PVT-F477-E2E-002;PVT-F477-UAT-001;PVT-F477-UAT-002,AUTHORIZED_BY_PASS_F_SUBJECT_TO_WAVE_DEPENDENCIES,NOT_READY
F478,Bank transactions,Accounting / Finance,docs/03-modules/accounting/features/F478-bank-transactions.md,F478-CAP-001,F478-FLOW-001;F478-FLOW-002;F478-FLOW-003,F478-BR-001;F478-BR-002,F478-DATA-001;F478-DATA-002,F478-VAL-001;F478-VAL-002,F478-CALC-001,F478-UX-001;F478-UX-002,F478-SEC-001;F478-SEC-002,F478-INT-001;F478-INT-002,F478-API-001,F478-E2E-001;F478-E2E-002,F478-UAT-001;F478-UAT-002,APPROVED,8,APPROVED,F478-PFC-01;F478-PFC-02;F478-PFC-03;F478-PFC-04;F478-PFC-05;F478-PFC-06;F478-PFC-07;F478-PFC-08;F478-PFC-09;F478-PFC-10,F478-STM-01;F478-STM-02;F478-STM-03;F478-STM-04;F478-STM-05,APPROVED,PFD-BM-F478-1;PFD-BM-F478-2,APPROVED,services/api/src/modules/accounting,apps/web/src/modules/accounting,READ_ONLY,W06,F478-E2E-001;F478-UAT-001;PVT-F478-CAP-001;PVT-F478-FR-001;PVT-F478-FR-002;PVT-F478-FR-003;PVT-F478-US-001;PVT-F478-FLOW-001;PVT-F478-FLOW-002;PVT-F478-FLOW-003;PVT-F478-BR-001;PVT-F478-BR-002;PVT-F478-DATA-001;PVT-F478-DATA-002;PVT-F478-VAL-001;PVT-F478-VAL-002;PVT-F478-CALC-001;PVT-F478-UX-001;PVT-F478-UX-002;PVT-F478-SEC-001;PVT-F478-SEC-002;PVT-F478-AUTO-001;PVT-F478-APP-001;PVT-F478-APP-002;PVT-F478-NOTIF-001;PVT-F478-REP-001;PVT-F478-AI-001;PVT-F478-AI-002;PVT-F478-INT-001;PVT-F478-INT-002;PVT-F478-API-001;PVT-F478-PERF-001;PVT-F478-PERF-002;PVT-F478-OBS-001;PVT-F478-OBS-002;PVT-F478-E2E-001;PVT-F478-E2E-002;PVT-F478-UAT-001;PVT-F478-UAT-002,AUTHORIZED_BY_PASS_F_SUBJECT_TO_WAVE_DEPENDENCIES,NOT_READY
F479,Bank reconciliation,Accounting / Finance,docs/03-modules/accounting/features/F479-bank-reconciliation.md,F479-CAP-001,F479-FLOW-001;F479-FLOW-002;F479-FLOW-003,F479-BR-001;F479-BR-002,F479-DATA-001;F479-DATA-002,F479-VAL-001;F479-VAL-002,F479-CALC-001,F479-UX-001;F479-UX-002,F479-SEC-001;F479-SEC-002,F479-INT-001;F479-INT-002,F479-API-001,F479-E2E-001;F479-E2E-002,F479-UAT-001;F479-UAT-002,APPROVED,8,APPROVED,F479-PFC-01;F479-PFC-02;F479-PFC-03;F479-PFC-04;F479-PFC-05;F479-PFC-06;F479-PFC-07;F479-PFC-08;F479-PFC-09;F479-PFC-10,F479-STM-01;F479-STM-02;F479-STM-03;F479-STM-04;F479-STM-05,APPROVED,PFD-BM-F479-1;PFD-BM-F479-2,APPROVED,services/api/src/modules/accounting,apps/web/src/modules/accounting,READ_ONLY,W06,F479-E2E-001;F479-UAT-001;PVT-F479-CAP-001;PVT-F479-FR-001;PVT-F479-FR-002;PVT-F479-FR-003;PVT-F479-US-001;PVT-F479-FLOW-001;PVT-F479-FLOW-002;PVT-F479-FLOW-003;PVT-F479-BR-001;PVT-F479-BR-002;PVT-F479-DATA-001;PVT-F479-DATA-002;PVT-F479-VAL-001;PVT-F479-VAL-002;PVT-F479-CALC-001;PVT-F479-UX-001;PVT-F479-UX-002;PVT-F479-SEC-001;PVT-F479-SEC-002;PVT-F479-AUTO-001;PVT-F479-APP-001;PVT-F479-APP-002;PVT-F479-NOTIF-001;PVT-F479-REP-001;PVT-F479-AI-001;PVT-F479-AI-002;PVT-F479-INT-001;PVT-F479-INT-002;PVT-F479-API-001;PVT-F479-PERF-001;PVT-F479-PERF-002;PVT-F479-OBS-001;PVT-F479-OBS-002;PVT-F479-E2E-001;PVT-F479-E2E-002;PVT-F479-UAT-001;PVT-F479-UAT-002,AUTHORIZED_BY_PASS_F_SUBJECT_TO_WAVE_DEPENDENCIES,NOT_READY
F480,Payment reconciliation,Accounting / Finance,docs/03-modules/accounting/features/F480-payment-reconciliation.md,F480-CAP-001,F480-FLOW-001;F480-FLOW-002;F480-FLOW-003,F480-BR-001;F480-BR-002,F480-DATA-001;F480-DATA-002,F480-VAL-001;F480-VAL-002,F480-CALC-001,F480-UX-001;F480-UX-002,F480-SEC-001;F480-SEC-002,F480-INT-001;F480-INT-002,F480-API-001,F480-E2E-001;F480-E2E-002,F480-UAT-001;F480-UAT-002,APPROVED,8,APPROVED,F480-PFC-01;F480-PFC-02;F480-PFC-03;F480-PFC-04;F480-PFC-05;F480-PFC-06;F480-PFC-07;F480-PFC-08;F480-PFC-09;F480-PFC-10,F480-STM-01;F480-STM-02;F480-STM-03;F480-STM-04;F480-STM-05,APPROVED,PFD-BM-F480-1;PFD-BM-F480-2,APPROVED,services/api/src/modules/accounting,apps/web/src/modules/accounting,APPROVAL_ONLY,W06,F480-E2E-001;F480-UAT-001;PVT-F480-CAP-001;PVT-F480-FR-001;PVT-F480-FR-002;PVT-F480-FR-003;PVT-F480-US-001;PVT-F480-FLOW-001;PVT-F480-FLOW-002;PVT-F480-FLOW-003;PVT-F480-BR-001;PVT-F480-BR-002;PVT-F480-DATA-001;PVT-F480-DATA-002;PVT-F480-VAL-001;PVT-F480-VAL-002;PVT-F480-CALC-001;PVT-F480-UX-001;PVT-F480-UX-002;PVT-F480-SEC-001;PVT-F480-SEC-002;PVT-F480-AUTO-001;PVT-F480-APP-001;PVT-F480-APP-002;PVT-F480-NOTIF-001;PVT-F480-REP-001;PVT-F480-AI-001;PVT-F480-AI-002;PVT-F480-INT-001;PVT-F480-INT-002;PVT-F480-API-001;PVT-F480-PERF-001;PVT-F480-PERF-002;PVT-F480-OBS-001;PVT-F480-OBS-002;PVT-F480-E2E-001;PVT-F480-E2E-002;PVT-F480-UAT-001;PVT-F480-UAT-002,AUTHORIZED_BY_PASS_F_SUBJECT_TO_WAVE_DEPENDENCIES,NOT_READY
F481,Tax codes,Accounting / Finance,docs/03-modules/accounting/features/F481-tax-codes.md,F481-CAP-001,F481-FLOW-001;F481-FLOW-002;F481-FLOW-003,F481-BR-001;F481-BR-002,F481-DATA-001;F481-DATA-002,F481-VAL-001;F481-VAL-002,F481-CALC-001,F481-UX-001;F481-UX-002,F481-SEC-001;F481-SEC-002,F481-INT-001;F481-INT-002,F481-API-001,F481-E2E-001;F481-E2E-002,F481-UAT-001;F481-UAT-002,APPROVED,8,APPROVED,F481-PFC-01;F481-PFC-02;F481-PFC-03;F481-PFC-04;F481-PFC-05;F481-PFC-06;F481-PFC-07;F481-PFC-08;F481-PFC-09;F481-PFC-10,F481-STM-01;F481-STM-02;F481-STM-03;F481-STM-04;F481-STM-05,APPROVED,PFD-BM-F481-1;PFD-BM-F481-2,APPROVED,services/api/src/modules/accounting,apps/web/src/modules/accounting,READ_ONLY,W06,F481-E2E-001;F481-UAT-001;PVT-F481-CAP-001;PVT-F481-FR-001;PVT-F481-FR-002;PVT-F481-FR-003;PVT-F481-US-001;PVT-F481-FLOW-001;PVT-F481-FLOW-002;PVT-F481-FLOW-003;PVT-F481-BR-001;PVT-F481-BR-002;PVT-F481-DATA-001;PVT-F481-DATA-002;PVT-F481-VAL-001;PVT-F481-VAL-002;PVT-F481-CALC-001;PVT-F481-UX-001;PVT-F481-UX-002;PVT-F481-SEC-001;PVT-F481-SEC-002;PVT-F481-AUTO-001;PVT-F481-APP-001;PVT-F481-APP-002;PVT-F481-NOTIF-001;PVT-F481-REP-001;PVT-F481-AI-001;PVT-F481-AI-002;PVT-F481-INT-001;PVT-F481-INT-002;PVT-F481-API-001;PVT-F481-PERF-001;PVT-F481-PERF-002;PVT-F481-OBS-001;PVT-F481-OBS-002;PVT-F481-E2E-001;PVT-F481-E2E-002;PVT-F481-UAT-001;PVT-F481-UAT-002,AUTHORIZED_BY_PASS_F_SUBJECT_TO_WAVE_DEPENDENCIES,NOT_READY
F482,Tax calculation,Accounting / Finance,docs/03-modules/accounting/features/F482-tax-calculation.md,F482-CAP-001,F482-FLOW-001;F482-FLOW-002;F482-FLOW-003,F482-BR-001;F482-BR-002,F482-DATA-001;F482-DATA-002,F482-VAL-001;F482-VAL-002,F482-CALC-001,F482-UX-001;F482-UX-002,F482-SEC-001;F482-SEC-002,F482-INT-001;F482-INT-002,F482-API-001,F482-E2E-001;F482-E2E-002,F482-UAT-001;F482-UAT-002,APPROVED,8,APPROVED,F482-PFC-01;F482-PFC-02;F482-PFC-03;F482-PFC-04;F482-PFC-05;F482-PFC-06;F482-PFC-07;F482-PFC-08;F482-PFC-09;F482-PFC-10,F482-STM-01;F482-STM-02;F482-STM-03;F482-STM-04;F482-STM-05,APPROVED,PFD-BM-F482-1;PFD-BM-F482-2,APPROVED,services/api/src/modules/accounting,apps/web/src/modules/accounting,READ_ONLY,W06,F482-E2E-001;F482-UAT-001;PVT-F482-CAP-001;PVT-F482-FR-001;PVT-F482-FR-002;PVT-F482-FR-003;PVT-F482-US-001;PVT-F482-FLOW-001;PVT-F482-FLOW-002;PVT-F482-FLOW-003;PVT-F482-BR-001;PVT-F482-BR-002;PVT-F482-DATA-001;PVT-F482-DATA-002;PVT-F482-VAL-001;PVT-F482-VAL-002;PVT-F482-CALC-001;PVT-F482-UX-001;PVT-F482-UX-002;PVT-F482-SEC-001;PVT-F482-SEC-002;PVT-F482-AUTO-001;PVT-F482-APP-001;PVT-F482-APP-002;PVT-F482-NOTIF-001;PVT-F482-REP-001;PVT-F482-AI-001;PVT-F482-AI-002;PVT-F482-INT-001;PVT-F482-INT-002;PVT-F482-API-001;PVT-F482-PERF-001;PVT-F482-PERF-002;PVT-F482-OBS-001;PVT-F482-OBS-002;PVT-F482-E2E-001;PVT-F482-E2E-002;PVT-F482-UAT-001;PVT-F482-UAT-002,AUTHORIZED_BY_PASS_F_SUBJECT_TO_WAVE_DEPENDENCIES,NOT_READY
F483,GST,Accounting / Finance,docs/03-modules/accounting/features/F483-gst.md,F483-CAP-001,F483-FLOW-001;F483-FLOW-002;F483-FLOW-003,F483-BR-001;F483-BR-002,F483-DATA-001;F483-DATA-002,F483-VAL-001;F483-VAL-002,F483-CALC-001,F483-UX-001;F483-UX-002,F483-SEC-001;F483-SEC-002,F483-INT-001;F483-INT-002,F483-API-001,F483-E2E-001;F483-E2E-002,F483-UAT-001;F483-UAT-002,APPROVED,8,APPROVED,F483-PFC-01;F483-PFC-02;F483-PFC-03;F483-PFC-04;F483-PFC-05;F483-PFC-06;F483-PFC-07;F483-PFC-08;F483-PFC-09;F483-PFC-10,F483-STM-01;F483-STM-02;F483-STM-03;F483-STM-04;F483-STM-05,APPROVED,PFD-BM-F483-1;PFD-BM-F483-2,APPROVED,services/api/src/modules/accounting,apps/web/src/modules/accounting,READ_ONLY,W06,F483-E2E-001;F483-UAT-001;PVT-F483-CAP-001;PVT-F483-FR-001;PVT-F483-FR-002;PVT-F483-FR-003;PVT-F483-US-001;PVT-F483-FLOW-001;PVT-F483-FLOW-002;PVT-F483-FLOW-003;PVT-F483-BR-001;PVT-F483-BR-002;PVT-F483-DATA-001;PVT-F483-DATA-002;PVT-F483-VAL-001;PVT-F483-VAL-002;PVT-F483-CALC-001;PVT-F483-UX-001;PVT-F483-UX-002;PVT-F483-SEC-001;PVT-F483-SEC-002;PVT-F483-AUTO-001;PVT-F483-APP-001;PVT-F483-APP-002;PVT-F483-NOTIF-001;PVT-F483-REP-001;PVT-F483-AI-001;PVT-F483-AI-002;PVT-F483-INT-001;PVT-F483-INT-002;PVT-F483-API-001;PVT-F483-PERF-001;PVT-F483-PERF-002;PVT-F483-OBS-001;PVT-F483-OBS-002;PVT-F483-E2E-001;PVT-F483-E2E-002;PVT-F483-UAT-001;PVT-F483-UAT-002,AUTHORIZED_BY_PASS_F_SUBJECT_TO_WAVE_DEPENDENCIES,NOT_READY
F484,CGST / SGST / IGST,Accounting / Finance,docs/03-modules/accounting/features/F484-cgst-sgst-igst.md,F484-CAP-001,F484-FLOW-001;F484-FLOW-002;F484-FLOW-003,F484-BR-001;F484-BR-002,F484-DATA-001;F484-DATA-002,F484-VAL-001;F484-VAL-002,F484-CALC-001,F484-UX-001;F484-UX-002,F484-SEC-001;F484-SEC-002,F484-INT-001;F484-INT-002,F484-API-001,F484-E2E-001;F484-E2E-002,F484-UAT-001;F484-UAT-002,APPROVED,8,APPROVED,F484-PFC-01;F484-PFC-02;F484-PFC-03;F484-PFC-04;F484-PFC-05;F484-PFC-06;F484-PFC-07;F484-PFC-08;F484-PFC-09;F484-PFC-10,F484-STM-01;F484-STM-02;F484-STM-03;F484-STM-04;F484-STM-05,APPROVED,PFD-BM-F484-1;PFD-BM-F484-2,APPROVED,services/api/src/modules/accounting,apps/web/src/modules/accounting,READ_ONLY,W06,F484-E2E-001;F484-UAT-001;PVT-F484-CAP-001;PVT-F484-FR-001;PVT-F484-FR-002;PVT-F484-FR-003;PVT-F484-US-001;PVT-F484-FLOW-001;PVT-F484-FLOW-002;PVT-F484-FLOW-003;PVT-F484-BR-001;PVT-F484-BR-002;PVT-F484-DATA-001;PVT-F484-DATA-002;PVT-F484-VAL-001;PVT-F484-VAL-002;PVT-F484-CALC-001;PVT-F484-UX-001;PVT-F484-UX-002;PVT-F484-SEC-001;PVT-F484-SEC-002;PVT-F484-AUTO-001;PVT-F484-APP-001;PVT-F484-APP-002;PVT-F484-NOTIF-001;PVT-F484-REP-001;PVT-F484-AI-001;PVT-F484-AI-002;PVT-F484-INT-001;PVT-F484-INT-002;PVT-F484-API-001;PVT-F484-PERF-001;PVT-F484-PERF-002;PVT-F484-OBS-001;PVT-F484-OBS-002;PVT-F484-E2E-001;PVT-F484-E2E-002;PVT-F484-UAT-001;PVT-F484-UAT-002,AUTHORIZED_BY_PASS_F_SUBJECT_TO_WAVE_DEPENDENCIES,NOT_READY
F485,TDS,Accounting / Finance,docs/03-modules/accounting/features/F485-tds.md,F485-CAP-001,F485-FLOW-001;F485-FLOW-002;F485-FLOW-003,F485-BR-001;F485-BR-002,F485-DATA-001;F485-DATA-002,F485-VAL-001;F485-VAL-002,F485-CALC-001,F485-UX-001;F485-UX-002,F485-SEC-001;F485-SEC-002,F485-INT-001;F485-INT-002,F485-API-001,F485-E2E-001;F485-E2E-002,F485-UAT-001;F485-UAT-002,APPROVED,8,APPROVED,F485-PFC-01;F485-PFC-02;F485-PFC-03;F485-PFC-04;F485-PFC-05;F485-PFC-06;F485-PFC-07;F485-PFC-08;F485-PFC-09;F485-PFC-10,F485-STM-01;F485-STM-02;F485-STM-03;F485-STM-04;F485-STM-05,APPROVED,PFD-BM-F485-1;PFD-BM-F485-2,APPROVED,services/api/src/modules/accounting,apps/web/src/modules/accounting,READ_ONLY,W06,F485-E2E-001;F485-UAT-001;PVT-F485-CAP-001;PVT-F485-FR-001;PVT-F485-FR-002;PVT-F485-FR-003;PVT-F485-US-001;PVT-F485-FLOW-001;PVT-F485-FLOW-002;PVT-F485-FLOW-003;PVT-F485-BR-001;PVT-F485-BR-002;PVT-F485-DATA-001;PVT-F485-DATA-002;PVT-F485-VAL-001;PVT-F485-VAL-002;PVT-F485-CALC-001;PVT-F485-UX-001;PVT-F485-UX-002;PVT-F485-SEC-001;PVT-F485-SEC-002;PVT-F485-AUTO-001;PVT-F485-APP-001;PVT-F485-APP-002;PVT-F485-NOTIF-001;PVT-F485-REP-001;PVT-F485-AI-001;PVT-F485-AI-002;PVT-F485-INT-001;PVT-F485-INT-002;PVT-F485-API-001;PVT-F485-PERF-001;PVT-F485-PERF-002;PVT-F485-OBS-001;PVT-F485-OBS-002;PVT-F485-E2E-001;PVT-F485-E2E-002;PVT-F485-UAT-001;PVT-F485-UAT-002,AUTHORIZED_BY_PASS_F_SUBJECT_TO_WAVE_DEPENDENCIES,NOT_READY
F486,TCS,Accounting / Finance,docs/03-modules/accounting/features/F486-tcs.md,F486-CAP-001,F486-FLOW-001;F486-FLOW-002;F486-FLOW-003,F486-BR-001;F486-BR-002,F486-DATA-001;F486-DATA-002,F486-VAL-001;F486-VAL-002,F486-CALC-001,F486-UX-001;F486-UX-002,F486-SEC-001;F486-SEC-002,F486-INT-001;F486-INT-002,F486-API-001,F486-E2E-001;F486-E2E-002,F486-UAT-001;F486-UAT-002,APPROVED,8,APPROVED,F486-PFC-01;F486-PFC-02;F486-PFC-03;F486-PFC-04;F486-PFC-05;F486-PFC-06;F486-PFC-07;F486-PFC-08;F486-PFC-09;F486-PFC-10,F486-STM-01;F486-STM-02;F486-STM-03;F486-STM-04;F486-STM-05,APPROVED,PFD-BM-F486-1;PFD-BM-F486-2,APPROVED,services/api/src/modules/accounting,apps/web/src/modules/accounting,READ_ONLY,W06,F486-E2E-001;F486-UAT-001;PVT-F486-CAP-001;PVT-F486-FR-001;PVT-F486-FR-002;PVT-F486-FR-003;PVT-F486-US-001;PVT-F486-FLOW-001;PVT-F486-FLOW-002;PVT-F486-FLOW-003;PVT-F486-BR-001;PVT-F486-BR-002;PVT-F486-DATA-001;PVT-F486-DATA-002;PVT-F486-VAL-001;PVT-F486-VAL-002;PVT-F486-CALC-001;PVT-F486-UX-001;PVT-F486-UX-002;PVT-F486-SEC-001;PVT-F486-SEC-002;PVT-F486-AUTO-001;PVT-F486-APP-001;PVT-F486-APP-002;PVT-F486-NOTIF-001;PVT-F486-REP-001;PVT-F486-AI-001;PVT-F486-AI-002;PVT-F486-INT-001;PVT-F486-INT-002;PVT-F486-API-001;PVT-F486-PERF-001;PVT-F486-PERF-002;PVT-F486-OBS-001;PVT-F486-OBS-002;PVT-F486-E2E-001;PVT-F486-E2E-002;PVT-F486-UAT-001;PVT-F486-UAT-002,AUTHORIZED_BY_PASS_F_SUBJECT_TO_WAVE_DEPENDENCIES,NOT_READY
F487,Tax reports,Accounting / Finance,docs/03-modules/accounting/features/F487-tax-reports.md,F487-CAP-001,F487-FLOW-001;F487-FLOW-002;F487-FLOW-003,F487-BR-001;F487-BR-002,F487-DATA-001;F487-DATA-002,F487-VAL-001;F487-VAL-002,F487-CALC-001,F487-UX-001;F487-UX-002,F487-SEC-001;F487-SEC-002,F487-INT-001;F487-INT-002,F487-API-001,F487-E2E-001;F487-E2E-002,F487-UAT-001;F487-UAT-002,APPROVED,8,APPROVED,F487-PFC-01;F487-PFC-02;F487-PFC-03;F487-PFC-04;F487-PFC-05;F487-PFC-06;F487-PFC-07;F487-PFC-08;F487-PFC-09;F487-PFC-10,F487-STM-01;F487-STM-02;F487-STM-03;F487-STM-04;F487-STM-05,APPROVED,PFD-BM-F487-1;PFD-BM-F487-2,APPROVED,services/api/src/modules/accounting,apps/web/src/modules/accounting,READ_ONLY,W06,F487-E2E-001;F487-UAT-001;PVT-F487-CAP-001;PVT-F487-FR-001;PVT-F487-FR-002;PVT-F487-FR-003;PVT-F487-US-001;PVT-F487-FLOW-001;PVT-F487-FLOW-002;PVT-F487-FLOW-003;PVT-F487-BR-001;PVT-F487-BR-002;PVT-F487-DATA-001;PVT-F487-DATA-002;PVT-F487-VAL-001;PVT-F487-VAL-002;PVT-F487-CALC-001;PVT-F487-UX-001;PVT-F487-UX-002;PVT-F487-SEC-001;PVT-F487-SEC-002;PVT-F487-AUTO-001;PVT-F487-APP-001;PVT-F487-APP-002;PVT-F487-NOTIF-001;PVT-F487-REP-001;PVT-F487-AI-001;PVT-F487-AI-002;PVT-F487-INT-001;PVT-F487-INT-002;PVT-F487-API-001;PVT-F487-PERF-001;PVT-F487-PERF-002;PVT-F487-OBS-001;PVT-F487-OBS-002;PVT-F487-E2E-001;PVT-F487-E2E-002;PVT-F487-UAT-001;PVT-F487-UAT-002,AUTHORIZED_BY_PASS_F_SUBJECT_TO_WAVE_DEPENDENCIES,NOT_READY
F488,Budgets,Accounting / Finance,docs/03-modules/accounting/features/F488-budgets.md,F488-CAP-001,F488-FLOW-001;F488-FLOW-002;F488-FLOW-003,F488-BR-001;F488-BR-002,F488-DATA-001;F488-DATA-002,F488-VAL-001;F488-VAL-002,F488-CALC-001,F488-UX-001;F488-UX-002,F488-SEC-001;F488-SEC-002,F488-INT-001;F488-INT-002,F488-API-001,F488-E2E-001;F488-E2E-002,F488-UAT-001;F488-UAT-002,APPROVED,8,APPROVED,F488-PFC-01;F488-PFC-02;F488-PFC-03;F488-PFC-04;F488-PFC-05;F488-PFC-06;F488-PFC-07;F488-PFC-08;F488-PFC-09;F488-PFC-10,F488-STM-01;F488-STM-02;F488-STM-03;F488-STM-04;F488-STM-05,APPROVED,PFD-BM-F488-1;PFD-BM-F488-2,APPROVED,services/api/src/modules/accounting,apps/web/src/modules/accounting,READ_ONLY,W06,F488-E2E-001;F488-UAT-001;PVT-F488-CAP-001;PVT-F488-FR-001;PVT-F488-FR-002;PVT-F488-FR-003;PVT-F488-US-001;PVT-F488-FLOW-001;PVT-F488-FLOW-002;PVT-F488-FLOW-003;PVT-F488-BR-001;PVT-F488-BR-002;PVT-F488-DATA-001;PVT-F488-DATA-002;PVT-F488-VAL-001;PVT-F488-VAL-002;PVT-F488-CALC-001;PVT-F488-UX-001;PVT-F488-UX-002;PVT-F488-SEC-001;PVT-F488-SEC-002;PVT-F488-AUTO-001;PVT-F488-APP-001;PVT-F488-APP-002;PVT-F488-NOTIF-001;PVT-F488-REP-001;PVT-F488-AI-001;PVT-F488-AI-002;PVT-F488-INT-001;PVT-F488-INT-002;PVT-F488-API-001;PVT-F488-PERF-001;PVT-F488-PERF-002;PVT-F488-OBS-001;PVT-F488-OBS-002;PVT-F488-E2E-001;PVT-F488-E2E-002;PVT-F488-UAT-001;PVT-F488-UAT-002,AUTHORIZED_BY_PASS_F_SUBJECT_TO_WAVE_DEPENDENCIES,NOT_READY
F489,Budget vs actual,Accounting / Finance,docs/03-modules/accounting/features/F489-budget-vs-actual.md,F489-CAP-001,F489-FLOW-001;F489-FLOW-002;F489-FLOW-003,F489-BR-001;F489-BR-002,F489-DATA-001;F489-DATA-002,F489-VAL-001;F489-VAL-002,F489-CALC-001,F489-UX-001;F489-UX-002,F489-SEC-001;F489-SEC-002,F489-INT-001;F489-INT-002,F489-API-001,F489-E2E-001;F489-E2E-002,F489-UAT-001;F489-UAT-002,APPROVED,8,APPROVED,F489-PFC-01;F489-PFC-02;F489-PFC-03;F489-PFC-04;F489-PFC-05;F489-PFC-06;F489-PFC-07;F489-PFC-08;F489-PFC-09;F489-PFC-10,F489-STM-01;F489-STM-02;F489-STM-03;F489-STM-04;F489-STM-05,APPROVED,PFD-BM-F489-1;PFD-BM-F489-2,APPROVED,services/api/src/modules/accounting,apps/web/src/modules/accounting,READ_ONLY,W06,F489-E2E-001;F489-UAT-001;PVT-F489-CAP-001;PVT-F489-FR-001;PVT-F489-FR-002;PVT-F489-FR-003;PVT-F489-US-001;PVT-F489-FLOW-001;PVT-F489-FLOW-002;PVT-F489-FLOW-003;PVT-F489-BR-001;PVT-F489-BR-002;PVT-F489-DATA-001;PVT-F489-DATA-002;PVT-F489-VAL-001;PVT-F489-VAL-002;PVT-F489-CALC-001;PVT-F489-UX-001;PVT-F489-UX-002;PVT-F489-SEC-001;PVT-F489-SEC-002;PVT-F489-AUTO-001;PVT-F489-APP-001;PVT-F489-APP-002;PVT-F489-NOTIF-001;PVT-F489-REP-001;PVT-F489-AI-001;PVT-F489-AI-002;PVT-F489-INT-001;PVT-F489-INT-002;PVT-F489-API-001;PVT-F489-PERF-001;PVT-F489-PERF-002;PVT-F489-OBS-001;PVT-F489-OBS-002;PVT-F489-E2E-001;PVT-F489-E2E-002;PVT-F489-UAT-001;PVT-F489-UAT-002,AUTHORIZED_BY_PASS_F_SUBJECT_TO_WAVE_DEPENDENCIES,NOT_READY
F490,Recurring journals,Accounting / Finance,docs/03-modules/accounting/features/F490-recurring-journals.md,F490-CAP-001,F490-FLOW-001;F490-FLOW-002;F490-FLOW-003,F490-BR-001;F490-BR-002,F490-DATA-001;F490-DATA-002,F490-VAL-001;F490-VAL-002,F490-CALC-001,F490-UX-001;F490-UX-002,F490-SEC-001;F490-SEC-002,F490-INT-001;F490-INT-002,F490-API-001,F490-E2E-001;F490-E2E-002,F490-UAT-001;F490-UAT-002,APPROVED,8,APPROVED,F490-PFC-01;F490-PFC-02;F490-PFC-03;F490-PFC-04;F490-PFC-05;F490-PFC-06;F490-PFC-07;F490-PFC-08;F490-PFC-09;F490-PFC-10,F490-STM-01;F490-STM-02;F490-STM-03;F490-STM-04;F490-STM-05,APPROVED,PFD-BM-F490-1;PFD-BM-F490-2,APPROVED,services/api/src/modules/accounting,apps/web/src/modules/accounting,APPROVAL_ONLY,W06,F490-E2E-001;F490-UAT-001;PVT-F490-CAP-001;PVT-F490-FR-001;PVT-F490-FR-002;PVT-F490-FR-003;PVT-F490-US-001;PVT-F490-FLOW-001;PVT-F490-FLOW-002;PVT-F490-FLOW-003;PVT-F490-BR-001;PVT-F490-BR-002;PVT-F490-DATA-001;PVT-F490-DATA-002;PVT-F490-VAL-001;PVT-F490-VAL-002;PVT-F490-CALC-001;PVT-F490-UX-001;PVT-F490-UX-002;PVT-F490-SEC-001;PVT-F490-SEC-002;PVT-F490-AUTO-001;PVT-F490-APP-001;PVT-F490-APP-002;PVT-F490-NOTIF-001;PVT-F490-REP-001;PVT-F490-AI-001;PVT-F490-AI-002;PVT-F490-INT-001;PVT-F490-INT-002;PVT-F490-API-001;PVT-F490-PERF-001;PVT-F490-PERF-002;PVT-F490-OBS-001;PVT-F490-OBS-002;PVT-F490-E2E-001;PVT-F490-E2E-002;PVT-F490-UAT-001;PVT-F490-UAT-002,AUTHORIZED_BY_PASS_F_SUBJECT_TO_WAVE_DEPENDENCIES,NOT_READY
F491,Accruals,Accounting / Finance,docs/03-modules/accounting/features/F491-accruals.md,F491-CAP-001,F491-FLOW-001;F491-FLOW-002;F491-FLOW-003,F491-BR-001;F491-BR-002,F491-DATA-001;F491-DATA-002,F491-VAL-001;F491-VAL-002,F491-CALC-001,F491-UX-001;F491-UX-002,F491-SEC-001;F491-SEC-002,F491-INT-001;F491-INT-002,F491-API-001,F491-E2E-001;F491-E2E-002,F491-UAT-001;F491-UAT-002,APPROVED,8,APPROVED,F491-PFC-01;F491-PFC-02;F491-PFC-03;F491-PFC-04;F491-PFC-05;F491-PFC-06;F491-PFC-07;F491-PFC-08;F491-PFC-09;F491-PFC-10,F491-STM-01;F491-STM-02;F491-STM-03;F491-STM-04;F491-STM-05,APPROVED,PFD-BM-F491-1;PFD-BM-F491-2,APPROVED,services/api/src/modules/accounting,apps/web/src/modules/accounting,READ_ONLY,W06,F491-E2E-001;F491-UAT-001;PVT-F491-CAP-001;PVT-F491-FR-001;PVT-F491-FR-002;PVT-F491-FR-003;PVT-F491-US-001;PVT-F491-FLOW-001;PVT-F491-FLOW-002;PVT-F491-FLOW-003;PVT-F491-BR-001;PVT-F491-BR-002;PVT-F491-DATA-001;PVT-F491-DATA-002;PVT-F491-VAL-001;PVT-F491-VAL-002;PVT-F491-CALC-001;PVT-F491-UX-001;PVT-F491-UX-002;PVT-F491-SEC-001;PVT-F491-SEC-002;PVT-F491-AUTO-001;PVT-F491-APP-001;PVT-F491-APP-002;PVT-F491-NOTIF-001;PVT-F491-REP-001;PVT-F491-AI-001;PVT-F491-AI-002;PVT-F491-INT-001;PVT-F491-INT-002;PVT-F491-API-001;PVT-F491-PERF-001;PVT-F491-PERF-002;PVT-F491-OBS-001;PVT-F491-OBS-002;PVT-F491-E2E-001;PVT-F491-E2E-002;PVT-F491-UAT-001;PVT-F491-UAT-002,AUTHORIZED_BY_PASS_F_SUBJECT_TO_WAVE_DEPENDENCIES,NOT_READY
F492,Deferrals and prepayments,Accounting / Finance,docs/03-modules/accounting/features/F492-deferrals-and-prepayments.md,F492-CAP-001,F492-FLOW-001;F492-FLOW-002;F492-FLOW-003,F492-BR-001;F492-BR-002,F492-DATA-001;F492-DATA-002,F492-VAL-001;F492-VAL-002,F492-CALC-001,F492-UX-001;F492-UX-002,F492-SEC-001;F492-SEC-002,F492-INT-001;F492-INT-002,F492-API-001,F492-E2E-001;F492-E2E-002,F492-UAT-001;F492-UAT-002,APPROVED,8,APPROVED,F492-PFC-01;F492-PFC-02;F492-PFC-03;F492-PFC-04;F492-PFC-05;F492-PFC-06;F492-PFC-07;F492-PFC-08;F492-PFC-09;F492-PFC-10,F492-STM-01;F492-STM-02;F492-STM-03;F492-STM-04;F492-STM-05,APPROVED,PFD-BM-F492-1;PFD-BM-F492-2,APPROVED,services/api/src/modules/accounting,apps/web/src/modules/accounting,APPROVAL_ONLY,W06,F492-E2E-001;F492-UAT-001;PVT-F492-CAP-001;PVT-F492-FR-001;PVT-F492-FR-002;PVT-F492-FR-003;PVT-F492-US-001;PVT-F492-FLOW-001;PVT-F492-FLOW-002;PVT-F492-FLOW-003;PVT-F492-BR-001;PVT-F492-BR-002;PVT-F492-DATA-001;PVT-F492-DATA-002;PVT-F492-VAL-001;PVT-F492-VAL-002;PVT-F492-CALC-001;PVT-F492-UX-001;PVT-F492-UX-002;PVT-F492-SEC-001;PVT-F492-SEC-002;PVT-F492-AUTO-001;PVT-F492-APP-001;PVT-F492-APP-002;PVT-F492-NOTIF-001;PVT-F492-REP-001;PVT-F492-AI-001;PVT-F492-AI-002;PVT-F492-INT-001;PVT-F492-INT-002;PVT-F492-API-001;PVT-F492-PERF-001;PVT-F492-PERF-002;PVT-F492-OBS-001;PVT-F492-OBS-002;PVT-F492-E2E-001;PVT-F492-E2E-002;PVT-F492-UAT-001;PVT-F492-UAT-002,AUTHORIZED_BY_PASS_F_SUBJECT_TO_WAVE_DEPENDENCIES,NOT_READY
F493,Revenue recognition,Accounting / Finance,docs/03-modules/accounting/features/F493-revenue-recognition.md,F493-CAP-001,F493-FLOW-001;F493-FLOW-002;F493-FLOW-003,F493-BR-001;F493-BR-002,F493-DATA-001;F493-DATA-002,F493-VAL-001;F493-VAL-002,F493-CALC-001,F493-UX-001;F493-UX-002,F493-SEC-001;F493-SEC-002,F493-INT-001;F493-INT-002,F493-API-001,F493-E2E-001;F493-E2E-002,F493-UAT-001;F493-UAT-002,APPROVED,8,APPROVED,F493-PFC-01;F493-PFC-02;F493-PFC-03;F493-PFC-04;F493-PFC-05;F493-PFC-06;F493-PFC-07;F493-PFC-08;F493-PFC-09;F493-PFC-10,F493-STM-01;F493-STM-02;F493-STM-03;F493-STM-04;F493-STM-05,APPROVED,PFD-BM-F493-1;PFD-BM-F493-2,APPROVED,services/api/src/modules/accounting,apps/web/src/modules/accounting,READ_ONLY,W06,F493-E2E-001;F493-UAT-001;PVT-F493-CAP-001;PVT-F493-FR-001;PVT-F493-FR-002;PVT-F493-FR-003;PVT-F493-US-001;PVT-F493-FLOW-001;PVT-F493-FLOW-002;PVT-F493-FLOW-003;PVT-F493-BR-001;PVT-F493-BR-002;PVT-F493-DATA-001;PVT-F493-DATA-002;PVT-F493-VAL-001;PVT-F493-VAL-002;PVT-F493-CALC-001;PVT-F493-UX-001;PVT-F493-UX-002;PVT-F493-SEC-001;PVT-F493-SEC-002;PVT-F493-AUTO-001;PVT-F493-APP-001;PVT-F493-APP-002;PVT-F493-NOTIF-001;PVT-F493-REP-001;PVT-F493-AI-001;PVT-F493-AI-002;PVT-F493-INT-001;PVT-F493-INT-002;PVT-F493-API-001;PVT-F493-PERF-001;PVT-F493-PERF-002;PVT-F493-OBS-001;PVT-F493-OBS-002;PVT-F493-E2E-001;PVT-F493-E2E-002;PVT-F493-UAT-001;PVT-F493-UAT-002,AUTHORIZED_BY_PASS_F_SUBJECT_TO_WAVE_DEPENDENCIES,NOT_READY
F494,Multi-currency,Accounting / Finance,docs/03-modules/accounting/features/F494-multi-currency.md,F494-CAP-001,F494-FLOW-001;F494-FLOW-002;F494-FLOW-003,F494-BR-001;F494-BR-002,F494-DATA-001;F494-DATA-002,F494-VAL-001;F494-VAL-002,F494-CALC-001,F494-UX-001;F494-UX-002,F494-SEC-001;F494-SEC-002,F494-INT-001;F494-INT-002,F494-API-001,F494-E2E-001;F494-E2E-002,F494-UAT-001;F494-UAT-002,APPROVED,8,APPROVED,F494-PFC-01;F494-PFC-02;F494-PFC-03;F494-PFC-04;F494-PFC-05;F494-PFC-06;F494-PFC-07;F494-PFC-08;F494-PFC-09;F494-PFC-10,F494-STM-01;F494-STM-02;F494-STM-03;F494-STM-04;F494-STM-05,APPROVED,PFD-BM-F494-1;PFD-BM-F494-2,APPROVED,services/api/src/modules/accounting,apps/web/src/modules/accounting,READ_ONLY,W06,F494-E2E-001;F494-UAT-001;PVT-F494-CAP-001;PVT-F494-FR-001;PVT-F494-FR-002;PVT-F494-FR-003;PVT-F494-US-001;PVT-F494-FLOW-001;PVT-F494-FLOW-002;PVT-F494-FLOW-003;PVT-F494-BR-001;PVT-F494-BR-002;PVT-F494-DATA-001;PVT-F494-DATA-002;PVT-F494-VAL-001;PVT-F494-VAL-002;PVT-F494-CALC-001;PVT-F494-UX-001;PVT-F494-UX-002;PVT-F494-SEC-001;PVT-F494-SEC-002;PVT-F494-AUTO-001;PVT-F494-APP-001;PVT-F494-APP-002;PVT-F494-NOTIF-001;PVT-F494-REP-001;PVT-F494-AI-001;PVT-F494-AI-002;PVT-F494-INT-001;PVT-F494-INT-002;PVT-F494-API-001;PVT-F494-PERF-001;PVT-F494-PERF-002;PVT-F494-OBS-001;PVT-F494-OBS-002;PVT-F494-E2E-001;PVT-F494-E2E-002;PVT-F494-UAT-001;PVT-F494-UAT-002,AUTHORIZED_BY_PASS_F_SUBJECT_TO_WAVE_DEPENDENCIES,NOT_READY
F495,Exchange rates,Accounting / Finance,docs/03-modules/accounting/features/F495-exchange-rates.md,F495-CAP-001,F495-FLOW-001;F495-FLOW-002;F495-FLOW-003,F495-BR-001;F495-BR-002,F495-DATA-001;F495-DATA-002,F495-VAL-001;F495-VAL-002,F495-CALC-001,F495-UX-001;F495-UX-002,F495-SEC-001;F495-SEC-002,F495-INT-001;F495-INT-002,F495-API-001,F495-E2E-001;F495-E2E-002,F495-UAT-001;F495-UAT-002,APPROVED,8,APPROVED,F495-PFC-01;F495-PFC-02;F495-PFC-03;F495-PFC-04;F495-PFC-05;F495-PFC-06;F495-PFC-07;F495-PFC-08;F495-PFC-09;F495-PFC-10,F495-STM-01;F495-STM-02;F495-STM-03;F495-STM-04;F495-STM-05,APPROVED,PFD-BM-F495-1;PFD-BM-F495-2,APPROVED,services/api/src/modules/accounting,apps/web/src/modules/accounting,READ_ONLY,W06,F495-E2E-001;F495-UAT-001;PVT-F495-CAP-001;PVT-F495-FR-001;PVT-F495-FR-002;PVT-F495-FR-003;PVT-F495-US-001;PVT-F495-FLOW-001;PVT-F495-FLOW-002;PVT-F495-FLOW-003;PVT-F495-BR-001;PVT-F495-BR-002;PVT-F495-DATA-001;PVT-F495-DATA-002;PVT-F495-VAL-001;PVT-F495-VAL-002;PVT-F495-CALC-001;PVT-F495-UX-001;PVT-F495-UX-002;PVT-F495-SEC-001;PVT-F495-SEC-002;PVT-F495-AUTO-001;PVT-F495-APP-001;PVT-F495-APP-002;PVT-F495-NOTIF-001;PVT-F495-REP-001;PVT-F495-AI-001;PVT-F495-AI-002;PVT-F495-INT-001;PVT-F495-INT-002;PVT-F495-API-001;PVT-F495-PERF-001;PVT-F495-PERF-002;PVT-F495-OBS-001;PVT-F495-OBS-002;PVT-F495-E2E-001;PVT-F495-E2E-002;PVT-F495-UAT-001;PVT-F495-UAT-002,AUTHORIZED_BY_PASS_F_SUBJECT_TO_WAVE_DEPENDENCIES,NOT_READY
F496,FX gains and losses,Accounting / Finance,docs/03-modules/accounting/features/F496-fx-gains-and-losses.md,F496-CAP-001,F496-FLOW-001;F496-FLOW-002;F496-FLOW-003,F496-BR-001;F496-BR-002,F496-DATA-001;F496-DATA-002,F496-VAL-001;F496-VAL-002,F496-CALC-001,F496-UX-001;F496-UX-002,F496-SEC-001;F496-SEC-002,F496-INT-001;F496-INT-002,F496-API-001,F496-E2E-001;F496-E2E-002,F496-UAT-001;F496-UAT-002,APPROVED,8,APPROVED,F496-PFC-01;F496-PFC-02;F496-PFC-03;F496-PFC-04;F496-PFC-05;F496-PFC-06;F496-PFC-07;F496-PFC-08;F496-PFC-09;F496-PFC-10,F496-STM-01;F496-STM-02;F496-STM-03;F496-STM-04;F496-STM-05,APPROVED,PFD-BM-F496-1;PFD-BM-F496-2,APPROVED,services/api/src/modules/accounting,apps/web/src/modules/accounting,READ_ONLY,W06,F496-E2E-001;F496-UAT-001;PVT-F496-CAP-001;PVT-F496-FR-001;PVT-F496-FR-002;PVT-F496-FR-003;PVT-F496-US-001;PVT-F496-FLOW-001;PVT-F496-FLOW-002;PVT-F496-FLOW-003;PVT-F496-BR-001;PVT-F496-BR-002;PVT-F496-DATA-001;PVT-F496-DATA-002;PVT-F496-VAL-001;PVT-F496-VAL-002;PVT-F496-CALC-001;PVT-F496-UX-001;PVT-F496-UX-002;PVT-F496-SEC-001;PVT-F496-SEC-002;PVT-F496-AUTO-001;PVT-F496-APP-001;PVT-F496-APP-002;PVT-F496-NOTIF-001;PVT-F496-REP-001;PVT-F496-AI-001;PVT-F496-AI-002;PVT-F496-INT-001;PVT-F496-INT-002;PVT-F496-API-001;PVT-F496-PERF-001;PVT-F496-PERF-002;PVT-F496-OBS-001;PVT-F496-OBS-002;PVT-F496-E2E-001;PVT-F496-E2E-002;PVT-F496-UAT-001;PVT-F496-UAT-002,AUTHORIZED_BY_PASS_F_SUBJECT_TO_WAVE_DEPENDENCIES,NOT_READY
F497,Intercompany,Accounting / Finance,docs/03-modules/accounting/features/F497-intercompany.md,F497-CAP-001,F497-FLOW-001;F497-FLOW-002;F497-FLOW-003,F497-BR-001;F497-BR-002,F497-DATA-001;F497-DATA-002,F497-VAL-001;F497-VAL-002,F497-CALC-001,F497-UX-001;F497-UX-002,F497-SEC-001;F497-SEC-002,F497-INT-001;F497-INT-002,F497-API-001,F497-E2E-001;F497-E2E-002,F497-UAT-001;F497-UAT-002,APPROVED,8,APPROVED,F497-PFC-01;F497-PFC-02;F497-PFC-03;F497-PFC-04;F497-PFC-05;F497-PFC-06;F497-PFC-07;F497-PFC-08;F497-PFC-09;F497-PFC-10,F497-STM-01;F497-STM-02;F497-STM-03;F497-STM-04;F497-STM-05,APPROVED,PFD-BM-F497-1;PFD-BM-F497-2,APPROVED,services/api/src/modules/accounting,apps/web/src/modules/accounting,READ_ONLY,W06,F497-E2E-001;F497-UAT-001;PVT-F497-CAP-001;PVT-F497-FR-001;PVT-F497-FR-002;PVT-F497-FR-003;PVT-F497-US-001;PVT-F497-FLOW-001;PVT-F497-FLOW-002;PVT-F497-FLOW-003;PVT-F497-BR-001;PVT-F497-BR-002;PVT-F497-DATA-001;PVT-F497-DATA-002;PVT-F497-VAL-001;PVT-F497-VAL-002;PVT-F497-CALC-001;PVT-F497-UX-001;PVT-F497-UX-002;PVT-F497-SEC-001;PVT-F497-SEC-002;PVT-F497-AUTO-001;PVT-F497-APP-001;PVT-F497-APP-002;PVT-F497-NOTIF-001;PVT-F497-REP-001;PVT-F497-AI-001;PVT-F497-AI-002;PVT-F497-INT-001;PVT-F497-INT-002;PVT-F497-API-001;PVT-F497-PERF-001;PVT-F497-PERF-002;PVT-F497-OBS-001;PVT-F497-OBS-002;PVT-F497-E2E-001;PVT-F497-E2E-002;PVT-F497-UAT-001;PVT-F497-UAT-002,AUTHORIZED_BY_PASS_F_SUBJECT_TO_WAVE_DEPENDENCIES,NOT_READY
F498,Multi-company,Accounting / Finance,docs/03-modules/accounting/features/F498-multi-company.md,F498-CAP-001,F498-FLOW-001;F498-FLOW-002;F498-FLOW-003,F498-BR-001;F498-BR-002,F498-DATA-001;F498-DATA-002,F498-VAL-001;F498-VAL-002,F498-CALC-001,F498-UX-001;F498-UX-002,F498-SEC-001;F498-SEC-002,F498-INT-001;F498-INT-002,F498-API-001,F498-E2E-001;F498-E2E-002,F498-UAT-001;F498-UAT-002,APPROVED,8,APPROVED,F498-PFC-01;F498-PFC-02;F498-PFC-03;F498-PFC-04;F498-PFC-05;F498-PFC-06;F498-PFC-07;F498-PFC-08;F498-PFC-09;F498-PFC-10,F498-STM-01;F498-STM-02;F498-STM-03;F498-STM-04;F498-STM-05,APPROVED,PFD-BM-F498-1;PFD-BM-F498-2,APPROVED,services/api/src/modules/accounting,apps/web/src/modules/accounting,READ_ONLY,W06,F498-E2E-001;F498-UAT-001;PVT-F498-CAP-001;PVT-F498-FR-001;PVT-F498-FR-002;PVT-F498-FR-003;PVT-F498-US-001;PVT-F498-FLOW-001;PVT-F498-FLOW-002;PVT-F498-FLOW-003;PVT-F498-BR-001;PVT-F498-BR-002;PVT-F498-DATA-001;PVT-F498-DATA-002;PVT-F498-VAL-001;PVT-F498-VAL-002;PVT-F498-CALC-001;PVT-F498-UX-001;PVT-F498-UX-002;PVT-F498-SEC-001;PVT-F498-SEC-002;PVT-F498-AUTO-001;PVT-F498-APP-001;PVT-F498-APP-002;PVT-F498-NOTIF-001;PVT-F498-REP-001;PVT-F498-AI-001;PVT-F498-AI-002;PVT-F498-INT-001;PVT-F498-INT-002;PVT-F498-API-001;PVT-F498-PERF-001;PVT-F498-PERF-002;PVT-F498-OBS-001;PVT-F498-OBS-002;PVT-F498-E2E-001;PVT-F498-E2E-002;PVT-F498-UAT-001;PVT-F498-UAT-002,AUTHORIZED_BY_PASS_F_SUBJECT_TO_WAVE_DEPENDENCIES,NOT_READY
F499,Consolidation,Accounting / Finance,docs/03-modules/accounting/features/F499-consolidation.md,F499-CAP-001,F499-FLOW-001;F499-FLOW-002;F499-FLOW-003,F499-BR-001;F499-BR-002,F499-DATA-001;F499-DATA-002,F499-VAL-001;F499-VAL-002,F499-CALC-001,F499-UX-001;F499-UX-002,F499-SEC-001;F499-SEC-002,F499-INT-001;F499-INT-002,F499-API-001,F499-E2E-001;F499-E2E-002,F499-UAT-001;F499-UAT-002,APPROVED,8,APPROVED,F499-PFC-01;F499-PFC-02;F499-PFC-03;F499-PFC-04;F499-PFC-05;F499-PFC-06;F499-PFC-07;F499-PFC-08;F499-PFC-09;F499-PFC-10,F499-STM-01;F499-STM-02;F499-STM-03;F499-STM-04;F499-STM-05,APPROVED,PFD-BM-F499-1;PFD-BM-F499-2,APPROVED,services/api/src/modules/accounting,apps/web/src/modules/accounting,READ_ONLY,W06,F499-E2E-001;F499-UAT-001;PVT-F499-CAP-001;PVT-F499-FR-001;PVT-F499-FR-002;PVT-F499-FR-003;PVT-F499-US-001;PVT-F499-FLOW-001;PVT-F499-FLOW-002;PVT-F499-FLOW-003;PVT-F499-BR-001;PVT-F499-BR-002;PVT-F499-DATA-001;PVT-F499-DATA-002;PVT-F499-VAL-001;PVT-F499-VAL-002;PVT-F499-CALC-001;PVT-F499-UX-001;PVT-F499-UX-002;PVT-F499-SEC-001;PVT-F499-SEC-002;PVT-F499-AUTO-001;PVT-F499-APP-001;PVT-F499-APP-002;PVT-F499-NOTIF-001;PVT-F499-REP-001;PVT-F499-AI-001;PVT-F499-AI-002;PVT-F499-INT-001;PVT-F499-INT-002;PVT-F499-API-001;PVT-F499-PERF-001;PVT-F499-PERF-002;PVT-F499-OBS-001;PVT-F499-OBS-002;PVT-F499-E2E-001;PVT-F499-E2E-002;PVT-F499-UAT-001;PVT-F499-UAT-002,AUTHORIZED_BY_PASS_F_SUBJECT_TO_WAVE_DEPENDENCIES,NOT_READY
F500,Financial close,Accounting / Finance,docs/03-modules/accounting/features/F500-financial-close.md,F500-CAP-001,F500-FLOW-001;F500-FLOW-002;F500-FLOW-003,F500-BR-001;F500-BR-002,F500-DATA-001;F500-DATA-002,F500-VAL-001;F500-VAL-002,F500-CALC-001,F500-UX-001;F500-UX-002,F500-SEC-001;F500-SEC-002,F500-INT-001;F500-INT-002,F500-API-001,F500-E2E-001;F500-E2E-002,F500-UAT-001;F500-UAT-002,APPROVED,8,APPROVED,F500-PFC-01;F500-PFC-02;F500-PFC-03;F500-PFC-04;F500-PFC-05;F500-PFC-06;F500-PFC-07;F500-PFC-08;F500-PFC-09;F500-PFC-10,F500-STM-01;F500-STM-02;F500-STM-03;F500-STM-04;F500-STM-05,APPROVED,PFD-BM-F500-1;PFD-BM-F500-2,APPROVED,services/api/src/modules/accounting,apps/web/src/modules/accounting,APPROVAL_ONLY,W06,F500-E2E-001;F500-UAT-001;PVT-F500-CAP-001;PVT-F500-FR-001;PVT-F500-FR-002;PVT-F500-FR-003;PVT-F500-US-001;PVT-F500-FLOW-001;PVT-F500-FLOW-002;PVT-F500-FLOW-003;PVT-F500-BR-001;PVT-F500-BR-002;PVT-F500-DATA-001;PVT-F500-DATA-002;PVT-F500-VAL-001;PVT-F500-VAL-002;PVT-F500-CALC-001;PVT-F500-UX-001;PVT-F500-UX-002;PVT-F500-SEC-001;PVT-F500-SEC-002;PVT-F500-AUTO-001;PVT-F500-APP-001;PVT-F500-APP-002;PVT-F500-NOTIF-001;PVT-F500-REP-001;PVT-F500-AI-001;PVT-F500-AI-002;PVT-F500-INT-001;PVT-F500-INT-002;PVT-F500-API-001;PVT-F500-PERF-001;PVT-F500-PERF-002;PVT-F500-OBS-001;PVT-F500-OBS-002;PVT-F500-E2E-001;PVT-F500-E2E-002;PVT-F500-UAT-001;PVT-F500-UAT-002,AUTHORIZED_BY_PASS_F_SUBJECT_TO_WAVE_DEPENDENCIES,NOT_READY
F501,Trial balance,Accounting / Finance,docs/03-modules/accounting/features/F501-trial-balance.md,F501-CAP-001,F501-FLOW-001;F501-FLOW-002;F501-FLOW-003,F501-BR-001;F501-BR-002,F501-DATA-001;F501-DATA-002,F501-VAL-001;F501-VAL-002,F501-CALC-001,F501-UX-001;F501-UX-002,F501-SEC-001;F501-SEC-002,F501-INT-001;F501-INT-002,F501-API-001,F501-E2E-001;F501-E2E-002,F501-UAT-001;F501-UAT-002,APPROVED,8,APPROVED,F501-PFC-01;F501-PFC-02;F501-PFC-03;F501-PFC-04;F501-PFC-05;F501-PFC-06;F501-PFC-07;F501-PFC-08;F501-PFC-09;F501-PFC-10,F501-STM-01;F501-STM-02;F501-STM-03;F501-STM-04;F501-STM-05,APPROVED,PFD-BM-F501-1;PFD-BM-F501-2,APPROVED,services/api/src/modules/accounting,apps/web/src/modules/accounting,READ_ONLY,W06,F501-E2E-001;F501-UAT-001;PVT-F501-CAP-001;PVT-F501-FR-001;PVT-F501-FR-002;PVT-F501-FR-003;PVT-F501-US-001;PVT-F501-FLOW-001;PVT-F501-FLOW-002;PVT-F501-FLOW-003;PVT-F501-BR-001;PVT-F501-BR-002;PVT-F501-DATA-001;PVT-F501-DATA-002;PVT-F501-VAL-001;PVT-F501-VAL-002;PVT-F501-CALC-001;PVT-F501-UX-001;PVT-F501-UX-002;PVT-F501-SEC-001;PVT-F501-SEC-002;PVT-F501-AUTO-001;PVT-F501-APP-001;PVT-F501-APP-002;PVT-F501-NOTIF-001;PVT-F501-REP-001;PVT-F501-AI-001;PVT-F501-AI-002;PVT-F501-INT-001;PVT-F501-INT-002;PVT-F501-API-001;PVT-F501-PERF-001;PVT-F501-PERF-002;PVT-F501-OBS-001;PVT-F501-OBS-002;PVT-F501-E2E-001;PVT-F501-E2E-002;PVT-F501-UAT-001;PVT-F501-UAT-002,AUTHORIZED_BY_PASS_F_SUBJECT_TO_WAVE_DEPENDENCIES,NOT_READY
F502,Profit & Loss,Accounting / Finance,docs/03-modules/accounting/features/F502-profit-and-loss.md,F502-CAP-001,F502-FLOW-001;F502-FLOW-002;F502-FLOW-003,F502-BR-001;F502-BR-002,F502-DATA-001;F502-DATA-002,F502-VAL-001;F502-VAL-002,F502-CALC-001,F502-UX-001;F502-UX-002,F502-SEC-001;F502-SEC-002,F502-INT-001;F502-INT-002,F502-API-001,F502-E2E-001;F502-E2E-002,F502-UAT-001;F502-UAT-002,APPROVED,8,APPROVED,F502-PFC-01;F502-PFC-02;F502-PFC-03;F502-PFC-04;F502-PFC-05;F502-PFC-06;F502-PFC-07;F502-PFC-08;F502-PFC-09;F502-PFC-10,F502-STM-01;F502-STM-02;F502-STM-03;F502-STM-04;F502-STM-05,APPROVED,PFD-BM-F502-1;PFD-BM-F502-2,APPROVED,services/api/src/modules/accounting,apps/web/src/modules/accounting,READ_ONLY,W06,F502-E2E-001;F502-UAT-001;PVT-F502-CAP-001;PVT-F502-FR-001;PVT-F502-FR-002;PVT-F502-FR-003;PVT-F502-US-001;PVT-F502-FLOW-001;PVT-F502-FLOW-002;PVT-F502-FLOW-003;PVT-F502-BR-001;PVT-F502-BR-002;PVT-F502-DATA-001;PVT-F502-DATA-002;PVT-F502-VAL-001;PVT-F502-VAL-002;PVT-F502-CALC-001;PVT-F502-UX-001;PVT-F502-UX-002;PVT-F502-SEC-001;PVT-F502-SEC-002;PVT-F502-AUTO-001;PVT-F502-APP-001;PVT-F502-APP-002;PVT-F502-NOTIF-001;PVT-F502-REP-001;PVT-F502-AI-001;PVT-F502-AI-002;PVT-F502-INT-001;PVT-F502-INT-002;PVT-F502-API-001;PVT-F502-PERF-001;PVT-F502-PERF-002;PVT-F502-OBS-001;PVT-F502-OBS-002;PVT-F502-E2E-001;PVT-F502-E2E-002;PVT-F502-UAT-001;PVT-F502-UAT-002,AUTHORIZED_BY_PASS_F_SUBJECT_TO_WAVE_DEPENDENCIES,NOT_READY
F503,Balance Sheet,Accounting / Finance,docs/03-modules/accounting/features/F503-balance-sheet.md,F503-CAP-001,F503-FLOW-001;F503-FLOW-002;F503-FLOW-003,F503-BR-001;F503-BR-002,F503-DATA-001;F503-DATA-002,F503-VAL-001;F503-VAL-002,F503-CALC-001,F503-UX-001;F503-UX-002,F503-SEC-001;F503-SEC-002,F503-INT-001;F503-INT-002,F503-API-001,F503-E2E-001;F503-E2E-002,F503-UAT-001;F503-UAT-002,APPROVED,8,APPROVED,F503-PFC-01;F503-PFC-02;F503-PFC-03;F503-PFC-04;F503-PFC-05;F503-PFC-06;F503-PFC-07;F503-PFC-08;F503-PFC-09;F503-PFC-10,F503-STM-01;F503-STM-02;F503-STM-03;F503-STM-04;F503-STM-05,APPROVED,PFD-BM-F503-1;PFD-BM-F503-2,APPROVED,services/api/src/modules/accounting,apps/web/src/modules/accounting,READ_ONLY,W06,F503-E2E-001;F503-UAT-001;PVT-F503-CAP-001;PVT-F503-FR-001;PVT-F503-FR-002;PVT-F503-FR-003;PVT-F503-US-001;PVT-F503-FLOW-001;PVT-F503-FLOW-002;PVT-F503-FLOW-003;PVT-F503-BR-001;PVT-F503-BR-002;PVT-F503-DATA-001;PVT-F503-DATA-002;PVT-F503-VAL-001;PVT-F503-VAL-002;PVT-F503-CALC-001;PVT-F503-UX-001;PVT-F503-UX-002;PVT-F503-SEC-001;PVT-F503-SEC-002;PVT-F503-AUTO-001;PVT-F503-APP-001;PVT-F503-APP-002;PVT-F503-NOTIF-001;PVT-F503-REP-001;PVT-F503-AI-001;PVT-F503-AI-002;PVT-F503-INT-001;PVT-F503-INT-002;PVT-F503-API-001;PVT-F503-PERF-001;PVT-F503-PERF-002;PVT-F503-OBS-001;PVT-F503-OBS-002;PVT-F503-E2E-001;PVT-F503-E2E-002;PVT-F503-UAT-001;PVT-F503-UAT-002,AUTHORIZED_BY_PASS_F_SUBJECT_TO_WAVE_DEPENDENCIES,NOT_READY
F504,Cash Flow Statement,Accounting / Finance,docs/03-modules/accounting/features/F504-cash-flow-statement.md,F504-CAP-001,F504-FLOW-001;F504-FLOW-002;F504-FLOW-003,F504-BR-001;F504-BR-002,F504-DATA-001;F504-DATA-002,F504-VAL-001;F504-VAL-002,F504-CALC-001,F504-UX-001;F504-UX-002,F504-SEC-001;F504-SEC-002,F504-INT-001;F504-INT-002,F504-API-001,F504-E2E-001;F504-E2E-002,F504-UAT-001;F504-UAT-002,APPROVED,8,APPROVED,F504-PFC-01;F504-PFC-02;F504-PFC-03;F504-PFC-04;F504-PFC-05;F504-PFC-06;F504-PFC-07;F504-PFC-08;F504-PFC-09;F504-PFC-10,F504-STM-01;F504-STM-02;F504-STM-03;F504-STM-04;F504-STM-05,APPROVED,PFD-BM-F504-1;PFD-BM-F504-2,APPROVED,services/api/src/modules/accounting,apps/web/src/modules/accounting,READ_ONLY,W06,F504-E2E-001;F504-UAT-001;PVT-F504-CAP-001;PVT-F504-FR-001;PVT-F504-FR-002;PVT-F504-FR-003;PVT-F504-US-001;PVT-F504-FLOW-001;PVT-F504-FLOW-002;PVT-F504-FLOW-003;PVT-F504-BR-001;PVT-F504-BR-002;PVT-F504-DATA-001;PVT-F504-DATA-002;PVT-F504-VAL-001;PVT-F504-VAL-002;PVT-F504-CALC-001;PVT-F504-UX-001;PVT-F504-UX-002;PVT-F504-SEC-001;PVT-F504-SEC-002;PVT-F504-AUTO-001;PVT-F504-APP-001;PVT-F504-APP-002;PVT-F504-NOTIF-001;PVT-F504-REP-001;PVT-F504-AI-001;PVT-F504-AI-002;PVT-F504-INT-001;PVT-F504-INT-002;PVT-F504-API-001;PVT-F504-PERF-001;PVT-F504-PERF-002;PVT-F504-OBS-001;PVT-F504-OBS-002;PVT-F504-E2E-001;PVT-F504-E2E-002;PVT-F504-UAT-001;PVT-F504-UAT-002,AUTHORIZED_BY_PASS_F_SUBJECT_TO_WAVE_DEPENDENCIES,NOT_READY
F505,General Ledger report,Accounting / Finance,docs/03-modules/accounting/features/F505-general-ledger-report.md,F505-CAP-001,F505-FLOW-001;F505-FLOW-002;F505-FLOW-003,F505-BR-001;F505-BR-002,F505-DATA-001;F505-DATA-002,F505-VAL-001;F505-VAL-002,F505-CALC-001,F505-UX-001;F505-UX-002,F505-SEC-001;F505-SEC-002,F505-INT-001;F505-INT-002,F505-API-001,F505-E2E-001;F505-E2E-002,F505-UAT-001;F505-UAT-002,APPROVED,8,APPROVED,F505-PFC-01;F505-PFC-02;F505-PFC-03;F505-PFC-04;F505-PFC-05;F505-PFC-06;F505-PFC-07;F505-PFC-08;F505-PFC-09;F505-PFC-10,F505-STM-01;F505-STM-02;F505-STM-03;F505-STM-04;F505-STM-05,APPROVED,PFD-BM-F505-1;PFD-BM-F505-2,APPROVED,services/api/src/modules/accounting,apps/web/src/modules/accounting,READ_ONLY,W06,F505-E2E-001;F505-UAT-001;PVT-F505-CAP-001;PVT-F505-FR-001;PVT-F505-FR-002;PVT-F505-FR-003;PVT-F505-US-001;PVT-F505-FLOW-001;PVT-F505-FLOW-002;PVT-F505-FLOW-003;PVT-F505-BR-001;PVT-F505-BR-002;PVT-F505-DATA-001;PVT-F505-DATA-002;PVT-F505-VAL-001;PVT-F505-VAL-002;PVT-F505-CALC-001;PVT-F505-UX-001;PVT-F505-UX-002;PVT-F505-SEC-001;PVT-F505-SEC-002;PVT-F505-AUTO-001;PVT-F505-APP-001;PVT-F505-APP-002;PVT-F505-NOTIF-001;PVT-F505-REP-001;PVT-F505-AI-001;PVT-F505-AI-002;PVT-F505-INT-001;PVT-F505-INT-002;PVT-F505-API-001;PVT-F505-PERF-001;PVT-F505-PERF-002;PVT-F505-OBS-001;PVT-F505-OBS-002;PVT-F505-E2E-001;PVT-F505-E2E-002;PVT-F505-UAT-001;PVT-F505-UAT-002,AUTHORIZED_BY_PASS_F_SUBJECT_TO_WAVE_DEPENDENCIES,NOT_READY
F506,AR aging report,Accounting / Finance,docs/03-modules/accounting/features/F506-ar-aging-report.md,F506-CAP-001,F506-FLOW-001;F506-FLOW-002;F506-FLOW-003,F506-BR-001;F506-BR-002,F506-DATA-001;F506-DATA-002,F506-VAL-001;F506-VAL-002,F506-CALC-001,F506-UX-001;F506-UX-002,F506-SEC-001;F506-SEC-002,F506-INT-001;F506-INT-002,F506-API-001,F506-E2E-001;F506-E2E-002,F506-UAT-001;F506-UAT-002,APPROVED,8,APPROVED,F506-PFC-01;F506-PFC-02;F506-PFC-03;F506-PFC-04;F506-PFC-05;F506-PFC-06;F506-PFC-07;F506-PFC-08;F506-PFC-09;F506-PFC-10,F506-STM-01;F506-STM-02;F506-STM-03;F506-STM-04;F506-STM-05,APPROVED,PFD-BM-F506-1;PFD-BM-F506-2,APPROVED,services/api/src/modules/accounting,apps/web/src/modules/accounting,READ_ONLY,W06,F506-E2E-001;F506-UAT-001;PVT-F506-CAP-001;PVT-F506-FR-001;PVT-F506-FR-002;PVT-F506-FR-003;PVT-F506-US-001;PVT-F506-FLOW-001;PVT-F506-FLOW-002;PVT-F506-FLOW-003;PVT-F506-BR-001;PVT-F506-BR-002;PVT-F506-DATA-001;PVT-F506-DATA-002;PVT-F506-VAL-001;PVT-F506-VAL-002;PVT-F506-CALC-001;PVT-F506-UX-001;PVT-F506-UX-002;PVT-F506-SEC-001;PVT-F506-SEC-002;PVT-F506-AUTO-001;PVT-F506-APP-001;PVT-F506-APP-002;PVT-F506-NOTIF-001;PVT-F506-REP-001;PVT-F506-AI-001;PVT-F506-AI-002;PVT-F506-INT-001;PVT-F506-INT-002;PVT-F506-API-001;PVT-F506-PERF-001;PVT-F506-PERF-002;PVT-F506-OBS-001;PVT-F506-OBS-002;PVT-F506-E2E-001;PVT-F506-E2E-002;PVT-F506-UAT-001;PVT-F506-UAT-002,AUTHORIZED_BY_PASS_F_SUBJECT_TO_WAVE_DEPENDENCIES,NOT_READY
F507,AP aging report,Accounting / Finance,docs/03-modules/accounting/features/F507-ap-aging-report.md,F507-CAP-001,F507-FLOW-001;F507-FLOW-002;F507-FLOW-003,F507-BR-001;F507-BR-002,F507-DATA-001;F507-DATA-002,F507-VAL-001;F507-VAL-002,F507-CALC-001,F507-UX-001;F507-UX-002,F507-SEC-001;F507-SEC-002,F507-INT-001;F507-INT-002,F507-API-001,F507-E2E-001;F507-E2E-002,F507-UAT-001;F507-UAT-002,APPROVED,8,APPROVED,F507-PFC-01;F507-PFC-02;F507-PFC-03;F507-PFC-04;F507-PFC-05;F507-PFC-06;F507-PFC-07;F507-PFC-08;F507-PFC-09;F507-PFC-10,F507-STM-01;F507-STM-02;F507-STM-03;F507-STM-04;F507-STM-05,APPROVED,PFD-BM-F507-1;PFD-BM-F507-2,APPROVED,services/api/src/modules/accounting,apps/web/src/modules/accounting,READ_ONLY,W06,F507-E2E-001;F507-UAT-001;PVT-F507-CAP-001;PVT-F507-FR-001;PVT-F507-FR-002;PVT-F507-FR-003;PVT-F507-US-001;PVT-F507-FLOW-001;PVT-F507-FLOW-002;PVT-F507-FLOW-003;PVT-F507-BR-001;PVT-F507-BR-002;PVT-F507-DATA-001;PVT-F507-DATA-002;PVT-F507-VAL-001;PVT-F507-VAL-002;PVT-F507-CALC-001;PVT-F507-UX-001;PVT-F507-UX-002;PVT-F507-SEC-001;PVT-F507-SEC-002;PVT-F507-AUTO-001;PVT-F507-APP-001;PVT-F507-APP-002;PVT-F507-NOTIF-001;PVT-F507-REP-001;PVT-F507-AI-001;PVT-F507-AI-002;PVT-F507-INT-001;PVT-F507-INT-002;PVT-F507-API-001;PVT-F507-PERF-001;PVT-F507-PERF-002;PVT-F507-OBS-001;PVT-F507-OBS-002;PVT-F507-E2E-001;PVT-F507-E2E-002;PVT-F507-UAT-001;PVT-F507-UAT-002,AUTHORIZED_BY_PASS_F_SUBJECT_TO_WAVE_DEPENDENCIES,NOT_READY
F508,Cost-centre / dimension reports,Accounting / Finance,docs/03-modules/accounting/features/F508-cost-centre-dimension-reports.md,F508-CAP-001,F508-FLOW-001;F508-FLOW-002;F508-FLOW-003,F508-BR-001;F508-BR-002,F508-DATA-001;F508-DATA-002,F508-VAL-001;F508-VAL-002,F508-CALC-001,F508-UX-001;F508-UX-002,F508-SEC-001;F508-SEC-002,F508-INT-001;F508-INT-002,F508-API-001,F508-E2E-001;F508-E2E-002,F508-UAT-001;F508-UAT-002,APPROVED,8,APPROVED,F508-PFC-01;F508-PFC-02;F508-PFC-03;F508-PFC-04;F508-PFC-05;F508-PFC-06;F508-PFC-07;F508-PFC-08;F508-PFC-09;F508-PFC-10,F508-STM-01;F508-STM-02;F508-STM-03;F508-STM-04;F508-STM-05,APPROVED,PFD-BM-F508-1;PFD-BM-F508-2,APPROVED,services/api/src/modules/accounting,apps/web/src/modules/accounting,READ_ONLY,W06,F508-E2E-001;F508-UAT-001;PVT-F508-CAP-001;PVT-F508-FR-001;PVT-F508-FR-002;PVT-F508-FR-003;PVT-F508-US-001;PVT-F508-FLOW-001;PVT-F508-FLOW-002;PVT-F508-FLOW-003;PVT-F508-BR-001;PVT-F508-BR-002;PVT-F508-DATA-001;PVT-F508-DATA-002;PVT-F508-VAL-001;PVT-F508-VAL-002;PVT-F508-CALC-001;PVT-F508-UX-001;PVT-F508-UX-002;PVT-F508-SEC-001;PVT-F508-SEC-002;PVT-F508-AUTO-001;PVT-F508-APP-001;PVT-F508-APP-002;PVT-F508-NOTIF-001;PVT-F508-REP-001;PVT-F508-AI-001;PVT-F508-AI-002;PVT-F508-INT-001;PVT-F508-INT-002;PVT-F508-API-001;PVT-F508-PERF-001;PVT-F508-PERF-002;PVT-F508-OBS-001;PVT-F508-OBS-002;PVT-F508-E2E-001;PVT-F508-E2E-002;PVT-F508-UAT-001;PVT-F508-UAT-002,AUTHORIZED_BY_PASS_F_SUBJECT_TO_WAVE_DEPENDENCIES,NOT_READY
F509,Financial dashboards,Accounting / Finance,docs/03-modules/accounting/features/F509-financial-dashboards.md,F509-CAP-001,F509-FLOW-001;F509-FLOW-002;F509-FLOW-003,F509-BR-001;F509-BR-002,F509-DATA-001;F509-DATA-002,F509-VAL-001;F509-VAL-002,F509-CALC-001,F509-UX-001;F509-UX-002,F509-SEC-001;F509-SEC-002,F509-INT-001;F509-INT-002,F509-API-001,F509-E2E-001;F509-E2E-002,F509-UAT-001;F509-UAT-002,APPROVED,8,APPROVED,F509-PFC-01;F509-PFC-02;F509-PFC-03;F509-PFC-04;F509-PFC-05;F509-PFC-06;F509-PFC-07;F509-PFC-08;F509-PFC-09;F509-PFC-10,F509-STM-01;F509-STM-02;F509-STM-03;F509-STM-04;F509-STM-05,APPROVED,PFD-BM-F509-1;PFD-BM-F509-2,APPROVED,services/api/src/modules/accounting,apps/web/src/modules/accounting,READ_ONLY,W06,F509-E2E-001;F509-UAT-001;PVT-F509-CAP-001;PVT-F509-FR-001;PVT-F509-FR-002;PVT-F509-FR-003;PVT-F509-US-001;PVT-F509-FLOW-001;PVT-F509-FLOW-002;PVT-F509-FLOW-003;PVT-F509-BR-001;PVT-F509-BR-002;PVT-F509-DATA-001;PVT-F509-DATA-002;PVT-F509-VAL-001;PVT-F509-VAL-002;PVT-F509-CALC-001;PVT-F509-UX-001;PVT-F509-UX-002;PVT-F509-SEC-001;PVT-F509-SEC-002;PVT-F509-AUTO-001;PVT-F509-APP-001;PVT-F509-APP-002;PVT-F509-NOTIF-001;PVT-F509-REP-001;PVT-F509-AI-001;PVT-F509-AI-002;PVT-F509-INT-001;PVT-F509-INT-002;PVT-F509-API-001;PVT-F509-PERF-001;PVT-F509-PERF-002;PVT-F509-OBS-001;PVT-F509-OBS-002;PVT-F509-E2E-001;PVT-F509-E2E-002;PVT-F509-UAT-001;PVT-F509-UAT-002,AUTHORIZED_BY_PASS_F_SUBJECT_TO_WAVE_DEPENDENCIES,NOT_READY
F510,Audit trail,Accounting / Finance,docs/03-modules/accounting/features/F510-audit-trail.md,F510-CAP-001,F510-FLOW-001;F510-FLOW-002;F510-FLOW-003,F510-BR-001;F510-BR-002,F510-DATA-001;F510-DATA-002,F510-VAL-001;F510-VAL-002,F510-CALC-001,F510-UX-001;F510-UX-002,F510-SEC-001;F510-SEC-002,F510-INT-001;F510-INT-002,F510-API-001,F510-E2E-001;F510-E2E-002,F510-UAT-001;F510-UAT-002,APPROVED,8,APPROVED,F510-PFC-01;F510-PFC-02;F510-PFC-03;F510-PFC-04;F510-PFC-05;F510-PFC-06;F510-PFC-07;F510-PFC-08;F510-PFC-09;F510-PFC-10,F510-STM-01;F510-STM-02;F510-STM-03;F510-STM-04;F510-STM-05,APPROVED,PFD-BM-F510-1;PFD-BM-F510-2,APPROVED,services/api/src/modules/accounting,apps/web/src/modules/accounting,READ_ONLY,W06,F510-E2E-001;F510-UAT-001;PVT-F510-CAP-001;PVT-F510-FR-001;PVT-F510-FR-002;PVT-F510-FR-003;PVT-F510-US-001;PVT-F510-FLOW-001;PVT-F510-FLOW-002;PVT-F510-FLOW-003;PVT-F510-BR-001;PVT-F510-BR-002;PVT-F510-DATA-001;PVT-F510-DATA-002;PVT-F510-VAL-001;PVT-F510-VAL-002;PVT-F510-CALC-001;PVT-F510-UX-001;PVT-F510-UX-002;PVT-F510-SEC-001;PVT-F510-SEC-002;PVT-F510-AUTO-001;PVT-F510-APP-001;PVT-F510-APP-002;PVT-F510-NOTIF-001;PVT-F510-REP-001;PVT-F510-AI-001;PVT-F510-AI-002;PVT-F510-INT-001;PVT-F510-INT-002;PVT-F510-API-001;PVT-F510-PERF-001;PVT-F510-PERF-002;PVT-F510-OBS-001;PVT-F510-OBS-002;PVT-F510-E2E-001;PVT-F510-E2E-002;PVT-F510-UAT-001;PVT-F510-UAT-002,AUTHORIZED_BY_PASS_F_SUBJECT_TO_WAVE_DEPENDENCIES,NOT_READY
