feature_id,feature_name,module,module_slug,server_domain_area,web_experience_area,mobile_experience_area,tenant_schema_area,cross_module_area,shared_platform_rule,architecture_status,implementation_status
F001,Leads,CRM,crm,services/api/src/modules/crm,apps/web/src/modules/crm,apps/mobile/src/modules/crm,database/tenant,services/api/src/orchestration,Consume SP public contracts; do not fork platform capabilities,FROZEN_PLACEMENT_RULE,NOT_AUTHORIZED_BY_PASS_E_ALONE
F002,Accounts / companies,CRM,crm,services/api/src/modules/crm,apps/web/src/modules/crm,apps/mobile/src/modules/crm,database/tenant,services/api/src/orchestration,Consume SP public contracts; do not fork platform capabilities,FROZEN_PLACEMENT_RULE,NOT_AUTHORIZED_BY_PASS_E_ALONE
F003,Contacts,CRM,crm,services/api/src/modules/crm,apps/web/src/modules/crm,apps/mobile/src/modules/crm,database/tenant,services/api/src/orchestration,Consume SP public contracts; do not fork platform capabilities,FROZEN_PLACEMENT_RULE,NOT_AUTHORIZED_BY_PASS_E_ALONE
F004,Lead sources,CRM,crm,services/api/src/modules/crm,apps/web/src/modules/crm,apps/mobile/src/modules/crm,database/tenant,services/api/src/orchestration,Consume SP public contracts; do not fork platform capabilities,FROZEN_PLACEMENT_RULE,NOT_AUTHORIZED_BY_PASS_E_ALONE
F005,Lead assignment,CRM,crm,services/api/src/modules/crm,apps/web/src/modules/crm,apps/mobile/src/modules/crm,database/tenant,services/api/src/orchestration,Consume SP public contracts; do not fork platform capabilities,FROZEN_PLACEMENT_RULE,NOT_AUTHORIZED_BY_PASS_E_ALONE
F006,Lead qualification,CRM,crm,services/api/src/modules/crm,apps/web/src/modules/crm,apps/mobile/src/modules/crm,database/tenant,services/api/src/orchestration,Consume SP public contracts; do not fork platform capabilities,FROZEN_PLACEMENT_RULE,NOT_AUTHORIZED_BY_PASS_E_ALONE
F007,Lead stages and statuses,CRM,crm,services/api/src/modules/crm,apps/web/src/modules/crm,apps/mobile/src/modules/crm,database/tenant,services/api/src/orchestration,Consume SP public contracts; do not fork platform capabilities,FROZEN_PLACEMENT_RULE,NOT_AUTHORIZED_BY_PASS_E_ALONE
F008,Duplicate detection,CRM,crm,services/api/src/modules/crm,apps/web/src/modules/crm,apps/mobile/src/modules/crm,database/tenant,services/api/src/orchestration,Consume SP public contracts; do not fork platform capabilities,FROZEN_PLACEMENT_RULE,NOT_AUTHORIZED_BY_PASS_E_ALONE
F009,Opportunities,CRM,crm,services/api/src/modules/crm,apps/web/src/modules/crm,apps/mobile/src/modules/crm,database/tenant,services/api/src/orchestration,Consume SP public contracts; do not fork platform capabilities,FROZEN_PLACEMENT_RULE,NOT_AUTHORIZED_BY_PASS_E_ALONE
F010,Opportunity pipeline,CRM,crm,services/api/src/modules/crm,apps/web/src/modules/crm,apps/mobile/src/modules/crm,database/tenant,services/api/src/orchestration,Consume SP public contracts; do not fork platform capabilities,FROZEN_PLACEMENT_RULE,NOT_AUTHORIZED_BY_PASS_E_ALONE
F011,Probability and expected revenue,CRM,crm,services/api/src/modules/crm,apps/web/src/modules/crm,apps/mobile/src/modules/crm,database/tenant,services/api/src/orchestration,Consume SP public contracts; do not fork platform capabilities,FROZEN_PLACEMENT_RULE,NOT_AUTHORIZED_BY_PASS_E_ALONE
F012,Sales stages,CRM,crm,services/api/src/modules/crm,apps/web/src/modules/crm,apps/mobile/src/modules/crm,database/tenant,services/api/src/orchestration,Consume SP public contracts; do not fork platform capabilities,FROZEN_PLACEMENT_RULE,NOT_AUTHORIZED_BY_PASS_E_ALONE
F013,Calls,CRM,crm,services/api/src/modules/crm,apps/web/src/modules/crm,apps/mobile/src/modules/crm,database/tenant,services/api/src/orchestration,Consume SP public contracts; do not fork platform capabilities,FROZEN_PLACEMENT_RULE,NOT_AUTHORIZED_BY_PASS_E_ALONE
F014,Meetings,CRM,crm,services/api/src/modules/crm,apps/web/src/modules/crm,apps/mobile/src/modules/crm,database/tenant,services/api/src/orchestration,Consume SP public contracts; do not fork platform capabilities,FROZEN_PLACEMENT_RULE,NOT_AUTHORIZED_BY_PASS_E_ALONE
F015,Tasks,CRM,crm,services/api/src/modules/crm,apps/web/src/modules/crm,apps/mobile/src/modules/crm,database/tenant,services/api/src/orchestration,Consume SP public contracts; do not fork platform capabilities,FROZEN_PLACEMENT_RULE,NOT_AUTHORIZED_BY_PASS_E_ALONE
F016,Follow-ups and reminders,CRM,crm,services/api/src/modules/crm,apps/web/src/modules/crm,apps/mobile/src/modules/crm,database/tenant,services/api/src/orchestration,Consume SP public contracts; do not fork platform capabilities,FROZEN_PLACEMENT_RULE,NOT_AUTHORIZED_BY_PASS_E_ALONE
F017,Notes and attachments,CRM,crm,services/api/src/modules/crm,apps/web/src/modules/crm,apps/mobile/src/modules/crm,database/tenant,services/api/src/orchestration,Consume SP public contracts; do not fork platform capabilities,FROZEN_PLACEMENT_RULE,NOT_AUTHORIZED_BY_PASS_E_ALONE
F018,Email history,CRM,crm,services/api/src/modules/crm,apps/web/src/modules/crm,apps/mobile/src/modules/crm,database/tenant,services/api/src/orchestration,Consume SP public contracts; do not fork platform capabilities,FROZEN_PLACEMENT_RULE,NOT_AUTHORIZED_BY_PASS_E_ALONE
F019,Activity timeline,CRM,crm,services/api/src/modules/crm,apps/web/src/modules/crm,apps/mobile/src/modules/crm,database/tenant,services/api/src/orchestration,Consume SP public contracts; do not fork platform capabilities,FROZEN_PLACEMENT_RULE,NOT_AUTHORIZED_BY_PASS_E_ALONE
F020,Territories and sales teams,CRM,crm,services/api/src/modules/crm,apps/web/src/modules/crm,apps/mobile/src/modules/crm,database/tenant,services/api/src/orchestration,Consume SP public contracts; do not fork platform capabilities,FROZEN_PLACEMENT_RULE,NOT_AUTHORIZED_BY_PASS_E_ALONE
F021,Lead import and export,CRM,crm,services/api/src/modules/crm,apps/web/src/modules/crm,apps/mobile/src/modules/crm,database/tenant,services/api/src/orchestration,Consume SP public contracts; do not fork platform capabilities,FROZEN_PLACEMENT_RULE,NOT_AUTHORIZED_BY_PASS_E_ALONE
F022,Lead-to-opportunity conversion,CRM,crm,services/api/src/modules/crm,apps/web/src/modules/crm,apps/mobile/src/modules/crm,database/tenant,services/api/src/orchestration,Consume SP public contracts; do not fork platform capabilities,FROZEN_PLACEMENT_RULE,NOT_AUTHORIZED_BY_PASS_E_ALONE
F023,Opportunity-to-quotation conversion,CRM,crm,services/api/src/modules/crm,apps/web/src/modules/crm,apps/mobile/src/modules/crm,database/tenant,services/api/src/orchestration,Consume SP public contracts; do not fork platform capabilities,FROZEN_PLACEMENT_RULE,NOT_AUTHORIZED_BY_PASS_E_ALONE
F024,Pipeline dashboard,CRM,crm,services/api/src/modules/crm,apps/web/src/modules/crm,apps/mobile/src/modules/crm,database/tenant,services/api/src/orchestration,Consume SP public contracts; do not fork platform capabilities,FROZEN_PLACEMENT_RULE,NOT_AUTHORIZED_BY_PASS_E_ALONE
F025,Sales forecast,CRM,crm,services/api/src/modules/crm,apps/web/src/modules/crm,apps/mobile/src/modules/crm,database/tenant,services/api/src/orchestration,Consume SP public contracts; do not fork platform capabilities,FROZEN_PLACEMENT_RULE,NOT_AUTHORIZED_BY_PASS_E_ALONE
F026,Won / lost reasons,CRM,crm,services/api/src/modules/crm,apps/web/src/modules/crm,apps/mobile/src/modules/crm,database/tenant,services/api/src/orchestration,Consume SP public contracts; do not fork platform capabilities,FROZEN_PLACEMENT_RULE,NOT_AUTHORIZED_BY_PASS_E_ALONE
F027,Basic lead scoring,CRM,crm,services/api/src/modules/crm,apps/web/src/modules/crm,apps/mobile/src/modules/crm,database/tenant,services/api/src/orchestration,Consume SP public contracts; do not fork platform capabilities,FROZEN_PLACEMENT_RULE,NOT_AUTHORIZED_BY_PASS_E_ALONE
F028,Custom fields and tags,CRM,crm,services/api/src/modules/crm,apps/web/src/modules/crm,apps/mobile/src/modules/crm,database/tenant,services/api/src/orchestration,Consume SP public contracts; do not fork platform capabilities,FROZEN_PLACEMENT_RULE,NOT_AUTHORIZED_BY_PASS_E_ALONE
F029,Bulk actions,CRM,crm,services/api/src/modules/crm,apps/web/src/modules/crm,apps/mobile/src/modules/crm,database/tenant,services/api/src/orchestration,Consume SP public contracts; do not fork platform capabilities,FROZEN_PLACEMENT_RULE,NOT_AUTHORIZED_BY_PASS_E_ALONE
F030,CRM reports,CRM,crm,services/api/src/modules/crm,apps/web/src/modules/crm,apps/mobile/src/modules/crm,database/tenant,services/api/src/orchestration,Consume SP public contracts; do not fork platform capabilities,FROZEN_PLACEMENT_RULE,NOT_AUTHORIZED_BY_PASS_E_ALONE
F031,Customer master,Sales,sales,services/api/src/modules/sales,apps/web/src/modules/sales,apps/mobile/src/modules/sales,database/tenant,services/api/src/orchestration,Consume SP public contracts; do not fork platform capabilities,FROZEN_PLACEMENT_RULE,NOT_AUTHORIZED_BY_PASS_E_ALONE
F032,Customer addresses and contacts,Sales,sales,services/api/src/modules/sales,apps/web/src/modules/sales,apps/mobile/src/modules/sales,database/tenant,services/api/src/orchestration,Consume SP public contracts; do not fork platform capabilities,FROZEN_PLACEMENT_RULE,NOT_AUTHORIZED_BY_PASS_E_ALONE
F033,Products and services,Sales,sales,services/api/src/modules/sales,apps/web/src/modules/sales,apps/mobile/src/modules/sales,database/tenant,services/api/src/orchestration,Consume SP public contracts; do not fork platform capabilities,FROZEN_PLACEMENT_RULE,NOT_AUTHORIZED_BY_PASS_E_ALONE
F034,Price lists,Sales,sales,services/api/src/modules/sales,apps/web/src/modules/sales,apps/mobile/src/modules/sales,database/tenant,services/api/src/orchestration,Consume SP public contracts; do not fork platform capabilities,FROZEN_PLACEMENT_RULE,NOT_AUTHORIZED_BY_PASS_E_ALONE
F035,Customer-specific prices,Sales,sales,services/api/src/modules/sales,apps/web/src/modules/sales,apps/mobile/src/modules/sales,database/tenant,services/api/src/orchestration,Consume SP public contracts; do not fork platform capabilities,FROZEN_PLACEMENT_RULE,NOT_AUTHORIZED_BY_PASS_E_ALONE
F036,Quotations,Sales,sales,services/api/src/modules/sales,apps/web/src/modules/sales,apps/mobile/src/modules/sales,database/tenant,services/api/src/orchestration,Consume SP public contracts; do not fork platform capabilities,FROZEN_PLACEMENT_RULE,NOT_AUTHORIZED_BY_PASS_E_ALONE
F037,Quotation versions and revisions,Sales,sales,services/api/src/modules/sales,apps/web/src/modules/sales,apps/mobile/src/modules/sales,database/tenant,services/api/src/orchestration,Consume SP public contracts; do not fork platform capabilities,FROZEN_PLACEMENT_RULE,NOT_AUTHORIZED_BY_PASS_E_ALONE
F038,Quotation expiry,Sales,sales,services/api/src/modules/sales,apps/web/src/modules/sales,apps/mobile/src/modules/sales,database/tenant,services/api/src/orchestration,Consume SP public contracts; do not fork platform capabilities,FROZEN_PLACEMENT_RULE,NOT_AUTHORIZED_BY_PASS_E_ALONE
F039,Discounts,Sales,sales,services/api/src/modules/sales,apps/web/src/modules/sales,apps/mobile/src/modules/sales,database/tenant,services/api/src/orchestration,Consume SP public contracts; do not fork platform capabilities,FROZEN_PLACEMENT_RULE,NOT_AUTHORIZED_BY_PASS_E_ALONE
F040,Taxes,Sales,sales,services/api/src/modules/sales,apps/web/src/modules/sales,apps/mobile/src/modules/sales,database/tenant,services/api/src/orchestration,Consume SP public contracts; do not fork platform capabilities,FROZEN_PLACEMENT_RULE,NOT_AUTHORIZED_BY_PASS_E_ALONE
F041,Approval workflow,Sales,sales,services/api/src/modules/sales,apps/web/src/modules/sales,apps/mobile/src/modules/sales,database/tenant,services/api/src/orchestration,Consume SP public contracts; do not fork platform capabilities,FROZEN_PLACEMENT_RULE,NOT_AUTHORIZED_BY_PASS_E_ALONE
F042,Sales orders,Sales,sales,services/api/src/modules/sales,apps/web/src/modules/sales,apps/mobile/src/modules/sales,database/tenant,services/api/src/orchestration,Consume SP public contracts; do not fork platform capabilities,FROZEN_PLACEMENT_RULE,NOT_AUTHORIZED_BY_PASS_E_ALONE
F043,Order confirmation,Sales,sales,services/api/src/modules/sales,apps/web/src/modules/sales,apps/mobile/src/modules/sales,database/tenant,services/api/src/orchestration,Consume SP public contracts; do not fork platform capabilities,FROZEN_PLACEMENT_RULE,NOT_AUTHORIZED_BY_PASS_E_ALONE
F044,Order amendments,Sales,sales,services/api/src/modules/sales,apps/web/src/modules/sales,apps/mobile/src/modules/sales,database/tenant,services/api/src/orchestration,Consume SP public contracts; do not fork platform capabilities,FROZEN_PLACEMENT_RULE,NOT_AUTHORIZED_BY_PASS_E_ALONE
F045,Availability check,Sales,sales,services/api/src/modules/sales,apps/web/src/modules/sales,apps/mobile/src/modules/sales,database/tenant,services/api/src/orchestration,Consume SP public contracts; do not fork platform capabilities,FROZEN_PLACEMENT_RULE,NOT_AUTHORIZED_BY_PASS_E_ALONE
F046,Stock reservation,Sales,sales,services/api/src/modules/sales,apps/web/src/modules/sales,apps/mobile/src/modules/sales,database/tenant,services/api/src/orchestration,Consume SP public contracts; do not fork platform capabilities,FROZEN_PLACEMENT_RULE,NOT_AUTHORIZED_BY_PASS_E_ALONE
F047,Partial fulfilment,Sales,sales,services/api/src/modules/sales,apps/web/src/modules/sales,apps/mobile/src/modules/sales,database/tenant,services/api/src/orchestration,Consume SP public contracts; do not fork platform capabilities,FROZEN_PLACEMENT_RULE,NOT_AUTHORIZED_BY_PASS_E_ALONE
F048,Backorders,Sales,sales,services/api/src/modules/sales,apps/web/src/modules/sales,apps/mobile/src/modules/sales,database/tenant,services/api/src/orchestration,Consume SP public contracts; do not fork platform capabilities,FROZEN_PLACEMENT_RULE,NOT_AUTHORIZED_BY_PASS_E_ALONE
F049,Delivery and shipment,Sales,sales,services/api/src/modules/sales,apps/web/src/modules/sales,apps/mobile/src/modules/sales,database/tenant,services/api/src/orchestration,Consume SP public contracts; do not fork platform capabilities,FROZEN_PLACEMENT_RULE,NOT_AUTHORIZED_BY_PASS_E_ALONE
F050,Sales invoices,Sales,sales,services/api/src/modules/sales,apps/web/src/modules/sales,apps/mobile/src/modules/sales,database/tenant,services/api/src/orchestration,Consume SP public contracts; do not fork platform capabilities,FROZEN_PLACEMENT_RULE,NOT_AUTHORIZED_BY_PASS_E_ALONE
F051,Partial invoicing,Sales,sales,services/api/src/modules/sales,apps/web/src/modules/sales,apps/mobile/src/modules/sales,database/tenant,services/api/src/orchestration,Consume SP public contracts; do not fork platform capabilities,FROZEN_PLACEMENT_RULE,NOT_AUTHORIZED_BY_PASS_E_ALONE
F052,Advance payments,Sales,sales,services/api/src/modules/sales,apps/web/src/modules/sales,apps/mobile/src/modules/sales,database/tenant,services/api/src/orchestration,Consume SP public contracts; do not fork platform capabilities,FROZEN_PLACEMENT_RULE,NOT_AUTHORIZED_BY_PASS_E_ALONE
F053,Credit limits,Sales,sales,services/api/src/modules/sales,apps/web/src/modules/sales,apps/mobile/src/modules/sales,database/tenant,services/api/src/orchestration,Consume SP public contracts; do not fork platform capabilities,FROZEN_PLACEMENT_RULE,NOT_AUTHORIZED_BY_PASS_E_ALONE
F054,Customer returns,Sales,sales,services/api/src/modules/sales,apps/web/src/modules/sales,apps/mobile/src/modules/sales,database/tenant,services/api/src/orchestration,Consume SP public contracts; do not fork platform capabilities,FROZEN_PLACEMENT_RULE,NOT_AUTHORIZED_BY_PASS_E_ALONE
F055,Credit notes and refunds,Sales,sales,services/api/src/modules/sales,apps/web/src/modules/sales,apps/mobile/src/modules/sales,database/tenant,services/api/src/orchestration,Consume SP public contracts; do not fork platform capabilities,FROZEN_PLACEMENT_RULE,NOT_AUTHORIZED_BY_PASS_E_ALONE
F056,Drop shipping,Sales,sales,services/api/src/modules/sales,apps/web/src/modules/sales,apps/mobile/src/modules/sales,database/tenant,services/api/src/orchestration,Consume SP public contracts; do not fork platform capabilities,FROZEN_PLACEMENT_RULE,NOT_AUTHORIZED_BY_PASS_E_ALONE
F057,Sales commissions,Sales,sales,services/api/src/modules/sales,apps/web/src/modules/sales,apps/mobile/src/modules/sales,database/tenant,services/api/src/orchestration,Consume SP public contracts; do not fork platform capabilities,FROZEN_PLACEMENT_RULE,NOT_AUTHORIZED_BY_PASS_E_ALONE
F058,Payment terms,Sales,sales,services/api/src/modules/sales,apps/web/src/modules/sales,apps/mobile/src/modules/sales,database/tenant,services/api/src/orchestration,Consume SP public contracts; do not fork platform capabilities,FROZEN_PLACEMENT_RULE,NOT_AUTHORIZED_BY_PASS_E_ALONE
F059,Order status tracking,Sales,sales,services/api/src/modules/sales,apps/web/src/modules/sales,apps/mobile/src/modules/sales,database/tenant,services/api/src/orchestration,Consume SP public contracts; do not fork platform capabilities,FROZEN_PLACEMENT_RULE,NOT_AUTHORIZED_BY_PASS_E_ALONE
F060,Sales analytics,Sales,sales,services/api/src/modules/sales,apps/web/src/modules/sales,apps/mobile/src/modules/sales,database/tenant,services/api/src/orchestration,Consume SP public contracts; do not fork platform capabilities,FROZEN_PLACEMENT_RULE,NOT_AUTHORIZED_BY_PASS_E_ALONE
F061,Margin and profitability,Sales,sales,services/api/src/modules/sales,apps/web/src/modules/sales,apps/mobile/src/modules/sales,database/tenant,services/api/src/orchestration,Consume SP public contracts; do not fork platform capabilities,FROZEN_PLACEMENT_RULE,NOT_AUTHORIZED_BY_PASS_E_ALONE
F062,Order-to-cash reporting,Sales,sales,services/api/src/modules/sales,apps/web/src/modules/sales,apps/mobile/src/modules/sales,database/tenant,services/api/src/orchestration,Consume SP public contracts; do not fork platform capabilities,FROZEN_PLACEMENT_RULE,NOT_AUTHORIZED_BY_PASS_E_ALONE
F063,Supplier master,Procurement,procurement,services/api/src/modules/procurement,apps/web/src/modules/procurement,apps/mobile/src/modules/procurement,database/tenant,services/api/src/orchestration,Consume SP public contracts; do not fork platform capabilities,FROZEN_PLACEMENT_RULE,NOT_AUTHORIZED_BY_PASS_E_ALONE
F064,Supplier contacts and addresses,Procurement,procurement,services/api/src/modules/procurement,apps/web/src/modules/procurement,apps/mobile/src/modules/procurement,database/tenant,services/api/src/orchestration,Consume SP public contracts; do not fork platform capabilities,FROZEN_PLACEMENT_RULE,NOT_AUTHORIZED_BY_PASS_E_ALONE
F065,Supplier onboarding,Procurement,procurement,services/api/src/modules/procurement,apps/web/src/modules/procurement,apps/mobile/src/modules/procurement,database/tenant,services/api/src/orchestration,Consume SP public contracts; do not fork platform capabilities,FROZEN_PLACEMENT_RULE,NOT_AUTHORIZED_BY_PASS_E_ALONE
F066,Supplier categories,Procurement,procurement,services/api/src/modules/procurement,apps/web/src/modules/procurement,apps/mobile/src/modules/procurement,database/tenant,services/api/src/orchestration,Consume SP public contracts; do not fork platform capabilities,FROZEN_PLACEMENT_RULE,NOT_AUTHORIZED_BY_PASS_E_ALONE
F067,Purchase requisitions,Procurement,procurement,services/api/src/modules/procurement,apps/web/src/modules/procurement,apps/mobile/src/modules/procurement,database/tenant,services/api/src/orchestration,Consume SP public contracts; do not fork platform capabilities,FROZEN_PLACEMENT_RULE,NOT_AUTHORIZED_BY_PASS_E_ALONE
F068,Requisition approvals,Procurement,procurement,services/api/src/modules/procurement,apps/web/src/modules/procurement,apps/mobile/src/modules/procurement,database/tenant,services/api/src/orchestration,Consume SP public contracts; do not fork platform capabilities,FROZEN_PLACEMENT_RULE,NOT_AUTHORIZED_BY_PASS_E_ALONE
F069,RFQ creation,Procurement,procurement,services/api/src/modules/procurement,apps/web/src/modules/procurement,apps/mobile/src/modules/procurement,database/tenant,services/api/src/orchestration,Consume SP public contracts; do not fork platform capabilities,FROZEN_PLACEMENT_RULE,NOT_AUTHORIZED_BY_PASS_E_ALONE
F070,RFQ to multiple vendors,Procurement,procurement,services/api/src/modules/procurement,apps/web/src/modules/procurement,apps/mobile/src/modules/procurement,database/tenant,services/api/src/orchestration,Consume SP public contracts; do not fork platform capabilities,FROZEN_PLACEMENT_RULE,NOT_AUTHORIZED_BY_PASS_E_ALONE
F071,Supplier quotations,Procurement,procurement,services/api/src/modules/procurement,apps/web/src/modules/procurement,apps/mobile/src/modules/procurement,database/tenant,services/api/src/orchestration,Consume SP public contracts; do not fork platform capabilities,FROZEN_PLACEMENT_RULE,NOT_AUTHORIZED_BY_PASS_E_ALONE
F072,Bid comparison,Procurement,procurement,services/api/src/modules/procurement,apps/web/src/modules/procurement,apps/mobile/src/modules/procurement,database/tenant,services/api/src/orchestration,Consume SP public contracts; do not fork platform capabilities,FROZEN_PLACEMENT_RULE,NOT_AUTHORIZED_BY_PASS_E_ALONE
F073,Supplier selection,Procurement,procurement,services/api/src/modules/procurement,apps/web/src/modules/procurement,apps/mobile/src/modules/procurement,database/tenant,services/api/src/orchestration,Consume SP public contracts; do not fork platform capabilities,FROZEN_PLACEMENT_RULE,NOT_AUTHORIZED_BY_PASS_E_ALONE
F074,Purchase orders,Procurement,procurement,services/api/src/modules/procurement,apps/web/src/modules/procurement,apps/mobile/src/modules/procurement,database/tenant,services/api/src/orchestration,Consume SP public contracts; do not fork platform capabilities,FROZEN_PLACEMENT_RULE,NOT_AUTHORIZED_BY_PASS_E_ALONE
F075,PO approvals,Procurement,procurement,services/api/src/modules/procurement,apps/web/src/modules/procurement,apps/mobile/src/modules/procurement,database/tenant,services/api/src/orchestration,Consume SP public contracts; do not fork platform capabilities,FROZEN_PLACEMENT_RULE,NOT_AUTHORIZED_BY_PASS_E_ALONE
F076,PO amendments,Procurement,procurement,services/api/src/modules/procurement,apps/web/src/modules/procurement,apps/mobile/src/modules/procurement,database/tenant,services/api/src/orchestration,Consume SP public contracts; do not fork platform capabilities,FROZEN_PLACEMENT_RULE,NOT_AUTHORIZED_BY_PASS_E_ALONE
F077,Blanket purchase orders,Procurement,procurement,services/api/src/modules/procurement,apps/web/src/modules/procurement,apps/mobile/src/modules/procurement,database/tenant,services/api/src/orchestration,Consume SP public contracts; do not fork platform capabilities,FROZEN_PLACEMENT_RULE,NOT_AUTHORIZED_BY_PASS_E_ALONE
F078,Purchase agreements and contracts,Procurement,procurement,services/api/src/modules/procurement,apps/web/src/modules/procurement,apps/mobile/src/modules/procurement,database/tenant,services/api/src/orchestration,Consume SP public contracts; do not fork platform capabilities,FROZEN_PLACEMENT_RULE,NOT_AUTHORIZED_BY_PASS_E_ALONE
F079,Supplier price lists,Procurement,procurement,services/api/src/modules/procurement,apps/web/src/modules/procurement,apps/mobile/src/modules/procurement,database/tenant,services/api/src/orchestration,Consume SP public contracts; do not fork platform capabilities,FROZEN_PLACEMENT_RULE,NOT_AUTHORIZED_BY_PASS_E_ALONE
F080,Goods receipt / GRN,Procurement,procurement,services/api/src/modules/procurement,apps/web/src/modules/procurement,apps/mobile/src/modules/procurement,database/tenant,services/api/src/orchestration,Consume SP public contracts; do not fork platform capabilities,FROZEN_PLACEMENT_RULE,NOT_AUTHORIZED_BY_PASS_E_ALONE
F081,Partial receipts,Procurement,procurement,services/api/src/modules/procurement,apps/web/src/modules/procurement,apps/mobile/src/modules/procurement,database/tenant,services/api/src/orchestration,Consume SP public contracts; do not fork platform capabilities,FROZEN_PLACEMENT_RULE,NOT_AUTHORIZED_BY_PASS_E_ALONE
F082,Rejected receipts,Procurement,procurement,services/api/src/modules/procurement,apps/web/src/modules/procurement,apps/mobile/src/modules/procurement,database/tenant,services/api/src/orchestration,Consume SP public contracts; do not fork platform capabilities,FROZEN_PLACEMENT_RULE,NOT_AUTHORIZED_BY_PASS_E_ALONE
F083,Purchase returns,Procurement,procurement,services/api/src/modules/procurement,apps/web/src/modules/procurement,apps/mobile/src/modules/procurement,database/tenant,services/api/src/orchestration,Consume SP public contracts; do not fork platform capabilities,FROZEN_PLACEMENT_RULE,NOT_AUTHORIZED_BY_PASS_E_ALONE
F084,Supplier invoices,Procurement,procurement,services/api/src/modules/procurement,apps/web/src/modules/procurement,apps/mobile/src/modules/procurement,database/tenant,services/api/src/orchestration,Consume SP public contracts; do not fork platform capabilities,FROZEN_PLACEMENT_RULE,NOT_AUTHORIZED_BY_PASS_E_ALONE
F085,2-way matching,Procurement,procurement,services/api/src/modules/procurement,apps/web/src/modules/procurement,apps/mobile/src/modules/procurement,database/tenant,services/api/src/orchestration,Consume SP public contracts; do not fork platform capabilities,FROZEN_PLACEMENT_RULE,NOT_AUTHORIZED_BY_PASS_E_ALONE
F086,3-way matching: PO – GRN – Invoice,Procurement,procurement,services/api/src/modules/procurement,apps/web/src/modules/procurement,apps/mobile/src/modules/procurement,database/tenant,services/api/src/orchestration,Consume SP public contracts; do not fork platform capabilities,FROZEN_PLACEMENT_RULE,NOT_AUTHORIZED_BY_PASS_E_ALONE
F087,Landed costs,Procurement,procurement,services/api/src/modules/procurement,apps/web/src/modules/procurement,apps/mobile/src/modules/procurement,database/tenant,services/api/src/orchestration,Consume SP public contracts; do not fork platform capabilities,FROZEN_PLACEMENT_RULE,NOT_AUTHORIZED_BY_PASS_E_ALONE
F088,Payment terms,Procurement,procurement,services/api/src/modules/procurement,apps/web/src/modules/procurement,apps/mobile/src/modules/procurement,database/tenant,services/api/src/orchestration,Consume SP public contracts; do not fork platform capabilities,FROZEN_PLACEMENT_RULE,NOT_AUTHORIZED_BY_PASS_E_ALONE
F089,Supplier performance,Procurement,procurement,services/api/src/modules/procurement,apps/web/src/modules/procurement,apps/mobile/src/modules/procurement,database/tenant,services/api/src/orchestration,Consume SP public contracts; do not fork platform capabilities,FROZEN_PLACEMENT_RULE,NOT_AUTHORIZED_BY_PASS_E_ALONE
F090,Supplier rating,Procurement,procurement,services/api/src/modules/procurement,apps/web/src/modules/procurement,apps/mobile/src/modules/procurement,database/tenant,services/api/src/orchestration,Consume SP public contracts; do not fork platform capabilities,FROZEN_PLACEMENT_RULE,NOT_AUTHORIZED_BY_PASS_E_ALONE
F091,Supplier lead times,Procurement,procurement,services/api/src/modules/procurement,apps/web/src/modules/procurement,apps/mobile/src/modules/procurement,database/tenant,services/api/src/orchestration,Consume SP public contracts; do not fork platform capabilities,FROZEN_PLACEMENT_RULE,NOT_AUTHORIZED_BY_PASS_E_ALONE
F092,Spend analysis,Procurement,procurement,services/api/src/modules/procurement,apps/web/src/modules/procurement,apps/mobile/src/modules/procurement,database/tenant,services/api/src/orchestration,Consume SP public contracts; do not fork platform capabilities,FROZEN_PLACEMENT_RULE,NOT_AUTHORIZED_BY_PASS_E_ALONE
F093,Purchase history,Procurement,procurement,services/api/src/modules/procurement,apps/web/src/modules/procurement,apps/mobile/src/modules/procurement,database/tenant,services/api/src/orchestration,Consume SP public contracts; do not fork platform capabilities,FROZEN_PLACEMENT_RULE,NOT_AUTHORIZED_BY_PASS_E_ALONE
F094,Reorder-generated purchasing,Procurement,procurement,services/api/src/modules/procurement,apps/web/src/modules/procurement,apps/mobile/src/modules/procurement,database/tenant,services/api/src/orchestration,Consume SP public contracts; do not fork platform capabilities,FROZEN_PLACEMENT_RULE,NOT_AUTHORIZED_BY_PASS_E_ALONE
F095,Subcontract purchasing,Procurement,procurement,services/api/src/modules/procurement,apps/web/src/modules/procurement,apps/mobile/src/modules/procurement,database/tenant,services/api/src/orchestration,Consume SP public contracts; do not fork platform capabilities,FROZEN_PLACEMENT_RULE,NOT_AUTHORIZED_BY_PASS_E_ALONE
F096,Procurement dashboard,Procurement,procurement,services/api/src/modules/procurement,apps/web/src/modules/procurement,apps/mobile/src/modules/procurement,database/tenant,services/api/src/orchestration,Consume SP public contracts; do not fork platform capabilities,FROZEN_PLACEMENT_RULE,NOT_AUTHORIZED_BY_PASS_E_ALONE
F097,Item master,Stock / Inventory,stock,services/api/src/modules/stock,apps/web/src/modules/stock,apps/mobile/src/modules/stock,database/tenant,services/api/src/orchestration,Consume SP public contracts; do not fork platform capabilities,FROZEN_PLACEMENT_RULE,NOT_AUTHORIZED_BY_PASS_E_ALONE
F098,Item categories,Stock / Inventory,stock,services/api/src/modules/stock,apps/web/src/modules/stock,apps/mobile/src/modules/stock,database/tenant,services/api/src/orchestration,Consume SP public contracts; do not fork platform capabilities,FROZEN_PLACEMENT_RULE,NOT_AUTHORIZED_BY_PASS_E_ALONE
F099,SKUs,Stock / Inventory,stock,services/api/src/modules/stock,apps/web/src/modules/stock,apps/mobile/src/modules/stock,database/tenant,services/api/src/orchestration,Consume SP public contracts; do not fork platform capabilities,FROZEN_PLACEMENT_RULE,NOT_AUTHORIZED_BY_PASS_E_ALONE
F100,Variants,Stock / Inventory,stock,services/api/src/modules/stock,apps/web/src/modules/stock,apps/mobile/src/modules/stock,database/tenant,services/api/src/orchestration,Consume SP public contracts; do not fork platform capabilities,FROZEN_PLACEMENT_RULE,NOT_AUTHORIZED_BY_PASS_E_ALONE
F101,Multiple units of measure,Stock / Inventory,stock,services/api/src/modules/stock,apps/web/src/modules/stock,apps/mobile/src/modules/stock,database/tenant,services/api/src/orchestration,Consume SP public contracts; do not fork platform capabilities,FROZEN_PLACEMENT_RULE,NOT_AUTHORIZED_BY_PASS_E_ALONE
F102,UOM conversions,Stock / Inventory,stock,services/api/src/modules/stock,apps/web/src/modules/stock,apps/mobile/src/modules/stock,database/tenant,services/api/src/orchestration,Consume SP public contracts; do not fork platform capabilities,FROZEN_PLACEMENT_RULE,NOT_AUTHORIZED_BY_PASS_E_ALONE
F103,Warehouses,Stock / Inventory,stock,services/api/src/modules/stock,apps/web/src/modules/stock,apps/mobile/src/modules/stock,database/tenant,services/api/src/orchestration,Consume SP public contracts; do not fork platform capabilities,FROZEN_PLACEMENT_RULE,NOT_AUTHORIZED_BY_PASS_E_ALONE
F104,Warehouse locations and bins,Stock / Inventory,stock,services/api/src/modules/stock,apps/web/src/modules/stock,apps/mobile/src/modules/stock,database/tenant,services/api/src/orchestration,Consume SP public contracts; do not fork platform capabilities,FROZEN_PLACEMENT_RULE,NOT_AUTHORIZED_BY_PASS_E_ALONE
F105,Multi-warehouse inventory,Stock / Inventory,stock,services/api/src/modules/stock,apps/web/src/modules/stock,apps/mobile/src/modules/stock,database/tenant,services/api/src/orchestration,Consume SP public contracts; do not fork platform capabilities,FROZEN_PLACEMENT_RULE,NOT_AUTHORIZED_BY_PASS_E_ALONE
F106,Real-time stock balance,Stock / Inventory,stock,services/api/src/modules/stock,apps/web/src/modules/stock,apps/mobile/src/modules/stock,database/tenant,services/api/src/orchestration,Consume SP public contracts; do not fork platform capabilities,FROZEN_PLACEMENT_RULE,NOT_AUTHORIZED_BY_PASS_E_ALONE
F107,Stock ledger,Stock / Inventory,stock,services/api/src/modules/stock,apps/web/src/modules/stock,apps/mobile/src/modules/stock,database/tenant,services/api/src/orchestration,Consume SP public contracts; do not fork platform capabilities,FROZEN_PLACEMENT_RULE,NOT_AUTHORIZED_BY_PASS_E_ALONE
F108,Goods receipts,Stock / Inventory,stock,services/api/src/modules/stock,apps/web/src/modules/stock,apps/mobile/src/modules/stock,database/tenant,services/api/src/orchestration,Consume SP public contracts; do not fork platform capabilities,FROZEN_PLACEMENT_RULE,NOT_AUTHORIZED_BY_PASS_E_ALONE
F109,Goods issues,Stock / Inventory,stock,services/api/src/modules/stock,apps/web/src/modules/stock,apps/mobile/src/modules/stock,database/tenant,services/api/src/orchestration,Consume SP public contracts; do not fork platform capabilities,FROZEN_PLACEMENT_RULE,NOT_AUTHORIZED_BY_PASS_E_ALONE
F110,Internal transfers,Stock / Inventory,stock,services/api/src/modules/stock,apps/web/src/modules/stock,apps/mobile/src/modules/stock,database/tenant,services/api/src/orchestration,Consume SP public contracts; do not fork platform capabilities,FROZEN_PLACEMENT_RULE,NOT_AUTHORIZED_BY_PASS_E_ALONE
F111,Stock adjustments,Stock / Inventory,stock,services/api/src/modules/stock,apps/web/src/modules/stock,apps/mobile/src/modules/stock,database/tenant,services/api/src/orchestration,Consume SP public contracts; do not fork platform capabilities,FROZEN_PLACEMENT_RULE,NOT_AUTHORIZED_BY_PASS_E_ALONE
F112,Stock reservations,Stock / Inventory,stock,services/api/src/modules/stock,apps/web/src/modules/stock,apps/mobile/src/modules/stock,database/tenant,services/api/src/orchestration,Consume SP public contracts; do not fork platform capabilities,FROZEN_PLACEMENT_RULE,NOT_AUTHORIZED_BY_PASS_E_ALONE
F113,Available stock,Stock / Inventory,stock,services/api/src/modules/stock,apps/web/src/modules/stock,apps/mobile/src/modules/stock,database/tenant,services/api/src/orchestration,Consume SP public contracts; do not fork platform capabilities,FROZEN_PLACEMENT_RULE,NOT_AUTHORIZED_BY_PASS_E_ALONE
F114,Available-to-promise,Stock / Inventory,stock,services/api/src/modules/stock,apps/web/src/modules/stock,apps/mobile/src/modules/stock,database/tenant,services/api/src/orchestration,Consume SP public contracts; do not fork platform capabilities,FROZEN_PLACEMENT_RULE,NOT_AUTHORIZED_BY_PASS_E_ALONE
F115,Batch tracking,Stock / Inventory,stock,services/api/src/modules/stock,apps/web/src/modules/stock,apps/mobile/src/modules/stock,database/tenant,services/api/src/orchestration,Consume SP public contracts; do not fork platform capabilities,FROZEN_PLACEMENT_RULE,NOT_AUTHORIZED_BY_PASS_E_ALONE
F116,Lot tracking,Stock / Inventory,stock,services/api/src/modules/stock,apps/web/src/modules/stock,apps/mobile/src/modules/stock,database/tenant,services/api/src/orchestration,Consume SP public contracts; do not fork platform capabilities,FROZEN_PLACEMENT_RULE,NOT_AUTHORIZED_BY_PASS_E_ALONE
F117,Serial-number tracking,Stock / Inventory,stock,services/api/src/modules/stock,apps/web/src/modules/stock,apps/mobile/src/modules/stock,database/tenant,services/api/src/orchestration,Consume SP public contracts; do not fork platform capabilities,FROZEN_PLACEMENT_RULE,NOT_AUTHORIZED_BY_PASS_E_ALONE
F118,Expiry dates,Stock / Inventory,stock,services/api/src/modules/stock,apps/web/src/modules/stock,apps/mobile/src/modules/stock,database/tenant,services/api/src/orchestration,Consume SP public contracts; do not fork platform capabilities,FROZEN_PLACEMENT_RULE,NOT_AUTHORIZED_BY_PASS_E_ALONE
F119,Barcode scanning,Stock / Inventory,stock,services/api/src/modules/stock,apps/web/src/modules/stock,apps/mobile/src/modules/stock,database/tenant,services/api/src/orchestration,Consume SP public contracts; do not fork platform capabilities,FROZEN_PLACEMENT_RULE,NOT_AUTHORIZED_BY_PASS_E_ALONE
F120,Cycle counting,Stock / Inventory,stock,services/api/src/modules/stock,apps/web/src/modules/stock,apps/mobile/src/modules/stock,database/tenant,services/api/src/orchestration,Consume SP public contracts; do not fork platform capabilities,FROZEN_PLACEMENT_RULE,NOT_AUTHORIZED_BY_PASS_E_ALONE
F121,Physical inventory,Stock / Inventory,stock,services/api/src/modules/stock,apps/web/src/modules/stock,apps/mobile/src/modules/stock,database/tenant,services/api/src/orchestration,Consume SP public contracts; do not fork platform capabilities,FROZEN_PLACEMENT_RULE,NOT_AUTHORIZED_BY_PASS_E_ALONE
F122,Reorder point,Stock / Inventory,stock,services/api/src/modules/stock,apps/web/src/modules/stock,apps/mobile/src/modules/stock,database/tenant,services/api/src/orchestration,Consume SP public contracts; do not fork platform capabilities,FROZEN_PLACEMENT_RULE,NOT_AUTHORIZED_BY_PASS_E_ALONE
F123,Minimum / maximum stock,Stock / Inventory,stock,services/api/src/modules/stock,apps/web/src/modules/stock,apps/mobile/src/modules/stock,database/tenant,services/api/src/orchestration,Consume SP public contracts; do not fork platform capabilities,FROZEN_PLACEMENT_RULE,NOT_AUTHORIZED_BY_PASS_E_ALONE
F124,Safety stock,Stock / Inventory,stock,services/api/src/modules/stock,apps/web/src/modules/stock,apps/mobile/src/modules/stock,database/tenant,services/api/src/orchestration,Consume SP public contracts; do not fork platform capabilities,FROZEN_PLACEMENT_RULE,NOT_AUTHORIZED_BY_PASS_E_ALONE
F125,Automatic replenishment,Stock / Inventory,stock,services/api/src/modules/stock,apps/web/src/modules/stock,apps/mobile/src/modules/stock,database/tenant,services/api/src/orchestration,Consume SP public contracts; do not fork platform capabilities,FROZEN_PLACEMENT_RULE,NOT_AUTHORIZED_BY_PASS_E_ALONE
F126,Negative-stock control,Stock / Inventory,stock,services/api/src/modules/stock,apps/web/src/modules/stock,apps/mobile/src/modules/stock,database/tenant,services/api/src/orchestration,Consume SP public contracts; do not fork platform capabilities,FROZEN_PLACEMENT_RULE,NOT_AUTHORIZED_BY_PASS_E_ALONE
F127,FIFO valuation,Stock / Inventory,stock,services/api/src/modules/stock,apps/web/src/modules/stock,apps/mobile/src/modules/stock,database/tenant,services/api/src/orchestration,Consume SP public contracts; do not fork platform capabilities,FROZEN_PLACEMENT_RULE,NOT_AUTHORIZED_BY_PASS_E_ALONE
F128,Weighted / moving-average valuation,Stock / Inventory,stock,services/api/src/modules/stock,apps/web/src/modules/stock,apps/mobile/src/modules/stock,database/tenant,services/api/src/orchestration,Consume SP public contracts; do not fork platform capabilities,FROZEN_PLACEMENT_RULE,NOT_AUTHORIZED_BY_PASS_E_ALONE
F129,Standard costing,Stock / Inventory,stock,services/api/src/modules/stock,apps/web/src/modules/stock,apps/mobile/src/modules/stock,database/tenant,services/api/src/orchestration,Consume SP public contracts; do not fork platform capabilities,FROZEN_PLACEMENT_RULE,NOT_AUTHORIZED_BY_PASS_E_ALONE
F130,Inventory valuation,Stock / Inventory,stock,services/api/src/modules/stock,apps/web/src/modules/stock,apps/mobile/src/modules/stock,database/tenant,services/api/src/orchestration,Consume SP public contracts; do not fork platform capabilities,FROZEN_PLACEMENT_RULE,NOT_AUTHORIZED_BY_PASS_E_ALONE
F131,Landed cost allocation,Stock / Inventory,stock,services/api/src/modules/stock,apps/web/src/modules/stock,apps/mobile/src/modules/stock,database/tenant,services/api/src/orchestration,Consume SP public contracts; do not fork platform capabilities,FROZEN_PLACEMENT_RULE,NOT_AUTHORIZED_BY_PASS_E_ALONE
F132,Stock aging,Stock / Inventory,stock,services/api/src/modules/stock,apps/web/src/modules/stock,apps/mobile/src/modules/stock,database/tenant,services/api/src/orchestration,Consume SP public contracts; do not fork platform capabilities,FROZEN_PLACEMENT_RULE,NOT_AUTHORIZED_BY_PASS_E_ALONE
F133,Slow-moving inventory,Stock / Inventory,stock,services/api/src/modules/stock,apps/web/src/modules/stock,apps/mobile/src/modules/stock,database/tenant,services/api/src/orchestration,Consume SP public contracts; do not fork platform capabilities,FROZEN_PLACEMENT_RULE,NOT_AUTHORIZED_BY_PASS_E_ALONE
F134,Dead-stock reporting,Stock / Inventory,stock,services/api/src/modules/stock,apps/web/src/modules/stock,apps/mobile/src/modules/stock,database/tenant,services/api/src/orchestration,Consume SP public contracts; do not fork platform capabilities,FROZEN_PLACEMENT_RULE,NOT_AUTHORIZED_BY_PASS_E_ALONE
F135,Picking,Stock / Inventory,stock,services/api/src/modules/stock,apps/web/src/modules/stock,apps/mobile/src/modules/stock,database/tenant,services/api/src/orchestration,Consume SP public contracts; do not fork platform capabilities,FROZEN_PLACEMENT_RULE,NOT_AUTHORIZED_BY_PASS_E_ALONE
F136,Packing,Stock / Inventory,stock,services/api/src/modules/stock,apps/web/src/modules/stock,apps/mobile/src/modules/stock,database/tenant,services/api/src/orchestration,Consume SP public contracts; do not fork platform capabilities,FROZEN_PLACEMENT_RULE,NOT_AUTHORIZED_BY_PASS_E_ALONE
F137,Shipping,Stock / Inventory,stock,services/api/src/modules/stock,apps/web/src/modules/stock,apps/mobile/src/modules/stock,database/tenant,services/api/src/orchestration,Consume SP public contracts; do not fork platform capabilities,FROZEN_PLACEMENT_RULE,NOT_AUTHORIZED_BY_PASS_E_ALONE
F138,Returns,Stock / Inventory,stock,services/api/src/modules/stock,apps/web/src/modules/stock,apps/mobile/src/modules/stock,database/tenant,services/api/src/orchestration,Consume SP public contracts; do not fork platform capabilities,FROZEN_PLACEMENT_RULE,NOT_AUTHORIZED_BY_PASS_E_ALONE
F139,Damaged stock,Stock / Inventory,stock,services/api/src/modules/stock,apps/web/src/modules/stock,apps/mobile/src/modules/stock,database/tenant,services/api/src/orchestration,Consume SP public contracts; do not fork platform capabilities,FROZEN_PLACEMENT_RULE,NOT_AUTHORIZED_BY_PASS_E_ALONE
F140,Quarantine and quality-held stock,Stock / Inventory,stock,services/api/src/modules/stock,apps/web/src/modules/stock,apps/mobile/src/modules/stock,database/tenant,services/api/src/orchestration,Consume SP public contracts; do not fork platform capabilities,FROZEN_PLACEMENT_RULE,NOT_AUTHORIZED_BY_PASS_E_ALONE
F141,Batch / serial traceability,Stock / Inventory,stock,services/api/src/modules/stock,apps/web/src/modules/stock,apps/mobile/src/modules/stock,database/tenant,services/api/src/orchestration,Consume SP public contracts; do not fork platform capabilities,FROZEN_PLACEMENT_RULE,NOT_AUTHORIZED_BY_PASS_E_ALONE
F142,Inventory movement history,Stock / Inventory,stock,services/api/src/modules/stock,apps/web/src/modules/stock,apps/mobile/src/modules/stock,database/tenant,services/api/src/orchestration,Consume SP public contracts; do not fork platform capabilities,FROZEN_PLACEMENT_RULE,NOT_AUTHORIZED_BY_PASS_E_ALONE
F143,Stock reports,Stock / Inventory,stock,services/api/src/modules/stock,apps/web/src/modules/stock,apps/mobile/src/modules/stock,database/tenant,services/api/src/orchestration,Consume SP public contracts; do not fork platform capabilities,FROZEN_PLACEMENT_RULE,NOT_AUTHORIZED_BY_PASS_E_ALONE
F144,Inventory dashboard,Stock / Inventory,stock,services/api/src/modules/stock,apps/web/src/modules/stock,apps/mobile/src/modules/stock,database/tenant,services/api/src/orchestration,Consume SP public contracts; do not fork platform capabilities,FROZEN_PLACEMENT_RULE,NOT_AUTHORIZED_BY_PASS_E_ALONE
F145,Bill of Materials (BOM),Manufacturing,manufacturing,services/api/src/modules/manufacturing,apps/web/src/modules/manufacturing,apps/mobile/src/modules/manufacturing,database/tenant,services/api/src/orchestration,Consume SP public contracts; do not fork platform capabilities,FROZEN_PLACEMENT_RULE,NOT_AUTHORIZED_BY_PASS_E_ALONE
F146,Multi-level BOM,Manufacturing,manufacturing,services/api/src/modules/manufacturing,apps/web/src/modules/manufacturing,apps/mobile/src/modules/manufacturing,database/tenant,services/api/src/orchestration,Consume SP public contracts; do not fork platform capabilities,FROZEN_PLACEMENT_RULE,NOT_AUTHORIZED_BY_PASS_E_ALONE
F147,BOM versions,Manufacturing,manufacturing,services/api/src/modules/manufacturing,apps/web/src/modules/manufacturing,apps/mobile/src/modules/manufacturing,database/tenant,services/api/src/orchestration,Consume SP public contracts; do not fork platform capabilities,FROZEN_PLACEMENT_RULE,NOT_AUTHORIZED_BY_PASS_E_ALONE
F148,BOM revisions,Manufacturing,manufacturing,services/api/src/modules/manufacturing,apps/web/src/modules/manufacturing,apps/mobile/src/modules/manufacturing,database/tenant,services/api/src/orchestration,Consume SP public contracts; do not fork platform capabilities,FROZEN_PLACEMENT_RULE,NOT_AUTHORIZED_BY_PASS_E_ALONE
F149,Alternate BOM,Manufacturing,manufacturing,services/api/src/modules/manufacturing,apps/web/src/modules/manufacturing,apps/mobile/src/modules/manufacturing,database/tenant,services/api/src/orchestration,Consume SP public contracts; do not fork platform capabilities,FROZEN_PLACEMENT_RULE,NOT_AUTHORIZED_BY_PASS_E_ALONE
F150,Routings,Manufacturing,manufacturing,services/api/src/modules/manufacturing,apps/web/src/modules/manufacturing,apps/mobile/src/modules/manufacturing,database/tenant,services/api/src/orchestration,Consume SP public contracts; do not fork platform capabilities,FROZEN_PLACEMENT_RULE,NOT_AUTHORIZED_BY_PASS_E_ALONE
F151,Operations,Manufacturing,manufacturing,services/api/src/modules/manufacturing,apps/web/src/modules/manufacturing,apps/mobile/src/modules/manufacturing,database/tenant,services/api/src/orchestration,Consume SP public contracts; do not fork platform capabilities,FROZEN_PLACEMENT_RULE,NOT_AUTHORIZED_BY_PASS_E_ALONE
F152,Work centres,Manufacturing,manufacturing,services/api/src/modules/manufacturing,apps/web/src/modules/manufacturing,apps/mobile/src/modules/manufacturing,database/tenant,services/api/src/orchestration,Consume SP public contracts; do not fork platform capabilities,FROZEN_PLACEMENT_RULE,NOT_AUTHORIZED_BY_PASS_E_ALONE
F153,Machine / work-centre capacity,Manufacturing,manufacturing,services/api/src/modules/manufacturing,apps/web/src/modules/manufacturing,apps/mobile/src/modules/manufacturing,database/tenant,services/api/src/orchestration,Consume SP public contracts; do not fork platform capabilities,FROZEN_PLACEMENT_RULE,NOT_AUTHORIZED_BY_PASS_E_ALONE
F154,Shift calendars,Manufacturing,manufacturing,services/api/src/modules/manufacturing,apps/web/src/modules/manufacturing,apps/mobile/src/modules/manufacturing,database/tenant,services/api/src/orchestration,Consume SP public contracts; do not fork platform capabilities,FROZEN_PLACEMENT_RULE,NOT_AUTHORIZED_BY_PASS_E_ALONE
F155,Manufacturing orders,Manufacturing,manufacturing,services/api/src/modules/manufacturing,apps/web/src/modules/manufacturing,apps/mobile/src/modules/manufacturing,database/tenant,services/api/src/orchestration,Consume SP public contracts; do not fork platform capabilities,FROZEN_PLACEMENT_RULE,NOT_AUTHORIZED_BY_PASS_E_ALONE
F156,Work orders,Manufacturing,manufacturing,services/api/src/modules/manufacturing,apps/web/src/modules/manufacturing,apps/mobile/src/modules/manufacturing,database/tenant,services/api/src/orchestration,Consume SP public contracts; do not fork platform capabilities,FROZEN_PLACEMENT_RULE,NOT_AUTHORIZED_BY_PASS_E_ALONE
F157,Job cards,Manufacturing,manufacturing,services/api/src/modules/manufacturing,apps/web/src/modules/manufacturing,apps/mobile/src/modules/manufacturing,database/tenant,services/api/src/orchestration,Consume SP public contracts; do not fork platform capabilities,FROZEN_PLACEMENT_RULE,NOT_AUTHORIZED_BY_PASS_E_ALONE
F158,Production planning,Manufacturing,manufacturing,services/api/src/modules/manufacturing,apps/web/src/modules/manufacturing,apps/mobile/src/modules/manufacturing,database/tenant,services/api/src/orchestration,Consume SP public contracts; do not fork platform capabilities,FROZEN_PLACEMENT_RULE,NOT_AUTHORIZED_BY_PASS_E_ALONE
F159,MRP,Manufacturing,manufacturing,services/api/src/modules/manufacturing,apps/web/src/modules/manufacturing,apps/mobile/src/modules/manufacturing,database/tenant,services/api/src/orchestration,Consume SP public contracts; do not fork platform capabilities,FROZEN_PLACEMENT_RULE,NOT_AUTHORIZED_BY_PASS_E_ALONE
F160,Material requirements,Manufacturing,manufacturing,services/api/src/modules/manufacturing,apps/web/src/modules/manufacturing,apps/mobile/src/modules/manufacturing,database/tenant,services/api/src/orchestration,Consume SP public contracts; do not fork platform capabilities,FROZEN_PLACEMENT_RULE,NOT_AUTHORIZED_BY_PASS_E_ALONE
F161,Material availability,Manufacturing,manufacturing,services/api/src/modules/manufacturing,apps/web/src/modules/manufacturing,apps/mobile/src/modules/manufacturing,database/tenant,services/api/src/orchestration,Consume SP public contracts; do not fork platform capabilities,FROZEN_PLACEMENT_RULE,NOT_AUTHORIZED_BY_PASS_E_ALONE
F162,Raw-material reservations,Manufacturing,manufacturing,services/api/src/modules/manufacturing,apps/web/src/modules/manufacturing,apps/mobile/src/modules/manufacturing,database/tenant,services/api/src/orchestration,Consume SP public contracts; do not fork platform capabilities,FROZEN_PLACEMENT_RULE,NOT_AUTHORIZED_BY_PASS_E_ALONE
F163,Material issue,Manufacturing,manufacturing,services/api/src/modules/manufacturing,apps/web/src/modules/manufacturing,apps/mobile/src/modules/manufacturing,database/tenant,services/api/src/orchestration,Consume SP public contracts; do not fork platform capabilities,FROZEN_PLACEMENT_RULE,NOT_AUTHORIZED_BY_PASS_E_ALONE
F164,Material consumption,Manufacturing,manufacturing,services/api/src/modules/manufacturing,apps/web/src/modules/manufacturing,apps/mobile/src/modules/manufacturing,database/tenant,services/api/src/orchestration,Consume SP public contracts; do not fork platform capabilities,FROZEN_PLACEMENT_RULE,NOT_AUTHORIZED_BY_PASS_E_ALONE
F165,Backflushing,Manufacturing,manufacturing,services/api/src/modules/manufacturing,apps/web/src/modules/manufacturing,apps/mobile/src/modules/manufacturing,database/tenant,services/api/src/orchestration,Consume SP public contracts; do not fork platform capabilities,FROZEN_PLACEMENT_RULE,NOT_AUTHORIZED_BY_PASS_E_ALONE
F166,Work in progress,Manufacturing,manufacturing,services/api/src/modules/manufacturing,apps/web/src/modules/manufacturing,apps/mobile/src/modules/manufacturing,database/tenant,services/api/src/orchestration,Consume SP public contracts; do not fork platform capabilities,FROZEN_PLACEMENT_RULE,NOT_AUTHORIZED_BY_PASS_E_ALONE
F167,Finished-goods receipt,Manufacturing,manufacturing,services/api/src/modules/manufacturing,apps/web/src/modules/manufacturing,apps/mobile/src/modules/manufacturing,database/tenant,services/api/src/orchestration,Consume SP public contracts; do not fork platform capabilities,FROZEN_PLACEMENT_RULE,NOT_AUTHORIZED_BY_PASS_E_ALONE
F168,Production scheduling,Manufacturing,manufacturing,services/api/src/modules/manufacturing,apps/web/src/modules/manufacturing,apps/mobile/src/modules/manufacturing,database/tenant,services/api/src/orchestration,Consume SP public contracts; do not fork platform capabilities,FROZEN_PLACEMENT_RULE,NOT_AUTHORIZED_BY_PASS_E_ALONE
F169,Labor time,Manufacturing,manufacturing,services/api/src/modules/manufacturing,apps/web/src/modules/manufacturing,apps/mobile/src/modules/manufacturing,database/tenant,services/api/src/orchestration,Consume SP public contracts; do not fork platform capabilities,FROZEN_PLACEMENT_RULE,NOT_AUTHORIZED_BY_PASS_E_ALONE
F170,Machine time,Manufacturing,manufacturing,services/api/src/modules/manufacturing,apps/web/src/modules/manufacturing,apps/mobile/src/modules/manufacturing,database/tenant,services/api/src/orchestration,Consume SP public contracts; do not fork platform capabilities,FROZEN_PLACEMENT_RULE,NOT_AUTHORIZED_BY_PASS_E_ALONE
F171,Setup time,Manufacturing,manufacturing,services/api/src/modules/manufacturing,apps/web/src/modules/manufacturing,apps/mobile/src/modules/manufacturing,database/tenant,services/api/src/orchestration,Consume SP public contracts; do not fork platform capabilities,FROZEN_PLACEMENT_RULE,NOT_AUTHORIZED_BY_PASS_E_ALONE
F172,Scrap,Manufacturing,manufacturing,services/api/src/modules/manufacturing,apps/web/src/modules/manufacturing,apps/mobile/src/modules/manufacturing,database/tenant,services/api/src/orchestration,Consume SP public contracts; do not fork platform capabilities,FROZEN_PLACEMENT_RULE,NOT_AUTHORIZED_BY_PASS_E_ALONE
F173,Waste,Manufacturing,manufacturing,services/api/src/modules/manufacturing,apps/web/src/modules/manufacturing,apps/mobile/src/modules/manufacturing,database/tenant,services/api/src/orchestration,Consume SP public contracts; do not fork platform capabilities,FROZEN_PLACEMENT_RULE,NOT_AUTHORIZED_BY_PASS_E_ALONE
F174,By-products and co-products,Manufacturing,manufacturing,services/api/src/modules/manufacturing,apps/web/src/modules/manufacturing,apps/mobile/src/modules/manufacturing,database/tenant,services/api/src/orchestration,Consume SP public contracts; do not fork platform capabilities,FROZEN_PLACEMENT_RULE,NOT_AUTHORIZED_BY_PASS_E_ALONE
F175,Rework,Manufacturing,manufacturing,services/api/src/modules/manufacturing,apps/web/src/modules/manufacturing,apps/mobile/src/modules/manufacturing,database/tenant,services/api/src/orchestration,Consume SP public contracts; do not fork platform capabilities,FROZEN_PLACEMENT_RULE,NOT_AUTHORIZED_BY_PASS_E_ALONE
F176,Batch manufacturing,Manufacturing,manufacturing,services/api/src/modules/manufacturing,apps/web/src/modules/manufacturing,apps/mobile/src/modules/manufacturing,database/tenant,services/api/src/orchestration,Consume SP public contracts; do not fork platform capabilities,FROZEN_PLACEMENT_RULE,NOT_AUTHORIZED_BY_PASS_E_ALONE
F177,Serial tracking,Manufacturing,manufacturing,services/api/src/modules/manufacturing,apps/web/src/modules/manufacturing,apps/mobile/src/modules/manufacturing,database/tenant,services/api/src/orchestration,Consume SP public contracts; do not fork platform capabilities,FROZEN_PLACEMENT_RULE,NOT_AUTHORIZED_BY_PASS_E_ALONE
F178,Make-to-stock,Manufacturing,manufacturing,services/api/src/modules/manufacturing,apps/web/src/modules/manufacturing,apps/mobile/src/modules/manufacturing,database/tenant,services/api/src/orchestration,Consume SP public contracts; do not fork platform capabilities,FROZEN_PLACEMENT_RULE,NOT_AUTHORIZED_BY_PASS_E_ALONE
F179,Make-to-order,Manufacturing,manufacturing,services/api/src/modules/manufacturing,apps/web/src/modules/manufacturing,apps/mobile/src/modules/manufacturing,database/tenant,services/api/src/orchestration,Consume SP public contracts; do not fork platform capabilities,FROZEN_PLACEMENT_RULE,NOT_AUTHORIZED_BY_PASS_E_ALONE
F180,Subcontract manufacturing,Manufacturing,manufacturing,services/api/src/modules/manufacturing,apps/web/src/modules/manufacturing,apps/mobile/src/modules/manufacturing,database/tenant,services/api/src/orchestration,Consume SP public contracts; do not fork platform capabilities,FROZEN_PLACEMENT_RULE,NOT_AUTHORIZED_BY_PASS_E_ALONE
F181,Production quality inspections,Manufacturing,manufacturing,services/api/src/modules/manufacturing,apps/web/src/modules/manufacturing,apps/mobile/src/modules/manufacturing,database/tenant,services/api/src/orchestration,Consume SP public contracts; do not fork platform capabilities,FROZEN_PLACEMENT_RULE,NOT_AUTHORIZED_BY_PASS_E_ALONE
F182,Production hold,Manufacturing,manufacturing,services/api/src/modules/manufacturing,apps/web/src/modules/manufacturing,apps/mobile/src/modules/manufacturing,database/tenant,services/api/src/orchestration,Consume SP public contracts; do not fork platform capabilities,FROZEN_PLACEMENT_RULE,NOT_AUTHORIZED_BY_PASS_E_ALONE
F183,Production costing,Manufacturing,manufacturing,services/api/src/modules/manufacturing,apps/web/src/modules/manufacturing,apps/mobile/src/modules/manufacturing,database/tenant,services/api/src/orchestration,Consume SP public contracts; do not fork platform capabilities,FROZEN_PLACEMENT_RULE,NOT_AUTHORIZED_BY_PASS_E_ALONE
F184,Standard vs actual costing,Manufacturing,manufacturing,services/api/src/modules/manufacturing,apps/web/src/modules/manufacturing,apps/mobile/src/modules/manufacturing,database/tenant,services/api/src/orchestration,Consume SP public contracts; do not fork platform capabilities,FROZEN_PLACEMENT_RULE,NOT_AUTHORIZED_BY_PASS_E_ALONE
F185,Cost variance,Manufacturing,manufacturing,services/api/src/modules/manufacturing,apps/web/src/modules/manufacturing,apps/mobile/src/modules/manufacturing,database/tenant,services/api/src/orchestration,Consume SP public contracts; do not fork platform capabilities,FROZEN_PLACEMENT_RULE,NOT_AUTHORIZED_BY_PASS_E_ALONE
F186,Yield analysis,Manufacturing,manufacturing,services/api/src/modules/manufacturing,apps/web/src/modules/manufacturing,apps/mobile/src/modules/manufacturing,database/tenant,services/api/src/orchestration,Consume SP public contracts; do not fork platform capabilities,FROZEN_PLACEMENT_RULE,NOT_AUTHORIZED_BY_PASS_E_ALONE
F187,Production efficiency,Manufacturing,manufacturing,services/api/src/modules/manufacturing,apps/web/src/modules/manufacturing,apps/mobile/src/modules/manufacturing,database/tenant,services/api/src/orchestration,Consume SP public contracts; do not fork platform capabilities,FROZEN_PLACEMENT_RULE,NOT_AUTHORIZED_BY_PASS_E_ALONE
F188,Downtime,Manufacturing,manufacturing,services/api/src/modules/manufacturing,apps/web/src/modules/manufacturing,apps/mobile/src/modules/manufacturing,database/tenant,services/api/src/orchestration,Consume SP public contracts; do not fork platform capabilities,FROZEN_PLACEMENT_RULE,NOT_AUTHORIZED_BY_PASS_E_ALONE
F189,Maintenance integration,Manufacturing,manufacturing,services/api/src/modules/manufacturing,apps/web/src/modules/manufacturing,apps/mobile/src/modules/manufacturing,database/tenant,services/api/src/orchestration,Consume SP public contracts; do not fork platform capabilities,FROZEN_PLACEMENT_RULE,NOT_AUTHORIZED_BY_PASS_E_ALONE
F190,Engineering change and revision control,Manufacturing,manufacturing,services/api/src/modules/manufacturing,apps/web/src/modules/manufacturing,apps/mobile/src/modules/manufacturing,database/tenant,services/api/src/orchestration,Consume SP public contracts; do not fork platform capabilities,FROZEN_PLACEMENT_RULE,NOT_AUTHORIZED_BY_PASS_E_ALONE
F191,Production reports,Manufacturing,manufacturing,services/api/src/modules/manufacturing,apps/web/src/modules/manufacturing,apps/mobile/src/modules/manufacturing,database/tenant,services/api/src/orchestration,Consume SP public contracts; do not fork platform capabilities,FROZEN_PLACEMENT_RULE,NOT_AUTHORIZED_BY_PASS_E_ALONE
F192,Production dashboard,Manufacturing,manufacturing,services/api/src/modules/manufacturing,apps/web/src/modules/manufacturing,apps/mobile/src/modules/manufacturing,database/tenant,services/api/src/orchestration,Consume SP public contracts; do not fork platform capabilities,FROZEN_PLACEMENT_RULE,NOT_AUTHORIZED_BY_PASS_E_ALONE
F193,Projects,Projects,projects,services/api/src/modules/projects,apps/web/src/modules/projects,apps/mobile/src/modules/projects,database/tenant,services/api/src/orchestration,Consume SP public contracts; do not fork platform capabilities,FROZEN_PLACEMENT_RULE,NOT_AUTHORIZED_BY_PASS_E_ALONE
F194,Customer projects,Projects,projects,services/api/src/modules/projects,apps/web/src/modules/projects,apps/mobile/src/modules/projects,database/tenant,services/api/src/orchestration,Consume SP public contracts; do not fork platform capabilities,FROZEN_PLACEMENT_RULE,NOT_AUTHORIZED_BY_PASS_E_ALONE
F195,Internal projects,Projects,projects,services/api/src/modules/projects,apps/web/src/modules/projects,apps/mobile/src/modules/projects,database/tenant,services/api/src/orchestration,Consume SP public contracts; do not fork platform capabilities,FROZEN_PLACEMENT_RULE,NOT_AUTHORIZED_BY_PASS_E_ALONE
F196,Project templates,Projects,projects,services/api/src/modules/projects,apps/web/src/modules/projects,apps/mobile/src/modules/projects,database/tenant,services/api/src/orchestration,Consume SP public contracts; do not fork platform capabilities,FROZEN_PLACEMENT_RULE,NOT_AUTHORIZED_BY_PASS_E_ALONE
F197,Work Breakdown Structure (WBS),Projects,projects,services/api/src/modules/projects,apps/web/src/modules/projects,apps/mobile/src/modules/projects,database/tenant,services/api/src/orchestration,Consume SP public contracts; do not fork platform capabilities,FROZEN_PLACEMENT_RULE,NOT_AUTHORIZED_BY_PASS_E_ALONE
F198,Milestones,Projects,projects,services/api/src/modules/projects,apps/web/src/modules/projects,apps/mobile/src/modules/projects,database/tenant,services/api/src/orchestration,Consume SP public contracts; do not fork platform capabilities,FROZEN_PLACEMENT_RULE,NOT_AUTHORIZED_BY_PASS_E_ALONE
F199,Tasks,Projects,projects,services/api/src/modules/projects,apps/web/src/modules/projects,apps/mobile/src/modules/projects,database/tenant,services/api/src/orchestration,Consume SP public contracts; do not fork platform capabilities,FROZEN_PLACEMENT_RULE,NOT_AUTHORIZED_BY_PASS_E_ALONE
F200,Subtasks,Projects,projects,services/api/src/modules/projects,apps/web/src/modules/projects,apps/mobile/src/modules/projects,database/tenant,services/api/src/orchestration,Consume SP public contracts; do not fork platform capabilities,FROZEN_PLACEMENT_RULE,NOT_AUTHORIZED_BY_PASS_E_ALONE
F201,Task dependencies,Projects,projects,services/api/src/modules/projects,apps/web/src/modules/projects,apps/mobile/src/modules/projects,database/tenant,services/api/src/orchestration,Consume SP public contracts; do not fork platform capabilities,FROZEN_PLACEMENT_RULE,NOT_AUTHORIZED_BY_PASS_E_ALONE
F202,Assignees,Projects,projects,services/api/src/modules/projects,apps/web/src/modules/projects,apps/mobile/src/modules/projects,database/tenant,services/api/src/orchestration,Consume SP public contracts; do not fork platform capabilities,FROZEN_PLACEMENT_RULE,NOT_AUTHORIZED_BY_PASS_E_ALONE
F203,Priority,Projects,projects,services/api/src/modules/projects,apps/web/src/modules/projects,apps/mobile/src/modules/projects,database/tenant,services/api/src/orchestration,Consume SP public contracts; do not fork platform capabilities,FROZEN_PLACEMENT_RULE,NOT_AUTHORIZED_BY_PASS_E_ALONE
F204,Project status,Projects,projects,services/api/src/modules/projects,apps/web/src/modules/projects,apps/mobile/src/modules/projects,database/tenant,services/api/src/orchestration,Consume SP public contracts; do not fork platform capabilities,FROZEN_PLACEMENT_RULE,NOT_AUTHORIZED_BY_PASS_E_ALONE
F205,Gantt chart,Projects,projects,services/api/src/modules/projects,apps/web/src/modules/projects,apps/mobile/src/modules/projects,database/tenant,services/api/src/orchestration,Consume SP public contracts; do not fork platform capabilities,FROZEN_PLACEMENT_RULE,NOT_AUTHORIZED_BY_PASS_E_ALONE
F206,Kanban / task board,Projects,projects,services/api/src/modules/projects,apps/web/src/modules/projects,apps/mobile/src/modules/projects,database/tenant,services/api/src/orchestration,Consume SP public contracts; do not fork platform capabilities,FROZEN_PLACEMENT_RULE,NOT_AUTHORIZED_BY_PASS_E_ALONE
F207,Project calendar,Projects,projects,services/api/src/modules/projects,apps/web/src/modules/projects,apps/mobile/src/modules/projects,database/tenant,services/api/src/orchestration,Consume SP public contracts; do not fork platform capabilities,FROZEN_PLACEMENT_RULE,NOT_AUTHORIZED_BY_PASS_E_ALONE
F208,Resource allocation,Projects,projects,services/api/src/modules/projects,apps/web/src/modules/projects,apps/mobile/src/modules/projects,database/tenant,services/api/src/orchestration,Consume SP public contracts; do not fork platform capabilities,FROZEN_PLACEMENT_RULE,NOT_AUTHORIZED_BY_PASS_E_ALONE
F209,Resource availability,Projects,projects,services/api/src/modules/projects,apps/web/src/modules/projects,apps/mobile/src/modules/projects,database/tenant,services/api/src/orchestration,Consume SP public contracts; do not fork platform capabilities,FROZEN_PLACEMENT_RULE,NOT_AUTHORIZED_BY_PASS_E_ALONE
F210,Timesheets,Projects,projects,services/api/src/modules/projects,apps/web/src/modules/projects,apps/mobile/src/modules/projects,database/tenant,services/api/src/orchestration,Consume SP public contracts; do not fork platform capabilities,FROZEN_PLACEMENT_RULE,NOT_AUTHORIZED_BY_PASS_E_ALONE
F211,Project expenses,Projects,projects,services/api/src/modules/projects,apps/web/src/modules/projects,apps/mobile/src/modules/projects,database/tenant,services/api/src/orchestration,Consume SP public contracts; do not fork platform capabilities,FROZEN_PLACEMENT_RULE,NOT_AUTHORIZED_BY_PASS_E_ALONE
F212,Materials consumed,Projects,projects,services/api/src/modules/projects,apps/web/src/modules/projects,apps/mobile/src/modules/projects,database/tenant,services/api/src/orchestration,Consume SP public contracts; do not fork platform capabilities,FROZEN_PLACEMENT_RULE,NOT_AUTHORIZED_BY_PASS_E_ALONE
F213,Project procurement,Projects,projects,services/api/src/modules/projects,apps/web/src/modules/projects,apps/mobile/src/modules/projects,database/tenant,services/api/src/orchestration,Consume SP public contracts; do not fork platform capabilities,FROZEN_PLACEMENT_RULE,NOT_AUTHORIZED_BY_PASS_E_ALONE
F214,Project budget,Projects,projects,services/api/src/modules/projects,apps/web/src/modules/projects,apps/mobile/src/modules/projects,database/tenant,services/api/src/orchestration,Consume SP public contracts; do not fork platform capabilities,FROZEN_PLACEMENT_RULE,NOT_AUTHORIZED_BY_PASS_E_ALONE
F215,Budget revisions,Projects,projects,services/api/src/modules/projects,apps/web/src/modules/projects,apps/mobile/src/modules/projects,database/tenant,services/api/src/orchestration,Consume SP public contracts; do not fork platform capabilities,FROZEN_PLACEMENT_RULE,NOT_AUTHORIZED_BY_PASS_E_ALONE
F216,Cost tracking,Projects,projects,services/api/src/modules/projects,apps/web/src/modules/projects,apps/mobile/src/modules/projects,database/tenant,services/api/src/orchestration,Consume SP public contracts; do not fork platform capabilities,FROZEN_PLACEMENT_RULE,NOT_AUTHORIZED_BY_PASS_E_ALONE
F217,Revenue tracking,Projects,projects,services/api/src/modules/projects,apps/web/src/modules/projects,apps/mobile/src/modules/projects,database/tenant,services/api/src/orchestration,Consume SP public contracts; do not fork platform capabilities,FROZEN_PLACEMENT_RULE,NOT_AUTHORIZED_BY_PASS_E_ALONE
F218,Fixed-price billing,Projects,projects,services/api/src/modules/projects,apps/web/src/modules/projects,apps/mobile/src/modules/projects,database/tenant,services/api/src/orchestration,Consume SP public contracts; do not fork platform capabilities,FROZEN_PLACEMENT_RULE,NOT_AUTHORIZED_BY_PASS_E_ALONE
F219,Time-and-material billing,Projects,projects,services/api/src/modules/projects,apps/web/src/modules/projects,apps/mobile/src/modules/projects,database/tenant,services/api/src/orchestration,Consume SP public contracts; do not fork platform capabilities,FROZEN_PLACEMENT_RULE,NOT_AUTHORIZED_BY_PASS_E_ALONE
F220,Milestone billing,Projects,projects,services/api/src/modules/projects,apps/web/src/modules/projects,apps/mobile/src/modules/projects,database/tenant,services/api/src/orchestration,Consume SP public contracts; do not fork platform capabilities,FROZEN_PLACEMENT_RULE,NOT_AUTHORIZED_BY_PASS_E_ALONE
F221,Project invoices,Projects,projects,services/api/src/modules/projects,apps/web/src/modules/projects,apps/mobile/src/modules/projects,database/tenant,services/api/src/orchestration,Consume SP public contracts; do not fork platform capabilities,FROZEN_PLACEMENT_RULE,NOT_AUTHORIZED_BY_PASS_E_ALONE
F222,Project profitability,Projects,projects,services/api/src/modules/projects,apps/web/src/modules/projects,apps/mobile/src/modules/projects,database/tenant,services/api/src/orchestration,Consume SP public contracts; do not fork platform capabilities,FROZEN_PLACEMENT_RULE,NOT_AUTHORIZED_BY_PASS_E_ALONE
F223,Cost variance,Projects,projects,services/api/src/modules/projects,apps/web/src/modules/projects,apps/mobile/src/modules/projects,database/tenant,services/api/src/orchestration,Consume SP public contracts; do not fork platform capabilities,FROZEN_PLACEMENT_RULE,NOT_AUTHORIZED_BY_PASS_E_ALONE
F224,Issues,Projects,projects,services/api/src/modules/projects,apps/web/src/modules/projects,apps/mobile/src/modules/projects,database/tenant,services/api/src/orchestration,Consume SP public contracts; do not fork platform capabilities,FROZEN_PLACEMENT_RULE,NOT_AUTHORIZED_BY_PASS_E_ALONE
F225,Risks,Projects,projects,services/api/src/modules/projects,apps/web/src/modules/projects,apps/mobile/src/modules/projects,database/tenant,services/api/src/orchestration,Consume SP public contracts; do not fork platform capabilities,FROZEN_PLACEMENT_RULE,NOT_AUTHORIZED_BY_PASS_E_ALONE
F226,Documents,Projects,projects,services/api/src/modules/projects,apps/web/src/modules/projects,apps/mobile/src/modules/projects,database/tenant,services/api/src/orchestration,Consume SP public contracts; do not fork platform capabilities,FROZEN_PLACEMENT_RULE,NOT_AUTHORIZED_BY_PASS_E_ALONE
F227,Comments and collaboration,Projects,projects,services/api/src/modules/projects,apps/web/src/modules/projects,apps/mobile/src/modules/projects,database/tenant,services/api/src/orchestration,Consume SP public contracts; do not fork platform capabilities,FROZEN_PLACEMENT_RULE,NOT_AUTHORIZED_BY_PASS_E_ALONE
F228,Progress tracking,Projects,projects,services/api/src/modules/projects,apps/web/src/modules/projects,apps/mobile/src/modules/projects,database/tenant,services/api/src/orchestration,Consume SP public contracts; do not fork platform capabilities,FROZEN_PLACEMENT_RULE,NOT_AUTHORIZED_BY_PASS_E_ALONE
F229,Project dashboard,Projects,projects,services/api/src/modules/projects,apps/web/src/modules/projects,apps/mobile/src/modules/projects,database/tenant,services/api/src/orchestration,Consume SP public contracts; do not fork platform capabilities,FROZEN_PLACEMENT_RULE,NOT_AUTHORIZED_BY_PASS_E_ALONE
F230,Project reports,Projects,projects,services/api/src/modules/projects,apps/web/src/modules/projects,apps/mobile/src/modules/projects,database/tenant,services/api/src/orchestration,Consume SP public contracts; do not fork platform capabilities,FROZEN_PLACEMENT_RULE,NOT_AUTHORIZED_BY_PASS_E_ALONE
F231,Asset register,Assets,assets,services/api/src/modules/assets,apps/web/src/modules/assets,apps/mobile/src/modules/assets,database/tenant,services/api/src/orchestration,Consume SP public contracts; do not fork platform capabilities,FROZEN_PLACEMENT_RULE,NOT_AUTHORIZED_BY_PASS_E_ALONE
F232,Asset categories,Assets,assets,services/api/src/modules/assets,apps/web/src/modules/assets,apps/mobile/src/modules/assets,database/tenant,services/api/src/orchestration,Consume SP public contracts; do not fork platform capabilities,FROZEN_PLACEMENT_RULE,NOT_AUTHORIZED_BY_PASS_E_ALONE
F233,Asset identification and code,Assets,assets,services/api/src/modules/assets,apps/web/src/modules/assets,apps/mobile/src/modules/assets,database/tenant,services/api/src/orchestration,Consume SP public contracts; do not fork platform capabilities,FROZEN_PLACEMENT_RULE,NOT_AUTHORIZED_BY_PASS_E_ALONE
F234,Asset location,Assets,assets,services/api/src/modules/assets,apps/web/src/modules/assets,apps/mobile/src/modules/assets,database/tenant,services/api/src/orchestration,Consume SP public contracts; do not fork platform capabilities,FROZEN_PLACEMENT_RULE,NOT_AUTHORIZED_BY_PASS_E_ALONE
F235,Custodian,Assets,assets,services/api/src/modules/assets,apps/web/src/modules/assets,apps/mobile/src/modules/assets,database/tenant,services/api/src/orchestration,Consume SP public contracts; do not fork platform capabilities,FROZEN_PLACEMENT_RULE,NOT_AUTHORIZED_BY_PASS_E_ALONE
F236,Department,Assets,assets,services/api/src/modules/assets,apps/web/src/modules/assets,apps/mobile/src/modules/assets,database/tenant,services/api/src/orchestration,Consume SP public contracts; do not fork platform capabilities,FROZEN_PLACEMENT_RULE,NOT_AUTHORIZED_BY_PASS_E_ALONE
F237,Purchase and capitalization,Assets,assets,services/api/src/modules/assets,apps/web/src/modules/assets,apps/mobile/src/modules/assets,database/tenant,services/api/src/orchestration,Consume SP public contracts; do not fork platform capabilities,FROZEN_PLACEMENT_RULE,NOT_AUTHORIZED_BY_PASS_E_ALONE
F238,Asset creation from procurement,Assets,assets,services/api/src/modules/assets,apps/web/src/modules/assets,apps/mobile/src/modules/assets,database/tenant,services/api/src/orchestration,Consume SP public contracts; do not fork platform capabilities,FROZEN_PLACEMENT_RULE,NOT_AUTHORIZED_BY_PASS_E_ALONE
F239,Asset transfers,Assets,assets,services/api/src/modules/assets,apps/web/src/modules/assets,apps/mobile/src/modules/assets,database/tenant,services/api/src/orchestration,Consume SP public contracts; do not fork platform capabilities,FROZEN_PLACEMENT_RULE,NOT_AUTHORIZED_BY_PASS_E_ALONE
F240,Asset assignment,Assets,assets,services/api/src/modules/assets,apps/web/src/modules/assets,apps/mobile/src/modules/assets,database/tenant,services/api/src/orchestration,Consume SP public contracts; do not fork platform capabilities,FROZEN_PLACEMENT_RULE,NOT_AUTHORIZED_BY_PASS_E_ALONE
F241,Asset movement history,Assets,assets,services/api/src/modules/assets,apps/web/src/modules/assets,apps/mobile/src/modules/assets,database/tenant,services/api/src/orchestration,Consume SP public contracts; do not fork platform capabilities,FROZEN_PLACEMENT_RULE,NOT_AUTHORIZED_BY_PASS_E_ALONE
F242,Asset value,Assets,assets,services/api/src/modules/assets,apps/web/src/modules/assets,apps/mobile/src/modules/assets,database/tenant,services/api/src/orchestration,Consume SP public contracts; do not fork platform capabilities,FROZEN_PLACEMENT_RULE,NOT_AUTHORIZED_BY_PASS_E_ALONE
F243,Useful life,Assets,assets,services/api/src/modules/assets,apps/web/src/modules/assets,apps/mobile/src/modules/assets,database/tenant,services/api/src/orchestration,Consume SP public contracts; do not fork platform capabilities,FROZEN_PLACEMENT_RULE,NOT_AUTHORIZED_BY_PASS_E_ALONE
F244,Salvage value,Assets,assets,services/api/src/modules/assets,apps/web/src/modules/assets,apps/mobile/src/modules/assets,database/tenant,services/api/src/orchestration,Consume SP public contracts; do not fork platform capabilities,FROZEN_PLACEMENT_RULE,NOT_AUTHORIZED_BY_PASS_E_ALONE
F245,Straight-line depreciation,Assets,assets,services/api/src/modules/assets,apps/web/src/modules/assets,apps/mobile/src/modules/assets,database/tenant,services/api/src/orchestration,Consume SP public contracts; do not fork platform capabilities,FROZEN_PLACEMENT_RULE,NOT_AUTHORIZED_BY_PASS_E_ALONE
F246,Declining-balance depreciation,Assets,assets,services/api/src/modules/assets,apps/web/src/modules/assets,apps/mobile/src/modules/assets,database/tenant,services/api/src/orchestration,Consume SP public contracts; do not fork platform capabilities,FROZEN_PLACEMENT_RULE,NOT_AUTHORIZED_BY_PASS_E_ALONE
F247,Units-of-production depreciation,Assets,assets,services/api/src/modules/assets,apps/web/src/modules/assets,apps/mobile/src/modules/assets,database/tenant,services/api/src/orchestration,Consume SP public contracts; do not fork platform capabilities,FROZEN_PLACEMENT_RULE,NOT_AUTHORIZED_BY_PASS_E_ALONE
F248,Depreciation schedule,Assets,assets,services/api/src/modules/assets,apps/web/src/modules/assets,apps/mobile/src/modules/assets,database/tenant,services/api/src/orchestration,Consume SP public contracts; do not fork platform capabilities,FROZEN_PLACEMENT_RULE,NOT_AUTHORIZED_BY_PASS_E_ALONE
F249,Depreciation posting,Assets,assets,services/api/src/modules/assets,apps/web/src/modules/assets,apps/mobile/src/modules/assets,database/tenant,services/api/src/orchestration,Consume SP public contracts; do not fork platform capabilities,FROZEN_PLACEMENT_RULE,NOT_AUTHORIZED_BY_PASS_E_ALONE
F250,Asset revaluation,Assets,assets,services/api/src/modules/assets,apps/web/src/modules/assets,apps/mobile/src/modules/assets,database/tenant,services/api/src/orchestration,Consume SP public contracts; do not fork platform capabilities,FROZEN_PLACEMENT_RULE,NOT_AUTHORIZED_BY_PASS_E_ALONE
F251,Asset impairment,Assets,assets,services/api/src/modules/assets,apps/web/src/modules/assets,apps/mobile/src/modules/assets,database/tenant,services/api/src/orchestration,Consume SP public contracts; do not fork platform capabilities,FROZEN_PLACEMENT_RULE,NOT_AUTHORIZED_BY_PASS_E_ALONE
F252,Asset maintenance,Assets,assets,services/api/src/modules/assets,apps/web/src/modules/assets,apps/mobile/src/modules/assets,database/tenant,services/api/src/orchestration,Consume SP public contracts; do not fork platform capabilities,FROZEN_PLACEMENT_RULE,NOT_AUTHORIZED_BY_PASS_E_ALONE
F253,Preventive maintenance,Assets,assets,services/api/src/modules/assets,apps/web/src/modules/assets,apps/mobile/src/modules/assets,database/tenant,services/api/src/orchestration,Consume SP public contracts; do not fork platform capabilities,FROZEN_PLACEMENT_RULE,NOT_AUTHORIZED_BY_PASS_E_ALONE
F254,Maintenance schedule,Assets,assets,services/api/src/modules/assets,apps/web/src/modules/assets,apps/mobile/src/modules/assets,database/tenant,services/api/src/orchestration,Consume SP public contracts; do not fork platform capabilities,FROZEN_PLACEMENT_RULE,NOT_AUTHORIZED_BY_PASS_E_ALONE
F255,Repair history,Assets,assets,services/api/src/modules/assets,apps/web/src/modules/assets,apps/mobile/src/modules/assets,database/tenant,services/api/src/orchestration,Consume SP public contracts; do not fork platform capabilities,FROZEN_PLACEMENT_RULE,NOT_AUTHORIZED_BY_PASS_E_ALONE
F256,Downtime,Assets,assets,services/api/src/modules/assets,apps/web/src/modules/assets,apps/mobile/src/modules/assets,database/tenant,services/api/src/orchestration,Consume SP public contracts; do not fork platform capabilities,FROZEN_PLACEMENT_RULE,NOT_AUTHORIZED_BY_PASS_E_ALONE
F257,Warranty,Assets,assets,services/api/src/modules/assets,apps/web/src/modules/assets,apps/mobile/src/modules/assets,database/tenant,services/api/src/orchestration,Consume SP public contracts; do not fork platform capabilities,FROZEN_PLACEMENT_RULE,NOT_AUTHORIZED_BY_PASS_E_ALONE
F258,Inspection,Assets,assets,services/api/src/modules/assets,apps/web/src/modules/assets,apps/mobile/src/modules/assets,database/tenant,services/api/src/orchestration,Consume SP public contracts; do not fork platform capabilities,FROZEN_PLACEMENT_RULE,NOT_AUTHORIZED_BY_PASS_E_ALONE
F259,Calibration,Assets,assets,services/api/src/modules/assets,apps/web/src/modules/assets,apps/mobile/src/modules/assets,database/tenant,services/api/src/orchestration,Consume SP public contracts; do not fork platform capabilities,FROZEN_PLACEMENT_RULE,NOT_AUTHORIZED_BY_PASS_E_ALONE
F260,Physical verification and audit,Assets,assets,services/api/src/modules/assets,apps/web/src/modules/assets,apps/mobile/src/modules/assets,database/tenant,services/api/src/orchestration,Consume SP public contracts; do not fork platform capabilities,FROZEN_PLACEMENT_RULE,NOT_AUTHORIZED_BY_PASS_E_ALONE
F261,Barcode / QR identification,Assets,assets,services/api/src/modules/assets,apps/web/src/modules/assets,apps/mobile/src/modules/assets,database/tenant,services/api/src/orchestration,Consume SP public contracts; do not fork platform capabilities,FROZEN_PLACEMENT_RULE,NOT_AUTHORIZED_BY_PASS_E_ALONE
F262,Asset disposal,Assets,assets,services/api/src/modules/assets,apps/web/src/modules/assets,apps/mobile/src/modules/assets,database/tenant,services/api/src/orchestration,Consume SP public contracts; do not fork platform capabilities,FROZEN_PLACEMENT_RULE,NOT_AUTHORIZED_BY_PASS_E_ALONE
F263,Asset sale,Assets,assets,services/api/src/modules/assets,apps/web/src/modules/assets,apps/mobile/src/modules/assets,database/tenant,services/api/src/orchestration,Consume SP public contracts; do not fork platform capabilities,FROZEN_PLACEMENT_RULE,NOT_AUTHORIZED_BY_PASS_E_ALONE
F264,Asset scrap,Assets,assets,services/api/src/modules/assets,apps/web/src/modules/assets,apps/mobile/src/modules/assets,database/tenant,services/api/src/orchestration,Consume SP public contracts; do not fork platform capabilities,FROZEN_PLACEMENT_RULE,NOT_AUTHORIZED_BY_PASS_E_ALONE
F265,Gain / loss on disposal,Assets,assets,services/api/src/modules/assets,apps/web/src/modules/assets,apps/mobile/src/modules/assets,database/tenant,services/api/src/orchestration,Consume SP public contracts; do not fork platform capabilities,FROZEN_PLACEMENT_RULE,NOT_AUTHORIZED_BY_PASS_E_ALONE
F266,Asset accounting integration,Assets,assets,services/api/src/modules/assets,apps/web/src/modules/assets,apps/mobile/src/modules/assets,database/tenant,services/api/src/orchestration,Consume SP public contracts; do not fork platform capabilities,FROZEN_PLACEMENT_RULE,NOT_AUTHORIZED_BY_PASS_E_ALONE
F267,Asset reports,Assets,assets,services/api/src/modules/assets,apps/web/src/modules/assets,apps/mobile/src/modules/assets,database/tenant,services/api/src/orchestration,Consume SP public contracts; do not fork platform capabilities,FROZEN_PLACEMENT_RULE,NOT_AUTHORIZED_BY_PASS_E_ALONE
F268,Stores and outlets,Point of Sale,point-of-sale,services/api/src/modules/point-of-sale,apps/web/src/modules/point-of-sale,apps/mobile/src/modules/point-of-sale,database/tenant,services/api/src/orchestration,Consume SP public contracts; do not fork platform capabilities,FROZEN_PLACEMENT_RULE,NOT_AUTHORIZED_BY_PASS_E_ALONE
F269,POS terminals,Point of Sale,point-of-sale,services/api/src/modules/point-of-sale,apps/web/src/modules/point-of-sale,apps/mobile/src/modules/point-of-sale,database/tenant,services/api/src/orchestration,Consume SP public contracts; do not fork platform capabilities,FROZEN_PLACEMENT_RULE,NOT_AUTHORIZED_BY_PASS_E_ALONE
F270,Cashiers,Point of Sale,point-of-sale,services/api/src/modules/point-of-sale,apps/web/src/modules/point-of-sale,apps/mobile/src/modules/point-of-sale,database/tenant,services/api/src/orchestration,Consume SP public contracts; do not fork platform capabilities,FROZEN_PLACEMENT_RULE,NOT_AUTHORIZED_BY_PASS_E_ALONE
F271,Cashier permissions,Point of Sale,point-of-sale,services/api/src/modules/point-of-sale,apps/web/src/modules/point-of-sale,apps/mobile/src/modules/point-of-sale,database/tenant,services/api/src/orchestration,Consume SP public contracts; do not fork platform capabilities,FROZEN_PLACEMENT_RULE,NOT_AUTHORIZED_BY_PASS_E_ALONE
F272,Product search,Point of Sale,point-of-sale,services/api/src/modules/point-of-sale,apps/web/src/modules/point-of-sale,apps/mobile/src/modules/point-of-sale,database/tenant,services/api/src/orchestration,Consume SP public contracts; do not fork platform capabilities,FROZEN_PLACEMENT_RULE,NOT_AUTHORIZED_BY_PASS_E_ALONE
F273,Barcode scanning,Point of Sale,point-of-sale,services/api/src/modules/point-of-sale,apps/web/src/modules/point-of-sale,apps/mobile/src/modules/point-of-sale,database/tenant,services/api/src/orchestration,Consume SP public contracts; do not fork platform capabilities,FROZEN_PLACEMENT_RULE,NOT_AUTHORIZED_BY_PASS_E_ALONE
F274,Product variants,Point of Sale,point-of-sale,services/api/src/modules/point-of-sale,apps/web/src/modules/point-of-sale,apps/mobile/src/modules/point-of-sale,database/tenant,services/api/src/orchestration,Consume SP public contracts; do not fork platform capabilities,FROZEN_PLACEMENT_RULE,NOT_AUTHORIZED_BY_PASS_E_ALONE
F275,Price lists,Point of Sale,point-of-sale,services/api/src/modules/point-of-sale,apps/web/src/modules/point-of-sale,apps/mobile/src/modules/point-of-sale,database/tenant,services/api/src/orchestration,Consume SP public contracts; do not fork platform capabilities,FROZEN_PLACEMENT_RULE,NOT_AUTHORIZED_BY_PASS_E_ALONE
F276,Customer selection,Point of Sale,point-of-sale,services/api/src/modules/point-of-sale,apps/web/src/modules/point-of-sale,apps/mobile/src/modules/point-of-sale,database/tenant,services/api/src/orchestration,Consume SP public contracts; do not fork platform capabilities,FROZEN_PLACEMENT_RULE,NOT_AUTHORIZED_BY_PASS_E_ALONE
F277,Cart,Point of Sale,point-of-sale,services/api/src/modules/point-of-sale,apps/web/src/modules/point-of-sale,apps/mobile/src/modules/point-of-sale,database/tenant,services/api/src/orchestration,Consume SP public contracts; do not fork platform capabilities,FROZEN_PLACEMENT_RULE,NOT_AUTHORIZED_BY_PASS_E_ALONE
F278,Taxes,Point of Sale,point-of-sale,services/api/src/modules/point-of-sale,apps/web/src/modules/point-of-sale,apps/mobile/src/modules/point-of-sale,database/tenant,services/api/src/orchestration,Consume SP public contracts; do not fork platform capabilities,FROZEN_PLACEMENT_RULE,NOT_AUTHORIZED_BY_PASS_E_ALONE
F279,Discounts,Point of Sale,point-of-sale,services/api/src/modules/point-of-sale,apps/web/src/modules/point-of-sale,apps/mobile/src/modules/point-of-sale,database/tenant,services/api/src/orchestration,Consume SP public contracts; do not fork platform capabilities,FROZEN_PLACEMENT_RULE,NOT_AUTHORIZED_BY_PASS_E_ALONE
F280,Promotions,Point of Sale,point-of-sale,services/api/src/modules/point-of-sale,apps/web/src/modules/point-of-sale,apps/mobile/src/modules/point-of-sale,database/tenant,services/api/src/orchestration,Consume SP public contracts; do not fork platform capabilities,FROZEN_PLACEMENT_RULE,NOT_AUTHORIZED_BY_PASS_E_ALONE
F281,Coupons,Point of Sale,point-of-sale,services/api/src/modules/point-of-sale,apps/web/src/modules/point-of-sale,apps/mobile/src/modules/point-of-sale,database/tenant,services/api/src/orchestration,Consume SP public contracts; do not fork platform capabilities,FROZEN_PLACEMENT_RULE,NOT_AUTHORIZED_BY_PASS_E_ALONE
F282,Cash payments,Point of Sale,point-of-sale,services/api/src/modules/point-of-sale,apps/web/src/modules/point-of-sale,apps/mobile/src/modules/point-of-sale,database/tenant,services/api/src/orchestration,Consume SP public contracts; do not fork platform capabilities,FROZEN_PLACEMENT_RULE,NOT_AUTHORIZED_BY_PASS_E_ALONE
F283,Card payments,Point of Sale,point-of-sale,services/api/src/modules/point-of-sale,apps/web/src/modules/point-of-sale,apps/mobile/src/modules/point-of-sale,database/tenant,services/api/src/orchestration,Consume SP public contracts; do not fork platform capabilities,FROZEN_PLACEMENT_RULE,NOT_AUTHORIZED_BY_PASS_E_ALONE
F284,UPI and digital payments,Point of Sale,point-of-sale,services/api/src/modules/point-of-sale,apps/web/src/modules/point-of-sale,apps/mobile/src/modules/point-of-sale,database/tenant,services/api/src/orchestration,Consume SP public contracts; do not fork platform capabilities,FROZEN_PLACEMENT_RULE,NOT_AUTHORIZED_BY_PASS_E_ALONE
F285,Split payments,Point of Sale,point-of-sale,services/api/src/modules/point-of-sale,apps/web/src/modules/point-of-sale,apps/mobile/src/modules/point-of-sale,database/tenant,services/api/src/orchestration,Consume SP public contracts; do not fork platform capabilities,FROZEN_PLACEMENT_RULE,NOT_AUTHORIZED_BY_PASS_E_ALONE
F286,Multiple payment methods,Point of Sale,point-of-sale,services/api/src/modules/point-of-sale,apps/web/src/modules/point-of-sale,apps/mobile/src/modules/point-of-sale,database/tenant,services/api/src/orchestration,Consume SP public contracts; do not fork platform capabilities,FROZEN_PLACEMENT_RULE,NOT_AUTHORIZED_BY_PASS_E_ALONE
F287,Hold / suspend sale,Point of Sale,point-of-sale,services/api/src/modules/point-of-sale,apps/web/src/modules/point-of-sale,apps/mobile/src/modules/point-of-sale,database/tenant,services/api/src/orchestration,Consume SP public contracts; do not fork platform capabilities,FROZEN_PLACEMENT_RULE,NOT_AUTHORIZED_BY_PASS_E_ALONE
F288,Resume sale,Point of Sale,point-of-sale,services/api/src/modules/point-of-sale,apps/web/src/modules/point-of-sale,apps/mobile/src/modules/point-of-sale,database/tenant,services/api/src/orchestration,Consume SP public contracts; do not fork platform capabilities,FROZEN_PLACEMENT_RULE,NOT_AUTHORIZED_BY_PASS_E_ALONE
F289,Receipt printing,Point of Sale,point-of-sale,services/api/src/modules/point-of-sale,apps/web/src/modules/point-of-sale,apps/mobile/src/modules/point-of-sale,database/tenant,services/api/src/orchestration,Consume SP public contracts; do not fork platform capabilities,FROZEN_PLACEMENT_RULE,NOT_AUTHORIZED_BY_PASS_E_ALONE
F290,Invoice generation,Point of Sale,point-of-sale,services/api/src/modules/point-of-sale,apps/web/src/modules/point-of-sale,apps/mobile/src/modules/point-of-sale,database/tenant,services/api/src/orchestration,Consume SP public contracts; do not fork platform capabilities,FROZEN_PLACEMENT_RULE,NOT_AUTHORIZED_BY_PASS_E_ALONE
F291,Returns,Point of Sale,point-of-sale,services/api/src/modules/point-of-sale,apps/web/src/modules/point-of-sale,apps/mobile/src/modules/point-of-sale,database/tenant,services/api/src/orchestration,Consume SP public contracts; do not fork platform capabilities,FROZEN_PLACEMENT_RULE,NOT_AUTHORIZED_BY_PASS_E_ALONE
F292,Refunds,Point of Sale,point-of-sale,services/api/src/modules/point-of-sale,apps/web/src/modules/point-of-sale,apps/mobile/src/modules/point-of-sale,database/tenant,services/api/src/orchestration,Consume SP public contracts; do not fork platform capabilities,FROZEN_PLACEMENT_RULE,NOT_AUTHORIZED_BY_PASS_E_ALONE
F293,Exchanges,Point of Sale,point-of-sale,services/api/src/modules/point-of-sale,apps/web/src/modules/point-of-sale,apps/mobile/src/modules/point-of-sale,database/tenant,services/api/src/orchestration,Consume SP public contracts; do not fork platform capabilities,FROZEN_PLACEMENT_RULE,NOT_AUTHORIZED_BY_PASS_E_ALONE
F294,Stock reduction,Point of Sale,point-of-sale,services/api/src/modules/point-of-sale,apps/web/src/modules/point-of-sale,apps/mobile/src/modules/point-of-sale,database/tenant,services/api/src/orchestration,Consume SP public contracts; do not fork platform capabilities,FROZEN_PLACEMENT_RULE,NOT_AUTHORIZED_BY_PASS_E_ALONE
F295,Lot / serial support where required,Point of Sale,point-of-sale,services/api/src/modules/point-of-sale,apps/web/src/modules/point-of-sale,apps/mobile/src/modules/point-of-sale,database/tenant,services/api/src/orchestration,Consume SP public contracts; do not fork platform capabilities,FROZEN_PLACEMENT_RULE,NOT_AUTHORIZED_BY_PASS_E_ALONE
F296,Real-time inventory,Point of Sale,point-of-sale,services/api/src/modules/point-of-sale,apps/web/src/modules/point-of-sale,apps/mobile/src/modules/point-of-sale,database/tenant,services/api/src/orchestration,Consume SP public contracts; do not fork platform capabilities,FROZEN_PLACEMENT_RULE,NOT_AUTHORIZED_BY_PASS_E_ALONE
F297,Offline POS,Point of Sale,point-of-sale,services/api/src/modules/point-of-sale,apps/web/src/modules/point-of-sale,apps/mobile/src/modules/point-of-sale,database/tenant,services/api/src/orchestration,Consume SP public contracts; do not fork platform capabilities,FROZEN_PLACEMENT_RULE,NOT_AUTHORIZED_BY_PASS_E_ALONE
F298,Offline-to-online synchronization,Point of Sale,point-of-sale,services/api/src/modules/point-of-sale,apps/web/src/modules/point-of-sale,apps/mobile/src/modules/point-of-sale,database/tenant,services/api/src/orchestration,Consume SP public contracts; do not fork platform capabilities,FROZEN_PLACEMENT_RULE,NOT_AUTHORIZED_BY_PASS_E_ALONE
F299,Cash drawer opening balance,Point of Sale,point-of-sale,services/api/src/modules/point-of-sale,apps/web/src/modules/point-of-sale,apps/mobile/src/modules/point-of-sale,database/tenant,services/api/src/orchestration,Consume SP public contracts; do not fork platform capabilities,FROZEN_PLACEMENT_RULE,NOT_AUTHORIZED_BY_PASS_E_ALONE
F300,Cash movements,Point of Sale,point-of-sale,services/api/src/modules/point-of-sale,apps/web/src/modules/point-of-sale,apps/mobile/src/modules/point-of-sale,database/tenant,services/api/src/orchestration,Consume SP public contracts; do not fork platform capabilities,FROZEN_PLACEMENT_RULE,NOT_AUTHORIZED_BY_PASS_E_ALONE
F301,Shift opening,Point of Sale,point-of-sale,services/api/src/modules/point-of-sale,apps/web/src/modules/point-of-sale,apps/mobile/src/modules/point-of-sale,database/tenant,services/api/src/orchestration,Consume SP public contracts; do not fork platform capabilities,FROZEN_PLACEMENT_RULE,NOT_AUTHORIZED_BY_PASS_E_ALONE
F302,Shift closing,Point of Sale,point-of-sale,services/api/src/modules/point-of-sale,apps/web/src/modules/point-of-sale,apps/mobile/src/modules/point-of-sale,database/tenant,services/api/src/orchestration,Consume SP public contracts; do not fork platform capabilities,FROZEN_PLACEMENT_RULE,NOT_AUTHORIZED_BY_PASS_E_ALONE
F303,Day-end / Z report,Point of Sale,point-of-sale,services/api/src/modules/point-of-sale,apps/web/src/modules/point-of-sale,apps/mobile/src/modules/point-of-sale,database/tenant,services/api/src/orchestration,Consume SP public contracts; do not fork platform capabilities,FROZEN_PLACEMENT_RULE,NOT_AUTHORIZED_BY_PASS_E_ALONE
F304,Payment reconciliation,Point of Sale,point-of-sale,services/api/src/modules/point-of-sale,apps/web/src/modules/point-of-sale,apps/mobile/src/modules/point-of-sale,database/tenant,services/api/src/orchestration,Consume SP public contracts; do not fork platform capabilities,FROZEN_PLACEMENT_RULE,NOT_AUTHORIZED_BY_PASS_E_ALONE
F305,POS accounting posting,Point of Sale,point-of-sale,services/api/src/modules/point-of-sale,apps/web/src/modules/point-of-sale,apps/mobile/src/modules/point-of-sale,database/tenant,services/api/src/orchestration,Consume SP public contracts; do not fork platform capabilities,FROZEN_PLACEMENT_RULE,NOT_AUTHORIZED_BY_PASS_E_ALONE
F306,Loyalty,Point of Sale,point-of-sale,services/api/src/modules/point-of-sale,apps/web/src/modules/point-of-sale,apps/mobile/src/modules/point-of-sale,database/tenant,services/api/src/orchestration,Consume SP public contracts; do not fork platform capabilities,FROZEN_PLACEMENT_RULE,NOT_AUTHORIZED_BY_PASS_E_ALONE
F307,POS sales analytics,Point of Sale,point-of-sale,services/api/src/modules/point-of-sale,apps/web/src/modules/point-of-sale,apps/mobile/src/modules/point-of-sale,database/tenant,services/api/src/orchestration,Consume SP public contracts; do not fork platform capabilities,FROZEN_PLACEMENT_RULE,NOT_AUTHORIZED_BY_PASS_E_ALONE
F308,Quality standards,Quality,quality,services/api/src/modules/quality,apps/web/src/modules/quality,apps/mobile/src/modules/quality,database/tenant,services/api/src/orchestration,Consume SP public contracts; do not fork platform capabilities,FROZEN_PLACEMENT_RULE,NOT_AUTHORIZED_BY_PASS_E_ALONE
F309,Inspection specifications,Quality,quality,services/api/src/modules/quality,apps/web/src/modules/quality,apps/mobile/src/modules/quality,database/tenant,services/api/src/orchestration,Consume SP public contracts; do not fork platform capabilities,FROZEN_PLACEMENT_RULE,NOT_AUTHORIZED_BY_PASS_E_ALONE
F310,Quality plans,Quality,quality,services/api/src/modules/quality,apps/web/src/modules/quality,apps/mobile/src/modules/quality,database/tenant,services/api/src/orchestration,Consume SP public contracts; do not fork platform capabilities,FROZEN_PLACEMENT_RULE,NOT_AUTHORIZED_BY_PASS_E_ALONE
F311,Quality control points,Quality,quality,services/api/src/modules/quality,apps/web/src/modules/quality,apps/mobile/src/modules/quality,database/tenant,services/api/src/orchestration,Consume SP public contracts; do not fork platform capabilities,FROZEN_PLACEMENT_RULE,NOT_AUTHORIZED_BY_PASS_E_ALONE
F312,Incoming inspection,Quality,quality,services/api/src/modules/quality,apps/web/src/modules/quality,apps/mobile/src/modules/quality,database/tenant,services/api/src/orchestration,Consume SP public contracts; do not fork platform capabilities,FROZEN_PLACEMENT_RULE,NOT_AUTHORIZED_BY_PASS_E_ALONE
F313,In-process inspection,Quality,quality,services/api/src/modules/quality,apps/web/src/modules/quality,apps/mobile/src/modules/quality,database/tenant,services/api/src/orchestration,Consume SP public contracts; do not fork platform capabilities,FROZEN_PLACEMENT_RULE,NOT_AUTHORIZED_BY_PASS_E_ALONE
F314,Final inspection,Quality,quality,services/api/src/modules/quality,apps/web/src/modules/quality,apps/mobile/src/modules/quality,database/tenant,services/api/src/orchestration,Consume SP public contracts; do not fork platform capabilities,FROZEN_PLACEMENT_RULE,NOT_AUTHORIZED_BY_PASS_E_ALONE
F315,Sampling plans,Quality,quality,services/api/src/modules/quality,apps/web/src/modules/quality,apps/mobile/src/modules/quality,database/tenant,services/api/src/orchestration,Consume SP public contracts; do not fork platform capabilities,FROZEN_PLACEMENT_RULE,NOT_AUTHORIZED_BY_PASS_E_ALONE
F316,Measurement checks,Quality,quality,services/api/src/modules/quality,apps/web/src/modules/quality,apps/mobile/src/modules/quality,database/tenant,services/api/src/orchestration,Consume SP public contracts; do not fork platform capabilities,FROZEN_PLACEMENT_RULE,NOT_AUTHORIZED_BY_PASS_E_ALONE
F317,Pass / fail checks,Quality,quality,services/api/src/modules/quality,apps/web/src/modules/quality,apps/mobile/src/modules/quality,database/tenant,services/api/src/orchestration,Consume SP public contracts; do not fork platform capabilities,FROZEN_PLACEMENT_RULE,NOT_AUTHORIZED_BY_PASS_E_ALONE
F318,Tolerances,Quality,quality,services/api/src/modules/quality,apps/web/src/modules/quality,apps/mobile/src/modules/quality,database/tenant,services/api/src/orchestration,Consume SP public contracts; do not fork platform capabilities,FROZEN_PLACEMENT_RULE,NOT_AUTHORIZED_BY_PASS_E_ALONE
F319,Inspection results,Quality,quality,services/api/src/modules/quality,apps/web/src/modules/quality,apps/mobile/src/modules/quality,database/tenant,services/api/src/orchestration,Consume SP public contracts; do not fork platform capabilities,FROZEN_PLACEMENT_RULE,NOT_AUTHORIZED_BY_PASS_E_ALONE
F320,Defect recording,Quality,quality,services/api/src/modules/quality,apps/web/src/modules/quality,apps/mobile/src/modules/quality,database/tenant,services/api/src/orchestration,Consume SP public contracts; do not fork platform capabilities,FROZEN_PLACEMENT_RULE,NOT_AUTHORIZED_BY_PASS_E_ALONE
F321,Non-conformance / NCR,Quality,quality,services/api/src/modules/quality,apps/web/src/modules/quality,apps/mobile/src/modules/quality,database/tenant,services/api/src/orchestration,Consume SP public contracts; do not fork platform capabilities,FROZEN_PLACEMENT_RULE,NOT_AUTHORIZED_BY_PASS_E_ALONE
F322,Quality hold,Quality,quality,services/api/src/modules/quality,apps/web/src/modules/quality,apps/mobile/src/modules/quality,database/tenant,services/api/src/orchestration,Consume SP public contracts; do not fork platform capabilities,FROZEN_PLACEMENT_RULE,NOT_AUTHORIZED_BY_PASS_E_ALONE
F323,Quality hold must block stock movement,Quality,quality,services/api/src/modules/quality,apps/web/src/modules/quality,apps/mobile/src/modules/quality,database/tenant,services/api/src/orchestration,Consume SP public contracts; do not fork platform capabilities,FROZEN_PLACEMENT_RULE,NOT_AUTHORIZED_BY_PASS_E_ALONE
F324,Hold release,Quality,quality,services/api/src/modules/quality,apps/web/src/modules/quality,apps/mobile/src/modules/quality,database/tenant,services/api/src/orchestration,Consume SP public contracts; do not fork platform capabilities,FROZEN_PLACEMENT_RULE,NOT_AUTHORIZED_BY_PASS_E_ALONE
F325,Disposition,Quality,quality,services/api/src/modules/quality,apps/web/src/modules/quality,apps/mobile/src/modules/quality,database/tenant,services/api/src/orchestration,Consume SP public contracts; do not fork platform capabilities,FROZEN_PLACEMENT_RULE,NOT_AUTHORIZED_BY_PASS_E_ALONE
F326,Rework,Quality,quality,services/api/src/modules/quality,apps/web/src/modules/quality,apps/mobile/src/modules/quality,database/tenant,services/api/src/orchestration,Consume SP public contracts; do not fork platform capabilities,FROZEN_PLACEMENT_RULE,NOT_AUTHORIZED_BY_PASS_E_ALONE
F327,Scrap,Quality,quality,services/api/src/modules/quality,apps/web/src/modules/quality,apps/mobile/src/modules/quality,database/tenant,services/api/src/orchestration,Consume SP public contracts; do not fork platform capabilities,FROZEN_PLACEMENT_RULE,NOT_AUTHORIZED_BY_PASS_E_ALONE
F328,Return to supplier,Quality,quality,services/api/src/modules/quality,apps/web/src/modules/quality,apps/mobile/src/modules/quality,database/tenant,services/api/src/orchestration,Consume SP public contracts; do not fork platform capabilities,FROZEN_PLACEMENT_RULE,NOT_AUTHORIZED_BY_PASS_E_ALONE
F329,Use-as-is approval,Quality,quality,services/api/src/modules/quality,apps/web/src/modules/quality,apps/mobile/src/modules/quality,database/tenant,services/api/src/orchestration,Consume SP public contracts; do not fork platform capabilities,FROZEN_PLACEMENT_RULE,NOT_AUTHORIZED_BY_PASS_E_ALONE
F330,Root-cause analysis,Quality,quality,services/api/src/modules/quality,apps/web/src/modules/quality,apps/mobile/src/modules/quality,database/tenant,services/api/src/orchestration,Consume SP public contracts; do not fork platform capabilities,FROZEN_PLACEMENT_RULE,NOT_AUTHORIZED_BY_PASS_E_ALONE
F331,CAPA,Quality,quality,services/api/src/modules/quality,apps/web/src/modules/quality,apps/mobile/src/modules/quality,database/tenant,services/api/src/orchestration,Consume SP public contracts; do not fork platform capabilities,FROZEN_PLACEMENT_RULE,NOT_AUTHORIZED_BY_PASS_E_ALONE
F332,Corrective actions,Quality,quality,services/api/src/modules/quality,apps/web/src/modules/quality,apps/mobile/src/modules/quality,database/tenant,services/api/src/orchestration,Consume SP public contracts; do not fork platform capabilities,FROZEN_PLACEMENT_RULE,NOT_AUTHORIZED_BY_PASS_E_ALONE
F333,Preventive actions,Quality,quality,services/api/src/modules/quality,apps/web/src/modules/quality,apps/mobile/src/modules/quality,database/tenant,services/api/src/orchestration,Consume SP public contracts; do not fork platform capabilities,FROZEN_PLACEMENT_RULE,NOT_AUTHORIZED_BY_PASS_E_ALONE
F334,Supplier quality,Quality,quality,services/api/src/modules/quality,apps/web/src/modules/quality,apps/mobile/src/modules/quality,database/tenant,services/api/src/orchestration,Consume SP public contracts; do not fork platform capabilities,FROZEN_PLACEMENT_RULE,NOT_AUTHORIZED_BY_PASS_E_ALONE
F335,Customer quality complaints,Quality,quality,services/api/src/modules/quality,apps/web/src/modules/quality,apps/mobile/src/modules/quality,database/tenant,services/api/src/orchestration,Consume SP public contracts; do not fork platform capabilities,FROZEN_PLACEMENT_RULE,NOT_AUTHORIZED_BY_PASS_E_ALONE
F336,Calibration,Quality,quality,services/api/src/modules/quality,apps/web/src/modules/quality,apps/mobile/src/modules/quality,database/tenant,services/api/src/orchestration,Consume SP public contracts; do not fork platform capabilities,FROZEN_PLACEMENT_RULE,NOT_AUTHORIZED_BY_PASS_E_ALONE
F337,Quality audits,Quality,quality,services/api/src/modules/quality,apps/web/src/modules/quality,apps/mobile/src/modules/quality,database/tenant,services/api/src/orchestration,Consume SP public contracts; do not fork platform capabilities,FROZEN_PLACEMENT_RULE,NOT_AUTHORIZED_BY_PASS_E_ALONE
F338,Certificate of Analysis,Quality,quality,services/api/src/modules/quality,apps/web/src/modules/quality,apps/mobile/src/modules/quality,database/tenant,services/api/src/orchestration,Consume SP public contracts; do not fork platform capabilities,FROZEN_PLACEMENT_RULE,NOT_AUTHORIZED_BY_PASS_E_ALONE
F339,Lot / batch traceability,Quality,quality,services/api/src/modules/quality,apps/web/src/modules/quality,apps/mobile/src/modules/quality,database/tenant,services/api/src/orchestration,Consume SP public contracts; do not fork platform capabilities,FROZEN_PLACEMENT_RULE,NOT_AUTHORIZED_BY_PASS_E_ALONE
F340,Quality documents,Quality,quality,services/api/src/modules/quality,apps/web/src/modules/quality,apps/mobile/src/modules/quality,database/tenant,services/api/src/orchestration,Consume SP public contracts; do not fork platform capabilities,FROZEN_PLACEMENT_RULE,NOT_AUTHORIZED_BY_PASS_E_ALONE
F341,Quality cost reporting,Quality,quality,services/api/src/modules/quality,apps/web/src/modules/quality,apps/mobile/src/modules/quality,database/tenant,services/api/src/orchestration,Consume SP public contracts; do not fork platform capabilities,FROZEN_PLACEMENT_RULE,NOT_AUTHORIZED_BY_PASS_E_ALONE
F342,Quality KPI dashboard,Quality,quality,services/api/src/modules/quality,apps/web/src/modules/quality,apps/mobile/src/modules/quality,database/tenant,services/api/src/orchestration,Consume SP public contracts; do not fork platform capabilities,FROZEN_PLACEMENT_RULE,NOT_AUTHORIZED_BY_PASS_E_ALONE
F343,Tickets and cases,Support / Customer Service,support,services/api/src/modules/support,apps/web/src/modules/support,apps/mobile/src/modules/support,database/tenant,services/api/src/orchestration,Consume SP public contracts; do not fork platform capabilities,FROZEN_PLACEMENT_RULE,NOT_AUTHORIZED_BY_PASS_E_ALONE
F344,Ticket number,Support / Customer Service,support,services/api/src/modules/support,apps/web/src/modules/support,apps/mobile/src/modules/support,database/tenant,services/api/src/orchestration,Consume SP public contracts; do not fork platform capabilities,FROZEN_PLACEMENT_RULE,NOT_AUTHORIZED_BY_PASS_E_ALONE
F345,Customer,Support / Customer Service,support,services/api/src/modules/support,apps/web/src/modules/support,apps/mobile/src/modules/support,database/tenant,services/api/src/orchestration,Consume SP public contracts; do not fork platform capabilities,FROZEN_PLACEMENT_RULE,NOT_AUTHORIZED_BY_PASS_E_ALONE
F346,Contact,Support / Customer Service,support,services/api/src/modules/support,apps/web/src/modules/support,apps/mobile/src/modules/support,database/tenant,services/api/src/orchestration,Consume SP public contracts; do not fork platform capabilities,FROZEN_PLACEMENT_RULE,NOT_AUTHORIZED_BY_PASS_E_ALONE
F347,Category,Support / Customer Service,support,services/api/src/modules/support,apps/web/src/modules/support,apps/mobile/src/modules/support,database/tenant,services/api/src/orchestration,Consume SP public contracts; do not fork platform capabilities,FROZEN_PLACEMENT_RULE,NOT_AUTHORIZED_BY_PASS_E_ALONE
F348,Priority,Support / Customer Service,support,services/api/src/modules/support,apps/web/src/modules/support,apps/mobile/src/modules/support,database/tenant,services/api/src/orchestration,Consume SP public contracts; do not fork platform capabilities,FROZEN_PLACEMENT_RULE,NOT_AUTHORIZED_BY_PASS_E_ALONE
F349,Status,Support / Customer Service,support,services/api/src/modules/support,apps/web/src/modules/support,apps/mobile/src/modules/support,database/tenant,services/api/src/orchestration,Consume SP public contracts; do not fork platform capabilities,FROZEN_PLACEMENT_RULE,NOT_AUTHORIZED_BY_PASS_E_ALONE
F350,Queues,Support / Customer Service,support,services/api/src/modules/support,apps/web/src/modules/support,apps/mobile/src/modules/support,database/tenant,services/api/src/orchestration,Consume SP public contracts; do not fork platform capabilities,FROZEN_PLACEMENT_RULE,NOT_AUTHORIZED_BY_PASS_E_ALONE
F351,Agent assignment,Support / Customer Service,support,services/api/src/modules/support,apps/web/src/modules/support,apps/mobile/src/modules/support,database/tenant,services/api/src/orchestration,Consume SP public contracts; do not fork platform capabilities,FROZEN_PLACEMENT_RULE,NOT_AUTHORIZED_BY_PASS_E_ALONE
F352,Automatic routing,Support / Customer Service,support,services/api/src/modules/support,apps/web/src/modules/support,apps/mobile/src/modules/support,database/tenant,services/api/src/orchestration,Consume SP public contracts; do not fork platform capabilities,FROZEN_PLACEMENT_RULE,NOT_AUTHORIZED_BY_PASS_E_ALONE
F353,Email-to-ticket,Support / Customer Service,support,services/api/src/modules/support,apps/web/src/modules/support,apps/mobile/src/modules/support,database/tenant,services/api/src/orchestration,Consume SP public contracts; do not fork platform capabilities,FROZEN_PLACEMENT_RULE,NOT_AUTHORIZED_BY_PASS_E_ALONE
F354,Web ticket creation,Support / Customer Service,support,services/api/src/modules/support,apps/web/src/modules/support,apps/mobile/src/modules/support,database/tenant,services/api/src/orchestration,Consume SP public contracts; do not fork platform capabilities,FROZEN_PLACEMENT_RULE,NOT_AUTHORIZED_BY_PASS_E_ALONE
F355,Manual ticket creation,Support / Customer Service,support,services/api/src/modules/support,apps/web/src/modules/support,apps/mobile/src/modules/support,database/tenant,services/api/src/orchestration,Consume SP public contracts; do not fork platform capabilities,FROZEN_PLACEMENT_RULE,NOT_AUTHORIZED_BY_PASS_E_ALONE
F356,Customer replies,Support / Customer Service,support,services/api/src/modules/support,apps/web/src/modules/support,apps/mobile/src/modules/support,database/tenant,services/api/src/orchestration,Consume SP public contracts; do not fork platform capabilities,FROZEN_PLACEMENT_RULE,NOT_AUTHORIZED_BY_PASS_E_ALONE
F357,Internal / private notes,Support / Customer Service,support,services/api/src/modules/support,apps/web/src/modules/support,apps/mobile/src/modules/support,database/tenant,services/api/src/orchestration,Consume SP public contracts; do not fork platform capabilities,FROZEN_PLACEMENT_RULE,NOT_AUTHORIZED_BY_PASS_E_ALONE
F358,Attachments,Support / Customer Service,support,services/api/src/modules/support,apps/web/src/modules/support,apps/mobile/src/modules/support,database/tenant,services/api/src/orchestration,Consume SP public contracts; do not fork platform capabilities,FROZEN_PLACEMENT_RULE,NOT_AUTHORIZED_BY_PASS_E_ALONE
F359,SLA policies,Support / Customer Service,support,services/api/src/modules/support,apps/web/src/modules/support,apps/mobile/src/modules/support,database/tenant,services/api/src/orchestration,Consume SP public contracts; do not fork platform capabilities,FROZEN_PLACEMENT_RULE,NOT_AUTHORIZED_BY_PASS_E_ALONE
F360,First-response SLA,Support / Customer Service,support,services/api/src/modules/support,apps/web/src/modules/support,apps/mobile/src/modules/support,database/tenant,services/api/src/orchestration,Consume SP public contracts; do not fork platform capabilities,FROZEN_PLACEMENT_RULE,NOT_AUTHORIZED_BY_PASS_E_ALONE
F361,Resolution SLA,Support / Customer Service,support,services/api/src/modules/support,apps/web/src/modules/support,apps/mobile/src/modules/support,database/tenant,services/api/src/orchestration,Consume SP public contracts; do not fork platform capabilities,FROZEN_PLACEMENT_RULE,NOT_AUTHORIZED_BY_PASS_E_ALONE
F362,SLA breach handling,Support / Customer Service,support,services/api/src/modules/support,apps/web/src/modules/support,apps/mobile/src/modules/support,database/tenant,services/api/src/orchestration,Consume SP public contracts; do not fork platform capabilities,FROZEN_PLACEMENT_RULE,NOT_AUTHORIZED_BY_PASS_E_ALONE
F363,Escalations,Support / Customer Service,support,services/api/src/modules/support,apps/web/src/modules/support,apps/mobile/src/modules/support,database/tenant,services/api/src/orchestration,Consume SP public contracts; do not fork platform capabilities,FROZEN_PLACEMENT_RULE,NOT_AUTHORIZED_BY_PASS_E_ALONE
F364,Reassignment,Support / Customer Service,support,services/api/src/modules/support,apps/web/src/modules/support,apps/mobile/src/modules/support,database/tenant,services/api/src/orchestration,Consume SP public contracts; do not fork platform capabilities,FROZEN_PLACEMENT_RULE,NOT_AUTHORIZED_BY_PASS_E_ALONE
F365,Ticket history,Support / Customer Service,support,services/api/src/modules/support,apps/web/src/modules/support,apps/mobile/src/modules/support,database/tenant,services/api/src/orchestration,Consume SP public contracts; do not fork platform capabilities,FROZEN_PLACEMENT_RULE,NOT_AUTHORIZED_BY_PASS_E_ALONE
F366,Reopen ticket,Support / Customer Service,support,services/api/src/modules/support,apps/web/src/modules/support,apps/mobile/src/modules/support,database/tenant,services/api/src/orchestration,Consume SP public contracts; do not fork platform capabilities,FROZEN_PLACEMENT_RULE,NOT_AUTHORIZED_BY_PASS_E_ALONE
F367,Merge duplicate tickets,Support / Customer Service,support,services/api/src/modules/support,apps/web/src/modules/support,apps/mobile/src/modules/support,database/tenant,services/api/src/orchestration,Consume SP public contracts; do not fork platform capabilities,FROZEN_PLACEMENT_RULE,NOT_AUTHORIZED_BY_PASS_E_ALONE
F368,Tags,Support / Customer Service,support,services/api/src/modules/support,apps/web/src/modules/support,apps/mobile/src/modules/support,database/tenant,services/api/src/orchestration,Consume SP public contracts; do not fork platform capabilities,FROZEN_PLACEMENT_RULE,NOT_AUTHORIZED_BY_PASS_E_ALONE
F369,Knowledge base,Support / Customer Service,support,services/api/src/modules/support,apps/web/src/modules/support,apps/mobile/src/modules/support,database/tenant,services/api/src/orchestration,Consume SP public contracts; do not fork platform capabilities,FROZEN_PLACEMENT_RULE,NOT_AUTHORIZED_BY_PASS_E_ALONE
F370,Canned responses,Support / Customer Service,support,services/api/src/modules/support,apps/web/src/modules/support,apps/mobile/src/modules/support,database/tenant,services/api/src/orchestration,Consume SP public contracts; do not fork platform capabilities,FROZEN_PLACEMENT_RULE,NOT_AUTHORIZED_BY_PASS_E_ALONE
F371,Customer portal,Support / Customer Service,support,services/api/src/modules/support,apps/web/src/modules/support,apps/mobile/src/modules/support,database/tenant,services/api/src/orchestration,Consume SP public contracts; do not fork platform capabilities,FROZEN_PLACEMENT_RULE,NOT_AUTHORIZED_BY_PASS_E_ALONE
F372,Customer order history,Support / Customer Service,support,services/api/src/modules/support,apps/web/src/modules/support,apps/mobile/src/modules/support,database/tenant,services/api/src/orchestration,Consume SP public contracts; do not fork platform capabilities,FROZEN_PLACEMENT_RULE,NOT_AUTHORIZED_BY_PASS_E_ALONE
F373,Product linkage,Support / Customer Service,support,services/api/src/modules/support,apps/web/src/modules/support,apps/mobile/src/modules/support,database/tenant,services/api/src/orchestration,Consume SP public contracts; do not fork platform capabilities,FROZEN_PLACEMENT_RULE,NOT_AUTHORIZED_BY_PASS_E_ALONE
F374,Asset linkage,Support / Customer Service,support,services/api/src/modules/support,apps/web/src/modules/support,apps/mobile/src/modules/support,database/tenant,services/api/src/orchestration,Consume SP public contracts; do not fork platform capabilities,FROZEN_PLACEMENT_RULE,NOT_AUTHORIZED_BY_PASS_E_ALONE
F375,Warranty and service entitlement,Support / Customer Service,support,services/api/src/modules/support,apps/web/src/modules/support,apps/mobile/src/modules/support,database/tenant,services/api/src/orchestration,Consume SP public contracts; do not fork platform capabilities,FROZEN_PLACEMENT_RULE,NOT_AUTHORIZED_BY_PASS_E_ALONE
F376,CSAT / customer rating,Support / Customer Service,support,services/api/src/modules/support,apps/web/src/modules/support,apps/mobile/src/modules/support,database/tenant,services/api/src/orchestration,Consume SP public contracts; do not fork platform capabilities,FROZEN_PLACEMENT_RULE,NOT_AUTHORIZED_BY_PASS_E_ALONE
F377,Agent performance,Support / Customer Service,support,services/api/src/modules/support,apps/web/src/modules/support,apps/mobile/src/modules/support,database/tenant,services/api/src/orchestration,Consume SP public contracts; do not fork platform capabilities,FROZEN_PLACEMENT_RULE,NOT_AUTHORIZED_BY_PASS_E_ALONE
F378,SLA reporting,Support / Customer Service,support,services/api/src/modules/support,apps/web/src/modules/support,apps/mobile/src/modules/support,database/tenant,services/api/src/orchestration,Consume SP public contracts; do not fork platform capabilities,FROZEN_PLACEMENT_RULE,NOT_AUTHORIZED_BY_PASS_E_ALONE
F379,Ticket dashboards,Support / Customer Service,support,services/api/src/modules/support,apps/web/src/modules/support,apps/mobile/src/modules/support,database/tenant,services/api/src/orchestration,Consume SP public contracts; do not fork platform capabilities,FROZEN_PLACEMENT_RULE,NOT_AUTHORIZED_BY_PASS_E_ALONE
F380,Complete audit trail,Support / Customer Service,support,services/api/src/modules/support,apps/web/src/modules/support,apps/mobile/src/modules/support,database/tenant,services/api/src/orchestration,Consume SP public contracts; do not fork platform capabilities,FROZEN_PLACEMENT_RULE,NOT_AUTHORIZED_BY_PASS_E_ALONE
F381,Employee master,HR & Payroll,hr-payroll,services/api/src/modules/hr-payroll,apps/web/src/modules/hr-payroll,apps/mobile/src/modules/hr-payroll,database/tenant,services/api/src/orchestration,Consume SP public contracts; do not fork platform capabilities,FROZEN_PLACEMENT_RULE,NOT_AUTHORIZED_BY_PASS_E_ALONE
F382,Employee number,HR & Payroll,hr-payroll,services/api/src/modules/hr-payroll,apps/web/src/modules/hr-payroll,apps/mobile/src/modules/hr-payroll,database/tenant,services/api/src/orchestration,Consume SP public contracts; do not fork platform capabilities,FROZEN_PLACEMENT_RULE,NOT_AUTHORIZED_BY_PASS_E_ALONE
F383,Departments,HR & Payroll,hr-payroll,services/api/src/modules/hr-payroll,apps/web/src/modules/hr-payroll,apps/mobile/src/modules/hr-payroll,database/tenant,services/api/src/orchestration,Consume SP public contracts; do not fork platform capabilities,FROZEN_PLACEMENT_RULE,NOT_AUTHORIZED_BY_PASS_E_ALONE
F384,Designations,HR & Payroll,hr-payroll,services/api/src/modules/hr-payroll,apps/web/src/modules/hr-payroll,apps/mobile/src/modules/hr-payroll,database/tenant,services/api/src/orchestration,Consume SP public contracts; do not fork platform capabilities,FROZEN_PLACEMENT_RULE,NOT_AUTHORIZED_BY_PASS_E_ALONE
F385,Reporting manager,HR & Payroll,hr-payroll,services/api/src/modules/hr-payroll,apps/web/src/modules/hr-payroll,apps/mobile/src/modules/hr-payroll,database/tenant,services/api/src/orchestration,Consume SP public contracts; do not fork platform capabilities,FROZEN_PLACEMENT_RULE,NOT_AUTHORIZED_BY_PASS_E_ALONE
F386,Branch and location,HR & Payroll,hr-payroll,services/api/src/modules/hr-payroll,apps/web/src/modules/hr-payroll,apps/mobile/src/modules/hr-payroll,database/tenant,services/api/src/orchestration,Consume SP public contracts; do not fork platform capabilities,FROZEN_PLACEMENT_RULE,NOT_AUTHORIZED_BY_PASS_E_ALONE
F387,Employment type,HR & Payroll,hr-payroll,services/api/src/modules/hr-payroll,apps/web/src/modules/hr-payroll,apps/mobile/src/modules/hr-payroll,database/tenant,services/api/src/orchestration,Consume SP public contracts; do not fork platform capabilities,FROZEN_PLACEMENT_RULE,NOT_AUTHORIZED_BY_PASS_E_ALONE
F388,Employee documents,HR & Payroll,hr-payroll,services/api/src/modules/hr-payroll,apps/web/src/modules/hr-payroll,apps/mobile/src/modules/hr-payroll,database/tenant,services/api/src/orchestration,Consume SP public contracts; do not fork platform capabilities,FROZEN_PLACEMENT_RULE,NOT_AUTHORIZED_BY_PASS_E_ALONE
F389,Joining,HR & Payroll,hr-payroll,services/api/src/modules/hr-payroll,apps/web/src/modules/hr-payroll,apps/mobile/src/modules/hr-payroll,database/tenant,services/api/src/orchestration,Consume SP public contracts; do not fork platform capabilities,FROZEN_PLACEMENT_RULE,NOT_AUTHORIZED_BY_PASS_E_ALONE
F390,Probation,HR & Payroll,hr-payroll,services/api/src/modules/hr-payroll,apps/web/src/modules/hr-payroll,apps/mobile/src/modules/hr-payroll,database/tenant,services/api/src/orchestration,Consume SP public contracts; do not fork platform capabilities,FROZEN_PLACEMENT_RULE,NOT_AUTHORIZED_BY_PASS_E_ALONE
F391,Confirmation,HR & Payroll,hr-payroll,services/api/src/modules/hr-payroll,apps/web/src/modules/hr-payroll,apps/mobile/src/modules/hr-payroll,database/tenant,services/api/src/orchestration,Consume SP public contracts; do not fork platform capabilities,FROZEN_PLACEMENT_RULE,NOT_AUTHORIZED_BY_PASS_E_ALONE
F392,Transfers,HR & Payroll,hr-payroll,services/api/src/modules/hr-payroll,apps/web/src/modules/hr-payroll,apps/mobile/src/modules/hr-payroll,database/tenant,services/api/src/orchestration,Consume SP public contracts; do not fork platform capabilities,FROZEN_PLACEMENT_RULE,NOT_AUTHORIZED_BY_PASS_E_ALONE
F393,Promotions,HR & Payroll,hr-payroll,services/api/src/modules/hr-payroll,apps/web/src/modules/hr-payroll,apps/mobile/src/modules/hr-payroll,database/tenant,services/api/src/orchestration,Consume SP public contracts; do not fork platform capabilities,FROZEN_PLACEMENT_RULE,NOT_AUTHORIZED_BY_PASS_E_ALONE
F394,Separation,HR & Payroll,hr-payroll,services/api/src/modules/hr-payroll,apps/web/src/modules/hr-payroll,apps/mobile/src/modules/hr-payroll,database/tenant,services/api/src/orchestration,Consume SP public contracts; do not fork platform capabilities,FROZEN_PLACEMENT_RULE,NOT_AUTHORIZED_BY_PASS_E_ALONE
F395,Offboarding,HR & Payroll,hr-payroll,services/api/src/modules/hr-payroll,apps/web/src/modules/hr-payroll,apps/mobile/src/modules/hr-payroll,database/tenant,services/api/src/orchestration,Consume SP public contracts; do not fork platform capabilities,FROZEN_PLACEMENT_RULE,NOT_AUTHORIZED_BY_PASS_E_ALONE
F396,Employee self-service,HR & Payroll,hr-payroll,services/api/src/modules/hr-payroll,apps/web/src/modules/hr-payroll,apps/mobile/src/modules/hr-payroll,database/tenant,services/api/src/orchestration,Consume SP public contracts; do not fork platform capabilities,FROZEN_PLACEMENT_RULE,NOT_AUTHORIZED_BY_PASS_E_ALONE
F397,Job openings,HR & Payroll,hr-payroll,services/api/src/modules/hr-payroll,apps/web/src/modules/hr-payroll,apps/mobile/src/modules/hr-payroll,database/tenant,services/api/src/orchestration,Consume SP public contracts; do not fork platform capabilities,FROZEN_PLACEMENT_RULE,NOT_AUTHORIZED_BY_PASS_E_ALONE
F398,Candidates,HR & Payroll,hr-payroll,services/api/src/modules/hr-payroll,apps/web/src/modules/hr-payroll,apps/mobile/src/modules/hr-payroll,database/tenant,services/api/src/orchestration,Consume SP public contracts; do not fork platform capabilities,FROZEN_PLACEMENT_RULE,NOT_AUTHORIZED_BY_PASS_E_ALONE
F399,Recruitment pipeline,HR & Payroll,hr-payroll,services/api/src/modules/hr-payroll,apps/web/src/modules/hr-payroll,apps/mobile/src/modules/hr-payroll,database/tenant,services/api/src/orchestration,Consume SP public contracts; do not fork platform capabilities,FROZEN_PLACEMENT_RULE,NOT_AUTHORIZED_BY_PASS_E_ALONE
F400,Interviews,HR & Payroll,hr-payroll,services/api/src/modules/hr-payroll,apps/web/src/modules/hr-payroll,apps/mobile/src/modules/hr-payroll,database/tenant,services/api/src/orchestration,Consume SP public contracts; do not fork platform capabilities,FROZEN_PLACEMENT_RULE,NOT_AUTHORIZED_BY_PASS_E_ALONE
F401,Offers,HR & Payroll,hr-payroll,services/api/src/modules/hr-payroll,apps/web/src/modules/hr-payroll,apps/mobile/src/modules/hr-payroll,database/tenant,services/api/src/orchestration,Consume SP public contracts; do not fork platform capabilities,FROZEN_PLACEMENT_RULE,NOT_AUTHORIZED_BY_PASS_E_ALONE
F402,Candidate-to-employee conversion,HR & Payroll,hr-payroll,services/api/src/modules/hr-payroll,apps/web/src/modules/hr-payroll,apps/mobile/src/modules/hr-payroll,database/tenant,services/api/src/orchestration,Consume SP public contracts; do not fork platform capabilities,FROZEN_PLACEMENT_RULE,NOT_AUTHORIZED_BY_PASS_E_ALONE
F403,Shifts,HR & Payroll,hr-payroll,services/api/src/modules/hr-payroll,apps/web/src/modules/hr-payroll,apps/mobile/src/modules/hr-payroll,database/tenant,services/api/src/orchestration,Consume SP public contracts; do not fork platform capabilities,FROZEN_PLACEMENT_RULE,NOT_AUTHORIZED_BY_PASS_E_ALONE
F404,Attendance,HR & Payroll,hr-payroll,services/api/src/modules/hr-payroll,apps/web/src/modules/hr-payroll,apps/mobile/src/modules/hr-payroll,database/tenant,services/api/src/orchestration,Consume SP public contracts; do not fork platform capabilities,FROZEN_PLACEMENT_RULE,NOT_AUTHORIZED_BY_PASS_E_ALONE
F405,Check-in and check-out,HR & Payroll,hr-payroll,services/api/src/modules/hr-payroll,apps/web/src/modules/hr-payroll,apps/mobile/src/modules/hr-payroll,database/tenant,services/api/src/orchestration,Consume SP public contracts; do not fork platform capabilities,FROZEN_PLACEMENT_RULE,NOT_AUTHORIZED_BY_PASS_E_ALONE
F406,Late arrival,HR & Payroll,hr-payroll,services/api/src/modules/hr-payroll,apps/web/src/modules/hr-payroll,apps/mobile/src/modules/hr-payroll,database/tenant,services/api/src/orchestration,Consume SP public contracts; do not fork platform capabilities,FROZEN_PLACEMENT_RULE,NOT_AUTHORIZED_BY_PASS_E_ALONE
F407,Early exit,HR & Payroll,hr-payroll,services/api/src/modules/hr-payroll,apps/web/src/modules/hr-payroll,apps/mobile/src/modules/hr-payroll,database/tenant,services/api/src/orchestration,Consume SP public contracts; do not fork platform capabilities,FROZEN_PLACEMENT_RULE,NOT_AUTHORIZED_BY_PASS_E_ALONE
F408,Overtime,HR & Payroll,hr-payroll,services/api/src/modules/hr-payroll,apps/web/src/modules/hr-payroll,apps/mobile/src/modules/hr-payroll,database/tenant,services/api/src/orchestration,Consume SP public contracts; do not fork platform capabilities,FROZEN_PLACEMENT_RULE,NOT_AUTHORIZED_BY_PASS_E_ALONE
F409,Attendance regularization,HR & Payroll,hr-payroll,services/api/src/modules/hr-payroll,apps/web/src/modules/hr-payroll,apps/mobile/src/modules/hr-payroll,database/tenant,services/api/src/orchestration,Consume SP public contracts; do not fork platform capabilities,FROZEN_PLACEMENT_RULE,NOT_AUTHORIZED_BY_PASS_E_ALONE
F410,Leave types,HR & Payroll,hr-payroll,services/api/src/modules/hr-payroll,apps/web/src/modules/hr-payroll,apps/mobile/src/modules/hr-payroll,database/tenant,services/api/src/orchestration,Consume SP public contracts; do not fork platform capabilities,FROZEN_PLACEMENT_RULE,NOT_AUTHORIZED_BY_PASS_E_ALONE
F411,Leave policies,HR & Payroll,hr-payroll,services/api/src/modules/hr-payroll,apps/web/src/modules/hr-payroll,apps/mobile/src/modules/hr-payroll,database/tenant,services/api/src/orchestration,Consume SP public contracts; do not fork platform capabilities,FROZEN_PLACEMENT_RULE,NOT_AUTHORIZED_BY_PASS_E_ALONE
F412,Leave balances,HR & Payroll,hr-payroll,services/api/src/modules/hr-payroll,apps/web/src/modules/hr-payroll,apps/mobile/src/modules/hr-payroll,database/tenant,services/api/src/orchestration,Consume SP public contracts; do not fork platform capabilities,FROZEN_PLACEMENT_RULE,NOT_AUTHORIZED_BY_PASS_E_ALONE
F413,Leave accrual,HR & Payroll,hr-payroll,services/api/src/modules/hr-payroll,apps/web/src/modules/hr-payroll,apps/mobile/src/modules/hr-payroll,database/tenant,services/api/src/orchestration,Consume SP public contracts; do not fork platform capabilities,FROZEN_PLACEMENT_RULE,NOT_AUTHORIZED_BY_PASS_E_ALONE
F414,Carry-forward,HR & Payroll,hr-payroll,services/api/src/modules/hr-payroll,apps/web/src/modules/hr-payroll,apps/mobile/src/modules/hr-payroll,database/tenant,services/api/src/orchestration,Consume SP public contracts; do not fork platform capabilities,FROZEN_PLACEMENT_RULE,NOT_AUTHORIZED_BY_PASS_E_ALONE
F415,Holiday calendars,HR & Payroll,hr-payroll,services/api/src/modules/hr-payroll,apps/web/src/modules/hr-payroll,apps/mobile/src/modules/hr-payroll,database/tenant,services/api/src/orchestration,Consume SP public contracts; do not fork platform capabilities,FROZEN_PLACEMENT_RULE,NOT_AUTHORIZED_BY_PASS_E_ALONE
F416,Leave requests,HR & Payroll,hr-payroll,services/api/src/modules/hr-payroll,apps/web/src/modules/hr-payroll,apps/mobile/src/modules/hr-payroll,database/tenant,services/api/src/orchestration,Consume SP public contracts; do not fork platform capabilities,FROZEN_PLACEMENT_RULE,NOT_AUTHORIZED_BY_PASS_E_ALONE
F417,Leave approval,HR & Payroll,hr-payroll,services/api/src/modules/hr-payroll,apps/web/src/modules/hr-payroll,apps/mobile/src/modules/hr-payroll,database/tenant,services/api/src/orchestration,Consume SP public contracts; do not fork platform capabilities,FROZEN_PLACEMENT_RULE,NOT_AUTHORIZED_BY_PASS_E_ALONE
F418,Salary components,HR & Payroll,hr-payroll,services/api/src/modules/hr-payroll,apps/web/src/modules/hr-payroll,apps/mobile/src/modules/hr-payroll,database/tenant,services/api/src/orchestration,Consume SP public contracts; do not fork platform capabilities,FROZEN_PLACEMENT_RULE,NOT_AUTHORIZED_BY_PASS_E_ALONE
F419,Earnings,HR & Payroll,hr-payroll,services/api/src/modules/hr-payroll,apps/web/src/modules/hr-payroll,apps/mobile/src/modules/hr-payroll,database/tenant,services/api/src/orchestration,Consume SP public contracts; do not fork platform capabilities,FROZEN_PLACEMENT_RULE,NOT_AUTHORIZED_BY_PASS_E_ALONE
F420,Deductions,HR & Payroll,hr-payroll,services/api/src/modules/hr-payroll,apps/web/src/modules/hr-payroll,apps/mobile/src/modules/hr-payroll,database/tenant,services/api/src/orchestration,Consume SP public contracts; do not fork platform capabilities,FROZEN_PLACEMENT_RULE,NOT_AUTHORIZED_BY_PASS_E_ALONE
F421,Salary structures,HR & Payroll,hr-payroll,services/api/src/modules/hr-payroll,apps/web/src/modules/hr-payroll,apps/mobile/src/modules/hr-payroll,database/tenant,services/api/src/orchestration,Consume SP public contracts; do not fork platform capabilities,FROZEN_PLACEMENT_RULE,NOT_AUTHORIZED_BY_PASS_E_ALONE
F422,Employee compensation assignment,HR & Payroll,hr-payroll,services/api/src/modules/hr-payroll,apps/web/src/modules/hr-payroll,apps/mobile/src/modules/hr-payroll,database/tenant,services/api/src/orchestration,Consume SP public contracts; do not fork platform capabilities,FROZEN_PLACEMENT_RULE,NOT_AUTHORIZED_BY_PASS_E_ALONE
F423,Payroll periods,HR & Payroll,hr-payroll,services/api/src/modules/hr-payroll,apps/web/src/modules/hr-payroll,apps/mobile/src/modules/hr-payroll,database/tenant,services/api/src/orchestration,Consume SP public contracts; do not fork platform capabilities,FROZEN_PLACEMENT_RULE,NOT_AUTHORIZED_BY_PASS_E_ALONE
F424,Payroll calculation,HR & Payroll,hr-payroll,services/api/src/modules/hr-payroll,apps/web/src/modules/hr-payroll,apps/mobile/src/modules/hr-payroll,database/tenant,services/api/src/orchestration,Consume SP public contracts; do not fork platform capabilities,FROZEN_PLACEMENT_RULE,NOT_AUTHORIZED_BY_PASS_E_ALONE
F425,Attendance-based payroll,HR & Payroll,hr-payroll,services/api/src/modules/hr-payroll,apps/web/src/modules/hr-payroll,apps/mobile/src/modules/hr-payroll,database/tenant,services/api/src/orchestration,Consume SP public contracts; do not fork platform capabilities,FROZEN_PLACEMENT_RULE,NOT_AUTHORIZED_BY_PASS_E_ALONE
F426,Joining / separation proration,HR & Payroll,hr-payroll,services/api/src/modules/hr-payroll,apps/web/src/modules/hr-payroll,apps/mobile/src/modules/hr-payroll,database/tenant,services/api/src/orchestration,Consume SP public contracts; do not fork platform capabilities,FROZEN_PLACEMENT_RULE,NOT_AUTHORIZED_BY_PASS_E_ALONE
F427,Overtime calculation,HR & Payroll,hr-payroll,services/api/src/modules/hr-payroll,apps/web/src/modules/hr-payroll,apps/mobile/src/modules/hr-payroll,database/tenant,services/api/src/orchestration,Consume SP public contracts; do not fork platform capabilities,FROZEN_PLACEMENT_RULE,NOT_AUTHORIZED_BY_PASS_E_ALONE
F428,Bonus,HR & Payroll,hr-payroll,services/api/src/modules/hr-payroll,apps/web/src/modules/hr-payroll,apps/mobile/src/modules/hr-payroll,database/tenant,services/api/src/orchestration,Consume SP public contracts; do not fork platform capabilities,FROZEN_PLACEMENT_RULE,NOT_AUTHORIZED_BY_PASS_E_ALONE
F429,Incentives,HR & Payroll,hr-payroll,services/api/src/modules/hr-payroll,apps/web/src/modules/hr-payroll,apps/mobile/src/modules/hr-payroll,database/tenant,services/api/src/orchestration,Consume SP public contracts; do not fork platform capabilities,FROZEN_PLACEMENT_RULE,NOT_AUTHORIZED_BY_PASS_E_ALONE
F430,Reimbursements,HR & Payroll,hr-payroll,services/api/src/modules/hr-payroll,apps/web/src/modules/hr-payroll,apps/mobile/src/modules/hr-payroll,database/tenant,services/api/src/orchestration,Consume SP public contracts; do not fork platform capabilities,FROZEN_PLACEMENT_RULE,NOT_AUTHORIZED_BY_PASS_E_ALONE
F431,Loans and salary advances,HR & Payroll,hr-payroll,services/api/src/modules/hr-payroll,apps/web/src/modules/hr-payroll,apps/mobile/src/modules/hr-payroll,database/tenant,services/api/src/orchestration,Consume SP public contracts; do not fork platform capabilities,FROZEN_PLACEMENT_RULE,NOT_AUTHORIZED_BY_PASS_E_ALONE
F432,Arrears,HR & Payroll,hr-payroll,services/api/src/modules/hr-payroll,apps/web/src/modules/hr-payroll,apps/mobile/src/modules/hr-payroll,database/tenant,services/api/src/orchestration,Consume SP public contracts; do not fork platform capabilities,FROZEN_PLACEMENT_RULE,NOT_AUTHORIZED_BY_PASS_E_ALONE
F433,Final settlement,HR & Payroll,hr-payroll,services/api/src/modules/hr-payroll,apps/web/src/modules/hr-payroll,apps/mobile/src/modules/hr-payroll,database/tenant,services/api/src/orchestration,Consume SP public contracts; do not fork platform capabilities,FROZEN_PLACEMENT_RULE,NOT_AUTHORIZED_BY_PASS_E_ALONE
F434,Payroll approval,HR & Payroll,hr-payroll,services/api/src/modules/hr-payroll,apps/web/src/modules/hr-payroll,apps/mobile/src/modules/hr-payroll,database/tenant,services/api/src/orchestration,Consume SP public contracts; do not fork platform capabilities,FROZEN_PLACEMENT_RULE,NOT_AUTHORIZED_BY_PASS_E_ALONE
F435,Payslips,HR & Payroll,hr-payroll,services/api/src/modules/hr-payroll,apps/web/src/modules/hr-payroll,apps/mobile/src/modules/hr-payroll,database/tenant,services/api/src/orchestration,Consume SP public contracts; do not fork platform capabilities,FROZEN_PLACEMENT_RULE,NOT_AUTHORIZED_BY_PASS_E_ALONE
F436,Bank-transfer file,HR & Payroll,hr-payroll,services/api/src/modules/hr-payroll,apps/web/src/modules/hr-payroll,apps/mobile/src/modules/hr-payroll,database/tenant,services/api/src/orchestration,Consume SP public contracts; do not fork platform capabilities,FROZEN_PLACEMENT_RULE,NOT_AUTHORIZED_BY_PASS_E_ALONE
F437,Payroll accounting posting,HR & Payroll,hr-payroll,services/api/src/modules/hr-payroll,apps/web/src/modules/hr-payroll,apps/mobile/src/modules/hr-payroll,database/tenant,services/api/src/orchestration,Consume SP public contracts; do not fork platform capabilities,FROZEN_PLACEMENT_RULE,NOT_AUTHORIZED_BY_PASS_E_ALONE
F438,Payroll reconciliation,HR & Payroll,hr-payroll,services/api/src/modules/hr-payroll,apps/web/src/modules/hr-payroll,apps/mobile/src/modules/hr-payroll,database/tenant,services/api/src/orchestration,Consume SP public contracts; do not fork platform capabilities,FROZEN_PLACEMENT_RULE,NOT_AUTHORIZED_BY_PASS_E_ALONE
F439,Provident Fund (PF),HR & Payroll,hr-payroll,services/api/src/modules/hr-payroll,apps/web/src/modules/hr-payroll,apps/mobile/src/modules/hr-payroll,database/tenant,services/api/src/orchestration,Consume SP public contracts; do not fork platform capabilities,FROZEN_PLACEMENT_RULE,NOT_AUTHORIZED_BY_PASS_E_ALONE
F440,ESIC,HR & Payroll,hr-payroll,services/api/src/modules/hr-payroll,apps/web/src/modules/hr-payroll,apps/mobile/src/modules/hr-payroll,database/tenant,services/api/src/orchestration,Consume SP public contracts; do not fork platform capabilities,FROZEN_PLACEMENT_RULE,NOT_AUTHORIZED_BY_PASS_E_ALONE
F441,Professional Tax,HR & Payroll,hr-payroll,services/api/src/modules/hr-payroll,apps/web/src/modules/hr-payroll,apps/mobile/src/modules/hr-payroll,database/tenant,services/api/src/orchestration,Consume SP public contracts; do not fork platform capabilities,FROZEN_PLACEMENT_RULE,NOT_AUTHORIZED_BY_PASS_E_ALONE
F442,TDS,HR & Payroll,hr-payroll,services/api/src/modules/hr-payroll,apps/web/src/modules/hr-payroll,apps/mobile/src/modules/hr-payroll,database/tenant,services/api/src/orchestration,Consume SP public contracts; do not fork platform capabilities,FROZEN_PLACEMENT_RULE,NOT_AUTHORIZED_BY_PASS_E_ALONE
F443,Labour Welfare Fund where applicable,HR & Payroll,hr-payroll,services/api/src/modules/hr-payroll,apps/web/src/modules/hr-payroll,apps/mobile/src/modules/hr-payroll,database/tenant,services/api/src/orchestration,Consume SP public contracts; do not fork platform capabilities,FROZEN_PLACEMENT_RULE,NOT_AUTHORIZED_BY_PASS_E_ALONE
F444,Gratuity,HR & Payroll,hr-payroll,services/api/src/modules/hr-payroll,apps/web/src/modules/hr-payroll,apps/mobile/src/modules/hr-payroll,database/tenant,services/api/src/orchestration,Consume SP public contracts; do not fork platform capabilities,FROZEN_PLACEMENT_RULE,NOT_AUTHORIZED_BY_PASS_E_ALONE
F445,Statutory reports,HR & Payroll,hr-payroll,services/api/src/modules/hr-payroll,apps/web/src/modules/hr-payroll,apps/mobile/src/modules/hr-payroll,database/tenant,services/api/src/orchestration,Consume SP public contracts; do not fork platform capabilities,FROZEN_PLACEMENT_RULE,NOT_AUTHORIZED_BY_PASS_E_ALONE
F446,State-specific statutory configuration,HR & Payroll,hr-payroll,services/api/src/modules/hr-payroll,apps/web/src/modules/hr-payroll,apps/mobile/src/modules/hr-payroll,database/tenant,services/api/src/orchestration,Consume SP public contracts; do not fork platform capabilities,FROZEN_PLACEMENT_RULE,NOT_AUTHORIZED_BY_PASS_E_ALONE
F447,Payroll compliance reports,HR & Payroll,hr-payroll,services/api/src/modules/hr-payroll,apps/web/src/modules/hr-payroll,apps/mobile/src/modules/hr-payroll,database/tenant,services/api/src/orchestration,Consume SP public contracts; do not fork platform capabilities,FROZEN_PLACEMENT_RULE,NOT_AUTHORIZED_BY_PASS_E_ALONE
F448,Goals,HR & Payroll,hr-payroll,services/api/src/modules/hr-payroll,apps/web/src/modules/hr-payroll,apps/mobile/src/modules/hr-payroll,database/tenant,services/api/src/orchestration,Consume SP public contracts; do not fork platform capabilities,FROZEN_PLACEMENT_RULE,NOT_AUTHORIZED_BY_PASS_E_ALONE
F449,Appraisals,HR & Payroll,hr-payroll,services/api/src/modules/hr-payroll,apps/web/src/modules/hr-payroll,apps/mobile/src/modules/hr-payroll,database/tenant,services/api/src/orchestration,Consume SP public contracts; do not fork platform capabilities,FROZEN_PLACEMENT_RULE,NOT_AUTHORIZED_BY_PASS_E_ALONE
F450,Performance reviews,HR & Payroll,hr-payroll,services/api/src/modules/hr-payroll,apps/web/src/modules/hr-payroll,apps/mobile/src/modules/hr-payroll,database/tenant,services/api/src/orchestration,Consume SP public contracts; do not fork platform capabilities,FROZEN_PLACEMENT_RULE,NOT_AUTHORIZED_BY_PASS_E_ALONE
F451,Skills,HR & Payroll,hr-payroll,services/api/src/modules/hr-payroll,apps/web/src/modules/hr-payroll,apps/mobile/src/modules/hr-payroll,database/tenant,services/api/src/orchestration,Consume SP public contracts; do not fork platform capabilities,FROZEN_PLACEMENT_RULE,NOT_AUTHORIZED_BY_PASS_E_ALONE
F452,Training,HR & Payroll,hr-payroll,services/api/src/modules/hr-payroll,apps/web/src/modules/hr-payroll,apps/mobile/src/modules/hr-payroll,database/tenant,services/api/src/orchestration,Consume SP public contracts; do not fork platform capabilities,FROZEN_PLACEMENT_RULE,NOT_AUTHORIZED_BY_PASS_E_ALONE
F453,Chart of Accounts,Accounting / Finance,accounting,services/api/src/modules/accounting,apps/web/src/modules/accounting,apps/mobile/src/modules/accounting,database/tenant,services/api/src/orchestration,Consume SP public contracts; do not fork platform capabilities,FROZEN_PLACEMENT_RULE,NOT_AUTHORIZED_BY_PASS_E_ALONE
F454,General Ledger,Accounting / Finance,accounting,services/api/src/modules/accounting,apps/web/src/modules/accounting,apps/mobile/src/modules/accounting,database/tenant,services/api/src/orchestration,Consume SP public contracts; do not fork platform capabilities,FROZEN_PLACEMENT_RULE,NOT_AUTHORIZED_BY_PASS_E_ALONE
F455,Journal entries,Accounting / Finance,accounting,services/api/src/modules/accounting,apps/web/src/modules/accounting,apps/mobile/src/modules/accounting,database/tenant,services/api/src/orchestration,Consume SP public contracts; do not fork platform capabilities,FROZEN_PLACEMENT_RULE,NOT_AUTHORIZED_BY_PASS_E_ALONE
F456,Double-entry enforcement,Accounting / Finance,accounting,services/api/src/modules/accounting,apps/web/src/modules/accounting,apps/mobile/src/modules/accounting,database/tenant,services/api/src/orchestration,Consume SP public contracts; do not fork platform capabilities,FROZEN_PLACEMENT_RULE,NOT_AUTHORIZED_BY_PASS_E_ALONE
F457,Fiscal years,Accounting / Finance,accounting,services/api/src/modules/accounting,apps/web/src/modules/accounting,apps/mobile/src/modules/accounting,database/tenant,services/api/src/orchestration,Consume SP public contracts; do not fork platform capabilities,FROZEN_PLACEMENT_RULE,NOT_AUTHORIZED_BY_PASS_E_ALONE
F458,Accounting periods,Accounting / Finance,accounting,services/api/src/modules/accounting,apps/web/src/modules/accounting,apps/mobile/src/modules/accounting,database/tenant,services/api/src/orchestration,Consume SP public contracts; do not fork platform capabilities,FROZEN_PLACEMENT_RULE,NOT_AUTHORIZED_BY_PASS_E_ALONE
F459,Period locks,Accounting / Finance,accounting,services/api/src/modules/accounting,apps/web/src/modules/accounting,apps/mobile/src/modules/accounting,database/tenant,services/api/src/orchestration,Consume SP public contracts; do not fork platform capabilities,FROZEN_PLACEMENT_RULE,NOT_AUTHORIZED_BY_PASS_E_ALONE
F460,Cost centres,Accounting / Finance,accounting,services/api/src/modules/accounting,apps/web/src/modules/accounting,apps/mobile/src/modules/accounting,database/tenant,services/api/src/orchestration,Consume SP public contracts; do not fork platform capabilities,FROZEN_PLACEMENT_RULE,NOT_AUTHORIZED_BY_PASS_E_ALONE
F461,Departments / financial dimensions,Accounting / Finance,accounting,services/api/src/modules/accounting,apps/web/src/modules/accounting,apps/mobile/src/modules/accounting,database/tenant,services/api/src/orchestration,Consume SP public contracts; do not fork platform capabilities,FROZEN_PLACEMENT_RULE,NOT_AUTHORIZED_BY_PASS_E_ALONE
F462,Custom accounting dimensions,Accounting / Finance,accounting,services/api/src/modules/accounting,apps/web/src/modules/accounting,apps/mobile/src/modules/accounting,database/tenant,services/api/src/orchestration,Consume SP public contracts; do not fork platform capabilities,FROZEN_PLACEMENT_RULE,NOT_AUTHORIZED_BY_PASS_E_ALONE
F463,Customer invoices,Accounting / Finance,accounting,services/api/src/modules/accounting,apps/web/src/modules/accounting,apps/mobile/src/modules/accounting,database/tenant,services/api/src/orchestration,Consume SP public contracts; do not fork platform capabilities,FROZEN_PLACEMENT_RULE,NOT_AUTHORIZED_BY_PASS_E_ALONE
F464,Credit notes,Accounting / Finance,accounting,services/api/src/modules/accounting,apps/web/src/modules/accounting,apps/mobile/src/modules/accounting,database/tenant,services/api/src/orchestration,Consume SP public contracts; do not fork platform capabilities,FROZEN_PLACEMENT_RULE,NOT_AUTHORIZED_BY_PASS_E_ALONE
F465,Customer receipts,Accounting / Finance,accounting,services/api/src/modules/accounting,apps/web/src/modules/accounting,apps/mobile/src/modules/accounting,database/tenant,services/api/src/orchestration,Consume SP public contracts; do not fork platform capabilities,FROZEN_PLACEMENT_RULE,NOT_AUTHORIZED_BY_PASS_E_ALONE
F466,Payment allocation,Accounting / Finance,accounting,services/api/src/modules/accounting,apps/web/src/modules/accounting,apps/mobile/src/modules/accounting,database/tenant,services/api/src/orchestration,Consume SP public contracts; do not fork platform capabilities,FROZEN_PLACEMENT_RULE,NOT_AUTHORIZED_BY_PASS_E_ALONE
F467,Outstanding balances,Accounting / Finance,accounting,services/api/src/modules/accounting,apps/web/src/modules/accounting,apps/mobile/src/modules/accounting,database/tenant,services/api/src/orchestration,Consume SP public contracts; do not fork platform capabilities,FROZEN_PLACEMENT_RULE,NOT_AUTHORIZED_BY_PASS_E_ALONE
F468,AR aging,Accounting / Finance,accounting,services/api/src/modules/accounting,apps/web/src/modules/accounting,apps/mobile/src/modules/accounting,database/tenant,services/api/src/orchestration,Consume SP public contracts; do not fork platform capabilities,FROZEN_PLACEMENT_RULE,NOT_AUTHORIZED_BY_PASS_E_ALONE
F469,Customer statements,Accounting / Finance,accounting,services/api/src/modules/accounting,apps/web/src/modules/accounting,apps/mobile/src/modules/accounting,database/tenant,services/api/src/orchestration,Consume SP public contracts; do not fork platform capabilities,FROZEN_PLACEMENT_RULE,NOT_AUTHORIZED_BY_PASS_E_ALONE
F470,Credit control,Accounting / Finance,accounting,services/api/src/modules/accounting,apps/web/src/modules/accounting,apps/mobile/src/modules/accounting,database/tenant,services/api/src/orchestration,Consume SP public contracts; do not fork platform capabilities,FROZEN_PLACEMENT_RULE,NOT_AUTHORIZED_BY_PASS_E_ALONE
F471,Supplier invoices,Accounting / Finance,accounting,services/api/src/modules/accounting,apps/web/src/modules/accounting,apps/mobile/src/modules/accounting,database/tenant,services/api/src/orchestration,Consume SP public contracts; do not fork platform capabilities,FROZEN_PLACEMENT_RULE,NOT_AUTHORIZED_BY_PASS_E_ALONE
F472,Debit notes,Accounting / Finance,accounting,services/api/src/modules/accounting,apps/web/src/modules/accounting,apps/mobile/src/modules/accounting,database/tenant,services/api/src/orchestration,Consume SP public contracts; do not fork platform capabilities,FROZEN_PLACEMENT_RULE,NOT_AUTHORIZED_BY_PASS_E_ALONE
F473,Supplier payments,Accounting / Finance,accounting,services/api/src/modules/accounting,apps/web/src/modules/accounting,apps/mobile/src/modules/accounting,database/tenant,services/api/src/orchestration,Consume SP public contracts; do not fork platform capabilities,FROZEN_PLACEMENT_RULE,NOT_AUTHORIZED_BY_PASS_E_ALONE
F474,Supplier payment allocation,Accounting / Finance,accounting,services/api/src/modules/accounting,apps/web/src/modules/accounting,apps/mobile/src/modules/accounting,database/tenant,services/api/src/orchestration,Consume SP public contracts; do not fork platform capabilities,FROZEN_PLACEMENT_RULE,NOT_AUTHORIZED_BY_PASS_E_ALONE
F475,AP aging,Accounting / Finance,accounting,services/api/src/modules/accounting,apps/web/src/modules/accounting,apps/mobile/src/modules/accounting,database/tenant,services/api/src/orchestration,Consume SP public contracts; do not fork platform capabilities,FROZEN_PLACEMENT_RULE,NOT_AUTHORIZED_BY_PASS_E_ALONE
F476,Bank accounts,Accounting / Finance,accounting,services/api/src/modules/accounting,apps/web/src/modules/accounting,apps/mobile/src/modules/accounting,database/tenant,services/api/src/orchestration,Consume SP public contracts; do not fork platform capabilities,FROZEN_PLACEMENT_RULE,NOT_AUTHORIZED_BY_PASS_E_ALONE
F477,Cash accounts,Accounting / Finance,accounting,services/api/src/modules/accounting,apps/web/src/modules/accounting,apps/mobile/src/modules/accounting,database/tenant,services/api/src/orchestration,Consume SP public contracts; do not fork platform capabilities,FROZEN_PLACEMENT_RULE,NOT_AUTHORIZED_BY_PASS_E_ALONE
F478,Bank transactions,Accounting / Finance,accounting,services/api/src/modules/accounting,apps/web/src/modules/accounting,apps/mobile/src/modules/accounting,database/tenant,services/api/src/orchestration,Consume SP public contracts; do not fork platform capabilities,FROZEN_PLACEMENT_RULE,NOT_AUTHORIZED_BY_PASS_E_ALONE
F479,Bank reconciliation,Accounting / Finance,accounting,services/api/src/modules/accounting,apps/web/src/modules/accounting,apps/mobile/src/modules/accounting,database/tenant,services/api/src/orchestration,Consume SP public contracts; do not fork platform capabilities,FROZEN_PLACEMENT_RULE,NOT_AUTHORIZED_BY_PASS_E_ALONE
F480,Payment reconciliation,Accounting / Finance,accounting,services/api/src/modules/accounting,apps/web/src/modules/accounting,apps/mobile/src/modules/accounting,database/tenant,services/api/src/orchestration,Consume SP public contracts; do not fork platform capabilities,FROZEN_PLACEMENT_RULE,NOT_AUTHORIZED_BY_PASS_E_ALONE
F481,Tax codes,Accounting / Finance,accounting,services/api/src/modules/accounting,apps/web/src/modules/accounting,apps/mobile/src/modules/accounting,database/tenant,services/api/src/orchestration,Consume SP public contracts; do not fork platform capabilities,FROZEN_PLACEMENT_RULE,NOT_AUTHORIZED_BY_PASS_E_ALONE
F482,Tax calculation,Accounting / Finance,accounting,services/api/src/modules/accounting,apps/web/src/modules/accounting,apps/mobile/src/modules/accounting,database/tenant,services/api/src/orchestration,Consume SP public contracts; do not fork platform capabilities,FROZEN_PLACEMENT_RULE,NOT_AUTHORIZED_BY_PASS_E_ALONE
F483,GST,Accounting / Finance,accounting,services/api/src/modules/accounting,apps/web/src/modules/accounting,apps/mobile/src/modules/accounting,database/tenant,services/api/src/orchestration,Consume SP public contracts; do not fork platform capabilities,FROZEN_PLACEMENT_RULE,NOT_AUTHORIZED_BY_PASS_E_ALONE
F484,CGST / SGST / IGST,Accounting / Finance,accounting,services/api/src/modules/accounting,apps/web/src/modules/accounting,apps/mobile/src/modules/accounting,database/tenant,services/api/src/orchestration,Consume SP public contracts; do not fork platform capabilities,FROZEN_PLACEMENT_RULE,NOT_AUTHORIZED_BY_PASS_E_ALONE
F485,TDS,Accounting / Finance,accounting,services/api/src/modules/accounting,apps/web/src/modules/accounting,apps/mobile/src/modules/accounting,database/tenant,services/api/src/orchestration,Consume SP public contracts; do not fork platform capabilities,FROZEN_PLACEMENT_RULE,NOT_AUTHORIZED_BY_PASS_E_ALONE
F486,TCS,Accounting / Finance,accounting,services/api/src/modules/accounting,apps/web/src/modules/accounting,apps/mobile/src/modules/accounting,database/tenant,services/api/src/orchestration,Consume SP public contracts; do not fork platform capabilities,FROZEN_PLACEMENT_RULE,NOT_AUTHORIZED_BY_PASS_E_ALONE
F487,Tax reports,Accounting / Finance,accounting,services/api/src/modules/accounting,apps/web/src/modules/accounting,apps/mobile/src/modules/accounting,database/tenant,services/api/src/orchestration,Consume SP public contracts; do not fork platform capabilities,FROZEN_PLACEMENT_RULE,NOT_AUTHORIZED_BY_PASS_E_ALONE
F488,Budgets,Accounting / Finance,accounting,services/api/src/modules/accounting,apps/web/src/modules/accounting,apps/mobile/src/modules/accounting,database/tenant,services/api/src/orchestration,Consume SP public contracts; do not fork platform capabilities,FROZEN_PLACEMENT_RULE,NOT_AUTHORIZED_BY_PASS_E_ALONE
F489,Budget vs actual,Accounting / Finance,accounting,services/api/src/modules/accounting,apps/web/src/modules/accounting,apps/mobile/src/modules/accounting,database/tenant,services/api/src/orchestration,Consume SP public contracts; do not fork platform capabilities,FROZEN_PLACEMENT_RULE,NOT_AUTHORIZED_BY_PASS_E_ALONE
F490,Recurring journals,Accounting / Finance,accounting,services/api/src/modules/accounting,apps/web/src/modules/accounting,apps/mobile/src/modules/accounting,database/tenant,services/api/src/orchestration,Consume SP public contracts; do not fork platform capabilities,FROZEN_PLACEMENT_RULE,NOT_AUTHORIZED_BY_PASS_E_ALONE
F491,Accruals,Accounting / Finance,accounting,services/api/src/modules/accounting,apps/web/src/modules/accounting,apps/mobile/src/modules/accounting,database/tenant,services/api/src/orchestration,Consume SP public contracts; do not fork platform capabilities,FROZEN_PLACEMENT_RULE,NOT_AUTHORIZED_BY_PASS_E_ALONE
F492,Deferrals and prepayments,Accounting / Finance,accounting,services/api/src/modules/accounting,apps/web/src/modules/accounting,apps/mobile/src/modules/accounting,database/tenant,services/api/src/orchestration,Consume SP public contracts; do not fork platform capabilities,FROZEN_PLACEMENT_RULE,NOT_AUTHORIZED_BY_PASS_E_ALONE
F493,Revenue recognition,Accounting / Finance,accounting,services/api/src/modules/accounting,apps/web/src/modules/accounting,apps/mobile/src/modules/accounting,database/tenant,services/api/src/orchestration,Consume SP public contracts; do not fork platform capabilities,FROZEN_PLACEMENT_RULE,NOT_AUTHORIZED_BY_PASS_E_ALONE
F494,Multi-currency,Accounting / Finance,accounting,services/api/src/modules/accounting,apps/web/src/modules/accounting,apps/mobile/src/modules/accounting,database/tenant,services/api/src/orchestration,Consume SP public contracts; do not fork platform capabilities,FROZEN_PLACEMENT_RULE,NOT_AUTHORIZED_BY_PASS_E_ALONE
F495,Exchange rates,Accounting / Finance,accounting,services/api/src/modules/accounting,apps/web/src/modules/accounting,apps/mobile/src/modules/accounting,database/tenant,services/api/src/orchestration,Consume SP public contracts; do not fork platform capabilities,FROZEN_PLACEMENT_RULE,NOT_AUTHORIZED_BY_PASS_E_ALONE
F496,FX gains and losses,Accounting / Finance,accounting,services/api/src/modules/accounting,apps/web/src/modules/accounting,apps/mobile/src/modules/accounting,database/tenant,services/api/src/orchestration,Consume SP public contracts; do not fork platform capabilities,FROZEN_PLACEMENT_RULE,NOT_AUTHORIZED_BY_PASS_E_ALONE
F497,Intercompany,Accounting / Finance,accounting,services/api/src/modules/accounting,apps/web/src/modules/accounting,apps/mobile/src/modules/accounting,database/tenant,services/api/src/orchestration,Consume SP public contracts; do not fork platform capabilities,FROZEN_PLACEMENT_RULE,NOT_AUTHORIZED_BY_PASS_E_ALONE
F498,Multi-company,Accounting / Finance,accounting,services/api/src/modules/accounting,apps/web/src/modules/accounting,apps/mobile/src/modules/accounting,database/tenant,services/api/src/orchestration,Consume SP public contracts; do not fork platform capabilities,FROZEN_PLACEMENT_RULE,NOT_AUTHORIZED_BY_PASS_E_ALONE
F499,Consolidation,Accounting / Finance,accounting,services/api/src/modules/accounting,apps/web/src/modules/accounting,apps/mobile/src/modules/accounting,database/tenant,services/api/src/orchestration,Consume SP public contracts; do not fork platform capabilities,FROZEN_PLACEMENT_RULE,NOT_AUTHORIZED_BY_PASS_E_ALONE
F500,Financial close,Accounting / Finance,accounting,services/api/src/modules/accounting,apps/web/src/modules/accounting,apps/mobile/src/modules/accounting,database/tenant,services/api/src/orchestration,Consume SP public contracts; do not fork platform capabilities,FROZEN_PLACEMENT_RULE,NOT_AUTHORIZED_BY_PASS_E_ALONE
F501,Trial balance,Accounting / Finance,accounting,services/api/src/modules/accounting,apps/web/src/modules/accounting,apps/mobile/src/modules/accounting,database/tenant,services/api/src/orchestration,Consume SP public contracts; do not fork platform capabilities,FROZEN_PLACEMENT_RULE,NOT_AUTHORIZED_BY_PASS_E_ALONE
F502,Profit & Loss,Accounting / Finance,accounting,services/api/src/modules/accounting,apps/web/src/modules/accounting,apps/mobile/src/modules/accounting,database/tenant,services/api/src/orchestration,Consume SP public contracts; do not fork platform capabilities,FROZEN_PLACEMENT_RULE,NOT_AUTHORIZED_BY_PASS_E_ALONE
F503,Balance Sheet,Accounting / Finance,accounting,services/api/src/modules/accounting,apps/web/src/modules/accounting,apps/mobile/src/modules/accounting,database/tenant,services/api/src/orchestration,Consume SP public contracts; do not fork platform capabilities,FROZEN_PLACEMENT_RULE,NOT_AUTHORIZED_BY_PASS_E_ALONE
F504,Cash Flow Statement,Accounting / Finance,accounting,services/api/src/modules/accounting,apps/web/src/modules/accounting,apps/mobile/src/modules/accounting,database/tenant,services/api/src/orchestration,Consume SP public contracts; do not fork platform capabilities,FROZEN_PLACEMENT_RULE,NOT_AUTHORIZED_BY_PASS_E_ALONE
F505,General Ledger report,Accounting / Finance,accounting,services/api/src/modules/accounting,apps/web/src/modules/accounting,apps/mobile/src/modules/accounting,database/tenant,services/api/src/orchestration,Consume SP public contracts; do not fork platform capabilities,FROZEN_PLACEMENT_RULE,NOT_AUTHORIZED_BY_PASS_E_ALONE
F506,AR aging report,Accounting / Finance,accounting,services/api/src/modules/accounting,apps/web/src/modules/accounting,apps/mobile/src/modules/accounting,database/tenant,services/api/src/orchestration,Consume SP public contracts; do not fork platform capabilities,FROZEN_PLACEMENT_RULE,NOT_AUTHORIZED_BY_PASS_E_ALONE
F507,AP aging report,Accounting / Finance,accounting,services/api/src/modules/accounting,apps/web/src/modules/accounting,apps/mobile/src/modules/accounting,database/tenant,services/api/src/orchestration,Consume SP public contracts; do not fork platform capabilities,FROZEN_PLACEMENT_RULE,NOT_AUTHORIZED_BY_PASS_E_ALONE
F508,Cost-centre / dimension reports,Accounting / Finance,accounting,services/api/src/modules/accounting,apps/web/src/modules/accounting,apps/mobile/src/modules/accounting,database/tenant,services/api/src/orchestration,Consume SP public contracts; do not fork platform capabilities,FROZEN_PLACEMENT_RULE,NOT_AUTHORIZED_BY_PASS_E_ALONE
F509,Financial dashboards,Accounting / Finance,accounting,services/api/src/modules/accounting,apps/web/src/modules/accounting,apps/mobile/src/modules/accounting,database/tenant,services/api/src/orchestration,Consume SP public contracts; do not fork platform capabilities,FROZEN_PLACEMENT_RULE,NOT_AUTHORIZED_BY_PASS_E_ALONE
F510,Audit trail,Accounting / Finance,accounting,services/api/src/modules/accounting,apps/web/src/modules/accounting,apps/mobile/src/modules/accounting,database/tenant,services/api/src/orchestration,Consume SP public contracts; do not fork platform capabilities,FROZEN_PLACEMENT_RULE,NOT_AUTHORIZED_BY_PASS_E_ALONE
