feature_id,feature_name,module,review_status,semantic_family,mandatory_subcapability_count,semantic_ids,existing_requirement_count,existing_requirement_types,mandatory_omission_found,new_canonical_feature_required,review_decision,review_basis,owner_ai_role,reviewed_on
F001,Leads,CRM,APPROVED,operational,8,F001-SEM-01;F001-SEM-02;F001-SEM-03;F001-SEM-04;F001-SEM-05;F001-SEM-06;F001-SEM-07;F001-SEM-08,37,AI;API;APP;AUTO;BR;CALC;CAP;DATA;E2E;FLOW;FR;INT;NOTIF;OBS;PERF;REP;SEC;UAT;US;UX;VAL,NO,NO,KEEP_CANONICAL_510_EXPAND_EXISTING_DOSSIER,Pass B adversarial semantic freeze: explicit lifecycle/data/rule/security/UX/integration/exception/verification ownership plus module-specific risk review.,Module Semantic Red-Team AI,2026-08-31
F002,Accounts / companies,CRM,APPROVED,operational,8,F002-SEM-01;F002-SEM-02;F002-SEM-03;F002-SEM-04;F002-SEM-05;F002-SEM-06;F002-SEM-07;F002-SEM-08,37,AI;API;APP;AUTO;BR;CALC;CAP;DATA;E2E;FLOW;FR;INT;NOTIF;OBS;PERF;REP;SEC;UAT;US;UX;VAL,NO,NO,KEEP_CANONICAL_510_EXPAND_EXISTING_DOSSIER,Pass B adversarial semantic freeze: explicit lifecycle/data/rule/security/UX/integration/exception/verification ownership plus module-specific risk review.,Module Semantic Red-Team AI,2026-08-31
F003,Contacts,CRM,APPROVED,master_config,8,F003-SEM-01;F003-SEM-02;F003-SEM-03;F003-SEM-04;F003-SEM-05;F003-SEM-06;F003-SEM-07;F003-SEM-08,37,AI;API;APP;AUTO;BR;CALC;CAP;DATA;E2E;FLOW;FR;INT;NOTIF;OBS;PERF;REP;SEC;UAT;US;UX;VAL,NO,NO,KEEP_CANONICAL_510_EXPAND_EXISTING_DOSSIER,Pass B adversarial semantic freeze: explicit lifecycle/data/rule/security/UX/integration/exception/verification ownership plus module-specific risk review.,Module Semantic Red-Team AI,2026-08-31
F004,Lead sources,CRM,APPROVED,master_config,8,F004-SEM-01;F004-SEM-02;F004-SEM-03;F004-SEM-04;F004-SEM-05;F004-SEM-06;F004-SEM-07;F004-SEM-08,37,AI;API;APP;AUTO;BR;CALC;CAP;DATA;E2E;FLOW;FR;INT;NOTIF;OBS;PERF;REP;SEC;UAT;US;UX;VAL,NO,NO,KEEP_CANONICAL_510_EXPAND_EXISTING_DOSSIER,Pass B adversarial semantic freeze: explicit lifecycle/data/rule/security/UX/integration/exception/verification ownership plus module-specific risk review.,Module Semantic Red-Team AI,2026-08-31
F005,Lead assignment,CRM,APPROVED,decision,8,F005-SEM-01;F005-SEM-02;F005-SEM-03;F005-SEM-04;F005-SEM-05;F005-SEM-06;F005-SEM-07;F005-SEM-08,37,AI;API;APP;AUTO;BR;CALC;CAP;DATA;E2E;FLOW;FR;INT;NOTIF;OBS;PERF;REP;SEC;UAT;US;UX;VAL,NO,NO,KEEP_CANONICAL_510_EXPAND_EXISTING_DOSSIER,Pass B adversarial semantic freeze: explicit lifecycle/data/rule/security/UX/integration/exception/verification ownership plus module-specific risk review.,Module Semantic Red-Team AI,2026-08-31
F006,Lead qualification,CRM,APPROVED,decision,8,F006-SEM-01;F006-SEM-02;F006-SEM-03;F006-SEM-04;F006-SEM-05;F006-SEM-06;F006-SEM-07;F006-SEM-08,37,AI;API;APP;AUTO;BR;CALC;CAP;DATA;E2E;FLOW;FR;INT;NOTIF;OBS;PERF;REP;SEC;UAT;US;UX;VAL,NO,NO,KEEP_CANONICAL_510_EXPAND_EXISTING_DOSSIER,Pass B adversarial semantic freeze: explicit lifecycle/data/rule/security/UX/integration/exception/verification ownership plus module-specific risk review.,Module Semantic Red-Team AI,2026-08-31
F007,Lead stages and statuses,CRM,APPROVED,master_config,8,F007-SEM-01;F007-SEM-02;F007-SEM-03;F007-SEM-04;F007-SEM-05;F007-SEM-06;F007-SEM-07;F007-SEM-08,37,AI;API;APP;AUTO;BR;CALC;CAP;DATA;E2E;FLOW;FR;INT;NOTIF;OBS;PERF;REP;SEC;UAT;US;UX;VAL,NO,NO,KEEP_CANONICAL_510_EXPAND_EXISTING_DOSSIER,Pass B adversarial semantic freeze: explicit lifecycle/data/rule/security/UX/integration/exception/verification ownership plus module-specific risk review.,Module Semantic Red-Team AI,2026-08-31
F008,Duplicate detection,CRM,APPROVED,operational,8,F008-SEM-01;F008-SEM-02;F008-SEM-03;F008-SEM-04;F008-SEM-05;F008-SEM-06;F008-SEM-07;F008-SEM-08,37,AI;API;APP;AUTO;BR;CALC;CAP;DATA;E2E;FLOW;FR;INT;NOTIF;OBS;PERF;REP;SEC;UAT;US;UX;VAL,NO,NO,KEEP_CANONICAL_510_EXPAND_EXISTING_DOSSIER,Pass B adversarial semantic freeze: explicit lifecycle/data/rule/security/UX/integration/exception/verification ownership plus module-specific risk review.,Module Semantic Red-Team AI,2026-08-31
F009,Opportunities,CRM,APPROVED,operational,8,F009-SEM-01;F009-SEM-02;F009-SEM-03;F009-SEM-04;F009-SEM-05;F009-SEM-06;F009-SEM-07;F009-SEM-08,37,AI;API;APP;AUTO;BR;CALC;CAP;DATA;E2E;FLOW;FR;INT;NOTIF;OBS;PERF;REP;SEC;UAT;US;UX;VAL,NO,NO,KEEP_CANONICAL_510_EXPAND_EXISTING_DOSSIER,Pass B adversarial semantic freeze: explicit lifecycle/data/rule/security/UX/integration/exception/verification ownership plus module-specific risk review.,Module Semantic Red-Team AI,2026-08-31
F010,Opportunity pipeline,CRM,APPROVED,operational,8,F010-SEM-01;F010-SEM-02;F010-SEM-03;F010-SEM-04;F010-SEM-05;F010-SEM-06;F010-SEM-07;F010-SEM-08,37,AI;API;APP;AUTO;BR;CALC;CAP;DATA;E2E;FLOW;FR;INT;NOTIF;OBS;PERF;REP;SEC;UAT;US;UX;VAL,NO,NO,KEEP_CANONICAL_510_EXPAND_EXISTING_DOSSIER,Pass B adversarial semantic freeze: explicit lifecycle/data/rule/security/UX/integration/exception/verification ownership plus module-specific risk review.,Module Semantic Red-Team AI,2026-08-31
F011,Probability and expected revenue,CRM,APPROVED,calculation,8,F011-SEM-01;F011-SEM-02;F011-SEM-03;F011-SEM-04;F011-SEM-05;F011-SEM-06;F011-SEM-07;F011-SEM-08,37,AI;API;APP;AUTO;BR;CALC;CAP;DATA;E2E;FLOW;FR;INT;NOTIF;OBS;PERF;REP;SEC;UAT;US;UX;VAL,NO,NO,KEEP_CANONICAL_510_EXPAND_EXISTING_DOSSIER,Pass B adversarial semantic freeze: explicit lifecycle/data/rule/security/UX/integration/exception/verification ownership plus module-specific risk review.,Module Semantic Red-Team AI,2026-08-31
F012,Sales stages,CRM,APPROVED,master_config,8,F012-SEM-01;F012-SEM-02;F012-SEM-03;F012-SEM-04;F012-SEM-05;F012-SEM-06;F012-SEM-07;F012-SEM-08,37,AI;API;APP;AUTO;BR;CALC;CAP;DATA;E2E;FLOW;FR;INT;NOTIF;OBS;PERF;REP;SEC;UAT;US;UX;VAL,NO,NO,KEEP_CANONICAL_510_EXPAND_EXISTING_DOSSIER,Pass B adversarial semantic freeze: explicit lifecycle/data/rule/security/UX/integration/exception/verification ownership plus module-specific risk review.,Module Semantic Red-Team AI,2026-08-31
F013,Calls,CRM,APPROVED,operational,8,F013-SEM-01;F013-SEM-02;F013-SEM-03;F013-SEM-04;F013-SEM-05;F013-SEM-06;F013-SEM-07;F013-SEM-08,37,AI;API;APP;AUTO;BR;CALC;CAP;DATA;E2E;FLOW;FR;INT;NOTIF;OBS;PERF;REP;SEC;UAT;US;UX;VAL,NO,NO,KEEP_CANONICAL_510_EXPAND_EXISTING_DOSSIER,Pass B adversarial semantic freeze: explicit lifecycle/data/rule/security/UX/integration/exception/verification ownership plus module-specific risk review.,Module Semantic Red-Team AI,2026-08-31
F014,Meetings,CRM,APPROVED,operational,8,F014-SEM-01;F014-SEM-02;F014-SEM-03;F014-SEM-04;F014-SEM-05;F014-SEM-06;F014-SEM-07;F014-SEM-08,37,AI;API;APP;AUTO;BR;CALC;CAP;DATA;E2E;FLOW;FR;INT;NOTIF;OBS;PERF;REP;SEC;UAT;US;UX;VAL,NO,NO,KEEP_CANONICAL_510_EXPAND_EXISTING_DOSSIER,Pass B adversarial semantic freeze: explicit lifecycle/data/rule/security/UX/integration/exception/verification ownership plus module-specific risk review.,Module Semantic Red-Team AI,2026-08-31
F015,Tasks,CRM,APPROVED,operational,8,F015-SEM-01;F015-SEM-02;F015-SEM-03;F015-SEM-04;F015-SEM-05;F015-SEM-06;F015-SEM-07;F015-SEM-08,37,AI;API;APP;AUTO;BR;CALC;CAP;DATA;E2E;FLOW;FR;INT;NOTIF;OBS;PERF;REP;SEC;UAT;US;UX;VAL,NO,NO,KEEP_CANONICAL_510_EXPAND_EXISTING_DOSSIER,Pass B adversarial semantic freeze: explicit lifecycle/data/rule/security/UX/integration/exception/verification ownership plus module-specific risk review.,Module Semantic Red-Team AI,2026-08-31
F016,Follow-ups and reminders,CRM,APPROVED,operational,8,F016-SEM-01;F016-SEM-02;F016-SEM-03;F016-SEM-04;F016-SEM-05;F016-SEM-06;F016-SEM-07;F016-SEM-08,37,AI;API;APP;AUTO;BR;CALC;CAP;DATA;E2E;FLOW;FR;INT;NOTIF;OBS;PERF;REP;SEC;UAT;US;UX;VAL,NO,NO,KEEP_CANONICAL_510_EXPAND_EXISTING_DOSSIER,Pass B adversarial semantic freeze: explicit lifecycle/data/rule/security/UX/integration/exception/verification ownership plus module-specific risk review.,Module Semantic Red-Team AI,2026-08-31
F017,Notes and attachments,CRM,APPROVED,operational,8,F017-SEM-01;F017-SEM-02;F017-SEM-03;F017-SEM-04;F017-SEM-05;F017-SEM-06;F017-SEM-07;F017-SEM-08,37,AI;API;APP;AUTO;BR;CALC;CAP;DATA;E2E;FLOW;FR;INT;NOTIF;OBS;PERF;REP;SEC;UAT;US;UX;VAL,NO,NO,KEEP_CANONICAL_510_EXPAND_EXISTING_DOSSIER,Pass B adversarial semantic freeze: explicit lifecycle/data/rule/security/UX/integration/exception/verification ownership plus module-specific risk review.,Module Semantic Red-Team AI,2026-08-31
F018,Email history,CRM,APPROVED,operational,8,F018-SEM-01;F018-SEM-02;F018-SEM-03;F018-SEM-04;F018-SEM-05;F018-SEM-06;F018-SEM-07;F018-SEM-08,37,AI;API;APP;AUTO;BR;CALC;CAP;DATA;E2E;FLOW;FR;INT;NOTIF;OBS;PERF;REP;SEC;UAT;US;UX;VAL,NO,NO,KEEP_CANONICAL_510_EXPAND_EXISTING_DOSSIER,Pass B adversarial semantic freeze: explicit lifecycle/data/rule/security/UX/integration/exception/verification ownership plus module-specific risk review.,Module Semantic Red-Team AI,2026-08-31
F019,Activity timeline,CRM,APPROVED,operational,8,F019-SEM-01;F019-SEM-02;F019-SEM-03;F019-SEM-04;F019-SEM-05;F019-SEM-06;F019-SEM-07;F019-SEM-08,37,AI;API;APP;AUTO;BR;CALC;CAP;DATA;E2E;FLOW;FR;INT;NOTIF;OBS;PERF;REP;SEC;UAT;US;UX;VAL,NO,NO,KEEP_CANONICAL_510_EXPAND_EXISTING_DOSSIER,Pass B adversarial semantic freeze: explicit lifecycle/data/rule/security/UX/integration/exception/verification ownership plus module-specific risk review.,Module Semantic Red-Team AI,2026-08-31
F020,Territories and sales teams,CRM,APPROVED,operational,8,F020-SEM-01;F020-SEM-02;F020-SEM-03;F020-SEM-04;F020-SEM-05;F020-SEM-06;F020-SEM-07;F020-SEM-08,37,AI;API;APP;AUTO;BR;CALC;CAP;DATA;E2E;FLOW;FR;INT;NOTIF;OBS;PERF;REP;SEC;UAT;US;UX;VAL,NO,NO,KEEP_CANONICAL_510_EXPAND_EXISTING_DOSSIER,Pass B adversarial semantic freeze: explicit lifecycle/data/rule/security/UX/integration/exception/verification ownership plus module-specific risk review.,Module Semantic Red-Team AI,2026-08-31
F021,Lead import and export,CRM,APPROVED,operational,8,F021-SEM-01;F021-SEM-02;F021-SEM-03;F021-SEM-04;F021-SEM-05;F021-SEM-06;F021-SEM-07;F021-SEM-08,37,AI;API;APP;AUTO;BR;CALC;CAP;DATA;E2E;FLOW;FR;INT;NOTIF;OBS;PERF;REP;SEC;UAT;US;UX;VAL,NO,NO,KEEP_CANONICAL_510_EXPAND_EXISTING_DOSSIER,Pass B adversarial semantic freeze: explicit lifecycle/data/rule/security/UX/integration/exception/verification ownership plus module-specific risk review.,Module Semantic Red-Team AI,2026-08-31
F022,Lead-to-opportunity conversion,CRM,APPROVED,operational,8,F022-SEM-01;F022-SEM-02;F022-SEM-03;F022-SEM-04;F022-SEM-05;F022-SEM-06;F022-SEM-07;F022-SEM-08,37,AI;API;APP;AUTO;BR;CALC;CAP;DATA;E2E;FLOW;FR;INT;NOTIF;OBS;PERF;REP;SEC;UAT;US;UX;VAL,NO,NO,KEEP_CANONICAL_510_EXPAND_EXISTING_DOSSIER,Pass B adversarial semantic freeze: explicit lifecycle/data/rule/security/UX/integration/exception/verification ownership plus module-specific risk review.,Module Semantic Red-Team AI,2026-08-31
F023,Opportunity-to-quotation conversion,CRM,APPROVED,document,8,F023-SEM-01;F023-SEM-02;F023-SEM-03;F023-SEM-04;F023-SEM-05;F023-SEM-06;F023-SEM-07;F023-SEM-08,37,AI;API;APP;AUTO;BR;CALC;CAP;DATA;E2E;FLOW;FR;INT;NOTIF;OBS;PERF;REP;SEC;UAT;US;UX;VAL,NO,NO,KEEP_CANONICAL_510_EXPAND_EXISTING_DOSSIER,Pass B adversarial semantic freeze: explicit lifecycle/data/rule/security/UX/integration/exception/verification ownership plus module-specific risk review.,Module Semantic Red-Team AI,2026-08-31
F024,Pipeline dashboard,CRM,APPROVED,analytics,8,F024-SEM-01;F024-SEM-02;F024-SEM-03;F024-SEM-04;F024-SEM-05;F024-SEM-06;F024-SEM-07;F024-SEM-08,37,AI;API;APP;AUTO;BR;CALC;CAP;DATA;E2E;FLOW;FR;INT;NOTIF;OBS;PERF;REP;SEC;UAT;US;UX;VAL,NO,NO,KEEP_CANONICAL_510_EXPAND_EXISTING_DOSSIER,Pass B adversarial semantic freeze: explicit lifecycle/data/rule/security/UX/integration/exception/verification ownership plus module-specific risk review.,Module Semantic Red-Team AI,2026-08-31
F025,Sales forecast,CRM,APPROVED,analytics,8,F025-SEM-01;F025-SEM-02;F025-SEM-03;F025-SEM-04;F025-SEM-05;F025-SEM-06;F025-SEM-07;F025-SEM-08,37,AI;API;APP;AUTO;BR;CALC;CAP;DATA;E2E;FLOW;FR;INT;NOTIF;OBS;PERF;REP;SEC;UAT;US;UX;VAL,NO,NO,KEEP_CANONICAL_510_EXPAND_EXISTING_DOSSIER,Pass B adversarial semantic freeze: explicit lifecycle/data/rule/security/UX/integration/exception/verification ownership plus module-specific risk review.,Module Semantic Red-Team AI,2026-08-31
F026,Won / lost reasons,CRM,APPROVED,operational,8,F026-SEM-01;F026-SEM-02;F026-SEM-03;F026-SEM-04;F026-SEM-05;F026-SEM-06;F026-SEM-07;F026-SEM-08,37,AI;API;APP;AUTO;BR;CALC;CAP;DATA;E2E;FLOW;FR;INT;NOTIF;OBS;PERF;REP;SEC;UAT;US;UX;VAL,NO,NO,KEEP_CANONICAL_510_EXPAND_EXISTING_DOSSIER,Pass B adversarial semantic freeze: explicit lifecycle/data/rule/security/UX/integration/exception/verification ownership plus module-specific risk review.,Module Semantic Red-Team AI,2026-08-31
F027,Basic lead scoring,CRM,APPROVED,operational,8,F027-SEM-01;F027-SEM-02;F027-SEM-03;F027-SEM-04;F027-SEM-05;F027-SEM-06;F027-SEM-07;F027-SEM-08,37,AI;API;APP;AUTO;BR;CALC;CAP;DATA;E2E;FLOW;FR;INT;NOTIF;OBS;PERF;REP;SEC;UAT;US;UX;VAL,NO,NO,KEEP_CANONICAL_510_EXPAND_EXISTING_DOSSIER,Pass B adversarial semantic freeze: explicit lifecycle/data/rule/security/UX/integration/exception/verification ownership plus module-specific risk review.,Module Semantic Red-Team AI,2026-08-31
F028,Custom fields and tags,CRM,APPROVED,master_config,8,F028-SEM-01;F028-SEM-02;F028-SEM-03;F028-SEM-04;F028-SEM-05;F028-SEM-06;F028-SEM-07;F028-SEM-08,37,AI;API;APP;AUTO;BR;CALC;CAP;DATA;E2E;FLOW;FR;INT;NOTIF;OBS;PERF;REP;SEC;UAT;US;UX;VAL,NO,NO,KEEP_CANONICAL_510_EXPAND_EXISTING_DOSSIER,Pass B adversarial semantic freeze: explicit lifecycle/data/rule/security/UX/integration/exception/verification ownership plus module-specific risk review.,Module Semantic Red-Team AI,2026-08-31
F029,Bulk actions,CRM,APPROVED,operational,8,F029-SEM-01;F029-SEM-02;F029-SEM-03;F029-SEM-04;F029-SEM-05;F029-SEM-06;F029-SEM-07;F029-SEM-08,37,AI;API;APP;AUTO;BR;CALC;CAP;DATA;E2E;FLOW;FR;INT;NOTIF;OBS;PERF;REP;SEC;UAT;US;UX;VAL,NO,NO,KEEP_CANONICAL_510_EXPAND_EXISTING_DOSSIER,Pass B adversarial semantic freeze: explicit lifecycle/data/rule/security/UX/integration/exception/verification ownership plus module-specific risk review.,Module Semantic Red-Team AI,2026-08-31
F030,CRM reports,CRM,APPROVED,analytics,8,F030-SEM-01;F030-SEM-02;F030-SEM-03;F030-SEM-04;F030-SEM-05;F030-SEM-06;F030-SEM-07;F030-SEM-08,37,AI;API;APP;AUTO;BR;CALC;CAP;DATA;E2E;FLOW;FR;INT;NOTIF;OBS;PERF;REP;SEC;UAT;US;UX;VAL,NO,NO,KEEP_CANONICAL_510_EXPAND_EXISTING_DOSSIER,Pass B adversarial semantic freeze: explicit lifecycle/data/rule/security/UX/integration/exception/verification ownership plus module-specific risk review.,Module Semantic Red-Team AI,2026-08-31
F031,Customer master,Sales,APPROVED,master_config,8,F031-SEM-01;F031-SEM-02;F031-SEM-03;F031-SEM-04;F031-SEM-05;F031-SEM-06;F031-SEM-07;F031-SEM-08,37,AI;API;APP;AUTO;BR;CALC;CAP;DATA;E2E;FLOW;FR;INT;NOTIF;OBS;PERF;REP;SEC;UAT;US;UX;VAL,NO,NO,KEEP_CANONICAL_510_EXPAND_EXISTING_DOSSIER,Pass B adversarial semantic freeze: explicit lifecycle/data/rule/security/UX/integration/exception/verification ownership plus module-specific risk review.,Module Semantic Red-Team AI,2026-08-31
F032,Customer addresses and contacts,Sales,APPROVED,master_config,8,F032-SEM-01;F032-SEM-02;F032-SEM-03;F032-SEM-04;F032-SEM-05;F032-SEM-06;F032-SEM-07;F032-SEM-08,37,AI;API;APP;AUTO;BR;CALC;CAP;DATA;E2E;FLOW;FR;INT;NOTIF;OBS;PERF;REP;SEC;UAT;US;UX;VAL,NO,NO,KEEP_CANONICAL_510_EXPAND_EXISTING_DOSSIER,Pass B adversarial semantic freeze: explicit lifecycle/data/rule/security/UX/integration/exception/verification ownership plus module-specific risk review.,Module Semantic Red-Team AI,2026-08-31
F033,Products and services,Sales,APPROVED,master_config,8,F033-SEM-01;F033-SEM-02;F033-SEM-03;F033-SEM-04;F033-SEM-05;F033-SEM-06;F033-SEM-07;F033-SEM-08,37,AI;API;APP;AUTO;BR;CALC;CAP;DATA;E2E;FLOW;FR;INT;NOTIF;OBS;PERF;REP;SEC;UAT;US;UX;VAL,NO,NO,KEEP_CANONICAL_510_EXPAND_EXISTING_DOSSIER,Pass B adversarial semantic freeze: explicit lifecycle/data/rule/security/UX/integration/exception/verification ownership plus module-specific risk review.,Module Semantic Red-Team AI,2026-08-31
F034,Price lists,Sales,APPROVED,master_config,8,F034-SEM-01;F034-SEM-02;F034-SEM-03;F034-SEM-04;F034-SEM-05;F034-SEM-06;F034-SEM-07;F034-SEM-08,37,AI;API;APP;AUTO;BR;CALC;CAP;DATA;E2E;FLOW;FR;INT;NOTIF;OBS;PERF;REP;SEC;UAT;US;UX;VAL,NO,NO,KEEP_CANONICAL_510_EXPAND_EXISTING_DOSSIER,Pass B adversarial semantic freeze: explicit lifecycle/data/rule/security/UX/integration/exception/verification ownership plus module-specific risk review.,Module Semantic Red-Team AI,2026-08-31
F035,Customer-specific prices,Sales,APPROVED,operational,8,F035-SEM-01;F035-SEM-02;F035-SEM-03;F035-SEM-04;F035-SEM-05;F035-SEM-06;F035-SEM-07;F035-SEM-08,37,AI;API;APP;AUTO;BR;CALC;CAP;DATA;E2E;FLOW;FR;INT;NOTIF;OBS;PERF;REP;SEC;UAT;US;UX;VAL,NO,NO,KEEP_CANONICAL_510_EXPAND_EXISTING_DOSSIER,Pass B adversarial semantic freeze: explicit lifecycle/data/rule/security/UX/integration/exception/verification ownership plus module-specific risk review.,Module Semantic Red-Team AI,2026-08-31
F036,Quotations,Sales,APPROVED,document,8,F036-SEM-01;F036-SEM-02;F036-SEM-03;F036-SEM-04;F036-SEM-05;F036-SEM-06;F036-SEM-07;F036-SEM-08,37,AI;API;APP;AUTO;BR;CALC;CAP;DATA;E2E;FLOW;FR;INT;NOTIF;OBS;PERF;REP;SEC;UAT;US;UX;VAL,NO,NO,KEEP_CANONICAL_510_EXPAND_EXISTING_DOSSIER,Pass B adversarial semantic freeze: explicit lifecycle/data/rule/security/UX/integration/exception/verification ownership plus module-specific risk review.,Module Semantic Red-Team AI,2026-08-31
F037,Quotation versions and revisions,Sales,APPROVED,document,8,F037-SEM-01;F037-SEM-02;F037-SEM-03;F037-SEM-04;F037-SEM-05;F037-SEM-06;F037-SEM-07;F037-SEM-08,37,AI;API;APP;AUTO;BR;CALC;CAP;DATA;E2E;FLOW;FR;INT;NOTIF;OBS;PERF;REP;SEC;UAT;US;UX;VAL,NO,NO,KEEP_CANONICAL_510_EXPAND_EXISTING_DOSSIER,Pass B adversarial semantic freeze: explicit lifecycle/data/rule/security/UX/integration/exception/verification ownership plus module-specific risk review.,Module Semantic Red-Team AI,2026-08-31
F038,Quotation expiry,Sales,APPROVED,document,8,F038-SEM-01;F038-SEM-02;F038-SEM-03;F038-SEM-04;F038-SEM-05;F038-SEM-06;F038-SEM-07;F038-SEM-08,37,AI;API;APP;AUTO;BR;CALC;CAP;DATA;E2E;FLOW;FR;INT;NOTIF;OBS;PERF;REP;SEC;UAT;US;UX;VAL,NO,NO,KEEP_CANONICAL_510_EXPAND_EXISTING_DOSSIER,Pass B adversarial semantic freeze: explicit lifecycle/data/rule/security/UX/integration/exception/verification ownership plus module-specific risk review.,Module Semantic Red-Team AI,2026-08-31
F039,Discounts,Sales,APPROVED,operational,8,F039-SEM-01;F039-SEM-02;F039-SEM-03;F039-SEM-04;F039-SEM-05;F039-SEM-06;F039-SEM-07;F039-SEM-08,37,AI;API;APP;AUTO;BR;CALC;CAP;DATA;E2E;FLOW;FR;INT;NOTIF;OBS;PERF;REP;SEC;UAT;US;UX;VAL,NO,NO,KEEP_CANONICAL_510_EXPAND_EXISTING_DOSSIER,Pass B adversarial semantic freeze: explicit lifecycle/data/rule/security/UX/integration/exception/verification ownership plus module-specific risk review.,Module Semantic Red-Team AI,2026-08-31
F040,Taxes,Sales,APPROVED,calculation,8,F040-SEM-01;F040-SEM-02;F040-SEM-03;F040-SEM-04;F040-SEM-05;F040-SEM-06;F040-SEM-07;F040-SEM-08,37,AI;API;APP;AUTO;BR;CALC;CAP;DATA;E2E;FLOW;FR;INT;NOTIF;OBS;PERF;REP;SEC;UAT;US;UX;VAL,NO,NO,KEEP_CANONICAL_510_EXPAND_EXISTING_DOSSIER,Pass B adversarial semantic freeze: explicit lifecycle/data/rule/security/UX/integration/exception/verification ownership plus module-specific risk review.,Module Semantic Red-Team AI,2026-08-31
F041,Approval workflow,Sales,APPROVED,decision,8,F041-SEM-01;F041-SEM-02;F041-SEM-03;F041-SEM-04;F041-SEM-05;F041-SEM-06;F041-SEM-07;F041-SEM-08,37,AI;API;APP;AUTO;BR;CALC;CAP;DATA;E2E;FLOW;FR;INT;NOTIF;OBS;PERF;REP;SEC;UAT;US;UX;VAL,NO,NO,KEEP_CANONICAL_510_EXPAND_EXISTING_DOSSIER,Pass B adversarial semantic freeze: explicit lifecycle/data/rule/security/UX/integration/exception/verification ownership plus module-specific risk review.,Module Semantic Red-Team AI,2026-08-31
F042,Sales orders,Sales,APPROVED,document,8,F042-SEM-01;F042-SEM-02;F042-SEM-03;F042-SEM-04;F042-SEM-05;F042-SEM-06;F042-SEM-07;F042-SEM-08,37,AI;API;APP;AUTO;BR;CALC;CAP;DATA;E2E;FLOW;FR;INT;NOTIF;OBS;PERF;REP;SEC;UAT;US;UX;VAL,NO,NO,KEEP_CANONICAL_510_EXPAND_EXISTING_DOSSIER,Pass B adversarial semantic freeze: explicit lifecycle/data/rule/security/UX/integration/exception/verification ownership plus module-specific risk review.,Module Semantic Red-Team AI,2026-08-31
F043,Order confirmation,Sales,APPROVED,document,8,F043-SEM-01;F043-SEM-02;F043-SEM-03;F043-SEM-04;F043-SEM-05;F043-SEM-06;F043-SEM-07;F043-SEM-08,37,AI;API;APP;AUTO;BR;CALC;CAP;DATA;E2E;FLOW;FR;INT;NOTIF;OBS;PERF;REP;SEC;UAT;US;UX;VAL,NO,NO,KEEP_CANONICAL_510_EXPAND_EXISTING_DOSSIER,Pass B adversarial semantic freeze: explicit lifecycle/data/rule/security/UX/integration/exception/verification ownership plus module-specific risk review.,Module Semantic Red-Team AI,2026-08-31
F044,Order amendments,Sales,APPROVED,document,8,F044-SEM-01;F044-SEM-02;F044-SEM-03;F044-SEM-04;F044-SEM-05;F044-SEM-06;F044-SEM-07;F044-SEM-08,37,AI;API;APP;AUTO;BR;CALC;CAP;DATA;E2E;FLOW;FR;INT;NOTIF;OBS;PERF;REP;SEC;UAT;US;UX;VAL,NO,NO,KEEP_CANONICAL_510_EXPAND_EXISTING_DOSSIER,Pass B adversarial semantic freeze: explicit lifecycle/data/rule/security/UX/integration/exception/verification ownership plus module-specific risk review.,Module Semantic Red-Team AI,2026-08-31
F045,Availability check,Sales,APPROVED,operational,8,F045-SEM-01;F045-SEM-02;F045-SEM-03;F045-SEM-04;F045-SEM-05;F045-SEM-06;F045-SEM-07;F045-SEM-08,37,AI;API;APP;AUTO;BR;CALC;CAP;DATA;E2E;FLOW;FR;INT;NOTIF;OBS;PERF;REP;SEC;UAT;US;UX;VAL,NO,NO,KEEP_CANONICAL_510_EXPAND_EXISTING_DOSSIER,Pass B adversarial semantic freeze: explicit lifecycle/data/rule/security/UX/integration/exception/verification ownership plus module-specific risk review.,Module Semantic Red-Team AI,2026-08-31
F046,Stock reservation,Sales,APPROVED,operational,8,F046-SEM-01;F046-SEM-02;F046-SEM-03;F046-SEM-04;F046-SEM-05;F046-SEM-06;F046-SEM-07;F046-SEM-08,37,AI;API;APP;AUTO;BR;CALC;CAP;DATA;E2E;FLOW;FR;INT;NOTIF;OBS;PERF;REP;SEC;UAT;US;UX;VAL,NO,NO,KEEP_CANONICAL_510_EXPAND_EXISTING_DOSSIER,Pass B adversarial semantic freeze: explicit lifecycle/data/rule/security/UX/integration/exception/verification ownership plus module-specific risk review.,Module Semantic Red-Team AI,2026-08-31
F047,Partial fulfilment,Sales,APPROVED,operational,8,F047-SEM-01;F047-SEM-02;F047-SEM-03;F047-SEM-04;F047-SEM-05;F047-SEM-06;F047-SEM-07;F047-SEM-08,37,AI;API;APP;AUTO;BR;CALC;CAP;DATA;E2E;FLOW;FR;INT;NOTIF;OBS;PERF;REP;SEC;UAT;US;UX;VAL,NO,NO,KEEP_CANONICAL_510_EXPAND_EXISTING_DOSSIER,Pass B adversarial semantic freeze: explicit lifecycle/data/rule/security/UX/integration/exception/verification ownership plus module-specific risk review.,Module Semantic Red-Team AI,2026-08-31
F048,Backorders,Sales,APPROVED,document,8,F048-SEM-01;F048-SEM-02;F048-SEM-03;F048-SEM-04;F048-SEM-05;F048-SEM-06;F048-SEM-07;F048-SEM-08,37,AI;API;APP;AUTO;BR;CALC;CAP;DATA;E2E;FLOW;FR;INT;NOTIF;OBS;PERF;REP;SEC;UAT;US;UX;VAL,NO,NO,KEEP_CANONICAL_510_EXPAND_EXISTING_DOSSIER,Pass B adversarial semantic freeze: explicit lifecycle/data/rule/security/UX/integration/exception/verification ownership plus module-specific risk review.,Module Semantic Red-Team AI,2026-08-31
F049,Delivery and shipment,Sales,APPROVED,operational,8,F049-SEM-01;F049-SEM-02;F049-SEM-03;F049-SEM-04;F049-SEM-05;F049-SEM-06;F049-SEM-07;F049-SEM-08,37,AI;API;APP;AUTO;BR;CALC;CAP;DATA;E2E;FLOW;FR;INT;NOTIF;OBS;PERF;REP;SEC;UAT;US;UX;VAL,NO,NO,KEEP_CANONICAL_510_EXPAND_EXISTING_DOSSIER,Pass B adversarial semantic freeze: explicit lifecycle/data/rule/security/UX/integration/exception/verification ownership plus module-specific risk review.,Module Semantic Red-Team AI,2026-08-31
F050,Sales invoices,Sales,APPROVED,document,8,F050-SEM-01;F050-SEM-02;F050-SEM-03;F050-SEM-04;F050-SEM-05;F050-SEM-06;F050-SEM-07;F050-SEM-08,37,AI;API;APP;AUTO;BR;CALC;CAP;DATA;E2E;FLOW;FR;INT;NOTIF;OBS;PERF;REP;SEC;UAT;US;UX;VAL,NO,NO,KEEP_CANONICAL_510_EXPAND_EXISTING_DOSSIER,Pass B adversarial semantic freeze: explicit lifecycle/data/rule/security/UX/integration/exception/verification ownership plus module-specific risk review.,Module Semantic Red-Team AI,2026-08-31
F051,Partial invoicing,Sales,APPROVED,operational,8,F051-SEM-01;F051-SEM-02;F051-SEM-03;F051-SEM-04;F051-SEM-05;F051-SEM-06;F051-SEM-07;F051-SEM-08,37,AI;API;APP;AUTO;BR;CALC;CAP;DATA;E2E;FLOW;FR;INT;NOTIF;OBS;PERF;REP;SEC;UAT;US;UX;VAL,NO,NO,KEEP_CANONICAL_510_EXPAND_EXISTING_DOSSIER,Pass B adversarial semantic freeze: explicit lifecycle/data/rule/security/UX/integration/exception/verification ownership plus module-specific risk review.,Module Semantic Red-Team AI,2026-08-31
F052,Advance payments,Sales,APPROVED,money_movement,8,F052-SEM-01;F052-SEM-02;F052-SEM-03;F052-SEM-04;F052-SEM-05;F052-SEM-06;F052-SEM-07;F052-SEM-08,37,AI;API;APP;AUTO;BR;CALC;CAP;DATA;E2E;FLOW;FR;INT;NOTIF;OBS;PERF;REP;SEC;UAT;US;UX;VAL,NO,NO,KEEP_CANONICAL_510_EXPAND_EXISTING_DOSSIER,Pass B adversarial semantic freeze: explicit lifecycle/data/rule/security/UX/integration/exception/verification ownership plus module-specific risk review.,Module Semantic Red-Team AI,2026-08-31
F053,Credit limits,Sales,APPROVED,operational,8,F053-SEM-01;F053-SEM-02;F053-SEM-03;F053-SEM-04;F053-SEM-05;F053-SEM-06;F053-SEM-07;F053-SEM-08,37,AI;API;APP;AUTO;BR;CALC;CAP;DATA;E2E;FLOW;FR;INT;NOTIF;OBS;PERF;REP;SEC;UAT;US;UX;VAL,NO,NO,KEEP_CANONICAL_510_EXPAND_EXISTING_DOSSIER,Pass B adversarial semantic freeze: explicit lifecycle/data/rule/security/UX/integration/exception/verification ownership plus module-specific risk review.,Module Semantic Red-Team AI,2026-08-31
F054,Customer returns,Sales,APPROVED,operational,8,F054-SEM-01;F054-SEM-02;F054-SEM-03;F054-SEM-04;F054-SEM-05;F054-SEM-06;F054-SEM-07;F054-SEM-08,37,AI;API;APP;AUTO;BR;CALC;CAP;DATA;E2E;FLOW;FR;INT;NOTIF;OBS;PERF;REP;SEC;UAT;US;UX;VAL,NO,NO,KEEP_CANONICAL_510_EXPAND_EXISTING_DOSSIER,Pass B adversarial semantic freeze: explicit lifecycle/data/rule/security/UX/integration/exception/verification ownership plus module-specific risk review.,Module Semantic Red-Team AI,2026-08-31
F055,Credit notes and refunds,Sales,APPROVED,document,8,F055-SEM-01;F055-SEM-02;F055-SEM-03;F055-SEM-04;F055-SEM-05;F055-SEM-06;F055-SEM-07;F055-SEM-08,37,AI;API;APP;AUTO;BR;CALC;CAP;DATA;E2E;FLOW;FR;INT;NOTIF;OBS;PERF;REP;SEC;UAT;US;UX;VAL,NO,NO,KEEP_CANONICAL_510_EXPAND_EXISTING_DOSSIER,Pass B adversarial semantic freeze: explicit lifecycle/data/rule/security/UX/integration/exception/verification ownership plus module-specific risk review.,Module Semantic Red-Team AI,2026-08-31
F056,Drop shipping,Sales,APPROVED,operational,8,F056-SEM-01;F056-SEM-02;F056-SEM-03;F056-SEM-04;F056-SEM-05;F056-SEM-06;F056-SEM-07;F056-SEM-08,37,AI;API;APP;AUTO;BR;CALC;CAP;DATA;E2E;FLOW;FR;INT;NOTIF;OBS;PERF;REP;SEC;UAT;US;UX;VAL,NO,NO,KEEP_CANONICAL_510_EXPAND_EXISTING_DOSSIER,Pass B adversarial semantic freeze: explicit lifecycle/data/rule/security/UX/integration/exception/verification ownership plus module-specific risk review.,Module Semantic Red-Team AI,2026-08-31
F057,Sales commissions,Sales,APPROVED,operational,8,F057-SEM-01;F057-SEM-02;F057-SEM-03;F057-SEM-04;F057-SEM-05;F057-SEM-06;F057-SEM-07;F057-SEM-08,37,AI;API;APP;AUTO;BR;CALC;CAP;DATA;E2E;FLOW;FR;INT;NOTIF;OBS;PERF;REP;SEC;UAT;US;UX;VAL,NO,NO,KEEP_CANONICAL_510_EXPAND_EXISTING_DOSSIER,Pass B adversarial semantic freeze: explicit lifecycle/data/rule/security/UX/integration/exception/verification ownership plus module-specific risk review.,Module Semantic Red-Team AI,2026-08-31
F058,Payment terms,Sales,APPROVED,money_movement,8,F058-SEM-01;F058-SEM-02;F058-SEM-03;F058-SEM-04;F058-SEM-05;F058-SEM-06;F058-SEM-07;F058-SEM-08,37,AI;API;APP;AUTO;BR;CALC;CAP;DATA;E2E;FLOW;FR;INT;NOTIF;OBS;PERF;REP;SEC;UAT;US;UX;VAL,NO,NO,KEEP_CANONICAL_510_EXPAND_EXISTING_DOSSIER,Pass B adversarial semantic freeze: explicit lifecycle/data/rule/security/UX/integration/exception/verification ownership plus module-specific risk review.,Module Semantic Red-Team AI,2026-08-31
F059,Order status tracking,Sales,APPROVED,document,8,F059-SEM-01;F059-SEM-02;F059-SEM-03;F059-SEM-04;F059-SEM-05;F059-SEM-06;F059-SEM-07;F059-SEM-08,37,AI;API;APP;AUTO;BR;CALC;CAP;DATA;E2E;FLOW;FR;INT;NOTIF;OBS;PERF;REP;SEC;UAT;US;UX;VAL,NO,NO,KEEP_CANONICAL_510_EXPAND_EXISTING_DOSSIER,Pass B adversarial semantic freeze: explicit lifecycle/data/rule/security/UX/integration/exception/verification ownership plus module-specific risk review.,Module Semantic Red-Team AI,2026-08-31
F060,Sales analytics,Sales,APPROVED,analytics,8,F060-SEM-01;F060-SEM-02;F060-SEM-03;F060-SEM-04;F060-SEM-05;F060-SEM-06;F060-SEM-07;F060-SEM-08,37,AI;API;APP;AUTO;BR;CALC;CAP;DATA;E2E;FLOW;FR;INT;NOTIF;OBS;PERF;REP;SEC;UAT;US;UX;VAL,NO,NO,KEEP_CANONICAL_510_EXPAND_EXISTING_DOSSIER,Pass B adversarial semantic freeze: explicit lifecycle/data/rule/security/UX/integration/exception/verification ownership plus module-specific risk review.,Module Semantic Red-Team AI,2026-08-31
F061,Margin and profitability,Sales,APPROVED,calculation,8,F061-SEM-01;F061-SEM-02;F061-SEM-03;F061-SEM-04;F061-SEM-05;F061-SEM-06;F061-SEM-07;F061-SEM-08,37,AI;API;APP;AUTO;BR;CALC;CAP;DATA;E2E;FLOW;FR;INT;NOTIF;OBS;PERF;REP;SEC;UAT;US;UX;VAL,NO,NO,KEEP_CANONICAL_510_EXPAND_EXISTING_DOSSIER,Pass B adversarial semantic freeze: explicit lifecycle/data/rule/security/UX/integration/exception/verification ownership plus module-specific risk review.,Module Semantic Red-Team AI,2026-08-31
F062,Order-to-cash reporting,Sales,APPROVED,analytics,8,F062-SEM-01;F062-SEM-02;F062-SEM-03;F062-SEM-04;F062-SEM-05;F062-SEM-06;F062-SEM-07;F062-SEM-08,37,AI;API;APP;AUTO;BR;CALC;CAP;DATA;E2E;FLOW;FR;INT;NOTIF;OBS;PERF;REP;SEC;UAT;US;UX;VAL,NO,NO,KEEP_CANONICAL_510_EXPAND_EXISTING_DOSSIER,Pass B adversarial semantic freeze: explicit lifecycle/data/rule/security/UX/integration/exception/verification ownership plus module-specific risk review.,Module Semantic Red-Team AI,2026-08-31
F063,Supplier master,Procurement,APPROVED,master_config,8,F063-SEM-01;F063-SEM-02;F063-SEM-03;F063-SEM-04;F063-SEM-05;F063-SEM-06;F063-SEM-07;F063-SEM-08,37,AI;API;APP;AUTO;BR;CALC;CAP;DATA;E2E;FLOW;FR;INT;NOTIF;OBS;PERF;REP;SEC;UAT;US;UX;VAL,NO,NO,KEEP_CANONICAL_510_EXPAND_EXISTING_DOSSIER,Pass B adversarial semantic freeze: explicit lifecycle/data/rule/security/UX/integration/exception/verification ownership plus module-specific risk review.,Module Semantic Red-Team AI,2026-08-31
F064,Supplier contacts and addresses,Procurement,APPROVED,master_config,8,F064-SEM-01;F064-SEM-02;F064-SEM-03;F064-SEM-04;F064-SEM-05;F064-SEM-06;F064-SEM-07;F064-SEM-08,37,AI;API;APP;AUTO;BR;CALC;CAP;DATA;E2E;FLOW;FR;INT;NOTIF;OBS;PERF;REP;SEC;UAT;US;UX;VAL,NO,NO,KEEP_CANONICAL_510_EXPAND_EXISTING_DOSSIER,Pass B adversarial semantic freeze: explicit lifecycle/data/rule/security/UX/integration/exception/verification ownership plus module-specific risk review.,Module Semantic Red-Team AI,2026-08-31
F065,Supplier onboarding,Procurement,APPROVED,operational,8,F065-SEM-01;F065-SEM-02;F065-SEM-03;F065-SEM-04;F065-SEM-05;F065-SEM-06;F065-SEM-07;F065-SEM-08,37,AI;API;APP;AUTO;BR;CALC;CAP;DATA;E2E;FLOW;FR;INT;NOTIF;OBS;PERF;REP;SEC;UAT;US;UX;VAL,NO,NO,KEEP_CANONICAL_510_EXPAND_EXISTING_DOSSIER,Pass B adversarial semantic freeze: explicit lifecycle/data/rule/security/UX/integration/exception/verification ownership plus module-specific risk review.,Module Semantic Red-Team AI,2026-08-31
F066,Supplier categories,Procurement,APPROVED,master_config,8,F066-SEM-01;F066-SEM-02;F066-SEM-03;F066-SEM-04;F066-SEM-05;F066-SEM-06;F066-SEM-07;F066-SEM-08,37,AI;API;APP;AUTO;BR;CALC;CAP;DATA;E2E;FLOW;FR;INT;NOTIF;OBS;PERF;REP;SEC;UAT;US;UX;VAL,NO,NO,KEEP_CANONICAL_510_EXPAND_EXISTING_DOSSIER,Pass B adversarial semantic freeze: explicit lifecycle/data/rule/security/UX/integration/exception/verification ownership plus module-specific risk review.,Module Semantic Red-Team AI,2026-08-31
F067,Purchase requisitions,Procurement,APPROVED,document,8,F067-SEM-01;F067-SEM-02;F067-SEM-03;F067-SEM-04;F067-SEM-05;F067-SEM-06;F067-SEM-07;F067-SEM-08,37,AI;API;APP;AUTO;BR;CALC;CAP;DATA;E2E;FLOW;FR;INT;NOTIF;OBS;PERF;REP;SEC;UAT;US;UX;VAL,NO,NO,KEEP_CANONICAL_510_EXPAND_EXISTING_DOSSIER,Pass B adversarial semantic freeze: explicit lifecycle/data/rule/security/UX/integration/exception/verification ownership plus module-specific risk review.,Module Semantic Red-Team AI,2026-08-31
F068,Requisition approvals,Procurement,APPROVED,document,8,F068-SEM-01;F068-SEM-02;F068-SEM-03;F068-SEM-04;F068-SEM-05;F068-SEM-06;F068-SEM-07;F068-SEM-08,37,AI;API;APP;AUTO;BR;CALC;CAP;DATA;E2E;FLOW;FR;INT;NOTIF;OBS;PERF;REP;SEC;UAT;US;UX;VAL,NO,NO,KEEP_CANONICAL_510_EXPAND_EXISTING_DOSSIER,Pass B adversarial semantic freeze: explicit lifecycle/data/rule/security/UX/integration/exception/verification ownership plus module-specific risk review.,Module Semantic Red-Team AI,2026-08-31
F069,RFQ creation,Procurement,APPROVED,document,8,F069-SEM-01;F069-SEM-02;F069-SEM-03;F069-SEM-04;F069-SEM-05;F069-SEM-06;F069-SEM-07;F069-SEM-08,37,AI;API;APP;AUTO;BR;CALC;CAP;DATA;E2E;FLOW;FR;INT;NOTIF;OBS;PERF;REP;SEC;UAT;US;UX;VAL,NO,NO,KEEP_CANONICAL_510_EXPAND_EXISTING_DOSSIER,Pass B adversarial semantic freeze: explicit lifecycle/data/rule/security/UX/integration/exception/verification ownership plus module-specific risk review.,Module Semantic Red-Team AI,2026-08-31
F070,RFQ to multiple vendors,Procurement,APPROVED,document,8,F070-SEM-01;F070-SEM-02;F070-SEM-03;F070-SEM-04;F070-SEM-05;F070-SEM-06;F070-SEM-07;F070-SEM-08,37,AI;API;APP;AUTO;BR;CALC;CAP;DATA;E2E;FLOW;FR;INT;NOTIF;OBS;PERF;REP;SEC;UAT;US;UX;VAL,NO,NO,KEEP_CANONICAL_510_EXPAND_EXISTING_DOSSIER,Pass B adversarial semantic freeze: explicit lifecycle/data/rule/security/UX/integration/exception/verification ownership plus module-specific risk review.,Module Semantic Red-Team AI,2026-08-31
F071,Supplier quotations,Procurement,APPROVED,document,8,F071-SEM-01;F071-SEM-02;F071-SEM-03;F071-SEM-04;F071-SEM-05;F071-SEM-06;F071-SEM-07;F071-SEM-08,37,AI;API;APP;AUTO;BR;CALC;CAP;DATA;E2E;FLOW;FR;INT;NOTIF;OBS;PERF;REP;SEC;UAT;US;UX;VAL,NO,NO,KEEP_CANONICAL_510_EXPAND_EXISTING_DOSSIER,Pass B adversarial semantic freeze: explicit lifecycle/data/rule/security/UX/integration/exception/verification ownership plus module-specific risk review.,Module Semantic Red-Team AI,2026-08-31
F072,Bid comparison,Procurement,APPROVED,operational,8,F072-SEM-01;F072-SEM-02;F072-SEM-03;F072-SEM-04;F072-SEM-05;F072-SEM-06;F072-SEM-07;F072-SEM-08,37,AI;API;APP;AUTO;BR;CALC;CAP;DATA;E2E;FLOW;FR;INT;NOTIF;OBS;PERF;REP;SEC;UAT;US;UX;VAL,NO,NO,KEEP_CANONICAL_510_EXPAND_EXISTING_DOSSIER,Pass B adversarial semantic freeze: explicit lifecycle/data/rule/security/UX/integration/exception/verification ownership plus module-specific risk review.,Module Semantic Red-Team AI,2026-08-31
F073,Supplier selection,Procurement,APPROVED,decision,8,F073-SEM-01;F073-SEM-02;F073-SEM-03;F073-SEM-04;F073-SEM-05;F073-SEM-06;F073-SEM-07;F073-SEM-08,37,AI;API;APP;AUTO;BR;CALC;CAP;DATA;E2E;FLOW;FR;INT;NOTIF;OBS;PERF;REP;SEC;UAT;US;UX;VAL,NO,NO,KEEP_CANONICAL_510_EXPAND_EXISTING_DOSSIER,Pass B adversarial semantic freeze: explicit lifecycle/data/rule/security/UX/integration/exception/verification ownership plus module-specific risk review.,Module Semantic Red-Team AI,2026-08-31
F074,Purchase orders,Procurement,APPROVED,document,8,F074-SEM-01;F074-SEM-02;F074-SEM-03;F074-SEM-04;F074-SEM-05;F074-SEM-06;F074-SEM-07;F074-SEM-08,37,AI;API;APP;AUTO;BR;CALC;CAP;DATA;E2E;FLOW;FR;INT;NOTIF;OBS;PERF;REP;SEC;UAT;US;UX;VAL,NO,NO,KEEP_CANONICAL_510_EXPAND_EXISTING_DOSSIER,Pass B adversarial semantic freeze: explicit lifecycle/data/rule/security/UX/integration/exception/verification ownership plus module-specific risk review.,Module Semantic Red-Team AI,2026-08-31
F075,PO approvals,Procurement,APPROVED,decision,8,F075-SEM-01;F075-SEM-02;F075-SEM-03;F075-SEM-04;F075-SEM-05;F075-SEM-06;F075-SEM-07;F075-SEM-08,37,AI;API;APP;AUTO;BR;CALC;CAP;DATA;E2E;FLOW;FR;INT;NOTIF;OBS;PERF;REP;SEC;UAT;US;UX;VAL,NO,NO,KEEP_CANONICAL_510_EXPAND_EXISTING_DOSSIER,Pass B adversarial semantic freeze: explicit lifecycle/data/rule/security/UX/integration/exception/verification ownership plus module-specific risk review.,Module Semantic Red-Team AI,2026-08-31
F076,PO amendments,Procurement,APPROVED,operational,8,F076-SEM-01;F076-SEM-02;F076-SEM-03;F076-SEM-04;F076-SEM-05;F076-SEM-06;F076-SEM-07;F076-SEM-08,37,AI;API;APP;AUTO;BR;CALC;CAP;DATA;E2E;FLOW;FR;INT;NOTIF;OBS;PERF;REP;SEC;UAT;US;UX;VAL,NO,NO,KEEP_CANONICAL_510_EXPAND_EXISTING_DOSSIER,Pass B adversarial semantic freeze: explicit lifecycle/data/rule/security/UX/integration/exception/verification ownership plus module-specific risk review.,Module Semantic Red-Team AI,2026-08-31
F077,Blanket purchase orders,Procurement,APPROVED,document,8,F077-SEM-01;F077-SEM-02;F077-SEM-03;F077-SEM-04;F077-SEM-05;F077-SEM-06;F077-SEM-07;F077-SEM-08,37,AI;API;APP;AUTO;BR;CALC;CAP;DATA;E2E;FLOW;FR;INT;NOTIF;OBS;PERF;REP;SEC;UAT;US;UX;VAL,NO,NO,KEEP_CANONICAL_510_EXPAND_EXISTING_DOSSIER,Pass B adversarial semantic freeze: explicit lifecycle/data/rule/security/UX/integration/exception/verification ownership plus module-specific risk review.,Module Semantic Red-Team AI,2026-08-31
F078,Purchase agreements and contracts,Procurement,APPROVED,document,8,F078-SEM-01;F078-SEM-02;F078-SEM-03;F078-SEM-04;F078-SEM-05;F078-SEM-06;F078-SEM-07;F078-SEM-08,37,AI;API;APP;AUTO;BR;CALC;CAP;DATA;E2E;FLOW;FR;INT;NOTIF;OBS;PERF;REP;SEC;UAT;US;UX;VAL,NO,NO,KEEP_CANONICAL_510_EXPAND_EXISTING_DOSSIER,Pass B adversarial semantic freeze: explicit lifecycle/data/rule/security/UX/integration/exception/verification ownership plus module-specific risk review.,Module Semantic Red-Team AI,2026-08-31
F079,Supplier price lists,Procurement,APPROVED,master_config,8,F079-SEM-01;F079-SEM-02;F079-SEM-03;F079-SEM-04;F079-SEM-05;F079-SEM-06;F079-SEM-07;F079-SEM-08,37,AI;API;APP;AUTO;BR;CALC;CAP;DATA;E2E;FLOW;FR;INT;NOTIF;OBS;PERF;REP;SEC;UAT;US;UX;VAL,NO,NO,KEEP_CANONICAL_510_EXPAND_EXISTING_DOSSIER,Pass B adversarial semantic freeze: explicit lifecycle/data/rule/security/UX/integration/exception/verification ownership plus module-specific risk review.,Module Semantic Red-Team AI,2026-08-31
F080,Goods receipt / GRN,Procurement,APPROVED,document,8,F080-SEM-01;F080-SEM-02;F080-SEM-03;F080-SEM-04;F080-SEM-05;F080-SEM-06;F080-SEM-07;F080-SEM-08,37,AI;API;APP;AUTO;BR;CALC;CAP;DATA;E2E;FLOW;FR;INT;NOTIF;OBS;PERF;REP;SEC;UAT;US;UX;VAL,NO,NO,KEEP_CANONICAL_510_EXPAND_EXISTING_DOSSIER,Pass B adversarial semantic freeze: explicit lifecycle/data/rule/security/UX/integration/exception/verification ownership plus module-specific risk review.,Module Semantic Red-Team AI,2026-08-31
F081,Partial receipts,Procurement,APPROVED,operational,8,F081-SEM-01;F081-SEM-02;F081-SEM-03;F081-SEM-04;F081-SEM-05;F081-SEM-06;F081-SEM-07;F081-SEM-08,37,AI;API;APP;AUTO;BR;CALC;CAP;DATA;E2E;FLOW;FR;INT;NOTIF;OBS;PERF;REP;SEC;UAT;US;UX;VAL,NO,NO,KEEP_CANONICAL_510_EXPAND_EXISTING_DOSSIER,Pass B adversarial semantic freeze: explicit lifecycle/data/rule/security/UX/integration/exception/verification ownership plus module-specific risk review.,Module Semantic Red-Team AI,2026-08-31
F082,Rejected receipts,Procurement,APPROVED,operational,8,F082-SEM-01;F082-SEM-02;F082-SEM-03;F082-SEM-04;F082-SEM-05;F082-SEM-06;F082-SEM-07;F082-SEM-08,37,AI;API;APP;AUTO;BR;CALC;CAP;DATA;E2E;FLOW;FR;INT;NOTIF;OBS;PERF;REP;SEC;UAT;US;UX;VAL,NO,NO,KEEP_CANONICAL_510_EXPAND_EXISTING_DOSSIER,Pass B adversarial semantic freeze: explicit lifecycle/data/rule/security/UX/integration/exception/verification ownership plus module-specific risk review.,Module Semantic Red-Team AI,2026-08-31
F083,Purchase returns,Procurement,APPROVED,operational,8,F083-SEM-01;F083-SEM-02;F083-SEM-03;F083-SEM-04;F083-SEM-05;F083-SEM-06;F083-SEM-07;F083-SEM-08,37,AI;API;APP;AUTO;BR;CALC;CAP;DATA;E2E;FLOW;FR;INT;NOTIF;OBS;PERF;REP;SEC;UAT;US;UX;VAL,NO,NO,KEEP_CANONICAL_510_EXPAND_EXISTING_DOSSIER,Pass B adversarial semantic freeze: explicit lifecycle/data/rule/security/UX/integration/exception/verification ownership plus module-specific risk review.,Module Semantic Red-Team AI,2026-08-31
F084,Supplier invoices,Procurement,APPROVED,document,8,F084-SEM-01;F084-SEM-02;F084-SEM-03;F084-SEM-04;F084-SEM-05;F084-SEM-06;F084-SEM-07;F084-SEM-08,37,AI;API;APP;AUTO;BR;CALC;CAP;DATA;E2E;FLOW;FR;INT;NOTIF;OBS;PERF;REP;SEC;UAT;US;UX;VAL,NO,NO,KEEP_CANONICAL_510_EXPAND_EXISTING_DOSSIER,Pass B adversarial semantic freeze: explicit lifecycle/data/rule/security/UX/integration/exception/verification ownership plus module-specific risk review.,Module Semantic Red-Team AI,2026-08-31
F085,2-way matching,Procurement,APPROVED,operational,8,F085-SEM-01;F085-SEM-02;F085-SEM-03;F085-SEM-04;F085-SEM-05;F085-SEM-06;F085-SEM-07;F085-SEM-08,37,AI;API;APP;AUTO;BR;CALC;CAP;DATA;E2E;FLOW;FR;INT;NOTIF;OBS;PERF;REP;SEC;UAT;US;UX;VAL,NO,NO,KEEP_CANONICAL_510_EXPAND_EXISTING_DOSSIER,Pass B adversarial semantic freeze: explicit lifecycle/data/rule/security/UX/integration/exception/verification ownership plus module-specific risk review.,Module Semantic Red-Team AI,2026-08-31
F086,3-way matching: PO – GRN – Invoice,Procurement,APPROVED,document,8,F086-SEM-01;F086-SEM-02;F086-SEM-03;F086-SEM-04;F086-SEM-05;F086-SEM-06;F086-SEM-07;F086-SEM-08,37,AI;API;APP;AUTO;BR;CALC;CAP;DATA;E2E;FLOW;FR;INT;NOTIF;OBS;PERF;REP;SEC;UAT;US;UX;VAL,NO,NO,KEEP_CANONICAL_510_EXPAND_EXISTING_DOSSIER,Pass B adversarial semantic freeze: explicit lifecycle/data/rule/security/UX/integration/exception/verification ownership plus module-specific risk review.,Module Semantic Red-Team AI,2026-08-31
F087,Landed costs,Procurement,APPROVED,calculation,8,F087-SEM-01;F087-SEM-02;F087-SEM-03;F087-SEM-04;F087-SEM-05;F087-SEM-06;F087-SEM-07;F087-SEM-08,37,AI;API;APP;AUTO;BR;CALC;CAP;DATA;E2E;FLOW;FR;INT;NOTIF;OBS;PERF;REP;SEC;UAT;US;UX;VAL,NO,NO,KEEP_CANONICAL_510_EXPAND_EXISTING_DOSSIER,Pass B adversarial semantic freeze: explicit lifecycle/data/rule/security/UX/integration/exception/verification ownership plus module-specific risk review.,Module Semantic Red-Team AI,2026-08-31
F088,Payment terms,Procurement,APPROVED,money_movement,8,F088-SEM-01;F088-SEM-02;F088-SEM-03;F088-SEM-04;F088-SEM-05;F088-SEM-06;F088-SEM-07;F088-SEM-08,37,AI;API;APP;AUTO;BR;CALC;CAP;DATA;E2E;FLOW;FR;INT;NOTIF;OBS;PERF;REP;SEC;UAT;US;UX;VAL,NO,NO,KEEP_CANONICAL_510_EXPAND_EXISTING_DOSSIER,Pass B adversarial semantic freeze: explicit lifecycle/data/rule/security/UX/integration/exception/verification ownership plus module-specific risk review.,Module Semantic Red-Team AI,2026-08-31
F089,Supplier performance,Procurement,APPROVED,operational,8,F089-SEM-01;F089-SEM-02;F089-SEM-03;F089-SEM-04;F089-SEM-05;F089-SEM-06;F089-SEM-07;F089-SEM-08,37,AI;API;APP;AUTO;BR;CALC;CAP;DATA;E2E;FLOW;FR;INT;NOTIF;OBS;PERF;REP;SEC;UAT;US;UX;VAL,NO,NO,KEEP_CANONICAL_510_EXPAND_EXISTING_DOSSIER,Pass B adversarial semantic freeze: explicit lifecycle/data/rule/security/UX/integration/exception/verification ownership plus module-specific risk review.,Module Semantic Red-Team AI,2026-08-31
F090,Supplier rating,Procurement,APPROVED,operational,8,F090-SEM-01;F090-SEM-02;F090-SEM-03;F090-SEM-04;F090-SEM-05;F090-SEM-06;F090-SEM-07;F090-SEM-08,37,AI;API;APP;AUTO;BR;CALC;CAP;DATA;E2E;FLOW;FR;INT;NOTIF;OBS;PERF;REP;SEC;UAT;US;UX;VAL,NO,NO,KEEP_CANONICAL_510_EXPAND_EXISTING_DOSSIER,Pass B adversarial semantic freeze: explicit lifecycle/data/rule/security/UX/integration/exception/verification ownership plus module-specific risk review.,Module Semantic Red-Team AI,2026-08-31
F091,Supplier lead times,Procurement,APPROVED,operational,8,F091-SEM-01;F091-SEM-02;F091-SEM-03;F091-SEM-04;F091-SEM-05;F091-SEM-06;F091-SEM-07;F091-SEM-08,37,AI;API;APP;AUTO;BR;CALC;CAP;DATA;E2E;FLOW;FR;INT;NOTIF;OBS;PERF;REP;SEC;UAT;US;UX;VAL,NO,NO,KEEP_CANONICAL_510_EXPAND_EXISTING_DOSSIER,Pass B adversarial semantic freeze: explicit lifecycle/data/rule/security/UX/integration/exception/verification ownership plus module-specific risk review.,Module Semantic Red-Team AI,2026-08-31
F092,Spend analysis,Procurement,APPROVED,analytics,8,F092-SEM-01;F092-SEM-02;F092-SEM-03;F092-SEM-04;F092-SEM-05;F092-SEM-06;F092-SEM-07;F092-SEM-08,37,AI;API;APP;AUTO;BR;CALC;CAP;DATA;E2E;FLOW;FR;INT;NOTIF;OBS;PERF;REP;SEC;UAT;US;UX;VAL,NO,NO,KEEP_CANONICAL_510_EXPAND_EXISTING_DOSSIER,Pass B adversarial semantic freeze: explicit lifecycle/data/rule/security/UX/integration/exception/verification ownership plus module-specific risk review.,Module Semantic Red-Team AI,2026-08-31
F093,Purchase history,Procurement,APPROVED,operational,8,F093-SEM-01;F093-SEM-02;F093-SEM-03;F093-SEM-04;F093-SEM-05;F093-SEM-06;F093-SEM-07;F093-SEM-08,37,AI;API;APP;AUTO;BR;CALC;CAP;DATA;E2E;FLOW;FR;INT;NOTIF;OBS;PERF;REP;SEC;UAT;US;UX;VAL,NO,NO,KEEP_CANONICAL_510_EXPAND_EXISTING_DOSSIER,Pass B adversarial semantic freeze: explicit lifecycle/data/rule/security/UX/integration/exception/verification ownership plus module-specific risk review.,Module Semantic Red-Team AI,2026-08-31
F094,Reorder-generated purchasing,Procurement,APPROVED,document,8,F094-SEM-01;F094-SEM-02;F094-SEM-03;F094-SEM-04;F094-SEM-05;F094-SEM-06;F094-SEM-07;F094-SEM-08,37,AI;API;APP;AUTO;BR;CALC;CAP;DATA;E2E;FLOW;FR;INT;NOTIF;OBS;PERF;REP;SEC;UAT;US;UX;VAL,NO,NO,KEEP_CANONICAL_510_EXPAND_EXISTING_DOSSIER,Pass B adversarial semantic freeze: explicit lifecycle/data/rule/security/UX/integration/exception/verification ownership plus module-specific risk review.,Module Semantic Red-Team AI,2026-08-31
F095,Subcontract purchasing,Procurement,APPROVED,document,8,F095-SEM-01;F095-SEM-02;F095-SEM-03;F095-SEM-04;F095-SEM-05;F095-SEM-06;F095-SEM-07;F095-SEM-08,37,AI;API;APP;AUTO;BR;CALC;CAP;DATA;E2E;FLOW;FR;INT;NOTIF;OBS;PERF;REP;SEC;UAT;US;UX;VAL,NO,NO,KEEP_CANONICAL_510_EXPAND_EXISTING_DOSSIER,Pass B adversarial semantic freeze: explicit lifecycle/data/rule/security/UX/integration/exception/verification ownership plus module-specific risk review.,Module Semantic Red-Team AI,2026-08-31
F096,Procurement dashboard,Procurement,APPROVED,analytics,8,F096-SEM-01;F096-SEM-02;F096-SEM-03;F096-SEM-04;F096-SEM-05;F096-SEM-06;F096-SEM-07;F096-SEM-08,37,AI;API;APP;AUTO;BR;CALC;CAP;DATA;E2E;FLOW;FR;INT;NOTIF;OBS;PERF;REP;SEC;UAT;US;UX;VAL,NO,NO,KEEP_CANONICAL_510_EXPAND_EXISTING_DOSSIER,Pass B adversarial semantic freeze: explicit lifecycle/data/rule/security/UX/integration/exception/verification ownership plus module-specific risk review.,Module Semantic Red-Team AI,2026-08-31
F097,Item master,Stock / Inventory,APPROVED,master_config,8,F097-SEM-01;F097-SEM-02;F097-SEM-03;F097-SEM-04;F097-SEM-05;F097-SEM-06;F097-SEM-07;F097-SEM-08,37,AI;API;APP;AUTO;BR;CALC;CAP;DATA;E2E;FLOW;FR;INT;NOTIF;OBS;PERF;REP;SEC;UAT;US;UX;VAL,NO,NO,KEEP_CANONICAL_510_EXPAND_EXISTING_DOSSIER,Pass B adversarial semantic freeze: explicit lifecycle/data/rule/security/UX/integration/exception/verification ownership plus module-specific risk review.,Module Semantic Red-Team AI,2026-08-31
F098,Item categories,Stock / Inventory,APPROVED,master_config,8,F098-SEM-01;F098-SEM-02;F098-SEM-03;F098-SEM-04;F098-SEM-05;F098-SEM-06;F098-SEM-07;F098-SEM-08,37,AI;API;APP;AUTO;BR;CALC;CAP;DATA;E2E;FLOW;FR;INT;NOTIF;OBS;PERF;REP;SEC;UAT;US;UX;VAL,NO,NO,KEEP_CANONICAL_510_EXPAND_EXISTING_DOSSIER,Pass B adversarial semantic freeze: explicit lifecycle/data/rule/security/UX/integration/exception/verification ownership plus module-specific risk review.,Module Semantic Red-Team AI,2026-08-31
F099,SKUs,Stock / Inventory,APPROVED,operational,8,F099-SEM-01;F099-SEM-02;F099-SEM-03;F099-SEM-04;F099-SEM-05;F099-SEM-06;F099-SEM-07;F099-SEM-08,37,AI;API;APP;AUTO;BR;CALC;CAP;DATA;E2E;FLOW;FR;INT;NOTIF;OBS;PERF;REP;SEC;UAT;US;UX;VAL,NO,NO,KEEP_CANONICAL_510_EXPAND_EXISTING_DOSSIER,Pass B adversarial semantic freeze: explicit lifecycle/data/rule/security/UX/integration/exception/verification ownership plus module-specific risk review.,Module Semantic Red-Team AI,2026-08-31
F100,Variants,Stock / Inventory,APPROVED,operational,8,F100-SEM-01;F100-SEM-02;F100-SEM-03;F100-SEM-04;F100-SEM-05;F100-SEM-06;F100-SEM-07;F100-SEM-08,37,AI;API;APP;AUTO;BR;CALC;CAP;DATA;E2E;FLOW;FR;INT;NOTIF;OBS;PERF;REP;SEC;UAT;US;UX;VAL,NO,NO,KEEP_CANONICAL_510_EXPAND_EXISTING_DOSSIER,Pass B adversarial semantic freeze: explicit lifecycle/data/rule/security/UX/integration/exception/verification ownership plus module-specific risk review.,Module Semantic Red-Team AI,2026-08-31
F101,Multiple units of measure,Stock / Inventory,APPROVED,operational,8,F101-SEM-01;F101-SEM-02;F101-SEM-03;F101-SEM-04;F101-SEM-05;F101-SEM-06;F101-SEM-07;F101-SEM-08,37,AI;API;APP;AUTO;BR;CALC;CAP;DATA;E2E;FLOW;FR;INT;NOTIF;OBS;PERF;REP;SEC;UAT;US;UX;VAL,NO,NO,KEEP_CANONICAL_510_EXPAND_EXISTING_DOSSIER,Pass B adversarial semantic freeze: explicit lifecycle/data/rule/security/UX/integration/exception/verification ownership plus module-specific risk review.,Module Semantic Red-Team AI,2026-08-31
F102,UOM conversions,Stock / Inventory,APPROVED,master_config,8,F102-SEM-01;F102-SEM-02;F102-SEM-03;F102-SEM-04;F102-SEM-05;F102-SEM-06;F102-SEM-07;F102-SEM-08,37,AI;API;APP;AUTO;BR;CALC;CAP;DATA;E2E;FLOW;FR;INT;NOTIF;OBS;PERF;REP;SEC;UAT;US;UX;VAL,NO,NO,KEEP_CANONICAL_510_EXPAND_EXISTING_DOSSIER,Pass B adversarial semantic freeze: explicit lifecycle/data/rule/security/UX/integration/exception/verification ownership plus module-specific risk review.,Module Semantic Red-Team AI,2026-08-31
F103,Warehouses,Stock / Inventory,APPROVED,master_config,8,F103-SEM-01;F103-SEM-02;F103-SEM-03;F103-SEM-04;F103-SEM-05;F103-SEM-06;F103-SEM-07;F103-SEM-08,37,AI;API;APP;AUTO;BR;CALC;CAP;DATA;E2E;FLOW;FR;INT;NOTIF;OBS;PERF;REP;SEC;UAT;US;UX;VAL,NO,NO,KEEP_CANONICAL_510_EXPAND_EXISTING_DOSSIER,Pass B adversarial semantic freeze: explicit lifecycle/data/rule/security/UX/integration/exception/verification ownership plus module-specific risk review.,Module Semantic Red-Team AI,2026-08-31
F104,Warehouse locations and bins,Stock / Inventory,APPROVED,master_config,8,F104-SEM-01;F104-SEM-02;F104-SEM-03;F104-SEM-04;F104-SEM-05;F104-SEM-06;F104-SEM-07;F104-SEM-08,37,AI;API;APP;AUTO;BR;CALC;CAP;DATA;E2E;FLOW;FR;INT;NOTIF;OBS;PERF;REP;SEC;UAT;US;UX;VAL,NO,NO,KEEP_CANONICAL_510_EXPAND_EXISTING_DOSSIER,Pass B adversarial semantic freeze: explicit lifecycle/data/rule/security/UX/integration/exception/verification ownership plus module-specific risk review.,Module Semantic Red-Team AI,2026-08-31
F105,Multi-warehouse inventory,Stock / Inventory,APPROVED,inventory,8,F105-SEM-01;F105-SEM-02;F105-SEM-03;F105-SEM-04;F105-SEM-05;F105-SEM-06;F105-SEM-07;F105-SEM-08,37,AI;API;APP;AUTO;BR;CALC;CAP;DATA;E2E;FLOW;FR;INT;NOTIF;OBS;PERF;REP;SEC;UAT;US;UX;VAL,NO,NO,KEEP_CANONICAL_510_EXPAND_EXISTING_DOSSIER,Pass B adversarial semantic freeze: explicit lifecycle/data/rule/security/UX/integration/exception/verification ownership plus module-specific risk review.,Module Semantic Red-Team AI,2026-08-31
F106,Real-time stock balance,Stock / Inventory,APPROVED,inventory,8,F106-SEM-01;F106-SEM-02;F106-SEM-03;F106-SEM-04;F106-SEM-05;F106-SEM-06;F106-SEM-07;F106-SEM-08,37,AI;API;APP;AUTO;BR;CALC;CAP;DATA;E2E;FLOW;FR;INT;NOTIF;OBS;PERF;REP;SEC;UAT;US;UX;VAL,NO,NO,KEEP_CANONICAL_510_EXPAND_EXISTING_DOSSIER,Pass B adversarial semantic freeze: explicit lifecycle/data/rule/security/UX/integration/exception/verification ownership plus module-specific risk review.,Module Semantic Red-Team AI,2026-08-31
F107,Stock ledger,Stock / Inventory,APPROVED,inventory,8,F107-SEM-01;F107-SEM-02;F107-SEM-03;F107-SEM-04;F107-SEM-05;F107-SEM-06;F107-SEM-07;F107-SEM-08,37,AI;API;APP;AUTO;BR;CALC;CAP;DATA;E2E;FLOW;FR;INT;NOTIF;OBS;PERF;REP;SEC;UAT;US;UX;VAL,NO,NO,KEEP_CANONICAL_510_EXPAND_EXISTING_DOSSIER,Pass B adversarial semantic freeze: explicit lifecycle/data/rule/security/UX/integration/exception/verification ownership plus module-specific risk review.,Module Semantic Red-Team AI,2026-08-31
F108,Goods receipts,Stock / Inventory,APPROVED,document,8,F108-SEM-01;F108-SEM-02;F108-SEM-03;F108-SEM-04;F108-SEM-05;F108-SEM-06;F108-SEM-07;F108-SEM-08,37,AI;API;APP;AUTO;BR;CALC;CAP;DATA;E2E;FLOW;FR;INT;NOTIF;OBS;PERF;REP;SEC;UAT;US;UX;VAL,NO,NO,KEEP_CANONICAL_510_EXPAND_EXISTING_DOSSIER,Pass B adversarial semantic freeze: explicit lifecycle/data/rule/security/UX/integration/exception/verification ownership plus module-specific risk review.,Module Semantic Red-Team AI,2026-08-31
F109,Goods issues,Stock / Inventory,APPROVED,inventory,8,F109-SEM-01;F109-SEM-02;F109-SEM-03;F109-SEM-04;F109-SEM-05;F109-SEM-06;F109-SEM-07;F109-SEM-08,37,AI;API;APP;AUTO;BR;CALC;CAP;DATA;E2E;FLOW;FR;INT;NOTIF;OBS;PERF;REP;SEC;UAT;US;UX;VAL,NO,NO,KEEP_CANONICAL_510_EXPAND_EXISTING_DOSSIER,Pass B adversarial semantic freeze: explicit lifecycle/data/rule/security/UX/integration/exception/verification ownership plus module-specific risk review.,Module Semantic Red-Team AI,2026-08-31
F110,Internal transfers,Stock / Inventory,APPROVED,inventory,8,F110-SEM-01;F110-SEM-02;F110-SEM-03;F110-SEM-04;F110-SEM-05;F110-SEM-06;F110-SEM-07;F110-SEM-08,37,AI;API;APP;AUTO;BR;CALC;CAP;DATA;E2E;FLOW;FR;INT;NOTIF;OBS;PERF;REP;SEC;UAT;US;UX;VAL,NO,NO,KEEP_CANONICAL_510_EXPAND_EXISTING_DOSSIER,Pass B adversarial semantic freeze: explicit lifecycle/data/rule/security/UX/integration/exception/verification ownership plus module-specific risk review.,Module Semantic Red-Team AI,2026-08-31
F111,Stock adjustments,Stock / Inventory,APPROVED,inventory,8,F111-SEM-01;F111-SEM-02;F111-SEM-03;F111-SEM-04;F111-SEM-05;F111-SEM-06;F111-SEM-07;F111-SEM-08,37,AI;API;APP;AUTO;BR;CALC;CAP;DATA;E2E;FLOW;FR;INT;NOTIF;OBS;PERF;REP;SEC;UAT;US;UX;VAL,NO,NO,KEEP_CANONICAL_510_EXPAND_EXISTING_DOSSIER,Pass B adversarial semantic freeze: explicit lifecycle/data/rule/security/UX/integration/exception/verification ownership plus module-specific risk review.,Module Semantic Red-Team AI,2026-08-31
F112,Stock reservations,Stock / Inventory,APPROVED,inventory,8,F112-SEM-01;F112-SEM-02;F112-SEM-03;F112-SEM-04;F112-SEM-05;F112-SEM-06;F112-SEM-07;F112-SEM-08,37,AI;API;APP;AUTO;BR;CALC;CAP;DATA;E2E;FLOW;FR;INT;NOTIF;OBS;PERF;REP;SEC;UAT;US;UX;VAL,NO,NO,KEEP_CANONICAL_510_EXPAND_EXISTING_DOSSIER,Pass B adversarial semantic freeze: explicit lifecycle/data/rule/security/UX/integration/exception/verification ownership plus module-specific risk review.,Module Semantic Red-Team AI,2026-08-31
F113,Available stock,Stock / Inventory,APPROVED,inventory,8,F113-SEM-01;F113-SEM-02;F113-SEM-03;F113-SEM-04;F113-SEM-05;F113-SEM-06;F113-SEM-07;F113-SEM-08,37,AI;API;APP;AUTO;BR;CALC;CAP;DATA;E2E;FLOW;FR;INT;NOTIF;OBS;PERF;REP;SEC;UAT;US;UX;VAL,NO,NO,KEEP_CANONICAL_510_EXPAND_EXISTING_DOSSIER,Pass B adversarial semantic freeze: explicit lifecycle/data/rule/security/UX/integration/exception/verification ownership plus module-specific risk review.,Module Semantic Red-Team AI,2026-08-31
F114,Available-to-promise,Stock / Inventory,APPROVED,operational,8,F114-SEM-01;F114-SEM-02;F114-SEM-03;F114-SEM-04;F114-SEM-05;F114-SEM-06;F114-SEM-07;F114-SEM-08,37,AI;API;APP;AUTO;BR;CALC;CAP;DATA;E2E;FLOW;FR;INT;NOTIF;OBS;PERF;REP;SEC;UAT;US;UX;VAL,NO,NO,KEEP_CANONICAL_510_EXPAND_EXISTING_DOSSIER,Pass B adversarial semantic freeze: explicit lifecycle/data/rule/security/UX/integration/exception/verification ownership plus module-specific risk review.,Module Semantic Red-Team AI,2026-08-31
F115,Batch tracking,Stock / Inventory,APPROVED,inventory,8,F115-SEM-01;F115-SEM-02;F115-SEM-03;F115-SEM-04;F115-SEM-05;F115-SEM-06;F115-SEM-07;F115-SEM-08,37,AI;API;APP;AUTO;BR;CALC;CAP;DATA;E2E;FLOW;FR;INT;NOTIF;OBS;PERF;REP;SEC;UAT;US;UX;VAL,NO,NO,KEEP_CANONICAL_510_EXPAND_EXISTING_DOSSIER,Pass B adversarial semantic freeze: explicit lifecycle/data/rule/security/UX/integration/exception/verification ownership plus module-specific risk review.,Module Semantic Red-Team AI,2026-08-31
F116,Lot tracking,Stock / Inventory,APPROVED,inventory,8,F116-SEM-01;F116-SEM-02;F116-SEM-03;F116-SEM-04;F116-SEM-05;F116-SEM-06;F116-SEM-07;F116-SEM-08,37,AI;API;APP;AUTO;BR;CALC;CAP;DATA;E2E;FLOW;FR;INT;NOTIF;OBS;PERF;REP;SEC;UAT;US;UX;VAL,NO,NO,KEEP_CANONICAL_510_EXPAND_EXISTING_DOSSIER,Pass B adversarial semantic freeze: explicit lifecycle/data/rule/security/UX/integration/exception/verification ownership plus module-specific risk review.,Module Semantic Red-Team AI,2026-08-31
F117,Serial-number tracking,Stock / Inventory,APPROVED,inventory,8,F117-SEM-01;F117-SEM-02;F117-SEM-03;F117-SEM-04;F117-SEM-05;F117-SEM-06;F117-SEM-07;F117-SEM-08,37,AI;API;APP;AUTO;BR;CALC;CAP;DATA;E2E;FLOW;FR;INT;NOTIF;OBS;PERF;REP;SEC;UAT;US;UX;VAL,NO,NO,KEEP_CANONICAL_510_EXPAND_EXISTING_DOSSIER,Pass B adversarial semantic freeze: explicit lifecycle/data/rule/security/UX/integration/exception/verification ownership plus module-specific risk review.,Module Semantic Red-Team AI,2026-08-31
F118,Expiry dates,Stock / Inventory,APPROVED,operational,8,F118-SEM-01;F118-SEM-02;F118-SEM-03;F118-SEM-04;F118-SEM-05;F118-SEM-06;F118-SEM-07;F118-SEM-08,37,AI;API;APP;AUTO;BR;CALC;CAP;DATA;E2E;FLOW;FR;INT;NOTIF;OBS;PERF;REP;SEC;UAT;US;UX;VAL,NO,NO,KEEP_CANONICAL_510_EXPAND_EXISTING_DOSSIER,Pass B adversarial semantic freeze: explicit lifecycle/data/rule/security/UX/integration/exception/verification ownership plus module-specific risk review.,Module Semantic Red-Team AI,2026-08-31
F119,Barcode scanning,Stock / Inventory,APPROVED,inventory,8,F119-SEM-01;F119-SEM-02;F119-SEM-03;F119-SEM-04;F119-SEM-05;F119-SEM-06;F119-SEM-07;F119-SEM-08,37,AI;API;APP;AUTO;BR;CALC;CAP;DATA;E2E;FLOW;FR;INT;NOTIF;OBS;PERF;REP;SEC;UAT;US;UX;VAL,NO,NO,KEEP_CANONICAL_510_EXPAND_EXISTING_DOSSIER,Pass B adversarial semantic freeze: explicit lifecycle/data/rule/security/UX/integration/exception/verification ownership plus module-specific risk review.,Module Semantic Red-Team AI,2026-08-31
F120,Cycle counting,Stock / Inventory,APPROVED,operational,8,F120-SEM-01;F120-SEM-02;F120-SEM-03;F120-SEM-04;F120-SEM-05;F120-SEM-06;F120-SEM-07;F120-SEM-08,37,AI;API;APP;AUTO;BR;CALC;CAP;DATA;E2E;FLOW;FR;INT;NOTIF;OBS;PERF;REP;SEC;UAT;US;UX;VAL,NO,NO,KEEP_CANONICAL_510_EXPAND_EXISTING_DOSSIER,Pass B adversarial semantic freeze: explicit lifecycle/data/rule/security/UX/integration/exception/verification ownership plus module-specific risk review.,Module Semantic Red-Team AI,2026-08-31
F121,Physical inventory,Stock / Inventory,APPROVED,inventory,8,F121-SEM-01;F121-SEM-02;F121-SEM-03;F121-SEM-04;F121-SEM-05;F121-SEM-06;F121-SEM-07;F121-SEM-08,37,AI;API;APP;AUTO;BR;CALC;CAP;DATA;E2E;FLOW;FR;INT;NOTIF;OBS;PERF;REP;SEC;UAT;US;UX;VAL,NO,NO,KEEP_CANONICAL_510_EXPAND_EXISTING_DOSSIER,Pass B adversarial semantic freeze: explicit lifecycle/data/rule/security/UX/integration/exception/verification ownership plus module-specific risk review.,Module Semantic Red-Team AI,2026-08-31
F122,Reorder point,Stock / Inventory,APPROVED,document,8,F122-SEM-01;F122-SEM-02;F122-SEM-03;F122-SEM-04;F122-SEM-05;F122-SEM-06;F122-SEM-07;F122-SEM-08,37,AI;API;APP;AUTO;BR;CALC;CAP;DATA;E2E;FLOW;FR;INT;NOTIF;OBS;PERF;REP;SEC;UAT;US;UX;VAL,NO,NO,KEEP_CANONICAL_510_EXPAND_EXISTING_DOSSIER,Pass B adversarial semantic freeze: explicit lifecycle/data/rule/security/UX/integration/exception/verification ownership plus module-specific risk review.,Module Semantic Red-Team AI,2026-08-31
F123,Minimum / maximum stock,Stock / Inventory,APPROVED,inventory,8,F123-SEM-01;F123-SEM-02;F123-SEM-03;F123-SEM-04;F123-SEM-05;F123-SEM-06;F123-SEM-07;F123-SEM-08,37,AI;API;APP;AUTO;BR;CALC;CAP;DATA;E2E;FLOW;FR;INT;NOTIF;OBS;PERF;REP;SEC;UAT;US;UX;VAL,NO,NO,KEEP_CANONICAL_510_EXPAND_EXISTING_DOSSIER,Pass B adversarial semantic freeze: explicit lifecycle/data/rule/security/UX/integration/exception/verification ownership plus module-specific risk review.,Module Semantic Red-Team AI,2026-08-31
F124,Safety stock,Stock / Inventory,APPROVED,inventory,8,F124-SEM-01;F124-SEM-02;F124-SEM-03;F124-SEM-04;F124-SEM-05;F124-SEM-06;F124-SEM-07;F124-SEM-08,37,AI;API;APP;AUTO;BR;CALC;CAP;DATA;E2E;FLOW;FR;INT;NOTIF;OBS;PERF;REP;SEC;UAT;US;UX;VAL,NO,NO,KEEP_CANONICAL_510_EXPAND_EXISTING_DOSSIER,Pass B adversarial semantic freeze: explicit lifecycle/data/rule/security/UX/integration/exception/verification ownership plus module-specific risk review.,Module Semantic Red-Team AI,2026-08-31
F125,Automatic replenishment,Stock / Inventory,APPROVED,operational,8,F125-SEM-01;F125-SEM-02;F125-SEM-03;F125-SEM-04;F125-SEM-05;F125-SEM-06;F125-SEM-07;F125-SEM-08,37,AI;API;APP;AUTO;BR;CALC;CAP;DATA;E2E;FLOW;FR;INT;NOTIF;OBS;PERF;REP;SEC;UAT;US;UX;VAL,NO,NO,KEEP_CANONICAL_510_EXPAND_EXISTING_DOSSIER,Pass B adversarial semantic freeze: explicit lifecycle/data/rule/security/UX/integration/exception/verification ownership plus module-specific risk review.,Module Semantic Red-Team AI,2026-08-31
F126,Negative-stock control,Stock / Inventory,APPROVED,inventory,8,F126-SEM-01;F126-SEM-02;F126-SEM-03;F126-SEM-04;F126-SEM-05;F126-SEM-06;F126-SEM-07;F126-SEM-08,37,AI;API;APP;AUTO;BR;CALC;CAP;DATA;E2E;FLOW;FR;INT;NOTIF;OBS;PERF;REP;SEC;UAT;US;UX;VAL,NO,NO,KEEP_CANONICAL_510_EXPAND_EXISTING_DOSSIER,Pass B adversarial semantic freeze: explicit lifecycle/data/rule/security/UX/integration/exception/verification ownership plus module-specific risk review.,Module Semantic Red-Team AI,2026-08-31
F127,FIFO valuation,Stock / Inventory,APPROVED,calculation,8,F127-SEM-01;F127-SEM-02;F127-SEM-03;F127-SEM-04;F127-SEM-05;F127-SEM-06;F127-SEM-07;F127-SEM-08,37,AI;API;APP;AUTO;BR;CALC;CAP;DATA;E2E;FLOW;FR;INT;NOTIF;OBS;PERF;REP;SEC;UAT;US;UX;VAL,NO,NO,KEEP_CANONICAL_510_EXPAND_EXISTING_DOSSIER,Pass B adversarial semantic freeze: explicit lifecycle/data/rule/security/UX/integration/exception/verification ownership plus module-specific risk review.,Module Semantic Red-Team AI,2026-08-31
F128,Weighted / moving-average valuation,Stock / Inventory,APPROVED,calculation,8,F128-SEM-01;F128-SEM-02;F128-SEM-03;F128-SEM-04;F128-SEM-05;F128-SEM-06;F128-SEM-07;F128-SEM-08,37,AI;API;APP;AUTO;BR;CALC;CAP;DATA;E2E;FLOW;FR;INT;NOTIF;OBS;PERF;REP;SEC;UAT;US;UX;VAL,NO,NO,KEEP_CANONICAL_510_EXPAND_EXISTING_DOSSIER,Pass B adversarial semantic freeze: explicit lifecycle/data/rule/security/UX/integration/exception/verification ownership plus module-specific risk review.,Module Semantic Red-Team AI,2026-08-31
F129,Standard costing,Stock / Inventory,APPROVED,calculation,8,F129-SEM-01;F129-SEM-02;F129-SEM-03;F129-SEM-04;F129-SEM-05;F129-SEM-06;F129-SEM-07;F129-SEM-08,37,AI;API;APP;AUTO;BR;CALC;CAP;DATA;E2E;FLOW;FR;INT;NOTIF;OBS;PERF;REP;SEC;UAT;US;UX;VAL,NO,NO,KEEP_CANONICAL_510_EXPAND_EXISTING_DOSSIER,Pass B adversarial semantic freeze: explicit lifecycle/data/rule/security/UX/integration/exception/verification ownership plus module-specific risk review.,Module Semantic Red-Team AI,2026-08-31
F130,Inventory valuation,Stock / Inventory,APPROVED,calculation,8,F130-SEM-01;F130-SEM-02;F130-SEM-03;F130-SEM-04;F130-SEM-05;F130-SEM-06;F130-SEM-07;F130-SEM-08,37,AI;API;APP;AUTO;BR;CALC;CAP;DATA;E2E;FLOW;FR;INT;NOTIF;OBS;PERF;REP;SEC;UAT;US;UX;VAL,NO,NO,KEEP_CANONICAL_510_EXPAND_EXISTING_DOSSIER,Pass B adversarial semantic freeze: explicit lifecycle/data/rule/security/UX/integration/exception/verification ownership plus module-specific risk review.,Module Semantic Red-Team AI,2026-08-31
F131,Landed cost allocation,Stock / Inventory,APPROVED,calculation,8,F131-SEM-01;F131-SEM-02;F131-SEM-03;F131-SEM-04;F131-SEM-05;F131-SEM-06;F131-SEM-07;F131-SEM-08,37,AI;API;APP;AUTO;BR;CALC;CAP;DATA;E2E;FLOW;FR;INT;NOTIF;OBS;PERF;REP;SEC;UAT;US;UX;VAL,NO,NO,KEEP_CANONICAL_510_EXPAND_EXISTING_DOSSIER,Pass B adversarial semantic freeze: explicit lifecycle/data/rule/security/UX/integration/exception/verification ownership plus module-specific risk review.,Module Semantic Red-Team AI,2026-08-31
F132,Stock aging,Stock / Inventory,APPROVED,inventory,8,F132-SEM-01;F132-SEM-02;F132-SEM-03;F132-SEM-04;F132-SEM-05;F132-SEM-06;F132-SEM-07;F132-SEM-08,37,AI;API;APP;AUTO;BR;CALC;CAP;DATA;E2E;FLOW;FR;INT;NOTIF;OBS;PERF;REP;SEC;UAT;US;UX;VAL,NO,NO,KEEP_CANONICAL_510_EXPAND_EXISTING_DOSSIER,Pass B adversarial semantic freeze: explicit lifecycle/data/rule/security/UX/integration/exception/verification ownership plus module-specific risk review.,Module Semantic Red-Team AI,2026-08-31
F133,Slow-moving inventory,Stock / Inventory,APPROVED,inventory,8,F133-SEM-01;F133-SEM-02;F133-SEM-03;F133-SEM-04;F133-SEM-05;F133-SEM-06;F133-SEM-07;F133-SEM-08,37,AI;API;APP;AUTO;BR;CALC;CAP;DATA;E2E;FLOW;FR;INT;NOTIF;OBS;PERF;REP;SEC;UAT;US;UX;VAL,NO,NO,KEEP_CANONICAL_510_EXPAND_EXISTING_DOSSIER,Pass B adversarial semantic freeze: explicit lifecycle/data/rule/security/UX/integration/exception/verification ownership plus module-specific risk review.,Module Semantic Red-Team AI,2026-08-31
F134,Dead-stock reporting,Stock / Inventory,APPROVED,analytics,8,F134-SEM-01;F134-SEM-02;F134-SEM-03;F134-SEM-04;F134-SEM-05;F134-SEM-06;F134-SEM-07;F134-SEM-08,37,AI;API;APP;AUTO;BR;CALC;CAP;DATA;E2E;FLOW;FR;INT;NOTIF;OBS;PERF;REP;SEC;UAT;US;UX;VAL,NO,NO,KEEP_CANONICAL_510_EXPAND_EXISTING_DOSSIER,Pass B adversarial semantic freeze: explicit lifecycle/data/rule/security/UX/integration/exception/verification ownership plus module-specific risk review.,Module Semantic Red-Team AI,2026-08-31
F135,Picking,Stock / Inventory,APPROVED,inventory,8,F135-SEM-01;F135-SEM-02;F135-SEM-03;F135-SEM-04;F135-SEM-05;F135-SEM-06;F135-SEM-07;F135-SEM-08,37,AI;API;APP;AUTO;BR;CALC;CAP;DATA;E2E;FLOW;FR;INT;NOTIF;OBS;PERF;REP;SEC;UAT;US;UX;VAL,NO,NO,KEEP_CANONICAL_510_EXPAND_EXISTING_DOSSIER,Pass B adversarial semantic freeze: explicit lifecycle/data/rule/security/UX/integration/exception/verification ownership plus module-specific risk review.,Module Semantic Red-Team AI,2026-08-31
F136,Packing,Stock / Inventory,APPROVED,inventory,8,F136-SEM-01;F136-SEM-02;F136-SEM-03;F136-SEM-04;F136-SEM-05;F136-SEM-06;F136-SEM-07;F136-SEM-08,37,AI;API;APP;AUTO;BR;CALC;CAP;DATA;E2E;FLOW;FR;INT;NOTIF;OBS;PERF;REP;SEC;UAT;US;UX;VAL,NO,NO,KEEP_CANONICAL_510_EXPAND_EXISTING_DOSSIER,Pass B adversarial semantic freeze: explicit lifecycle/data/rule/security/UX/integration/exception/verification ownership plus module-specific risk review.,Module Semantic Red-Team AI,2026-08-31
F137,Shipping,Stock / Inventory,APPROVED,inventory,8,F137-SEM-01;F137-SEM-02;F137-SEM-03;F137-SEM-04;F137-SEM-05;F137-SEM-06;F137-SEM-07;F137-SEM-08,37,AI;API;APP;AUTO;BR;CALC;CAP;DATA;E2E;FLOW;FR;INT;NOTIF;OBS;PERF;REP;SEC;UAT;US;UX;VAL,NO,NO,KEEP_CANONICAL_510_EXPAND_EXISTING_DOSSIER,Pass B adversarial semantic freeze: explicit lifecycle/data/rule/security/UX/integration/exception/verification ownership plus module-specific risk review.,Module Semantic Red-Team AI,2026-08-31
F138,Returns,Stock / Inventory,APPROVED,inventory,8,F138-SEM-01;F138-SEM-02;F138-SEM-03;F138-SEM-04;F138-SEM-05;F138-SEM-06;F138-SEM-07;F138-SEM-08,37,AI;API;APP;AUTO;BR;CALC;CAP;DATA;E2E;FLOW;FR;INT;NOTIF;OBS;PERF;REP;SEC;UAT;US;UX;VAL,NO,NO,KEEP_CANONICAL_510_EXPAND_EXISTING_DOSSIER,Pass B adversarial semantic freeze: explicit lifecycle/data/rule/security/UX/integration/exception/verification ownership plus module-specific risk review.,Module Semantic Red-Team AI,2026-08-31
F139,Damaged stock,Stock / Inventory,APPROVED,inventory,8,F139-SEM-01;F139-SEM-02;F139-SEM-03;F139-SEM-04;F139-SEM-05;F139-SEM-06;F139-SEM-07;F139-SEM-08,37,AI;API;APP;AUTO;BR;CALC;CAP;DATA;E2E;FLOW;FR;INT;NOTIF;OBS;PERF;REP;SEC;UAT;US;UX;VAL,NO,NO,KEEP_CANONICAL_510_EXPAND_EXISTING_DOSSIER,Pass B adversarial semantic freeze: explicit lifecycle/data/rule/security/UX/integration/exception/verification ownership plus module-specific risk review.,Module Semantic Red-Team AI,2026-08-31
F140,Quarantine and quality-held stock,Stock / Inventory,APPROVED,inventory,8,F140-SEM-01;F140-SEM-02;F140-SEM-03;F140-SEM-04;F140-SEM-05;F140-SEM-06;F140-SEM-07;F140-SEM-08,37,AI;API;APP;AUTO;BR;CALC;CAP;DATA;E2E;FLOW;FR;INT;NOTIF;OBS;PERF;REP;SEC;UAT;US;UX;VAL,NO,NO,KEEP_CANONICAL_510_EXPAND_EXISTING_DOSSIER,Pass B adversarial semantic freeze: explicit lifecycle/data/rule/security/UX/integration/exception/verification ownership plus module-specific risk review.,Module Semantic Red-Team AI,2026-08-31
F141,Batch / serial traceability,Stock / Inventory,APPROVED,inventory,8,F141-SEM-01;F141-SEM-02;F141-SEM-03;F141-SEM-04;F141-SEM-05;F141-SEM-06;F141-SEM-07;F141-SEM-08,37,AI;API;APP;AUTO;BR;CALC;CAP;DATA;E2E;FLOW;FR;INT;NOTIF;OBS;PERF;REP;SEC;UAT;US;UX;VAL,NO,NO,KEEP_CANONICAL_510_EXPAND_EXISTING_DOSSIER,Pass B adversarial semantic freeze: explicit lifecycle/data/rule/security/UX/integration/exception/verification ownership plus module-specific risk review.,Module Semantic Red-Team AI,2026-08-31
F142,Inventory movement history,Stock / Inventory,APPROVED,inventory,8,F142-SEM-01;F142-SEM-02;F142-SEM-03;F142-SEM-04;F142-SEM-05;F142-SEM-06;F142-SEM-07;F142-SEM-08,37,AI;API;APP;AUTO;BR;CALC;CAP;DATA;E2E;FLOW;FR;INT;NOTIF;OBS;PERF;REP;SEC;UAT;US;UX;VAL,NO,NO,KEEP_CANONICAL_510_EXPAND_EXISTING_DOSSIER,Pass B adversarial semantic freeze: explicit lifecycle/data/rule/security/UX/integration/exception/verification ownership plus module-specific risk review.,Module Semantic Red-Team AI,2026-08-31
F143,Stock reports,Stock / Inventory,APPROVED,analytics,8,F143-SEM-01;F143-SEM-02;F143-SEM-03;F143-SEM-04;F143-SEM-05;F143-SEM-06;F143-SEM-07;F143-SEM-08,37,AI;API;APP;AUTO;BR;CALC;CAP;DATA;E2E;FLOW;FR;INT;NOTIF;OBS;PERF;REP;SEC;UAT;US;UX;VAL,NO,NO,KEEP_CANONICAL_510_EXPAND_EXISTING_DOSSIER,Pass B adversarial semantic freeze: explicit lifecycle/data/rule/security/UX/integration/exception/verification ownership plus module-specific risk review.,Module Semantic Red-Team AI,2026-08-31
F144,Inventory dashboard,Stock / Inventory,APPROVED,analytics,8,F144-SEM-01;F144-SEM-02;F144-SEM-03;F144-SEM-04;F144-SEM-05;F144-SEM-06;F144-SEM-07;F144-SEM-08,37,AI;API;APP;AUTO;BR;CALC;CAP;DATA;E2E;FLOW;FR;INT;NOTIF;OBS;PERF;REP;SEC;UAT;US;UX;VAL,NO,NO,KEEP_CANONICAL_510_EXPAND_EXISTING_DOSSIER,Pass B adversarial semantic freeze: explicit lifecycle/data/rule/security/UX/integration/exception/verification ownership plus module-specific risk review.,Module Semantic Red-Team AI,2026-08-31
F145,Bill of Materials (BOM),Manufacturing,APPROVED,manufacturing,8,F145-SEM-01;F145-SEM-02;F145-SEM-03;F145-SEM-04;F145-SEM-05;F145-SEM-06;F145-SEM-07;F145-SEM-08,37,AI;API;APP;AUTO;BR;CALC;CAP;DATA;E2E;FLOW;FR;INT;NOTIF;OBS;PERF;REP;SEC;UAT;US;UX;VAL,NO,NO,KEEP_CANONICAL_510_EXPAND_EXISTING_DOSSIER,Pass B adversarial semantic freeze: explicit lifecycle/data/rule/security/UX/integration/exception/verification ownership plus module-specific risk review.,Module Semantic Red-Team AI,2026-08-31
F146,Multi-level BOM,Manufacturing,APPROVED,manufacturing,8,F146-SEM-01;F146-SEM-02;F146-SEM-03;F146-SEM-04;F146-SEM-05;F146-SEM-06;F146-SEM-07;F146-SEM-08,37,AI;API;APP;AUTO;BR;CALC;CAP;DATA;E2E;FLOW;FR;INT;NOTIF;OBS;PERF;REP;SEC;UAT;US;UX;VAL,NO,NO,KEEP_CANONICAL_510_EXPAND_EXISTING_DOSSIER,Pass B adversarial semantic freeze: explicit lifecycle/data/rule/security/UX/integration/exception/verification ownership plus module-specific risk review.,Module Semantic Red-Team AI,2026-08-31
F147,BOM versions,Manufacturing,APPROVED,manufacturing,8,F147-SEM-01;F147-SEM-02;F147-SEM-03;F147-SEM-04;F147-SEM-05;F147-SEM-06;F147-SEM-07;F147-SEM-08,37,AI;API;APP;AUTO;BR;CALC;CAP;DATA;E2E;FLOW;FR;INT;NOTIF;OBS;PERF;REP;SEC;UAT;US;UX;VAL,NO,NO,KEEP_CANONICAL_510_EXPAND_EXISTING_DOSSIER,Pass B adversarial semantic freeze: explicit lifecycle/data/rule/security/UX/integration/exception/verification ownership plus module-specific risk review.,Module Semantic Red-Team AI,2026-08-31
F148,BOM revisions,Manufacturing,APPROVED,manufacturing,8,F148-SEM-01;F148-SEM-02;F148-SEM-03;F148-SEM-04;F148-SEM-05;F148-SEM-06;F148-SEM-07;F148-SEM-08,37,AI;API;APP;AUTO;BR;CALC;CAP;DATA;E2E;FLOW;FR;INT;NOTIF;OBS;PERF;REP;SEC;UAT;US;UX;VAL,NO,NO,KEEP_CANONICAL_510_EXPAND_EXISTING_DOSSIER,Pass B adversarial semantic freeze: explicit lifecycle/data/rule/security/UX/integration/exception/verification ownership plus module-specific risk review.,Module Semantic Red-Team AI,2026-08-31
F149,Alternate BOM,Manufacturing,APPROVED,manufacturing,8,F149-SEM-01;F149-SEM-02;F149-SEM-03;F149-SEM-04;F149-SEM-05;F149-SEM-06;F149-SEM-07;F149-SEM-08,37,AI;API;APP;AUTO;BR;CALC;CAP;DATA;E2E;FLOW;FR;INT;NOTIF;OBS;PERF;REP;SEC;UAT;US;UX;VAL,NO,NO,KEEP_CANONICAL_510_EXPAND_EXISTING_DOSSIER,Pass B adversarial semantic freeze: explicit lifecycle/data/rule/security/UX/integration/exception/verification ownership plus module-specific risk review.,Module Semantic Red-Team AI,2026-08-31
F150,Routings,Manufacturing,APPROVED,decision,8,F150-SEM-01;F150-SEM-02;F150-SEM-03;F150-SEM-04;F150-SEM-05;F150-SEM-06;F150-SEM-07;F150-SEM-08,37,AI;API;APP;AUTO;BR;CALC;CAP;DATA;E2E;FLOW;FR;INT;NOTIF;OBS;PERF;REP;SEC;UAT;US;UX;VAL,NO,NO,KEEP_CANONICAL_510_EXPAND_EXISTING_DOSSIER,Pass B adversarial semantic freeze: explicit lifecycle/data/rule/security/UX/integration/exception/verification ownership plus module-specific risk review.,Module Semantic Red-Team AI,2026-08-31
F151,Operations,Manufacturing,APPROVED,manufacturing,8,F151-SEM-01;F151-SEM-02;F151-SEM-03;F151-SEM-04;F151-SEM-05;F151-SEM-06;F151-SEM-07;F151-SEM-08,37,AI;API;APP;AUTO;BR;CALC;CAP;DATA;E2E;FLOW;FR;INT;NOTIF;OBS;PERF;REP;SEC;UAT;US;UX;VAL,NO,NO,KEEP_CANONICAL_510_EXPAND_EXISTING_DOSSIER,Pass B adversarial semantic freeze: explicit lifecycle/data/rule/security/UX/integration/exception/verification ownership plus module-specific risk review.,Module Semantic Red-Team AI,2026-08-31
F152,Work centres,Manufacturing,APPROVED,manufacturing,8,F152-SEM-01;F152-SEM-02;F152-SEM-03;F152-SEM-04;F152-SEM-05;F152-SEM-06;F152-SEM-07;F152-SEM-08,37,AI;API;APP;AUTO;BR;CALC;CAP;DATA;E2E;FLOW;FR;INT;NOTIF;OBS;PERF;REP;SEC;UAT;US;UX;VAL,NO,NO,KEEP_CANONICAL_510_EXPAND_EXISTING_DOSSIER,Pass B adversarial semantic freeze: explicit lifecycle/data/rule/security/UX/integration/exception/verification ownership plus module-specific risk review.,Module Semantic Red-Team AI,2026-08-31
F153,Machine / work-centre capacity,Manufacturing,APPROVED,operational,8,F153-SEM-01;F153-SEM-02;F153-SEM-03;F153-SEM-04;F153-SEM-05;F153-SEM-06;F153-SEM-07;F153-SEM-08,37,AI;API;APP;AUTO;BR;CALC;CAP;DATA;E2E;FLOW;FR;INT;NOTIF;OBS;PERF;REP;SEC;UAT;US;UX;VAL,NO,NO,KEEP_CANONICAL_510_EXPAND_EXISTING_DOSSIER,Pass B adversarial semantic freeze: explicit lifecycle/data/rule/security/UX/integration/exception/verification ownership plus module-specific risk review.,Module Semantic Red-Team AI,2026-08-31
F154,Shift calendars,Manufacturing,APPROVED,operational,8,F154-SEM-01;F154-SEM-02;F154-SEM-03;F154-SEM-04;F154-SEM-05;F154-SEM-06;F154-SEM-07;F154-SEM-08,37,AI;API;APP;AUTO;BR;CALC;CAP;DATA;E2E;FLOW;FR;INT;NOTIF;OBS;PERF;REP;SEC;UAT;US;UX;VAL,NO,NO,KEEP_CANONICAL_510_EXPAND_EXISTING_DOSSIER,Pass B adversarial semantic freeze: explicit lifecycle/data/rule/security/UX/integration/exception/verification ownership plus module-specific risk review.,Module Semantic Red-Team AI,2026-08-31
F155,Manufacturing orders,Manufacturing,APPROVED,document,8,F155-SEM-01;F155-SEM-02;F155-SEM-03;F155-SEM-04;F155-SEM-05;F155-SEM-06;F155-SEM-07;F155-SEM-08,37,AI;API;APP;AUTO;BR;CALC;CAP;DATA;E2E;FLOW;FR;INT;NOTIF;OBS;PERF;REP;SEC;UAT;US;UX;VAL,NO,NO,KEEP_CANONICAL_510_EXPAND_EXISTING_DOSSIER,Pass B adversarial semantic freeze: explicit lifecycle/data/rule/security/UX/integration/exception/verification ownership plus module-specific risk review.,Module Semantic Red-Team AI,2026-08-31
F156,Work orders,Manufacturing,APPROVED,document,8,F156-SEM-01;F156-SEM-02;F156-SEM-03;F156-SEM-04;F156-SEM-05;F156-SEM-06;F156-SEM-07;F156-SEM-08,37,AI;API;APP;AUTO;BR;CALC;CAP;DATA;E2E;FLOW;FR;INT;NOTIF;OBS;PERF;REP;SEC;UAT;US;UX;VAL,NO,NO,KEEP_CANONICAL_510_EXPAND_EXISTING_DOSSIER,Pass B adversarial semantic freeze: explicit lifecycle/data/rule/security/UX/integration/exception/verification ownership plus module-specific risk review.,Module Semantic Red-Team AI,2026-08-31
F157,Job cards,Manufacturing,APPROVED,operational,8,F157-SEM-01;F157-SEM-02;F157-SEM-03;F157-SEM-04;F157-SEM-05;F157-SEM-06;F157-SEM-07;F157-SEM-08,37,AI;API;APP;AUTO;BR;CALC;CAP;DATA;E2E;FLOW;FR;INT;NOTIF;OBS;PERF;REP;SEC;UAT;US;UX;VAL,NO,NO,KEEP_CANONICAL_510_EXPAND_EXISTING_DOSSIER,Pass B adversarial semantic freeze: explicit lifecycle/data/rule/security/UX/integration/exception/verification ownership plus module-specific risk review.,Module Semantic Red-Team AI,2026-08-31
F158,Production planning,Manufacturing,APPROVED,manufacturing,8,F158-SEM-01;F158-SEM-02;F158-SEM-03;F158-SEM-04;F158-SEM-05;F158-SEM-06;F158-SEM-07;F158-SEM-08,37,AI;API;APP;AUTO;BR;CALC;CAP;DATA;E2E;FLOW;FR;INT;NOTIF;OBS;PERF;REP;SEC;UAT;US;UX;VAL,NO,NO,KEEP_CANONICAL_510_EXPAND_EXISTING_DOSSIER,Pass B adversarial semantic freeze: explicit lifecycle/data/rule/security/UX/integration/exception/verification ownership plus module-specific risk review.,Module Semantic Red-Team AI,2026-08-31
F159,MRP,Manufacturing,APPROVED,manufacturing,8,F159-SEM-01;F159-SEM-02;F159-SEM-03;F159-SEM-04;F159-SEM-05;F159-SEM-06;F159-SEM-07;F159-SEM-08,37,AI;API;APP;AUTO;BR;CALC;CAP;DATA;E2E;FLOW;FR;INT;NOTIF;OBS;PERF;REP;SEC;UAT;US;UX;VAL,NO,NO,KEEP_CANONICAL_510_EXPAND_EXISTING_DOSSIER,Pass B adversarial semantic freeze: explicit lifecycle/data/rule/security/UX/integration/exception/verification ownership plus module-specific risk review.,Module Semantic Red-Team AI,2026-08-31
F160,Material requirements,Manufacturing,APPROVED,manufacturing,8,F160-SEM-01;F160-SEM-02;F160-SEM-03;F160-SEM-04;F160-SEM-05;F160-SEM-06;F160-SEM-07;F160-SEM-08,37,AI;API;APP;AUTO;BR;CALC;CAP;DATA;E2E;FLOW;FR;INT;NOTIF;OBS;PERF;REP;SEC;UAT;US;UX;VAL,NO,NO,KEEP_CANONICAL_510_EXPAND_EXISTING_DOSSIER,Pass B adversarial semantic freeze: explicit lifecycle/data/rule/security/UX/integration/exception/verification ownership plus module-specific risk review.,Module Semantic Red-Team AI,2026-08-31
F161,Material availability,Manufacturing,APPROVED,manufacturing,8,F161-SEM-01;F161-SEM-02;F161-SEM-03;F161-SEM-04;F161-SEM-05;F161-SEM-06;F161-SEM-07;F161-SEM-08,37,AI;API;APP;AUTO;BR;CALC;CAP;DATA;E2E;FLOW;FR;INT;NOTIF;OBS;PERF;REP;SEC;UAT;US;UX;VAL,NO,NO,KEEP_CANONICAL_510_EXPAND_EXISTING_DOSSIER,Pass B adversarial semantic freeze: explicit lifecycle/data/rule/security/UX/integration/exception/verification ownership plus module-specific risk review.,Module Semantic Red-Team AI,2026-08-31
F162,Raw-material reservations,Manufacturing,APPROVED,manufacturing,8,F162-SEM-01;F162-SEM-02;F162-SEM-03;F162-SEM-04;F162-SEM-05;F162-SEM-06;F162-SEM-07;F162-SEM-08,37,AI;API;APP;AUTO;BR;CALC;CAP;DATA;E2E;FLOW;FR;INT;NOTIF;OBS;PERF;REP;SEC;UAT;US;UX;VAL,NO,NO,KEEP_CANONICAL_510_EXPAND_EXISTING_DOSSIER,Pass B adversarial semantic freeze: explicit lifecycle/data/rule/security/UX/integration/exception/verification ownership plus module-specific risk review.,Module Semantic Red-Team AI,2026-08-31
F163,Material issue,Manufacturing,APPROVED,manufacturing,8,F163-SEM-01;F163-SEM-02;F163-SEM-03;F163-SEM-04;F163-SEM-05;F163-SEM-06;F163-SEM-07;F163-SEM-08,37,AI;API;APP;AUTO;BR;CALC;CAP;DATA;E2E;FLOW;FR;INT;NOTIF;OBS;PERF;REP;SEC;UAT;US;UX;VAL,NO,NO,KEEP_CANONICAL_510_EXPAND_EXISTING_DOSSIER,Pass B adversarial semantic freeze: explicit lifecycle/data/rule/security/UX/integration/exception/verification ownership plus module-specific risk review.,Module Semantic Red-Team AI,2026-08-31
F164,Material consumption,Manufacturing,APPROVED,manufacturing,8,F164-SEM-01;F164-SEM-02;F164-SEM-03;F164-SEM-04;F164-SEM-05;F164-SEM-06;F164-SEM-07;F164-SEM-08,37,AI;API;APP;AUTO;BR;CALC;CAP;DATA;E2E;FLOW;FR;INT;NOTIF;OBS;PERF;REP;SEC;UAT;US;UX;VAL,NO,NO,KEEP_CANONICAL_510_EXPAND_EXISTING_DOSSIER,Pass B adversarial semantic freeze: explicit lifecycle/data/rule/security/UX/integration/exception/verification ownership plus module-specific risk review.,Module Semantic Red-Team AI,2026-08-31
F165,Backflushing,Manufacturing,APPROVED,operational,8,F165-SEM-01;F165-SEM-02;F165-SEM-03;F165-SEM-04;F165-SEM-05;F165-SEM-06;F165-SEM-07;F165-SEM-08,37,AI;API;APP;AUTO;BR;CALC;CAP;DATA;E2E;FLOW;FR;INT;NOTIF;OBS;PERF;REP;SEC;UAT;US;UX;VAL,NO,NO,KEEP_CANONICAL_510_EXPAND_EXISTING_DOSSIER,Pass B adversarial semantic freeze: explicit lifecycle/data/rule/security/UX/integration/exception/verification ownership plus module-specific risk review.,Module Semantic Red-Team AI,2026-08-31
F166,Work in progress,Manufacturing,APPROVED,operational,8,F166-SEM-01;F166-SEM-02;F166-SEM-03;F166-SEM-04;F166-SEM-05;F166-SEM-06;F166-SEM-07;F166-SEM-08,37,AI;API;APP;AUTO;BR;CALC;CAP;DATA;E2E;FLOW;FR;INT;NOTIF;OBS;PERF;REP;SEC;UAT;US;UX;VAL,NO,NO,KEEP_CANONICAL_510_EXPAND_EXISTING_DOSSIER,Pass B adversarial semantic freeze: explicit lifecycle/data/rule/security/UX/integration/exception/verification ownership plus module-specific risk review.,Module Semantic Red-Team AI,2026-08-31
F167,Finished-goods receipt,Manufacturing,APPROVED,document,8,F167-SEM-01;F167-SEM-02;F167-SEM-03;F167-SEM-04;F167-SEM-05;F167-SEM-06;F167-SEM-07;F167-SEM-08,37,AI;API;APP;AUTO;BR;CALC;CAP;DATA;E2E;FLOW;FR;INT;NOTIF;OBS;PERF;REP;SEC;UAT;US;UX;VAL,NO,NO,KEEP_CANONICAL_510_EXPAND_EXISTING_DOSSIER,Pass B adversarial semantic freeze: explicit lifecycle/data/rule/security/UX/integration/exception/verification ownership plus module-specific risk review.,Module Semantic Red-Team AI,2026-08-31
F168,Production scheduling,Manufacturing,APPROVED,manufacturing,8,F168-SEM-01;F168-SEM-02;F168-SEM-03;F168-SEM-04;F168-SEM-05;F168-SEM-06;F168-SEM-07;F168-SEM-08,37,AI;API;APP;AUTO;BR;CALC;CAP;DATA;E2E;FLOW;FR;INT;NOTIF;OBS;PERF;REP;SEC;UAT;US;UX;VAL,NO,NO,KEEP_CANONICAL_510_EXPAND_EXISTING_DOSSIER,Pass B adversarial semantic freeze: explicit lifecycle/data/rule/security/UX/integration/exception/verification ownership plus module-specific risk review.,Module Semantic Red-Team AI,2026-08-31
F169,Labor time,Manufacturing,APPROVED,operational,8,F169-SEM-01;F169-SEM-02;F169-SEM-03;F169-SEM-04;F169-SEM-05;F169-SEM-06;F169-SEM-07;F169-SEM-08,37,AI;API;APP;AUTO;BR;CALC;CAP;DATA;E2E;FLOW;FR;INT;NOTIF;OBS;PERF;REP;SEC;UAT;US;UX;VAL,NO,NO,KEEP_CANONICAL_510_EXPAND_EXISTING_DOSSIER,Pass B adversarial semantic freeze: explicit lifecycle/data/rule/security/UX/integration/exception/verification ownership plus module-specific risk review.,Module Semantic Red-Team AI,2026-08-31
F170,Machine time,Manufacturing,APPROVED,operational,8,F170-SEM-01;F170-SEM-02;F170-SEM-03;F170-SEM-04;F170-SEM-05;F170-SEM-06;F170-SEM-07;F170-SEM-08,37,AI;API;APP;AUTO;BR;CALC;CAP;DATA;E2E;FLOW;FR;INT;NOTIF;OBS;PERF;REP;SEC;UAT;US;UX;VAL,NO,NO,KEEP_CANONICAL_510_EXPAND_EXISTING_DOSSIER,Pass B adversarial semantic freeze: explicit lifecycle/data/rule/security/UX/integration/exception/verification ownership plus module-specific risk review.,Module Semantic Red-Team AI,2026-08-31
F171,Setup time,Manufacturing,APPROVED,operational,8,F171-SEM-01;F171-SEM-02;F171-SEM-03;F171-SEM-04;F171-SEM-05;F171-SEM-06;F171-SEM-07;F171-SEM-08,37,AI;API;APP;AUTO;BR;CALC;CAP;DATA;E2E;FLOW;FR;INT;NOTIF;OBS;PERF;REP;SEC;UAT;US;UX;VAL,NO,NO,KEEP_CANONICAL_510_EXPAND_EXISTING_DOSSIER,Pass B adversarial semantic freeze: explicit lifecycle/data/rule/security/UX/integration/exception/verification ownership plus module-specific risk review.,Module Semantic Red-Team AI,2026-08-31
F172,Scrap,Manufacturing,APPROVED,manufacturing,8,F172-SEM-01;F172-SEM-02;F172-SEM-03;F172-SEM-04;F172-SEM-05;F172-SEM-06;F172-SEM-07;F172-SEM-08,37,AI;API;APP;AUTO;BR;CALC;CAP;DATA;E2E;FLOW;FR;INT;NOTIF;OBS;PERF;REP;SEC;UAT;US;UX;VAL,NO,NO,KEEP_CANONICAL_510_EXPAND_EXISTING_DOSSIER,Pass B adversarial semantic freeze: explicit lifecycle/data/rule/security/UX/integration/exception/verification ownership plus module-specific risk review.,Module Semantic Red-Team AI,2026-08-31
F173,Waste,Manufacturing,APPROVED,operational,8,F173-SEM-01;F173-SEM-02;F173-SEM-03;F173-SEM-04;F173-SEM-05;F173-SEM-06;F173-SEM-07;F173-SEM-08,37,AI;API;APP;AUTO;BR;CALC;CAP;DATA;E2E;FLOW;FR;INT;NOTIF;OBS;PERF;REP;SEC;UAT;US;UX;VAL,NO,NO,KEEP_CANONICAL_510_EXPAND_EXISTING_DOSSIER,Pass B adversarial semantic freeze: explicit lifecycle/data/rule/security/UX/integration/exception/verification ownership plus module-specific risk review.,Module Semantic Red-Team AI,2026-08-31
F174,By-products and co-products,Manufacturing,APPROVED,master_config,8,F174-SEM-01;F174-SEM-02;F174-SEM-03;F174-SEM-04;F174-SEM-05;F174-SEM-06;F174-SEM-07;F174-SEM-08,37,AI;API;APP;AUTO;BR;CALC;CAP;DATA;E2E;FLOW;FR;INT;NOTIF;OBS;PERF;REP;SEC;UAT;US;UX;VAL,NO,NO,KEEP_CANONICAL_510_EXPAND_EXISTING_DOSSIER,Pass B adversarial semantic freeze: explicit lifecycle/data/rule/security/UX/integration/exception/verification ownership plus module-specific risk review.,Module Semantic Red-Team AI,2026-08-31
F175,Rework,Manufacturing,APPROVED,manufacturing,8,F175-SEM-01;F175-SEM-02;F175-SEM-03;F175-SEM-04;F175-SEM-05;F175-SEM-06;F175-SEM-07;F175-SEM-08,37,AI;API;APP;AUTO;BR;CALC;CAP;DATA;E2E;FLOW;FR;INT;NOTIF;OBS;PERF;REP;SEC;UAT;US;UX;VAL,NO,NO,KEEP_CANONICAL_510_EXPAND_EXISTING_DOSSIER,Pass B adversarial semantic freeze: explicit lifecycle/data/rule/security/UX/integration/exception/verification ownership plus module-specific risk review.,Module Semantic Red-Team AI,2026-08-31
F176,Batch manufacturing,Manufacturing,APPROVED,operational,8,F176-SEM-01;F176-SEM-02;F176-SEM-03;F176-SEM-04;F176-SEM-05;F176-SEM-06;F176-SEM-07;F176-SEM-08,37,AI;API;APP;AUTO;BR;CALC;CAP;DATA;E2E;FLOW;FR;INT;NOTIF;OBS;PERF;REP;SEC;UAT;US;UX;VAL,NO,NO,KEEP_CANONICAL_510_EXPAND_EXISTING_DOSSIER,Pass B adversarial semantic freeze: explicit lifecycle/data/rule/security/UX/integration/exception/verification ownership plus module-specific risk review.,Module Semantic Red-Team AI,2026-08-31
F177,Serial tracking,Manufacturing,APPROVED,operational,8,F177-SEM-01;F177-SEM-02;F177-SEM-03;F177-SEM-04;F177-SEM-05;F177-SEM-06;F177-SEM-07;F177-SEM-08,37,AI;API;APP;AUTO;BR;CALC;CAP;DATA;E2E;FLOW;FR;INT;NOTIF;OBS;PERF;REP;SEC;UAT;US;UX;VAL,NO,NO,KEEP_CANONICAL_510_EXPAND_EXISTING_DOSSIER,Pass B adversarial semantic freeze: explicit lifecycle/data/rule/security/UX/integration/exception/verification ownership plus module-specific risk review.,Module Semantic Red-Team AI,2026-08-31
F178,Make-to-stock,Manufacturing,APPROVED,operational,8,F178-SEM-01;F178-SEM-02;F178-SEM-03;F178-SEM-04;F178-SEM-05;F178-SEM-06;F178-SEM-07;F178-SEM-08,37,AI;API;APP;AUTO;BR;CALC;CAP;DATA;E2E;FLOW;FR;INT;NOTIF;OBS;PERF;REP;SEC;UAT;US;UX;VAL,NO,NO,KEEP_CANONICAL_510_EXPAND_EXISTING_DOSSIER,Pass B adversarial semantic freeze: explicit lifecycle/data/rule/security/UX/integration/exception/verification ownership plus module-specific risk review.,Module Semantic Red-Team AI,2026-08-31
F179,Make-to-order,Manufacturing,APPROVED,document,8,F179-SEM-01;F179-SEM-02;F179-SEM-03;F179-SEM-04;F179-SEM-05;F179-SEM-06;F179-SEM-07;F179-SEM-08,37,AI;API;APP;AUTO;BR;CALC;CAP;DATA;E2E;FLOW;FR;INT;NOTIF;OBS;PERF;REP;SEC;UAT;US;UX;VAL,NO,NO,KEEP_CANONICAL_510_EXPAND_EXISTING_DOSSIER,Pass B adversarial semantic freeze: explicit lifecycle/data/rule/security/UX/integration/exception/verification ownership plus module-specific risk review.,Module Semantic Red-Team AI,2026-08-31
F180,Subcontract manufacturing,Manufacturing,APPROVED,document,8,F180-SEM-01;F180-SEM-02;F180-SEM-03;F180-SEM-04;F180-SEM-05;F180-SEM-06;F180-SEM-07;F180-SEM-08,37,AI;API;APP;AUTO;BR;CALC;CAP;DATA;E2E;FLOW;FR;INT;NOTIF;OBS;PERF;REP;SEC;UAT;US;UX;VAL,NO,NO,KEEP_CANONICAL_510_EXPAND_EXISTING_DOSSIER,Pass B adversarial semantic freeze: explicit lifecycle/data/rule/security/UX/integration/exception/verification ownership plus module-specific risk review.,Module Semantic Red-Team AI,2026-08-31
F181,Production quality inspections,Manufacturing,APPROVED,manufacturing,8,F181-SEM-01;F181-SEM-02;F181-SEM-03;F181-SEM-04;F181-SEM-05;F181-SEM-06;F181-SEM-07;F181-SEM-08,37,AI;API;APP;AUTO;BR;CALC;CAP;DATA;E2E;FLOW;FR;INT;NOTIF;OBS;PERF;REP;SEC;UAT;US;UX;VAL,NO,NO,KEEP_CANONICAL_510_EXPAND_EXISTING_DOSSIER,Pass B adversarial semantic freeze: explicit lifecycle/data/rule/security/UX/integration/exception/verification ownership plus module-specific risk review.,Module Semantic Red-Team AI,2026-08-31
F182,Production hold,Manufacturing,APPROVED,manufacturing,8,F182-SEM-01;F182-SEM-02;F182-SEM-03;F182-SEM-04;F182-SEM-05;F182-SEM-06;F182-SEM-07;F182-SEM-08,37,AI;API;APP;AUTO;BR;CALC;CAP;DATA;E2E;FLOW;FR;INT;NOTIF;OBS;PERF;REP;SEC;UAT;US;UX;VAL,NO,NO,KEEP_CANONICAL_510_EXPAND_EXISTING_DOSSIER,Pass B adversarial semantic freeze: explicit lifecycle/data/rule/security/UX/integration/exception/verification ownership plus module-specific risk review.,Module Semantic Red-Team AI,2026-08-31
F183,Production costing,Manufacturing,APPROVED,calculation,8,F183-SEM-01;F183-SEM-02;F183-SEM-03;F183-SEM-04;F183-SEM-05;F183-SEM-06;F183-SEM-07;F183-SEM-08,37,AI;API;APP;AUTO;BR;CALC;CAP;DATA;E2E;FLOW;FR;INT;NOTIF;OBS;PERF;REP;SEC;UAT;US;UX;VAL,NO,NO,KEEP_CANONICAL_510_EXPAND_EXISTING_DOSSIER,Pass B adversarial semantic freeze: explicit lifecycle/data/rule/security/UX/integration/exception/verification ownership plus module-specific risk review.,Module Semantic Red-Team AI,2026-08-31
F184,Standard vs actual costing,Manufacturing,APPROVED,calculation,8,F184-SEM-01;F184-SEM-02;F184-SEM-03;F184-SEM-04;F184-SEM-05;F184-SEM-06;F184-SEM-07;F184-SEM-08,37,AI;API;APP;AUTO;BR;CALC;CAP;DATA;E2E;FLOW;FR;INT;NOTIF;OBS;PERF;REP;SEC;UAT;US;UX;VAL,NO,NO,KEEP_CANONICAL_510_EXPAND_EXISTING_DOSSIER,Pass B adversarial semantic freeze: explicit lifecycle/data/rule/security/UX/integration/exception/verification ownership plus module-specific risk review.,Module Semantic Red-Team AI,2026-08-31
F185,Cost variance,Manufacturing,APPROVED,calculation,8,F185-SEM-01;F185-SEM-02;F185-SEM-03;F185-SEM-04;F185-SEM-05;F185-SEM-06;F185-SEM-07;F185-SEM-08,37,AI;API;APP;AUTO;BR;CALC;CAP;DATA;E2E;FLOW;FR;INT;NOTIF;OBS;PERF;REP;SEC;UAT;US;UX;VAL,NO,NO,KEEP_CANONICAL_510_EXPAND_EXISTING_DOSSIER,Pass B adversarial semantic freeze: explicit lifecycle/data/rule/security/UX/integration/exception/verification ownership plus module-specific risk review.,Module Semantic Red-Team AI,2026-08-31
F186,Yield analysis,Manufacturing,APPROVED,analytics,8,F186-SEM-01;F186-SEM-02;F186-SEM-03;F186-SEM-04;F186-SEM-05;F186-SEM-06;F186-SEM-07;F186-SEM-08,37,AI;API;APP;AUTO;BR;CALC;CAP;DATA;E2E;FLOW;FR;INT;NOTIF;OBS;PERF;REP;SEC;UAT;US;UX;VAL,NO,NO,KEEP_CANONICAL_510_EXPAND_EXISTING_DOSSIER,Pass B adversarial semantic freeze: explicit lifecycle/data/rule/security/UX/integration/exception/verification ownership plus module-specific risk review.,Module Semantic Red-Team AI,2026-08-31
F187,Production efficiency,Manufacturing,APPROVED,manufacturing,8,F187-SEM-01;F187-SEM-02;F187-SEM-03;F187-SEM-04;F187-SEM-05;F187-SEM-06;F187-SEM-07;F187-SEM-08,37,AI;API;APP;AUTO;BR;CALC;CAP;DATA;E2E;FLOW;FR;INT;NOTIF;OBS;PERF;REP;SEC;UAT;US;UX;VAL,NO,NO,KEEP_CANONICAL_510_EXPAND_EXISTING_DOSSIER,Pass B adversarial semantic freeze: explicit lifecycle/data/rule/security/UX/integration/exception/verification ownership plus module-specific risk review.,Module Semantic Red-Team AI,2026-08-31
F188,Downtime,Manufacturing,APPROVED,manufacturing,8,F188-SEM-01;F188-SEM-02;F188-SEM-03;F188-SEM-04;F188-SEM-05;F188-SEM-06;F188-SEM-07;F188-SEM-08,37,AI;API;APP;AUTO;BR;CALC;CAP;DATA;E2E;FLOW;FR;INT;NOTIF;OBS;PERF;REP;SEC;UAT;US;UX;VAL,NO,NO,KEEP_CANONICAL_510_EXPAND_EXISTING_DOSSIER,Pass B adversarial semantic freeze: explicit lifecycle/data/rule/security/UX/integration/exception/verification ownership plus module-specific risk review.,Module Semantic Red-Team AI,2026-08-31
F189,Maintenance integration,Manufacturing,APPROVED,operational,8,F189-SEM-01;F189-SEM-02;F189-SEM-03;F189-SEM-04;F189-SEM-05;F189-SEM-06;F189-SEM-07;F189-SEM-08,37,AI;API;APP;AUTO;BR;CALC;CAP;DATA;E2E;FLOW;FR;INT;NOTIF;OBS;PERF;REP;SEC;UAT;US;UX;VAL,NO,NO,KEEP_CANONICAL_510_EXPAND_EXISTING_DOSSIER,Pass B adversarial semantic freeze: explicit lifecycle/data/rule/security/UX/integration/exception/verification ownership plus module-specific risk review.,Module Semantic Red-Team AI,2026-08-31
F190,Engineering change and revision control,Manufacturing,APPROVED,operational,8,F190-SEM-01;F190-SEM-02;F190-SEM-03;F190-SEM-04;F190-SEM-05;F190-SEM-06;F190-SEM-07;F190-SEM-08,37,AI;API;APP;AUTO;BR;CALC;CAP;DATA;E2E;FLOW;FR;INT;NOTIF;OBS;PERF;REP;SEC;UAT;US;UX;VAL,NO,NO,KEEP_CANONICAL_510_EXPAND_EXISTING_DOSSIER,Pass B adversarial semantic freeze: explicit lifecycle/data/rule/security/UX/integration/exception/verification ownership plus module-specific risk review.,Module Semantic Red-Team AI,2026-08-31
F191,Production reports,Manufacturing,APPROVED,analytics,8,F191-SEM-01;F191-SEM-02;F191-SEM-03;F191-SEM-04;F191-SEM-05;F191-SEM-06;F191-SEM-07;F191-SEM-08,37,AI;API;APP;AUTO;BR;CALC;CAP;DATA;E2E;FLOW;FR;INT;NOTIF;OBS;PERF;REP;SEC;UAT;US;UX;VAL,NO,NO,KEEP_CANONICAL_510_EXPAND_EXISTING_DOSSIER,Pass B adversarial semantic freeze: explicit lifecycle/data/rule/security/UX/integration/exception/verification ownership plus module-specific risk review.,Module Semantic Red-Team AI,2026-08-31
F192,Production dashboard,Manufacturing,APPROVED,analytics,8,F192-SEM-01;F192-SEM-02;F192-SEM-03;F192-SEM-04;F192-SEM-05;F192-SEM-06;F192-SEM-07;F192-SEM-08,37,AI;API;APP;AUTO;BR;CALC;CAP;DATA;E2E;FLOW;FR;INT;NOTIF;OBS;PERF;REP;SEC;UAT;US;UX;VAL,NO,NO,KEEP_CANONICAL_510_EXPAND_EXISTING_DOSSIER,Pass B adversarial semantic freeze: explicit lifecycle/data/rule/security/UX/integration/exception/verification ownership plus module-specific risk review.,Module Semantic Red-Team AI,2026-08-31
F193,Projects,Projects,APPROVED,project,8,F193-SEM-01;F193-SEM-02;F193-SEM-03;F193-SEM-04;F193-SEM-05;F193-SEM-06;F193-SEM-07;F193-SEM-08,37,AI;API;APP;AUTO;BR;CALC;CAP;DATA;E2E;FLOW;FR;INT;NOTIF;OBS;PERF;REP;SEC;UAT;US;UX;VAL,NO,NO,KEEP_CANONICAL_510_EXPAND_EXISTING_DOSSIER,Pass B adversarial semantic freeze: explicit lifecycle/data/rule/security/UX/integration/exception/verification ownership plus module-specific risk review.,Module Semantic Red-Team AI,2026-08-31
F194,Customer projects,Projects,APPROVED,project,8,F194-SEM-01;F194-SEM-02;F194-SEM-03;F194-SEM-04;F194-SEM-05;F194-SEM-06;F194-SEM-07;F194-SEM-08,37,AI;API;APP;AUTO;BR;CALC;CAP;DATA;E2E;FLOW;FR;INT;NOTIF;OBS;PERF;REP;SEC;UAT;US;UX;VAL,NO,NO,KEEP_CANONICAL_510_EXPAND_EXISTING_DOSSIER,Pass B adversarial semantic freeze: explicit lifecycle/data/rule/security/UX/integration/exception/verification ownership plus module-specific risk review.,Module Semantic Red-Team AI,2026-08-31
F195,Internal projects,Projects,APPROVED,project,8,F195-SEM-01;F195-SEM-02;F195-SEM-03;F195-SEM-04;F195-SEM-05;F195-SEM-06;F195-SEM-07;F195-SEM-08,37,AI;API;APP;AUTO;BR;CALC;CAP;DATA;E2E;FLOW;FR;INT;NOTIF;OBS;PERF;REP;SEC;UAT;US;UX;VAL,NO,NO,KEEP_CANONICAL_510_EXPAND_EXISTING_DOSSIER,Pass B adversarial semantic freeze: explicit lifecycle/data/rule/security/UX/integration/exception/verification ownership plus module-specific risk review.,Module Semantic Red-Team AI,2026-08-31
F196,Project templates,Projects,APPROVED,project,8,F196-SEM-01;F196-SEM-02;F196-SEM-03;F196-SEM-04;F196-SEM-05;F196-SEM-06;F196-SEM-07;F196-SEM-08,37,AI;API;APP;AUTO;BR;CALC;CAP;DATA;E2E;FLOW;FR;INT;NOTIF;OBS;PERF;REP;SEC;UAT;US;UX;VAL,NO,NO,KEEP_CANONICAL_510_EXPAND_EXISTING_DOSSIER,Pass B adversarial semantic freeze: explicit lifecycle/data/rule/security/UX/integration/exception/verification ownership plus module-specific risk review.,Module Semantic Red-Team AI,2026-08-31
F197,Work Breakdown Structure (WBS),Projects,APPROVED,project,8,F197-SEM-01;F197-SEM-02;F197-SEM-03;F197-SEM-04;F197-SEM-05;F197-SEM-06;F197-SEM-07;F197-SEM-08,37,AI;API;APP;AUTO;BR;CALC;CAP;DATA;E2E;FLOW;FR;INT;NOTIF;OBS;PERF;REP;SEC;UAT;US;UX;VAL,NO,NO,KEEP_CANONICAL_510_EXPAND_EXISTING_DOSSIER,Pass B adversarial semantic freeze: explicit lifecycle/data/rule/security/UX/integration/exception/verification ownership plus module-specific risk review.,Module Semantic Red-Team AI,2026-08-31
F198,Milestones,Projects,APPROVED,project,8,F198-SEM-01;F198-SEM-02;F198-SEM-03;F198-SEM-04;F198-SEM-05;F198-SEM-06;F198-SEM-07;F198-SEM-08,37,AI;API;APP;AUTO;BR;CALC;CAP;DATA;E2E;FLOW;FR;INT;NOTIF;OBS;PERF;REP;SEC;UAT;US;UX;VAL,NO,NO,KEEP_CANONICAL_510_EXPAND_EXISTING_DOSSIER,Pass B adversarial semantic freeze: explicit lifecycle/data/rule/security/UX/integration/exception/verification ownership plus module-specific risk review.,Module Semantic Red-Team AI,2026-08-31
F199,Tasks,Projects,APPROVED,project,8,F199-SEM-01;F199-SEM-02;F199-SEM-03;F199-SEM-04;F199-SEM-05;F199-SEM-06;F199-SEM-07;F199-SEM-08,37,AI;API;APP;AUTO;BR;CALC;CAP;DATA;E2E;FLOW;FR;INT;NOTIF;OBS;PERF;REP;SEC;UAT;US;UX;VAL,NO,NO,KEEP_CANONICAL_510_EXPAND_EXISTING_DOSSIER,Pass B adversarial semantic freeze: explicit lifecycle/data/rule/security/UX/integration/exception/verification ownership plus module-specific risk review.,Module Semantic Red-Team AI,2026-08-31
F200,Subtasks,Projects,APPROVED,project,8,F200-SEM-01;F200-SEM-02;F200-SEM-03;F200-SEM-04;F200-SEM-05;F200-SEM-06;F200-SEM-07;F200-SEM-08,37,AI;API;APP;AUTO;BR;CALC;CAP;DATA;E2E;FLOW;FR;INT;NOTIF;OBS;PERF;REP;SEC;UAT;US;UX;VAL,NO,NO,KEEP_CANONICAL_510_EXPAND_EXISTING_DOSSIER,Pass B adversarial semantic freeze: explicit lifecycle/data/rule/security/UX/integration/exception/verification ownership plus module-specific risk review.,Module Semantic Red-Team AI,2026-08-31
F201,Task dependencies,Projects,APPROVED,project,8,F201-SEM-01;F201-SEM-02;F201-SEM-03;F201-SEM-04;F201-SEM-05;F201-SEM-06;F201-SEM-07;F201-SEM-08,37,AI;API;APP;AUTO;BR;CALC;CAP;DATA;E2E;FLOW;FR;INT;NOTIF;OBS;PERF;REP;SEC;UAT;US;UX;VAL,NO,NO,KEEP_CANONICAL_510_EXPAND_EXISTING_DOSSIER,Pass B adversarial semantic freeze: explicit lifecycle/data/rule/security/UX/integration/exception/verification ownership plus module-specific risk review.,Module Semantic Red-Team AI,2026-08-31
F202,Assignees,Projects,APPROVED,operational,8,F202-SEM-01;F202-SEM-02;F202-SEM-03;F202-SEM-04;F202-SEM-05;F202-SEM-06;F202-SEM-07;F202-SEM-08,37,AI;API;APP;AUTO;BR;CALC;CAP;DATA;E2E;FLOW;FR;INT;NOTIF;OBS;PERF;REP;SEC;UAT;US;UX;VAL,NO,NO,KEEP_CANONICAL_510_EXPAND_EXISTING_DOSSIER,Pass B adversarial semantic freeze: explicit lifecycle/data/rule/security/UX/integration/exception/verification ownership plus module-specific risk review.,Module Semantic Red-Team AI,2026-08-31
F203,Priority,Projects,APPROVED,operational,8,F203-SEM-01;F203-SEM-02;F203-SEM-03;F203-SEM-04;F203-SEM-05;F203-SEM-06;F203-SEM-07;F203-SEM-08,37,AI;API;APP;AUTO;BR;CALC;CAP;DATA;E2E;FLOW;FR;INT;NOTIF;OBS;PERF;REP;SEC;UAT;US;UX;VAL,NO,NO,KEEP_CANONICAL_510_EXPAND_EXISTING_DOSSIER,Pass B adversarial semantic freeze: explicit lifecycle/data/rule/security/UX/integration/exception/verification ownership plus module-specific risk review.,Module Semantic Red-Team AI,2026-08-31
F204,Project status,Projects,APPROVED,project,8,F204-SEM-01;F204-SEM-02;F204-SEM-03;F204-SEM-04;F204-SEM-05;F204-SEM-06;F204-SEM-07;F204-SEM-08,37,AI;API;APP;AUTO;BR;CALC;CAP;DATA;E2E;FLOW;FR;INT;NOTIF;OBS;PERF;REP;SEC;UAT;US;UX;VAL,NO,NO,KEEP_CANONICAL_510_EXPAND_EXISTING_DOSSIER,Pass B adversarial semantic freeze: explicit lifecycle/data/rule/security/UX/integration/exception/verification ownership plus module-specific risk review.,Module Semantic Red-Team AI,2026-08-31
F205,Gantt chart,Projects,APPROVED,operational,8,F205-SEM-01;F205-SEM-02;F205-SEM-03;F205-SEM-04;F205-SEM-05;F205-SEM-06;F205-SEM-07;F205-SEM-08,37,AI;API;APP;AUTO;BR;CALC;CAP;DATA;E2E;FLOW;FR;INT;NOTIF;OBS;PERF;REP;SEC;UAT;US;UX;VAL,NO,NO,KEEP_CANONICAL_510_EXPAND_EXISTING_DOSSIER,Pass B adversarial semantic freeze: explicit lifecycle/data/rule/security/UX/integration/exception/verification ownership plus module-specific risk review.,Module Semantic Red-Team AI,2026-08-31
F206,Kanban / task board,Projects,APPROVED,project,8,F206-SEM-01;F206-SEM-02;F206-SEM-03;F206-SEM-04;F206-SEM-05;F206-SEM-06;F206-SEM-07;F206-SEM-08,37,AI;API;APP;AUTO;BR;CALC;CAP;DATA;E2E;FLOW;FR;INT;NOTIF;OBS;PERF;REP;SEC;UAT;US;UX;VAL,NO,NO,KEEP_CANONICAL_510_EXPAND_EXISTING_DOSSIER,Pass B adversarial semantic freeze: explicit lifecycle/data/rule/security/UX/integration/exception/verification ownership plus module-specific risk review.,Module Semantic Red-Team AI,2026-08-31
F207,Project calendar,Projects,APPROVED,project,8,F207-SEM-01;F207-SEM-02;F207-SEM-03;F207-SEM-04;F207-SEM-05;F207-SEM-06;F207-SEM-07;F207-SEM-08,37,AI;API;APP;AUTO;BR;CALC;CAP;DATA;E2E;FLOW;FR;INT;NOTIF;OBS;PERF;REP;SEC;UAT;US;UX;VAL,NO,NO,KEEP_CANONICAL_510_EXPAND_EXISTING_DOSSIER,Pass B adversarial semantic freeze: explicit lifecycle/data/rule/security/UX/integration/exception/verification ownership plus module-specific risk review.,Module Semantic Red-Team AI,2026-08-31
F208,Resource allocation,Projects,APPROVED,project,8,F208-SEM-01;F208-SEM-02;F208-SEM-03;F208-SEM-04;F208-SEM-05;F208-SEM-06;F208-SEM-07;F208-SEM-08,37,AI;API;APP;AUTO;BR;CALC;CAP;DATA;E2E;FLOW;FR;INT;NOTIF;OBS;PERF;REP;SEC;UAT;US;UX;VAL,NO,NO,KEEP_CANONICAL_510_EXPAND_EXISTING_DOSSIER,Pass B adversarial semantic freeze: explicit lifecycle/data/rule/security/UX/integration/exception/verification ownership plus module-specific risk review.,Module Semantic Red-Team AI,2026-08-31
F209,Resource availability,Projects,APPROVED,project,8,F209-SEM-01;F209-SEM-02;F209-SEM-03;F209-SEM-04;F209-SEM-05;F209-SEM-06;F209-SEM-07;F209-SEM-08,37,AI;API;APP;AUTO;BR;CALC;CAP;DATA;E2E;FLOW;FR;INT;NOTIF;OBS;PERF;REP;SEC;UAT;US;UX;VAL,NO,NO,KEEP_CANONICAL_510_EXPAND_EXISTING_DOSSIER,Pass B adversarial semantic freeze: explicit lifecycle/data/rule/security/UX/integration/exception/verification ownership plus module-specific risk review.,Module Semantic Red-Team AI,2026-08-31
F210,Timesheets,Projects,APPROVED,project,8,F210-SEM-01;F210-SEM-02;F210-SEM-03;F210-SEM-04;F210-SEM-05;F210-SEM-06;F210-SEM-07;F210-SEM-08,37,AI;API;APP;AUTO;BR;CALC;CAP;DATA;E2E;FLOW;FR;INT;NOTIF;OBS;PERF;REP;SEC;UAT;US;UX;VAL,NO,NO,KEEP_CANONICAL_510_EXPAND_EXISTING_DOSSIER,Pass B adversarial semantic freeze: explicit lifecycle/data/rule/security/UX/integration/exception/verification ownership plus module-specific risk review.,Module Semantic Red-Team AI,2026-08-31
F211,Project expenses,Projects,APPROVED,project,8,F211-SEM-01;F211-SEM-02;F211-SEM-03;F211-SEM-04;F211-SEM-05;F211-SEM-06;F211-SEM-07;F211-SEM-08,37,AI;API;APP;AUTO;BR;CALC;CAP;DATA;E2E;FLOW;FR;INT;NOTIF;OBS;PERF;REP;SEC;UAT;US;UX;VAL,NO,NO,KEEP_CANONICAL_510_EXPAND_EXISTING_DOSSIER,Pass B adversarial semantic freeze: explicit lifecycle/data/rule/security/UX/integration/exception/verification ownership plus module-specific risk review.,Module Semantic Red-Team AI,2026-08-31
F212,Materials consumed,Projects,APPROVED,operational,8,F212-SEM-01;F212-SEM-02;F212-SEM-03;F212-SEM-04;F212-SEM-05;F212-SEM-06;F212-SEM-07;F212-SEM-08,37,AI;API;APP;AUTO;BR;CALC;CAP;DATA;E2E;FLOW;FR;INT;NOTIF;OBS;PERF;REP;SEC;UAT;US;UX;VAL,NO,NO,KEEP_CANONICAL_510_EXPAND_EXISTING_DOSSIER,Pass B adversarial semantic freeze: explicit lifecycle/data/rule/security/UX/integration/exception/verification ownership plus module-specific risk review.,Module Semantic Red-Team AI,2026-08-31
F213,Project procurement,Projects,APPROVED,project,8,F213-SEM-01;F213-SEM-02;F213-SEM-03;F213-SEM-04;F213-SEM-05;F213-SEM-06;F213-SEM-07;F213-SEM-08,37,AI;API;APP;AUTO;BR;CALC;CAP;DATA;E2E;FLOW;FR;INT;NOTIF;OBS;PERF;REP;SEC;UAT;US;UX;VAL,NO,NO,KEEP_CANONICAL_510_EXPAND_EXISTING_DOSSIER,Pass B adversarial semantic freeze: explicit lifecycle/data/rule/security/UX/integration/exception/verification ownership plus module-specific risk review.,Module Semantic Red-Team AI,2026-08-31
F214,Project budget,Projects,APPROVED,project,8,F214-SEM-01;F214-SEM-02;F214-SEM-03;F214-SEM-04;F214-SEM-05;F214-SEM-06;F214-SEM-07;F214-SEM-08,37,AI;API;APP;AUTO;BR;CALC;CAP;DATA;E2E;FLOW;FR;INT;NOTIF;OBS;PERF;REP;SEC;UAT;US;UX;VAL,NO,NO,KEEP_CANONICAL_510_EXPAND_EXISTING_DOSSIER,Pass B adversarial semantic freeze: explicit lifecycle/data/rule/security/UX/integration/exception/verification ownership plus module-specific risk review.,Module Semantic Red-Team AI,2026-08-31
F215,Budget revisions,Projects,APPROVED,project,8,F215-SEM-01;F215-SEM-02;F215-SEM-03;F215-SEM-04;F215-SEM-05;F215-SEM-06;F215-SEM-07;F215-SEM-08,37,AI;API;APP;AUTO;BR;CALC;CAP;DATA;E2E;FLOW;FR;INT;NOTIF;OBS;PERF;REP;SEC;UAT;US;UX;VAL,NO,NO,KEEP_CANONICAL_510_EXPAND_EXISTING_DOSSIER,Pass B adversarial semantic freeze: explicit lifecycle/data/rule/security/UX/integration/exception/verification ownership plus module-specific risk review.,Module Semantic Red-Team AI,2026-08-31
F216,Cost tracking,Projects,APPROVED,calculation,8,F216-SEM-01;F216-SEM-02;F216-SEM-03;F216-SEM-04;F216-SEM-05;F216-SEM-06;F216-SEM-07;F216-SEM-08,37,AI;API;APP;AUTO;BR;CALC;CAP;DATA;E2E;FLOW;FR;INT;NOTIF;OBS;PERF;REP;SEC;UAT;US;UX;VAL,NO,NO,KEEP_CANONICAL_510_EXPAND_EXISTING_DOSSIER,Pass B adversarial semantic freeze: explicit lifecycle/data/rule/security/UX/integration/exception/verification ownership plus module-specific risk review.,Module Semantic Red-Team AI,2026-08-31
F217,Revenue tracking,Projects,APPROVED,calculation,8,F217-SEM-01;F217-SEM-02;F217-SEM-03;F217-SEM-04;F217-SEM-05;F217-SEM-06;F217-SEM-07;F217-SEM-08,37,AI;API;APP;AUTO;BR;CALC;CAP;DATA;E2E;FLOW;FR;INT;NOTIF;OBS;PERF;REP;SEC;UAT;US;UX;VAL,NO,NO,KEEP_CANONICAL_510_EXPAND_EXISTING_DOSSIER,Pass B adversarial semantic freeze: explicit lifecycle/data/rule/security/UX/integration/exception/verification ownership plus module-specific risk review.,Module Semantic Red-Team AI,2026-08-31
F218,Fixed-price billing,Projects,APPROVED,project,8,F218-SEM-01;F218-SEM-02;F218-SEM-03;F218-SEM-04;F218-SEM-05;F218-SEM-06;F218-SEM-07;F218-SEM-08,37,AI;API;APP;AUTO;BR;CALC;CAP;DATA;E2E;FLOW;FR;INT;NOTIF;OBS;PERF;REP;SEC;UAT;US;UX;VAL,NO,NO,KEEP_CANONICAL_510_EXPAND_EXISTING_DOSSIER,Pass B adversarial semantic freeze: explicit lifecycle/data/rule/security/UX/integration/exception/verification ownership plus module-specific risk review.,Module Semantic Red-Team AI,2026-08-31
F219,Time-and-material billing,Projects,APPROVED,project,8,F219-SEM-01;F219-SEM-02;F219-SEM-03;F219-SEM-04;F219-SEM-05;F219-SEM-06;F219-SEM-07;F219-SEM-08,37,AI;API;APP;AUTO;BR;CALC;CAP;DATA;E2E;FLOW;FR;INT;NOTIF;OBS;PERF;REP;SEC;UAT;US;UX;VAL,NO,NO,KEEP_CANONICAL_510_EXPAND_EXISTING_DOSSIER,Pass B adversarial semantic freeze: explicit lifecycle/data/rule/security/UX/integration/exception/verification ownership plus module-specific risk review.,Module Semantic Red-Team AI,2026-08-31
F220,Milestone billing,Projects,APPROVED,project,8,F220-SEM-01;F220-SEM-02;F220-SEM-03;F220-SEM-04;F220-SEM-05;F220-SEM-06;F220-SEM-07;F220-SEM-08,37,AI;API;APP;AUTO;BR;CALC;CAP;DATA;E2E;FLOW;FR;INT;NOTIF;OBS;PERF;REP;SEC;UAT;US;UX;VAL,NO,NO,KEEP_CANONICAL_510_EXPAND_EXISTING_DOSSIER,Pass B adversarial semantic freeze: explicit lifecycle/data/rule/security/UX/integration/exception/verification ownership plus module-specific risk review.,Module Semantic Red-Team AI,2026-08-31
F221,Project invoices,Projects,APPROVED,document,8,F221-SEM-01;F221-SEM-02;F221-SEM-03;F221-SEM-04;F221-SEM-05;F221-SEM-06;F221-SEM-07;F221-SEM-08,37,AI;API;APP;AUTO;BR;CALC;CAP;DATA;E2E;FLOW;FR;INT;NOTIF;OBS;PERF;REP;SEC;UAT;US;UX;VAL,NO,NO,KEEP_CANONICAL_510_EXPAND_EXISTING_DOSSIER,Pass B adversarial semantic freeze: explicit lifecycle/data/rule/security/UX/integration/exception/verification ownership plus module-specific risk review.,Module Semantic Red-Team AI,2026-08-31
F222,Project profitability,Projects,APPROVED,calculation,8,F222-SEM-01;F222-SEM-02;F222-SEM-03;F222-SEM-04;F222-SEM-05;F222-SEM-06;F222-SEM-07;F222-SEM-08,37,AI;API;APP;AUTO;BR;CALC;CAP;DATA;E2E;FLOW;FR;INT;NOTIF;OBS;PERF;REP;SEC;UAT;US;UX;VAL,NO,NO,KEEP_CANONICAL_510_EXPAND_EXISTING_DOSSIER,Pass B adversarial semantic freeze: explicit lifecycle/data/rule/security/UX/integration/exception/verification ownership plus module-specific risk review.,Module Semantic Red-Team AI,2026-08-31
F223,Cost variance,Projects,APPROVED,calculation,8,F223-SEM-01;F223-SEM-02;F223-SEM-03;F223-SEM-04;F223-SEM-05;F223-SEM-06;F223-SEM-07;F223-SEM-08,37,AI;API;APP;AUTO;BR;CALC;CAP;DATA;E2E;FLOW;FR;INT;NOTIF;OBS;PERF;REP;SEC;UAT;US;UX;VAL,NO,NO,KEEP_CANONICAL_510_EXPAND_EXISTING_DOSSIER,Pass B adversarial semantic freeze: explicit lifecycle/data/rule/security/UX/integration/exception/verification ownership plus module-specific risk review.,Module Semantic Red-Team AI,2026-08-31
F224,Issues,Projects,APPROVED,project,8,F224-SEM-01;F224-SEM-02;F224-SEM-03;F224-SEM-04;F224-SEM-05;F224-SEM-06;F224-SEM-07;F224-SEM-08,37,AI;API;APP;AUTO;BR;CALC;CAP;DATA;E2E;FLOW;FR;INT;NOTIF;OBS;PERF;REP;SEC;UAT;US;UX;VAL,NO,NO,KEEP_CANONICAL_510_EXPAND_EXISTING_DOSSIER,Pass B adversarial semantic freeze: explicit lifecycle/data/rule/security/UX/integration/exception/verification ownership plus module-specific risk review.,Module Semantic Red-Team AI,2026-08-31
F225,Risks,Projects,APPROVED,project,8,F225-SEM-01;F225-SEM-02;F225-SEM-03;F225-SEM-04;F225-SEM-05;F225-SEM-06;F225-SEM-07;F225-SEM-08,37,AI;API;APP;AUTO;BR;CALC;CAP;DATA;E2E;FLOW;FR;INT;NOTIF;OBS;PERF;REP;SEC;UAT;US;UX;VAL,NO,NO,KEEP_CANONICAL_510_EXPAND_EXISTING_DOSSIER,Pass B adversarial semantic freeze: explicit lifecycle/data/rule/security/UX/integration/exception/verification ownership plus module-specific risk review.,Module Semantic Red-Team AI,2026-08-31
F226,Documents,Projects,APPROVED,operational,8,F226-SEM-01;F226-SEM-02;F226-SEM-03;F226-SEM-04;F226-SEM-05;F226-SEM-06;F226-SEM-07;F226-SEM-08,37,AI;API;APP;AUTO;BR;CALC;CAP;DATA;E2E;FLOW;FR;INT;NOTIF;OBS;PERF;REP;SEC;UAT;US;UX;VAL,NO,NO,KEEP_CANONICAL_510_EXPAND_EXISTING_DOSSIER,Pass B adversarial semantic freeze: explicit lifecycle/data/rule/security/UX/integration/exception/verification ownership plus module-specific risk review.,Module Semantic Red-Team AI,2026-08-31
F227,Comments and collaboration,Projects,APPROVED,operational,8,F227-SEM-01;F227-SEM-02;F227-SEM-03;F227-SEM-04;F227-SEM-05;F227-SEM-06;F227-SEM-07;F227-SEM-08,37,AI;API;APP;AUTO;BR;CALC;CAP;DATA;E2E;FLOW;FR;INT;NOTIF;OBS;PERF;REP;SEC;UAT;US;UX;VAL,NO,NO,KEEP_CANONICAL_510_EXPAND_EXISTING_DOSSIER,Pass B adversarial semantic freeze: explicit lifecycle/data/rule/security/UX/integration/exception/verification ownership plus module-specific risk review.,Module Semantic Red-Team AI,2026-08-31
F228,Progress tracking,Projects,APPROVED,operational,8,F228-SEM-01;F228-SEM-02;F228-SEM-03;F228-SEM-04;F228-SEM-05;F228-SEM-06;F228-SEM-07;F228-SEM-08,37,AI;API;APP;AUTO;BR;CALC;CAP;DATA;E2E;FLOW;FR;INT;NOTIF;OBS;PERF;REP;SEC;UAT;US;UX;VAL,NO,NO,KEEP_CANONICAL_510_EXPAND_EXISTING_DOSSIER,Pass B adversarial semantic freeze: explicit lifecycle/data/rule/security/UX/integration/exception/verification ownership plus module-specific risk review.,Module Semantic Red-Team AI,2026-08-31
F229,Project dashboard,Projects,APPROVED,analytics,8,F229-SEM-01;F229-SEM-02;F229-SEM-03;F229-SEM-04;F229-SEM-05;F229-SEM-06;F229-SEM-07;F229-SEM-08,37,AI;API;APP;AUTO;BR;CALC;CAP;DATA;E2E;FLOW;FR;INT;NOTIF;OBS;PERF;REP;SEC;UAT;US;UX;VAL,NO,NO,KEEP_CANONICAL_510_EXPAND_EXISTING_DOSSIER,Pass B adversarial semantic freeze: explicit lifecycle/data/rule/security/UX/integration/exception/verification ownership plus module-specific risk review.,Module Semantic Red-Team AI,2026-08-31
F230,Project reports,Projects,APPROVED,analytics,8,F230-SEM-01;F230-SEM-02;F230-SEM-03;F230-SEM-04;F230-SEM-05;F230-SEM-06;F230-SEM-07;F230-SEM-08,37,AI;API;APP;AUTO;BR;CALC;CAP;DATA;E2E;FLOW;FR;INT;NOTIF;OBS;PERF;REP;SEC;UAT;US;UX;VAL,NO,NO,KEEP_CANONICAL_510_EXPAND_EXISTING_DOSSIER,Pass B adversarial semantic freeze: explicit lifecycle/data/rule/security/UX/integration/exception/verification ownership plus module-specific risk review.,Module Semantic Red-Team AI,2026-08-31
F231,Asset register,Assets,APPROVED,asset,8,F231-SEM-01;F231-SEM-02;F231-SEM-03;F231-SEM-04;F231-SEM-05;F231-SEM-06;F231-SEM-07;F231-SEM-08,37,AI;API;APP;AUTO;BR;CALC;CAP;DATA;E2E;FLOW;FR;INT;NOTIF;OBS;PERF;REP;SEC;UAT;US;UX;VAL,NO,NO,KEEP_CANONICAL_510_EXPAND_EXISTING_DOSSIER,Pass B adversarial semantic freeze: explicit lifecycle/data/rule/security/UX/integration/exception/verification ownership plus module-specific risk review.,Module Semantic Red-Team AI,2026-08-31
F232,Asset categories,Assets,APPROVED,asset,8,F232-SEM-01;F232-SEM-02;F232-SEM-03;F232-SEM-04;F232-SEM-05;F232-SEM-06;F232-SEM-07;F232-SEM-08,37,AI;API;APP;AUTO;BR;CALC;CAP;DATA;E2E;FLOW;FR;INT;NOTIF;OBS;PERF;REP;SEC;UAT;US;UX;VAL,NO,NO,KEEP_CANONICAL_510_EXPAND_EXISTING_DOSSIER,Pass B adversarial semantic freeze: explicit lifecycle/data/rule/security/UX/integration/exception/verification ownership plus module-specific risk review.,Module Semantic Red-Team AI,2026-08-31
F233,Asset identification and code,Assets,APPROVED,asset,8,F233-SEM-01;F233-SEM-02;F233-SEM-03;F233-SEM-04;F233-SEM-05;F233-SEM-06;F233-SEM-07;F233-SEM-08,37,AI;API;APP;AUTO;BR;CALC;CAP;DATA;E2E;FLOW;FR;INT;NOTIF;OBS;PERF;REP;SEC;UAT;US;UX;VAL,NO,NO,KEEP_CANONICAL_510_EXPAND_EXISTING_DOSSIER,Pass B adversarial semantic freeze: explicit lifecycle/data/rule/security/UX/integration/exception/verification ownership plus module-specific risk review.,Module Semantic Red-Team AI,2026-08-31
F234,Asset location,Assets,APPROVED,asset,8,F234-SEM-01;F234-SEM-02;F234-SEM-03;F234-SEM-04;F234-SEM-05;F234-SEM-06;F234-SEM-07;F234-SEM-08,37,AI;API;APP;AUTO;BR;CALC;CAP;DATA;E2E;FLOW;FR;INT;NOTIF;OBS;PERF;REP;SEC;UAT;US;UX;VAL,NO,NO,KEEP_CANONICAL_510_EXPAND_EXISTING_DOSSIER,Pass B adversarial semantic freeze: explicit lifecycle/data/rule/security/UX/integration/exception/verification ownership plus module-specific risk review.,Module Semantic Red-Team AI,2026-08-31
F235,Custodian,Assets,APPROVED,asset,8,F235-SEM-01;F235-SEM-02;F235-SEM-03;F235-SEM-04;F235-SEM-05;F235-SEM-06;F235-SEM-07;F235-SEM-08,37,AI;API;APP;AUTO;BR;CALC;CAP;DATA;E2E;FLOW;FR;INT;NOTIF;OBS;PERF;REP;SEC;UAT;US;UX;VAL,NO,NO,KEEP_CANONICAL_510_EXPAND_EXISTING_DOSSIER,Pass B adversarial semantic freeze: explicit lifecycle/data/rule/security/UX/integration/exception/verification ownership plus module-specific risk review.,Module Semantic Red-Team AI,2026-08-31
F236,Department,Assets,APPROVED,asset,8,F236-SEM-01;F236-SEM-02;F236-SEM-03;F236-SEM-04;F236-SEM-05;F236-SEM-06;F236-SEM-07;F236-SEM-08,37,AI;API;APP;AUTO;BR;CALC;CAP;DATA;E2E;FLOW;FR;INT;NOTIF;OBS;PERF;REP;SEC;UAT;US;UX;VAL,NO,NO,KEEP_CANONICAL_510_EXPAND_EXISTING_DOSSIER,Pass B adversarial semantic freeze: explicit lifecycle/data/rule/security/UX/integration/exception/verification ownership plus module-specific risk review.,Module Semantic Red-Team AI,2026-08-31
F237,Purchase and capitalization,Assets,APPROVED,asset,8,F237-SEM-01;F237-SEM-02;F237-SEM-03;F237-SEM-04;F237-SEM-05;F237-SEM-06;F237-SEM-07;F237-SEM-08,37,AI;API;APP;AUTO;BR;CALC;CAP;DATA;E2E;FLOW;FR;INT;NOTIF;OBS;PERF;REP;SEC;UAT;US;UX;VAL,NO,NO,KEEP_CANONICAL_510_EXPAND_EXISTING_DOSSIER,Pass B adversarial semantic freeze: explicit lifecycle/data/rule/security/UX/integration/exception/verification ownership plus module-specific risk review.,Module Semantic Red-Team AI,2026-08-31
F238,Asset creation from procurement,Assets,APPROVED,asset,8,F238-SEM-01;F238-SEM-02;F238-SEM-03;F238-SEM-04;F238-SEM-05;F238-SEM-06;F238-SEM-07;F238-SEM-08,37,AI;API;APP;AUTO;BR;CALC;CAP;DATA;E2E;FLOW;FR;INT;NOTIF;OBS;PERF;REP;SEC;UAT;US;UX;VAL,NO,NO,KEEP_CANONICAL_510_EXPAND_EXISTING_DOSSIER,Pass B adversarial semantic freeze: explicit lifecycle/data/rule/security/UX/integration/exception/verification ownership plus module-specific risk review.,Module Semantic Red-Team AI,2026-08-31
F239,Asset transfers,Assets,APPROVED,asset,8,F239-SEM-01;F239-SEM-02;F239-SEM-03;F239-SEM-04;F239-SEM-05;F239-SEM-06;F239-SEM-07;F239-SEM-08,37,AI;API;APP;AUTO;BR;CALC;CAP;DATA;E2E;FLOW;FR;INT;NOTIF;OBS;PERF;REP;SEC;UAT;US;UX;VAL,NO,NO,KEEP_CANONICAL_510_EXPAND_EXISTING_DOSSIER,Pass B adversarial semantic freeze: explicit lifecycle/data/rule/security/UX/integration/exception/verification ownership plus module-specific risk review.,Module Semantic Red-Team AI,2026-08-31
F240,Asset assignment,Assets,APPROVED,decision,8,F240-SEM-01;F240-SEM-02;F240-SEM-03;F240-SEM-04;F240-SEM-05;F240-SEM-06;F240-SEM-07;F240-SEM-08,37,AI;API;APP;AUTO;BR;CALC;CAP;DATA;E2E;FLOW;FR;INT;NOTIF;OBS;PERF;REP;SEC;UAT;US;UX;VAL,NO,NO,KEEP_CANONICAL_510_EXPAND_EXISTING_DOSSIER,Pass B adversarial semantic freeze: explicit lifecycle/data/rule/security/UX/integration/exception/verification ownership plus module-specific risk review.,Module Semantic Red-Team AI,2026-08-31
F241,Asset movement history,Assets,APPROVED,asset,8,F241-SEM-01;F241-SEM-02;F241-SEM-03;F241-SEM-04;F241-SEM-05;F241-SEM-06;F241-SEM-07;F241-SEM-08,37,AI;API;APP;AUTO;BR;CALC;CAP;DATA;E2E;FLOW;FR;INT;NOTIF;OBS;PERF;REP;SEC;UAT;US;UX;VAL,NO,NO,KEEP_CANONICAL_510_EXPAND_EXISTING_DOSSIER,Pass B adversarial semantic freeze: explicit lifecycle/data/rule/security/UX/integration/exception/verification ownership plus module-specific risk review.,Module Semantic Red-Team AI,2026-08-31
F242,Asset value,Assets,APPROVED,asset,8,F242-SEM-01;F242-SEM-02;F242-SEM-03;F242-SEM-04;F242-SEM-05;F242-SEM-06;F242-SEM-07;F242-SEM-08,37,AI;API;APP;AUTO;BR;CALC;CAP;DATA;E2E;FLOW;FR;INT;NOTIF;OBS;PERF;REP;SEC;UAT;US;UX;VAL,NO,NO,KEEP_CANONICAL_510_EXPAND_EXISTING_DOSSIER,Pass B adversarial semantic freeze: explicit lifecycle/data/rule/security/UX/integration/exception/verification ownership plus module-specific risk review.,Module Semantic Red-Team AI,2026-08-31
F243,Useful life,Assets,APPROVED,asset,8,F243-SEM-01;F243-SEM-02;F243-SEM-03;F243-SEM-04;F243-SEM-05;F243-SEM-06;F243-SEM-07;F243-SEM-08,37,AI;API;APP;AUTO;BR;CALC;CAP;DATA;E2E;FLOW;FR;INT;NOTIF;OBS;PERF;REP;SEC;UAT;US;UX;VAL,NO,NO,KEEP_CANONICAL_510_EXPAND_EXISTING_DOSSIER,Pass B adversarial semantic freeze: explicit lifecycle/data/rule/security/UX/integration/exception/verification ownership plus module-specific risk review.,Module Semantic Red-Team AI,2026-08-31
F244,Salvage value,Assets,APPROVED,asset,8,F244-SEM-01;F244-SEM-02;F244-SEM-03;F244-SEM-04;F244-SEM-05;F244-SEM-06;F244-SEM-07;F244-SEM-08,37,AI;API;APP;AUTO;BR;CALC;CAP;DATA;E2E;FLOW;FR;INT;NOTIF;OBS;PERF;REP;SEC;UAT;US;UX;VAL,NO,NO,KEEP_CANONICAL_510_EXPAND_EXISTING_DOSSIER,Pass B adversarial semantic freeze: explicit lifecycle/data/rule/security/UX/integration/exception/verification ownership plus module-specific risk review.,Module Semantic Red-Team AI,2026-08-31
F245,Straight-line depreciation,Assets,APPROVED,calculation,8,F245-SEM-01;F245-SEM-02;F245-SEM-03;F245-SEM-04;F245-SEM-05;F245-SEM-06;F245-SEM-07;F245-SEM-08,37,AI;API;APP;AUTO;BR;CALC;CAP;DATA;E2E;FLOW;FR;INT;NOTIF;OBS;PERF;REP;SEC;UAT;US;UX;VAL,NO,NO,KEEP_CANONICAL_510_EXPAND_EXISTING_DOSSIER,Pass B adversarial semantic freeze: explicit lifecycle/data/rule/security/UX/integration/exception/verification ownership plus module-specific risk review.,Module Semantic Red-Team AI,2026-08-31
F246,Declining-balance depreciation,Assets,APPROVED,calculation,8,F246-SEM-01;F246-SEM-02;F246-SEM-03;F246-SEM-04;F246-SEM-05;F246-SEM-06;F246-SEM-07;F246-SEM-08,37,AI;API;APP;AUTO;BR;CALC;CAP;DATA;E2E;FLOW;FR;INT;NOTIF;OBS;PERF;REP;SEC;UAT;US;UX;VAL,NO,NO,KEEP_CANONICAL_510_EXPAND_EXISTING_DOSSIER,Pass B adversarial semantic freeze: explicit lifecycle/data/rule/security/UX/integration/exception/verification ownership plus module-specific risk review.,Module Semantic Red-Team AI,2026-08-31
F247,Units-of-production depreciation,Assets,APPROVED,calculation,8,F247-SEM-01;F247-SEM-02;F247-SEM-03;F247-SEM-04;F247-SEM-05;F247-SEM-06;F247-SEM-07;F247-SEM-08,37,AI;API;APP;AUTO;BR;CALC;CAP;DATA;E2E;FLOW;FR;INT;NOTIF;OBS;PERF;REP;SEC;UAT;US;UX;VAL,NO,NO,KEEP_CANONICAL_510_EXPAND_EXISTING_DOSSIER,Pass B adversarial semantic freeze: explicit lifecycle/data/rule/security/UX/integration/exception/verification ownership plus module-specific risk review.,Module Semantic Red-Team AI,2026-08-31
F248,Depreciation schedule,Assets,APPROVED,calculation,8,F248-SEM-01;F248-SEM-02;F248-SEM-03;F248-SEM-04;F248-SEM-05;F248-SEM-06;F248-SEM-07;F248-SEM-08,37,AI;API;APP;AUTO;BR;CALC;CAP;DATA;E2E;FLOW;FR;INT;NOTIF;OBS;PERF;REP;SEC;UAT;US;UX;VAL,NO,NO,KEEP_CANONICAL_510_EXPAND_EXISTING_DOSSIER,Pass B adversarial semantic freeze: explicit lifecycle/data/rule/security/UX/integration/exception/verification ownership plus module-specific risk review.,Module Semantic Red-Team AI,2026-08-31
F249,Depreciation posting,Assets,APPROVED,calculation,8,F249-SEM-01;F249-SEM-02;F249-SEM-03;F249-SEM-04;F249-SEM-05;F249-SEM-06;F249-SEM-07;F249-SEM-08,37,AI;API;APP;AUTO;BR;CALC;CAP;DATA;E2E;FLOW;FR;INT;NOTIF;OBS;PERF;REP;SEC;UAT;US;UX;VAL,NO,NO,KEEP_CANONICAL_510_EXPAND_EXISTING_DOSSIER,Pass B adversarial semantic freeze: explicit lifecycle/data/rule/security/UX/integration/exception/verification ownership plus module-specific risk review.,Module Semantic Red-Team AI,2026-08-31
F250,Asset revaluation,Assets,APPROVED,calculation,8,F250-SEM-01;F250-SEM-02;F250-SEM-03;F250-SEM-04;F250-SEM-05;F250-SEM-06;F250-SEM-07;F250-SEM-08,37,AI;API;APP;AUTO;BR;CALC;CAP;DATA;E2E;FLOW;FR;INT;NOTIF;OBS;PERF;REP;SEC;UAT;US;UX;VAL,NO,NO,KEEP_CANONICAL_510_EXPAND_EXISTING_DOSSIER,Pass B adversarial semantic freeze: explicit lifecycle/data/rule/security/UX/integration/exception/verification ownership plus module-specific risk review.,Module Semantic Red-Team AI,2026-08-31
F251,Asset impairment,Assets,APPROVED,calculation,8,F251-SEM-01;F251-SEM-02;F251-SEM-03;F251-SEM-04;F251-SEM-05;F251-SEM-06;F251-SEM-07;F251-SEM-08,37,AI;API;APP;AUTO;BR;CALC;CAP;DATA;E2E;FLOW;FR;INT;NOTIF;OBS;PERF;REP;SEC;UAT;US;UX;VAL,NO,NO,KEEP_CANONICAL_510_EXPAND_EXISTING_DOSSIER,Pass B adversarial semantic freeze: explicit lifecycle/data/rule/security/UX/integration/exception/verification ownership plus module-specific risk review.,Module Semantic Red-Team AI,2026-08-31
F252,Asset maintenance,Assets,APPROVED,asset,8,F252-SEM-01;F252-SEM-02;F252-SEM-03;F252-SEM-04;F252-SEM-05;F252-SEM-06;F252-SEM-07;F252-SEM-08,37,AI;API;APP;AUTO;BR;CALC;CAP;DATA;E2E;FLOW;FR;INT;NOTIF;OBS;PERF;REP;SEC;UAT;US;UX;VAL,NO,NO,KEEP_CANONICAL_510_EXPAND_EXISTING_DOSSIER,Pass B adversarial semantic freeze: explicit lifecycle/data/rule/security/UX/integration/exception/verification ownership plus module-specific risk review.,Module Semantic Red-Team AI,2026-08-31
F253,Preventive maintenance,Assets,APPROVED,asset,8,F253-SEM-01;F253-SEM-02;F253-SEM-03;F253-SEM-04;F253-SEM-05;F253-SEM-06;F253-SEM-07;F253-SEM-08,37,AI;API;APP;AUTO;BR;CALC;CAP;DATA;E2E;FLOW;FR;INT;NOTIF;OBS;PERF;REP;SEC;UAT;US;UX;VAL,NO,NO,KEEP_CANONICAL_510_EXPAND_EXISTING_DOSSIER,Pass B adversarial semantic freeze: explicit lifecycle/data/rule/security/UX/integration/exception/verification ownership plus module-specific risk review.,Module Semantic Red-Team AI,2026-08-31
F254,Maintenance schedule,Assets,APPROVED,asset,8,F254-SEM-01;F254-SEM-02;F254-SEM-03;F254-SEM-04;F254-SEM-05;F254-SEM-06;F254-SEM-07;F254-SEM-08,37,AI;API;APP;AUTO;BR;CALC;CAP;DATA;E2E;FLOW;FR;INT;NOTIF;OBS;PERF;REP;SEC;UAT;US;UX;VAL,NO,NO,KEEP_CANONICAL_510_EXPAND_EXISTING_DOSSIER,Pass B adversarial semantic freeze: explicit lifecycle/data/rule/security/UX/integration/exception/verification ownership plus module-specific risk review.,Module Semantic Red-Team AI,2026-08-31
F255,Repair history,Assets,APPROVED,asset,8,F255-SEM-01;F255-SEM-02;F255-SEM-03;F255-SEM-04;F255-SEM-05;F255-SEM-06;F255-SEM-07;F255-SEM-08,37,AI;API;APP;AUTO;BR;CALC;CAP;DATA;E2E;FLOW;FR;INT;NOTIF;OBS;PERF;REP;SEC;UAT;US;UX;VAL,NO,NO,KEEP_CANONICAL_510_EXPAND_EXISTING_DOSSIER,Pass B adversarial semantic freeze: explicit lifecycle/data/rule/security/UX/integration/exception/verification ownership plus module-specific risk review.,Module Semantic Red-Team AI,2026-08-31
F256,Downtime,Assets,APPROVED,asset,8,F256-SEM-01;F256-SEM-02;F256-SEM-03;F256-SEM-04;F256-SEM-05;F256-SEM-06;F256-SEM-07;F256-SEM-08,37,AI;API;APP;AUTO;BR;CALC;CAP;DATA;E2E;FLOW;FR;INT;NOTIF;OBS;PERF;REP;SEC;UAT;US;UX;VAL,NO,NO,KEEP_CANONICAL_510_EXPAND_EXISTING_DOSSIER,Pass B adversarial semantic freeze: explicit lifecycle/data/rule/security/UX/integration/exception/verification ownership plus module-specific risk review.,Module Semantic Red-Team AI,2026-08-31
F257,Warranty,Assets,APPROVED,asset,8,F257-SEM-01;F257-SEM-02;F257-SEM-03;F257-SEM-04;F257-SEM-05;F257-SEM-06;F257-SEM-07;F257-SEM-08,37,AI;API;APP;AUTO;BR;CALC;CAP;DATA;E2E;FLOW;FR;INT;NOTIF;OBS;PERF;REP;SEC;UAT;US;UX;VAL,NO,NO,KEEP_CANONICAL_510_EXPAND_EXISTING_DOSSIER,Pass B adversarial semantic freeze: explicit lifecycle/data/rule/security/UX/integration/exception/verification ownership plus module-specific risk review.,Module Semantic Red-Team AI,2026-08-31
F258,Inspection,Assets,APPROVED,asset,8,F258-SEM-01;F258-SEM-02;F258-SEM-03;F258-SEM-04;F258-SEM-05;F258-SEM-06;F258-SEM-07;F258-SEM-08,37,AI;API;APP;AUTO;BR;CALC;CAP;DATA;E2E;FLOW;FR;INT;NOTIF;OBS;PERF;REP;SEC;UAT;US;UX;VAL,NO,NO,KEEP_CANONICAL_510_EXPAND_EXISTING_DOSSIER,Pass B adversarial semantic freeze: explicit lifecycle/data/rule/security/UX/integration/exception/verification ownership plus module-specific risk review.,Module Semantic Red-Team AI,2026-08-31
F259,Calibration,Assets,APPROVED,asset,8,F259-SEM-01;F259-SEM-02;F259-SEM-03;F259-SEM-04;F259-SEM-05;F259-SEM-06;F259-SEM-07;F259-SEM-08,37,AI;API;APP;AUTO;BR;CALC;CAP;DATA;E2E;FLOW;FR;INT;NOTIF;OBS;PERF;REP;SEC;UAT;US;UX;VAL,NO,NO,KEEP_CANONICAL_510_EXPAND_EXISTING_DOSSIER,Pass B adversarial semantic freeze: explicit lifecycle/data/rule/security/UX/integration/exception/verification ownership plus module-specific risk review.,Module Semantic Red-Team AI,2026-08-31
F260,Physical verification and audit,Assets,APPROVED,asset,8,F260-SEM-01;F260-SEM-02;F260-SEM-03;F260-SEM-04;F260-SEM-05;F260-SEM-06;F260-SEM-07;F260-SEM-08,37,AI;API;APP;AUTO;BR;CALC;CAP;DATA;E2E;FLOW;FR;INT;NOTIF;OBS;PERF;REP;SEC;UAT;US;UX;VAL,NO,NO,KEEP_CANONICAL_510_EXPAND_EXISTING_DOSSIER,Pass B adversarial semantic freeze: explicit lifecycle/data/rule/security/UX/integration/exception/verification ownership plus module-specific risk review.,Module Semantic Red-Team AI,2026-08-31
F261,Barcode / QR identification,Assets,APPROVED,asset,8,F261-SEM-01;F261-SEM-02;F261-SEM-03;F261-SEM-04;F261-SEM-05;F261-SEM-06;F261-SEM-07;F261-SEM-08,37,AI;API;APP;AUTO;BR;CALC;CAP;DATA;E2E;FLOW;FR;INT;NOTIF;OBS;PERF;REP;SEC;UAT;US;UX;VAL,NO,NO,KEEP_CANONICAL_510_EXPAND_EXISTING_DOSSIER,Pass B adversarial semantic freeze: explicit lifecycle/data/rule/security/UX/integration/exception/verification ownership plus module-specific risk review.,Module Semantic Red-Team AI,2026-08-31
F262,Asset disposal,Assets,APPROVED,asset,8,F262-SEM-01;F262-SEM-02;F262-SEM-03;F262-SEM-04;F262-SEM-05;F262-SEM-06;F262-SEM-07;F262-SEM-08,37,AI;API;APP;AUTO;BR;CALC;CAP;DATA;E2E;FLOW;FR;INT;NOTIF;OBS;PERF;REP;SEC;UAT;US;UX;VAL,NO,NO,KEEP_CANONICAL_510_EXPAND_EXISTING_DOSSIER,Pass B adversarial semantic freeze: explicit lifecycle/data/rule/security/UX/integration/exception/verification ownership plus module-specific risk review.,Module Semantic Red-Team AI,2026-08-31
F263,Asset sale,Assets,APPROVED,asset,8,F263-SEM-01;F263-SEM-02;F263-SEM-03;F263-SEM-04;F263-SEM-05;F263-SEM-06;F263-SEM-07;F263-SEM-08,37,AI;API;APP;AUTO;BR;CALC;CAP;DATA;E2E;FLOW;FR;INT;NOTIF;OBS;PERF;REP;SEC;UAT;US;UX;VAL,NO,NO,KEEP_CANONICAL_510_EXPAND_EXISTING_DOSSIER,Pass B adversarial semantic freeze: explicit lifecycle/data/rule/security/UX/integration/exception/verification ownership plus module-specific risk review.,Module Semantic Red-Team AI,2026-08-31
F264,Asset scrap,Assets,APPROVED,asset,8,F264-SEM-01;F264-SEM-02;F264-SEM-03;F264-SEM-04;F264-SEM-05;F264-SEM-06;F264-SEM-07;F264-SEM-08,37,AI;API;APP;AUTO;BR;CALC;CAP;DATA;E2E;FLOW;FR;INT;NOTIF;OBS;PERF;REP;SEC;UAT;US;UX;VAL,NO,NO,KEEP_CANONICAL_510_EXPAND_EXISTING_DOSSIER,Pass B adversarial semantic freeze: explicit lifecycle/data/rule/security/UX/integration/exception/verification ownership plus module-specific risk review.,Module Semantic Red-Team AI,2026-08-31
F265,Gain / loss on disposal,Assets,APPROVED,calculation,8,F265-SEM-01;F265-SEM-02;F265-SEM-03;F265-SEM-04;F265-SEM-05;F265-SEM-06;F265-SEM-07;F265-SEM-08,37,AI;API;APP;AUTO;BR;CALC;CAP;DATA;E2E;FLOW;FR;INT;NOTIF;OBS;PERF;REP;SEC;UAT;US;UX;VAL,NO,NO,KEEP_CANONICAL_510_EXPAND_EXISTING_DOSSIER,Pass B adversarial semantic freeze: explicit lifecycle/data/rule/security/UX/integration/exception/verification ownership plus module-specific risk review.,Module Semantic Red-Team AI,2026-08-31
F266,Asset accounting integration,Assets,APPROVED,asset,8,F266-SEM-01;F266-SEM-02;F266-SEM-03;F266-SEM-04;F266-SEM-05;F266-SEM-06;F266-SEM-07;F266-SEM-08,37,AI;API;APP;AUTO;BR;CALC;CAP;DATA;E2E;FLOW;FR;INT;NOTIF;OBS;PERF;REP;SEC;UAT;US;UX;VAL,NO,NO,KEEP_CANONICAL_510_EXPAND_EXISTING_DOSSIER,Pass B adversarial semantic freeze: explicit lifecycle/data/rule/security/UX/integration/exception/verification ownership plus module-specific risk review.,Module Semantic Red-Team AI,2026-08-31
F267,Asset reports,Assets,APPROVED,analytics,8,F267-SEM-01;F267-SEM-02;F267-SEM-03;F267-SEM-04;F267-SEM-05;F267-SEM-06;F267-SEM-07;F267-SEM-08,37,AI;API;APP;AUTO;BR;CALC;CAP;DATA;E2E;FLOW;FR;INT;NOTIF;OBS;PERF;REP;SEC;UAT;US;UX;VAL,NO,NO,KEEP_CANONICAL_510_EXPAND_EXISTING_DOSSIER,Pass B adversarial semantic freeze: explicit lifecycle/data/rule/security/UX/integration/exception/verification ownership plus module-specific risk review.,Module Semantic Red-Team AI,2026-08-31
F268,Stores and outlets,Point of Sale,APPROVED,pos,8,F268-SEM-01;F268-SEM-02;F268-SEM-03;F268-SEM-04;F268-SEM-05;F268-SEM-06;F268-SEM-07;F268-SEM-08,37,AI;API;APP;AUTO;BR;CALC;CAP;DATA;E2E;FLOW;FR;INT;NOTIF;OBS;PERF;REP;SEC;UAT;US;UX;VAL,NO,NO,KEEP_CANONICAL_510_EXPAND_EXISTING_DOSSIER,Pass B adversarial semantic freeze: explicit lifecycle/data/rule/security/UX/integration/exception/verification ownership plus module-specific risk review.,Module Semantic Red-Team AI,2026-08-31
F269,POS terminals,Point of Sale,APPROVED,pos,8,F269-SEM-01;F269-SEM-02;F269-SEM-03;F269-SEM-04;F269-SEM-05;F269-SEM-06;F269-SEM-07;F269-SEM-08,37,AI;API;APP;AUTO;BR;CALC;CAP;DATA;E2E;FLOW;FR;INT;NOTIF;OBS;PERF;REP;SEC;UAT;US;UX;VAL,NO,NO,KEEP_CANONICAL_510_EXPAND_EXISTING_DOSSIER,Pass B adversarial semantic freeze: explicit lifecycle/data/rule/security/UX/integration/exception/verification ownership plus module-specific risk review.,Module Semantic Red-Team AI,2026-08-31
F270,Cashiers,Point of Sale,APPROVED,pos,8,F270-SEM-01;F270-SEM-02;F270-SEM-03;F270-SEM-04;F270-SEM-05;F270-SEM-06;F270-SEM-07;F270-SEM-08,37,AI;API;APP;AUTO;BR;CALC;CAP;DATA;E2E;FLOW;FR;INT;NOTIF;OBS;PERF;REP;SEC;UAT;US;UX;VAL,NO,NO,KEEP_CANONICAL_510_EXPAND_EXISTING_DOSSIER,Pass B adversarial semantic freeze: explicit lifecycle/data/rule/security/UX/integration/exception/verification ownership plus module-specific risk review.,Module Semantic Red-Team AI,2026-08-31
F271,Cashier permissions,Point of Sale,APPROVED,pos,8,F271-SEM-01;F271-SEM-02;F271-SEM-03;F271-SEM-04;F271-SEM-05;F271-SEM-06;F271-SEM-07;F271-SEM-08,37,AI;API;APP;AUTO;BR;CALC;CAP;DATA;E2E;FLOW;FR;INT;NOTIF;OBS;PERF;REP;SEC;UAT;US;UX;VAL,NO,NO,KEEP_CANONICAL_510_EXPAND_EXISTING_DOSSIER,Pass B adversarial semantic freeze: explicit lifecycle/data/rule/security/UX/integration/exception/verification ownership plus module-specific risk review.,Module Semantic Red-Team AI,2026-08-31
F272,Product search,Point of Sale,APPROVED,pos,8,F272-SEM-01;F272-SEM-02;F272-SEM-03;F272-SEM-04;F272-SEM-05;F272-SEM-06;F272-SEM-07;F272-SEM-08,37,AI;API;APP;AUTO;BR;CALC;CAP;DATA;E2E;FLOW;FR;INT;NOTIF;OBS;PERF;REP;SEC;UAT;US;UX;VAL,NO,NO,KEEP_CANONICAL_510_EXPAND_EXISTING_DOSSIER,Pass B adversarial semantic freeze: explicit lifecycle/data/rule/security/UX/integration/exception/verification ownership plus module-specific risk review.,Module Semantic Red-Team AI,2026-08-31
F273,Barcode scanning,Point of Sale,APPROVED,pos,8,F273-SEM-01;F273-SEM-02;F273-SEM-03;F273-SEM-04;F273-SEM-05;F273-SEM-06;F273-SEM-07;F273-SEM-08,37,AI;API;APP;AUTO;BR;CALC;CAP;DATA;E2E;FLOW;FR;INT;NOTIF;OBS;PERF;REP;SEC;UAT;US;UX;VAL,NO,NO,KEEP_CANONICAL_510_EXPAND_EXISTING_DOSSIER,Pass B adversarial semantic freeze: explicit lifecycle/data/rule/security/UX/integration/exception/verification ownership plus module-specific risk review.,Module Semantic Red-Team AI,2026-08-31
F274,Product variants,Point of Sale,APPROVED,pos,8,F274-SEM-01;F274-SEM-02;F274-SEM-03;F274-SEM-04;F274-SEM-05;F274-SEM-06;F274-SEM-07;F274-SEM-08,37,AI;API;APP;AUTO;BR;CALC;CAP;DATA;E2E;FLOW;FR;INT;NOTIF;OBS;PERF;REP;SEC;UAT;US;UX;VAL,NO,NO,KEEP_CANONICAL_510_EXPAND_EXISTING_DOSSIER,Pass B adversarial semantic freeze: explicit lifecycle/data/rule/security/UX/integration/exception/verification ownership plus module-specific risk review.,Module Semantic Red-Team AI,2026-08-31
F275,Price lists,Point of Sale,APPROVED,pos,8,F275-SEM-01;F275-SEM-02;F275-SEM-03;F275-SEM-04;F275-SEM-05;F275-SEM-06;F275-SEM-07;F275-SEM-08,37,AI;API;APP;AUTO;BR;CALC;CAP;DATA;E2E;FLOW;FR;INT;NOTIF;OBS;PERF;REP;SEC;UAT;US;UX;VAL,NO,NO,KEEP_CANONICAL_510_EXPAND_EXISTING_DOSSIER,Pass B adversarial semantic freeze: explicit lifecycle/data/rule/security/UX/integration/exception/verification ownership plus module-specific risk review.,Module Semantic Red-Team AI,2026-08-31
F276,Customer selection,Point of Sale,APPROVED,decision,8,F276-SEM-01;F276-SEM-02;F276-SEM-03;F276-SEM-04;F276-SEM-05;F276-SEM-06;F276-SEM-07;F276-SEM-08,37,AI;API;APP;AUTO;BR;CALC;CAP;DATA;E2E;FLOW;FR;INT;NOTIF;OBS;PERF;REP;SEC;UAT;US;UX;VAL,NO,NO,KEEP_CANONICAL_510_EXPAND_EXISTING_DOSSIER,Pass B adversarial semantic freeze: explicit lifecycle/data/rule/security/UX/integration/exception/verification ownership plus module-specific risk review.,Module Semantic Red-Team AI,2026-08-31
F277,Cart,Point of Sale,APPROVED,pos,8,F277-SEM-01;F277-SEM-02;F277-SEM-03;F277-SEM-04;F277-SEM-05;F277-SEM-06;F277-SEM-07;F277-SEM-08,37,AI;API;APP;AUTO;BR;CALC;CAP;DATA;E2E;FLOW;FR;INT;NOTIF;OBS;PERF;REP;SEC;UAT;US;UX;VAL,NO,NO,KEEP_CANONICAL_510_EXPAND_EXISTING_DOSSIER,Pass B adversarial semantic freeze: explicit lifecycle/data/rule/security/UX/integration/exception/verification ownership plus module-specific risk review.,Module Semantic Red-Team AI,2026-08-31
F278,Taxes,Point of Sale,APPROVED,calculation,8,F278-SEM-01;F278-SEM-02;F278-SEM-03;F278-SEM-04;F278-SEM-05;F278-SEM-06;F278-SEM-07;F278-SEM-08,37,AI;API;APP;AUTO;BR;CALC;CAP;DATA;E2E;FLOW;FR;INT;NOTIF;OBS;PERF;REP;SEC;UAT;US;UX;VAL,NO,NO,KEEP_CANONICAL_510_EXPAND_EXISTING_DOSSIER,Pass B adversarial semantic freeze: explicit lifecycle/data/rule/security/UX/integration/exception/verification ownership plus module-specific risk review.,Module Semantic Red-Team AI,2026-08-31
F279,Discounts,Point of Sale,APPROVED,pos,8,F279-SEM-01;F279-SEM-02;F279-SEM-03;F279-SEM-04;F279-SEM-05;F279-SEM-06;F279-SEM-07;F279-SEM-08,37,AI;API;APP;AUTO;BR;CALC;CAP;DATA;E2E;FLOW;FR;INT;NOTIF;OBS;PERF;REP;SEC;UAT;US;UX;VAL,NO,NO,KEEP_CANONICAL_510_EXPAND_EXISTING_DOSSIER,Pass B adversarial semantic freeze: explicit lifecycle/data/rule/security/UX/integration/exception/verification ownership plus module-specific risk review.,Module Semantic Red-Team AI,2026-08-31
F280,Promotions,Point of Sale,APPROVED,pos,8,F280-SEM-01;F280-SEM-02;F280-SEM-03;F280-SEM-04;F280-SEM-05;F280-SEM-06;F280-SEM-07;F280-SEM-08,37,AI;API;APP;AUTO;BR;CALC;CAP;DATA;E2E;FLOW;FR;INT;NOTIF;OBS;PERF;REP;SEC;UAT;US;UX;VAL,NO,NO,KEEP_CANONICAL_510_EXPAND_EXISTING_DOSSIER,Pass B adversarial semantic freeze: explicit lifecycle/data/rule/security/UX/integration/exception/verification ownership plus module-specific risk review.,Module Semantic Red-Team AI,2026-08-31
F281,Coupons,Point of Sale,APPROVED,pos,8,F281-SEM-01;F281-SEM-02;F281-SEM-03;F281-SEM-04;F281-SEM-05;F281-SEM-06;F281-SEM-07;F281-SEM-08,37,AI;API;APP;AUTO;BR;CALC;CAP;DATA;E2E;FLOW;FR;INT;NOTIF;OBS;PERF;REP;SEC;UAT;US;UX;VAL,NO,NO,KEEP_CANONICAL_510_EXPAND_EXISTING_DOSSIER,Pass B adversarial semantic freeze: explicit lifecycle/data/rule/security/UX/integration/exception/verification ownership plus module-specific risk review.,Module Semantic Red-Team AI,2026-08-31
F282,Cash payments,Point of Sale,APPROVED,money_movement,8,F282-SEM-01;F282-SEM-02;F282-SEM-03;F282-SEM-04;F282-SEM-05;F282-SEM-06;F282-SEM-07;F282-SEM-08,37,AI;API;APP;AUTO;BR;CALC;CAP;DATA;E2E;FLOW;FR;INT;NOTIF;OBS;PERF;REP;SEC;UAT;US;UX;VAL,NO,NO,KEEP_CANONICAL_510_EXPAND_EXISTING_DOSSIER,Pass B adversarial semantic freeze: explicit lifecycle/data/rule/security/UX/integration/exception/verification ownership plus module-specific risk review.,Module Semantic Red-Team AI,2026-08-31
F283,Card payments,Point of Sale,APPROVED,money_movement,8,F283-SEM-01;F283-SEM-02;F283-SEM-03;F283-SEM-04;F283-SEM-05;F283-SEM-06;F283-SEM-07;F283-SEM-08,37,AI;API;APP;AUTO;BR;CALC;CAP;DATA;E2E;FLOW;FR;INT;NOTIF;OBS;PERF;REP;SEC;UAT;US;UX;VAL,NO,NO,KEEP_CANONICAL_510_EXPAND_EXISTING_DOSSIER,Pass B adversarial semantic freeze: explicit lifecycle/data/rule/security/UX/integration/exception/verification ownership plus module-specific risk review.,Module Semantic Red-Team AI,2026-08-31
F284,UPI and digital payments,Point of Sale,APPROVED,money_movement,8,F284-SEM-01;F284-SEM-02;F284-SEM-03;F284-SEM-04;F284-SEM-05;F284-SEM-06;F284-SEM-07;F284-SEM-08,37,AI;API;APP;AUTO;BR;CALC;CAP;DATA;E2E;FLOW;FR;INT;NOTIF;OBS;PERF;REP;SEC;UAT;US;UX;VAL,NO,NO,KEEP_CANONICAL_510_EXPAND_EXISTING_DOSSIER,Pass B adversarial semantic freeze: explicit lifecycle/data/rule/security/UX/integration/exception/verification ownership plus module-specific risk review.,Module Semantic Red-Team AI,2026-08-31
F285,Split payments,Point of Sale,APPROVED,money_movement,8,F285-SEM-01;F285-SEM-02;F285-SEM-03;F285-SEM-04;F285-SEM-05;F285-SEM-06;F285-SEM-07;F285-SEM-08,37,AI;API;APP;AUTO;BR;CALC;CAP;DATA;E2E;FLOW;FR;INT;NOTIF;OBS;PERF;REP;SEC;UAT;US;UX;VAL,NO,NO,KEEP_CANONICAL_510_EXPAND_EXISTING_DOSSIER,Pass B adversarial semantic freeze: explicit lifecycle/data/rule/security/UX/integration/exception/verification ownership plus module-specific risk review.,Module Semantic Red-Team AI,2026-08-31
F286,Multiple payment methods,Point of Sale,APPROVED,money_movement,8,F286-SEM-01;F286-SEM-02;F286-SEM-03;F286-SEM-04;F286-SEM-05;F286-SEM-06;F286-SEM-07;F286-SEM-08,37,AI;API;APP;AUTO;BR;CALC;CAP;DATA;E2E;FLOW;FR;INT;NOTIF;OBS;PERF;REP;SEC;UAT;US;UX;VAL,NO,NO,KEEP_CANONICAL_510_EXPAND_EXISTING_DOSSIER,Pass B adversarial semantic freeze: explicit lifecycle/data/rule/security/UX/integration/exception/verification ownership plus module-specific risk review.,Module Semantic Red-Team AI,2026-08-31
F287,Hold / suspend sale,Point of Sale,APPROVED,pos,8,F287-SEM-01;F287-SEM-02;F287-SEM-03;F287-SEM-04;F287-SEM-05;F287-SEM-06;F287-SEM-07;F287-SEM-08,37,AI;API;APP;AUTO;BR;CALC;CAP;DATA;E2E;FLOW;FR;INT;NOTIF;OBS;PERF;REP;SEC;UAT;US;UX;VAL,NO,NO,KEEP_CANONICAL_510_EXPAND_EXISTING_DOSSIER,Pass B adversarial semantic freeze: explicit lifecycle/data/rule/security/UX/integration/exception/verification ownership plus module-specific risk review.,Module Semantic Red-Team AI,2026-08-31
F288,Resume sale,Point of Sale,APPROVED,pos,8,F288-SEM-01;F288-SEM-02;F288-SEM-03;F288-SEM-04;F288-SEM-05;F288-SEM-06;F288-SEM-07;F288-SEM-08,37,AI;API;APP;AUTO;BR;CALC;CAP;DATA;E2E;FLOW;FR;INT;NOTIF;OBS;PERF;REP;SEC;UAT;US;UX;VAL,NO,NO,KEEP_CANONICAL_510_EXPAND_EXISTING_DOSSIER,Pass B adversarial semantic freeze: explicit lifecycle/data/rule/security/UX/integration/exception/verification ownership plus module-specific risk review.,Module Semantic Red-Team AI,2026-08-31
F289,Receipt printing,Point of Sale,APPROVED,pos,8,F289-SEM-01;F289-SEM-02;F289-SEM-03;F289-SEM-04;F289-SEM-05;F289-SEM-06;F289-SEM-07;F289-SEM-08,37,AI;API;APP;AUTO;BR;CALC;CAP;DATA;E2E;FLOW;FR;INT;NOTIF;OBS;PERF;REP;SEC;UAT;US;UX;VAL,NO,NO,KEEP_CANONICAL_510_EXPAND_EXISTING_DOSSIER,Pass B adversarial semantic freeze: explicit lifecycle/data/rule/security/UX/integration/exception/verification ownership plus module-specific risk review.,Module Semantic Red-Team AI,2026-08-31
F290,Invoice generation,Point of Sale,APPROVED,document,8,F290-SEM-01;F290-SEM-02;F290-SEM-03;F290-SEM-04;F290-SEM-05;F290-SEM-06;F290-SEM-07;F290-SEM-08,37,AI;API;APP;AUTO;BR;CALC;CAP;DATA;E2E;FLOW;FR;INT;NOTIF;OBS;PERF;REP;SEC;UAT;US;UX;VAL,NO,NO,KEEP_CANONICAL_510_EXPAND_EXISTING_DOSSIER,Pass B adversarial semantic freeze: explicit lifecycle/data/rule/security/UX/integration/exception/verification ownership plus module-specific risk review.,Module Semantic Red-Team AI,2026-08-31
F291,Returns,Point of Sale,APPROVED,pos,8,F291-SEM-01;F291-SEM-02;F291-SEM-03;F291-SEM-04;F291-SEM-05;F291-SEM-06;F291-SEM-07;F291-SEM-08,37,AI;API;APP;AUTO;BR;CALC;CAP;DATA;E2E;FLOW;FR;INT;NOTIF;OBS;PERF;REP;SEC;UAT;US;UX;VAL,NO,NO,KEEP_CANONICAL_510_EXPAND_EXISTING_DOSSIER,Pass B adversarial semantic freeze: explicit lifecycle/data/rule/security/UX/integration/exception/verification ownership plus module-specific risk review.,Module Semantic Red-Team AI,2026-08-31
F292,Refunds,Point of Sale,APPROVED,money_movement,8,F292-SEM-01;F292-SEM-02;F292-SEM-03;F292-SEM-04;F292-SEM-05;F292-SEM-06;F292-SEM-07;F292-SEM-08,37,AI;API;APP;AUTO;BR;CALC;CAP;DATA;E2E;FLOW;FR;INT;NOTIF;OBS;PERF;REP;SEC;UAT;US;UX;VAL,NO,NO,KEEP_CANONICAL_510_EXPAND_EXISTING_DOSSIER,Pass B adversarial semantic freeze: explicit lifecycle/data/rule/security/UX/integration/exception/verification ownership plus module-specific risk review.,Module Semantic Red-Team AI,2026-08-31
F293,Exchanges,Point of Sale,APPROVED,pos,8,F293-SEM-01;F293-SEM-02;F293-SEM-03;F293-SEM-04;F293-SEM-05;F293-SEM-06;F293-SEM-07;F293-SEM-08,37,AI;API;APP;AUTO;BR;CALC;CAP;DATA;E2E;FLOW;FR;INT;NOTIF;OBS;PERF;REP;SEC;UAT;US;UX;VAL,NO,NO,KEEP_CANONICAL_510_EXPAND_EXISTING_DOSSIER,Pass B adversarial semantic freeze: explicit lifecycle/data/rule/security/UX/integration/exception/verification ownership plus module-specific risk review.,Module Semantic Red-Team AI,2026-08-31
F294,Stock reduction,Point of Sale,APPROVED,pos,8,F294-SEM-01;F294-SEM-02;F294-SEM-03;F294-SEM-04;F294-SEM-05;F294-SEM-06;F294-SEM-07;F294-SEM-08,37,AI;API;APP;AUTO;BR;CALC;CAP;DATA;E2E;FLOW;FR;INT;NOTIF;OBS;PERF;REP;SEC;UAT;US;UX;VAL,NO,NO,KEEP_CANONICAL_510_EXPAND_EXISTING_DOSSIER,Pass B adversarial semantic freeze: explicit lifecycle/data/rule/security/UX/integration/exception/verification ownership plus module-specific risk review.,Module Semantic Red-Team AI,2026-08-31
F295,Lot / serial support where required,Point of Sale,APPROVED,pos,8,F295-SEM-01;F295-SEM-02;F295-SEM-03;F295-SEM-04;F295-SEM-05;F295-SEM-06;F295-SEM-07;F295-SEM-08,37,AI;API;APP;AUTO;BR;CALC;CAP;DATA;E2E;FLOW;FR;INT;NOTIF;OBS;PERF;REP;SEC;UAT;US;UX;VAL,NO,NO,KEEP_CANONICAL_510_EXPAND_EXISTING_DOSSIER,Pass B adversarial semantic freeze: explicit lifecycle/data/rule/security/UX/integration/exception/verification ownership plus module-specific risk review.,Module Semantic Red-Team AI,2026-08-31
F296,Real-time inventory,Point of Sale,APPROVED,pos,8,F296-SEM-01;F296-SEM-02;F296-SEM-03;F296-SEM-04;F296-SEM-05;F296-SEM-06;F296-SEM-07;F296-SEM-08,37,AI;API;APP;AUTO;BR;CALC;CAP;DATA;E2E;FLOW;FR;INT;NOTIF;OBS;PERF;REP;SEC;UAT;US;UX;VAL,NO,NO,KEEP_CANONICAL_510_EXPAND_EXISTING_DOSSIER,Pass B adversarial semantic freeze: explicit lifecycle/data/rule/security/UX/integration/exception/verification ownership plus module-specific risk review.,Module Semantic Red-Team AI,2026-08-31
F297,Offline POS,Point of Sale,APPROVED,pos,8,F297-SEM-01;F297-SEM-02;F297-SEM-03;F297-SEM-04;F297-SEM-05;F297-SEM-06;F297-SEM-07;F297-SEM-08,37,AI;API;APP;AUTO;BR;CALC;CAP;DATA;E2E;FLOW;FR;INT;NOTIF;OBS;PERF;REP;SEC;UAT;US;UX;VAL,NO,NO,KEEP_CANONICAL_510_EXPAND_EXISTING_DOSSIER,Pass B adversarial semantic freeze: explicit lifecycle/data/rule/security/UX/integration/exception/verification ownership plus module-specific risk review.,Module Semantic Red-Team AI,2026-08-31
F298,Offline-to-online synchronization,Point of Sale,APPROVED,pos,8,F298-SEM-01;F298-SEM-02;F298-SEM-03;F298-SEM-04;F298-SEM-05;F298-SEM-06;F298-SEM-07;F298-SEM-08,37,AI;API;APP;AUTO;BR;CALC;CAP;DATA;E2E;FLOW;FR;INT;NOTIF;OBS;PERF;REP;SEC;UAT;US;UX;VAL,NO,NO,KEEP_CANONICAL_510_EXPAND_EXISTING_DOSSIER,Pass B adversarial semantic freeze: explicit lifecycle/data/rule/security/UX/integration/exception/verification ownership plus module-specific risk review.,Module Semantic Red-Team AI,2026-08-31
F299,Cash drawer opening balance,Point of Sale,APPROVED,money_movement,8,F299-SEM-01;F299-SEM-02;F299-SEM-03;F299-SEM-04;F299-SEM-05;F299-SEM-06;F299-SEM-07;F299-SEM-08,37,AI;API;APP;AUTO;BR;CALC;CAP;DATA;E2E;FLOW;FR;INT;NOTIF;OBS;PERF;REP;SEC;UAT;US;UX;VAL,NO,NO,KEEP_CANONICAL_510_EXPAND_EXISTING_DOSSIER,Pass B adversarial semantic freeze: explicit lifecycle/data/rule/security/UX/integration/exception/verification ownership plus module-specific risk review.,Module Semantic Red-Team AI,2026-08-31
F300,Cash movements,Point of Sale,APPROVED,money_movement,8,F300-SEM-01;F300-SEM-02;F300-SEM-03;F300-SEM-04;F300-SEM-05;F300-SEM-06;F300-SEM-07;F300-SEM-08,37,AI;API;APP;AUTO;BR;CALC;CAP;DATA;E2E;FLOW;FR;INT;NOTIF;OBS;PERF;REP;SEC;UAT;US;UX;VAL,NO,NO,KEEP_CANONICAL_510_EXPAND_EXISTING_DOSSIER,Pass B adversarial semantic freeze: explicit lifecycle/data/rule/security/UX/integration/exception/verification ownership plus module-specific risk review.,Module Semantic Red-Team AI,2026-08-31
F301,Shift opening,Point of Sale,APPROVED,pos,8,F301-SEM-01;F301-SEM-02;F301-SEM-03;F301-SEM-04;F301-SEM-05;F301-SEM-06;F301-SEM-07;F301-SEM-08,37,AI;API;APP;AUTO;BR;CALC;CAP;DATA;E2E;FLOW;FR;INT;NOTIF;OBS;PERF;REP;SEC;UAT;US;UX;VAL,NO,NO,KEEP_CANONICAL_510_EXPAND_EXISTING_DOSSIER,Pass B adversarial semantic freeze: explicit lifecycle/data/rule/security/UX/integration/exception/verification ownership plus module-specific risk review.,Module Semantic Red-Team AI,2026-08-31
F302,Shift closing,Point of Sale,APPROVED,pos,8,F302-SEM-01;F302-SEM-02;F302-SEM-03;F302-SEM-04;F302-SEM-05;F302-SEM-06;F302-SEM-07;F302-SEM-08,37,AI;API;APP;AUTO;BR;CALC;CAP;DATA;E2E;FLOW;FR;INT;NOTIF;OBS;PERF;REP;SEC;UAT;US;UX;VAL,NO,NO,KEEP_CANONICAL_510_EXPAND_EXISTING_DOSSIER,Pass B adversarial semantic freeze: explicit lifecycle/data/rule/security/UX/integration/exception/verification ownership plus module-specific risk review.,Module Semantic Red-Team AI,2026-08-31
F303,Day-end / Z report,Point of Sale,APPROVED,pos,8,F303-SEM-01;F303-SEM-02;F303-SEM-03;F303-SEM-04;F303-SEM-05;F303-SEM-06;F303-SEM-07;F303-SEM-08,37,AI;API;APP;AUTO;BR;CALC;CAP;DATA;E2E;FLOW;FR;INT;NOTIF;OBS;PERF;REP;SEC;UAT;US;UX;VAL,NO,NO,KEEP_CANONICAL_510_EXPAND_EXISTING_DOSSIER,Pass B adversarial semantic freeze: explicit lifecycle/data/rule/security/UX/integration/exception/verification ownership plus module-specific risk review.,Module Semantic Red-Team AI,2026-08-31
F304,Payment reconciliation,Point of Sale,APPROVED,money_movement,8,F304-SEM-01;F304-SEM-02;F304-SEM-03;F304-SEM-04;F304-SEM-05;F304-SEM-06;F304-SEM-07;F304-SEM-08,37,AI;API;APP;AUTO;BR;CALC;CAP;DATA;E2E;FLOW;FR;INT;NOTIF;OBS;PERF;REP;SEC;UAT;US;UX;VAL,NO,NO,KEEP_CANONICAL_510_EXPAND_EXISTING_DOSSIER,Pass B adversarial semantic freeze: explicit lifecycle/data/rule/security/UX/integration/exception/verification ownership plus module-specific risk review.,Module Semantic Red-Team AI,2026-08-31
F305,POS accounting posting,Point of Sale,APPROVED,pos,8,F305-SEM-01;F305-SEM-02;F305-SEM-03;F305-SEM-04;F305-SEM-05;F305-SEM-06;F305-SEM-07;F305-SEM-08,37,AI;API;APP;AUTO;BR;CALC;CAP;DATA;E2E;FLOW;FR;INT;NOTIF;OBS;PERF;REP;SEC;UAT;US;UX;VAL,NO,NO,KEEP_CANONICAL_510_EXPAND_EXISTING_DOSSIER,Pass B adversarial semantic freeze: explicit lifecycle/data/rule/security/UX/integration/exception/verification ownership plus module-specific risk review.,Module Semantic Red-Team AI,2026-08-31
F306,Loyalty,Point of Sale,APPROVED,pos,8,F306-SEM-01;F306-SEM-02;F306-SEM-03;F306-SEM-04;F306-SEM-05;F306-SEM-06;F306-SEM-07;F306-SEM-08,37,AI;API;APP;AUTO;BR;CALC;CAP;DATA;E2E;FLOW;FR;INT;NOTIF;OBS;PERF;REP;SEC;UAT;US;UX;VAL,NO,NO,KEEP_CANONICAL_510_EXPAND_EXISTING_DOSSIER,Pass B adversarial semantic freeze: explicit lifecycle/data/rule/security/UX/integration/exception/verification ownership plus module-specific risk review.,Module Semantic Red-Team AI,2026-08-31
F307,POS sales analytics,Point of Sale,APPROVED,analytics,8,F307-SEM-01;F307-SEM-02;F307-SEM-03;F307-SEM-04;F307-SEM-05;F307-SEM-06;F307-SEM-07;F307-SEM-08,37,AI;API;APP;AUTO;BR;CALC;CAP;DATA;E2E;FLOW;FR;INT;NOTIF;OBS;PERF;REP;SEC;UAT;US;UX;VAL,NO,NO,KEEP_CANONICAL_510_EXPAND_EXISTING_DOSSIER,Pass B adversarial semantic freeze: explicit lifecycle/data/rule/security/UX/integration/exception/verification ownership plus module-specific risk review.,Module Semantic Red-Team AI,2026-08-31
F308,Quality standards,Quality,APPROVED,master_config,8,F308-SEM-01;F308-SEM-02;F308-SEM-03;F308-SEM-04;F308-SEM-05;F308-SEM-06;F308-SEM-07;F308-SEM-08,37,AI;API;APP;AUTO;BR;CALC;CAP;DATA;E2E;FLOW;FR;INT;NOTIF;OBS;PERF;REP;SEC;UAT;US;UX;VAL,NO,NO,KEEP_CANONICAL_510_EXPAND_EXISTING_DOSSIER,Pass B adversarial semantic freeze: explicit lifecycle/data/rule/security/UX/integration/exception/verification ownership plus module-specific risk review.,Module Semantic Red-Team AI,2026-08-31
F309,Inspection specifications,Quality,APPROVED,quality,8,F309-SEM-01;F309-SEM-02;F309-SEM-03;F309-SEM-04;F309-SEM-05;F309-SEM-06;F309-SEM-07;F309-SEM-08,37,AI;API;APP;AUTO;BR;CALC;CAP;DATA;E2E;FLOW;FR;INT;NOTIF;OBS;PERF;REP;SEC;UAT;US;UX;VAL,NO,NO,KEEP_CANONICAL_510_EXPAND_EXISTING_DOSSIER,Pass B adversarial semantic freeze: explicit lifecycle/data/rule/security/UX/integration/exception/verification ownership plus module-specific risk review.,Module Semantic Red-Team AI,2026-08-31
F310,Quality plans,Quality,APPROVED,master_config,8,F310-SEM-01;F310-SEM-02;F310-SEM-03;F310-SEM-04;F310-SEM-05;F310-SEM-06;F310-SEM-07;F310-SEM-08,37,AI;API;APP;AUTO;BR;CALC;CAP;DATA;E2E;FLOW;FR;INT;NOTIF;OBS;PERF;REP;SEC;UAT;US;UX;VAL,NO,NO,KEEP_CANONICAL_510_EXPAND_EXISTING_DOSSIER,Pass B adversarial semantic freeze: explicit lifecycle/data/rule/security/UX/integration/exception/verification ownership plus module-specific risk review.,Module Semantic Red-Team AI,2026-08-31
F311,Quality control points,Quality,APPROVED,operational,8,F311-SEM-01;F311-SEM-02;F311-SEM-03;F311-SEM-04;F311-SEM-05;F311-SEM-06;F311-SEM-07;F311-SEM-08,37,AI;API;APP;AUTO;BR;CALC;CAP;DATA;E2E;FLOW;FR;INT;NOTIF;OBS;PERF;REP;SEC;UAT;US;UX;VAL,NO,NO,KEEP_CANONICAL_510_EXPAND_EXISTING_DOSSIER,Pass B adversarial semantic freeze: explicit lifecycle/data/rule/security/UX/integration/exception/verification ownership plus module-specific risk review.,Module Semantic Red-Team AI,2026-08-31
F312,Incoming inspection,Quality,APPROVED,quality,8,F312-SEM-01;F312-SEM-02;F312-SEM-03;F312-SEM-04;F312-SEM-05;F312-SEM-06;F312-SEM-07;F312-SEM-08,37,AI;API;APP;AUTO;BR;CALC;CAP;DATA;E2E;FLOW;FR;INT;NOTIF;OBS;PERF;REP;SEC;UAT;US;UX;VAL,NO,NO,KEEP_CANONICAL_510_EXPAND_EXISTING_DOSSIER,Pass B adversarial semantic freeze: explicit lifecycle/data/rule/security/UX/integration/exception/verification ownership plus module-specific risk review.,Module Semantic Red-Team AI,2026-08-31
F313,In-process inspection,Quality,APPROVED,quality,8,F313-SEM-01;F313-SEM-02;F313-SEM-03;F313-SEM-04;F313-SEM-05;F313-SEM-06;F313-SEM-07;F313-SEM-08,37,AI;API;APP;AUTO;BR;CALC;CAP;DATA;E2E;FLOW;FR;INT;NOTIF;OBS;PERF;REP;SEC;UAT;US;UX;VAL,NO,NO,KEEP_CANONICAL_510_EXPAND_EXISTING_DOSSIER,Pass B adversarial semantic freeze: explicit lifecycle/data/rule/security/UX/integration/exception/verification ownership plus module-specific risk review.,Module Semantic Red-Team AI,2026-08-31
F314,Final inspection,Quality,APPROVED,quality,8,F314-SEM-01;F314-SEM-02;F314-SEM-03;F314-SEM-04;F314-SEM-05;F314-SEM-06;F314-SEM-07;F314-SEM-08,37,AI;API;APP;AUTO;BR;CALC;CAP;DATA;E2E;FLOW;FR;INT;NOTIF;OBS;PERF;REP;SEC;UAT;US;UX;VAL,NO,NO,KEEP_CANONICAL_510_EXPAND_EXISTING_DOSSIER,Pass B adversarial semantic freeze: explicit lifecycle/data/rule/security/UX/integration/exception/verification ownership plus module-specific risk review.,Module Semantic Red-Team AI,2026-08-31
F315,Sampling plans,Quality,APPROVED,quality,8,F315-SEM-01;F315-SEM-02;F315-SEM-03;F315-SEM-04;F315-SEM-05;F315-SEM-06;F315-SEM-07;F315-SEM-08,37,AI;API;APP;AUTO;BR;CALC;CAP;DATA;E2E;FLOW;FR;INT;NOTIF;OBS;PERF;REP;SEC;UAT;US;UX;VAL,NO,NO,KEEP_CANONICAL_510_EXPAND_EXISTING_DOSSIER,Pass B adversarial semantic freeze: explicit lifecycle/data/rule/security/UX/integration/exception/verification ownership plus module-specific risk review.,Module Semantic Red-Team AI,2026-08-31
F316,Measurement checks,Quality,APPROVED,quality,8,F316-SEM-01;F316-SEM-02;F316-SEM-03;F316-SEM-04;F316-SEM-05;F316-SEM-06;F316-SEM-07;F316-SEM-08,37,AI;API;APP;AUTO;BR;CALC;CAP;DATA;E2E;FLOW;FR;INT;NOTIF;OBS;PERF;REP;SEC;UAT;US;UX;VAL,NO,NO,KEEP_CANONICAL_510_EXPAND_EXISTING_DOSSIER,Pass B adversarial semantic freeze: explicit lifecycle/data/rule/security/UX/integration/exception/verification ownership plus module-specific risk review.,Module Semantic Red-Team AI,2026-08-31
F317,Pass / fail checks,Quality,APPROVED,operational,8,F317-SEM-01;F317-SEM-02;F317-SEM-03;F317-SEM-04;F317-SEM-05;F317-SEM-06;F317-SEM-07;F317-SEM-08,37,AI;API;APP;AUTO;BR;CALC;CAP;DATA;E2E;FLOW;FR;INT;NOTIF;OBS;PERF;REP;SEC;UAT;US;UX;VAL,NO,NO,KEEP_CANONICAL_510_EXPAND_EXISTING_DOSSIER,Pass B adversarial semantic freeze: explicit lifecycle/data/rule/security/UX/integration/exception/verification ownership plus module-specific risk review.,Module Semantic Red-Team AI,2026-08-31
F318,Tolerances,Quality,APPROVED,quality,8,F318-SEM-01;F318-SEM-02;F318-SEM-03;F318-SEM-04;F318-SEM-05;F318-SEM-06;F318-SEM-07;F318-SEM-08,37,AI;API;APP;AUTO;BR;CALC;CAP;DATA;E2E;FLOW;FR;INT;NOTIF;OBS;PERF;REP;SEC;UAT;US;UX;VAL,NO,NO,KEEP_CANONICAL_510_EXPAND_EXISTING_DOSSIER,Pass B adversarial semantic freeze: explicit lifecycle/data/rule/security/UX/integration/exception/verification ownership plus module-specific risk review.,Module Semantic Red-Team AI,2026-08-31
F319,Inspection results,Quality,APPROVED,quality,8,F319-SEM-01;F319-SEM-02;F319-SEM-03;F319-SEM-04;F319-SEM-05;F319-SEM-06;F319-SEM-07;F319-SEM-08,37,AI;API;APP;AUTO;BR;CALC;CAP;DATA;E2E;FLOW;FR;INT;NOTIF;OBS;PERF;REP;SEC;UAT;US;UX;VAL,NO,NO,KEEP_CANONICAL_510_EXPAND_EXISTING_DOSSIER,Pass B adversarial semantic freeze: explicit lifecycle/data/rule/security/UX/integration/exception/verification ownership plus module-specific risk review.,Module Semantic Red-Team AI,2026-08-31
F320,Defect recording,Quality,APPROVED,quality,8,F320-SEM-01;F320-SEM-02;F320-SEM-03;F320-SEM-04;F320-SEM-05;F320-SEM-06;F320-SEM-07;F320-SEM-08,37,AI;API;APP;AUTO;BR;CALC;CAP;DATA;E2E;FLOW;FR;INT;NOTIF;OBS;PERF;REP;SEC;UAT;US;UX;VAL,NO,NO,KEEP_CANONICAL_510_EXPAND_EXISTING_DOSSIER,Pass B adversarial semantic freeze: explicit lifecycle/data/rule/security/UX/integration/exception/verification ownership plus module-specific risk review.,Module Semantic Red-Team AI,2026-08-31
F321,Non-conformance / NCR,Quality,APPROVED,quality,8,F321-SEM-01;F321-SEM-02;F321-SEM-03;F321-SEM-04;F321-SEM-05;F321-SEM-06;F321-SEM-07;F321-SEM-08,37,AI;API;APP;AUTO;BR;CALC;CAP;DATA;E2E;FLOW;FR;INT;NOTIF;OBS;PERF;REP;SEC;UAT;US;UX;VAL,NO,NO,KEEP_CANONICAL_510_EXPAND_EXISTING_DOSSIER,Pass B adversarial semantic freeze: explicit lifecycle/data/rule/security/UX/integration/exception/verification ownership plus module-specific risk review.,Module Semantic Red-Team AI,2026-08-31
F322,Quality hold,Quality,APPROVED,quality,8,F322-SEM-01;F322-SEM-02;F322-SEM-03;F322-SEM-04;F322-SEM-05;F322-SEM-06;F322-SEM-07;F322-SEM-08,37,AI;API;APP;AUTO;BR;CALC;CAP;DATA;E2E;FLOW;FR;INT;NOTIF;OBS;PERF;REP;SEC;UAT;US;UX;VAL,NO,NO,KEEP_CANONICAL_510_EXPAND_EXISTING_DOSSIER,Pass B adversarial semantic freeze: explicit lifecycle/data/rule/security/UX/integration/exception/verification ownership plus module-specific risk review.,Module Semantic Red-Team AI,2026-08-31
F323,Quality hold must block stock movement,Quality,APPROVED,quality,8,F323-SEM-01;F323-SEM-02;F323-SEM-03;F323-SEM-04;F323-SEM-05;F323-SEM-06;F323-SEM-07;F323-SEM-08,37,AI;API;APP;AUTO;BR;CALC;CAP;DATA;E2E;FLOW;FR;INT;NOTIF;OBS;PERF;REP;SEC;UAT;US;UX;VAL,NO,NO,KEEP_CANONICAL_510_EXPAND_EXISTING_DOSSIER,Pass B adversarial semantic freeze: explicit lifecycle/data/rule/security/UX/integration/exception/verification ownership plus module-specific risk review.,Module Semantic Red-Team AI,2026-08-31
F324,Hold release,Quality,APPROVED,decision,8,F324-SEM-01;F324-SEM-02;F324-SEM-03;F324-SEM-04;F324-SEM-05;F324-SEM-06;F324-SEM-07;F324-SEM-08,37,AI;API;APP;AUTO;BR;CALC;CAP;DATA;E2E;FLOW;FR;INT;NOTIF;OBS;PERF;REP;SEC;UAT;US;UX;VAL,NO,NO,KEEP_CANONICAL_510_EXPAND_EXISTING_DOSSIER,Pass B adversarial semantic freeze: explicit lifecycle/data/rule/security/UX/integration/exception/verification ownership plus module-specific risk review.,Module Semantic Red-Team AI,2026-08-31
F325,Disposition,Quality,APPROVED,decision,8,F325-SEM-01;F325-SEM-02;F325-SEM-03;F325-SEM-04;F325-SEM-05;F325-SEM-06;F325-SEM-07;F325-SEM-08,37,AI;API;APP;AUTO;BR;CALC;CAP;DATA;E2E;FLOW;FR;INT;NOTIF;OBS;PERF;REP;SEC;UAT;US;UX;VAL,NO,NO,KEEP_CANONICAL_510_EXPAND_EXISTING_DOSSIER,Pass B adversarial semantic freeze: explicit lifecycle/data/rule/security/UX/integration/exception/verification ownership plus module-specific risk review.,Module Semantic Red-Team AI,2026-08-31
F326,Rework,Quality,APPROVED,operational,8,F326-SEM-01;F326-SEM-02;F326-SEM-03;F326-SEM-04;F326-SEM-05;F326-SEM-06;F326-SEM-07;F326-SEM-08,37,AI;API;APP;AUTO;BR;CALC;CAP;DATA;E2E;FLOW;FR;INT;NOTIF;OBS;PERF;REP;SEC;UAT;US;UX;VAL,NO,NO,KEEP_CANONICAL_510_EXPAND_EXISTING_DOSSIER,Pass B adversarial semantic freeze: explicit lifecycle/data/rule/security/UX/integration/exception/verification ownership plus module-specific risk review.,Module Semantic Red-Team AI,2026-08-31
F327,Scrap,Quality,APPROVED,operational,8,F327-SEM-01;F327-SEM-02;F327-SEM-03;F327-SEM-04;F327-SEM-05;F327-SEM-06;F327-SEM-07;F327-SEM-08,37,AI;API;APP;AUTO;BR;CALC;CAP;DATA;E2E;FLOW;FR;INT;NOTIF;OBS;PERF;REP;SEC;UAT;US;UX;VAL,NO,NO,KEEP_CANONICAL_510_EXPAND_EXISTING_DOSSIER,Pass B adversarial semantic freeze: explicit lifecycle/data/rule/security/UX/integration/exception/verification ownership plus module-specific risk review.,Module Semantic Red-Team AI,2026-08-31
F328,Return to supplier,Quality,APPROVED,operational,8,F328-SEM-01;F328-SEM-02;F328-SEM-03;F328-SEM-04;F328-SEM-05;F328-SEM-06;F328-SEM-07;F328-SEM-08,37,AI;API;APP;AUTO;BR;CALC;CAP;DATA;E2E;FLOW;FR;INT;NOTIF;OBS;PERF;REP;SEC;UAT;US;UX;VAL,NO,NO,KEEP_CANONICAL_510_EXPAND_EXISTING_DOSSIER,Pass B adversarial semantic freeze: explicit lifecycle/data/rule/security/UX/integration/exception/verification ownership plus module-specific risk review.,Module Semantic Red-Team AI,2026-08-31
F329,Use-as-is approval,Quality,APPROVED,decision,8,F329-SEM-01;F329-SEM-02;F329-SEM-03;F329-SEM-04;F329-SEM-05;F329-SEM-06;F329-SEM-07;F329-SEM-08,37,AI;API;APP;AUTO;BR;CALC;CAP;DATA;E2E;FLOW;FR;INT;NOTIF;OBS;PERF;REP;SEC;UAT;US;UX;VAL,NO,NO,KEEP_CANONICAL_510_EXPAND_EXISTING_DOSSIER,Pass B adversarial semantic freeze: explicit lifecycle/data/rule/security/UX/integration/exception/verification ownership plus module-specific risk review.,Module Semantic Red-Team AI,2026-08-31
F330,Root-cause analysis,Quality,APPROVED,analytics,8,F330-SEM-01;F330-SEM-02;F330-SEM-03;F330-SEM-04;F330-SEM-05;F330-SEM-06;F330-SEM-07;F330-SEM-08,37,AI;API;APP;AUTO;BR;CALC;CAP;DATA;E2E;FLOW;FR;INT;NOTIF;OBS;PERF;REP;SEC;UAT;US;UX;VAL,NO,NO,KEEP_CANONICAL_510_EXPAND_EXISTING_DOSSIER,Pass B adversarial semantic freeze: explicit lifecycle/data/rule/security/UX/integration/exception/verification ownership plus module-specific risk review.,Module Semantic Red-Team AI,2026-08-31
F331,CAPA,Quality,APPROVED,quality,8,F331-SEM-01;F331-SEM-02;F331-SEM-03;F331-SEM-04;F331-SEM-05;F331-SEM-06;F331-SEM-07;F331-SEM-08,37,AI;API;APP;AUTO;BR;CALC;CAP;DATA;E2E;FLOW;FR;INT;NOTIF;OBS;PERF;REP;SEC;UAT;US;UX;VAL,NO,NO,KEEP_CANONICAL_510_EXPAND_EXISTING_DOSSIER,Pass B adversarial semantic freeze: explicit lifecycle/data/rule/security/UX/integration/exception/verification ownership plus module-specific risk review.,Module Semantic Red-Team AI,2026-08-31
F332,Corrective actions,Quality,APPROVED,operational,8,F332-SEM-01;F332-SEM-02;F332-SEM-03;F332-SEM-04;F332-SEM-05;F332-SEM-06;F332-SEM-07;F332-SEM-08,37,AI;API;APP;AUTO;BR;CALC;CAP;DATA;E2E;FLOW;FR;INT;NOTIF;OBS;PERF;REP;SEC;UAT;US;UX;VAL,NO,NO,KEEP_CANONICAL_510_EXPAND_EXISTING_DOSSIER,Pass B adversarial semantic freeze: explicit lifecycle/data/rule/security/UX/integration/exception/verification ownership plus module-specific risk review.,Module Semantic Red-Team AI,2026-08-31
F333,Preventive actions,Quality,APPROVED,operational,8,F333-SEM-01;F333-SEM-02;F333-SEM-03;F333-SEM-04;F333-SEM-05;F333-SEM-06;F333-SEM-07;F333-SEM-08,37,AI;API;APP;AUTO;BR;CALC;CAP;DATA;E2E;FLOW;FR;INT;NOTIF;OBS;PERF;REP;SEC;UAT;US;UX;VAL,NO,NO,KEEP_CANONICAL_510_EXPAND_EXISTING_DOSSIER,Pass B adversarial semantic freeze: explicit lifecycle/data/rule/security/UX/integration/exception/verification ownership plus module-specific risk review.,Module Semantic Red-Team AI,2026-08-31
F334,Supplier quality,Quality,APPROVED,operational,8,F334-SEM-01;F334-SEM-02;F334-SEM-03;F334-SEM-04;F334-SEM-05;F334-SEM-06;F334-SEM-07;F334-SEM-08,37,AI;API;APP;AUTO;BR;CALC;CAP;DATA;E2E;FLOW;FR;INT;NOTIF;OBS;PERF;REP;SEC;UAT;US;UX;VAL,NO,NO,KEEP_CANONICAL_510_EXPAND_EXISTING_DOSSIER,Pass B adversarial semantic freeze: explicit lifecycle/data/rule/security/UX/integration/exception/verification ownership plus module-specific risk review.,Module Semantic Red-Team AI,2026-08-31
F335,Customer quality complaints,Quality,APPROVED,operational,8,F335-SEM-01;F335-SEM-02;F335-SEM-03;F335-SEM-04;F335-SEM-05;F335-SEM-06;F335-SEM-07;F335-SEM-08,37,AI;API;APP;AUTO;BR;CALC;CAP;DATA;E2E;FLOW;FR;INT;NOTIF;OBS;PERF;REP;SEC;UAT;US;UX;VAL,NO,NO,KEEP_CANONICAL_510_EXPAND_EXISTING_DOSSIER,Pass B adversarial semantic freeze: explicit lifecycle/data/rule/security/UX/integration/exception/verification ownership plus module-specific risk review.,Module Semantic Red-Team AI,2026-08-31
F336,Calibration,Quality,APPROVED,quality,8,F336-SEM-01;F336-SEM-02;F336-SEM-03;F336-SEM-04;F336-SEM-05;F336-SEM-06;F336-SEM-07;F336-SEM-08,37,AI;API;APP;AUTO;BR;CALC;CAP;DATA;E2E;FLOW;FR;INT;NOTIF;OBS;PERF;REP;SEC;UAT;US;UX;VAL,NO,NO,KEEP_CANONICAL_510_EXPAND_EXISTING_DOSSIER,Pass B adversarial semantic freeze: explicit lifecycle/data/rule/security/UX/integration/exception/verification ownership plus module-specific risk review.,Module Semantic Red-Team AI,2026-08-31
F337,Quality audits,Quality,APPROVED,quality,8,F337-SEM-01;F337-SEM-02;F337-SEM-03;F337-SEM-04;F337-SEM-05;F337-SEM-06;F337-SEM-07;F337-SEM-08,37,AI;API;APP;AUTO;BR;CALC;CAP;DATA;E2E;FLOW;FR;INT;NOTIF;OBS;PERF;REP;SEC;UAT;US;UX;VAL,NO,NO,KEEP_CANONICAL_510_EXPAND_EXISTING_DOSSIER,Pass B adversarial semantic freeze: explicit lifecycle/data/rule/security/UX/integration/exception/verification ownership plus module-specific risk review.,Module Semantic Red-Team AI,2026-08-31
F338,Certificate of Analysis,Quality,APPROVED,analytics,8,F338-SEM-01;F338-SEM-02;F338-SEM-03;F338-SEM-04;F338-SEM-05;F338-SEM-06;F338-SEM-07;F338-SEM-08,37,AI;API;APP;AUTO;BR;CALC;CAP;DATA;E2E;FLOW;FR;INT;NOTIF;OBS;PERF;REP;SEC;UAT;US;UX;VAL,NO,NO,KEEP_CANONICAL_510_EXPAND_EXISTING_DOSSIER,Pass B adversarial semantic freeze: explicit lifecycle/data/rule/security/UX/integration/exception/verification ownership plus module-specific risk review.,Module Semantic Red-Team AI,2026-08-31
F339,Lot / batch traceability,Quality,APPROVED,quality,8,F339-SEM-01;F339-SEM-02;F339-SEM-03;F339-SEM-04;F339-SEM-05;F339-SEM-06;F339-SEM-07;F339-SEM-08,37,AI;API;APP;AUTO;BR;CALC;CAP;DATA;E2E;FLOW;FR;INT;NOTIF;OBS;PERF;REP;SEC;UAT;US;UX;VAL,NO,NO,KEEP_CANONICAL_510_EXPAND_EXISTING_DOSSIER,Pass B adversarial semantic freeze: explicit lifecycle/data/rule/security/UX/integration/exception/verification ownership plus module-specific risk review.,Module Semantic Red-Team AI,2026-08-31
F340,Quality documents,Quality,APPROVED,operational,8,F340-SEM-01;F340-SEM-02;F340-SEM-03;F340-SEM-04;F340-SEM-05;F340-SEM-06;F340-SEM-07;F340-SEM-08,37,AI;API;APP;AUTO;BR;CALC;CAP;DATA;E2E;FLOW;FR;INT;NOTIF;OBS;PERF;REP;SEC;UAT;US;UX;VAL,NO,NO,KEEP_CANONICAL_510_EXPAND_EXISTING_DOSSIER,Pass B adversarial semantic freeze: explicit lifecycle/data/rule/security/UX/integration/exception/verification ownership plus module-specific risk review.,Module Semantic Red-Team AI,2026-08-31
F341,Quality cost reporting,Quality,APPROVED,analytics,8,F341-SEM-01;F341-SEM-02;F341-SEM-03;F341-SEM-04;F341-SEM-05;F341-SEM-06;F341-SEM-07;F341-SEM-08,37,AI;API;APP;AUTO;BR;CALC;CAP;DATA;E2E;FLOW;FR;INT;NOTIF;OBS;PERF;REP;SEC;UAT;US;UX;VAL,NO,NO,KEEP_CANONICAL_510_EXPAND_EXISTING_DOSSIER,Pass B adversarial semantic freeze: explicit lifecycle/data/rule/security/UX/integration/exception/verification ownership plus module-specific risk review.,Module Semantic Red-Team AI,2026-08-31
F342,Quality KPI dashboard,Quality,APPROVED,analytics,8,F342-SEM-01;F342-SEM-02;F342-SEM-03;F342-SEM-04;F342-SEM-05;F342-SEM-06;F342-SEM-07;F342-SEM-08,37,AI;API;APP;AUTO;BR;CALC;CAP;DATA;E2E;FLOW;FR;INT;NOTIF;OBS;PERF;REP;SEC;UAT;US;UX;VAL,NO,NO,KEEP_CANONICAL_510_EXPAND_EXISTING_DOSSIER,Pass B adversarial semantic freeze: explicit lifecycle/data/rule/security/UX/integration/exception/verification ownership plus module-specific risk review.,Module Semantic Red-Team AI,2026-08-31
F343,Tickets and cases,Support / Customer Service,APPROVED,case_management,8,F343-SEM-01;F343-SEM-02;F343-SEM-03;F343-SEM-04;F343-SEM-05;F343-SEM-06;F343-SEM-07;F343-SEM-08,37,AI;API;APP;AUTO;BR;CALC;CAP;DATA;E2E;FLOW;FR;INT;NOTIF;OBS;PERF;REP;SEC;UAT;US;UX;VAL,NO,NO,KEEP_CANONICAL_510_EXPAND_EXISTING_DOSSIER,Pass B adversarial semantic freeze: explicit lifecycle/data/rule/security/UX/integration/exception/verification ownership plus module-specific risk review.,Module Semantic Red-Team AI,2026-08-31
F344,Ticket number,Support / Customer Service,APPROVED,case_management,8,F344-SEM-01;F344-SEM-02;F344-SEM-03;F344-SEM-04;F344-SEM-05;F344-SEM-06;F344-SEM-07;F344-SEM-08,37,AI;API;APP;AUTO;BR;CALC;CAP;DATA;E2E;FLOW;FR;INT;NOTIF;OBS;PERF;REP;SEC;UAT;US;UX;VAL,NO,NO,KEEP_CANONICAL_510_EXPAND_EXISTING_DOSSIER,Pass B adversarial semantic freeze: explicit lifecycle/data/rule/security/UX/integration/exception/verification ownership plus module-specific risk review.,Module Semantic Red-Team AI,2026-08-31
F345,Customer,Support / Customer Service,APPROVED,case_management,8,F345-SEM-01;F345-SEM-02;F345-SEM-03;F345-SEM-04;F345-SEM-05;F345-SEM-06;F345-SEM-07;F345-SEM-08,37,AI;API;APP;AUTO;BR;CALC;CAP;DATA;E2E;FLOW;FR;INT;NOTIF;OBS;PERF;REP;SEC;UAT;US;UX;VAL,NO,NO,KEEP_CANONICAL_510_EXPAND_EXISTING_DOSSIER,Pass B adversarial semantic freeze: explicit lifecycle/data/rule/security/UX/integration/exception/verification ownership plus module-specific risk review.,Module Semantic Red-Team AI,2026-08-31
F346,Contact,Support / Customer Service,APPROVED,case_management,8,F346-SEM-01;F346-SEM-02;F346-SEM-03;F346-SEM-04;F346-SEM-05;F346-SEM-06;F346-SEM-07;F346-SEM-08,37,AI;API;APP;AUTO;BR;CALC;CAP;DATA;E2E;FLOW;FR;INT;NOTIF;OBS;PERF;REP;SEC;UAT;US;UX;VAL,NO,NO,KEEP_CANONICAL_510_EXPAND_EXISTING_DOSSIER,Pass B adversarial semantic freeze: explicit lifecycle/data/rule/security/UX/integration/exception/verification ownership plus module-specific risk review.,Module Semantic Red-Team AI,2026-08-31
F347,Category,Support / Customer Service,APPROVED,case_management,8,F347-SEM-01;F347-SEM-02;F347-SEM-03;F347-SEM-04;F347-SEM-05;F347-SEM-06;F347-SEM-07;F347-SEM-08,37,AI;API;APP;AUTO;BR;CALC;CAP;DATA;E2E;FLOW;FR;INT;NOTIF;OBS;PERF;REP;SEC;UAT;US;UX;VAL,NO,NO,KEEP_CANONICAL_510_EXPAND_EXISTING_DOSSIER,Pass B adversarial semantic freeze: explicit lifecycle/data/rule/security/UX/integration/exception/verification ownership plus module-specific risk review.,Module Semantic Red-Team AI,2026-08-31
F348,Priority,Support / Customer Service,APPROVED,case_management,8,F348-SEM-01;F348-SEM-02;F348-SEM-03;F348-SEM-04;F348-SEM-05;F348-SEM-06;F348-SEM-07;F348-SEM-08,37,AI;API;APP;AUTO;BR;CALC;CAP;DATA;E2E;FLOW;FR;INT;NOTIF;OBS;PERF;REP;SEC;UAT;US;UX;VAL,NO,NO,KEEP_CANONICAL_510_EXPAND_EXISTING_DOSSIER,Pass B adversarial semantic freeze: explicit lifecycle/data/rule/security/UX/integration/exception/verification ownership plus module-specific risk review.,Module Semantic Red-Team AI,2026-08-31
F349,Status,Support / Customer Service,APPROVED,case_management,8,F349-SEM-01;F349-SEM-02;F349-SEM-03;F349-SEM-04;F349-SEM-05;F349-SEM-06;F349-SEM-07;F349-SEM-08,37,AI;API;APP;AUTO;BR;CALC;CAP;DATA;E2E;FLOW;FR;INT;NOTIF;OBS;PERF;REP;SEC;UAT;US;UX;VAL,NO,NO,KEEP_CANONICAL_510_EXPAND_EXISTING_DOSSIER,Pass B adversarial semantic freeze: explicit lifecycle/data/rule/security/UX/integration/exception/verification ownership plus module-specific risk review.,Module Semantic Red-Team AI,2026-08-31
F350,Queues,Support / Customer Service,APPROVED,case_management,8,F350-SEM-01;F350-SEM-02;F350-SEM-03;F350-SEM-04;F350-SEM-05;F350-SEM-06;F350-SEM-07;F350-SEM-08,37,AI;API;APP;AUTO;BR;CALC;CAP;DATA;E2E;FLOW;FR;INT;NOTIF;OBS;PERF;REP;SEC;UAT;US;UX;VAL,NO,NO,KEEP_CANONICAL_510_EXPAND_EXISTING_DOSSIER,Pass B adversarial semantic freeze: explicit lifecycle/data/rule/security/UX/integration/exception/verification ownership plus module-specific risk review.,Module Semantic Red-Team AI,2026-08-31
F351,Agent assignment,Support / Customer Service,APPROVED,decision,8,F351-SEM-01;F351-SEM-02;F351-SEM-03;F351-SEM-04;F351-SEM-05;F351-SEM-06;F351-SEM-07;F351-SEM-08,37,AI;API;APP;AUTO;BR;CALC;CAP;DATA;E2E;FLOW;FR;INT;NOTIF;OBS;PERF;REP;SEC;UAT;US;UX;VAL,NO,NO,KEEP_CANONICAL_510_EXPAND_EXISTING_DOSSIER,Pass B adversarial semantic freeze: explicit lifecycle/data/rule/security/UX/integration/exception/verification ownership plus module-specific risk review.,Module Semantic Red-Team AI,2026-08-31
F352,Automatic routing,Support / Customer Service,APPROVED,decision,8,F352-SEM-01;F352-SEM-02;F352-SEM-03;F352-SEM-04;F352-SEM-05;F352-SEM-06;F352-SEM-07;F352-SEM-08,37,AI;API;APP;AUTO;BR;CALC;CAP;DATA;E2E;FLOW;FR;INT;NOTIF;OBS;PERF;REP;SEC;UAT;US;UX;VAL,NO,NO,KEEP_CANONICAL_510_EXPAND_EXISTING_DOSSIER,Pass B adversarial semantic freeze: explicit lifecycle/data/rule/security/UX/integration/exception/verification ownership plus module-specific risk review.,Module Semantic Red-Team AI,2026-08-31
F353,Email-to-ticket,Support / Customer Service,APPROVED,case_management,8,F353-SEM-01;F353-SEM-02;F353-SEM-03;F353-SEM-04;F353-SEM-05;F353-SEM-06;F353-SEM-07;F353-SEM-08,37,AI;API;APP;AUTO;BR;CALC;CAP;DATA;E2E;FLOW;FR;INT;NOTIF;OBS;PERF;REP;SEC;UAT;US;UX;VAL,NO,NO,KEEP_CANONICAL_510_EXPAND_EXISTING_DOSSIER,Pass B adversarial semantic freeze: explicit lifecycle/data/rule/security/UX/integration/exception/verification ownership plus module-specific risk review.,Module Semantic Red-Team AI,2026-08-31
F354,Web ticket creation,Support / Customer Service,APPROVED,case_management,8,F354-SEM-01;F354-SEM-02;F354-SEM-03;F354-SEM-04;F354-SEM-05;F354-SEM-06;F354-SEM-07;F354-SEM-08,37,AI;API;APP;AUTO;BR;CALC;CAP;DATA;E2E;FLOW;FR;INT;NOTIF;OBS;PERF;REP;SEC;UAT;US;UX;VAL,NO,NO,KEEP_CANONICAL_510_EXPAND_EXISTING_DOSSIER,Pass B adversarial semantic freeze: explicit lifecycle/data/rule/security/UX/integration/exception/verification ownership plus module-specific risk review.,Module Semantic Red-Team AI,2026-08-31
F355,Manual ticket creation,Support / Customer Service,APPROVED,case_management,8,F355-SEM-01;F355-SEM-02;F355-SEM-03;F355-SEM-04;F355-SEM-05;F355-SEM-06;F355-SEM-07;F355-SEM-08,37,AI;API;APP;AUTO;BR;CALC;CAP;DATA;E2E;FLOW;FR;INT;NOTIF;OBS;PERF;REP;SEC;UAT;US;UX;VAL,NO,NO,KEEP_CANONICAL_510_EXPAND_EXISTING_DOSSIER,Pass B adversarial semantic freeze: explicit lifecycle/data/rule/security/UX/integration/exception/verification ownership plus module-specific risk review.,Module Semantic Red-Team AI,2026-08-31
F356,Customer replies,Support / Customer Service,APPROVED,case_management,8,F356-SEM-01;F356-SEM-02;F356-SEM-03;F356-SEM-04;F356-SEM-05;F356-SEM-06;F356-SEM-07;F356-SEM-08,37,AI;API;APP;AUTO;BR;CALC;CAP;DATA;E2E;FLOW;FR;INT;NOTIF;OBS;PERF;REP;SEC;UAT;US;UX;VAL,NO,NO,KEEP_CANONICAL_510_EXPAND_EXISTING_DOSSIER,Pass B adversarial semantic freeze: explicit lifecycle/data/rule/security/UX/integration/exception/verification ownership plus module-specific risk review.,Module Semantic Red-Team AI,2026-08-31
F357,Internal / private notes,Support / Customer Service,APPROVED,case_management,8,F357-SEM-01;F357-SEM-02;F357-SEM-03;F357-SEM-04;F357-SEM-05;F357-SEM-06;F357-SEM-07;F357-SEM-08,37,AI;API;APP;AUTO;BR;CALC;CAP;DATA;E2E;FLOW;FR;INT;NOTIF;OBS;PERF;REP;SEC;UAT;US;UX;VAL,NO,NO,KEEP_CANONICAL_510_EXPAND_EXISTING_DOSSIER,Pass B adversarial semantic freeze: explicit lifecycle/data/rule/security/UX/integration/exception/verification ownership plus module-specific risk review.,Module Semantic Red-Team AI,2026-08-31
F358,Attachments,Support / Customer Service,APPROVED,case_management,8,F358-SEM-01;F358-SEM-02;F358-SEM-03;F358-SEM-04;F358-SEM-05;F358-SEM-06;F358-SEM-07;F358-SEM-08,37,AI;API;APP;AUTO;BR;CALC;CAP;DATA;E2E;FLOW;FR;INT;NOTIF;OBS;PERF;REP;SEC;UAT;US;UX;VAL,NO,NO,KEEP_CANONICAL_510_EXPAND_EXISTING_DOSSIER,Pass B adversarial semantic freeze: explicit lifecycle/data/rule/security/UX/integration/exception/verification ownership plus module-specific risk review.,Module Semantic Red-Team AI,2026-08-31
F359,SLA policies,Support / Customer Service,APPROVED,case_management,8,F359-SEM-01;F359-SEM-02;F359-SEM-03;F359-SEM-04;F359-SEM-05;F359-SEM-06;F359-SEM-07;F359-SEM-08,37,AI;API;APP;AUTO;BR;CALC;CAP;DATA;E2E;FLOW;FR;INT;NOTIF;OBS;PERF;REP;SEC;UAT;US;UX;VAL,NO,NO,KEEP_CANONICAL_510_EXPAND_EXISTING_DOSSIER,Pass B adversarial semantic freeze: explicit lifecycle/data/rule/security/UX/integration/exception/verification ownership plus module-specific risk review.,Module Semantic Red-Team AI,2026-08-31
F360,First-response SLA,Support / Customer Service,APPROVED,case_management,8,F360-SEM-01;F360-SEM-02;F360-SEM-03;F360-SEM-04;F360-SEM-05;F360-SEM-06;F360-SEM-07;F360-SEM-08,37,AI;API;APP;AUTO;BR;CALC;CAP;DATA;E2E;FLOW;FR;INT;NOTIF;OBS;PERF;REP;SEC;UAT;US;UX;VAL,NO,NO,KEEP_CANONICAL_510_EXPAND_EXISTING_DOSSIER,Pass B adversarial semantic freeze: explicit lifecycle/data/rule/security/UX/integration/exception/verification ownership plus module-specific risk review.,Module Semantic Red-Team AI,2026-08-31
F361,Resolution SLA,Support / Customer Service,APPROVED,case_management,8,F361-SEM-01;F361-SEM-02;F361-SEM-03;F361-SEM-04;F361-SEM-05;F361-SEM-06;F361-SEM-07;F361-SEM-08,37,AI;API;APP;AUTO;BR;CALC;CAP;DATA;E2E;FLOW;FR;INT;NOTIF;OBS;PERF;REP;SEC;UAT;US;UX;VAL,NO,NO,KEEP_CANONICAL_510_EXPAND_EXISTING_DOSSIER,Pass B adversarial semantic freeze: explicit lifecycle/data/rule/security/UX/integration/exception/verification ownership plus module-specific risk review.,Module Semantic Red-Team AI,2026-08-31
F362,SLA breach handling,Support / Customer Service,APPROVED,case_management,8,F362-SEM-01;F362-SEM-02;F362-SEM-03;F362-SEM-04;F362-SEM-05;F362-SEM-06;F362-SEM-07;F362-SEM-08,37,AI;API;APP;AUTO;BR;CALC;CAP;DATA;E2E;FLOW;FR;INT;NOTIF;OBS;PERF;REP;SEC;UAT;US;UX;VAL,NO,NO,KEEP_CANONICAL_510_EXPAND_EXISTING_DOSSIER,Pass B adversarial semantic freeze: explicit lifecycle/data/rule/security/UX/integration/exception/verification ownership plus module-specific risk review.,Module Semantic Red-Team AI,2026-08-31
F363,Escalations,Support / Customer Service,APPROVED,decision,8,F363-SEM-01;F363-SEM-02;F363-SEM-03;F363-SEM-04;F363-SEM-05;F363-SEM-06;F363-SEM-07;F363-SEM-08,37,AI;API;APP;AUTO;BR;CALC;CAP;DATA;E2E;FLOW;FR;INT;NOTIF;OBS;PERF;REP;SEC;UAT;US;UX;VAL,NO,NO,KEEP_CANONICAL_510_EXPAND_EXISTING_DOSSIER,Pass B adversarial semantic freeze: explicit lifecycle/data/rule/security/UX/integration/exception/verification ownership plus module-specific risk review.,Module Semantic Red-Team AI,2026-08-31
F364,Reassignment,Support / Customer Service,APPROVED,decision,8,F364-SEM-01;F364-SEM-02;F364-SEM-03;F364-SEM-04;F364-SEM-05;F364-SEM-06;F364-SEM-07;F364-SEM-08,37,AI;API;APP;AUTO;BR;CALC;CAP;DATA;E2E;FLOW;FR;INT;NOTIF;OBS;PERF;REP;SEC;UAT;US;UX;VAL,NO,NO,KEEP_CANONICAL_510_EXPAND_EXISTING_DOSSIER,Pass B adversarial semantic freeze: explicit lifecycle/data/rule/security/UX/integration/exception/verification ownership plus module-specific risk review.,Module Semantic Red-Team AI,2026-08-31
F365,Ticket history,Support / Customer Service,APPROVED,case_management,8,F365-SEM-01;F365-SEM-02;F365-SEM-03;F365-SEM-04;F365-SEM-05;F365-SEM-06;F365-SEM-07;F365-SEM-08,37,AI;API;APP;AUTO;BR;CALC;CAP;DATA;E2E;FLOW;FR;INT;NOTIF;OBS;PERF;REP;SEC;UAT;US;UX;VAL,NO,NO,KEEP_CANONICAL_510_EXPAND_EXISTING_DOSSIER,Pass B adversarial semantic freeze: explicit lifecycle/data/rule/security/UX/integration/exception/verification ownership plus module-specific risk review.,Module Semantic Red-Team AI,2026-08-31
F366,Reopen ticket,Support / Customer Service,APPROVED,decision,8,F366-SEM-01;F366-SEM-02;F366-SEM-03;F366-SEM-04;F366-SEM-05;F366-SEM-06;F366-SEM-07;F366-SEM-08,37,AI;API;APP;AUTO;BR;CALC;CAP;DATA;E2E;FLOW;FR;INT;NOTIF;OBS;PERF;REP;SEC;UAT;US;UX;VAL,NO,NO,KEEP_CANONICAL_510_EXPAND_EXISTING_DOSSIER,Pass B adversarial semantic freeze: explicit lifecycle/data/rule/security/UX/integration/exception/verification ownership plus module-specific risk review.,Module Semantic Red-Team AI,2026-08-31
F367,Merge duplicate tickets,Support / Customer Service,APPROVED,case_management,8,F367-SEM-01;F367-SEM-02;F367-SEM-03;F367-SEM-04;F367-SEM-05;F367-SEM-06;F367-SEM-07;F367-SEM-08,37,AI;API;APP;AUTO;BR;CALC;CAP;DATA;E2E;FLOW;FR;INT;NOTIF;OBS;PERF;REP;SEC;UAT;US;UX;VAL,NO,NO,KEEP_CANONICAL_510_EXPAND_EXISTING_DOSSIER,Pass B adversarial semantic freeze: explicit lifecycle/data/rule/security/UX/integration/exception/verification ownership plus module-specific risk review.,Module Semantic Red-Team AI,2026-08-31
F368,Tags,Support / Customer Service,APPROVED,case_management,8,F368-SEM-01;F368-SEM-02;F368-SEM-03;F368-SEM-04;F368-SEM-05;F368-SEM-06;F368-SEM-07;F368-SEM-08,37,AI;API;APP;AUTO;BR;CALC;CAP;DATA;E2E;FLOW;FR;INT;NOTIF;OBS;PERF;REP;SEC;UAT;US;UX;VAL,NO,NO,KEEP_CANONICAL_510_EXPAND_EXISTING_DOSSIER,Pass B adversarial semantic freeze: explicit lifecycle/data/rule/security/UX/integration/exception/verification ownership plus module-specific risk review.,Module Semantic Red-Team AI,2026-08-31
F369,Knowledge base,Support / Customer Service,APPROVED,case_management,8,F369-SEM-01;F369-SEM-02;F369-SEM-03;F369-SEM-04;F369-SEM-05;F369-SEM-06;F369-SEM-07;F369-SEM-08,37,AI;API;APP;AUTO;BR;CALC;CAP;DATA;E2E;FLOW;FR;INT;NOTIF;OBS;PERF;REP;SEC;UAT;US;UX;VAL,NO,NO,KEEP_CANONICAL_510_EXPAND_EXISTING_DOSSIER,Pass B adversarial semantic freeze: explicit lifecycle/data/rule/security/UX/integration/exception/verification ownership plus module-specific risk review.,Module Semantic Red-Team AI,2026-08-31
F370,Canned responses,Support / Customer Service,APPROVED,case_management,8,F370-SEM-01;F370-SEM-02;F370-SEM-03;F370-SEM-04;F370-SEM-05;F370-SEM-06;F370-SEM-07;F370-SEM-08,37,AI;API;APP;AUTO;BR;CALC;CAP;DATA;E2E;FLOW;FR;INT;NOTIF;OBS;PERF;REP;SEC;UAT;US;UX;VAL,NO,NO,KEEP_CANONICAL_510_EXPAND_EXISTING_DOSSIER,Pass B adversarial semantic freeze: explicit lifecycle/data/rule/security/UX/integration/exception/verification ownership plus module-specific risk review.,Module Semantic Red-Team AI,2026-08-31
F371,Customer portal,Support / Customer Service,APPROVED,case_management,8,F371-SEM-01;F371-SEM-02;F371-SEM-03;F371-SEM-04;F371-SEM-05;F371-SEM-06;F371-SEM-07;F371-SEM-08,37,AI;API;APP;AUTO;BR;CALC;CAP;DATA;E2E;FLOW;FR;INT;NOTIF;OBS;PERF;REP;SEC;UAT;US;UX;VAL,NO,NO,KEEP_CANONICAL_510_EXPAND_EXISTING_DOSSIER,Pass B adversarial semantic freeze: explicit lifecycle/data/rule/security/UX/integration/exception/verification ownership plus module-specific risk review.,Module Semantic Red-Team AI,2026-08-31
F372,Customer order history,Support / Customer Service,APPROVED,document,8,F372-SEM-01;F372-SEM-02;F372-SEM-03;F372-SEM-04;F372-SEM-05;F372-SEM-06;F372-SEM-07;F372-SEM-08,37,AI;API;APP;AUTO;BR;CALC;CAP;DATA;E2E;FLOW;FR;INT;NOTIF;OBS;PERF;REP;SEC;UAT;US;UX;VAL,NO,NO,KEEP_CANONICAL_510_EXPAND_EXISTING_DOSSIER,Pass B adversarial semantic freeze: explicit lifecycle/data/rule/security/UX/integration/exception/verification ownership plus module-specific risk review.,Module Semantic Red-Team AI,2026-08-31
F373,Product linkage,Support / Customer Service,APPROVED,case_management,8,F373-SEM-01;F373-SEM-02;F373-SEM-03;F373-SEM-04;F373-SEM-05;F373-SEM-06;F373-SEM-07;F373-SEM-08,37,AI;API;APP;AUTO;BR;CALC;CAP;DATA;E2E;FLOW;FR;INT;NOTIF;OBS;PERF;REP;SEC;UAT;US;UX;VAL,NO,NO,KEEP_CANONICAL_510_EXPAND_EXISTING_DOSSIER,Pass B adversarial semantic freeze: explicit lifecycle/data/rule/security/UX/integration/exception/verification ownership plus module-specific risk review.,Module Semantic Red-Team AI,2026-08-31
F374,Asset linkage,Support / Customer Service,APPROVED,case_management,8,F374-SEM-01;F374-SEM-02;F374-SEM-03;F374-SEM-04;F374-SEM-05;F374-SEM-06;F374-SEM-07;F374-SEM-08,37,AI;API;APP;AUTO;BR;CALC;CAP;DATA;E2E;FLOW;FR;INT;NOTIF;OBS;PERF;REP;SEC;UAT;US;UX;VAL,NO,NO,KEEP_CANONICAL_510_EXPAND_EXISTING_DOSSIER,Pass B adversarial semantic freeze: explicit lifecycle/data/rule/security/UX/integration/exception/verification ownership plus module-specific risk review.,Module Semantic Red-Team AI,2026-08-31
F375,Warranty and service entitlement,Support / Customer Service,APPROVED,case_management,8,F375-SEM-01;F375-SEM-02;F375-SEM-03;F375-SEM-04;F375-SEM-05;F375-SEM-06;F375-SEM-07;F375-SEM-08,37,AI;API;APP;AUTO;BR;CALC;CAP;DATA;E2E;FLOW;FR;INT;NOTIF;OBS;PERF;REP;SEC;UAT;US;UX;VAL,NO,NO,KEEP_CANONICAL_510_EXPAND_EXISTING_DOSSIER,Pass B adversarial semantic freeze: explicit lifecycle/data/rule/security/UX/integration/exception/verification ownership plus module-specific risk review.,Module Semantic Red-Team AI,2026-08-31
F376,CSAT / customer rating,Support / Customer Service,APPROVED,case_management,8,F376-SEM-01;F376-SEM-02;F376-SEM-03;F376-SEM-04;F376-SEM-05;F376-SEM-06;F376-SEM-07;F376-SEM-08,37,AI;API;APP;AUTO;BR;CALC;CAP;DATA;E2E;FLOW;FR;INT;NOTIF;OBS;PERF;REP;SEC;UAT;US;UX;VAL,NO,NO,KEEP_CANONICAL_510_EXPAND_EXISTING_DOSSIER,Pass B adversarial semantic freeze: explicit lifecycle/data/rule/security/UX/integration/exception/verification ownership plus module-specific risk review.,Module Semantic Red-Team AI,2026-08-31
F377,Agent performance,Support / Customer Service,APPROVED,case_management,8,F377-SEM-01;F377-SEM-02;F377-SEM-03;F377-SEM-04;F377-SEM-05;F377-SEM-06;F377-SEM-07;F377-SEM-08,37,AI;API;APP;AUTO;BR;CALC;CAP;DATA;E2E;FLOW;FR;INT;NOTIF;OBS;PERF;REP;SEC;UAT;US;UX;VAL,NO,NO,KEEP_CANONICAL_510_EXPAND_EXISTING_DOSSIER,Pass B adversarial semantic freeze: explicit lifecycle/data/rule/security/UX/integration/exception/verification ownership plus module-specific risk review.,Module Semantic Red-Team AI,2026-08-31
F378,SLA reporting,Support / Customer Service,APPROVED,analytics,8,F378-SEM-01;F378-SEM-02;F378-SEM-03;F378-SEM-04;F378-SEM-05;F378-SEM-06;F378-SEM-07;F378-SEM-08,37,AI;API;APP;AUTO;BR;CALC;CAP;DATA;E2E;FLOW;FR;INT;NOTIF;OBS;PERF;REP;SEC;UAT;US;UX;VAL,NO,NO,KEEP_CANONICAL_510_EXPAND_EXISTING_DOSSIER,Pass B adversarial semantic freeze: explicit lifecycle/data/rule/security/UX/integration/exception/verification ownership plus module-specific risk review.,Module Semantic Red-Team AI,2026-08-31
F379,Ticket dashboards,Support / Customer Service,APPROVED,analytics,8,F379-SEM-01;F379-SEM-02;F379-SEM-03;F379-SEM-04;F379-SEM-05;F379-SEM-06;F379-SEM-07;F379-SEM-08,37,AI;API;APP;AUTO;BR;CALC;CAP;DATA;E2E;FLOW;FR;INT;NOTIF;OBS;PERF;REP;SEC;UAT;US;UX;VAL,NO,NO,KEEP_CANONICAL_510_EXPAND_EXISTING_DOSSIER,Pass B adversarial semantic freeze: explicit lifecycle/data/rule/security/UX/integration/exception/verification ownership plus module-specific risk review.,Module Semantic Red-Team AI,2026-08-31
F380,Complete audit trail,Support / Customer Service,APPROVED,case_management,8,F380-SEM-01;F380-SEM-02;F380-SEM-03;F380-SEM-04;F380-SEM-05;F380-SEM-06;F380-SEM-07;F380-SEM-08,37,AI;API;APP;AUTO;BR;CALC;CAP;DATA;E2E;FLOW;FR;INT;NOTIF;OBS;PERF;REP;SEC;UAT;US;UX;VAL,NO,NO,KEEP_CANONICAL_510_EXPAND_EXISTING_DOSSIER,Pass B adversarial semantic freeze: explicit lifecycle/data/rule/security/UX/integration/exception/verification ownership plus module-specific risk review.,Module Semantic Red-Team AI,2026-08-31
F381,Employee master,HR & Payroll,APPROVED,people_lifecycle,8,F381-SEM-01;F381-SEM-02;F381-SEM-03;F381-SEM-04;F381-SEM-05;F381-SEM-06;F381-SEM-07;F381-SEM-08,37,AI;API;APP;AUTO;BR;CALC;CAP;DATA;E2E;FLOW;FR;INT;NOTIF;OBS;PERF;REP;SEC;UAT;US;UX;VAL,NO,NO,KEEP_CANONICAL_510_EXPAND_EXISTING_DOSSIER,Pass B adversarial semantic freeze: explicit lifecycle/data/rule/security/UX/integration/exception/verification ownership plus module-specific risk review.,Module Semantic Red-Team AI,2026-08-31
F382,Employee number,HR & Payroll,APPROVED,people_lifecycle,8,F382-SEM-01;F382-SEM-02;F382-SEM-03;F382-SEM-04;F382-SEM-05;F382-SEM-06;F382-SEM-07;F382-SEM-08,37,AI;API;APP;AUTO;BR;CALC;CAP;DATA;E2E;FLOW;FR;INT;NOTIF;OBS;PERF;REP;SEC;UAT;US;UX;VAL,NO,NO,KEEP_CANONICAL_510_EXPAND_EXISTING_DOSSIER,Pass B adversarial semantic freeze: explicit lifecycle/data/rule/security/UX/integration/exception/verification ownership plus module-specific risk review.,Module Semantic Red-Team AI,2026-08-31
F383,Departments,HR & Payroll,APPROVED,master_config,8,F383-SEM-01;F383-SEM-02;F383-SEM-03;F383-SEM-04;F383-SEM-05;F383-SEM-06;F383-SEM-07;F383-SEM-08,37,AI;API;APP;AUTO;BR;CALC;CAP;DATA;E2E;FLOW;FR;INT;NOTIF;OBS;PERF;REP;SEC;UAT;US;UX;VAL,NO,NO,KEEP_CANONICAL_510_EXPAND_EXISTING_DOSSIER,Pass B adversarial semantic freeze: explicit lifecycle/data/rule/security/UX/integration/exception/verification ownership plus module-specific risk review.,Module Semantic Red-Team AI,2026-08-31
F384,Designations,HR & Payroll,APPROVED,master_config,8,F384-SEM-01;F384-SEM-02;F384-SEM-03;F384-SEM-04;F384-SEM-05;F384-SEM-06;F384-SEM-07;F384-SEM-08,37,AI;API;APP;AUTO;BR;CALC;CAP;DATA;E2E;FLOW;FR;INT;NOTIF;OBS;PERF;REP;SEC;UAT;US;UX;VAL,NO,NO,KEEP_CANONICAL_510_EXPAND_EXISTING_DOSSIER,Pass B adversarial semantic freeze: explicit lifecycle/data/rule/security/UX/integration/exception/verification ownership plus module-specific risk review.,Module Semantic Red-Team AI,2026-08-31
F385,Reporting manager,HR & Payroll,APPROVED,analytics,8,F385-SEM-01;F385-SEM-02;F385-SEM-03;F385-SEM-04;F385-SEM-05;F385-SEM-06;F385-SEM-07;F385-SEM-08,37,AI;API;APP;AUTO;BR;CALC;CAP;DATA;E2E;FLOW;FR;INT;NOTIF;OBS;PERF;REP;SEC;UAT;US;UX;VAL,NO,NO,KEEP_CANONICAL_510_EXPAND_EXISTING_DOSSIER,Pass B adversarial semantic freeze: explicit lifecycle/data/rule/security/UX/integration/exception/verification ownership plus module-specific risk review.,Module Semantic Red-Team AI,2026-08-31
F386,Branch and location,HR & Payroll,APPROVED,operational,8,F386-SEM-01;F386-SEM-02;F386-SEM-03;F386-SEM-04;F386-SEM-05;F386-SEM-06;F386-SEM-07;F386-SEM-08,37,AI;API;APP;AUTO;BR;CALC;CAP;DATA;E2E;FLOW;FR;INT;NOTIF;OBS;PERF;REP;SEC;UAT;US;UX;VAL,NO,NO,KEEP_CANONICAL_510_EXPAND_EXISTING_DOSSIER,Pass B adversarial semantic freeze: explicit lifecycle/data/rule/security/UX/integration/exception/verification ownership plus module-specific risk review.,Module Semantic Red-Team AI,2026-08-31
F387,Employment type,HR & Payroll,APPROVED,operational,8,F387-SEM-01;F387-SEM-02;F387-SEM-03;F387-SEM-04;F387-SEM-05;F387-SEM-06;F387-SEM-07;F387-SEM-08,37,AI;API;APP;AUTO;BR;CALC;CAP;DATA;E2E;FLOW;FR;INT;NOTIF;OBS;PERF;REP;SEC;UAT;US;UX;VAL,NO,NO,KEEP_CANONICAL_510_EXPAND_EXISTING_DOSSIER,Pass B adversarial semantic freeze: explicit lifecycle/data/rule/security/UX/integration/exception/verification ownership plus module-specific risk review.,Module Semantic Red-Team AI,2026-08-31
F388,Employee documents,HR & Payroll,APPROVED,people_lifecycle,8,F388-SEM-01;F388-SEM-02;F388-SEM-03;F388-SEM-04;F388-SEM-05;F388-SEM-06;F388-SEM-07;F388-SEM-08,37,AI;API;APP;AUTO;BR;CALC;CAP;DATA;E2E;FLOW;FR;INT;NOTIF;OBS;PERF;REP;SEC;UAT;US;UX;VAL,NO,NO,KEEP_CANONICAL_510_EXPAND_EXISTING_DOSSIER,Pass B adversarial semantic freeze: explicit lifecycle/data/rule/security/UX/integration/exception/verification ownership plus module-specific risk review.,Module Semantic Red-Team AI,2026-08-31
F389,Joining,HR & Payroll,APPROVED,people_lifecycle,8,F389-SEM-01;F389-SEM-02;F389-SEM-03;F389-SEM-04;F389-SEM-05;F389-SEM-06;F389-SEM-07;F389-SEM-08,37,AI;API;APP;AUTO;BR;CALC;CAP;DATA;E2E;FLOW;FR;INT;NOTIF;OBS;PERF;REP;SEC;UAT;US;UX;VAL,NO,NO,KEEP_CANONICAL_510_EXPAND_EXISTING_DOSSIER,Pass B adversarial semantic freeze: explicit lifecycle/data/rule/security/UX/integration/exception/verification ownership plus module-specific risk review.,Module Semantic Red-Team AI,2026-08-31
F390,Probation,HR & Payroll,APPROVED,people_lifecycle,8,F390-SEM-01;F390-SEM-02;F390-SEM-03;F390-SEM-04;F390-SEM-05;F390-SEM-06;F390-SEM-07;F390-SEM-08,37,AI;API;APP;AUTO;BR;CALC;CAP;DATA;E2E;FLOW;FR;INT;NOTIF;OBS;PERF;REP;SEC;UAT;US;UX;VAL,NO,NO,KEEP_CANONICAL_510_EXPAND_EXISTING_DOSSIER,Pass B adversarial semantic freeze: explicit lifecycle/data/rule/security/UX/integration/exception/verification ownership plus module-specific risk review.,Module Semantic Red-Team AI,2026-08-31
F391,Confirmation,HR & Payroll,APPROVED,decision,8,F391-SEM-01;F391-SEM-02;F391-SEM-03;F391-SEM-04;F391-SEM-05;F391-SEM-06;F391-SEM-07;F391-SEM-08,37,AI;API;APP;AUTO;BR;CALC;CAP;DATA;E2E;FLOW;FR;INT;NOTIF;OBS;PERF;REP;SEC;UAT;US;UX;VAL,NO,NO,KEEP_CANONICAL_510_EXPAND_EXISTING_DOSSIER,Pass B adversarial semantic freeze: explicit lifecycle/data/rule/security/UX/integration/exception/verification ownership plus module-specific risk review.,Module Semantic Red-Team AI,2026-08-31
F392,Transfers,HR & Payroll,APPROVED,people_lifecycle,8,F392-SEM-01;F392-SEM-02;F392-SEM-03;F392-SEM-04;F392-SEM-05;F392-SEM-06;F392-SEM-07;F392-SEM-08,37,AI;API;APP;AUTO;BR;CALC;CAP;DATA;E2E;FLOW;FR;INT;NOTIF;OBS;PERF;REP;SEC;UAT;US;UX;VAL,NO,NO,KEEP_CANONICAL_510_EXPAND_EXISTING_DOSSIER,Pass B adversarial semantic freeze: explicit lifecycle/data/rule/security/UX/integration/exception/verification ownership plus module-specific risk review.,Module Semantic Red-Team AI,2026-08-31
F393,Promotions,HR & Payroll,APPROVED,people_lifecycle,8,F393-SEM-01;F393-SEM-02;F393-SEM-03;F393-SEM-04;F393-SEM-05;F393-SEM-06;F393-SEM-07;F393-SEM-08,37,AI;API;APP;AUTO;BR;CALC;CAP;DATA;E2E;FLOW;FR;INT;NOTIF;OBS;PERF;REP;SEC;UAT;US;UX;VAL,NO,NO,KEEP_CANONICAL_510_EXPAND_EXISTING_DOSSIER,Pass B adversarial semantic freeze: explicit lifecycle/data/rule/security/UX/integration/exception/verification ownership plus module-specific risk review.,Module Semantic Red-Team AI,2026-08-31
F394,Separation,HR & Payroll,APPROVED,people_lifecycle,8,F394-SEM-01;F394-SEM-02;F394-SEM-03;F394-SEM-04;F394-SEM-05;F394-SEM-06;F394-SEM-07;F394-SEM-08,37,AI;API;APP;AUTO;BR;CALC;CAP;DATA;E2E;FLOW;FR;INT;NOTIF;OBS;PERF;REP;SEC;UAT;US;UX;VAL,NO,NO,KEEP_CANONICAL_510_EXPAND_EXISTING_DOSSIER,Pass B adversarial semantic freeze: explicit lifecycle/data/rule/security/UX/integration/exception/verification ownership plus module-specific risk review.,Module Semantic Red-Team AI,2026-08-31
F395,Offboarding,HR & Payroll,APPROVED,people_lifecycle,8,F395-SEM-01;F395-SEM-02;F395-SEM-03;F395-SEM-04;F395-SEM-05;F395-SEM-06;F395-SEM-07;F395-SEM-08,37,AI;API;APP;AUTO;BR;CALC;CAP;DATA;E2E;FLOW;FR;INT;NOTIF;OBS;PERF;REP;SEC;UAT;US;UX;VAL,NO,NO,KEEP_CANONICAL_510_EXPAND_EXISTING_DOSSIER,Pass B adversarial semantic freeze: explicit lifecycle/data/rule/security/UX/integration/exception/verification ownership plus module-specific risk review.,Module Semantic Red-Team AI,2026-08-31
F396,Employee self-service,HR & Payroll,APPROVED,people_lifecycle,8,F396-SEM-01;F396-SEM-02;F396-SEM-03;F396-SEM-04;F396-SEM-05;F396-SEM-06;F396-SEM-07;F396-SEM-08,37,AI;API;APP;AUTO;BR;CALC;CAP;DATA;E2E;FLOW;FR;INT;NOTIF;OBS;PERF;REP;SEC;UAT;US;UX;VAL,NO,NO,KEEP_CANONICAL_510_EXPAND_EXISTING_DOSSIER,Pass B adversarial semantic freeze: explicit lifecycle/data/rule/security/UX/integration/exception/verification ownership plus module-specific risk review.,Module Semantic Red-Team AI,2026-08-31
F397,Job openings,HR & Payroll,APPROVED,operational,8,F397-SEM-01;F397-SEM-02;F397-SEM-03;F397-SEM-04;F397-SEM-05;F397-SEM-06;F397-SEM-07;F397-SEM-08,37,AI;API;APP;AUTO;BR;CALC;CAP;DATA;E2E;FLOW;FR;INT;NOTIF;OBS;PERF;REP;SEC;UAT;US;UX;VAL,NO,NO,KEEP_CANONICAL_510_EXPAND_EXISTING_DOSSIER,Pass B adversarial semantic freeze: explicit lifecycle/data/rule/security/UX/integration/exception/verification ownership plus module-specific risk review.,Module Semantic Red-Team AI,2026-08-31
F398,Candidates,HR & Payroll,APPROVED,people_lifecycle,8,F398-SEM-01;F398-SEM-02;F398-SEM-03;F398-SEM-04;F398-SEM-05;F398-SEM-06;F398-SEM-07;F398-SEM-08,37,AI;API;APP;AUTO;BR;CALC;CAP;DATA;E2E;FLOW;FR;INT;NOTIF;OBS;PERF;REP;SEC;UAT;US;UX;VAL,NO,NO,KEEP_CANONICAL_510_EXPAND_EXISTING_DOSSIER,Pass B adversarial semantic freeze: explicit lifecycle/data/rule/security/UX/integration/exception/verification ownership plus module-specific risk review.,Module Semantic Red-Team AI,2026-08-31
F399,Recruitment pipeline,HR & Payroll,APPROVED,people_lifecycle,8,F399-SEM-01;F399-SEM-02;F399-SEM-03;F399-SEM-04;F399-SEM-05;F399-SEM-06;F399-SEM-07;F399-SEM-08,37,AI;API;APP;AUTO;BR;CALC;CAP;DATA;E2E;FLOW;FR;INT;NOTIF;OBS;PERF;REP;SEC;UAT;US;UX;VAL,NO,NO,KEEP_CANONICAL_510_EXPAND_EXISTING_DOSSIER,Pass B adversarial semantic freeze: explicit lifecycle/data/rule/security/UX/integration/exception/verification ownership plus module-specific risk review.,Module Semantic Red-Team AI,2026-08-31
F400,Interviews,HR & Payroll,APPROVED,people_lifecycle,8,F400-SEM-01;F400-SEM-02;F400-SEM-03;F400-SEM-04;F400-SEM-05;F400-SEM-06;F400-SEM-07;F400-SEM-08,37,AI;API;APP;AUTO;BR;CALC;CAP;DATA;E2E;FLOW;FR;INT;NOTIF;OBS;PERF;REP;SEC;UAT;US;UX;VAL,NO,NO,KEEP_CANONICAL_510_EXPAND_EXISTING_DOSSIER,Pass B adversarial semantic freeze: explicit lifecycle/data/rule/security/UX/integration/exception/verification ownership plus module-specific risk review.,Module Semantic Red-Team AI,2026-08-31
F401,Offers,HR & Payroll,APPROVED,people_lifecycle,8,F401-SEM-01;F401-SEM-02;F401-SEM-03;F401-SEM-04;F401-SEM-05;F401-SEM-06;F401-SEM-07;F401-SEM-08,37,AI;API;APP;AUTO;BR;CALC;CAP;DATA;E2E;FLOW;FR;INT;NOTIF;OBS;PERF;REP;SEC;UAT;US;UX;VAL,NO,NO,KEEP_CANONICAL_510_EXPAND_EXISTING_DOSSIER,Pass B adversarial semantic freeze: explicit lifecycle/data/rule/security/UX/integration/exception/verification ownership plus module-specific risk review.,Module Semantic Red-Team AI,2026-08-31
F402,Candidate-to-employee conversion,HR & Payroll,APPROVED,people_lifecycle,8,F402-SEM-01;F402-SEM-02;F402-SEM-03;F402-SEM-04;F402-SEM-05;F402-SEM-06;F402-SEM-07;F402-SEM-08,37,AI;API;APP;AUTO;BR;CALC;CAP;DATA;E2E;FLOW;FR;INT;NOTIF;OBS;PERF;REP;SEC;UAT;US;UX;VAL,NO,NO,KEEP_CANONICAL_510_EXPAND_EXISTING_DOSSIER,Pass B adversarial semantic freeze: explicit lifecycle/data/rule/security/UX/integration/exception/verification ownership plus module-specific risk review.,Module Semantic Red-Team AI,2026-08-31
F403,Shifts,HR & Payroll,APPROVED,workforce_time,8,F403-SEM-01;F403-SEM-02;F403-SEM-03;F403-SEM-04;F403-SEM-05;F403-SEM-06;F403-SEM-07;F403-SEM-08,37,AI;API;APP;AUTO;BR;CALC;CAP;DATA;E2E;FLOW;FR;INT;NOTIF;OBS;PERF;REP;SEC;UAT;US;UX;VAL,NO,NO,KEEP_CANONICAL_510_EXPAND_EXISTING_DOSSIER,Pass B adversarial semantic freeze: explicit lifecycle/data/rule/security/UX/integration/exception/verification ownership plus module-specific risk review.,Module Semantic Red-Team AI,2026-08-31
F404,Attendance,HR & Payroll,APPROVED,workforce_time,8,F404-SEM-01;F404-SEM-02;F404-SEM-03;F404-SEM-04;F404-SEM-05;F404-SEM-06;F404-SEM-07;F404-SEM-08,37,AI;API;APP;AUTO;BR;CALC;CAP;DATA;E2E;FLOW;FR;INT;NOTIF;OBS;PERF;REP;SEC;UAT;US;UX;VAL,NO,NO,KEEP_CANONICAL_510_EXPAND_EXISTING_DOSSIER,Pass B adversarial semantic freeze: explicit lifecycle/data/rule/security/UX/integration/exception/verification ownership plus module-specific risk review.,Module Semantic Red-Team AI,2026-08-31
F405,Check-in and check-out,HR & Payroll,APPROVED,workforce_time,8,F405-SEM-01;F405-SEM-02;F405-SEM-03;F405-SEM-04;F405-SEM-05;F405-SEM-06;F405-SEM-07;F405-SEM-08,37,AI;API;APP;AUTO;BR;CALC;CAP;DATA;E2E;FLOW;FR;INT;NOTIF;OBS;PERF;REP;SEC;UAT;US;UX;VAL,NO,NO,KEEP_CANONICAL_510_EXPAND_EXISTING_DOSSIER,Pass B adversarial semantic freeze: explicit lifecycle/data/rule/security/UX/integration/exception/verification ownership plus module-specific risk review.,Module Semantic Red-Team AI,2026-08-31
F406,Late arrival,HR & Payroll,APPROVED,workforce_time,8,F406-SEM-01;F406-SEM-02;F406-SEM-03;F406-SEM-04;F406-SEM-05;F406-SEM-06;F406-SEM-07;F406-SEM-08,37,AI;API;APP;AUTO;BR;CALC;CAP;DATA;E2E;FLOW;FR;INT;NOTIF;OBS;PERF;REP;SEC;UAT;US;UX;VAL,NO,NO,KEEP_CANONICAL_510_EXPAND_EXISTING_DOSSIER,Pass B adversarial semantic freeze: explicit lifecycle/data/rule/security/UX/integration/exception/verification ownership plus module-specific risk review.,Module Semantic Red-Team AI,2026-08-31
F407,Early exit,HR & Payroll,APPROVED,workforce_time,8,F407-SEM-01;F407-SEM-02;F407-SEM-03;F407-SEM-04;F407-SEM-05;F407-SEM-06;F407-SEM-07;F407-SEM-08,37,AI;API;APP;AUTO;BR;CALC;CAP;DATA;E2E;FLOW;FR;INT;NOTIF;OBS;PERF;REP;SEC;UAT;US;UX;VAL,NO,NO,KEEP_CANONICAL_510_EXPAND_EXISTING_DOSSIER,Pass B adversarial semantic freeze: explicit lifecycle/data/rule/security/UX/integration/exception/verification ownership plus module-specific risk review.,Module Semantic Red-Team AI,2026-08-31
F408,Overtime,HR & Payroll,APPROVED,workforce_time,8,F408-SEM-01;F408-SEM-02;F408-SEM-03;F408-SEM-04;F408-SEM-05;F408-SEM-06;F408-SEM-07;F408-SEM-08,37,AI;API;APP;AUTO;BR;CALC;CAP;DATA;E2E;FLOW;FR;INT;NOTIF;OBS;PERF;REP;SEC;UAT;US;UX;VAL,NO,NO,KEEP_CANONICAL_510_EXPAND_EXISTING_DOSSIER,Pass B adversarial semantic freeze: explicit lifecycle/data/rule/security/UX/integration/exception/verification ownership plus module-specific risk review.,Module Semantic Red-Team AI,2026-08-31
F409,Attendance regularization,HR & Payroll,APPROVED,decision,8,F409-SEM-01;F409-SEM-02;F409-SEM-03;F409-SEM-04;F409-SEM-05;F409-SEM-06;F409-SEM-07;F409-SEM-08,37,AI;API;APP;AUTO;BR;CALC;CAP;DATA;E2E;FLOW;FR;INT;NOTIF;OBS;PERF;REP;SEC;UAT;US;UX;VAL,NO,NO,KEEP_CANONICAL_510_EXPAND_EXISTING_DOSSIER,Pass B adversarial semantic freeze: explicit lifecycle/data/rule/security/UX/integration/exception/verification ownership plus module-specific risk review.,Module Semantic Red-Team AI,2026-08-31
F410,Leave types,HR & Payroll,APPROVED,workforce_time,8,F410-SEM-01;F410-SEM-02;F410-SEM-03;F410-SEM-04;F410-SEM-05;F410-SEM-06;F410-SEM-07;F410-SEM-08,37,AI;API;APP;AUTO;BR;CALC;CAP;DATA;E2E;FLOW;FR;INT;NOTIF;OBS;PERF;REP;SEC;UAT;US;UX;VAL,NO,NO,KEEP_CANONICAL_510_EXPAND_EXISTING_DOSSIER,Pass B adversarial semantic freeze: explicit lifecycle/data/rule/security/UX/integration/exception/verification ownership plus module-specific risk review.,Module Semantic Red-Team AI,2026-08-31
F411,Leave policies,HR & Payroll,APPROVED,workforce_time,8,F411-SEM-01;F411-SEM-02;F411-SEM-03;F411-SEM-04;F411-SEM-05;F411-SEM-06;F411-SEM-07;F411-SEM-08,37,AI;API;APP;AUTO;BR;CALC;CAP;DATA;E2E;FLOW;FR;INT;NOTIF;OBS;PERF;REP;SEC;UAT;US;UX;VAL,NO,NO,KEEP_CANONICAL_510_EXPAND_EXISTING_DOSSIER,Pass B adversarial semantic freeze: explicit lifecycle/data/rule/security/UX/integration/exception/verification ownership plus module-specific risk review.,Module Semantic Red-Team AI,2026-08-31
F412,Leave balances,HR & Payroll,APPROVED,workforce_time,8,F412-SEM-01;F412-SEM-02;F412-SEM-03;F412-SEM-04;F412-SEM-05;F412-SEM-06;F412-SEM-07;F412-SEM-08,37,AI;API;APP;AUTO;BR;CALC;CAP;DATA;E2E;FLOW;FR;INT;NOTIF;OBS;PERF;REP;SEC;UAT;US;UX;VAL,NO,NO,KEEP_CANONICAL_510_EXPAND_EXISTING_DOSSIER,Pass B adversarial semantic freeze: explicit lifecycle/data/rule/security/UX/integration/exception/verification ownership plus module-specific risk review.,Module Semantic Red-Team AI,2026-08-31
F413,Leave accrual,HR & Payroll,APPROVED,calculation,8,F413-SEM-01;F413-SEM-02;F413-SEM-03;F413-SEM-04;F413-SEM-05;F413-SEM-06;F413-SEM-07;F413-SEM-08,37,AI;API;APP;AUTO;BR;CALC;CAP;DATA;E2E;FLOW;FR;INT;NOTIF;OBS;PERF;REP;SEC;UAT;US;UX;VAL,NO,NO,KEEP_CANONICAL_510_EXPAND_EXISTING_DOSSIER,Pass B adversarial semantic freeze: explicit lifecycle/data/rule/security/UX/integration/exception/verification ownership plus module-specific risk review.,Module Semantic Red-Team AI,2026-08-31
F414,Carry-forward,HR & Payroll,APPROVED,operational,8,F414-SEM-01;F414-SEM-02;F414-SEM-03;F414-SEM-04;F414-SEM-05;F414-SEM-06;F414-SEM-07;F414-SEM-08,37,AI;API;APP;AUTO;BR;CALC;CAP;DATA;E2E;FLOW;FR;INT;NOTIF;OBS;PERF;REP;SEC;UAT;US;UX;VAL,NO,NO,KEEP_CANONICAL_510_EXPAND_EXISTING_DOSSIER,Pass B adversarial semantic freeze: explicit lifecycle/data/rule/security/UX/integration/exception/verification ownership plus module-specific risk review.,Module Semantic Red-Team AI,2026-08-31
F415,Holiday calendars,HR & Payroll,APPROVED,workforce_time,8,F415-SEM-01;F415-SEM-02;F415-SEM-03;F415-SEM-04;F415-SEM-05;F415-SEM-06;F415-SEM-07;F415-SEM-08,37,AI;API;APP;AUTO;BR;CALC;CAP;DATA;E2E;FLOW;FR;INT;NOTIF;OBS;PERF;REP;SEC;UAT;US;UX;VAL,NO,NO,KEEP_CANONICAL_510_EXPAND_EXISTING_DOSSIER,Pass B adversarial semantic freeze: explicit lifecycle/data/rule/security/UX/integration/exception/verification ownership plus module-specific risk review.,Module Semantic Red-Team AI,2026-08-31
F416,Leave requests,HR & Payroll,APPROVED,workforce_time,8,F416-SEM-01;F416-SEM-02;F416-SEM-03;F416-SEM-04;F416-SEM-05;F416-SEM-06;F416-SEM-07;F416-SEM-08,37,AI;API;APP;AUTO;BR;CALC;CAP;DATA;E2E;FLOW;FR;INT;NOTIF;OBS;PERF;REP;SEC;UAT;US;UX;VAL,NO,NO,KEEP_CANONICAL_510_EXPAND_EXISTING_DOSSIER,Pass B adversarial semantic freeze: explicit lifecycle/data/rule/security/UX/integration/exception/verification ownership plus module-specific risk review.,Module Semantic Red-Team AI,2026-08-31
F417,Leave approval,HR & Payroll,APPROVED,decision,8,F417-SEM-01;F417-SEM-02;F417-SEM-03;F417-SEM-04;F417-SEM-05;F417-SEM-06;F417-SEM-07;F417-SEM-08,37,AI;API;APP;AUTO;BR;CALC;CAP;DATA;E2E;FLOW;FR;INT;NOTIF;OBS;PERF;REP;SEC;UAT;US;UX;VAL,NO,NO,KEEP_CANONICAL_510_EXPAND_EXISTING_DOSSIER,Pass B adversarial semantic freeze: explicit lifecycle/data/rule/security/UX/integration/exception/verification ownership plus module-specific risk review.,Module Semantic Red-Team AI,2026-08-31
F418,Salary components,HR & Payroll,APPROVED,operational,8,F418-SEM-01;F418-SEM-02;F418-SEM-03;F418-SEM-04;F418-SEM-05;F418-SEM-06;F418-SEM-07;F418-SEM-08,37,AI;API;APP;AUTO;BR;CALC;CAP;DATA;E2E;FLOW;FR;INT;NOTIF;OBS;PERF;REP;SEC;UAT;US;UX;VAL,NO,NO,KEEP_CANONICAL_510_EXPAND_EXISTING_DOSSIER,Pass B adversarial semantic freeze: explicit lifecycle/data/rule/security/UX/integration/exception/verification ownership plus module-specific risk review.,Module Semantic Red-Team AI,2026-08-31
F419,Earnings,HR & Payroll,APPROVED,operational,8,F419-SEM-01;F419-SEM-02;F419-SEM-03;F419-SEM-04;F419-SEM-05;F419-SEM-06;F419-SEM-07;F419-SEM-08,37,AI;API;APP;AUTO;BR;CALC;CAP;DATA;E2E;FLOW;FR;INT;NOTIF;OBS;PERF;REP;SEC;UAT;US;UX;VAL,NO,NO,KEEP_CANONICAL_510_EXPAND_EXISTING_DOSSIER,Pass B adversarial semantic freeze: explicit lifecycle/data/rule/security/UX/integration/exception/verification ownership plus module-specific risk review.,Module Semantic Red-Team AI,2026-08-31
F420,Deductions,HR & Payroll,APPROVED,operational,8,F420-SEM-01;F420-SEM-02;F420-SEM-03;F420-SEM-04;F420-SEM-05;F420-SEM-06;F420-SEM-07;F420-SEM-08,37,AI;API;APP;AUTO;BR;CALC;CAP;DATA;E2E;FLOW;FR;INT;NOTIF;OBS;PERF;REP;SEC;UAT;US;UX;VAL,NO,NO,KEEP_CANONICAL_510_EXPAND_EXISTING_DOSSIER,Pass B adversarial semantic freeze: explicit lifecycle/data/rule/security/UX/integration/exception/verification ownership plus module-specific risk review.,Module Semantic Red-Team AI,2026-08-31
F421,Salary structures,HR & Payroll,APPROVED,operational,8,F421-SEM-01;F421-SEM-02;F421-SEM-03;F421-SEM-04;F421-SEM-05;F421-SEM-06;F421-SEM-07;F421-SEM-08,37,AI;API;APP;AUTO;BR;CALC;CAP;DATA;E2E;FLOW;FR;INT;NOTIF;OBS;PERF;REP;SEC;UAT;US;UX;VAL,NO,NO,KEEP_CANONICAL_510_EXPAND_EXISTING_DOSSIER,Pass B adversarial semantic freeze: explicit lifecycle/data/rule/security/UX/integration/exception/verification ownership plus module-specific risk review.,Module Semantic Red-Team AI,2026-08-31
F422,Employee compensation assignment,HR & Payroll,APPROVED,decision,8,F422-SEM-01;F422-SEM-02;F422-SEM-03;F422-SEM-04;F422-SEM-05;F422-SEM-06;F422-SEM-07;F422-SEM-08,37,AI;API;APP;AUTO;BR;CALC;CAP;DATA;E2E;FLOW;FR;INT;NOTIF;OBS;PERF;REP;SEC;UAT;US;UX;VAL,NO,NO,KEEP_CANONICAL_510_EXPAND_EXISTING_DOSSIER,Pass B adversarial semantic freeze: explicit lifecycle/data/rule/security/UX/integration/exception/verification ownership plus module-specific risk review.,Module Semantic Red-Team AI,2026-08-31
F423,Payroll periods,HR & Payroll,APPROVED,operational,8,F423-SEM-01;F423-SEM-02;F423-SEM-03;F423-SEM-04;F423-SEM-05;F423-SEM-06;F423-SEM-07;F423-SEM-08,37,AI;API;APP;AUTO;BR;CALC;CAP;DATA;E2E;FLOW;FR;INT;NOTIF;OBS;PERF;REP;SEC;UAT;US;UX;VAL,NO,NO,KEEP_CANONICAL_510_EXPAND_EXISTING_DOSSIER,Pass B adversarial semantic freeze: explicit lifecycle/data/rule/security/UX/integration/exception/verification ownership plus module-specific risk review.,Module Semantic Red-Team AI,2026-08-31
F424,Payroll calculation,HR & Payroll,APPROVED,calculation,8,F424-SEM-01;F424-SEM-02;F424-SEM-03;F424-SEM-04;F424-SEM-05;F424-SEM-06;F424-SEM-07;F424-SEM-08,37,AI;API;APP;AUTO;BR;CALC;CAP;DATA;E2E;FLOW;FR;INT;NOTIF;OBS;PERF;REP;SEC;UAT;US;UX;VAL,NO,NO,KEEP_CANONICAL_510_EXPAND_EXISTING_DOSSIER,Pass B adversarial semantic freeze: explicit lifecycle/data/rule/security/UX/integration/exception/verification ownership plus module-specific risk review.,Module Semantic Red-Team AI,2026-08-31
F425,Attendance-based payroll,HR & Payroll,APPROVED,workforce_time,8,F425-SEM-01;F425-SEM-02;F425-SEM-03;F425-SEM-04;F425-SEM-05;F425-SEM-06;F425-SEM-07;F425-SEM-08,37,AI;API;APP;AUTO;BR;CALC;CAP;DATA;E2E;FLOW;FR;INT;NOTIF;OBS;PERF;REP;SEC;UAT;US;UX;VAL,NO,NO,KEEP_CANONICAL_510_EXPAND_EXISTING_DOSSIER,Pass B adversarial semantic freeze: explicit lifecycle/data/rule/security/UX/integration/exception/verification ownership plus module-specific risk review.,Module Semantic Red-Team AI,2026-08-31
F426,Joining / separation proration,HR & Payroll,APPROVED,calculation,8,F426-SEM-01;F426-SEM-02;F426-SEM-03;F426-SEM-04;F426-SEM-05;F426-SEM-06;F426-SEM-07;F426-SEM-08,37,AI;API;APP;AUTO;BR;CALC;CAP;DATA;E2E;FLOW;FR;INT;NOTIF;OBS;PERF;REP;SEC;UAT;US;UX;VAL,NO,NO,KEEP_CANONICAL_510_EXPAND_EXISTING_DOSSIER,Pass B adversarial semantic freeze: explicit lifecycle/data/rule/security/UX/integration/exception/verification ownership plus module-specific risk review.,Module Semantic Red-Team AI,2026-08-31
F427,Overtime calculation,HR & Payroll,APPROVED,calculation,8,F427-SEM-01;F427-SEM-02;F427-SEM-03;F427-SEM-04;F427-SEM-05;F427-SEM-06;F427-SEM-07;F427-SEM-08,37,AI;API;APP;AUTO;BR;CALC;CAP;DATA;E2E;FLOW;FR;INT;NOTIF;OBS;PERF;REP;SEC;UAT;US;UX;VAL,NO,NO,KEEP_CANONICAL_510_EXPAND_EXISTING_DOSSIER,Pass B adversarial semantic freeze: explicit lifecycle/data/rule/security/UX/integration/exception/verification ownership plus module-specific risk review.,Module Semantic Red-Team AI,2026-08-31
F428,Bonus,HR & Payroll,APPROVED,operational,8,F428-SEM-01;F428-SEM-02;F428-SEM-03;F428-SEM-04;F428-SEM-05;F428-SEM-06;F428-SEM-07;F428-SEM-08,37,AI;API;APP;AUTO;BR;CALC;CAP;DATA;E2E;FLOW;FR;INT;NOTIF;OBS;PERF;REP;SEC;UAT;US;UX;VAL,NO,NO,KEEP_CANONICAL_510_EXPAND_EXISTING_DOSSIER,Pass B adversarial semantic freeze: explicit lifecycle/data/rule/security/UX/integration/exception/verification ownership plus module-specific risk review.,Module Semantic Red-Team AI,2026-08-31
F429,Incentives,HR & Payroll,APPROVED,operational,8,F429-SEM-01;F429-SEM-02;F429-SEM-03;F429-SEM-04;F429-SEM-05;F429-SEM-06;F429-SEM-07;F429-SEM-08,37,AI;API;APP;AUTO;BR;CALC;CAP;DATA;E2E;FLOW;FR;INT;NOTIF;OBS;PERF;REP;SEC;UAT;US;UX;VAL,NO,NO,KEEP_CANONICAL_510_EXPAND_EXISTING_DOSSIER,Pass B adversarial semantic freeze: explicit lifecycle/data/rule/security/UX/integration/exception/verification ownership plus module-specific risk review.,Module Semantic Red-Team AI,2026-08-31
F430,Reimbursements,HR & Payroll,APPROVED,operational,8,F430-SEM-01;F430-SEM-02;F430-SEM-03;F430-SEM-04;F430-SEM-05;F430-SEM-06;F430-SEM-07;F430-SEM-08,37,AI;API;APP;AUTO;BR;CALC;CAP;DATA;E2E;FLOW;FR;INT;NOTIF;OBS;PERF;REP;SEC;UAT;US;UX;VAL,NO,NO,KEEP_CANONICAL_510_EXPAND_EXISTING_DOSSIER,Pass B adversarial semantic freeze: explicit lifecycle/data/rule/security/UX/integration/exception/verification ownership plus module-specific risk review.,Module Semantic Red-Team AI,2026-08-31
F431,Loans and salary advances,HR & Payroll,APPROVED,money_movement,8,F431-SEM-01;F431-SEM-02;F431-SEM-03;F431-SEM-04;F431-SEM-05;F431-SEM-06;F431-SEM-07;F431-SEM-08,37,AI;API;APP;AUTO;BR;CALC;CAP;DATA;E2E;FLOW;FR;INT;NOTIF;OBS;PERF;REP;SEC;UAT;US;UX;VAL,NO,NO,KEEP_CANONICAL_510_EXPAND_EXISTING_DOSSIER,Pass B adversarial semantic freeze: explicit lifecycle/data/rule/security/UX/integration/exception/verification ownership plus module-specific risk review.,Module Semantic Red-Team AI,2026-08-31
F432,Arrears,HR & Payroll,APPROVED,operational,8,F432-SEM-01;F432-SEM-02;F432-SEM-03;F432-SEM-04;F432-SEM-05;F432-SEM-06;F432-SEM-07;F432-SEM-08,37,AI;API;APP;AUTO;BR;CALC;CAP;DATA;E2E;FLOW;FR;INT;NOTIF;OBS;PERF;REP;SEC;UAT;US;UX;VAL,NO,NO,KEEP_CANONICAL_510_EXPAND_EXISTING_DOSSIER,Pass B adversarial semantic freeze: explicit lifecycle/data/rule/security/UX/integration/exception/verification ownership plus module-specific risk review.,Module Semantic Red-Team AI,2026-08-31
F433,Final settlement,HR & Payroll,APPROVED,operational,8,F433-SEM-01;F433-SEM-02;F433-SEM-03;F433-SEM-04;F433-SEM-05;F433-SEM-06;F433-SEM-07;F433-SEM-08,37,AI;API;APP;AUTO;BR;CALC;CAP;DATA;E2E;FLOW;FR;INT;NOTIF;OBS;PERF;REP;SEC;UAT;US;UX;VAL,NO,NO,KEEP_CANONICAL_510_EXPAND_EXISTING_DOSSIER,Pass B adversarial semantic freeze: explicit lifecycle/data/rule/security/UX/integration/exception/verification ownership plus module-specific risk review.,Module Semantic Red-Team AI,2026-08-31
F434,Payroll approval,HR & Payroll,APPROVED,decision,8,F434-SEM-01;F434-SEM-02;F434-SEM-03;F434-SEM-04;F434-SEM-05;F434-SEM-06;F434-SEM-07;F434-SEM-08,37,AI;API;APP;AUTO;BR;CALC;CAP;DATA;E2E;FLOW;FR;INT;NOTIF;OBS;PERF;REP;SEC;UAT;US;UX;VAL,NO,NO,KEEP_CANONICAL_510_EXPAND_EXISTING_DOSSIER,Pass B adversarial semantic freeze: explicit lifecycle/data/rule/security/UX/integration/exception/verification ownership plus module-specific risk review.,Module Semantic Red-Team AI,2026-08-31
F435,Payslips,HR & Payroll,APPROVED,document,8,F435-SEM-01;F435-SEM-02;F435-SEM-03;F435-SEM-04;F435-SEM-05;F435-SEM-06;F435-SEM-07;F435-SEM-08,37,AI;API;APP;AUTO;BR;CALC;CAP;DATA;E2E;FLOW;FR;INT;NOTIF;OBS;PERF;REP;SEC;UAT;US;UX;VAL,NO,NO,KEEP_CANONICAL_510_EXPAND_EXISTING_DOSSIER,Pass B adversarial semantic freeze: explicit lifecycle/data/rule/security/UX/integration/exception/verification ownership plus module-specific risk review.,Module Semantic Red-Team AI,2026-08-31
F436,Bank-transfer file,HR & Payroll,APPROVED,money_movement,8,F436-SEM-01;F436-SEM-02;F436-SEM-03;F436-SEM-04;F436-SEM-05;F436-SEM-06;F436-SEM-07;F436-SEM-08,37,AI;API;APP;AUTO;BR;CALC;CAP;DATA;E2E;FLOW;FR;INT;NOTIF;OBS;PERF;REP;SEC;UAT;US;UX;VAL,NO,NO,KEEP_CANONICAL_510_EXPAND_EXISTING_DOSSIER,Pass B adversarial semantic freeze: explicit lifecycle/data/rule/security/UX/integration/exception/verification ownership plus module-specific risk review.,Module Semantic Red-Team AI,2026-08-31
F437,Payroll accounting posting,HR & Payroll,APPROVED,operational,8,F437-SEM-01;F437-SEM-02;F437-SEM-03;F437-SEM-04;F437-SEM-05;F437-SEM-06;F437-SEM-07;F437-SEM-08,37,AI;API;APP;AUTO;BR;CALC;CAP;DATA;E2E;FLOW;FR;INT;NOTIF;OBS;PERF;REP;SEC;UAT;US;UX;VAL,NO,NO,KEEP_CANONICAL_510_EXPAND_EXISTING_DOSSIER,Pass B adversarial semantic freeze: explicit lifecycle/data/rule/security/UX/integration/exception/verification ownership plus module-specific risk review.,Module Semantic Red-Team AI,2026-08-31
F438,Payroll reconciliation,HR & Payroll,APPROVED,money_movement,8,F438-SEM-01;F438-SEM-02;F438-SEM-03;F438-SEM-04;F438-SEM-05;F438-SEM-06;F438-SEM-07;F438-SEM-08,37,AI;API;APP;AUTO;BR;CALC;CAP;DATA;E2E;FLOW;FR;INT;NOTIF;OBS;PERF;REP;SEC;UAT;US;UX;VAL,NO,NO,KEEP_CANONICAL_510_EXPAND_EXISTING_DOSSIER,Pass B adversarial semantic freeze: explicit lifecycle/data/rule/security/UX/integration/exception/verification ownership plus module-specific risk review.,Module Semantic Red-Team AI,2026-08-31
F439,Provident Fund (PF),HR & Payroll,APPROVED,calculation,8,F439-SEM-01;F439-SEM-02;F439-SEM-03;F439-SEM-04;F439-SEM-05;F439-SEM-06;F439-SEM-07;F439-SEM-08,37,AI;API;APP;AUTO;BR;CALC;CAP;DATA;E2E;FLOW;FR;INT;NOTIF;OBS;PERF;REP;SEC;UAT;US;UX;VAL,NO,NO,KEEP_CANONICAL_510_EXPAND_EXISTING_DOSSIER,Pass B adversarial semantic freeze: explicit lifecycle/data/rule/security/UX/integration/exception/verification ownership plus module-specific risk review.,Module Semantic Red-Team AI,2026-08-31
F440,ESIC,HR & Payroll,APPROVED,calculation,8,F440-SEM-01;F440-SEM-02;F440-SEM-03;F440-SEM-04;F440-SEM-05;F440-SEM-06;F440-SEM-07;F440-SEM-08,37,AI;API;APP;AUTO;BR;CALC;CAP;DATA;E2E;FLOW;FR;INT;NOTIF;OBS;PERF;REP;SEC;UAT;US;UX;VAL,NO,NO,KEEP_CANONICAL_510_EXPAND_EXISTING_DOSSIER,Pass B adversarial semantic freeze: explicit lifecycle/data/rule/security/UX/integration/exception/verification ownership plus module-specific risk review.,Module Semantic Red-Team AI,2026-08-31
F441,Professional Tax,HR & Payroll,APPROVED,calculation,8,F441-SEM-01;F441-SEM-02;F441-SEM-03;F441-SEM-04;F441-SEM-05;F441-SEM-06;F441-SEM-07;F441-SEM-08,37,AI;API;APP;AUTO;BR;CALC;CAP;DATA;E2E;FLOW;FR;INT;NOTIF;OBS;PERF;REP;SEC;UAT;US;UX;VAL,NO,NO,KEEP_CANONICAL_510_EXPAND_EXISTING_DOSSIER,Pass B adversarial semantic freeze: explicit lifecycle/data/rule/security/UX/integration/exception/verification ownership plus module-specific risk review.,Module Semantic Red-Team AI,2026-08-31
F442,TDS,HR & Payroll,APPROVED,calculation,8,F442-SEM-01;F442-SEM-02;F442-SEM-03;F442-SEM-04;F442-SEM-05;F442-SEM-06;F442-SEM-07;F442-SEM-08,37,AI;API;APP;AUTO;BR;CALC;CAP;DATA;E2E;FLOW;FR;INT;NOTIF;OBS;PERF;REP;SEC;UAT;US;UX;VAL,NO,NO,KEEP_CANONICAL_510_EXPAND_EXISTING_DOSSIER,Pass B adversarial semantic freeze: explicit lifecycle/data/rule/security/UX/integration/exception/verification ownership plus module-specific risk review.,Module Semantic Red-Team AI,2026-08-31
F443,Labour Welfare Fund where applicable,HR & Payroll,APPROVED,operational,8,F443-SEM-01;F443-SEM-02;F443-SEM-03;F443-SEM-04;F443-SEM-05;F443-SEM-06;F443-SEM-07;F443-SEM-08,37,AI;API;APP;AUTO;BR;CALC;CAP;DATA;E2E;FLOW;FR;INT;NOTIF;OBS;PERF;REP;SEC;UAT;US;UX;VAL,NO,NO,KEEP_CANONICAL_510_EXPAND_EXISTING_DOSSIER,Pass B adversarial semantic freeze: explicit lifecycle/data/rule/security/UX/integration/exception/verification ownership plus module-specific risk review.,Module Semantic Red-Team AI,2026-08-31
F444,Gratuity,HR & Payroll,APPROVED,calculation,8,F444-SEM-01;F444-SEM-02;F444-SEM-03;F444-SEM-04;F444-SEM-05;F444-SEM-06;F444-SEM-07;F444-SEM-08,37,AI;API;APP;AUTO;BR;CALC;CAP;DATA;E2E;FLOW;FR;INT;NOTIF;OBS;PERF;REP;SEC;UAT;US;UX;VAL,NO,NO,KEEP_CANONICAL_510_EXPAND_EXISTING_DOSSIER,Pass B adversarial semantic freeze: explicit lifecycle/data/rule/security/UX/integration/exception/verification ownership plus module-specific risk review.,Module Semantic Red-Team AI,2026-08-31
F445,Statutory reports,HR & Payroll,APPROVED,analytics,8,F445-SEM-01;F445-SEM-02;F445-SEM-03;F445-SEM-04;F445-SEM-05;F445-SEM-06;F445-SEM-07;F445-SEM-08,37,AI;API;APP;AUTO;BR;CALC;CAP;DATA;E2E;FLOW;FR;INT;NOTIF;OBS;PERF;REP;SEC;UAT;US;UX;VAL,NO,NO,KEEP_CANONICAL_510_EXPAND_EXISTING_DOSSIER,Pass B adversarial semantic freeze: explicit lifecycle/data/rule/security/UX/integration/exception/verification ownership plus module-specific risk review.,Module Semantic Red-Team AI,2026-08-31
F446,State-specific statutory configuration,HR & Payroll,APPROVED,operational,8,F446-SEM-01;F446-SEM-02;F446-SEM-03;F446-SEM-04;F446-SEM-05;F446-SEM-06;F446-SEM-07;F446-SEM-08,37,AI;API;APP;AUTO;BR;CALC;CAP;DATA;E2E;FLOW;FR;INT;NOTIF;OBS;PERF;REP;SEC;UAT;US;UX;VAL,NO,NO,KEEP_CANONICAL_510_EXPAND_EXISTING_DOSSIER,Pass B adversarial semantic freeze: explicit lifecycle/data/rule/security/UX/integration/exception/verification ownership plus module-specific risk review.,Module Semantic Red-Team AI,2026-08-31
F447,Payroll compliance reports,HR & Payroll,APPROVED,analytics,8,F447-SEM-01;F447-SEM-02;F447-SEM-03;F447-SEM-04;F447-SEM-05;F447-SEM-06;F447-SEM-07;F447-SEM-08,37,AI;API;APP;AUTO;BR;CALC;CAP;DATA;E2E;FLOW;FR;INT;NOTIF;OBS;PERF;REP;SEC;UAT;US;UX;VAL,NO,NO,KEEP_CANONICAL_510_EXPAND_EXISTING_DOSSIER,Pass B adversarial semantic freeze: explicit lifecycle/data/rule/security/UX/integration/exception/verification ownership plus module-specific risk review.,Module Semantic Red-Team AI,2026-08-31
F448,Goals,HR & Payroll,APPROVED,operational,8,F448-SEM-01;F448-SEM-02;F448-SEM-03;F448-SEM-04;F448-SEM-05;F448-SEM-06;F448-SEM-07;F448-SEM-08,37,AI;API;APP;AUTO;BR;CALC;CAP;DATA;E2E;FLOW;FR;INT;NOTIF;OBS;PERF;REP;SEC;UAT;US;UX;VAL,NO,NO,KEEP_CANONICAL_510_EXPAND_EXISTING_DOSSIER,Pass B adversarial semantic freeze: explicit lifecycle/data/rule/security/UX/integration/exception/verification ownership plus module-specific risk review.,Module Semantic Red-Team AI,2026-08-31
F449,Appraisals,HR & Payroll,APPROVED,operational,8,F449-SEM-01;F449-SEM-02;F449-SEM-03;F449-SEM-04;F449-SEM-05;F449-SEM-06;F449-SEM-07;F449-SEM-08,37,AI;API;APP;AUTO;BR;CALC;CAP;DATA;E2E;FLOW;FR;INT;NOTIF;OBS;PERF;REP;SEC;UAT;US;UX;VAL,NO,NO,KEEP_CANONICAL_510_EXPAND_EXISTING_DOSSIER,Pass B adversarial semantic freeze: explicit lifecycle/data/rule/security/UX/integration/exception/verification ownership plus module-specific risk review.,Module Semantic Red-Team AI,2026-08-31
F450,Performance reviews,HR & Payroll,APPROVED,operational,8,F450-SEM-01;F450-SEM-02;F450-SEM-03;F450-SEM-04;F450-SEM-05;F450-SEM-06;F450-SEM-07;F450-SEM-08,37,AI;API;APP;AUTO;BR;CALC;CAP;DATA;E2E;FLOW;FR;INT;NOTIF;OBS;PERF;REP;SEC;UAT;US;UX;VAL,NO,NO,KEEP_CANONICAL_510_EXPAND_EXISTING_DOSSIER,Pass B adversarial semantic freeze: explicit lifecycle/data/rule/security/UX/integration/exception/verification ownership plus module-specific risk review.,Module Semantic Red-Team AI,2026-08-31
F451,Skills,HR & Payroll,APPROVED,operational,8,F451-SEM-01;F451-SEM-02;F451-SEM-03;F451-SEM-04;F451-SEM-05;F451-SEM-06;F451-SEM-07;F451-SEM-08,37,AI;API;APP;AUTO;BR;CALC;CAP;DATA;E2E;FLOW;FR;INT;NOTIF;OBS;PERF;REP;SEC;UAT;US;UX;VAL,NO,NO,KEEP_CANONICAL_510_EXPAND_EXISTING_DOSSIER,Pass B adversarial semantic freeze: explicit lifecycle/data/rule/security/UX/integration/exception/verification ownership plus module-specific risk review.,Module Semantic Red-Team AI,2026-08-31
F452,Training,HR & Payroll,APPROVED,operational,8,F452-SEM-01;F452-SEM-02;F452-SEM-03;F452-SEM-04;F452-SEM-05;F452-SEM-06;F452-SEM-07;F452-SEM-08,37,AI;API;APP;AUTO;BR;CALC;CAP;DATA;E2E;FLOW;FR;INT;NOTIF;OBS;PERF;REP;SEC;UAT;US;UX;VAL,NO,NO,KEEP_CANONICAL_510_EXPAND_EXISTING_DOSSIER,Pass B adversarial semantic freeze: explicit lifecycle/data/rule/security/UX/integration/exception/verification ownership plus module-specific risk review.,Module Semantic Red-Team AI,2026-08-31
F453,Chart of Accounts,Accounting / Finance,APPROVED,operational,8,F453-SEM-01;F453-SEM-02;F453-SEM-03;F453-SEM-04;F453-SEM-05;F453-SEM-06;F453-SEM-07;F453-SEM-08,37,AI;API;APP;AUTO;BR;CALC;CAP;DATA;E2E;FLOW;FR;INT;NOTIF;OBS;PERF;REP;SEC;UAT;US;UX;VAL,NO,NO,KEEP_CANONICAL_510_EXPAND_EXISTING_DOSSIER,Pass B adversarial semantic freeze: explicit lifecycle/data/rule/security/UX/integration/exception/verification ownership plus module-specific risk review.,Module Semantic Red-Team AI,2026-08-31
F454,General Ledger,Accounting / Finance,APPROVED,operational,8,F454-SEM-01;F454-SEM-02;F454-SEM-03;F454-SEM-04;F454-SEM-05;F454-SEM-06;F454-SEM-07;F454-SEM-08,37,AI;API;APP;AUTO;BR;CALC;CAP;DATA;E2E;FLOW;FR;INT;NOTIF;OBS;PERF;REP;SEC;UAT;US;UX;VAL,NO,NO,KEEP_CANONICAL_510_EXPAND_EXISTING_DOSSIER,Pass B adversarial semantic freeze: explicit lifecycle/data/rule/security/UX/integration/exception/verification ownership plus module-specific risk review.,Module Semantic Red-Team AI,2026-08-31
F455,Journal entries,Accounting / Finance,APPROVED,operational,8,F455-SEM-01;F455-SEM-02;F455-SEM-03;F455-SEM-04;F455-SEM-05;F455-SEM-06;F455-SEM-07;F455-SEM-08,37,AI;API;APP;AUTO;BR;CALC;CAP;DATA;E2E;FLOW;FR;INT;NOTIF;OBS;PERF;REP;SEC;UAT;US;UX;VAL,NO,NO,KEEP_CANONICAL_510_EXPAND_EXISTING_DOSSIER,Pass B adversarial semantic freeze: explicit lifecycle/data/rule/security/UX/integration/exception/verification ownership plus module-specific risk review.,Module Semantic Red-Team AI,2026-08-31
F456,Double-entry enforcement,Accounting / Finance,APPROVED,operational,8,F456-SEM-01;F456-SEM-02;F456-SEM-03;F456-SEM-04;F456-SEM-05;F456-SEM-06;F456-SEM-07;F456-SEM-08,37,AI;API;APP;AUTO;BR;CALC;CAP;DATA;E2E;FLOW;FR;INT;NOTIF;OBS;PERF;REP;SEC;UAT;US;UX;VAL,NO,NO,KEEP_CANONICAL_510_EXPAND_EXISTING_DOSSIER,Pass B adversarial semantic freeze: explicit lifecycle/data/rule/security/UX/integration/exception/verification ownership plus module-specific risk review.,Module Semantic Red-Team AI,2026-08-31
F457,Fiscal years,Accounting / Finance,APPROVED,operational,8,F457-SEM-01;F457-SEM-02;F457-SEM-03;F457-SEM-04;F457-SEM-05;F457-SEM-06;F457-SEM-07;F457-SEM-08,37,AI;API;APP;AUTO;BR;CALC;CAP;DATA;E2E;FLOW;FR;INT;NOTIF;OBS;PERF;REP;SEC;UAT;US;UX;VAL,NO,NO,KEEP_CANONICAL_510_EXPAND_EXISTING_DOSSIER,Pass B adversarial semantic freeze: explicit lifecycle/data/rule/security/UX/integration/exception/verification ownership plus module-specific risk review.,Module Semantic Red-Team AI,2026-08-31
F458,Accounting periods,Accounting / Finance,APPROVED,operational,8,F458-SEM-01;F458-SEM-02;F458-SEM-03;F458-SEM-04;F458-SEM-05;F458-SEM-06;F458-SEM-07;F458-SEM-08,37,AI;API;APP;AUTO;BR;CALC;CAP;DATA;E2E;FLOW;FR;INT;NOTIF;OBS;PERF;REP;SEC;UAT;US;UX;VAL,NO,NO,KEEP_CANONICAL_510_EXPAND_EXISTING_DOSSIER,Pass B adversarial semantic freeze: explicit lifecycle/data/rule/security/UX/integration/exception/verification ownership plus module-specific risk review.,Module Semantic Red-Team AI,2026-08-31
F459,Period locks,Accounting / Finance,APPROVED,operational,8,F459-SEM-01;F459-SEM-02;F459-SEM-03;F459-SEM-04;F459-SEM-05;F459-SEM-06;F459-SEM-07;F459-SEM-08,37,AI;API;APP;AUTO;BR;CALC;CAP;DATA;E2E;FLOW;FR;INT;NOTIF;OBS;PERF;REP;SEC;UAT;US;UX;VAL,NO,NO,KEEP_CANONICAL_510_EXPAND_EXISTING_DOSSIER,Pass B adversarial semantic freeze: explicit lifecycle/data/rule/security/UX/integration/exception/verification ownership plus module-specific risk review.,Module Semantic Red-Team AI,2026-08-31
F460,Cost centres,Accounting / Finance,APPROVED,calculation,8,F460-SEM-01;F460-SEM-02;F460-SEM-03;F460-SEM-04;F460-SEM-05;F460-SEM-06;F460-SEM-07;F460-SEM-08,37,AI;API;APP;AUTO;BR;CALC;CAP;DATA;E2E;FLOW;FR;INT;NOTIF;OBS;PERF;REP;SEC;UAT;US;UX;VAL,NO,NO,KEEP_CANONICAL_510_EXPAND_EXISTING_DOSSIER,Pass B adversarial semantic freeze: explicit lifecycle/data/rule/security/UX/integration/exception/verification ownership plus module-specific risk review.,Module Semantic Red-Team AI,2026-08-31
F461,Departments / financial dimensions,Accounting / Finance,APPROVED,master_config,8,F461-SEM-01;F461-SEM-02;F461-SEM-03;F461-SEM-04;F461-SEM-05;F461-SEM-06;F461-SEM-07;F461-SEM-08,37,AI;API;APP;AUTO;BR;CALC;CAP;DATA;E2E;FLOW;FR;INT;NOTIF;OBS;PERF;REP;SEC;UAT;US;UX;VAL,NO,NO,KEEP_CANONICAL_510_EXPAND_EXISTING_DOSSIER,Pass B adversarial semantic freeze: explicit lifecycle/data/rule/security/UX/integration/exception/verification ownership plus module-specific risk review.,Module Semantic Red-Team AI,2026-08-31
F462,Custom accounting dimensions,Accounting / Finance,APPROVED,operational,8,F462-SEM-01;F462-SEM-02;F462-SEM-03;F462-SEM-04;F462-SEM-05;F462-SEM-06;F462-SEM-07;F462-SEM-08,37,AI;API;APP;AUTO;BR;CALC;CAP;DATA;E2E;FLOW;FR;INT;NOTIF;OBS;PERF;REP;SEC;UAT;US;UX;VAL,NO,NO,KEEP_CANONICAL_510_EXPAND_EXISTING_DOSSIER,Pass B adversarial semantic freeze: explicit lifecycle/data/rule/security/UX/integration/exception/verification ownership plus module-specific risk review.,Module Semantic Red-Team AI,2026-08-31
F463,Customer invoices,Accounting / Finance,APPROVED,document,8,F463-SEM-01;F463-SEM-02;F463-SEM-03;F463-SEM-04;F463-SEM-05;F463-SEM-06;F463-SEM-07;F463-SEM-08,37,AI;API;APP;AUTO;BR;CALC;CAP;DATA;E2E;FLOW;FR;INT;NOTIF;OBS;PERF;REP;SEC;UAT;US;UX;VAL,NO,NO,KEEP_CANONICAL_510_EXPAND_EXISTING_DOSSIER,Pass B adversarial semantic freeze: explicit lifecycle/data/rule/security/UX/integration/exception/verification ownership plus module-specific risk review.,Module Semantic Red-Team AI,2026-08-31
F464,Credit notes,Accounting / Finance,APPROVED,document,8,F464-SEM-01;F464-SEM-02;F464-SEM-03;F464-SEM-04;F464-SEM-05;F464-SEM-06;F464-SEM-07;F464-SEM-08,37,AI;API;APP;AUTO;BR;CALC;CAP;DATA;E2E;FLOW;FR;INT;NOTIF;OBS;PERF;REP;SEC;UAT;US;UX;VAL,NO,NO,KEEP_CANONICAL_510_EXPAND_EXISTING_DOSSIER,Pass B adversarial semantic freeze: explicit lifecycle/data/rule/security/UX/integration/exception/verification ownership plus module-specific risk review.,Module Semantic Red-Team AI,2026-08-31
F465,Customer receipts,Accounting / Finance,APPROVED,operational,8,F465-SEM-01;F465-SEM-02;F465-SEM-03;F465-SEM-04;F465-SEM-05;F465-SEM-06;F465-SEM-07;F465-SEM-08,37,AI;API;APP;AUTO;BR;CALC;CAP;DATA;E2E;FLOW;FR;INT;NOTIF;OBS;PERF;REP;SEC;UAT;US;UX;VAL,NO,NO,KEEP_CANONICAL_510_EXPAND_EXISTING_DOSSIER,Pass B adversarial semantic freeze: explicit lifecycle/data/rule/security/UX/integration/exception/verification ownership plus module-specific risk review.,Module Semantic Red-Team AI,2026-08-31
F466,Payment allocation,Accounting / Finance,APPROVED,money_movement,8,F466-SEM-01;F466-SEM-02;F466-SEM-03;F466-SEM-04;F466-SEM-05;F466-SEM-06;F466-SEM-07;F466-SEM-08,37,AI;API;APP;AUTO;BR;CALC;CAP;DATA;E2E;FLOW;FR;INT;NOTIF;OBS;PERF;REP;SEC;UAT;US;UX;VAL,NO,NO,KEEP_CANONICAL_510_EXPAND_EXISTING_DOSSIER,Pass B adversarial semantic freeze: explicit lifecycle/data/rule/security/UX/integration/exception/verification ownership plus module-specific risk review.,Module Semantic Red-Team AI,2026-08-31
F467,Outstanding balances,Accounting / Finance,APPROVED,operational,8,F467-SEM-01;F467-SEM-02;F467-SEM-03;F467-SEM-04;F467-SEM-05;F467-SEM-06;F467-SEM-07;F467-SEM-08,37,AI;API;APP;AUTO;BR;CALC;CAP;DATA;E2E;FLOW;FR;INT;NOTIF;OBS;PERF;REP;SEC;UAT;US;UX;VAL,NO,NO,KEEP_CANONICAL_510_EXPAND_EXISTING_DOSSIER,Pass B adversarial semantic freeze: explicit lifecycle/data/rule/security/UX/integration/exception/verification ownership plus module-specific risk review.,Module Semantic Red-Team AI,2026-08-31
F468,AR aging,Accounting / Finance,APPROVED,operational,8,F468-SEM-01;F468-SEM-02;F468-SEM-03;F468-SEM-04;F468-SEM-05;F468-SEM-06;F468-SEM-07;F468-SEM-08,37,AI;API;APP;AUTO;BR;CALC;CAP;DATA;E2E;FLOW;FR;INT;NOTIF;OBS;PERF;REP;SEC;UAT;US;UX;VAL,NO,NO,KEEP_CANONICAL_510_EXPAND_EXISTING_DOSSIER,Pass B adversarial semantic freeze: explicit lifecycle/data/rule/security/UX/integration/exception/verification ownership plus module-specific risk review.,Module Semantic Red-Team AI,2026-08-31
F469,Customer statements,Accounting / Finance,APPROVED,operational,8,F469-SEM-01;F469-SEM-02;F469-SEM-03;F469-SEM-04;F469-SEM-05;F469-SEM-06;F469-SEM-07;F469-SEM-08,37,AI;API;APP;AUTO;BR;CALC;CAP;DATA;E2E;FLOW;FR;INT;NOTIF;OBS;PERF;REP;SEC;UAT;US;UX;VAL,NO,NO,KEEP_CANONICAL_510_EXPAND_EXISTING_DOSSIER,Pass B adversarial semantic freeze: explicit lifecycle/data/rule/security/UX/integration/exception/verification ownership plus module-specific risk review.,Module Semantic Red-Team AI,2026-08-31
F470,Credit control,Accounting / Finance,APPROVED,operational,8,F470-SEM-01;F470-SEM-02;F470-SEM-03;F470-SEM-04;F470-SEM-05;F470-SEM-06;F470-SEM-07;F470-SEM-08,37,AI;API;APP;AUTO;BR;CALC;CAP;DATA;E2E;FLOW;FR;INT;NOTIF;OBS;PERF;REP;SEC;UAT;US;UX;VAL,NO,NO,KEEP_CANONICAL_510_EXPAND_EXISTING_DOSSIER,Pass B adversarial semantic freeze: explicit lifecycle/data/rule/security/UX/integration/exception/verification ownership plus module-specific risk review.,Module Semantic Red-Team AI,2026-08-31
F471,Supplier invoices,Accounting / Finance,APPROVED,document,8,F471-SEM-01;F471-SEM-02;F471-SEM-03;F471-SEM-04;F471-SEM-05;F471-SEM-06;F471-SEM-07;F471-SEM-08,37,AI;API;APP;AUTO;BR;CALC;CAP;DATA;E2E;FLOW;FR;INT;NOTIF;OBS;PERF;REP;SEC;UAT;US;UX;VAL,NO,NO,KEEP_CANONICAL_510_EXPAND_EXISTING_DOSSIER,Pass B adversarial semantic freeze: explicit lifecycle/data/rule/security/UX/integration/exception/verification ownership plus module-specific risk review.,Module Semantic Red-Team AI,2026-08-31
F472,Debit notes,Accounting / Finance,APPROVED,operational,8,F472-SEM-01;F472-SEM-02;F472-SEM-03;F472-SEM-04;F472-SEM-05;F472-SEM-06;F472-SEM-07;F472-SEM-08,37,AI;API;APP;AUTO;BR;CALC;CAP;DATA;E2E;FLOW;FR;INT;NOTIF;OBS;PERF;REP;SEC;UAT;US;UX;VAL,NO,NO,KEEP_CANONICAL_510_EXPAND_EXISTING_DOSSIER,Pass B adversarial semantic freeze: explicit lifecycle/data/rule/security/UX/integration/exception/verification ownership plus module-specific risk review.,Module Semantic Red-Team AI,2026-08-31
F473,Supplier payments,Accounting / Finance,APPROVED,money_movement,8,F473-SEM-01;F473-SEM-02;F473-SEM-03;F473-SEM-04;F473-SEM-05;F473-SEM-06;F473-SEM-07;F473-SEM-08,37,AI;API;APP;AUTO;BR;CALC;CAP;DATA;E2E;FLOW;FR;INT;NOTIF;OBS;PERF;REP;SEC;UAT;US;UX;VAL,NO,NO,KEEP_CANONICAL_510_EXPAND_EXISTING_DOSSIER,Pass B adversarial semantic freeze: explicit lifecycle/data/rule/security/UX/integration/exception/verification ownership plus module-specific risk review.,Module Semantic Red-Team AI,2026-08-31
F474,Supplier payment allocation,Accounting / Finance,APPROVED,money_movement,8,F474-SEM-01;F474-SEM-02;F474-SEM-03;F474-SEM-04;F474-SEM-05;F474-SEM-06;F474-SEM-07;F474-SEM-08,37,AI;API;APP;AUTO;BR;CALC;CAP;DATA;E2E;FLOW;FR;INT;NOTIF;OBS;PERF;REP;SEC;UAT;US;UX;VAL,NO,NO,KEEP_CANONICAL_510_EXPAND_EXISTING_DOSSIER,Pass B adversarial semantic freeze: explicit lifecycle/data/rule/security/UX/integration/exception/verification ownership plus module-specific risk review.,Module Semantic Red-Team AI,2026-08-31
F475,AP aging,Accounting / Finance,APPROVED,operational,8,F475-SEM-01;F475-SEM-02;F475-SEM-03;F475-SEM-04;F475-SEM-05;F475-SEM-06;F475-SEM-07;F475-SEM-08,37,AI;API;APP;AUTO;BR;CALC;CAP;DATA;E2E;FLOW;FR;INT;NOTIF;OBS;PERF;REP;SEC;UAT;US;UX;VAL,NO,NO,KEEP_CANONICAL_510_EXPAND_EXISTING_DOSSIER,Pass B adversarial semantic freeze: explicit lifecycle/data/rule/security/UX/integration/exception/verification ownership plus module-specific risk review.,Module Semantic Red-Team AI,2026-08-31
F476,Bank accounts,Accounting / Finance,APPROVED,money_movement,8,F476-SEM-01;F476-SEM-02;F476-SEM-03;F476-SEM-04;F476-SEM-05;F476-SEM-06;F476-SEM-07;F476-SEM-08,37,AI;API;APP;AUTO;BR;CALC;CAP;DATA;E2E;FLOW;FR;INT;NOTIF;OBS;PERF;REP;SEC;UAT;US;UX;VAL,NO,NO,KEEP_CANONICAL_510_EXPAND_EXISTING_DOSSIER,Pass B adversarial semantic freeze: explicit lifecycle/data/rule/security/UX/integration/exception/verification ownership plus module-specific risk review.,Module Semantic Red-Team AI,2026-08-31
F477,Cash accounts,Accounting / Finance,APPROVED,operational,8,F477-SEM-01;F477-SEM-02;F477-SEM-03;F477-SEM-04;F477-SEM-05;F477-SEM-06;F477-SEM-07;F477-SEM-08,37,AI;API;APP;AUTO;BR;CALC;CAP;DATA;E2E;FLOW;FR;INT;NOTIF;OBS;PERF;REP;SEC;UAT;US;UX;VAL,NO,NO,KEEP_CANONICAL_510_EXPAND_EXISTING_DOSSIER,Pass B adversarial semantic freeze: explicit lifecycle/data/rule/security/UX/integration/exception/verification ownership plus module-specific risk review.,Module Semantic Red-Team AI,2026-08-31
F478,Bank transactions,Accounting / Finance,APPROVED,money_movement,8,F478-SEM-01;F478-SEM-02;F478-SEM-03;F478-SEM-04;F478-SEM-05;F478-SEM-06;F478-SEM-07;F478-SEM-08,37,AI;API;APP;AUTO;BR;CALC;CAP;DATA;E2E;FLOW;FR;INT;NOTIF;OBS;PERF;REP;SEC;UAT;US;UX;VAL,NO,NO,KEEP_CANONICAL_510_EXPAND_EXISTING_DOSSIER,Pass B adversarial semantic freeze: explicit lifecycle/data/rule/security/UX/integration/exception/verification ownership plus module-specific risk review.,Module Semantic Red-Team AI,2026-08-31
F479,Bank reconciliation,Accounting / Finance,APPROVED,money_movement,8,F479-SEM-01;F479-SEM-02;F479-SEM-03;F479-SEM-04;F479-SEM-05;F479-SEM-06;F479-SEM-07;F479-SEM-08,37,AI;API;APP;AUTO;BR;CALC;CAP;DATA;E2E;FLOW;FR;INT;NOTIF;OBS;PERF;REP;SEC;UAT;US;UX;VAL,NO,NO,KEEP_CANONICAL_510_EXPAND_EXISTING_DOSSIER,Pass B adversarial semantic freeze: explicit lifecycle/data/rule/security/UX/integration/exception/verification ownership plus module-specific risk review.,Module Semantic Red-Team AI,2026-08-31
F480,Payment reconciliation,Accounting / Finance,APPROVED,money_movement,8,F480-SEM-01;F480-SEM-02;F480-SEM-03;F480-SEM-04;F480-SEM-05;F480-SEM-06;F480-SEM-07;F480-SEM-08,37,AI;API;APP;AUTO;BR;CALC;CAP;DATA;E2E;FLOW;FR;INT;NOTIF;OBS;PERF;REP;SEC;UAT;US;UX;VAL,NO,NO,KEEP_CANONICAL_510_EXPAND_EXISTING_DOSSIER,Pass B adversarial semantic freeze: explicit lifecycle/data/rule/security/UX/integration/exception/verification ownership plus module-specific risk review.,Module Semantic Red-Team AI,2026-08-31
F481,Tax codes,Accounting / Finance,APPROVED,calculation,8,F481-SEM-01;F481-SEM-02;F481-SEM-03;F481-SEM-04;F481-SEM-05;F481-SEM-06;F481-SEM-07;F481-SEM-08,37,AI;API;APP;AUTO;BR;CALC;CAP;DATA;E2E;FLOW;FR;INT;NOTIF;OBS;PERF;REP;SEC;UAT;US;UX;VAL,NO,NO,KEEP_CANONICAL_510_EXPAND_EXISTING_DOSSIER,Pass B adversarial semantic freeze: explicit lifecycle/data/rule/security/UX/integration/exception/verification ownership plus module-specific risk review.,Module Semantic Red-Team AI,2026-08-31
F482,Tax calculation,Accounting / Finance,APPROVED,calculation,8,F482-SEM-01;F482-SEM-02;F482-SEM-03;F482-SEM-04;F482-SEM-05;F482-SEM-06;F482-SEM-07;F482-SEM-08,37,AI;API;APP;AUTO;BR;CALC;CAP;DATA;E2E;FLOW;FR;INT;NOTIF;OBS;PERF;REP;SEC;UAT;US;UX;VAL,NO,NO,KEEP_CANONICAL_510_EXPAND_EXISTING_DOSSIER,Pass B adversarial semantic freeze: explicit lifecycle/data/rule/security/UX/integration/exception/verification ownership plus module-specific risk review.,Module Semantic Red-Team AI,2026-08-31
F483,GST,Accounting / Finance,APPROVED,operational,8,F483-SEM-01;F483-SEM-02;F483-SEM-03;F483-SEM-04;F483-SEM-05;F483-SEM-06;F483-SEM-07;F483-SEM-08,37,AI;API;APP;AUTO;BR;CALC;CAP;DATA;E2E;FLOW;FR;INT;NOTIF;OBS;PERF;REP;SEC;UAT;US;UX;VAL,NO,NO,KEEP_CANONICAL_510_EXPAND_EXISTING_DOSSIER,Pass B adversarial semantic freeze: explicit lifecycle/data/rule/security/UX/integration/exception/verification ownership plus module-specific risk review.,Module Semantic Red-Team AI,2026-08-31
F484,CGST / SGST / IGST,Accounting / Finance,APPROVED,operational,8,F484-SEM-01;F484-SEM-02;F484-SEM-03;F484-SEM-04;F484-SEM-05;F484-SEM-06;F484-SEM-07;F484-SEM-08,37,AI;API;APP;AUTO;BR;CALC;CAP;DATA;E2E;FLOW;FR;INT;NOTIF;OBS;PERF;REP;SEC;UAT;US;UX;VAL,NO,NO,KEEP_CANONICAL_510_EXPAND_EXISTING_DOSSIER,Pass B adversarial semantic freeze: explicit lifecycle/data/rule/security/UX/integration/exception/verification ownership plus module-specific risk review.,Module Semantic Red-Team AI,2026-08-31
F485,TDS,Accounting / Finance,APPROVED,calculation,8,F485-SEM-01;F485-SEM-02;F485-SEM-03;F485-SEM-04;F485-SEM-05;F485-SEM-06;F485-SEM-07;F485-SEM-08,37,AI;API;APP;AUTO;BR;CALC;CAP;DATA;E2E;FLOW;FR;INT;NOTIF;OBS;PERF;REP;SEC;UAT;US;UX;VAL,NO,NO,KEEP_CANONICAL_510_EXPAND_EXISTING_DOSSIER,Pass B adversarial semantic freeze: explicit lifecycle/data/rule/security/UX/integration/exception/verification ownership plus module-specific risk review.,Module Semantic Red-Team AI,2026-08-31
F486,TCS,Accounting / Finance,APPROVED,operational,8,F486-SEM-01;F486-SEM-02;F486-SEM-03;F486-SEM-04;F486-SEM-05;F486-SEM-06;F486-SEM-07;F486-SEM-08,37,AI;API;APP;AUTO;BR;CALC;CAP;DATA;E2E;FLOW;FR;INT;NOTIF;OBS;PERF;REP;SEC;UAT;US;UX;VAL,NO,NO,KEEP_CANONICAL_510_EXPAND_EXISTING_DOSSIER,Pass B adversarial semantic freeze: explicit lifecycle/data/rule/security/UX/integration/exception/verification ownership plus module-specific risk review.,Module Semantic Red-Team AI,2026-08-31
F487,Tax reports,Accounting / Finance,APPROVED,analytics,8,F487-SEM-01;F487-SEM-02;F487-SEM-03;F487-SEM-04;F487-SEM-05;F487-SEM-06;F487-SEM-07;F487-SEM-08,37,AI;API;APP;AUTO;BR;CALC;CAP;DATA;E2E;FLOW;FR;INT;NOTIF;OBS;PERF;REP;SEC;UAT;US;UX;VAL,NO,NO,KEEP_CANONICAL_510_EXPAND_EXISTING_DOSSIER,Pass B adversarial semantic freeze: explicit lifecycle/data/rule/security/UX/integration/exception/verification ownership plus module-specific risk review.,Module Semantic Red-Team AI,2026-08-31
F488,Budgets,Accounting / Finance,APPROVED,operational,8,F488-SEM-01;F488-SEM-02;F488-SEM-03;F488-SEM-04;F488-SEM-05;F488-SEM-06;F488-SEM-07;F488-SEM-08,37,AI;API;APP;AUTO;BR;CALC;CAP;DATA;E2E;FLOW;FR;INT;NOTIF;OBS;PERF;REP;SEC;UAT;US;UX;VAL,NO,NO,KEEP_CANONICAL_510_EXPAND_EXISTING_DOSSIER,Pass B adversarial semantic freeze: explicit lifecycle/data/rule/security/UX/integration/exception/verification ownership plus module-specific risk review.,Module Semantic Red-Team AI,2026-08-31
F489,Budget vs actual,Accounting / Finance,APPROVED,operational,8,F489-SEM-01;F489-SEM-02;F489-SEM-03;F489-SEM-04;F489-SEM-05;F489-SEM-06;F489-SEM-07;F489-SEM-08,37,AI;API;APP;AUTO;BR;CALC;CAP;DATA;E2E;FLOW;FR;INT;NOTIF;OBS;PERF;REP;SEC;UAT;US;UX;VAL,NO,NO,KEEP_CANONICAL_510_EXPAND_EXISTING_DOSSIER,Pass B adversarial semantic freeze: explicit lifecycle/data/rule/security/UX/integration/exception/verification ownership plus module-specific risk review.,Module Semantic Red-Team AI,2026-08-31
F490,Recurring journals,Accounting / Finance,APPROVED,operational,8,F490-SEM-01;F490-SEM-02;F490-SEM-03;F490-SEM-04;F490-SEM-05;F490-SEM-06;F490-SEM-07;F490-SEM-08,37,AI;API;APP;AUTO;BR;CALC;CAP;DATA;E2E;FLOW;FR;INT;NOTIF;OBS;PERF;REP;SEC;UAT;US;UX;VAL,NO,NO,KEEP_CANONICAL_510_EXPAND_EXISTING_DOSSIER,Pass B adversarial semantic freeze: explicit lifecycle/data/rule/security/UX/integration/exception/verification ownership plus module-specific risk review.,Module Semantic Red-Team AI,2026-08-31
F491,Accruals,Accounting / Finance,APPROVED,calculation,8,F491-SEM-01;F491-SEM-02;F491-SEM-03;F491-SEM-04;F491-SEM-05;F491-SEM-06;F491-SEM-07;F491-SEM-08,37,AI;API;APP;AUTO;BR;CALC;CAP;DATA;E2E;FLOW;FR;INT;NOTIF;OBS;PERF;REP;SEC;UAT;US;UX;VAL,NO,NO,KEEP_CANONICAL_510_EXPAND_EXISTING_DOSSIER,Pass B adversarial semantic freeze: explicit lifecycle/data/rule/security/UX/integration/exception/verification ownership plus module-specific risk review.,Module Semantic Red-Team AI,2026-08-31
F492,Deferrals and prepayments,Accounting / Finance,APPROVED,money_movement,8,F492-SEM-01;F492-SEM-02;F492-SEM-03;F492-SEM-04;F492-SEM-05;F492-SEM-06;F492-SEM-07;F492-SEM-08,37,AI;API;APP;AUTO;BR;CALC;CAP;DATA;E2E;FLOW;FR;INT;NOTIF;OBS;PERF;REP;SEC;UAT;US;UX;VAL,NO,NO,KEEP_CANONICAL_510_EXPAND_EXISTING_DOSSIER,Pass B adversarial semantic freeze: explicit lifecycle/data/rule/security/UX/integration/exception/verification ownership plus module-specific risk review.,Module Semantic Red-Team AI,2026-08-31
F493,Revenue recognition,Accounting / Finance,APPROVED,calculation,8,F493-SEM-01;F493-SEM-02;F493-SEM-03;F493-SEM-04;F493-SEM-05;F493-SEM-06;F493-SEM-07;F493-SEM-08,37,AI;API;APP;AUTO;BR;CALC;CAP;DATA;E2E;FLOW;FR;INT;NOTIF;OBS;PERF;REP;SEC;UAT;US;UX;VAL,NO,NO,KEEP_CANONICAL_510_EXPAND_EXISTING_DOSSIER,Pass B adversarial semantic freeze: explicit lifecycle/data/rule/security/UX/integration/exception/verification ownership plus module-specific risk review.,Module Semantic Red-Team AI,2026-08-31
F494,Multi-currency,Accounting / Finance,APPROVED,operational,8,F494-SEM-01;F494-SEM-02;F494-SEM-03;F494-SEM-04;F494-SEM-05;F494-SEM-06;F494-SEM-07;F494-SEM-08,37,AI;API;APP;AUTO;BR;CALC;CAP;DATA;E2E;FLOW;FR;INT;NOTIF;OBS;PERF;REP;SEC;UAT;US;UX;VAL,NO,NO,KEEP_CANONICAL_510_EXPAND_EXISTING_DOSSIER,Pass B adversarial semantic freeze: explicit lifecycle/data/rule/security/UX/integration/exception/verification ownership plus module-specific risk review.,Module Semantic Red-Team AI,2026-08-31
F495,Exchange rates,Accounting / Finance,APPROVED,operational,8,F495-SEM-01;F495-SEM-02;F495-SEM-03;F495-SEM-04;F495-SEM-05;F495-SEM-06;F495-SEM-07;F495-SEM-08,37,AI;API;APP;AUTO;BR;CALC;CAP;DATA;E2E;FLOW;FR;INT;NOTIF;OBS;PERF;REP;SEC;UAT;US;UX;VAL,NO,NO,KEEP_CANONICAL_510_EXPAND_EXISTING_DOSSIER,Pass B adversarial semantic freeze: explicit lifecycle/data/rule/security/UX/integration/exception/verification ownership plus module-specific risk review.,Module Semantic Red-Team AI,2026-08-31
F496,FX gains and losses,Accounting / Finance,APPROVED,operational,8,F496-SEM-01;F496-SEM-02;F496-SEM-03;F496-SEM-04;F496-SEM-05;F496-SEM-06;F496-SEM-07;F496-SEM-08,37,AI;API;APP;AUTO;BR;CALC;CAP;DATA;E2E;FLOW;FR;INT;NOTIF;OBS;PERF;REP;SEC;UAT;US;UX;VAL,NO,NO,KEEP_CANONICAL_510_EXPAND_EXISTING_DOSSIER,Pass B adversarial semantic freeze: explicit lifecycle/data/rule/security/UX/integration/exception/verification ownership plus module-specific risk review.,Module Semantic Red-Team AI,2026-08-31
F497,Intercompany,Accounting / Finance,APPROVED,operational,8,F497-SEM-01;F497-SEM-02;F497-SEM-03;F497-SEM-04;F497-SEM-05;F497-SEM-06;F497-SEM-07;F497-SEM-08,37,AI;API;APP;AUTO;BR;CALC;CAP;DATA;E2E;FLOW;FR;INT;NOTIF;OBS;PERF;REP;SEC;UAT;US;UX;VAL,NO,NO,KEEP_CANONICAL_510_EXPAND_EXISTING_DOSSIER,Pass B adversarial semantic freeze: explicit lifecycle/data/rule/security/UX/integration/exception/verification ownership plus module-specific risk review.,Module Semantic Red-Team AI,2026-08-31
F498,Multi-company,Accounting / Finance,APPROVED,operational,8,F498-SEM-01;F498-SEM-02;F498-SEM-03;F498-SEM-04;F498-SEM-05;F498-SEM-06;F498-SEM-07;F498-SEM-08,37,AI;API;APP;AUTO;BR;CALC;CAP;DATA;E2E;FLOW;FR;INT;NOTIF;OBS;PERF;REP;SEC;UAT;US;UX;VAL,NO,NO,KEEP_CANONICAL_510_EXPAND_EXISTING_DOSSIER,Pass B adversarial semantic freeze: explicit lifecycle/data/rule/security/UX/integration/exception/verification ownership plus module-specific risk review.,Module Semantic Red-Team AI,2026-08-31
F499,Consolidation,Accounting / Finance,APPROVED,operational,8,F499-SEM-01;F499-SEM-02;F499-SEM-03;F499-SEM-04;F499-SEM-05;F499-SEM-06;F499-SEM-07;F499-SEM-08,37,AI;API;APP;AUTO;BR;CALC;CAP;DATA;E2E;FLOW;FR;INT;NOTIF;OBS;PERF;REP;SEC;UAT;US;UX;VAL,NO,NO,KEEP_CANONICAL_510_EXPAND_EXISTING_DOSSIER,Pass B adversarial semantic freeze: explicit lifecycle/data/rule/security/UX/integration/exception/verification ownership plus module-specific risk review.,Module Semantic Red-Team AI,2026-08-31
F500,Financial close,Accounting / Finance,APPROVED,operational,8,F500-SEM-01;F500-SEM-02;F500-SEM-03;F500-SEM-04;F500-SEM-05;F500-SEM-06;F500-SEM-07;F500-SEM-08,37,AI;API;APP;AUTO;BR;CALC;CAP;DATA;E2E;FLOW;FR;INT;NOTIF;OBS;PERF;REP;SEC;UAT;US;UX;VAL,NO,NO,KEEP_CANONICAL_510_EXPAND_EXISTING_DOSSIER,Pass B adversarial semantic freeze: explicit lifecycle/data/rule/security/UX/integration/exception/verification ownership plus module-specific risk review.,Module Semantic Red-Team AI,2026-08-31
F501,Trial balance,Accounting / Finance,APPROVED,operational,8,F501-SEM-01;F501-SEM-02;F501-SEM-03;F501-SEM-04;F501-SEM-05;F501-SEM-06;F501-SEM-07;F501-SEM-08,37,AI;API;APP;AUTO;BR;CALC;CAP;DATA;E2E;FLOW;FR;INT;NOTIF;OBS;PERF;REP;SEC;UAT;US;UX;VAL,NO,NO,KEEP_CANONICAL_510_EXPAND_EXISTING_DOSSIER,Pass B adversarial semantic freeze: explicit lifecycle/data/rule/security/UX/integration/exception/verification ownership plus module-specific risk review.,Module Semantic Red-Team AI,2026-08-31
F502,Profit & Loss,Accounting / Finance,APPROVED,operational,8,F502-SEM-01;F502-SEM-02;F502-SEM-03;F502-SEM-04;F502-SEM-05;F502-SEM-06;F502-SEM-07;F502-SEM-08,37,AI;API;APP;AUTO;BR;CALC;CAP;DATA;E2E;FLOW;FR;INT;NOTIF;OBS;PERF;REP;SEC;UAT;US;UX;VAL,NO,NO,KEEP_CANONICAL_510_EXPAND_EXISTING_DOSSIER,Pass B adversarial semantic freeze: explicit lifecycle/data/rule/security/UX/integration/exception/verification ownership plus module-specific risk review.,Module Semantic Red-Team AI,2026-08-31
F503,Balance Sheet,Accounting / Finance,APPROVED,operational,8,F503-SEM-01;F503-SEM-02;F503-SEM-03;F503-SEM-04;F503-SEM-05;F503-SEM-06;F503-SEM-07;F503-SEM-08,37,AI;API;APP;AUTO;BR;CALC;CAP;DATA;E2E;FLOW;FR;INT;NOTIF;OBS;PERF;REP;SEC;UAT;US;UX;VAL,NO,NO,KEEP_CANONICAL_510_EXPAND_EXISTING_DOSSIER,Pass B adversarial semantic freeze: explicit lifecycle/data/rule/security/UX/integration/exception/verification ownership plus module-specific risk review.,Module Semantic Red-Team AI,2026-08-31
F504,Cash Flow Statement,Accounting / Finance,APPROVED,operational,8,F504-SEM-01;F504-SEM-02;F504-SEM-03;F504-SEM-04;F504-SEM-05;F504-SEM-06;F504-SEM-07;F504-SEM-08,37,AI;API;APP;AUTO;BR;CALC;CAP;DATA;E2E;FLOW;FR;INT;NOTIF;OBS;PERF;REP;SEC;UAT;US;UX;VAL,NO,NO,KEEP_CANONICAL_510_EXPAND_EXISTING_DOSSIER,Pass B adversarial semantic freeze: explicit lifecycle/data/rule/security/UX/integration/exception/verification ownership plus module-specific risk review.,Module Semantic Red-Team AI,2026-08-31
F505,General Ledger report,Accounting / Finance,APPROVED,operational,8,F505-SEM-01;F505-SEM-02;F505-SEM-03;F505-SEM-04;F505-SEM-05;F505-SEM-06;F505-SEM-07;F505-SEM-08,37,AI;API;APP;AUTO;BR;CALC;CAP;DATA;E2E;FLOW;FR;INT;NOTIF;OBS;PERF;REP;SEC;UAT;US;UX;VAL,NO,NO,KEEP_CANONICAL_510_EXPAND_EXISTING_DOSSIER,Pass B adversarial semantic freeze: explicit lifecycle/data/rule/security/UX/integration/exception/verification ownership plus module-specific risk review.,Module Semantic Red-Team AI,2026-08-31
F506,AR aging report,Accounting / Finance,APPROVED,operational,8,F506-SEM-01;F506-SEM-02;F506-SEM-03;F506-SEM-04;F506-SEM-05;F506-SEM-06;F506-SEM-07;F506-SEM-08,37,AI;API;APP;AUTO;BR;CALC;CAP;DATA;E2E;FLOW;FR;INT;NOTIF;OBS;PERF;REP;SEC;UAT;US;UX;VAL,NO,NO,KEEP_CANONICAL_510_EXPAND_EXISTING_DOSSIER,Pass B adversarial semantic freeze: explicit lifecycle/data/rule/security/UX/integration/exception/verification ownership plus module-specific risk review.,Module Semantic Red-Team AI,2026-08-31
F507,AP aging report,Accounting / Finance,APPROVED,operational,8,F507-SEM-01;F507-SEM-02;F507-SEM-03;F507-SEM-04;F507-SEM-05;F507-SEM-06;F507-SEM-07;F507-SEM-08,37,AI;API;APP;AUTO;BR;CALC;CAP;DATA;E2E;FLOW;FR;INT;NOTIF;OBS;PERF;REP;SEC;UAT;US;UX;VAL,NO,NO,KEEP_CANONICAL_510_EXPAND_EXISTING_DOSSIER,Pass B adversarial semantic freeze: explicit lifecycle/data/rule/security/UX/integration/exception/verification ownership plus module-specific risk review.,Module Semantic Red-Team AI,2026-08-31
F508,Cost-centre / dimension reports,Accounting / Finance,APPROVED,analytics,8,F508-SEM-01;F508-SEM-02;F508-SEM-03;F508-SEM-04;F508-SEM-05;F508-SEM-06;F508-SEM-07;F508-SEM-08,37,AI;API;APP;AUTO;BR;CALC;CAP;DATA;E2E;FLOW;FR;INT;NOTIF;OBS;PERF;REP;SEC;UAT;US;UX;VAL,NO,NO,KEEP_CANONICAL_510_EXPAND_EXISTING_DOSSIER,Pass B adversarial semantic freeze: explicit lifecycle/data/rule/security/UX/integration/exception/verification ownership plus module-specific risk review.,Module Semantic Red-Team AI,2026-08-31
F509,Financial dashboards,Accounting / Finance,APPROVED,analytics,8,F509-SEM-01;F509-SEM-02;F509-SEM-03;F509-SEM-04;F509-SEM-05;F509-SEM-06;F509-SEM-07;F509-SEM-08,37,AI;API;APP;AUTO;BR;CALC;CAP;DATA;E2E;FLOW;FR;INT;NOTIF;OBS;PERF;REP;SEC;UAT;US;UX;VAL,NO,NO,KEEP_CANONICAL_510_EXPAND_EXISTING_DOSSIER,Pass B adversarial semantic freeze: explicit lifecycle/data/rule/security/UX/integration/exception/verification ownership plus module-specific risk review.,Module Semantic Red-Team AI,2026-08-31
F510,Audit trail,Accounting / Finance,APPROVED,operational,8,F510-SEM-01;F510-SEM-02;F510-SEM-03;F510-SEM-04;F510-SEM-05;F510-SEM-06;F510-SEM-07;F510-SEM-08,37,AI;API;APP;AUTO;BR;CALC;CAP;DATA;E2E;FLOW;FR;INT;NOTIF;OBS;PERF;REP;SEC;UAT;US;UX;VAL,NO,NO,KEEP_CANONICAL_510_EXPAND_EXISTING_DOSSIER,Pass B adversarial semantic freeze: explicit lifecycle/data/rule/security/UX/integration/exception/verification ownership plus module-specific risk review.,Module Semantic Red-Team AI,2026-08-31
