requirement_id,feature_id,capability_id,requirement_type,title,normative_statement,priority,benchmark_decision,source_ids,depends_on_ids,acceptance_criteria_ids,test_ids,status,owner,last_reviewed_on
F001-CAP-001,F001,CRM-CAP-001,CAP,Core operator outcome,The Leads capability MUST let authorized REP; SDR; MGR; OPS; INT users work a prioritized lead from capture through qualification readiness.,P0,REQUIRED,CRM-P1-BE-001;CRM-P1-BE-002;CRM-P1-CODE-001,,,,APPROVED,CRM Pass 1,2026-08-30
F001-CAP-002,F001,CRM-CAP-001,CAP,Enterprise completeness,"The capability MUST include the reviewed enterprise expectations for consent/provenance, enrichment review, SLA, data-quality signals, saved views, mobile/offline and AI explanation and MUST NOT treat the short canonical label as the full scope.",P0,REQUIRED,CRM-P1-BE-001;CRM-P1-BE-002;CRM-P1-CODE-001,,,,APPROVED,CRM Pass 1,2026-08-30
F001-CAP-003,F001,CRM-CAP-001,CAP,Boundary ownership,"Public capture, forms, email/chat/webhook acquisition and downstream F022 conversion use normal CRM commands.",P0,REQUIRED,CRM-P1-BE-001;CRM-P1-BE-002;CRM-P1-CODE-001,,,,APPROVED,CRM Pass 1,2026-08-30
F001-FR-001,F001,CRM-CAP-001,FR,Primary workflow,"The system MUST provide a complete server-backed workflow to work a prioritized lead from capture through qualification readiness, including success, empty, validation, permission and conflict states.",P0,REQUIRED,CRM-P1-BE-001;CRM-P1-BE-002;CRM-P1-CODE-001,,,,APPROVED,CRM Pass 1,2026-08-30
F001-FR-002,F001,CRM-CAP-001,FR,History and recoverability,"Every material Leads mutation MUST leave durable history sufficient to explain actor, time, previous state, new state and reason where applicable.",P0,REQUIRED,CRM-P1-BE-001;CRM-P1-BE-002;CRM-P1-CODE-001,,,,APPROVED,CRM Pass 1,2026-08-30
F001-FR-003,F001,CRM-CAP-001,FR,Enterprise volume,"The feature MUST remain usable for individual work and enterprise list/bulk volumes using pagination, virtualization or asynchronous jobs when thresholds are crossed.",P0,REQUIRED,CRM-P1-BE-001;CRM-P1-BE-002;CRM-P1-CODE-001,,,,APPROVED,CRM Pass 1,2026-08-30
F001-US-001,F001,CRM-CAP-001,US,Front-line job,"As an authorized front-line user, I can work a prioritized lead from capture through qualification readiness without navigating to raw technical resources or losing related-record context.",P0,REQUIRED,CRM-P1-BE-001;CRM-P1-BE-002;CRM-P1-CODE-001,,,,APPROVED,CRM Pass 1,2026-08-30
F001-US-002,F001,CRM-CAP-001,US,Manager/operations job,"As a manager or operations user, I can inspect, govern and audit Leads behavior across my permitted team/company scope.",P0,REQUIRED,CRM-P1-BE-001;CRM-P1-BE-002;CRM-P1-CODE-001,,,,APPROVED,CRM Pass 1,2026-08-30
F001-FLOW-001,F001,CRM-CAP-001,FLOW,Primary and alternate flow,"The primary flow MUST follow the governed lifecycle `NEW -> WORKING -> QUALIFIED -> CONVERTED, with DISQUALIFIED and controlled reactivation to WORKING` and expose alternate/cancel paths where the lifecycle permits them.",P0,REQUIRED,CRM-P1-BE-001;CRM-P1-BE-002;CRM-P1-CODE-001,,,,APPROVED,CRM Pass 1,2026-08-30
F001-FLOW-002,F001,CRM-CAP-001,FLOW,Failure and retry flow,"Validation failures, authorization denials, concurrency conflicts and retryable integration failures MUST be visible, actionable and safe to retry without duplicate business effects.",P0,REQUIRED,CRM-P1-BE-001;CRM-P1-BE-002;CRM-P1-CODE-001,,,,APPROVED,CRM Pass 1,2026-08-30
F001-BR-001,F001,CRM-CAP-001,BR,Authoritative ownership,"The owning CRM domain command/service is authoritative for Leads; UI, import, bulk, automation and AI paths MUST reuse the same business rules.",P0,REQUIRED,CRM-P1-BE-001;CRM-P1-BE-002;CRM-P1-CODE-001,,,,APPROVED,CRM Pass 1,2026-08-30
F001-BR-002,F001,CRM-CAP-001,BR,Historical truth,"Configuration or later edits MUST NOT rewrite historical Leads events needed for audit, reporting or reproducibility.",P0,REQUIRED,CRM-P1-BE-001;CRM-P1-BE-002;CRM-P1-CODE-001,,,,APPROVED,CRM Pass 1,2026-08-30
F001-DATA-001,F001,CRM-CAP-001,DATA,Entity model,"The authoritative data model MUST explicitly govern crm_leads; crm_lead_sources; crm_lead_stage_events; crm_activities; crm_notes; crm_communications; crm_lead_score_snapshots with organization identifiers, stable keys, lifecycle timestamps and indexes appropriate to access patterns.",P0,REQUIRED,CRM-P1-BE-001;CRM-P1-BE-002;CRM-P1-CODE-001,,,,APPROVED,CRM Pass 1,2026-08-30
F001-DATA-002,F001,CRM-CAP-001,DATA,Lineage and retention,"System-derived and externally sourced values MUST retain provenance/lineage, and retention/deletion behavior MUST preserve legally or operationally required audit links.",P0,REQUIRED,CRM-P1-BE-001;CRM-P1-BE-002;CRM-P1-CODE-001,,,,APPROVED,CRM Pass 1,2026-08-30
F001-VAL-001,F001,CRM-CAP-001,VAL,Server validation,"All create/update/transition commands MUST validate required fields, references, organization/company scope, lifecycle legality and normalized input server-side before persistence.",P0,REQUIRED,CRM-P1-BE-001;CRM-P1-BE-002;CRM-P1-CODE-001,,,,APPROVED,CRM Pass 1,2026-08-30
F001-VAL-002,F001,CRM-CAP-001,VAL,Actionable errors,Validation failures MUST return stable CRM error codes plus user-actionable messages without leaking restricted record existence or sensitive values.,P0,REQUIRED,CRM-P1-BE-001;CRM-P1-BE-002;CRM-P1-CODE-001,,,,APPROVED,CRM Pass 1,2026-08-30
F001-CALC-001,F001,CRM-CAP-001,CALC,Deterministic calculations,"Lead age, time-to-first-action and time-in-stage are derived from immutable timestamps; no monetary authority is assigned to this feature.",P0,REQUIRED,CRM-P1-BE-001;CRM-P1-BE-002;CRM-P1-CODE-001,,,,APPROVED,CRM Pass 1,2026-08-30
F001-UX-001,F001,CRM-CAP-001,UX,Workspace,The primary Leads workspace MUST expose the next meaningful action above the fold and keep high-frequency context/actions within one consistent CRM shell.,P0,REQUIRED,CRM-P1-BE-001;CRM-P1-BE-002;CRM-P1-CODE-001,,,,APPROVED,CRM Pass 1,2026-08-30
F001-UX-002,F001,CRM-CAP-001,UX,States and feedback,"List/detail/create/edit surfaces MUST specify loading, empty, error, permission, stale/conflict and destructive-action states with immediate progress/confirmation feedback.",P0,REQUIRED,CRM-P1-BE-001;CRM-P1-BE-002;CRM-P1-CODE-001,,,,APPROVED,CRM Pass 1,2026-08-30
F001-UX-003,F001,CRM-CAP-001,UX,Responsive/accessibility,"Critical Leads actions MUST work on desktop, tablet and phone with full keyboard operation, visible focus, semantic labels, non-drag alternatives and no horizontal content loss except intentional boards/tables.",P0,REQUIRED,CRM-P1-BE-001;CRM-P1-BE-002;CRM-P1-CODE-001,,,,APPROVED,CRM Pass 1,2026-08-30
F001-SEC-001,F001,CRM-CAP-001,SEC,Authorization,"Every Leads query and command MUST enforce server-side organization, company/branch where applicable, team/owner/record scope and action permission before returning or mutating data.",P0,REQUIRED,CRM-P1-BE-001;CRM-P1-BE-002;CRM-P1-CODE-001,,,,APPROVED,CRM Pass 1,2026-08-30
F001-SEC-002,F001,CRM-CAP-001,SEC,Sensitive fields and negative tests,"Sensitive fields/content MUST support stricter field/content visibility than record visibility, and negative tests MUST prove unauthorized users cannot infer data via search counts, reports, timeline, exports, AI or errors.",P0,REQUIRED,CRM-P1-BE-001;CRM-P1-BE-002;CRM-P1-CODE-001,,,,APPROVED,CRM Pass 1,2026-08-30
F001-AUTO-001,F001,CRM-CAP-001,AUTO,Automation governance,"Approved automation may act on Leads only through normal domain commands with trigger provenance, recursion control, retry policy, audit and operator visibility.",P0,REQUIRED,CRM-P1-BE-001;CRM-P1-BE-002;CRM-P1-CODE-001,,,,APPROVED,CRM Pass 1,2026-08-30
F001-APP-001,F001,CRM-CAP-001,APP,Approval/override policy,"Ordinary low-risk Leads work does not require a universal approval; elevated overrides, destructive merges, high-impact bulk changes or configured thresholds MUST require the explicit permission/approval policy and reason.",P0,REQUIRED,CRM-P1-BE-001;CRM-P1-BE-002;CRM-P1-CODE-001,,,,APPROVED,CRM Pass 1,2026-08-30
F001-NOTIF-001,F001,CRM-CAP-001,NOTIF,Notification behavior,"Notifications for Leads MUST be event-driven, permission-safe, preference-aware, deduplicated on retry and include a durable deep link when the recipient remains authorized.",P0,REQUIRED,CRM-P1-BE-001;CRM-P1-BE-002;CRM-P1-CODE-001,,,,APPROVED,CRM Pass 1,2026-08-30
F001-REP-001,F001,CRM-CAP-001,REP,Reporting contract,"Reports/KPIs for Leads MUST define formula, dimensions, time basis, freshness, currency/units where applicable, permission-safe aggregation and drill-down reconciliation.",P0,REQUIRED,CRM-P1-BE-001;CRM-P1-BE-002;CRM-P1-CODE-001,,,,APPROVED,CRM Pass 1,2026-08-30
F001-AI-001,F001,CRM-CAP-001,AI,AI authority boundary,"AI class is `AI_RECOMMEND`. AI MAY assist/recommend/generate only within the caller's normal data permissions and MUST expose provenance, model/version, uncertainty/reasons where applicable and a deterministic/human fallback; it MUST NOT bypass normal mutation authority.",P0,REQUIRED,CRM-P1-BE-001;CRM-P1-BE-002;CRM-P1-CODE-001,,,,APPROVED,CRM Pass 1,2026-08-30
F001-INT-001,F001,CRM-CAP-001,INT,Module/external contract,"Public capture, forms, email/chat/webhook acquisition and downstream F022 conversion use normal CRM commands.",P0,REQUIRED,CRM-P1-BE-001;CRM-P1-BE-002;CRM-P1-CODE-001,,,,APPROVED,CRM Pass 1,2026-08-30
F001-INT-002,F001,CRM-CAP-001,INT,Failure reconciliation,"Every external or cross-module effect for Leads MUST define idempotency, retry ownership, failure visibility, compensation/reversal where possible and an operator reconciliation path.",P0,REQUIRED,CRM-P1-BE-001;CRM-P1-BE-002;CRM-P1-CODE-001,,,,APPROVED,CRM Pass 1,2026-08-30
F001-API-001,F001,CRM-CAP-001,API,Command contract,"Mutating Leads APIs MUST have explicit request/response/error schemas, authorization, optimistic concurrency where records are editable, audit/correlation metadata and idempotency for non-repeatable commands.",P0,REQUIRED,CRM-P1-BE-001;CRM-P1-BE-002;CRM-P1-CODE-001,,,,APPROVED,CRM Pass 1,2026-08-30
F001-API-002,F001,CRM-CAP-001,API,Query contract,"Leads list/search/detail APIs MUST use bounded pagination, stable sorting/filter semantics, permission-safe counts and compatibility/versioning rules.",P0,REQUIRED,CRM-P1-BE-001;CRM-P1-BE-002;CRM-P1-CODE-001,,,,APPROVED,CRM Pass 1,2026-08-30
F001-PERF-001,F001,CRM-CAP-001,PERF,Performance envelope,"Normal Leads record reads SHOULD meet p95 <=400ms server response, filtered lists <=600ms and standard mutations <=750ms on representative datasets; large jobs MUST become asynchronous.",P1,REQUIRED,CRM-P1-BE-001;CRM-P1-BE-002;CRM-P1-CODE-001,,,,APPROVED,CRM Pass 1,2026-08-30
F001-OBS-001,F001,CRM-CAP-001,OBS,Observability,"The system MUST emit correlation IDs, structured non-PII logs, business/technical metrics and retry/dead-letter/reconciliation diagnostics sufficient to explain Leads failures without exposing sensitive content.",P0,REQUIRED,CRM-P1-BE-001;CRM-P1-BE-002;CRM-P1-CODE-001,,,,APPROVED,CRM Pass 1,2026-08-30
F001-E2E-001,F001,CRM-CAP-001,E2E,Happy/permission browser journey,Browser E2E MUST prove an authorized user can work a prioritized lead from capture through qualification readiness and an unauthorized user cannot perform or infer the same action/data.,P0,REQUIRED,CRM-P1-BE-001;CRM-P1-BE-002;CRM-P1-CODE-001,,,,APPROVED,CRM Pass 1,2026-08-30
F001-E2E-002,F001,CRM-CAP-001,E2E,Conflict/failure browser journey,"Browser/API E2E MUST prove stale-write/conflict or retryable failure behavior for Leads is visible, recoverable and does not duplicate business effects.",P0,REQUIRED,CRM-P1-BE-001;CRM-P1-BE-002;CRM-P1-CODE-001,,,,APPROVED,CRM Pass 1,2026-08-30
F001-UAT-001,F001,CRM-CAP-001,UAT,Front-line UAT,"Human UAT MUST have a front-line persona execute the primary Leads job on desktop and a high-frequency mobile/tablet path, capturing visible result and audit evidence.",P0,REQUIRED,CRM-P1-BE-001;CRM-P1-BE-002;CRM-P1-CODE-001,,,,APPROVED,CRM Pass 1,2026-08-30
F001-UAT-002,F001,CRM-CAP-001,UAT,Manager/exception UAT,Human UAT MUST have a manager/operations persona exercise one permission/exception/override or reconciliation case and confirm reporting/history reflect the outcome.,P0,REQUIRED,CRM-P1-BE-001;CRM-P1-BE-002;CRM-P1-CODE-001,,,,APPROVED,CRM Pass 1,2026-08-30
F002-CAP-001,F002,CRM-CAP-001,CAP,Core operator outcome,"The Accounts / companies capability MUST let authorized REP; MGR; OPS; ADMIN users open a company 360, manage relationships and resolve duplicates/hierarchy safely.",P0,REQUIRED,CRM-P1-BE-003;CRM-P1-BE-004;CRM-P1-CODE-002,,,,APPROVED,CRM Pass 1,2026-08-30
F002-CAP-002,F002,CRM-CAP-001,CAP,Enterprise completeness,"The capability MUST include the reviewed enterprise expectations for hierarchy cycles, site relationships, merge survivorship, legal identifiers, shared CRM/Sales ownership and sensitive relationship visibility and MUST NOT treat the short canonical label as the full scope.",P0,REQUIRED,CRM-P1-BE-003;CRM-P1-BE-004;CRM-P1-CODE-002,,,,APPROVED,CRM Pass 1,2026-08-30
F002-CAP-003,F002,CRM-CAP-001,CAP,Boundary ownership,Shared party master is consumed by CRM and Sales; cross-module writes must use the owning module public contract.,P0,REQUIRED,CRM-P1-BE-003;CRM-P1-BE-004;CRM-P1-CODE-002,,,,APPROVED,CRM Pass 1,2026-08-30
F002-FR-001,F002,CRM-CAP-001,FR,Primary workflow,"The system MUST provide a complete server-backed workflow to open a company 360, manage relationships and resolve duplicates/hierarchy safely, including success, empty, validation, permission and conflict states.",P0,REQUIRED,CRM-P1-BE-003;CRM-P1-BE-004;CRM-P1-CODE-002,,,,APPROVED,CRM Pass 1,2026-08-30
F002-FR-002,F002,CRM-CAP-001,FR,History and recoverability,"Every material Accounts / companies mutation MUST leave durable history sufficient to explain actor, time, previous state, new state and reason where applicable.",P0,REQUIRED,CRM-P1-BE-003;CRM-P1-BE-004;CRM-P1-CODE-002,,,,APPROVED,CRM Pass 1,2026-08-30
F002-FR-003,F002,CRM-CAP-001,FR,Enterprise volume,"The feature MUST remain usable for individual work and enterprise list/bulk volumes using pagination, virtualization or asynchronous jobs when thresholds are crossed.",P0,REQUIRED,CRM-P1-BE-003;CRM-P1-BE-004;CRM-P1-CODE-002,,,,APPROVED,CRM Pass 1,2026-08-30
F002-US-001,F002,CRM-CAP-001,US,Front-line job,"As an authorized front-line user, I can open a company 360, manage relationships and resolve duplicates/hierarchy safely without navigating to raw technical resources or losing related-record context.",P0,REQUIRED,CRM-P1-BE-003;CRM-P1-BE-004;CRM-P1-CODE-002,,,,APPROVED,CRM Pass 1,2026-08-30
F002-US-002,F002,CRM-CAP-001,US,Manager/operations job,"As a manager or operations user, I can inspect, govern and audit Accounts / companies behavior across my permitted team/company scope.",P0,REQUIRED,CRM-P1-BE-003;CRM-P1-BE-004;CRM-P1-CODE-002,,,,APPROVED,CRM Pass 1,2026-08-30
F002-FLOW-001,F002,CRM-CAP-001,FLOW,Primary and alternate flow,The primary flow MUST follow the governed lifecycle `PROSPECT -> ACTIVE -> INACTIVE/ARCHIVED; MERGED is represented through merge history and aliases` and expose alternate/cancel paths where the lifecycle permits them.,P0,REQUIRED,CRM-P1-BE-003;CRM-P1-BE-004;CRM-P1-CODE-002,,,,APPROVED,CRM Pass 1,2026-08-30
F002-FLOW-002,F002,CRM-CAP-001,FLOW,Failure and retry flow,"Validation failures, authorization denials, concurrency conflicts and retryable integration failures MUST be visible, actionable and safe to retry without duplicate business effects.",P0,REQUIRED,CRM-P1-BE-003;CRM-P1-BE-004;CRM-P1-CODE-002,,,,APPROVED,CRM Pass 1,2026-08-30
F002-BR-001,F002,CRM-CAP-001,BR,Authoritative ownership,"The owning CRM domain command/service is authoritative for Accounts / companies; UI, import, bulk, automation and AI paths MUST reuse the same business rules.",P0,REQUIRED,CRM-P1-BE-003;CRM-P1-BE-004;CRM-P1-CODE-002,,,,APPROVED,CRM Pass 1,2026-08-30
F002-BR-002,F002,CRM-CAP-001,BR,Historical truth,"Configuration or later edits MUST NOT rewrite historical Accounts / companies events needed for audit, reporting or reproducibility.",P0,REQUIRED,CRM-P1-BE-003;CRM-P1-BE-004;CRM-P1-CODE-002,,,,APPROVED,CRM Pass 1,2026-08-30
F002-DATA-001,F002,CRM-CAP-001,DATA,Entity model,"The authoritative data model MUST explicitly govern business_parties; contacts; crm_account_hierarchy_events; crm_account_merge_history; crm_opportunities with organization identifiers, stable keys, lifecycle timestamps and indexes appropriate to access patterns.",P0,REQUIRED,CRM-P1-BE-003;CRM-P1-BE-004;CRM-P1-CODE-002,,,,APPROVED,CRM Pass 1,2026-08-30
F002-DATA-002,F002,CRM-CAP-001,DATA,Lineage and retention,"System-derived and externally sourced values MUST retain provenance/lineage, and retention/deletion behavior MUST preserve legally or operationally required audit links.",P0,REQUIRED,CRM-P1-BE-003;CRM-P1-BE-004;CRM-P1-CODE-002,,,,APPROVED,CRM Pass 1,2026-08-30
F002-VAL-001,F002,CRM-CAP-001,VAL,Server validation,"All create/update/transition commands MUST validate required fields, references, organization/company scope, lifecycle legality and normalized input server-side before persistence.",P0,REQUIRED,CRM-P1-BE-003;CRM-P1-BE-004;CRM-P1-CODE-002,,,,APPROVED,CRM Pass 1,2026-08-30
F002-VAL-002,F002,CRM-CAP-001,VAL,Actionable errors,Validation failures MUST return stable CRM error codes plus user-actionable messages without leaking restricted record existence or sensitive values.,P0,REQUIRED,CRM-P1-BE-003;CRM-P1-BE-004;CRM-P1-CODE-002,,,,APPROVED,CRM Pass 1,2026-08-30
F002-CALC-001,F002,CRM-CAP-001,CALC,Deterministic calculations,"Hierarchy depth, relationship counts and account activity recency are derived; legal/commercial values remain source-record facts.",P0,REQUIRED,CRM-P1-BE-003;CRM-P1-BE-004;CRM-P1-CODE-002,,,,APPROVED,CRM Pass 1,2026-08-30
F002-UX-001,F002,CRM-CAP-001,UX,Workspace,The primary Accounts / companies workspace MUST expose the next meaningful action above the fold and keep high-frequency context/actions within one consistent CRM shell.,P0,REQUIRED,CRM-P1-BE-003;CRM-P1-BE-004;CRM-P1-CODE-002,,,,APPROVED,CRM Pass 1,2026-08-30
F002-UX-002,F002,CRM-CAP-001,UX,States and feedback,"List/detail/create/edit surfaces MUST specify loading, empty, error, permission, stale/conflict and destructive-action states with immediate progress/confirmation feedback.",P0,REQUIRED,CRM-P1-BE-003;CRM-P1-BE-004;CRM-P1-CODE-002,,,,APPROVED,CRM Pass 1,2026-08-30
F002-UX-003,F002,CRM-CAP-001,UX,Responsive/accessibility,"Critical Accounts / companies actions MUST work on desktop, tablet and phone with full keyboard operation, visible focus, semantic labels, non-drag alternatives and no horizontal content loss except intentional boards/tables.",P0,REQUIRED,CRM-P1-BE-003;CRM-P1-BE-004;CRM-P1-CODE-002,,,,APPROVED,CRM Pass 1,2026-08-30
F002-SEC-001,F002,CRM-CAP-001,SEC,Authorization,"Every Accounts / companies query and command MUST enforce server-side organization, company/branch where applicable, team/owner/record scope and action permission before returning or mutating data.",P0,REQUIRED,CRM-P1-BE-003;CRM-P1-BE-004;CRM-P1-CODE-002,,,,APPROVED,CRM Pass 1,2026-08-30
F002-SEC-002,F002,CRM-CAP-001,SEC,Sensitive fields and negative tests,"Sensitive fields/content MUST support stricter field/content visibility than record visibility, and negative tests MUST prove unauthorized users cannot infer data via search counts, reports, timeline, exports, AI or errors.",P0,REQUIRED,CRM-P1-BE-003;CRM-P1-BE-004;CRM-P1-CODE-002,,,,APPROVED,CRM Pass 1,2026-08-30
F002-AUTO-001,F002,CRM-CAP-001,AUTO,Automation governance,"Approved automation may act on Accounts / companies only through normal domain commands with trigger provenance, recursion control, retry policy, audit and operator visibility.",P0,REQUIRED,CRM-P1-BE-003;CRM-P1-BE-004;CRM-P1-CODE-002,,,,APPROVED,CRM Pass 1,2026-08-30
F002-APP-001,F002,CRM-CAP-001,APP,Approval/override policy,"Ordinary low-risk Accounts / companies work does not require a universal approval; elevated overrides, destructive merges, high-impact bulk changes or configured thresholds MUST require the explicit permission/approval policy and reason.",P0,REQUIRED,CRM-P1-BE-003;CRM-P1-BE-004;CRM-P1-CODE-002,,,,APPROVED,CRM Pass 1,2026-08-30
F002-NOTIF-001,F002,CRM-CAP-001,NOTIF,Notification behavior,"Notifications for Accounts / companies MUST be event-driven, permission-safe, preference-aware, deduplicated on retry and include a durable deep link when the recipient remains authorized.",P0,REQUIRED,CRM-P1-BE-003;CRM-P1-BE-004;CRM-P1-CODE-002,,,,APPROVED,CRM Pass 1,2026-08-30
F002-REP-001,F002,CRM-CAP-001,REP,Reporting contract,"Reports/KPIs for Accounts / companies MUST define formula, dimensions, time basis, freshness, currency/units where applicable, permission-safe aggregation and drill-down reconciliation.",P0,REQUIRED,CRM-P1-BE-003;CRM-P1-BE-004;CRM-P1-CODE-002,,,,APPROVED,CRM Pass 1,2026-08-30
F002-AI-001,F002,CRM-CAP-001,AI,AI authority boundary,"AI class is `AI_ASSIST`. AI MAY assist/recommend/generate only within the caller's normal data permissions and MUST expose provenance, model/version, uncertainty/reasons where applicable and a deterministic/human fallback; it MUST NOT bypass normal mutation authority.",P0,REQUIRED,CRM-P1-BE-003;CRM-P1-BE-004;CRM-P1-CODE-002,,,,APPROVED,CRM Pass 1,2026-08-30
F002-INT-001,F002,CRM-CAP-001,INT,Module/external contract,Shared party master is consumed by CRM and Sales; cross-module writes must use the owning module public contract.,P0,REQUIRED,CRM-P1-BE-003;CRM-P1-BE-004;CRM-P1-CODE-002,,,,APPROVED,CRM Pass 1,2026-08-30
F002-INT-002,F002,CRM-CAP-001,INT,Failure reconciliation,"Every external or cross-module effect for Accounts / companies MUST define idempotency, retry ownership, failure visibility, compensation/reversal where possible and an operator reconciliation path.",P0,REQUIRED,CRM-P1-BE-003;CRM-P1-BE-004;CRM-P1-CODE-002,,,,APPROVED,CRM Pass 1,2026-08-30
F002-API-001,F002,CRM-CAP-001,API,Command contract,"Mutating Accounts / companies APIs MUST have explicit request/response/error schemas, authorization, optimistic concurrency where records are editable, audit/correlation metadata and idempotency for non-repeatable commands.",P0,REQUIRED,CRM-P1-BE-003;CRM-P1-BE-004;CRM-P1-CODE-002,,,,APPROVED,CRM Pass 1,2026-08-30
F002-API-002,F002,CRM-CAP-001,API,Query contract,"Accounts / companies list/search/detail APIs MUST use bounded pagination, stable sorting/filter semantics, permission-safe counts and compatibility/versioning rules.",P0,REQUIRED,CRM-P1-BE-003;CRM-P1-BE-004;CRM-P1-CODE-002,,,,APPROVED,CRM Pass 1,2026-08-30
F002-PERF-001,F002,CRM-CAP-001,PERF,Performance envelope,"Normal Accounts / companies record reads SHOULD meet p95 <=400ms server response, filtered lists <=600ms and standard mutations <=750ms on representative datasets; large jobs MUST become asynchronous.",P1,REQUIRED,CRM-P1-BE-003;CRM-P1-BE-004;CRM-P1-CODE-002,,,,APPROVED,CRM Pass 1,2026-08-30
F002-OBS-001,F002,CRM-CAP-001,OBS,Observability,"The system MUST emit correlation IDs, structured non-PII logs, business/technical metrics and retry/dead-letter/reconciliation diagnostics sufficient to explain Accounts / companies failures without exposing sensitive content.",P0,REQUIRED,CRM-P1-BE-003;CRM-P1-BE-004;CRM-P1-CODE-002,,,,APPROVED,CRM Pass 1,2026-08-30
F002-E2E-001,F002,CRM-CAP-001,E2E,Happy/permission browser journey,"Browser E2E MUST prove an authorized user can open a company 360, manage relationships and resolve duplicates/hierarchy safely and an unauthorized user cannot perform or infer the same action/data.",P0,REQUIRED,CRM-P1-BE-003;CRM-P1-BE-004;CRM-P1-CODE-002,,,,APPROVED,CRM Pass 1,2026-08-30
F002-E2E-002,F002,CRM-CAP-001,E2E,Conflict/failure browser journey,"Browser/API E2E MUST prove stale-write/conflict or retryable failure behavior for Accounts / companies is visible, recoverable and does not duplicate business effects.",P0,REQUIRED,CRM-P1-BE-003;CRM-P1-BE-004;CRM-P1-CODE-002,,,,APPROVED,CRM Pass 1,2026-08-30
F002-UAT-001,F002,CRM-CAP-001,UAT,Front-line UAT,"Human UAT MUST have a front-line persona execute the primary Accounts / companies job on desktop and a high-frequency mobile/tablet path, capturing visible result and audit evidence.",P0,REQUIRED,CRM-P1-BE-003;CRM-P1-BE-004;CRM-P1-CODE-002,,,,APPROVED,CRM Pass 1,2026-08-30
F002-UAT-002,F002,CRM-CAP-001,UAT,Manager/exception UAT,Human UAT MUST have a manager/operations persona exercise one permission/exception/override or reconciliation case and confirm reporting/history reflect the outcome.,P0,REQUIRED,CRM-P1-BE-003;CRM-P1-BE-004;CRM-P1-CODE-002,,,,APPROVED,CRM Pass 1,2026-08-30
F003-CAP-001,F003,CRM-CAP-001,CAP,Core operator outcome,"The Contacts capability MUST let authorized REP; MGR; OPS; ADMIN users find a person, understand company/role context and act without leaking restricted communication data.",P0,REQUIRED,CRM-P1-BE-005;CRM-P1-BE-006;CRM-P1-CODE-003,,,,APPROVED,CRM Pass 1,2026-08-30
F003-CAP-002,F003,CRM-CAP-001,CAP,Enterprise completeness,"The capability MUST include the reviewed enterprise expectations for multiple relationship roles, consent, preferred language/timezone, stakeholder role, merge survivorship and sensitive-email visibility and MUST NOT treat the short canonical label as the full scope.",P0,REQUIRED,CRM-P1-BE-005;CRM-P1-BE-006;CRM-P1-CODE-003,,,,APPROVED,CRM Pass 1,2026-08-30
F003-CAP-003,F003,CRM-CAP-001,CAP,Boundary ownership,"Contacts participate in opportunity, activity and communication relationships without bypassing parent record authorization.",P0,REQUIRED,CRM-P1-BE-005;CRM-P1-BE-006;CRM-P1-CODE-003,,,,APPROVED,CRM Pass 1,2026-08-30
F003-FR-001,F003,CRM-CAP-001,FR,Primary workflow,"The system MUST provide a complete server-backed workflow to find a person, understand company/role context and act without leaking restricted communication data, including success, empty, validation, permission and conflict states.",P0,REQUIRED,CRM-P1-BE-005;CRM-P1-BE-006;CRM-P1-CODE-003,,,,APPROVED,CRM Pass 1,2026-08-30
F003-FR-002,F003,CRM-CAP-001,FR,History and recoverability,"Every material Contacts mutation MUST leave durable history sufficient to explain actor, time, previous state, new state and reason where applicable.",P0,REQUIRED,CRM-P1-BE-005;CRM-P1-BE-006;CRM-P1-CODE-003,,,,APPROVED,CRM Pass 1,2026-08-30
F003-FR-003,F003,CRM-CAP-001,FR,Enterprise volume,"The feature MUST remain usable for individual work and enterprise list/bulk volumes using pagination, virtualization or asynchronous jobs when thresholds are crossed.",P0,REQUIRED,CRM-P1-BE-005;CRM-P1-BE-006;CRM-P1-CODE-003,,,,APPROVED,CRM Pass 1,2026-08-30
F003-US-001,F003,CRM-CAP-001,US,Front-line job,"As an authorized front-line user, I can find a person, understand company/role context and act without leaking restricted communication data without navigating to raw technical resources or losing related-record context.",P0,REQUIRED,CRM-P1-BE-005;CRM-P1-BE-006;CRM-P1-CODE-003,,,,APPROVED,CRM Pass 1,2026-08-30
F003-US-002,F003,CRM-CAP-001,US,Manager/operations job,"As a manager or operations user, I can inspect, govern and audit Contacts behavior across my permitted team/company scope.",P0,REQUIRED,CRM-P1-BE-005;CRM-P1-BE-006;CRM-P1-CODE-003,,,,APPROVED,CRM Pass 1,2026-08-30
F003-FLOW-001,F003,CRM-CAP-001,FLOW,Primary and alternate flow,The primary flow MUST follow the governed lifecycle `ACTIVE <-> INACTIVE -> ARCHIVED; MERGED is preserved through redirect/history` and expose alternate/cancel paths where the lifecycle permits them.,P0,REQUIRED,CRM-P1-BE-005;CRM-P1-BE-006;CRM-P1-CODE-003,,,,APPROVED,CRM Pass 1,2026-08-30
F003-FLOW-002,F003,CRM-CAP-001,FLOW,Failure and retry flow,"Validation failures, authorization denials, concurrency conflicts and retryable integration failures MUST be visible, actionable and safe to retry without duplicate business effects.",P0,REQUIRED,CRM-P1-BE-005;CRM-P1-BE-006;CRM-P1-CODE-003,,,,APPROVED,CRM Pass 1,2026-08-30
F003-BR-001,F003,CRM-CAP-001,BR,Authoritative ownership,"The owning CRM domain command/service is authoritative for Contacts; UI, import, bulk, automation and AI paths MUST reuse the same business rules.",P0,REQUIRED,CRM-P1-BE-005;CRM-P1-BE-006;CRM-P1-CODE-003,,,,APPROVED,CRM Pass 1,2026-08-30
F003-BR-002,F003,CRM-CAP-001,BR,Historical truth,"Configuration or later edits MUST NOT rewrite historical Contacts events needed for audit, reporting or reproducibility.",P0,REQUIRED,CRM-P1-BE-005;CRM-P1-BE-006;CRM-P1-CODE-003,,,,APPROVED,CRM Pass 1,2026-08-30
F003-DATA-001,F003,CRM-CAP-001,DATA,Entity model,"The authoritative data model MUST explicitly govern contacts; business_parties; crm_contact_merge_history; crm_activities; crm_communications with organization identifiers, stable keys, lifecycle timestamps and indexes appropriate to access patterns.",P0,REQUIRED,CRM-P1-BE-005;CRM-P1-BE-006;CRM-P1-CODE-003,,,,APPROVED,CRM Pass 1,2026-08-30
F003-DATA-002,F003,CRM-CAP-001,DATA,Lineage and retention,"System-derived and externally sourced values MUST retain provenance/lineage, and retention/deletion behavior MUST preserve legally or operationally required audit links.",P0,REQUIRED,CRM-P1-BE-005;CRM-P1-BE-006;CRM-P1-CODE-003,,,,APPROVED,CRM Pass 1,2026-08-30
F003-VAL-001,F003,CRM-CAP-001,VAL,Server validation,"All create/update/transition commands MUST validate required fields, references, organization/company scope, lifecycle legality and normalized input server-side before persistence.",P0,REQUIRED,CRM-P1-BE-005;CRM-P1-BE-006;CRM-P1-CODE-003,,,,APPROVED,CRM Pass 1,2026-08-30
F003-VAL-002,F003,CRM-CAP-001,VAL,Actionable errors,Validation failures MUST return stable CRM error codes plus user-actionable messages without leaking restricted record existence or sensitive values.,P0,REQUIRED,CRM-P1-BE-005;CRM-P1-BE-006;CRM-P1-CODE-003,,,,APPROVED,CRM Pass 1,2026-08-30
F003-CALC-001,F003,CRM-CAP-001,CALC,Deterministic calculations,Interaction recency and relationship counts are derived from authorized events; consent is never inferred from activity.,P0,REQUIRED,CRM-P1-BE-005;CRM-P1-BE-006;CRM-P1-CODE-003,,,,APPROVED,CRM Pass 1,2026-08-30
F003-UX-001,F003,CRM-CAP-001,UX,Workspace,The primary Contacts workspace MUST expose the next meaningful action above the fold and keep high-frequency context/actions within one consistent CRM shell.,P0,REQUIRED,CRM-P1-BE-005;CRM-P1-BE-006;CRM-P1-CODE-003,,,,APPROVED,CRM Pass 1,2026-08-30
F003-UX-002,F003,CRM-CAP-001,UX,States and feedback,"List/detail/create/edit surfaces MUST specify loading, empty, error, permission, stale/conflict and destructive-action states with immediate progress/confirmation feedback.",P0,REQUIRED,CRM-P1-BE-005;CRM-P1-BE-006;CRM-P1-CODE-003,,,,APPROVED,CRM Pass 1,2026-08-30
F003-UX-003,F003,CRM-CAP-001,UX,Responsive/accessibility,"Critical Contacts actions MUST work on desktop, tablet and phone with full keyboard operation, visible focus, semantic labels, non-drag alternatives and no horizontal content loss except intentional boards/tables.",P0,REQUIRED,CRM-P1-BE-005;CRM-P1-BE-006;CRM-P1-CODE-003,,,,APPROVED,CRM Pass 1,2026-08-30
F003-SEC-001,F003,CRM-CAP-001,SEC,Authorization,"Every Contacts query and command MUST enforce server-side organization, company/branch where applicable, team/owner/record scope and action permission before returning or mutating data.",P0,REQUIRED,CRM-P1-BE-005;CRM-P1-BE-006;CRM-P1-CODE-003,,,,APPROVED,CRM Pass 1,2026-08-30
F003-SEC-002,F003,CRM-CAP-001,SEC,Sensitive fields and negative tests,"Sensitive fields/content MUST support stricter field/content visibility than record visibility, and negative tests MUST prove unauthorized users cannot infer data via search counts, reports, timeline, exports, AI or errors.",P0,REQUIRED,CRM-P1-BE-005;CRM-P1-BE-006;CRM-P1-CODE-003,,,,APPROVED,CRM Pass 1,2026-08-30
F003-AUTO-001,F003,CRM-CAP-001,AUTO,Automation governance,"Approved automation may act on Contacts only through normal domain commands with trigger provenance, recursion control, retry policy, audit and operator visibility.",P0,REQUIRED,CRM-P1-BE-005;CRM-P1-BE-006;CRM-P1-CODE-003,,,,APPROVED,CRM Pass 1,2026-08-30
F003-APP-001,F003,CRM-CAP-001,APP,Approval/override policy,"Ordinary low-risk Contacts work does not require a universal approval; elevated overrides, destructive merges, high-impact bulk changes or configured thresholds MUST require the explicit permission/approval policy and reason.",P0,REQUIRED,CRM-P1-BE-005;CRM-P1-BE-006;CRM-P1-CODE-003,,,,APPROVED,CRM Pass 1,2026-08-30
F003-NOTIF-001,F003,CRM-CAP-001,NOTIF,Notification behavior,"Notifications for Contacts MUST be event-driven, permission-safe, preference-aware, deduplicated on retry and include a durable deep link when the recipient remains authorized.",P0,REQUIRED,CRM-P1-BE-005;CRM-P1-BE-006;CRM-P1-CODE-003,,,,APPROVED,CRM Pass 1,2026-08-30
F003-REP-001,F003,CRM-CAP-001,REP,Reporting contract,"Reports/KPIs for Contacts MUST define formula, dimensions, time basis, freshness, currency/units where applicable, permission-safe aggregation and drill-down reconciliation.",P0,REQUIRED,CRM-P1-BE-005;CRM-P1-BE-006;CRM-P1-CODE-003,,,,APPROVED,CRM Pass 1,2026-08-30
F003-AI-001,F003,CRM-CAP-001,AI,AI authority boundary,"AI class is `AI_ASSIST`. AI MAY assist/recommend/generate only within the caller's normal data permissions and MUST expose provenance, model/version, uncertainty/reasons where applicable and a deterministic/human fallback; it MUST NOT bypass normal mutation authority.",P0,REQUIRED,CRM-P1-BE-005;CRM-P1-BE-006;CRM-P1-CODE-003,,,,APPROVED,CRM Pass 1,2026-08-30
F003-INT-001,F003,CRM-CAP-001,INT,Module/external contract,"Contacts participate in opportunity, activity and communication relationships without bypassing parent record authorization.",P0,REQUIRED,CRM-P1-BE-005;CRM-P1-BE-006;CRM-P1-CODE-003,,,,APPROVED,CRM Pass 1,2026-08-30
F003-INT-002,F003,CRM-CAP-001,INT,Failure reconciliation,"Every external or cross-module effect for Contacts MUST define idempotency, retry ownership, failure visibility, compensation/reversal where possible and an operator reconciliation path.",P0,REQUIRED,CRM-P1-BE-005;CRM-P1-BE-006;CRM-P1-CODE-003,,,,APPROVED,CRM Pass 1,2026-08-30
F003-API-001,F003,CRM-CAP-001,API,Command contract,"Mutating Contacts APIs MUST have explicit request/response/error schemas, authorization, optimistic concurrency where records are editable, audit/correlation metadata and idempotency for non-repeatable commands.",P0,REQUIRED,CRM-P1-BE-005;CRM-P1-BE-006;CRM-P1-CODE-003,,,,APPROVED,CRM Pass 1,2026-08-30
F003-API-002,F003,CRM-CAP-001,API,Query contract,"Contacts list/search/detail APIs MUST use bounded pagination, stable sorting/filter semantics, permission-safe counts and compatibility/versioning rules.",P0,REQUIRED,CRM-P1-BE-005;CRM-P1-BE-006;CRM-P1-CODE-003,,,,APPROVED,CRM Pass 1,2026-08-30
F003-PERF-001,F003,CRM-CAP-001,PERF,Performance envelope,"Normal Contacts record reads SHOULD meet p95 <=400ms server response, filtered lists <=600ms and standard mutations <=750ms on representative datasets; large jobs MUST become asynchronous.",P1,REQUIRED,CRM-P1-BE-005;CRM-P1-BE-006;CRM-P1-CODE-003,,,,APPROVED,CRM Pass 1,2026-08-30
F003-OBS-001,F003,CRM-CAP-001,OBS,Observability,"The system MUST emit correlation IDs, structured non-PII logs, business/technical metrics and retry/dead-letter/reconciliation diagnostics sufficient to explain Contacts failures without exposing sensitive content.",P0,REQUIRED,CRM-P1-BE-005;CRM-P1-BE-006;CRM-P1-CODE-003,,,,APPROVED,CRM Pass 1,2026-08-30
F003-E2E-001,F003,CRM-CAP-001,E2E,Happy/permission browser journey,"Browser E2E MUST prove an authorized user can find a person, understand company/role context and act without leaking restricted communication data and an unauthorized user cannot perform or infer the same action/data.",P0,REQUIRED,CRM-P1-BE-005;CRM-P1-BE-006;CRM-P1-CODE-003,,,,APPROVED,CRM Pass 1,2026-08-30
F003-E2E-002,F003,CRM-CAP-001,E2E,Conflict/failure browser journey,"Browser/API E2E MUST prove stale-write/conflict or retryable failure behavior for Contacts is visible, recoverable and does not duplicate business effects.",P0,REQUIRED,CRM-P1-BE-005;CRM-P1-BE-006;CRM-P1-CODE-003,,,,APPROVED,CRM Pass 1,2026-08-30
F003-UAT-001,F003,CRM-CAP-001,UAT,Front-line UAT,"Human UAT MUST have a front-line persona execute the primary Contacts job on desktop and a high-frequency mobile/tablet path, capturing visible result and audit evidence.",P0,REQUIRED,CRM-P1-BE-005;CRM-P1-BE-006;CRM-P1-CODE-003,,,,APPROVED,CRM Pass 1,2026-08-30
F003-UAT-002,F003,CRM-CAP-001,UAT,Manager/exception UAT,Human UAT MUST have a manager/operations persona exercise one permission/exception/override or reconciliation case and confirm reporting/history reflect the outcome.,P0,REQUIRED,CRM-P1-BE-005;CRM-P1-BE-006;CRM-P1-CODE-003,,,,APPROVED,CRM Pass 1,2026-08-30
F004-CAP-001,F004,CRM-CAP-001,CAP,Core operator outcome,The Lead sources capability MUST let authorized REP; OPS; MGR users configure sources and trace where leads originated without rewriting history.,P0,REQUIRED,CRM-P1-BE-007;CRM-P1-BE-008;CRM-P1-CODE-004,,,,APPROVED,CRM Pass 1,2026-08-30
F004-CAP-002,F004,CRM-CAP-001,CAP,Enterprise completeness,"The capability MUST include the reviewed enterprise expectations for original versus latest source, campaign/referral details, immutable provenance, inactive-source behavior and mapping from external capture and MUST NOT treat the short canonical label as the full scope.",P0,REQUIRED,CRM-P1-BE-007;CRM-P1-BE-008;CRM-P1-CODE-004,,,,APPROVED,CRM Pass 1,2026-08-30
F004-CAP-003,F004,CRM-CAP-001,CAP,Boundary ownership,Capture adapters map external source identifiers to active CRM source records while preserving raw provenance.,P0,REQUIRED,CRM-P1-BE-007;CRM-P1-BE-008;CRM-P1-CODE-004,,,,APPROVED,CRM Pass 1,2026-08-30
F004-FR-001,F004,CRM-CAP-001,FR,Primary workflow,"The system MUST provide a complete server-backed workflow to configure sources and trace where leads originated without rewriting history, including success, empty, validation, permission and conflict states.",P0,REQUIRED,CRM-P1-BE-007;CRM-P1-BE-008;CRM-P1-CODE-004,,,,APPROVED,CRM Pass 1,2026-08-30
F004-FR-002,F004,CRM-CAP-001,FR,History and recoverability,"Every material Lead sources mutation MUST leave durable history sufficient to explain actor, time, previous state, new state and reason where applicable.",P0,REQUIRED,CRM-P1-BE-007;CRM-P1-BE-008;CRM-P1-CODE-004,,,,APPROVED,CRM Pass 1,2026-08-30
F004-FR-003,F004,CRM-CAP-001,FR,Enterprise volume,"The feature MUST remain usable for individual work and enterprise list/bulk volumes using pagination, virtualization or asynchronous jobs when thresholds are crossed.",P0,REQUIRED,CRM-P1-BE-007;CRM-P1-BE-008;CRM-P1-CODE-004,,,,APPROVED,CRM Pass 1,2026-08-30
F004-US-001,F004,CRM-CAP-001,US,Front-line job,"As an authorized front-line user, I can configure sources and trace where leads originated without rewriting history without navigating to raw technical resources or losing related-record context.",P0,REQUIRED,CRM-P1-BE-007;CRM-P1-BE-008;CRM-P1-CODE-004,,,,APPROVED,CRM Pass 1,2026-08-30
F004-US-002,F004,CRM-CAP-001,US,Manager/operations job,"As a manager or operations user, I can inspect, govern and audit Lead sources behavior across my permitted team/company scope.",P0,REQUIRED,CRM-P1-BE-007;CRM-P1-BE-008;CRM-P1-CODE-004,,,,APPROVED,CRM Pass 1,2026-08-30
F004-FLOW-001,F004,CRM-CAP-001,FLOW,Primary and alternate flow,The primary flow MUST follow the governed lifecycle `ACTIVE -> INACTIVE; historic attribution remains immutable/reportable` and expose alternate/cancel paths where the lifecycle permits them.,P0,REQUIRED,CRM-P1-BE-007;CRM-P1-BE-008;CRM-P1-CODE-004,,,,APPROVED,CRM Pass 1,2026-08-30
F004-FLOW-002,F004,CRM-CAP-001,FLOW,Failure and retry flow,"Validation failures, authorization denials, concurrency conflicts and retryable integration failures MUST be visible, actionable and safe to retry without duplicate business effects.",P0,REQUIRED,CRM-P1-BE-007;CRM-P1-BE-008;CRM-P1-CODE-004,,,,APPROVED,CRM Pass 1,2026-08-30
F004-BR-001,F004,CRM-CAP-001,BR,Authoritative ownership,"The owning CRM domain command/service is authoritative for Lead sources; UI, import, bulk, automation and AI paths MUST reuse the same business rules.",P0,REQUIRED,CRM-P1-BE-007;CRM-P1-BE-008;CRM-P1-CODE-004,,,,APPROVED,CRM Pass 1,2026-08-30
F004-BR-002,F004,CRM-CAP-001,BR,Historical truth,"Configuration or later edits MUST NOT rewrite historical Lead sources events needed for audit, reporting or reproducibility.",P0,REQUIRED,CRM-P1-BE-007;CRM-P1-BE-008;CRM-P1-CODE-004,,,,APPROVED,CRM Pass 1,2026-08-30
F004-DATA-001,F004,CRM-CAP-001,DATA,Entity model,"The authoritative data model MUST explicitly govern crm_lead_sources; crm_leads; source/provenance fields and acquisition events with organization identifiers, stable keys, lifecycle timestamps and indexes appropriate to access patterns.",P0,REQUIRED,CRM-P1-BE-007;CRM-P1-BE-008;CRM-P1-CODE-004,,,,APPROVED,CRM Pass 1,2026-08-30
F004-DATA-002,F004,CRM-CAP-001,DATA,Lineage and retention,"System-derived and externally sourced values MUST retain provenance/lineage, and retention/deletion behavior MUST preserve legally or operationally required audit links.",P0,REQUIRED,CRM-P1-BE-007;CRM-P1-BE-008;CRM-P1-CODE-004,,,,APPROVED,CRM Pass 1,2026-08-30
F004-VAL-001,F004,CRM-CAP-001,VAL,Server validation,"All create/update/transition commands MUST validate required fields, references, organization/company scope, lifecycle legality and normalized input server-side before persistence.",P0,REQUIRED,CRM-P1-BE-007;CRM-P1-BE-008;CRM-P1-CODE-004,,,,APPROVED,CRM Pass 1,2026-08-30
F004-VAL-002,F004,CRM-CAP-001,VAL,Actionable errors,Validation failures MUST return stable CRM error codes plus user-actionable messages without leaking restricted record existence or sensitive values.,P0,REQUIRED,CRM-P1-BE-007;CRM-P1-BE-008;CRM-P1-CODE-004,,,,APPROVED,CRM Pass 1,2026-08-30
F004-CALC-001,F004,CRM-CAP-001,CALC,Deterministic calculations,Source conversion and velocity metrics use explicit numerator/denominator and period definitions; original source is never recalculated away.,P0,REQUIRED,CRM-P1-BE-007;CRM-P1-BE-008;CRM-P1-CODE-004,,,,APPROVED,CRM Pass 1,2026-08-30
F004-UX-001,F004,CRM-CAP-001,UX,Workspace,The primary Lead sources workspace MUST expose the next meaningful action above the fold and keep high-frequency context/actions within one consistent CRM shell.,P0,REQUIRED,CRM-P1-BE-007;CRM-P1-BE-008;CRM-P1-CODE-004,,,,APPROVED,CRM Pass 1,2026-08-30
F004-UX-002,F004,CRM-CAP-001,UX,States and feedback,"List/detail/create/edit surfaces MUST specify loading, empty, error, permission, stale/conflict and destructive-action states with immediate progress/confirmation feedback.",P0,REQUIRED,CRM-P1-BE-007;CRM-P1-BE-008;CRM-P1-CODE-004,,,,APPROVED,CRM Pass 1,2026-08-30
F004-UX-003,F004,CRM-CAP-001,UX,Responsive/accessibility,"Critical Lead sources actions MUST work on desktop, tablet and phone with full keyboard operation, visible focus, semantic labels, non-drag alternatives and no horizontal content loss except intentional boards/tables.",P0,REQUIRED,CRM-P1-BE-007;CRM-P1-BE-008;CRM-P1-CODE-004,,,,APPROVED,CRM Pass 1,2026-08-30
F004-SEC-001,F004,CRM-CAP-001,SEC,Authorization,"Every Lead sources query and command MUST enforce server-side organization, company/branch where applicable, team/owner/record scope and action permission before returning or mutating data.",P0,REQUIRED,CRM-P1-BE-007;CRM-P1-BE-008;CRM-P1-CODE-004,,,,APPROVED,CRM Pass 1,2026-08-30
F004-SEC-002,F004,CRM-CAP-001,SEC,Sensitive fields and negative tests,"Sensitive fields/content MUST support stricter field/content visibility than record visibility, and negative tests MUST prove unauthorized users cannot infer data via search counts, reports, timeline, exports, AI or errors.",P0,REQUIRED,CRM-P1-BE-007;CRM-P1-BE-008;CRM-P1-CODE-004,,,,APPROVED,CRM Pass 1,2026-08-30
F004-AUTO-001,F004,CRM-CAP-001,AUTO,Automation governance,"Approved automation may act on Lead sources only through normal domain commands with trigger provenance, recursion control, retry policy, audit and operator visibility.",P0,REQUIRED,CRM-P1-BE-007;CRM-P1-BE-008;CRM-P1-CODE-004,,,,APPROVED,CRM Pass 1,2026-08-30
F004-APP-001,F004,CRM-CAP-001,APP,Approval/override policy,"Ordinary low-risk Lead sources work does not require a universal approval; elevated overrides, destructive merges, high-impact bulk changes or configured thresholds MUST require the explicit permission/approval policy and reason.",P0,REQUIRED,CRM-P1-BE-007;CRM-P1-BE-008;CRM-P1-CODE-004,,,,APPROVED,CRM Pass 1,2026-08-30
F004-NOTIF-001,F004,CRM-CAP-001,NOTIF,Notification behavior,"Notifications for Lead sources MUST be event-driven, permission-safe, preference-aware, deduplicated on retry and include a durable deep link when the recipient remains authorized.",P0,REQUIRED,CRM-P1-BE-007;CRM-P1-BE-008;CRM-P1-CODE-004,,,,APPROVED,CRM Pass 1,2026-08-30
F004-REP-001,F004,CRM-CAP-001,REP,Reporting contract,"Reports/KPIs for Lead sources MUST define formula, dimensions, time basis, freshness, currency/units where applicable, permission-safe aggregation and drill-down reconciliation.",P0,REQUIRED,CRM-P1-BE-007;CRM-P1-BE-008;CRM-P1-CODE-004,,,,APPROVED,CRM Pass 1,2026-08-30
F004-AI-001,F004,CRM-CAP-001,AI,AI authority boundary,"AI class is `AI_ASSIST`. AI MAY assist/recommend/generate only within the caller's normal data permissions and MUST expose provenance, model/version, uncertainty/reasons where applicable and a deterministic/human fallback; it MUST NOT bypass normal mutation authority.",P0,REQUIRED,CRM-P1-BE-007;CRM-P1-BE-008;CRM-P1-CODE-004,,,,APPROVED,CRM Pass 1,2026-08-30
F004-INT-001,F004,CRM-CAP-001,INT,Module/external contract,Capture adapters map external source identifiers to active CRM source records while preserving raw provenance.,P0,REQUIRED,CRM-P1-BE-007;CRM-P1-BE-008;CRM-P1-CODE-004,,,,APPROVED,CRM Pass 1,2026-08-30
F004-INT-002,F004,CRM-CAP-001,INT,Failure reconciliation,"Every external or cross-module effect for Lead sources MUST define idempotency, retry ownership, failure visibility, compensation/reversal where possible and an operator reconciliation path.",P0,REQUIRED,CRM-P1-BE-007;CRM-P1-BE-008;CRM-P1-CODE-004,,,,APPROVED,CRM Pass 1,2026-08-30
F004-API-001,F004,CRM-CAP-001,API,Command contract,"Mutating Lead sources APIs MUST have explicit request/response/error schemas, authorization, optimistic concurrency where records are editable, audit/correlation metadata and idempotency for non-repeatable commands.",P0,REQUIRED,CRM-P1-BE-007;CRM-P1-BE-008;CRM-P1-CODE-004,,,,APPROVED,CRM Pass 1,2026-08-30
F004-API-002,F004,CRM-CAP-001,API,Query contract,"Lead sources list/search/detail APIs MUST use bounded pagination, stable sorting/filter semantics, permission-safe counts and compatibility/versioning rules.",P0,REQUIRED,CRM-P1-BE-007;CRM-P1-BE-008;CRM-P1-CODE-004,,,,APPROVED,CRM Pass 1,2026-08-30
F004-PERF-001,F004,CRM-CAP-001,PERF,Performance envelope,"Normal Lead sources record reads SHOULD meet p95 <=400ms server response, filtered lists <=600ms and standard mutations <=750ms on representative datasets; large jobs MUST become asynchronous.",P1,REQUIRED,CRM-P1-BE-007;CRM-P1-BE-008;CRM-P1-CODE-004,,,,APPROVED,CRM Pass 1,2026-08-30
F004-OBS-001,F004,CRM-CAP-001,OBS,Observability,"The system MUST emit correlation IDs, structured non-PII logs, business/technical metrics and retry/dead-letter/reconciliation diagnostics sufficient to explain Lead sources failures without exposing sensitive content.",P0,REQUIRED,CRM-P1-BE-007;CRM-P1-BE-008;CRM-P1-CODE-004,,,,APPROVED,CRM Pass 1,2026-08-30
F004-E2E-001,F004,CRM-CAP-001,E2E,Happy/permission browser journey,Browser E2E MUST prove an authorized user can configure sources and trace where leads originated without rewriting history and an unauthorized user cannot perform or infer the same action/data.,P0,REQUIRED,CRM-P1-BE-007;CRM-P1-BE-008;CRM-P1-CODE-004,,,,APPROVED,CRM Pass 1,2026-08-30
F004-E2E-002,F004,CRM-CAP-001,E2E,Conflict/failure browser journey,"Browser/API E2E MUST prove stale-write/conflict or retryable failure behavior for Lead sources is visible, recoverable and does not duplicate business effects.",P0,REQUIRED,CRM-P1-BE-007;CRM-P1-BE-008;CRM-P1-CODE-004,,,,APPROVED,CRM Pass 1,2026-08-30
F004-UAT-001,F004,CRM-CAP-001,UAT,Front-line UAT,"Human UAT MUST have a front-line persona execute the primary Lead sources job on desktop and a high-frequency mobile/tablet path, capturing visible result and audit evidence.",P0,REQUIRED,CRM-P1-BE-007;CRM-P1-BE-008;CRM-P1-CODE-004,,,,APPROVED,CRM Pass 1,2026-08-30
F004-UAT-002,F004,CRM-CAP-001,UAT,Manager/exception UAT,Human UAT MUST have a manager/operations persona exercise one permission/exception/override or reconciliation case and confirm reporting/history reflect the outcome.,P0,REQUIRED,CRM-P1-BE-007;CRM-P1-BE-008;CRM-P1-CODE-004,,,,APPROVED,CRM Pass 1,2026-08-30
F005-CAP-001,F005,CRM-CAP-002,CAP,Core operator outcome,The Lead assignment capability MUST let authorized REP; MGR; OPS; ADMIN users route a lead to the best eligible owner and explain why that owner won.,P0,REQUIRED,CRM-P1-BE-009;CRM-P1-BE-010;CRM-P1-CODE-005,,,,APPROVED,CRM Pass 1,2026-08-30
F005-CAP-002,F005,CRM-CAP-002,CAP,Enterprise completeness,"The capability MUST include the reviewed enterprise expectations for capacity, out-of-office, fairness, geography/product rules, fallback queues, reassignment SLA and concurrent round-robin correctness and MUST NOT treat the short canonical label as the full scope.",P0,REQUIRED,CRM-P1-BE-009;CRM-P1-BE-010;CRM-P1-CODE-005,,,,APPROVED,CRM Pass 1,2026-08-30
F005-CAP-003,F005,CRM-CAP-002,CAP,Boundary ownership,"Assignment consumes team, territory, availability and owner eligibility but emits assignment through the CRM lead command only.",P0,REQUIRED,CRM-P1-BE-009;CRM-P1-BE-010;CRM-P1-CODE-005,,,,APPROVED,CRM Pass 1,2026-08-30
F005-FR-001,F005,CRM-CAP-002,FR,Primary workflow,"The system MUST provide a complete server-backed workflow to route a lead to the best eligible owner and explain why that owner won, including success, empty, validation, permission and conflict states.",P0,REQUIRED,CRM-P1-BE-009;CRM-P1-BE-010;CRM-P1-CODE-005,,,,APPROVED,CRM Pass 1,2026-08-30
F005-FR-002,F005,CRM-CAP-002,FR,History and recoverability,"Every material Lead assignment mutation MUST leave durable history sufficient to explain actor, time, previous state, new state and reason where applicable.",P0,REQUIRED,CRM-P1-BE-009;CRM-P1-BE-010;CRM-P1-CODE-005,,,,APPROVED,CRM Pass 1,2026-08-30
F005-FR-003,F005,CRM-CAP-002,FR,Enterprise volume,"The feature MUST remain usable for individual work and enterprise list/bulk volumes using pagination, virtualization or asynchronous jobs when thresholds are crossed.",P0,REQUIRED,CRM-P1-BE-009;CRM-P1-BE-010;CRM-P1-CODE-005,,,,APPROVED,CRM Pass 1,2026-08-30
F005-US-001,F005,CRM-CAP-002,US,Front-line job,"As an authorized front-line user, I can route a lead to the best eligible owner and explain why that owner won without navigating to raw technical resources or losing related-record context.",P0,REQUIRED,CRM-P1-BE-009;CRM-P1-BE-010;CRM-P1-CODE-005,,,,APPROVED,CRM Pass 1,2026-08-30
F005-US-002,F005,CRM-CAP-002,US,Manager/operations job,"As a manager or operations user, I can inspect, govern and audit Lead assignment behavior across my permitted team/company scope.",P0,REQUIRED,CRM-P1-BE-009;CRM-P1-BE-010;CRM-P1-CODE-005,,,,APPROVED,CRM Pass 1,2026-08-30
F005-FLOW-001,F005,CRM-CAP-002,FLOW,Primary and alternate flow,The primary flow MUST follow the governed lifecycle `UNASSIGNED -> ASSIGNED -> REASSIGNED with immutable assignment events` and expose alternate/cancel paths where the lifecycle permits them.,P0,REQUIRED,CRM-P1-BE-009;CRM-P1-BE-010;CRM-P1-CODE-005,,,,APPROVED,CRM Pass 1,2026-08-30
F005-FLOW-002,F005,CRM-CAP-002,FLOW,Failure and retry flow,"Validation failures, authorization denials, concurrency conflicts and retryable integration failures MUST be visible, actionable and safe to retry without duplicate business effects.",P0,REQUIRED,CRM-P1-BE-009;CRM-P1-BE-010;CRM-P1-CODE-005,,,,APPROVED,CRM Pass 1,2026-08-30
F005-BR-001,F005,CRM-CAP-002,BR,Authoritative ownership,"The owning CRM domain command/service is authoritative for Lead assignment; UI, import, bulk, automation and AI paths MUST reuse the same business rules.",P0,REQUIRED,CRM-P1-BE-009;CRM-P1-BE-010;CRM-P1-CODE-005,,,,APPROVED,CRM Pass 1,2026-08-30
F005-BR-002,F005,CRM-CAP-002,BR,Historical truth,"Configuration or later edits MUST NOT rewrite historical Lead assignment events needed for audit, reporting or reproducibility.",P0,REQUIRED,CRM-P1-BE-009;CRM-P1-BE-010;CRM-P1-CODE-005,,,,APPROVED,CRM Pass 1,2026-08-30
F005-DATA-001,F005,CRM-CAP-002,DATA,Entity model,"The authoritative data model MUST explicitly govern crm_lead_assignment_policies; crm_lead_assignment_events; crm_lead_assignment_state; crm_round_robin_state; crm_sales_teams; crm_territories with organization identifiers, stable keys, lifecycle timestamps and indexes appropriate to access patterns.",P0,REQUIRED,CRM-P1-BE-009;CRM-P1-BE-010;CRM-P1-CODE-005,,,,APPROVED,CRM Pass 1,2026-08-30
F005-DATA-002,F005,CRM-CAP-002,DATA,Lineage and retention,"System-derived and externally sourced values MUST retain provenance/lineage, and retention/deletion behavior MUST preserve legally or operationally required audit links.",P0,REQUIRED,CRM-P1-BE-009;CRM-P1-BE-010;CRM-P1-CODE-005,,,,APPROVED,CRM Pass 1,2026-08-30
F005-VAL-001,F005,CRM-CAP-002,VAL,Server validation,"All create/update/transition commands MUST validate required fields, references, organization/company scope, lifecycle legality and normalized input server-side before persistence.",P0,REQUIRED,CRM-P1-BE-009;CRM-P1-BE-010;CRM-P1-CODE-005,,,,APPROVED,CRM Pass 1,2026-08-30
F005-VAL-002,F005,CRM-CAP-002,VAL,Actionable errors,Validation failures MUST return stable CRM error codes plus user-actionable messages without leaking restricted record existence or sensitive values.,P0,REQUIRED,CRM-P1-BE-009;CRM-P1-BE-010;CRM-P1-CODE-005,,,,APPROVED,CRM Pass 1,2026-08-30
F005-CALC-001,F005,CRM-CAP-002,CALC,Deterministic calculations,Round-robin/capacity ordering is deterministic and stable under concurrency; AI recommendations do not change the authoritative allocation algorithm unless an approved policy invokes them.,P0,REQUIRED,CRM-P1-BE-009;CRM-P1-BE-010;CRM-P1-CODE-005,,,,APPROVED,CRM Pass 1,2026-08-30
F005-UX-001,F005,CRM-CAP-002,UX,Workspace,The primary Lead assignment workspace MUST expose the next meaningful action above the fold and keep high-frequency context/actions within one consistent CRM shell.,P0,REQUIRED,CRM-P1-BE-009;CRM-P1-BE-010;CRM-P1-CODE-005,,,,APPROVED,CRM Pass 1,2026-08-30
F005-UX-002,F005,CRM-CAP-002,UX,States and feedback,"List/detail/create/edit surfaces MUST specify loading, empty, error, permission, stale/conflict and destructive-action states with immediate progress/confirmation feedback.",P0,REQUIRED,CRM-P1-BE-009;CRM-P1-BE-010;CRM-P1-CODE-005,,,,APPROVED,CRM Pass 1,2026-08-30
F005-UX-003,F005,CRM-CAP-002,UX,Responsive/accessibility,"Critical Lead assignment actions MUST work on desktop, tablet and phone with full keyboard operation, visible focus, semantic labels, non-drag alternatives and no horizontal content loss except intentional boards/tables.",P0,REQUIRED,CRM-P1-BE-009;CRM-P1-BE-010;CRM-P1-CODE-005,,,,APPROVED,CRM Pass 1,2026-08-30
F005-SEC-001,F005,CRM-CAP-002,SEC,Authorization,"Every Lead assignment query and command MUST enforce server-side organization, company/branch where applicable, team/owner/record scope and action permission before returning or mutating data.",P0,REQUIRED,CRM-P1-BE-009;CRM-P1-BE-010;CRM-P1-CODE-005,,,,APPROVED,CRM Pass 1,2026-08-30
F005-SEC-002,F005,CRM-CAP-002,SEC,Sensitive fields and negative tests,"Sensitive fields/content MUST support stricter field/content visibility than record visibility, and negative tests MUST prove unauthorized users cannot infer data via search counts, reports, timeline, exports, AI or errors.",P0,REQUIRED,CRM-P1-BE-009;CRM-P1-BE-010;CRM-P1-CODE-005,,,,APPROVED,CRM Pass 1,2026-08-30
F005-AUTO-001,F005,CRM-CAP-002,AUTO,Automation governance,"Approved automation may act on Lead assignment only through normal domain commands with trigger provenance, recursion control, retry policy, audit and operator visibility.",P0,REQUIRED,CRM-P1-BE-009;CRM-P1-BE-010;CRM-P1-CODE-005,,,,APPROVED,CRM Pass 1,2026-08-30
F005-APP-001,F005,CRM-CAP-002,APP,Approval/override policy,"Ordinary low-risk Lead assignment work does not require a universal approval; elevated overrides, destructive merges, high-impact bulk changes or configured thresholds MUST require the explicit permission/approval policy and reason.",P0,REQUIRED,CRM-P1-BE-009;CRM-P1-BE-010;CRM-P1-CODE-005,,,,APPROVED,CRM Pass 1,2026-08-30
F005-NOTIF-001,F005,CRM-CAP-002,NOTIF,Notification behavior,"Notifications for Lead assignment MUST be event-driven, permission-safe, preference-aware, deduplicated on retry and include a durable deep link when the recipient remains authorized.",P0,REQUIRED,CRM-P1-BE-009;CRM-P1-BE-010;CRM-P1-CODE-005,,,,APPROVED,CRM Pass 1,2026-08-30
F005-REP-001,F005,CRM-CAP-002,REP,Reporting contract,"Reports/KPIs for Lead assignment MUST define formula, dimensions, time basis, freshness, currency/units where applicable, permission-safe aggregation and drill-down reconciliation.",P0,REQUIRED,CRM-P1-BE-009;CRM-P1-BE-010;CRM-P1-CODE-005,,,,APPROVED,CRM Pass 1,2026-08-30
F005-AI-001,F005,CRM-CAP-002,AI,AI authority boundary,"AI class is `AI_RECOMMEND`. AI MAY assist/recommend/generate only within the caller's normal data permissions and MUST expose provenance, model/version, uncertainty/reasons where applicable and a deterministic/human fallback; it MUST NOT bypass normal mutation authority.",P0,REQUIRED,CRM-P1-BE-009;CRM-P1-BE-010;CRM-P1-CODE-005,,,,APPROVED,CRM Pass 1,2026-08-30
F005-INT-001,F005,CRM-CAP-002,INT,Module/external contract,"Assignment consumes team, territory, availability and owner eligibility but emits assignment through the CRM lead command only.",P0,REQUIRED,CRM-P1-BE-009;CRM-P1-BE-010;CRM-P1-CODE-005,,,,APPROVED,CRM Pass 1,2026-08-30
F005-INT-002,F005,CRM-CAP-002,INT,Failure reconciliation,"Every external or cross-module effect for Lead assignment MUST define idempotency, retry ownership, failure visibility, compensation/reversal where possible and an operator reconciliation path.",P0,REQUIRED,CRM-P1-BE-009;CRM-P1-BE-010;CRM-P1-CODE-005,,,,APPROVED,CRM Pass 1,2026-08-30
F005-API-001,F005,CRM-CAP-002,API,Command contract,"Mutating Lead assignment APIs MUST have explicit request/response/error schemas, authorization, optimistic concurrency where records are editable, audit/correlation metadata and idempotency for non-repeatable commands.",P0,REQUIRED,CRM-P1-BE-009;CRM-P1-BE-010;CRM-P1-CODE-005,,,,APPROVED,CRM Pass 1,2026-08-30
F005-API-002,F005,CRM-CAP-002,API,Query contract,"Lead assignment list/search/detail APIs MUST use bounded pagination, stable sorting/filter semantics, permission-safe counts and compatibility/versioning rules.",P0,REQUIRED,CRM-P1-BE-009;CRM-P1-BE-010;CRM-P1-CODE-005,,,,APPROVED,CRM Pass 1,2026-08-30
F005-PERF-001,F005,CRM-CAP-002,PERF,Performance envelope,"Normal Lead assignment record reads SHOULD meet p95 <=400ms server response, filtered lists <=600ms and standard mutations <=750ms on representative datasets; large jobs MUST become asynchronous.",P1,REQUIRED,CRM-P1-BE-009;CRM-P1-BE-010;CRM-P1-CODE-005,,,,APPROVED,CRM Pass 1,2026-08-30
F005-OBS-001,F005,CRM-CAP-002,OBS,Observability,"The system MUST emit correlation IDs, structured non-PII logs, business/technical metrics and retry/dead-letter/reconciliation diagnostics sufficient to explain Lead assignment failures without exposing sensitive content.",P0,REQUIRED,CRM-P1-BE-009;CRM-P1-BE-010;CRM-P1-CODE-005,,,,APPROVED,CRM Pass 1,2026-08-30
F005-E2E-001,F005,CRM-CAP-002,E2E,Happy/permission browser journey,Browser E2E MUST prove an authorized user can route a lead to the best eligible owner and explain why that owner won and an unauthorized user cannot perform or infer the same action/data.,P0,REQUIRED,CRM-P1-BE-009;CRM-P1-BE-010;CRM-P1-CODE-005,,,,APPROVED,CRM Pass 1,2026-08-30
F005-E2E-002,F005,CRM-CAP-002,E2E,Conflict/failure browser journey,"Browser/API E2E MUST prove stale-write/conflict or retryable failure behavior for Lead assignment is visible, recoverable and does not duplicate business effects.",P0,REQUIRED,CRM-P1-BE-009;CRM-P1-BE-010;CRM-P1-CODE-005,,,,APPROVED,CRM Pass 1,2026-08-30
F005-UAT-001,F005,CRM-CAP-002,UAT,Front-line UAT,"Human UAT MUST have a front-line persona execute the primary Lead assignment job on desktop and a high-frequency mobile/tablet path, capturing visible result and audit evidence.",P0,REQUIRED,CRM-P1-BE-009;CRM-P1-BE-010;CRM-P1-CODE-005,,,,APPROVED,CRM Pass 1,2026-08-30
F005-UAT-002,F005,CRM-CAP-002,UAT,Manager/exception UAT,Human UAT MUST have a manager/operations persona exercise one permission/exception/override or reconciliation case and confirm reporting/history reflect the outcome.,P0,REQUIRED,CRM-P1-BE-009;CRM-P1-BE-010;CRM-P1-CODE-005,,,,APPROVED,CRM Pass 1,2026-08-30
F006-CAP-001,F006,CRM-CAP-002,CAP,Core operator outcome,"The Lead qualification capability MUST let authorized REP; MGR; OPS users review evidence, close qualification gaps and record a defensible qualification decision.",P0,REQUIRED,CRM-P1-BE-011;CRM-P1-BE-012;CRM-P1-CODE-006,,,,APPROVED,CRM Pass 1,2026-08-30
F006-CAP-002,F006,CRM-CAP-002,CAP,Enterprise completeness,"The capability MUST include the reviewed enterprise expectations for configurable criteria/playbooks, exception override, disqualification reasons, evidence timestamps and strict separation from F027 scoring and MUST NOT treat the short canonical label as the full scope.",P0,REQUIRED,CRM-P1-BE-011;CRM-P1-BE-012;CRM-P1-CODE-006,,,,APPROVED,CRM Pass 1,2026-08-30
F006-CAP-003,F006,CRM-CAP-002,CAP,Boundary ownership,Successful qualification is a prerequisite input to F022 conversion but does not itself create downstream records.,P0,REQUIRED,CRM-P1-BE-011;CRM-P1-BE-012;CRM-P1-CODE-006,,,,APPROVED,CRM Pass 1,2026-08-30
F006-FR-001,F006,CRM-CAP-002,FR,Primary workflow,"The system MUST provide a complete server-backed workflow to review evidence, close qualification gaps and record a defensible qualification decision, including success, empty, validation, permission and conflict states.",P0,REQUIRED,CRM-P1-BE-011;CRM-P1-BE-012;CRM-P1-CODE-006,,,,APPROVED,CRM Pass 1,2026-08-30
F006-FR-002,F006,CRM-CAP-002,FR,History and recoverability,"Every material Lead qualification mutation MUST leave durable history sufficient to explain actor, time, previous state, new state and reason where applicable.",P0,REQUIRED,CRM-P1-BE-011;CRM-P1-BE-012;CRM-P1-CODE-006,,,,APPROVED,CRM Pass 1,2026-08-30
F006-FR-003,F006,CRM-CAP-002,FR,Enterprise volume,"The feature MUST remain usable for individual work and enterprise list/bulk volumes using pagination, virtualization or asynchronous jobs when thresholds are crossed.",P0,REQUIRED,CRM-P1-BE-011;CRM-P1-BE-012;CRM-P1-CODE-006,,,,APPROVED,CRM Pass 1,2026-08-30
F006-US-001,F006,CRM-CAP-002,US,Front-line job,"As an authorized front-line user, I can review evidence, close qualification gaps and record a defensible qualification decision without navigating to raw technical resources or losing related-record context.",P0,REQUIRED,CRM-P1-BE-011;CRM-P1-BE-012;CRM-P1-CODE-006,,,,APPROVED,CRM Pass 1,2026-08-30
F006-US-002,F006,CRM-CAP-002,US,Manager/operations job,"As a manager or operations user, I can inspect, govern and audit Lead qualification behavior across my permitted team/company scope.",P0,REQUIRED,CRM-P1-BE-011;CRM-P1-BE-012;CRM-P1-CODE-006,,,,APPROVED,CRM Pass 1,2026-08-30
F006-FLOW-001,F006,CRM-CAP-002,FLOW,Primary and alternate flow,The primary flow MUST follow the governed lifecycle `NOT_STARTED -> IN_PROGRESS -> QUALIFIED or DISQUALIFIED; requalification creates a new decision event` and expose alternate/cancel paths where the lifecycle permits them.,P0,REQUIRED,CRM-P1-BE-011;CRM-P1-BE-012;CRM-P1-CODE-006,,,,APPROVED,CRM Pass 1,2026-08-30
F006-FLOW-002,F006,CRM-CAP-002,FLOW,Failure and retry flow,"Validation failures, authorization denials, concurrency conflicts and retryable integration failures MUST be visible, actionable and safe to retry without duplicate business effects.",P0,REQUIRED,CRM-P1-BE-011;CRM-P1-BE-012;CRM-P1-CODE-006,,,,APPROVED,CRM Pass 1,2026-08-30
F006-BR-001,F006,CRM-CAP-002,BR,Authoritative ownership,"The owning CRM domain command/service is authoritative for Lead qualification; UI, import, bulk, automation and AI paths MUST reuse the same business rules.",P0,REQUIRED,CRM-P1-BE-011;CRM-P1-BE-012;CRM-P1-CODE-006,,,,APPROVED,CRM Pass 1,2026-08-30
F006-BR-002,F006,CRM-CAP-002,BR,Historical truth,"Configuration or later edits MUST NOT rewrite historical Lead qualification events needed for audit, reporting or reproducibility.",P0,REQUIRED,CRM-P1-BE-011;CRM-P1-BE-012;CRM-P1-CODE-006,,,,APPROVED,CRM Pass 1,2026-08-30
F006-DATA-001,F006,CRM-CAP-002,DATA,Entity model,"The authoritative data model MUST explicitly govern crm_lead_qualification_events; crm_leads; qualification configuration/playbook data with organization identifiers, stable keys, lifecycle timestamps and indexes appropriate to access patterns.",P0,REQUIRED,CRM-P1-BE-011;CRM-P1-BE-012;CRM-P1-CODE-006,,,,APPROVED,CRM Pass 1,2026-08-30
F006-DATA-002,F006,CRM-CAP-002,DATA,Lineage and retention,"System-derived and externally sourced values MUST retain provenance/lineage, and retention/deletion behavior MUST preserve legally or operationally required audit links.",P0,REQUIRED,CRM-P1-BE-011;CRM-P1-BE-012;CRM-P1-CODE-006,,,,APPROVED,CRM Pass 1,2026-08-30
F006-VAL-001,F006,CRM-CAP-002,VAL,Server validation,"All create/update/transition commands MUST validate required fields, references, organization/company scope, lifecycle legality and normalized input server-side before persistence.",P0,REQUIRED,CRM-P1-BE-011;CRM-P1-BE-012;CRM-P1-CODE-006,,,,APPROVED,CRM Pass 1,2026-08-30
F006-VAL-002,F006,CRM-CAP-002,VAL,Actionable errors,Validation failures MUST return stable CRM error codes plus user-actionable messages without leaking restricted record existence or sensitive values.,P0,REQUIRED,CRM-P1-BE-011;CRM-P1-BE-012;CRM-P1-CODE-006,,,,APPROVED,CRM Pass 1,2026-08-30
F006-CALC-001,F006,CRM-CAP-002,CALC,Deterministic calculations,Completion percentage is derived from configured mandatory criteria; score and qualification outcome are separate values.,P0,REQUIRED,CRM-P1-BE-011;CRM-P1-BE-012;CRM-P1-CODE-006,,,,APPROVED,CRM Pass 1,2026-08-30
F006-UX-001,F006,CRM-CAP-002,UX,Workspace,The primary Lead qualification workspace MUST expose the next meaningful action above the fold and keep high-frequency context/actions within one consistent CRM shell.,P0,REQUIRED,CRM-P1-BE-011;CRM-P1-BE-012;CRM-P1-CODE-006,,,,APPROVED,CRM Pass 1,2026-08-30
F006-UX-002,F006,CRM-CAP-002,UX,States and feedback,"List/detail/create/edit surfaces MUST specify loading, empty, error, permission, stale/conflict and destructive-action states with immediate progress/confirmation feedback.",P0,REQUIRED,CRM-P1-BE-011;CRM-P1-BE-012;CRM-P1-CODE-006,,,,APPROVED,CRM Pass 1,2026-08-30
F006-UX-003,F006,CRM-CAP-002,UX,Responsive/accessibility,"Critical Lead qualification actions MUST work on desktop, tablet and phone with full keyboard operation, visible focus, semantic labels, non-drag alternatives and no horizontal content loss except intentional boards/tables.",P0,REQUIRED,CRM-P1-BE-011;CRM-P1-BE-012;CRM-P1-CODE-006,,,,APPROVED,CRM Pass 1,2026-08-30
F006-SEC-001,F006,CRM-CAP-002,SEC,Authorization,"Every Lead qualification query and command MUST enforce server-side organization, company/branch where applicable, team/owner/record scope and action permission before returning or mutating data.",P0,REQUIRED,CRM-P1-BE-011;CRM-P1-BE-012;CRM-P1-CODE-006,,,,APPROVED,CRM Pass 1,2026-08-30
F006-SEC-002,F006,CRM-CAP-002,SEC,Sensitive fields and negative tests,"Sensitive fields/content MUST support stricter field/content visibility than record visibility, and negative tests MUST prove unauthorized users cannot infer data via search counts, reports, timeline, exports, AI or errors.",P0,REQUIRED,CRM-P1-BE-011;CRM-P1-BE-012;CRM-P1-CODE-006,,,,APPROVED,CRM Pass 1,2026-08-30
F006-AUTO-001,F006,CRM-CAP-002,AUTO,Automation governance,"Approved automation may act on Lead qualification only through normal domain commands with trigger provenance, recursion control, retry policy, audit and operator visibility.",P0,REQUIRED,CRM-P1-BE-011;CRM-P1-BE-012;CRM-P1-CODE-006,,,,APPROVED,CRM Pass 1,2026-08-30
F006-APP-001,F006,CRM-CAP-002,APP,Approval/override policy,"Ordinary low-risk Lead qualification work does not require a universal approval; elevated overrides, destructive merges, high-impact bulk changes or configured thresholds MUST require the explicit permission/approval policy and reason.",P0,REQUIRED,CRM-P1-BE-011;CRM-P1-BE-012;CRM-P1-CODE-006,,,,APPROVED,CRM Pass 1,2026-08-30
F006-NOTIF-001,F006,CRM-CAP-002,NOTIF,Notification behavior,"Notifications for Lead qualification MUST be event-driven, permission-safe, preference-aware, deduplicated on retry and include a durable deep link when the recipient remains authorized.",P0,REQUIRED,CRM-P1-BE-011;CRM-P1-BE-012;CRM-P1-CODE-006,,,,APPROVED,CRM Pass 1,2026-08-30
F006-REP-001,F006,CRM-CAP-002,REP,Reporting contract,"Reports/KPIs for Lead qualification MUST define formula, dimensions, time basis, freshness, currency/units where applicable, permission-safe aggregation and drill-down reconciliation.",P0,REQUIRED,CRM-P1-BE-011;CRM-P1-BE-012;CRM-P1-CODE-006,,,,APPROVED,CRM Pass 1,2026-08-30
F006-AI-001,F006,CRM-CAP-002,AI,AI authority boundary,"AI class is `AI_RECOMMEND`. AI MAY assist/recommend/generate only within the caller's normal data permissions and MUST expose provenance, model/version, uncertainty/reasons where applicable and a deterministic/human fallback; it MUST NOT bypass normal mutation authority.",P0,REQUIRED,CRM-P1-BE-011;CRM-P1-BE-012;CRM-P1-CODE-006,,,,APPROVED,CRM Pass 1,2026-08-30
F006-INT-001,F006,CRM-CAP-002,INT,Module/external contract,Successful qualification is a prerequisite input to F022 conversion but does not itself create downstream records.,P0,REQUIRED,CRM-P1-BE-011;CRM-P1-BE-012;CRM-P1-CODE-006,,,,APPROVED,CRM Pass 1,2026-08-30
F006-INT-002,F006,CRM-CAP-002,INT,Failure reconciliation,"Every external or cross-module effect for Lead qualification MUST define idempotency, retry ownership, failure visibility, compensation/reversal where possible and an operator reconciliation path.",P0,REQUIRED,CRM-P1-BE-011;CRM-P1-BE-012;CRM-P1-CODE-006,,,,APPROVED,CRM Pass 1,2026-08-30
F006-API-001,F006,CRM-CAP-002,API,Command contract,"Mutating Lead qualification APIs MUST have explicit request/response/error schemas, authorization, optimistic concurrency where records are editable, audit/correlation metadata and idempotency for non-repeatable commands.",P0,REQUIRED,CRM-P1-BE-011;CRM-P1-BE-012;CRM-P1-CODE-006,,,,APPROVED,CRM Pass 1,2026-08-30
F006-API-002,F006,CRM-CAP-002,API,Query contract,"Lead qualification list/search/detail APIs MUST use bounded pagination, stable sorting/filter semantics, permission-safe counts and compatibility/versioning rules.",P0,REQUIRED,CRM-P1-BE-011;CRM-P1-BE-012;CRM-P1-CODE-006,,,,APPROVED,CRM Pass 1,2026-08-30
F006-PERF-001,F006,CRM-CAP-002,PERF,Performance envelope,"Normal Lead qualification record reads SHOULD meet p95 <=400ms server response, filtered lists <=600ms and standard mutations <=750ms on representative datasets; large jobs MUST become asynchronous.",P1,REQUIRED,CRM-P1-BE-011;CRM-P1-BE-012;CRM-P1-CODE-006,,,,APPROVED,CRM Pass 1,2026-08-30
F006-OBS-001,F006,CRM-CAP-002,OBS,Observability,"The system MUST emit correlation IDs, structured non-PII logs, business/technical metrics and retry/dead-letter/reconciliation diagnostics sufficient to explain Lead qualification failures without exposing sensitive content.",P0,REQUIRED,CRM-P1-BE-011;CRM-P1-BE-012;CRM-P1-CODE-006,,,,APPROVED,CRM Pass 1,2026-08-30
F006-E2E-001,F006,CRM-CAP-002,E2E,Happy/permission browser journey,"Browser E2E MUST prove an authorized user can review evidence, close qualification gaps and record a defensible qualification decision and an unauthorized user cannot perform or infer the same action/data.",P0,REQUIRED,CRM-P1-BE-011;CRM-P1-BE-012;CRM-P1-CODE-006,,,,APPROVED,CRM Pass 1,2026-08-30
F006-E2E-002,F006,CRM-CAP-002,E2E,Conflict/failure browser journey,"Browser/API E2E MUST prove stale-write/conflict or retryable failure behavior for Lead qualification is visible, recoverable and does not duplicate business effects.",P0,REQUIRED,CRM-P1-BE-011;CRM-P1-BE-012;CRM-P1-CODE-006,,,,APPROVED,CRM Pass 1,2026-08-30
F006-UAT-001,F006,CRM-CAP-002,UAT,Front-line UAT,"Human UAT MUST have a front-line persona execute the primary Lead qualification job on desktop and a high-frequency mobile/tablet path, capturing visible result and audit evidence.",P0,REQUIRED,CRM-P1-BE-011;CRM-P1-BE-012;CRM-P1-CODE-006,,,,APPROVED,CRM Pass 1,2026-08-30
F006-UAT-002,F006,CRM-CAP-002,UAT,Manager/exception UAT,Human UAT MUST have a manager/operations persona exercise one permission/exception/override or reconciliation case and confirm reporting/history reflect the outcome.,P0,REQUIRED,CRM-P1-BE-011;CRM-P1-BE-012;CRM-P1-CODE-006,,,,APPROVED,CRM Pass 1,2026-08-30
F007-CAP-001,F007,CRM-CAP-002,CAP,Core operator outcome,The Lead stages and statuses capability MUST let authorized REP; MGR; OPS users move a lead through a legal process with required evidence and visible history.,P0,REQUIRED,CRM-P1-BE-013;CRM-P1-BE-014;CRM-P1-CODE-007,,,,APPROVED,CRM Pass 1,2026-08-30
F007-CAP-002,F007,CRM-CAP-002,CAP,Enterprise completeness,"The capability MUST include the reviewed enterprise expectations for transition graph, required fields, dwell SLA, reactivation, reason codes, live-stage configuration migration and concurrency and MUST NOT treat the short canonical label as the full scope.",P0,REQUIRED,CRM-P1-BE-013;CRM-P1-BE-014;CRM-P1-CODE-007,,,,APPROVED,CRM Pass 1,2026-08-30
F007-CAP-003,F007,CRM-CAP-002,CAP,Boundary ownership,Stage changes may trigger approved automation/notifications but remain owned by CRM lead lifecycle commands.,P0,REQUIRED,CRM-P1-BE-013;CRM-P1-BE-014;CRM-P1-CODE-007,,,,APPROVED,CRM Pass 1,2026-08-30
F007-FR-001,F007,CRM-CAP-002,FR,Primary workflow,"The system MUST provide a complete server-backed workflow to move a lead through a legal process with required evidence and visible history, including success, empty, validation, permission and conflict states.",P0,REQUIRED,CRM-P1-BE-013;CRM-P1-BE-014;CRM-P1-CODE-007,,,,APPROVED,CRM Pass 1,2026-08-30
F007-FR-002,F007,CRM-CAP-002,FR,History and recoverability,"Every material Lead stages and statuses mutation MUST leave durable history sufficient to explain actor, time, previous state, new state and reason where applicable.",P0,REQUIRED,CRM-P1-BE-013;CRM-P1-BE-014;CRM-P1-CODE-007,,,,APPROVED,CRM Pass 1,2026-08-30
F007-FR-003,F007,CRM-CAP-002,FR,Enterprise volume,"The feature MUST remain usable for individual work and enterprise list/bulk volumes using pagination, virtualization or asynchronous jobs when thresholds are crossed.",P0,REQUIRED,CRM-P1-BE-013;CRM-P1-BE-014;CRM-P1-CODE-007,,,,APPROVED,CRM Pass 1,2026-08-30
F007-US-001,F007,CRM-CAP-002,US,Front-line job,"As an authorized front-line user, I can move a lead through a legal process with required evidence and visible history without navigating to raw technical resources or losing related-record context.",P0,REQUIRED,CRM-P1-BE-013;CRM-P1-BE-014;CRM-P1-CODE-007,,,,APPROVED,CRM Pass 1,2026-08-30
F007-US-002,F007,CRM-CAP-002,US,Manager/operations job,"As a manager or operations user, I can inspect, govern and audit Lead stages and statuses behavior across my permitted team/company scope.",P0,REQUIRED,CRM-P1-BE-013;CRM-P1-BE-014;CRM-P1-CODE-007,,,,APPROVED,CRM Pass 1,2026-08-30
F007-FLOW-001,F007,CRM-CAP-002,FLOW,Primary and alternate flow,"The primary flow MUST follow the governed lifecycle `Configured directed graph with open, qualified, disqualified and converted semantics; only declared transitions are legal` and expose alternate/cancel paths where the lifecycle permits them.",P0,REQUIRED,CRM-P1-BE-013;CRM-P1-BE-014;CRM-P1-CODE-007,,,,APPROVED,CRM Pass 1,2026-08-30
F007-FLOW-002,F007,CRM-CAP-002,FLOW,Failure and retry flow,"Validation failures, authorization denials, concurrency conflicts and retryable integration failures MUST be visible, actionable and safe to retry without duplicate business effects.",P0,REQUIRED,CRM-P1-BE-013;CRM-P1-BE-014;CRM-P1-CODE-007,,,,APPROVED,CRM Pass 1,2026-08-30
F007-BR-001,F007,CRM-CAP-002,BR,Authoritative ownership,"The owning CRM domain command/service is authoritative for Lead stages and statuses; UI, import, bulk, automation and AI paths MUST reuse the same business rules.",P0,REQUIRED,CRM-P1-BE-013;CRM-P1-BE-014;CRM-P1-CODE-007,,,,APPROVED,CRM Pass 1,2026-08-30
F007-BR-002,F007,CRM-CAP-002,BR,Historical truth,"Configuration or later edits MUST NOT rewrite historical Lead stages and statuses events needed for audit, reporting or reproducibility.",P0,REQUIRED,CRM-P1-BE-013;CRM-P1-BE-014;CRM-P1-CODE-007,,,,APPROVED,CRM Pass 1,2026-08-30
F007-DATA-001,F007,CRM-CAP-002,DATA,Entity model,"The authoritative data model MUST explicitly govern crm_lead_stages; crm_lead_stage_transitions; crm_lead_stage_events; crm_leads with organization identifiers, stable keys, lifecycle timestamps and indexes appropriate to access patterns.",P0,REQUIRED,CRM-P1-BE-013;CRM-P1-BE-014;CRM-P1-CODE-007,,,,APPROVED,CRM Pass 1,2026-08-30
F007-DATA-002,F007,CRM-CAP-002,DATA,Lineage and retention,"System-derived and externally sourced values MUST retain provenance/lineage, and retention/deletion behavior MUST preserve legally or operationally required audit links.",P0,REQUIRED,CRM-P1-BE-013;CRM-P1-BE-014;CRM-P1-CODE-007,,,,APPROVED,CRM Pass 1,2026-08-30
F007-VAL-001,F007,CRM-CAP-002,VAL,Server validation,"All create/update/transition commands MUST validate required fields, references, organization/company scope, lifecycle legality and normalized input server-side before persistence.",P0,REQUIRED,CRM-P1-BE-013;CRM-P1-BE-014;CRM-P1-CODE-007,,,,APPROVED,CRM Pass 1,2026-08-30
F007-VAL-002,F007,CRM-CAP-002,VAL,Actionable errors,Validation failures MUST return stable CRM error codes plus user-actionable messages without leaking restricted record existence or sensitive values.,P0,REQUIRED,CRM-P1-BE-013;CRM-P1-BE-014;CRM-P1-CODE-007,,,,APPROVED,CRM Pass 1,2026-08-30
F007-CALC-001,F007,CRM-CAP-002,CALC,Deterministic calculations,"Time-in-stage is derived from immutable entry/exit events using tenant timezone only for display, never for event ordering.",P0,REQUIRED,CRM-P1-BE-013;CRM-P1-BE-014;CRM-P1-CODE-007,,,,APPROVED,CRM Pass 1,2026-08-30
F007-UX-001,F007,CRM-CAP-002,UX,Workspace,The primary Lead stages and statuses workspace MUST expose the next meaningful action above the fold and keep high-frequency context/actions within one consistent CRM shell.,P0,REQUIRED,CRM-P1-BE-013;CRM-P1-BE-014;CRM-P1-CODE-007,,,,APPROVED,CRM Pass 1,2026-08-30
F007-UX-002,F007,CRM-CAP-002,UX,States and feedback,"List/detail/create/edit surfaces MUST specify loading, empty, error, permission, stale/conflict and destructive-action states with immediate progress/confirmation feedback.",P0,REQUIRED,CRM-P1-BE-013;CRM-P1-BE-014;CRM-P1-CODE-007,,,,APPROVED,CRM Pass 1,2026-08-30
F007-UX-003,F007,CRM-CAP-002,UX,Responsive/accessibility,"Critical Lead stages and statuses actions MUST work on desktop, tablet and phone with full keyboard operation, visible focus, semantic labels, non-drag alternatives and no horizontal content loss except intentional boards/tables.",P0,REQUIRED,CRM-P1-BE-013;CRM-P1-BE-014;CRM-P1-CODE-007,,,,APPROVED,CRM Pass 1,2026-08-30
F007-SEC-001,F007,CRM-CAP-002,SEC,Authorization,"Every Lead stages and statuses query and command MUST enforce server-side organization, company/branch where applicable, team/owner/record scope and action permission before returning or mutating data.",P0,REQUIRED,CRM-P1-BE-013;CRM-P1-BE-014;CRM-P1-CODE-007,,,,APPROVED,CRM Pass 1,2026-08-30
F007-SEC-002,F007,CRM-CAP-002,SEC,Sensitive fields and negative tests,"Sensitive fields/content MUST support stricter field/content visibility than record visibility, and negative tests MUST prove unauthorized users cannot infer data via search counts, reports, timeline, exports, AI or errors.",P0,REQUIRED,CRM-P1-BE-013;CRM-P1-BE-014;CRM-P1-CODE-007,,,,APPROVED,CRM Pass 1,2026-08-30
F007-AUTO-001,F007,CRM-CAP-002,AUTO,Automation governance,"Approved automation may act on Lead stages and statuses only through normal domain commands with trigger provenance, recursion control, retry policy, audit and operator visibility.",P0,REQUIRED,CRM-P1-BE-013;CRM-P1-BE-014;CRM-P1-CODE-007,,,,APPROVED,CRM Pass 1,2026-08-30
F007-APP-001,F007,CRM-CAP-002,APP,Approval/override policy,"Ordinary low-risk Lead stages and statuses work does not require a universal approval; elevated overrides, destructive merges, high-impact bulk changes or configured thresholds MUST require the explicit permission/approval policy and reason.",P0,REQUIRED,CRM-P1-BE-013;CRM-P1-BE-014;CRM-P1-CODE-007,,,,APPROVED,CRM Pass 1,2026-08-30
F007-NOTIF-001,F007,CRM-CAP-002,NOTIF,Notification behavior,"Notifications for Lead stages and statuses MUST be event-driven, permission-safe, preference-aware, deduplicated on retry and include a durable deep link when the recipient remains authorized.",P0,REQUIRED,CRM-P1-BE-013;CRM-P1-BE-014;CRM-P1-CODE-007,,,,APPROVED,CRM Pass 1,2026-08-30
F007-REP-001,F007,CRM-CAP-002,REP,Reporting contract,"Reports/KPIs for Lead stages and statuses MUST define formula, dimensions, time basis, freshness, currency/units where applicable, permission-safe aggregation and drill-down reconciliation.",P0,REQUIRED,CRM-P1-BE-013;CRM-P1-BE-014;CRM-P1-CODE-007,,,,APPROVED,CRM Pass 1,2026-08-30
F007-AI-001,F007,CRM-CAP-002,AI,AI authority boundary,"AI class is `AI_RECOMMEND`. AI MAY assist/recommend/generate only within the caller's normal data permissions and MUST expose provenance, model/version, uncertainty/reasons where applicable and a deterministic/human fallback; it MUST NOT bypass normal mutation authority.",P0,REQUIRED,CRM-P1-BE-013;CRM-P1-BE-014;CRM-P1-CODE-007,,,,APPROVED,CRM Pass 1,2026-08-30
F007-INT-001,F007,CRM-CAP-002,INT,Module/external contract,Stage changes may trigger approved automation/notifications but remain owned by CRM lead lifecycle commands.,P0,REQUIRED,CRM-P1-BE-013;CRM-P1-BE-014;CRM-P1-CODE-007,,,,APPROVED,CRM Pass 1,2026-08-30
F007-INT-002,F007,CRM-CAP-002,INT,Failure reconciliation,"Every external or cross-module effect for Lead stages and statuses MUST define idempotency, retry ownership, failure visibility, compensation/reversal where possible and an operator reconciliation path.",P0,REQUIRED,CRM-P1-BE-013;CRM-P1-BE-014;CRM-P1-CODE-007,,,,APPROVED,CRM Pass 1,2026-08-30
F007-API-001,F007,CRM-CAP-002,API,Command contract,"Mutating Lead stages and statuses APIs MUST have explicit request/response/error schemas, authorization, optimistic concurrency where records are editable, audit/correlation metadata and idempotency for non-repeatable commands.",P0,REQUIRED,CRM-P1-BE-013;CRM-P1-BE-014;CRM-P1-CODE-007,,,,APPROVED,CRM Pass 1,2026-08-30
F007-API-002,F007,CRM-CAP-002,API,Query contract,"Lead stages and statuses list/search/detail APIs MUST use bounded pagination, stable sorting/filter semantics, permission-safe counts and compatibility/versioning rules.",P0,REQUIRED,CRM-P1-BE-013;CRM-P1-BE-014;CRM-P1-CODE-007,,,,APPROVED,CRM Pass 1,2026-08-30
F007-PERF-001,F007,CRM-CAP-002,PERF,Performance envelope,"Normal Lead stages and statuses record reads SHOULD meet p95 <=400ms server response, filtered lists <=600ms and standard mutations <=750ms on representative datasets; large jobs MUST become asynchronous.",P1,REQUIRED,CRM-P1-BE-013;CRM-P1-BE-014;CRM-P1-CODE-007,,,,APPROVED,CRM Pass 1,2026-08-30
F007-OBS-001,F007,CRM-CAP-002,OBS,Observability,"The system MUST emit correlation IDs, structured non-PII logs, business/technical metrics and retry/dead-letter/reconciliation diagnostics sufficient to explain Lead stages and statuses failures without exposing sensitive content.",P0,REQUIRED,CRM-P1-BE-013;CRM-P1-BE-014;CRM-P1-CODE-007,,,,APPROVED,CRM Pass 1,2026-08-30
F007-E2E-001,F007,CRM-CAP-002,E2E,Happy/permission browser journey,Browser E2E MUST prove an authorized user can move a lead through a legal process with required evidence and visible history and an unauthorized user cannot perform or infer the same action/data.,P0,REQUIRED,CRM-P1-BE-013;CRM-P1-BE-014;CRM-P1-CODE-007,,,,APPROVED,CRM Pass 1,2026-08-30
F007-E2E-002,F007,CRM-CAP-002,E2E,Conflict/failure browser journey,"Browser/API E2E MUST prove stale-write/conflict or retryable failure behavior for Lead stages and statuses is visible, recoverable and does not duplicate business effects.",P0,REQUIRED,CRM-P1-BE-013;CRM-P1-BE-014;CRM-P1-CODE-007,,,,APPROVED,CRM Pass 1,2026-08-30
F007-UAT-001,F007,CRM-CAP-002,UAT,Front-line UAT,"Human UAT MUST have a front-line persona execute the primary Lead stages and statuses job on desktop and a high-frequency mobile/tablet path, capturing visible result and audit evidence.",P0,REQUIRED,CRM-P1-BE-013;CRM-P1-BE-014;CRM-P1-CODE-007,,,,APPROVED,CRM Pass 1,2026-08-30
F007-UAT-002,F007,CRM-CAP-002,UAT,Manager/exception UAT,Human UAT MUST have a manager/operations persona exercise one permission/exception/override or reconciliation case and confirm reporting/history reflect the outcome.,P0,REQUIRED,CRM-P1-BE-013;CRM-P1-BE-014;CRM-P1-CODE-007,,,,APPROVED,CRM Pass 1,2026-08-30
F008-CAP-001,F008,CRM-CAP-001,CAP,Core operator outcome,The Duplicate detection capability MUST let authorized REP; OPS; MGR users review duplicate candidates side-by-side and merge or dismiss with complete survivorship history.,P0,REQUIRED,CRM-P1-BE-015;CRM-P1-BE-016;CRM-P1-CODE-008,,,,APPROVED,CRM Pass 1,2026-08-30
F008-CAP-002,F008,CRM-CAP-001,CAP,Enterprise completeness,"The capability MUST include the reviewed enterprise expectations for cross-object matching, configurable rules, confidence explanation, field survivorship, merge idempotency and override audit and MUST NOT treat the short canonical label as the full scope.",P0,REQUIRED,CRM-P1-BE-015;CRM-P1-BE-016;CRM-P1-CODE-008,,,,APPROVED,CRM Pass 1,2026-08-30
F008-CAP-003,F008,CRM-CAP-001,CAP,Boundary ownership,Create/import/update paths call duplicate review without allowing bulk/import to bypass normal merge authorization.,P0,REQUIRED,CRM-P1-BE-015;CRM-P1-BE-016;CRM-P1-CODE-008,,,,APPROVED,CRM Pass 1,2026-08-30
F008-FR-001,F008,CRM-CAP-001,FR,Primary workflow,"The system MUST provide a complete server-backed workflow to review duplicate candidates side-by-side and merge or dismiss with complete survivorship history, including success, empty, validation, permission and conflict states.",P0,REQUIRED,CRM-P1-BE-015;CRM-P1-BE-016;CRM-P1-CODE-008,,,,APPROVED,CRM Pass 1,2026-08-30
F008-FR-002,F008,CRM-CAP-001,FR,History and recoverability,"Every material Duplicate detection mutation MUST leave durable history sufficient to explain actor, time, previous state, new state and reason where applicable.",P0,REQUIRED,CRM-P1-BE-015;CRM-P1-BE-016;CRM-P1-CODE-008,,,,APPROVED,CRM Pass 1,2026-08-30
F008-FR-003,F008,CRM-CAP-001,FR,Enterprise volume,"The feature MUST remain usable for individual work and enterprise list/bulk volumes using pagination, virtualization or asynchronous jobs when thresholds are crossed.",P0,REQUIRED,CRM-P1-BE-015;CRM-P1-BE-016;CRM-P1-CODE-008,,,,APPROVED,CRM Pass 1,2026-08-30
F008-US-001,F008,CRM-CAP-001,US,Front-line job,"As an authorized front-line user, I can review duplicate candidates side-by-side and merge or dismiss with complete survivorship history without navigating to raw technical resources or losing related-record context.",P0,REQUIRED,CRM-P1-BE-015;CRM-P1-BE-016;CRM-P1-CODE-008,,,,APPROVED,CRM Pass 1,2026-08-30
F008-US-002,F008,CRM-CAP-001,US,Manager/operations job,"As a manager or operations user, I can inspect, govern and audit Duplicate detection behavior across my permitted team/company scope.",P0,REQUIRED,CRM-P1-BE-015;CRM-P1-BE-016;CRM-P1-CODE-008,,,,APPROVED,CRM Pass 1,2026-08-30
F008-FLOW-001,F008,CRM-CAP-001,FLOW,Primary and alternate flow,The primary flow MUST follow the governed lifecycle `CANDIDATE -> REVIEWED -> MERGED | DISMISSED | OVERRIDDEN` and expose alternate/cancel paths where the lifecycle permits them.,P0,REQUIRED,CRM-P1-BE-015;CRM-P1-BE-016;CRM-P1-CODE-008,,,,APPROVED,CRM Pass 1,2026-08-30
F008-FLOW-002,F008,CRM-CAP-001,FLOW,Failure and retry flow,"Validation failures, authorization denials, concurrency conflicts and retryable integration failures MUST be visible, actionable and safe to retry without duplicate business effects.",P0,REQUIRED,CRM-P1-BE-015;CRM-P1-BE-016;CRM-P1-CODE-008,,,,APPROVED,CRM Pass 1,2026-08-30
F008-BR-001,F008,CRM-CAP-001,BR,Authoritative ownership,"The owning CRM domain command/service is authoritative for Duplicate detection; UI, import, bulk, automation and AI paths MUST reuse the same business rules.",P0,REQUIRED,CRM-P1-BE-015;CRM-P1-BE-016;CRM-P1-CODE-008,,,,APPROVED,CRM Pass 1,2026-08-30
F008-BR-002,F008,CRM-CAP-001,BR,Historical truth,"Configuration or later edits MUST NOT rewrite historical Duplicate detection events needed for audit, reporting or reproducibility.",P0,REQUIRED,CRM-P1-BE-015;CRM-P1-BE-016;CRM-P1-CODE-008,,,,APPROVED,CRM Pass 1,2026-08-30
F008-DATA-001,F008,CRM-CAP-001,DATA,Entity model,"The authoritative data model MUST explicitly govern crm_lead_duplicate_overrides; crm_merge_records; crm_account_merge_history; crm_contact_merge_history; match projections with organization identifiers, stable keys, lifecycle timestamps and indexes appropriate to access patterns.",P0,REQUIRED,CRM-P1-BE-015;CRM-P1-BE-016;CRM-P1-CODE-008,,,,APPROVED,CRM Pass 1,2026-08-30
F008-DATA-002,F008,CRM-CAP-001,DATA,Lineage and retention,"System-derived and externally sourced values MUST retain provenance/lineage, and retention/deletion behavior MUST preserve legally or operationally required audit links.",P0,REQUIRED,CRM-P1-BE-015;CRM-P1-BE-016;CRM-P1-CODE-008,,,,APPROVED,CRM Pass 1,2026-08-30
F008-VAL-001,F008,CRM-CAP-001,VAL,Server validation,"All create/update/transition commands MUST validate required fields, references, organization/company scope, lifecycle legality and normalized input server-side before persistence.",P0,REQUIRED,CRM-P1-BE-015;CRM-P1-BE-016;CRM-P1-CODE-008,,,,APPROVED,CRM Pass 1,2026-08-30
F008-VAL-002,F008,CRM-CAP-001,VAL,Actionable errors,Validation failures MUST return stable CRM error codes plus user-actionable messages without leaking restricted record existence or sensitive values.,P0,REQUIRED,CRM-P1-BE-015;CRM-P1-BE-016;CRM-P1-CODE-008,,,,APPROVED,CRM Pass 1,2026-08-30
F008-CALC-001,F008,CRM-CAP-001,CALC,Deterministic calculations,Similarity/confidence scores are advisory and versioned; exact-match rules remain deterministic and configurable.,P0,REQUIRED,CRM-P1-BE-015;CRM-P1-BE-016;CRM-P1-CODE-008,,,,APPROVED,CRM Pass 1,2026-08-30
F008-UX-001,F008,CRM-CAP-001,UX,Workspace,The primary Duplicate detection workspace MUST expose the next meaningful action above the fold and keep high-frequency context/actions within one consistent CRM shell.,P0,REQUIRED,CRM-P1-BE-015;CRM-P1-BE-016;CRM-P1-CODE-008,,,,APPROVED,CRM Pass 1,2026-08-30
F008-UX-002,F008,CRM-CAP-001,UX,States and feedback,"List/detail/create/edit surfaces MUST specify loading, empty, error, permission, stale/conflict and destructive-action states with immediate progress/confirmation feedback.",P0,REQUIRED,CRM-P1-BE-015;CRM-P1-BE-016;CRM-P1-CODE-008,,,,APPROVED,CRM Pass 1,2026-08-30
F008-UX-003,F008,CRM-CAP-001,UX,Responsive/accessibility,"Critical Duplicate detection actions MUST work on desktop, tablet and phone with full keyboard operation, visible focus, semantic labels, non-drag alternatives and no horizontal content loss except intentional boards/tables.",P0,REQUIRED,CRM-P1-BE-015;CRM-P1-BE-016;CRM-P1-CODE-008,,,,APPROVED,CRM Pass 1,2026-08-30
F008-SEC-001,F008,CRM-CAP-001,SEC,Authorization,"Every Duplicate detection query and command MUST enforce server-side organization, company/branch where applicable, team/owner/record scope and action permission before returning or mutating data.",P0,REQUIRED,CRM-P1-BE-015;CRM-P1-BE-016;CRM-P1-CODE-008,,,,APPROVED,CRM Pass 1,2026-08-30
F008-SEC-002,F008,CRM-CAP-001,SEC,Sensitive fields and negative tests,"Sensitive fields/content MUST support stricter field/content visibility than record visibility, and negative tests MUST prove unauthorized users cannot infer data via search counts, reports, timeline, exports, AI or errors.",P0,REQUIRED,CRM-P1-BE-015;CRM-P1-BE-016;CRM-P1-CODE-008,,,,APPROVED,CRM Pass 1,2026-08-30
F008-AUTO-001,F008,CRM-CAP-001,AUTO,Automation governance,"Approved automation may act on Duplicate detection only through normal domain commands with trigger provenance, recursion control, retry policy, audit and operator visibility.",P0,REQUIRED,CRM-P1-BE-015;CRM-P1-BE-016;CRM-P1-CODE-008,,,,APPROVED,CRM Pass 1,2026-08-30
F008-APP-001,F008,CRM-CAP-001,APP,Approval/override policy,"Ordinary low-risk Duplicate detection work does not require a universal approval; elevated overrides, destructive merges, high-impact bulk changes or configured thresholds MUST require the explicit permission/approval policy and reason.",P0,REQUIRED,CRM-P1-BE-015;CRM-P1-BE-016;CRM-P1-CODE-008,,,,APPROVED,CRM Pass 1,2026-08-30
F008-NOTIF-001,F008,CRM-CAP-001,NOTIF,Notification behavior,"Notifications for Duplicate detection MUST be event-driven, permission-safe, preference-aware, deduplicated on retry and include a durable deep link when the recipient remains authorized.",P0,REQUIRED,CRM-P1-BE-015;CRM-P1-BE-016;CRM-P1-CODE-008,,,,APPROVED,CRM Pass 1,2026-08-30
F008-REP-001,F008,CRM-CAP-001,REP,Reporting contract,"Reports/KPIs for Duplicate detection MUST define formula, dimensions, time basis, freshness, currency/units where applicable, permission-safe aggregation and drill-down reconciliation.",P0,REQUIRED,CRM-P1-BE-015;CRM-P1-BE-016;CRM-P1-CODE-008,,,,APPROVED,CRM Pass 1,2026-08-30
F008-AI-001,F008,CRM-CAP-001,AI,AI authority boundary,"AI class is `AI_RECOMMEND`. AI MAY assist/recommend/generate only within the caller's normal data permissions and MUST expose provenance, model/version, uncertainty/reasons where applicable and a deterministic/human fallback; it MUST NOT bypass normal mutation authority.",P0,REQUIRED,CRM-P1-BE-015;CRM-P1-BE-016;CRM-P1-CODE-008,,,,APPROVED,CRM Pass 1,2026-08-30
F008-INT-001,F008,CRM-CAP-001,INT,Module/external contract,Create/import/update paths call duplicate review without allowing bulk/import to bypass normal merge authorization.,P0,REQUIRED,CRM-P1-BE-015;CRM-P1-BE-016;CRM-P1-CODE-008,,,,APPROVED,CRM Pass 1,2026-08-30
F008-INT-002,F008,CRM-CAP-001,INT,Failure reconciliation,"Every external or cross-module effect for Duplicate detection MUST define idempotency, retry ownership, failure visibility, compensation/reversal where possible and an operator reconciliation path.",P0,REQUIRED,CRM-P1-BE-015;CRM-P1-BE-016;CRM-P1-CODE-008,,,,APPROVED,CRM Pass 1,2026-08-30
F008-API-001,F008,CRM-CAP-001,API,Command contract,"Mutating Duplicate detection APIs MUST have explicit request/response/error schemas, authorization, optimistic concurrency where records are editable, audit/correlation metadata and idempotency for non-repeatable commands.",P0,REQUIRED,CRM-P1-BE-015;CRM-P1-BE-016;CRM-P1-CODE-008,,,,APPROVED,CRM Pass 1,2026-08-30
F008-API-002,F008,CRM-CAP-001,API,Query contract,"Duplicate detection list/search/detail APIs MUST use bounded pagination, stable sorting/filter semantics, permission-safe counts and compatibility/versioning rules.",P0,REQUIRED,CRM-P1-BE-015;CRM-P1-BE-016;CRM-P1-CODE-008,,,,APPROVED,CRM Pass 1,2026-08-30
F008-PERF-001,F008,CRM-CAP-001,PERF,Performance envelope,"Normal Duplicate detection record reads SHOULD meet p95 <=400ms server response, filtered lists <=600ms and standard mutations <=750ms on representative datasets; large jobs MUST become asynchronous.",P1,REQUIRED,CRM-P1-BE-015;CRM-P1-BE-016;CRM-P1-CODE-008,,,,APPROVED,CRM Pass 1,2026-08-30
F008-OBS-001,F008,CRM-CAP-001,OBS,Observability,"The system MUST emit correlation IDs, structured non-PII logs, business/technical metrics and retry/dead-letter/reconciliation diagnostics sufficient to explain Duplicate detection failures without exposing sensitive content.",P0,REQUIRED,CRM-P1-BE-015;CRM-P1-BE-016;CRM-P1-CODE-008,,,,APPROVED,CRM Pass 1,2026-08-30
F008-E2E-001,F008,CRM-CAP-001,E2E,Happy/permission browser journey,Browser E2E MUST prove an authorized user can review duplicate candidates side-by-side and merge or dismiss with complete survivorship history and an unauthorized user cannot perform or infer the same action/data.,P0,REQUIRED,CRM-P1-BE-015;CRM-P1-BE-016;CRM-P1-CODE-008,,,,APPROVED,CRM Pass 1,2026-08-30
F008-E2E-002,F008,CRM-CAP-001,E2E,Conflict/failure browser journey,"Browser/API E2E MUST prove stale-write/conflict or retryable failure behavior for Duplicate detection is visible, recoverable and does not duplicate business effects.",P0,REQUIRED,CRM-P1-BE-015;CRM-P1-BE-016;CRM-P1-CODE-008,,,,APPROVED,CRM Pass 1,2026-08-30
F008-UAT-001,F008,CRM-CAP-001,UAT,Front-line UAT,"Human UAT MUST have a front-line persona execute the primary Duplicate detection job on desktop and a high-frequency mobile/tablet path, capturing visible result and audit evidence.",P0,REQUIRED,CRM-P1-BE-015;CRM-P1-BE-016;CRM-P1-CODE-008,,,,APPROVED,CRM Pass 1,2026-08-30
F008-UAT-002,F008,CRM-CAP-001,UAT,Manager/exception UAT,Human UAT MUST have a manager/operations persona exercise one permission/exception/override or reconciliation case and confirm reporting/history reflect the outcome.,P0,REQUIRED,CRM-P1-BE-015;CRM-P1-BE-016;CRM-P1-CODE-008,,,,APPROVED,CRM Pass 1,2026-08-30
F009-CAP-001,F009,CRM-CAP-003,CAP,Core operator outcome,The Opportunities capability MUST let authorized REP; MGR; EXEC users work a deal 360 from open pursuit through governed win/loss while keeping commercial context consistent.,P0,REQUIRED,CRM-P1-BE-017;CRM-P1-BE-018;CRM-P1-CODE-009,,,,APPROVED,CRM Pass 1,2026-08-30
F009-CAP-002,F009,CRM-CAP-003,CAP,Enterprise completeness,"The capability MUST include the reviewed enterprise expectations for stakeholders, products, deal team, risks, close plan, currency, reopen semantics and CRM-versus-Sales ownership and MUST NOT treat the short canonical label as the full scope.",P0,REQUIRED,CRM-P1-BE-017;CRM-P1-BE-018;CRM-P1-CODE-009,,,,APPROVED,CRM Pass 1,2026-08-30
F009-CAP-003,F009,CRM-CAP-003,CAP,Boundary ownership,F023 hands opportunity context to Sales quotation creation via public contract/orchestration.,P0,REQUIRED,CRM-P1-BE-017;CRM-P1-BE-018;CRM-P1-CODE-009,,,,APPROVED,CRM Pass 1,2026-08-30
F009-FR-001,F009,CRM-CAP-003,FR,Primary workflow,"The system MUST provide a complete server-backed workflow to work a deal 360 from open pursuit through governed win/loss while keeping commercial context consistent, including success, empty, validation, permission and conflict states.",P0,REQUIRED,CRM-P1-BE-017;CRM-P1-BE-018;CRM-P1-CODE-009,,,,APPROVED,CRM Pass 1,2026-08-30
F009-FR-002,F009,CRM-CAP-003,FR,History and recoverability,"Every material Opportunities mutation MUST leave durable history sufficient to explain actor, time, previous state, new state and reason where applicable.",P0,REQUIRED,CRM-P1-BE-017;CRM-P1-BE-018;CRM-P1-CODE-009,,,,APPROVED,CRM Pass 1,2026-08-30
F009-FR-003,F009,CRM-CAP-003,FR,Enterprise volume,"The feature MUST remain usable for individual work and enterprise list/bulk volumes using pagination, virtualization or asynchronous jobs when thresholds are crossed.",P0,REQUIRED,CRM-P1-BE-017;CRM-P1-BE-018;CRM-P1-CODE-009,,,,APPROVED,CRM Pass 1,2026-08-30
F009-US-001,F009,CRM-CAP-003,US,Front-line job,"As an authorized front-line user, I can work a deal 360 from open pursuit through governed win/loss while keeping commercial context consistent without navigating to raw technical resources or losing related-record context.",P0,REQUIRED,CRM-P1-BE-017;CRM-P1-BE-018;CRM-P1-CODE-009,,,,APPROVED,CRM Pass 1,2026-08-30
F009-US-002,F009,CRM-CAP-003,US,Manager/operations job,"As a manager or operations user, I can inspect, govern and audit Opportunities behavior across my permitted team/company scope.",P0,REQUIRED,CRM-P1-BE-017;CRM-P1-BE-018;CRM-P1-CODE-009,,,,APPROVED,CRM Pass 1,2026-08-30
F009-FLOW-001,F009,CRM-CAP-003,FLOW,Primary and alternate flow,The primary flow MUST follow the governed lifecycle `OPEN -> WON | LOST with controlled reopen preserving prior close events` and expose alternate/cancel paths where the lifecycle permits them.,P0,REQUIRED,CRM-P1-BE-017;CRM-P1-BE-018;CRM-P1-CODE-009,,,,APPROVED,CRM Pass 1,2026-08-30
F009-FLOW-002,F009,CRM-CAP-003,FLOW,Failure and retry flow,"Validation failures, authorization denials, concurrency conflicts and retryable integration failures MUST be visible, actionable and safe to retry without duplicate business effects.",P0,REQUIRED,CRM-P1-BE-017;CRM-P1-BE-018;CRM-P1-CODE-009,,,,APPROVED,CRM Pass 1,2026-08-30
F009-BR-001,F009,CRM-CAP-003,BR,Authoritative ownership,"The owning CRM domain command/service is authoritative for Opportunities; UI, import, bulk, automation and AI paths MUST reuse the same business rules.",P0,REQUIRED,CRM-P1-BE-017;CRM-P1-BE-018;CRM-P1-CODE-009,,,,APPROVED,CRM Pass 1,2026-08-30
F009-BR-002,F009,CRM-CAP-003,BR,Historical truth,"Configuration or later edits MUST NOT rewrite historical Opportunities events needed for audit, reporting or reproducibility.",P0,REQUIRED,CRM-P1-BE-017;CRM-P1-BE-018;CRM-P1-CODE-009,,,,APPROVED,CRM Pass 1,2026-08-30
F009-DATA-001,F009,CRM-CAP-003,DATA,Entity model,"The authoritative data model MUST explicitly govern crm_opportunities; crm_opportunity_items; crm_opportunity_team_members; crm_opportunity_stage_history; crm_opportunity_probability_history; business_parties; contacts with organization identifiers, stable keys, lifecycle timestamps and indexes appropriate to access patterns.",P0,REQUIRED,CRM-P1-BE-017;CRM-P1-BE-018;CRM-P1-CODE-009,,,,APPROVED,CRM Pass 1,2026-08-30
F009-DATA-002,F009,CRM-CAP-003,DATA,Lineage and retention,"System-derived and externally sourced values MUST retain provenance/lineage, and retention/deletion behavior MUST preserve legally or operationally required audit links.",P0,REQUIRED,CRM-P1-BE-017;CRM-P1-BE-018;CRM-P1-CODE-009,,,,APPROVED,CRM Pass 1,2026-08-30
F009-VAL-001,F009,CRM-CAP-003,VAL,Server validation,"All create/update/transition commands MUST validate required fields, references, organization/company scope, lifecycle legality and normalized input server-side before persistence.",P0,REQUIRED,CRM-P1-BE-017;CRM-P1-BE-018;CRM-P1-CODE-009,,,,APPROVED,CRM Pass 1,2026-08-30
F009-VAL-002,F009,CRM-CAP-003,VAL,Actionable errors,Validation failures MUST return stable CRM error codes plus user-actionable messages without leaking restricted record existence or sensitive values.,P0,REQUIRED,CRM-P1-BE-017;CRM-P1-BE-018;CRM-P1-CODE-009,,,,APPROVED,CRM Pass 1,2026-08-30
F009-CALC-001,F009,CRM-CAP-003,CALC,Deterministic calculations,Amounts use fixed-precision currency semantics; derived age and activity recency do not overwrite source commercial values.,P0,REQUIRED,CRM-P1-BE-017;CRM-P1-BE-018;CRM-P1-CODE-009,,,,APPROVED,CRM Pass 1,2026-08-30
F009-UX-001,F009,CRM-CAP-003,UX,Workspace,The primary Opportunities workspace MUST expose the next meaningful action above the fold and keep high-frequency context/actions within one consistent CRM shell.,P0,REQUIRED,CRM-P1-BE-017;CRM-P1-BE-018;CRM-P1-CODE-009,,,,APPROVED,CRM Pass 1,2026-08-30
F009-UX-002,F009,CRM-CAP-003,UX,States and feedback,"List/detail/create/edit surfaces MUST specify loading, empty, error, permission, stale/conflict and destructive-action states with immediate progress/confirmation feedback.",P0,REQUIRED,CRM-P1-BE-017;CRM-P1-BE-018;CRM-P1-CODE-009,,,,APPROVED,CRM Pass 1,2026-08-30
F009-UX-003,F009,CRM-CAP-003,UX,Responsive/accessibility,"Critical Opportunities actions MUST work on desktop, tablet and phone with full keyboard operation, visible focus, semantic labels, non-drag alternatives and no horizontal content loss except intentional boards/tables.",P0,REQUIRED,CRM-P1-BE-017;CRM-P1-BE-018;CRM-P1-CODE-009,,,,APPROVED,CRM Pass 1,2026-08-30
F009-SEC-001,F009,CRM-CAP-003,SEC,Authorization,"Every Opportunities query and command MUST enforce server-side organization, company/branch where applicable, team/owner/record scope and action permission before returning or mutating data.",P0,REQUIRED,CRM-P1-BE-017;CRM-P1-BE-018;CRM-P1-CODE-009,,,,APPROVED,CRM Pass 1,2026-08-30
F009-SEC-002,F009,CRM-CAP-003,SEC,Sensitive fields and negative tests,"Sensitive fields/content MUST support stricter field/content visibility than record visibility, and negative tests MUST prove unauthorized users cannot infer data via search counts, reports, timeline, exports, AI or errors.",P0,REQUIRED,CRM-P1-BE-017;CRM-P1-BE-018;CRM-P1-CODE-009,,,,APPROVED,CRM Pass 1,2026-08-30
F009-AUTO-001,F009,CRM-CAP-003,AUTO,Automation governance,"Approved automation may act on Opportunities only through normal domain commands with trigger provenance, recursion control, retry policy, audit and operator visibility.",P0,REQUIRED,CRM-P1-BE-017;CRM-P1-BE-018;CRM-P1-CODE-009,,,,APPROVED,CRM Pass 1,2026-08-30
F009-APP-001,F009,CRM-CAP-003,APP,Approval/override policy,"Ordinary low-risk Opportunities work does not require a universal approval; elevated overrides, destructive merges, high-impact bulk changes or configured thresholds MUST require the explicit permission/approval policy and reason.",P0,REQUIRED,CRM-P1-BE-017;CRM-P1-BE-018;CRM-P1-CODE-009,,,,APPROVED,CRM Pass 1,2026-08-30
F009-NOTIF-001,F009,CRM-CAP-003,NOTIF,Notification behavior,"Notifications for Opportunities MUST be event-driven, permission-safe, preference-aware, deduplicated on retry and include a durable deep link when the recipient remains authorized.",P0,REQUIRED,CRM-P1-BE-017;CRM-P1-BE-018;CRM-P1-CODE-009,,,,APPROVED,CRM Pass 1,2026-08-30
F009-REP-001,F009,CRM-CAP-003,REP,Reporting contract,"Reports/KPIs for Opportunities MUST define formula, dimensions, time basis, freshness, currency/units where applicable, permission-safe aggregation and drill-down reconciliation.",P0,REQUIRED,CRM-P1-BE-017;CRM-P1-BE-018;CRM-P1-CODE-009,,,,APPROVED,CRM Pass 1,2026-08-30
F009-AI-001,F009,CRM-CAP-003,AI,AI authority boundary,"AI class is `AI_RECOMMEND`. AI MAY assist/recommend/generate only within the caller's normal data permissions and MUST expose provenance, model/version, uncertainty/reasons where applicable and a deterministic/human fallback; it MUST NOT bypass normal mutation authority.",P0,REQUIRED,CRM-P1-BE-017;CRM-P1-BE-018;CRM-P1-CODE-009,,,,APPROVED,CRM Pass 1,2026-08-30
F009-INT-001,F009,CRM-CAP-003,INT,Module/external contract,F023 hands opportunity context to Sales quotation creation via public contract/orchestration.,P0,REQUIRED,CRM-P1-BE-017;CRM-P1-BE-018;CRM-P1-CODE-009,,,,APPROVED,CRM Pass 1,2026-08-30
F009-INT-002,F009,CRM-CAP-003,INT,Failure reconciliation,"Every external or cross-module effect for Opportunities MUST define idempotency, retry ownership, failure visibility, compensation/reversal where possible and an operator reconciliation path.",P0,REQUIRED,CRM-P1-BE-017;CRM-P1-BE-018;CRM-P1-CODE-009,,,,APPROVED,CRM Pass 1,2026-08-30
F009-API-001,F009,CRM-CAP-003,API,Command contract,"Mutating Opportunities APIs MUST have explicit request/response/error schemas, authorization, optimistic concurrency where records are editable, audit/correlation metadata and idempotency for non-repeatable commands.",P0,REQUIRED,CRM-P1-BE-017;CRM-P1-BE-018;CRM-P1-CODE-009,,,,APPROVED,CRM Pass 1,2026-08-30
F009-API-002,F009,CRM-CAP-003,API,Query contract,"Opportunities list/search/detail APIs MUST use bounded pagination, stable sorting/filter semantics, permission-safe counts and compatibility/versioning rules.",P0,REQUIRED,CRM-P1-BE-017;CRM-P1-BE-018;CRM-P1-CODE-009,,,,APPROVED,CRM Pass 1,2026-08-30
F009-PERF-001,F009,CRM-CAP-003,PERF,Performance envelope,"Normal Opportunities record reads SHOULD meet p95 <=400ms server response, filtered lists <=600ms and standard mutations <=750ms on representative datasets; large jobs MUST become asynchronous.",P1,REQUIRED,CRM-P1-BE-017;CRM-P1-BE-018;CRM-P1-CODE-009,,,,APPROVED,CRM Pass 1,2026-08-30
F009-OBS-001,F009,CRM-CAP-003,OBS,Observability,"The system MUST emit correlation IDs, structured non-PII logs, business/technical metrics and retry/dead-letter/reconciliation diagnostics sufficient to explain Opportunities failures without exposing sensitive content.",P0,REQUIRED,CRM-P1-BE-017;CRM-P1-BE-018;CRM-P1-CODE-009,,,,APPROVED,CRM Pass 1,2026-08-30
F009-E2E-001,F009,CRM-CAP-003,E2E,Happy/permission browser journey,Browser E2E MUST prove an authorized user can work a deal 360 from open pursuit through governed win/loss while keeping commercial context consistent and an unauthorized user cannot perform or infer the same action/data.,P0,REQUIRED,CRM-P1-BE-017;CRM-P1-BE-018;CRM-P1-CODE-009,,,,APPROVED,CRM Pass 1,2026-08-30
F009-E2E-002,F009,CRM-CAP-003,E2E,Conflict/failure browser journey,"Browser/API E2E MUST prove stale-write/conflict or retryable failure behavior for Opportunities is visible, recoverable and does not duplicate business effects.",P0,REQUIRED,CRM-P1-BE-017;CRM-P1-BE-018;CRM-P1-CODE-009,,,,APPROVED,CRM Pass 1,2026-08-30
F009-UAT-001,F009,CRM-CAP-003,UAT,Front-line UAT,"Human UAT MUST have a front-line persona execute the primary Opportunities job on desktop and a high-frequency mobile/tablet path, capturing visible result and audit evidence.",P0,REQUIRED,CRM-P1-BE-017;CRM-P1-BE-018;CRM-P1-CODE-009,,,,APPROVED,CRM Pass 1,2026-08-30
F009-UAT-002,F009,CRM-CAP-003,UAT,Manager/exception UAT,Human UAT MUST have a manager/operations persona exercise one permission/exception/override or reconciliation case and confirm reporting/history reflect the outcome.,P0,REQUIRED,CRM-P1-BE-017;CRM-P1-BE-018;CRM-P1-CODE-009,,,,APPROVED,CRM Pass 1,2026-08-30
F010-CAP-001,F010,CRM-CAP-003,CAP,Core operator outcome,The Opportunity pipeline capability MUST let authorized REP; MGR; EXEC users scan pipeline health and move an opportunity through a legal stage with keyboard/touch parity.,P0,REQUIRED,CRM-P1-BE-019;CRM-P1-BE-020;CRM-P1-CODE-010,,,,APPROVED,CRM Pass 1,2026-08-30
F010-CAP-002,F010,CRM-CAP-003,CAP,Enterprise completeness,"The capability MUST include the reviewed enterprise expectations for multiple pipelines, stale-deal flags, stage aging, historical snapshots, manager inspection and non-drag accessibility and MUST NOT treat the short canonical label as the full scope.",P0,REQUIRED,CRM-P1-BE-019;CRM-P1-BE-020;CRM-P1-CODE-010,,,,APPROVED,CRM Pass 1,2026-08-30
F010-CAP-003,F010,CRM-CAP-003,CAP,Boundary ownership,Pipeline stage movement invokes the opportunity stage command; no board-specific direct database mutation is permitted.,P0,REQUIRED,CRM-P1-BE-019;CRM-P1-BE-020;CRM-P1-CODE-010,,,,APPROVED,CRM Pass 1,2026-08-30
F010-FR-001,F010,CRM-CAP-003,FR,Primary workflow,"The system MUST provide a complete server-backed workflow to scan pipeline health and move an opportunity through a legal stage with keyboard/touch parity, including success, empty, validation, permission and conflict states.",P0,REQUIRED,CRM-P1-BE-019;CRM-P1-BE-020;CRM-P1-CODE-010,,,,APPROVED,CRM Pass 1,2026-08-30
F010-FR-002,F010,CRM-CAP-003,FR,History and recoverability,"Every material Opportunity pipeline mutation MUST leave durable history sufficient to explain actor, time, previous state, new state and reason where applicable.",P0,REQUIRED,CRM-P1-BE-019;CRM-P1-BE-020;CRM-P1-CODE-010,,,,APPROVED,CRM Pass 1,2026-08-30
F010-FR-003,F010,CRM-CAP-003,FR,Enterprise volume,"The feature MUST remain usable for individual work and enterprise list/bulk volumes using pagination, virtualization or asynchronous jobs when thresholds are crossed.",P0,REQUIRED,CRM-P1-BE-019;CRM-P1-BE-020;CRM-P1-CODE-010,,,,APPROVED,CRM Pass 1,2026-08-30
F010-US-001,F010,CRM-CAP-003,US,Front-line job,"As an authorized front-line user, I can scan pipeline health and move an opportunity through a legal stage with keyboard/touch parity without navigating to raw technical resources or losing related-record context.",P0,REQUIRED,CRM-P1-BE-019;CRM-P1-BE-020;CRM-P1-CODE-010,,,,APPROVED,CRM Pass 1,2026-08-30
F010-US-002,F010,CRM-CAP-003,US,Manager/operations job,"As a manager or operations user, I can inspect, govern and audit Opportunity pipeline behavior across my permitted team/company scope.",P0,REQUIRED,CRM-P1-BE-019;CRM-P1-BE-020;CRM-P1-CODE-010,,,,APPROVED,CRM Pass 1,2026-08-30
F010-FLOW-001,F010,CRM-CAP-003,FLOW,Primary and alternate flow,The primary flow MUST follow the governed lifecycle `Inherits F009 opportunity state and F012 stage transition graph` and expose alternate/cancel paths where the lifecycle permits them.,P0,REQUIRED,CRM-P1-BE-019;CRM-P1-BE-020;CRM-P1-CODE-010,,,,APPROVED,CRM Pass 1,2026-08-30
F010-FLOW-002,F010,CRM-CAP-003,FLOW,Failure and retry flow,"Validation failures, authorization denials, concurrency conflicts and retryable integration failures MUST be visible, actionable and safe to retry without duplicate business effects.",P0,REQUIRED,CRM-P1-BE-019;CRM-P1-BE-020;CRM-P1-CODE-010,,,,APPROVED,CRM Pass 1,2026-08-30
F010-BR-001,F010,CRM-CAP-003,BR,Authoritative ownership,"The owning CRM domain command/service is authoritative for Opportunity pipeline; UI, import, bulk, automation and AI paths MUST reuse the same business rules.",P0,REQUIRED,CRM-P1-BE-019;CRM-P1-BE-020;CRM-P1-CODE-010,,,,APPROVED,CRM Pass 1,2026-08-30
F010-BR-002,F010,CRM-CAP-003,BR,Historical truth,"Configuration or later edits MUST NOT rewrite historical Opportunity pipeline events needed for audit, reporting or reproducibility.",P0,REQUIRED,CRM-P1-BE-019;CRM-P1-BE-020;CRM-P1-CODE-010,,,,APPROVED,CRM Pass 1,2026-08-30
F010-DATA-001,F010,CRM-CAP-003,DATA,Entity model,"The authoritative data model MUST explicitly govern crm_pipelines; crm_pipeline_stages; crm_opportunities; crm_opportunity_stage_history with organization identifiers, stable keys, lifecycle timestamps and indexes appropriate to access patterns.",P0,REQUIRED,CRM-P1-BE-019;CRM-P1-BE-020;CRM-P1-CODE-010,,,,APPROVED,CRM Pass 1,2026-08-30
F010-DATA-002,F010,CRM-CAP-003,DATA,Lineage and retention,"System-derived and externally sourced values MUST retain provenance/lineage, and retention/deletion behavior MUST preserve legally or operationally required audit links.",P0,REQUIRED,CRM-P1-BE-019;CRM-P1-BE-020;CRM-P1-CODE-010,,,,APPROVED,CRM Pass 1,2026-08-30
F010-VAL-001,F010,CRM-CAP-003,VAL,Server validation,"All create/update/transition commands MUST validate required fields, references, organization/company scope, lifecycle legality and normalized input server-side before persistence.",P0,REQUIRED,CRM-P1-BE-019;CRM-P1-BE-020;CRM-P1-CODE-010,,,,APPROVED,CRM Pass 1,2026-08-30
F010-VAL-002,F010,CRM-CAP-003,VAL,Actionable errors,Validation failures MUST return stable CRM error codes plus user-actionable messages without leaking restricted record existence or sensitive values.,P0,REQUIRED,CRM-P1-BE-019;CRM-P1-BE-020;CRM-P1-CODE-010,,,,APPROVED,CRM Pass 1,2026-08-30
F010-CALC-001,F010,CRM-CAP-003,CALC,Deterministic calculations,"Stage totals, weighted values and velocity use permission-safe source sets and documented formulas.",P0,REQUIRED,CRM-P1-BE-019;CRM-P1-BE-020;CRM-P1-CODE-010,,,,APPROVED,CRM Pass 1,2026-08-30
F010-UX-001,F010,CRM-CAP-003,UX,Workspace,The primary Opportunity pipeline workspace MUST expose the next meaningful action above the fold and keep high-frequency context/actions within one consistent CRM shell.,P0,REQUIRED,CRM-P1-BE-019;CRM-P1-BE-020;CRM-P1-CODE-010,,,,APPROVED,CRM Pass 1,2026-08-30
F010-UX-002,F010,CRM-CAP-003,UX,States and feedback,"List/detail/create/edit surfaces MUST specify loading, empty, error, permission, stale/conflict and destructive-action states with immediate progress/confirmation feedback.",P0,REQUIRED,CRM-P1-BE-019;CRM-P1-BE-020;CRM-P1-CODE-010,,,,APPROVED,CRM Pass 1,2026-08-30
F010-UX-003,F010,CRM-CAP-003,UX,Responsive/accessibility,"Critical Opportunity pipeline actions MUST work on desktop, tablet and phone with full keyboard operation, visible focus, semantic labels, non-drag alternatives and no horizontal content loss except intentional boards/tables.",P0,REQUIRED,CRM-P1-BE-019;CRM-P1-BE-020;CRM-P1-CODE-010,,,,APPROVED,CRM Pass 1,2026-08-30
F010-SEC-001,F010,CRM-CAP-003,SEC,Authorization,"Every Opportunity pipeline query and command MUST enforce server-side organization, company/branch where applicable, team/owner/record scope and action permission before returning or mutating data.",P0,REQUIRED,CRM-P1-BE-019;CRM-P1-BE-020;CRM-P1-CODE-010,,,,APPROVED,CRM Pass 1,2026-08-30
F010-SEC-002,F010,CRM-CAP-003,SEC,Sensitive fields and negative tests,"Sensitive fields/content MUST support stricter field/content visibility than record visibility, and negative tests MUST prove unauthorized users cannot infer data via search counts, reports, timeline, exports, AI or errors.",P0,REQUIRED,CRM-P1-BE-019;CRM-P1-BE-020;CRM-P1-CODE-010,,,,APPROVED,CRM Pass 1,2026-08-30
F010-AUTO-001,F010,CRM-CAP-003,AUTO,Automation governance,"Approved automation may act on Opportunity pipeline only through normal domain commands with trigger provenance, recursion control, retry policy, audit and operator visibility.",P0,REQUIRED,CRM-P1-BE-019;CRM-P1-BE-020;CRM-P1-CODE-010,,,,APPROVED,CRM Pass 1,2026-08-30
F010-APP-001,F010,CRM-CAP-003,APP,Approval/override policy,"Ordinary low-risk Opportunity pipeline work does not require a universal approval; elevated overrides, destructive merges, high-impact bulk changes or configured thresholds MUST require the explicit permission/approval policy and reason.",P0,REQUIRED,CRM-P1-BE-019;CRM-P1-BE-020;CRM-P1-CODE-010,,,,APPROVED,CRM Pass 1,2026-08-30
F010-NOTIF-001,F010,CRM-CAP-003,NOTIF,Notification behavior,"Notifications for Opportunity pipeline MUST be event-driven, permission-safe, preference-aware, deduplicated on retry and include a durable deep link when the recipient remains authorized.",P0,REQUIRED,CRM-P1-BE-019;CRM-P1-BE-020;CRM-P1-CODE-010,,,,APPROVED,CRM Pass 1,2026-08-30
F010-REP-001,F010,CRM-CAP-003,REP,Reporting contract,"Reports/KPIs for Opportunity pipeline MUST define formula, dimensions, time basis, freshness, currency/units where applicable, permission-safe aggregation and drill-down reconciliation.",P0,REQUIRED,CRM-P1-BE-019;CRM-P1-BE-020;CRM-P1-CODE-010,,,,APPROVED,CRM Pass 1,2026-08-30
F010-AI-001,F010,CRM-CAP-003,AI,AI authority boundary,"AI class is `AI_RECOMMEND`. AI MAY assist/recommend/generate only within the caller's normal data permissions and MUST expose provenance, model/version, uncertainty/reasons where applicable and a deterministic/human fallback; it MUST NOT bypass normal mutation authority.",P0,REQUIRED,CRM-P1-BE-019;CRM-P1-BE-020;CRM-P1-CODE-010,,,,APPROVED,CRM Pass 1,2026-08-30
F010-INT-001,F010,CRM-CAP-003,INT,Module/external contract,Pipeline stage movement invokes the opportunity stage command; no board-specific direct database mutation is permitted.,P0,REQUIRED,CRM-P1-BE-019;CRM-P1-BE-020;CRM-P1-CODE-010,,,,APPROVED,CRM Pass 1,2026-08-30
F010-INT-002,F010,CRM-CAP-003,INT,Failure reconciliation,"Every external or cross-module effect for Opportunity pipeline MUST define idempotency, retry ownership, failure visibility, compensation/reversal where possible and an operator reconciliation path.",P0,REQUIRED,CRM-P1-BE-019;CRM-P1-BE-020;CRM-P1-CODE-010,,,,APPROVED,CRM Pass 1,2026-08-30
F010-API-001,F010,CRM-CAP-003,API,Command contract,"Mutating Opportunity pipeline APIs MUST have explicit request/response/error schemas, authorization, optimistic concurrency where records are editable, audit/correlation metadata and idempotency for non-repeatable commands.",P0,REQUIRED,CRM-P1-BE-019;CRM-P1-BE-020;CRM-P1-CODE-010,,,,APPROVED,CRM Pass 1,2026-08-30
F010-API-002,F010,CRM-CAP-003,API,Query contract,"Opportunity pipeline list/search/detail APIs MUST use bounded pagination, stable sorting/filter semantics, permission-safe counts and compatibility/versioning rules.",P0,REQUIRED,CRM-P1-BE-019;CRM-P1-BE-020;CRM-P1-CODE-010,,,,APPROVED,CRM Pass 1,2026-08-30
F010-PERF-001,F010,CRM-CAP-003,PERF,Performance envelope,"Normal Opportunity pipeline record reads SHOULD meet p95 <=400ms server response, filtered lists <=600ms and standard mutations <=750ms on representative datasets; large jobs MUST become asynchronous.",P1,REQUIRED,CRM-P1-BE-019;CRM-P1-BE-020;CRM-P1-CODE-010,,,,APPROVED,CRM Pass 1,2026-08-30
F010-OBS-001,F010,CRM-CAP-003,OBS,Observability,"The system MUST emit correlation IDs, structured non-PII logs, business/technical metrics and retry/dead-letter/reconciliation diagnostics sufficient to explain Opportunity pipeline failures without exposing sensitive content.",P0,REQUIRED,CRM-P1-BE-019;CRM-P1-BE-020;CRM-P1-CODE-010,,,,APPROVED,CRM Pass 1,2026-08-30
F010-E2E-001,F010,CRM-CAP-003,E2E,Happy/permission browser journey,Browser E2E MUST prove an authorized user can scan pipeline health and move an opportunity through a legal stage with keyboard/touch parity and an unauthorized user cannot perform or infer the same action/data.,P0,REQUIRED,CRM-P1-BE-019;CRM-P1-BE-020;CRM-P1-CODE-010,,,,APPROVED,CRM Pass 1,2026-08-30
F010-E2E-002,F010,CRM-CAP-003,E2E,Conflict/failure browser journey,"Browser/API E2E MUST prove stale-write/conflict or retryable failure behavior for Opportunity pipeline is visible, recoverable and does not duplicate business effects.",P0,REQUIRED,CRM-P1-BE-019;CRM-P1-BE-020;CRM-P1-CODE-010,,,,APPROVED,CRM Pass 1,2026-08-30
F010-UAT-001,F010,CRM-CAP-003,UAT,Front-line UAT,"Human UAT MUST have a front-line persona execute the primary Opportunity pipeline job on desktop and a high-frequency mobile/tablet path, capturing visible result and audit evidence.",P0,REQUIRED,CRM-P1-BE-019;CRM-P1-BE-020;CRM-P1-CODE-010,,,,APPROVED,CRM Pass 1,2026-08-30
F010-UAT-002,F010,CRM-CAP-003,UAT,Manager/exception UAT,Human UAT MUST have a manager/operations persona exercise one permission/exception/override or reconciliation case and confirm reporting/history reflect the outcome.,P0,REQUIRED,CRM-P1-BE-019;CRM-P1-BE-020;CRM-P1-CODE-010,,,,APPROVED,CRM Pass 1,2026-08-30
F011-CAP-001,F011,CRM-CAP-003,CAP,Core operator outcome,"The Probability and expected revenue capability MUST let authorized REP; MGR; EXEC users set or review probability, understand its source and see deterministic expected revenue.",P0,REQUIRED,CRM-P1-BE-021;CRM-P1-BE-022;CRM-P1-CODE-011,,,,APPROVED,CRM Pass 1,2026-08-30
F011-CAP-002,F011,CRM-CAP-003,CAP,Enterprise completeness,"The capability MUST include the reviewed enterprise expectations for probability source, history, overrides, fixed-precision money, terminal-state rules, explainable predictive model and drift and MUST NOT treat the short canonical label as the full scope.",P0,REQUIRED,CRM-P1-BE-021;CRM-P1-BE-022;CRM-P1-CODE-011,,,,APPROVED,CRM Pass 1,2026-08-30
F011-CAP-003,F011,CRM-CAP-003,CAP,Boundary ownership,F025 forecast may consume authoritative and predictive values under explicit category rules but never rewrites opportunity truth.,P0,REQUIRED,CRM-P1-BE-021;CRM-P1-BE-022;CRM-P1-CODE-011,,,,APPROVED,CRM Pass 1,2026-08-30
F011-FR-001,F011,CRM-CAP-003,FR,Primary workflow,"The system MUST provide a complete server-backed workflow to set or review probability, understand its source and see deterministic expected revenue, including success, empty, validation, permission and conflict states.",P0,REQUIRED,CRM-P1-BE-021;CRM-P1-BE-022;CRM-P1-CODE-011,,,,APPROVED,CRM Pass 1,2026-08-30
F011-FR-002,F011,CRM-CAP-003,FR,History and recoverability,"Every material Probability and expected revenue mutation MUST leave durable history sufficient to explain actor, time, previous state, new state and reason where applicable.",P0,REQUIRED,CRM-P1-BE-021;CRM-P1-BE-022;CRM-P1-CODE-011,,,,APPROVED,CRM Pass 1,2026-08-30
F011-FR-003,F011,CRM-CAP-003,FR,Enterprise volume,"The feature MUST remain usable for individual work and enterprise list/bulk volumes using pagination, virtualization or asynchronous jobs when thresholds are crossed.",P0,REQUIRED,CRM-P1-BE-021;CRM-P1-BE-022;CRM-P1-CODE-011,,,,APPROVED,CRM Pass 1,2026-08-30
F011-US-001,F011,CRM-CAP-003,US,Front-line job,"As an authorized front-line user, I can set or review probability, understand its source and see deterministic expected revenue without navigating to raw technical resources or losing related-record context.",P0,REQUIRED,CRM-P1-BE-021;CRM-P1-BE-022;CRM-P1-CODE-011,,,,APPROVED,CRM Pass 1,2026-08-30
F011-US-002,F011,CRM-CAP-003,US,Manager/operations job,"As a manager or operations user, I can inspect, govern and audit Probability and expected revenue behavior across my permitted team/company scope.",P0,REQUIRED,CRM-P1-BE-021;CRM-P1-BE-022;CRM-P1-CODE-011,,,,APPROVED,CRM Pass 1,2026-08-30
F011-FLOW-001,F011,CRM-CAP-003,FLOW,Primary and alternate flow,The primary flow MUST follow the governed lifecycle `Versioned probability events attached to an opportunity; WON forces 100 and LOST forces 0` and expose alternate/cancel paths where the lifecycle permits them.,P0,REQUIRED,CRM-P1-BE-021;CRM-P1-BE-022;CRM-P1-CODE-011,,,,APPROVED,CRM Pass 1,2026-08-30
F011-FLOW-002,F011,CRM-CAP-003,FLOW,Failure and retry flow,"Validation failures, authorization denials, concurrency conflicts and retryable integration failures MUST be visible, actionable and safe to retry without duplicate business effects.",P0,REQUIRED,CRM-P1-BE-021;CRM-P1-BE-022;CRM-P1-CODE-011,,,,APPROVED,CRM Pass 1,2026-08-30
F011-BR-001,F011,CRM-CAP-003,BR,Authoritative ownership,"The owning CRM domain command/service is authoritative for Probability and expected revenue; UI, import, bulk, automation and AI paths MUST reuse the same business rules.",P0,REQUIRED,CRM-P1-BE-021;CRM-P1-BE-022;CRM-P1-CODE-011,,,,APPROVED,CRM Pass 1,2026-08-30
F011-BR-002,F011,CRM-CAP-003,BR,Historical truth,"Configuration or later edits MUST NOT rewrite historical Probability and expected revenue events needed for audit, reporting or reproducibility.",P0,REQUIRED,CRM-P1-BE-021;CRM-P1-BE-022;CRM-P1-CODE-011,,,,APPROVED,CRM Pass 1,2026-08-30
F011-DATA-001,F011,CRM-CAP-003,DATA,Entity model,"The authoritative data model MUST explicitly govern crm_opportunity_probability_history; crm_opportunities; crm_predictive_forecast_snapshots with organization identifiers, stable keys, lifecycle timestamps and indexes appropriate to access patterns.",P0,REQUIRED,CRM-P1-BE-021;CRM-P1-BE-022;CRM-P1-CODE-011,,,,APPROVED,CRM Pass 1,2026-08-30
F011-DATA-002,F011,CRM-CAP-003,DATA,Lineage and retention,"System-derived and externally sourced values MUST retain provenance/lineage, and retention/deletion behavior MUST preserve legally or operationally required audit links.",P0,REQUIRED,CRM-P1-BE-021;CRM-P1-BE-022;CRM-P1-CODE-011,,,,APPROVED,CRM Pass 1,2026-08-30
F011-VAL-001,F011,CRM-CAP-003,VAL,Server validation,"All create/update/transition commands MUST validate required fields, references, organization/company scope, lifecycle legality and normalized input server-side before persistence.",P0,REQUIRED,CRM-P1-BE-021;CRM-P1-BE-022;CRM-P1-CODE-011,,,,APPROVED,CRM Pass 1,2026-08-30
F011-VAL-002,F011,CRM-CAP-003,VAL,Actionable errors,Validation failures MUST return stable CRM error codes plus user-actionable messages without leaking restricted record existence or sensitive values.,P0,REQUIRED,CRM-P1-BE-021;CRM-P1-BE-022;CRM-P1-CODE-011,,,,APPROVED,CRM Pass 1,2026-08-30
F011-CALC-001,F011,CRM-CAP-003,CALC,Deterministic calculations,Expected revenue = opportunity amount × authoritative probability / 100 using fixed-precision money; predictive probability is stored separately with model/version/confidence.,P0,REQUIRED,CRM-P1-BE-021;CRM-P1-BE-022;CRM-P1-CODE-011,,,,APPROVED,CRM Pass 1,2026-08-30
F011-UX-001,F011,CRM-CAP-003,UX,Workspace,The primary Probability and expected revenue workspace MUST expose the next meaningful action above the fold and keep high-frequency context/actions within one consistent CRM shell.,P0,REQUIRED,CRM-P1-BE-021;CRM-P1-BE-022;CRM-P1-CODE-011,,,,APPROVED,CRM Pass 1,2026-08-30
F011-UX-002,F011,CRM-CAP-003,UX,States and feedback,"List/detail/create/edit surfaces MUST specify loading, empty, error, permission, stale/conflict and destructive-action states with immediate progress/confirmation feedback.",P0,REQUIRED,CRM-P1-BE-021;CRM-P1-BE-022;CRM-P1-CODE-011,,,,APPROVED,CRM Pass 1,2026-08-30
F011-UX-003,F011,CRM-CAP-003,UX,Responsive/accessibility,"Critical Probability and expected revenue actions MUST work on desktop, tablet and phone with full keyboard operation, visible focus, semantic labels, non-drag alternatives and no horizontal content loss except intentional boards/tables.",P0,REQUIRED,CRM-P1-BE-021;CRM-P1-BE-022;CRM-P1-CODE-011,,,,APPROVED,CRM Pass 1,2026-08-30
F011-SEC-001,F011,CRM-CAP-003,SEC,Authorization,"Every Probability and expected revenue query and command MUST enforce server-side organization, company/branch where applicable, team/owner/record scope and action permission before returning or mutating data.",P0,REQUIRED,CRM-P1-BE-021;CRM-P1-BE-022;CRM-P1-CODE-011,,,,APPROVED,CRM Pass 1,2026-08-30
F011-SEC-002,F011,CRM-CAP-003,SEC,Sensitive fields and negative tests,"Sensitive fields/content MUST support stricter field/content visibility than record visibility, and negative tests MUST prove unauthorized users cannot infer data via search counts, reports, timeline, exports, AI or errors.",P0,REQUIRED,CRM-P1-BE-021;CRM-P1-BE-022;CRM-P1-CODE-011,,,,APPROVED,CRM Pass 1,2026-08-30
F011-AUTO-001,F011,CRM-CAP-003,AUTO,Automation governance,"Approved automation may act on Probability and expected revenue only through normal domain commands with trigger provenance, recursion control, retry policy, audit and operator visibility.",P0,REQUIRED,CRM-P1-BE-021;CRM-P1-BE-022;CRM-P1-CODE-011,,,,APPROVED,CRM Pass 1,2026-08-30
F011-APP-001,F011,CRM-CAP-003,APP,Approval/override policy,"Ordinary low-risk Probability and expected revenue work does not require a universal approval; elevated overrides, destructive merges, high-impact bulk changes or configured thresholds MUST require the explicit permission/approval policy and reason.",P0,REQUIRED,CRM-P1-BE-021;CRM-P1-BE-022;CRM-P1-CODE-011,,,,APPROVED,CRM Pass 1,2026-08-30
F011-NOTIF-001,F011,CRM-CAP-003,NOTIF,Notification behavior,"Notifications for Probability and expected revenue MUST be event-driven, permission-safe, preference-aware, deduplicated on retry and include a durable deep link when the recipient remains authorized.",P0,REQUIRED,CRM-P1-BE-021;CRM-P1-BE-022;CRM-P1-CODE-011,,,,APPROVED,CRM Pass 1,2026-08-30
F011-REP-001,F011,CRM-CAP-003,REP,Reporting contract,"Reports/KPIs for Probability and expected revenue MUST define formula, dimensions, time basis, freshness, currency/units where applicable, permission-safe aggregation and drill-down reconciliation.",P0,REQUIRED,CRM-P1-BE-021;CRM-P1-BE-022;CRM-P1-CODE-011,,,,APPROVED,CRM Pass 1,2026-08-30
F011-AI-001,F011,CRM-CAP-003,AI,AI authority boundary,"AI class is `AI_RECOMMEND`. AI MAY assist/recommend/generate only within the caller's normal data permissions and MUST expose provenance, model/version, uncertainty/reasons where applicable and a deterministic/human fallback; it MUST NOT bypass normal mutation authority.",P0,REQUIRED,CRM-P1-BE-021;CRM-P1-BE-022;CRM-P1-CODE-011,,,,APPROVED,CRM Pass 1,2026-08-30
F011-INT-001,F011,CRM-CAP-003,INT,Module/external contract,F025 forecast may consume authoritative and predictive values under explicit category rules but never rewrites opportunity truth.,P0,REQUIRED,CRM-P1-BE-021;CRM-P1-BE-022;CRM-P1-CODE-011,,,,APPROVED,CRM Pass 1,2026-08-30
F011-INT-002,F011,CRM-CAP-003,INT,Failure reconciliation,"Every external or cross-module effect for Probability and expected revenue MUST define idempotency, retry ownership, failure visibility, compensation/reversal where possible and an operator reconciliation path.",P0,REQUIRED,CRM-P1-BE-021;CRM-P1-BE-022;CRM-P1-CODE-011,,,,APPROVED,CRM Pass 1,2026-08-30
F011-API-001,F011,CRM-CAP-003,API,Command contract,"Mutating Probability and expected revenue APIs MUST have explicit request/response/error schemas, authorization, optimistic concurrency where records are editable, audit/correlation metadata and idempotency for non-repeatable commands.",P0,REQUIRED,CRM-P1-BE-021;CRM-P1-BE-022;CRM-P1-CODE-011,,,,APPROVED,CRM Pass 1,2026-08-30
F011-API-002,F011,CRM-CAP-003,API,Query contract,"Probability and expected revenue list/search/detail APIs MUST use bounded pagination, stable sorting/filter semantics, permission-safe counts and compatibility/versioning rules.",P0,REQUIRED,CRM-P1-BE-021;CRM-P1-BE-022;CRM-P1-CODE-011,,,,APPROVED,CRM Pass 1,2026-08-30
F011-PERF-001,F011,CRM-CAP-003,PERF,Performance envelope,"Normal Probability and expected revenue record reads SHOULD meet p95 <=400ms server response, filtered lists <=600ms and standard mutations <=750ms on representative datasets; large jobs MUST become asynchronous.",P1,REQUIRED,CRM-P1-BE-021;CRM-P1-BE-022;CRM-P1-CODE-011,,,,APPROVED,CRM Pass 1,2026-08-30
F011-OBS-001,F011,CRM-CAP-003,OBS,Observability,"The system MUST emit correlation IDs, structured non-PII logs, business/technical metrics and retry/dead-letter/reconciliation diagnostics sufficient to explain Probability and expected revenue failures without exposing sensitive content.",P0,REQUIRED,CRM-P1-BE-021;CRM-P1-BE-022;CRM-P1-CODE-011,,,,APPROVED,CRM Pass 1,2026-08-30
F011-E2E-001,F011,CRM-CAP-003,E2E,Happy/permission browser journey,"Browser E2E MUST prove an authorized user can set or review probability, understand its source and see deterministic expected revenue and an unauthorized user cannot perform or infer the same action/data.",P0,REQUIRED,CRM-P1-BE-021;CRM-P1-BE-022;CRM-P1-CODE-011,,,,APPROVED,CRM Pass 1,2026-08-30
F011-E2E-002,F011,CRM-CAP-003,E2E,Conflict/failure browser journey,"Browser/API E2E MUST prove stale-write/conflict or retryable failure behavior for Probability and expected revenue is visible, recoverable and does not duplicate business effects.",P0,REQUIRED,CRM-P1-BE-021;CRM-P1-BE-022;CRM-P1-CODE-011,,,,APPROVED,CRM Pass 1,2026-08-30
F011-UAT-001,F011,CRM-CAP-003,UAT,Front-line UAT,"Human UAT MUST have a front-line persona execute the primary Probability and expected revenue job on desktop and a high-frequency mobile/tablet path, capturing visible result and audit evidence.",P0,REQUIRED,CRM-P1-BE-021;CRM-P1-BE-022;CRM-P1-CODE-011,,,,APPROVED,CRM Pass 1,2026-08-30
F011-UAT-002,F011,CRM-CAP-003,UAT,Manager/exception UAT,Human UAT MUST have a manager/operations persona exercise one permission/exception/override or reconciliation case and confirm reporting/history reflect the outcome.,P0,REQUIRED,CRM-P1-BE-021;CRM-P1-BE-022;CRM-P1-CODE-011,,,,APPROVED,CRM Pass 1,2026-08-30
F012-CAP-001,F012,CRM-CAP-003,CAP,Core operator outcome,The Sales stages capability MUST let authorized OPS; ADMIN; MGR users configure a valid opportunity process without stranding live deals or corrupting history.,P0,REQUIRED,CRM-P1-BE-023;CRM-P1-BE-024;CRM-P1-CODE-012,,,,APPROVED,CRM Pass 1,2026-08-30
F012-CAP-002,F012,CRM-CAP-003,CAP,Enterprise completeness,"The capability MUST include the reviewed enterprise expectations for required fields, guidance, forecast mapping, versioning, deactivation/migration of live stages and terminal semantics and MUST NOT treat the short canonical label as the full scope.",P0,REQUIRED,CRM-P1-BE-023;CRM-P1-BE-024;CRM-P1-CODE-012,,,,APPROVED,CRM Pass 1,2026-08-30
F012-CAP-003,F012,CRM-CAP-003,CAP,Boundary ownership,"Stages feed pipeline, probability defaults, forecast-category mapping and reports but remain CRM configuration truth.",P0,REQUIRED,CRM-P1-BE-023;CRM-P1-BE-024;CRM-P1-CODE-012,,,,APPROVED,CRM Pass 1,2026-08-30
F012-FR-001,F012,CRM-CAP-003,FR,Primary workflow,"The system MUST provide a complete server-backed workflow to configure a valid opportunity process without stranding live deals or corrupting history, including success, empty, validation, permission and conflict states.",P0,REQUIRED,CRM-P1-BE-023;CRM-P1-BE-024;CRM-P1-CODE-012,,,,APPROVED,CRM Pass 1,2026-08-30
F012-FR-002,F012,CRM-CAP-003,FR,History and recoverability,"Every material Sales stages mutation MUST leave durable history sufficient to explain actor, time, previous state, new state and reason where applicable.",P0,REQUIRED,CRM-P1-BE-023;CRM-P1-BE-024;CRM-P1-CODE-012,,,,APPROVED,CRM Pass 1,2026-08-30
F012-FR-003,F012,CRM-CAP-003,FR,Enterprise volume,"The feature MUST remain usable for individual work and enterprise list/bulk volumes using pagination, virtualization or asynchronous jobs when thresholds are crossed.",P0,REQUIRED,CRM-P1-BE-023;CRM-P1-BE-024;CRM-P1-CODE-012,,,,APPROVED,CRM Pass 1,2026-08-30
F012-US-001,F012,CRM-CAP-003,US,Front-line job,"As an authorized front-line user, I can configure a valid opportunity process without stranding live deals or corrupting history without navigating to raw technical resources or losing related-record context.",P0,REQUIRED,CRM-P1-BE-023;CRM-P1-BE-024;CRM-P1-CODE-012,,,,APPROVED,CRM Pass 1,2026-08-30
F012-US-002,F012,CRM-CAP-003,US,Manager/operations job,"As a manager or operations user, I can inspect, govern and audit Sales stages behavior across my permitted team/company scope.",P0,REQUIRED,CRM-P1-BE-023;CRM-P1-BE-024;CRM-P1-CODE-012,,,,APPROVED,CRM Pass 1,2026-08-30
F012-FLOW-001,F012,CRM-CAP-003,FLOW,Primary and alternate flow,The primary flow MUST follow the governed lifecycle `Configured stage graph with open stages and terminal WON/LOST semantics` and expose alternate/cancel paths where the lifecycle permits them.,P0,REQUIRED,CRM-P1-BE-023;CRM-P1-BE-024;CRM-P1-CODE-012,,,,APPROVED,CRM Pass 1,2026-08-30
F012-FLOW-002,F012,CRM-CAP-003,FLOW,Failure and retry flow,"Validation failures, authorization denials, concurrency conflicts and retryable integration failures MUST be visible, actionable and safe to retry without duplicate business effects.",P0,REQUIRED,CRM-P1-BE-023;CRM-P1-BE-024;CRM-P1-CODE-012,,,,APPROVED,CRM Pass 1,2026-08-30
F012-BR-001,F012,CRM-CAP-003,BR,Authoritative ownership,"The owning CRM domain command/service is authoritative for Sales stages; UI, import, bulk, automation and AI paths MUST reuse the same business rules.",P0,REQUIRED,CRM-P1-BE-023;CRM-P1-BE-024;CRM-P1-CODE-012,,,,APPROVED,CRM Pass 1,2026-08-30
F012-BR-002,F012,CRM-CAP-003,BR,Historical truth,"Configuration or later edits MUST NOT rewrite historical Sales stages events needed for audit, reporting or reproducibility.",P0,REQUIRED,CRM-P1-BE-023;CRM-P1-BE-024;CRM-P1-CODE-012,,,,APPROVED,CRM Pass 1,2026-08-30
F012-DATA-001,F012,CRM-CAP-003,DATA,Entity model,"The authoritative data model MUST explicitly govern crm_pipelines; crm_pipeline_stages; crm_opportunity_stage_history with organization identifiers, stable keys, lifecycle timestamps and indexes appropriate to access patterns.",P0,REQUIRED,CRM-P1-BE-023;CRM-P1-BE-024;CRM-P1-CODE-012,,,,APPROVED,CRM Pass 1,2026-08-30
F012-DATA-002,F012,CRM-CAP-003,DATA,Lineage and retention,"System-derived and externally sourced values MUST retain provenance/lineage, and retention/deletion behavior MUST preserve legally or operationally required audit links.",P0,REQUIRED,CRM-P1-BE-023;CRM-P1-BE-024;CRM-P1-CODE-012,,,,APPROVED,CRM Pass 1,2026-08-30
F012-VAL-001,F012,CRM-CAP-003,VAL,Server validation,"All create/update/transition commands MUST validate required fields, references, organization/company scope, lifecycle legality and normalized input server-side before persistence.",P0,REQUIRED,CRM-P1-BE-023;CRM-P1-BE-024;CRM-P1-CODE-012,,,,APPROVED,CRM Pass 1,2026-08-30
F012-VAL-002,F012,CRM-CAP-003,VAL,Actionable errors,Validation failures MUST return stable CRM error codes plus user-actionable messages without leaking restricted record existence or sensitive values.,P0,REQUIRED,CRM-P1-BE-023;CRM-P1-BE-024;CRM-P1-CODE-012,,,,APPROVED,CRM Pass 1,2026-08-30
F012-CALC-001,F012,CRM-CAP-003,CALC,Deterministic calculations,Stage default probability is configuration; stage dwell and conversion metrics are derived from immutable history.,P0,REQUIRED,CRM-P1-BE-023;CRM-P1-BE-024;CRM-P1-CODE-012,,,,APPROVED,CRM Pass 1,2026-08-30
F012-UX-001,F012,CRM-CAP-003,UX,Workspace,The primary Sales stages workspace MUST expose the next meaningful action above the fold and keep high-frequency context/actions within one consistent CRM shell.,P0,REQUIRED,CRM-P1-BE-023;CRM-P1-BE-024;CRM-P1-CODE-012,,,,APPROVED,CRM Pass 1,2026-08-30
F012-UX-002,F012,CRM-CAP-003,UX,States and feedback,"List/detail/create/edit surfaces MUST specify loading, empty, error, permission, stale/conflict and destructive-action states with immediate progress/confirmation feedback.",P0,REQUIRED,CRM-P1-BE-023;CRM-P1-BE-024;CRM-P1-CODE-012,,,,APPROVED,CRM Pass 1,2026-08-30
F012-UX-003,F012,CRM-CAP-003,UX,Responsive/accessibility,"Critical Sales stages actions MUST work on desktop, tablet and phone with full keyboard operation, visible focus, semantic labels, non-drag alternatives and no horizontal content loss except intentional boards/tables.",P0,REQUIRED,CRM-P1-BE-023;CRM-P1-BE-024;CRM-P1-CODE-012,,,,APPROVED,CRM Pass 1,2026-08-30
F012-SEC-001,F012,CRM-CAP-003,SEC,Authorization,"Every Sales stages query and command MUST enforce server-side organization, company/branch where applicable, team/owner/record scope and action permission before returning or mutating data.",P0,REQUIRED,CRM-P1-BE-023;CRM-P1-BE-024;CRM-P1-CODE-012,,,,APPROVED,CRM Pass 1,2026-08-30
F012-SEC-002,F012,CRM-CAP-003,SEC,Sensitive fields and negative tests,"Sensitive fields/content MUST support stricter field/content visibility than record visibility, and negative tests MUST prove unauthorized users cannot infer data via search counts, reports, timeline, exports, AI or errors.",P0,REQUIRED,CRM-P1-BE-023;CRM-P1-BE-024;CRM-P1-CODE-012,,,,APPROVED,CRM Pass 1,2026-08-30
F012-AUTO-001,F012,CRM-CAP-003,AUTO,Automation governance,"Approved automation may act on Sales stages only through normal domain commands with trigger provenance, recursion control, retry policy, audit and operator visibility.",P0,REQUIRED,CRM-P1-BE-023;CRM-P1-BE-024;CRM-P1-CODE-012,,,,APPROVED,CRM Pass 1,2026-08-30
F012-APP-001,F012,CRM-CAP-003,APP,Approval/override policy,"Ordinary low-risk Sales stages work does not require a universal approval; elevated overrides, destructive merges, high-impact bulk changes or configured thresholds MUST require the explicit permission/approval policy and reason.",P0,REQUIRED,CRM-P1-BE-023;CRM-P1-BE-024;CRM-P1-CODE-012,,,,APPROVED,CRM Pass 1,2026-08-30
F012-NOTIF-001,F012,CRM-CAP-003,NOTIF,Notification behavior,"Notifications for Sales stages MUST be event-driven, permission-safe, preference-aware, deduplicated on retry and include a durable deep link when the recipient remains authorized.",P0,REQUIRED,CRM-P1-BE-023;CRM-P1-BE-024;CRM-P1-CODE-012,,,,APPROVED,CRM Pass 1,2026-08-30
F012-REP-001,F012,CRM-CAP-003,REP,Reporting contract,"Reports/KPIs for Sales stages MUST define formula, dimensions, time basis, freshness, currency/units where applicable, permission-safe aggregation and drill-down reconciliation.",P0,REQUIRED,CRM-P1-BE-023;CRM-P1-BE-024;CRM-P1-CODE-012,,,,APPROVED,CRM Pass 1,2026-08-30
F012-AI-001,F012,CRM-CAP-003,AI,AI authority boundary,"AI class is `NO_AI`. AI MAY assist/recommend/generate only within the caller's normal data permissions and MUST expose provenance, model/version, uncertainty/reasons where applicable and a deterministic/human fallback; it MUST NOT bypass normal mutation authority.",P0,REQUIRED,CRM-P1-BE-023;CRM-P1-BE-024;CRM-P1-CODE-012,,,,APPROVED,CRM Pass 1,2026-08-30
F012-INT-001,F012,CRM-CAP-003,INT,Module/external contract,"Stages feed pipeline, probability defaults, forecast-category mapping and reports but remain CRM configuration truth.",P0,REQUIRED,CRM-P1-BE-023;CRM-P1-BE-024;CRM-P1-CODE-012,,,,APPROVED,CRM Pass 1,2026-08-30
F012-INT-002,F012,CRM-CAP-003,INT,Failure reconciliation,"Every external or cross-module effect for Sales stages MUST define idempotency, retry ownership, failure visibility, compensation/reversal where possible and an operator reconciliation path.",P0,REQUIRED,CRM-P1-BE-023;CRM-P1-BE-024;CRM-P1-CODE-012,,,,APPROVED,CRM Pass 1,2026-08-30
F012-API-001,F012,CRM-CAP-003,API,Command contract,"Mutating Sales stages APIs MUST have explicit request/response/error schemas, authorization, optimistic concurrency where records are editable, audit/correlation metadata and idempotency for non-repeatable commands.",P0,REQUIRED,CRM-P1-BE-023;CRM-P1-BE-024;CRM-P1-CODE-012,,,,APPROVED,CRM Pass 1,2026-08-30
F012-API-002,F012,CRM-CAP-003,API,Query contract,"Sales stages list/search/detail APIs MUST use bounded pagination, stable sorting/filter semantics, permission-safe counts and compatibility/versioning rules.",P0,REQUIRED,CRM-P1-BE-023;CRM-P1-BE-024;CRM-P1-CODE-012,,,,APPROVED,CRM Pass 1,2026-08-30
F012-PERF-001,F012,CRM-CAP-003,PERF,Performance envelope,"Normal Sales stages record reads SHOULD meet p95 <=400ms server response, filtered lists <=600ms and standard mutations <=750ms on representative datasets; large jobs MUST become asynchronous.",P1,REQUIRED,CRM-P1-BE-023;CRM-P1-BE-024;CRM-P1-CODE-012,,,,APPROVED,CRM Pass 1,2026-08-30
F012-OBS-001,F012,CRM-CAP-003,OBS,Observability,"The system MUST emit correlation IDs, structured non-PII logs, business/technical metrics and retry/dead-letter/reconciliation diagnostics sufficient to explain Sales stages failures without exposing sensitive content.",P0,REQUIRED,CRM-P1-BE-023;CRM-P1-BE-024;CRM-P1-CODE-012,,,,APPROVED,CRM Pass 1,2026-08-30
F012-E2E-001,F012,CRM-CAP-003,E2E,Happy/permission browser journey,Browser E2E MUST prove an authorized user can configure a valid opportunity process without stranding live deals or corrupting history and an unauthorized user cannot perform or infer the same action/data.,P0,REQUIRED,CRM-P1-BE-023;CRM-P1-BE-024;CRM-P1-CODE-012,,,,APPROVED,CRM Pass 1,2026-08-30
F012-E2E-002,F012,CRM-CAP-003,E2E,Conflict/failure browser journey,"Browser/API E2E MUST prove stale-write/conflict or retryable failure behavior for Sales stages is visible, recoverable and does not duplicate business effects.",P0,REQUIRED,CRM-P1-BE-023;CRM-P1-BE-024;CRM-P1-CODE-012,,,,APPROVED,CRM Pass 1,2026-08-30
F012-UAT-001,F012,CRM-CAP-003,UAT,Front-line UAT,"Human UAT MUST have a front-line persona execute the primary Sales stages job on desktop and a high-frequency mobile/tablet path, capturing visible result and audit evidence.",P0,REQUIRED,CRM-P1-BE-023;CRM-P1-BE-024;CRM-P1-CODE-012,,,,APPROVED,CRM Pass 1,2026-08-30
F012-UAT-002,F012,CRM-CAP-003,UAT,Manager/exception UAT,Human UAT MUST have a manager/operations persona exercise one permission/exception/override or reconciliation case and confirm reporting/history reflect the outcome.,P0,REQUIRED,CRM-P1-BE-023;CRM-P1-BE-024;CRM-P1-CODE-012,,,,APPROVED,CRM Pass 1,2026-08-30
F013-CAP-001,F013,CRM-CAP-004,CAP,Core operator outcome,"The Calls capability MUST let authorized REP; MGR users schedule/log a call, complete it with outcome and preserve permitted interaction history.",P0,REQUIRED,CRM-P1-BE-025;CRM-P1-BE-026;CRM-P1-CODE-013,,,,APPROVED,CRM Pass 1,2026-08-30
F013-CAP-002,F013,CRM-CAP-004,CAP,Enterprise completeness,"The capability MUST include the reviewed enterprise expectations for inbound/outbound, dispositions, telephony adapter, recording consent/retention, transcript permissions and provider failure reconciliation and MUST NOT treat the short canonical label as the full scope.",P0,REQUIRED,CRM-P1-BE-025;CRM-P1-BE-026;CRM-P1-CODE-013,,,,APPROVED,CRM Pass 1,2026-08-30
F013-CAP-003,F013,CRM-CAP-004,CAP,Boundary ownership,Telephony providers are adapters; CRM activity remains the domain owner and provider webhooks are idempotently reconciled.,P0,REQUIRED,CRM-P1-BE-025;CRM-P1-BE-026;CRM-P1-CODE-013,,,,APPROVED,CRM Pass 1,2026-08-30
F013-FR-001,F013,CRM-CAP-004,FR,Primary workflow,"The system MUST provide a complete server-backed workflow to schedule/log a call, complete it with outcome and preserve permitted interaction history, including success, empty, validation, permission and conflict states.",P0,REQUIRED,CRM-P1-BE-025;CRM-P1-BE-026;CRM-P1-CODE-013,,,,APPROVED,CRM Pass 1,2026-08-30
F013-FR-002,F013,CRM-CAP-004,FR,History and recoverability,"Every material Calls mutation MUST leave durable history sufficient to explain actor, time, previous state, new state and reason where applicable.",P0,REQUIRED,CRM-P1-BE-025;CRM-P1-BE-026;CRM-P1-CODE-013,,,,APPROVED,CRM Pass 1,2026-08-30
F013-FR-003,F013,CRM-CAP-004,FR,Enterprise volume,"The feature MUST remain usable for individual work and enterprise list/bulk volumes using pagination, virtualization or asynchronous jobs when thresholds are crossed.",P0,REQUIRED,CRM-P1-BE-025;CRM-P1-BE-026;CRM-P1-CODE-013,,,,APPROVED,CRM Pass 1,2026-08-30
F013-US-001,F013,CRM-CAP-004,US,Front-line job,"As an authorized front-line user, I can schedule/log a call, complete it with outcome and preserve permitted interaction history without navigating to raw technical resources or losing related-record context.",P0,REQUIRED,CRM-P1-BE-025;CRM-P1-BE-026;CRM-P1-CODE-013,,,,APPROVED,CRM Pass 1,2026-08-30
F013-US-002,F013,CRM-CAP-004,US,Manager/operations job,"As a manager or operations user, I can inspect, govern and audit Calls behavior across my permitted team/company scope.",P0,REQUIRED,CRM-P1-BE-025;CRM-P1-BE-026;CRM-P1-CODE-013,,,,APPROVED,CRM Pass 1,2026-08-30
F013-FLOW-001,F013,CRM-CAP-004,FLOW,Primary and alternate flow,The primary flow MUST follow the governed lifecycle `PLANNED -> IN_PROGRESS -> COMPLETED | CANCELED` and expose alternate/cancel paths where the lifecycle permits them.,P0,REQUIRED,CRM-P1-BE-025;CRM-P1-BE-026;CRM-P1-CODE-013,,,,APPROVED,CRM Pass 1,2026-08-30
F013-FLOW-002,F013,CRM-CAP-004,FLOW,Failure and retry flow,"Validation failures, authorization denials, concurrency conflicts and retryable integration failures MUST be visible, actionable and safe to retry without duplicate business effects.",P0,REQUIRED,CRM-P1-BE-025;CRM-P1-BE-026;CRM-P1-CODE-013,,,,APPROVED,CRM Pass 1,2026-08-30
F013-BR-001,F013,CRM-CAP-004,BR,Authoritative ownership,"The owning CRM domain command/service is authoritative for Calls; UI, import, bulk, automation and AI paths MUST reuse the same business rules.",P0,REQUIRED,CRM-P1-BE-025;CRM-P1-BE-026;CRM-P1-CODE-013,,,,APPROVED,CRM Pass 1,2026-08-30
F013-BR-002,F013,CRM-CAP-004,BR,Historical truth,"Configuration or later edits MUST NOT rewrite historical Calls events needed for audit, reporting or reproducibility.",P0,REQUIRED,CRM-P1-BE-025;CRM-P1-BE-026;CRM-P1-CODE-013,,,,APPROVED,CRM Pass 1,2026-08-30
F013-DATA-001,F013,CRM-CAP-004,DATA,Entity model,"The authoritative data model MUST explicitly govern crm_activities; crm_call_events; crm_communications with organization identifiers, stable keys, lifecycle timestamps and indexes appropriate to access patterns.",P0,REQUIRED,CRM-P1-BE-025;CRM-P1-BE-026;CRM-P1-CODE-013,,,,APPROVED,CRM Pass 1,2026-08-30
F013-DATA-002,F013,CRM-CAP-004,DATA,Lineage and retention,"System-derived and externally sourced values MUST retain provenance/lineage, and retention/deletion behavior MUST preserve legally or operationally required audit links.",P0,REQUIRED,CRM-P1-BE-025;CRM-P1-BE-026;CRM-P1-CODE-013,,,,APPROVED,CRM Pass 1,2026-08-30
F013-VAL-001,F013,CRM-CAP-004,VAL,Server validation,"All create/update/transition commands MUST validate required fields, references, organization/company scope, lifecycle legality and normalized input server-side before persistence.",P0,REQUIRED,CRM-P1-BE-025;CRM-P1-BE-026;CRM-P1-CODE-013,,,,APPROVED,CRM Pass 1,2026-08-30
F013-VAL-002,F013,CRM-CAP-004,VAL,Actionable errors,Validation failures MUST return stable CRM error codes plus user-actionable messages without leaking restricted record existence or sensitive values.,P0,REQUIRED,CRM-P1-BE-025;CRM-P1-BE-026;CRM-P1-CODE-013,,,,APPROVED,CRM Pass 1,2026-08-30
F013-CALC-001,F013,CRM-CAP-004,CALC,Deterministic calculations,Call duration derives from authoritative start/end timestamps; recording/transcript metrics never change the activity outcome.,P0,REQUIRED,CRM-P1-BE-025;CRM-P1-BE-026;CRM-P1-CODE-013,,,,APPROVED,CRM Pass 1,2026-08-30
F013-UX-001,F013,CRM-CAP-004,UX,Workspace,The primary Calls workspace MUST expose the next meaningful action above the fold and keep high-frequency context/actions within one consistent CRM shell.,P0,REQUIRED,CRM-P1-BE-025;CRM-P1-BE-026;CRM-P1-CODE-013,,,,APPROVED,CRM Pass 1,2026-08-30
F013-UX-002,F013,CRM-CAP-004,UX,States and feedback,"List/detail/create/edit surfaces MUST specify loading, empty, error, permission, stale/conflict and destructive-action states with immediate progress/confirmation feedback.",P0,REQUIRED,CRM-P1-BE-025;CRM-P1-BE-026;CRM-P1-CODE-013,,,,APPROVED,CRM Pass 1,2026-08-30
F013-UX-003,F013,CRM-CAP-004,UX,Responsive/accessibility,"Critical Calls actions MUST work on desktop, tablet and phone with full keyboard operation, visible focus, semantic labels, non-drag alternatives and no horizontal content loss except intentional boards/tables.",P0,REQUIRED,CRM-P1-BE-025;CRM-P1-BE-026;CRM-P1-CODE-013,,,,APPROVED,CRM Pass 1,2026-08-30
F013-SEC-001,F013,CRM-CAP-004,SEC,Authorization,"Every Calls query and command MUST enforce server-side organization, company/branch where applicable, team/owner/record scope and action permission before returning or mutating data.",P0,REQUIRED,CRM-P1-BE-025;CRM-P1-BE-026;CRM-P1-CODE-013,,,,APPROVED,CRM Pass 1,2026-08-30
F013-SEC-002,F013,CRM-CAP-004,SEC,Sensitive fields and negative tests,"Sensitive fields/content MUST support stricter field/content visibility than record visibility, and negative tests MUST prove unauthorized users cannot infer data via search counts, reports, timeline, exports, AI or errors.",P0,REQUIRED,CRM-P1-BE-025;CRM-P1-BE-026;CRM-P1-CODE-013,,,,APPROVED,CRM Pass 1,2026-08-30
F013-AUTO-001,F013,CRM-CAP-004,AUTO,Automation governance,"Approved automation may act on Calls only through normal domain commands with trigger provenance, recursion control, retry policy, audit and operator visibility.",P0,REQUIRED,CRM-P1-BE-025;CRM-P1-BE-026;CRM-P1-CODE-013,,,,APPROVED,CRM Pass 1,2026-08-30
F013-APP-001,F013,CRM-CAP-004,APP,Approval/override policy,"Ordinary low-risk Calls work does not require a universal approval; elevated overrides, destructive merges, high-impact bulk changes or configured thresholds MUST require the explicit permission/approval policy and reason.",P0,REQUIRED,CRM-P1-BE-025;CRM-P1-BE-026;CRM-P1-CODE-013,,,,APPROVED,CRM Pass 1,2026-08-30
F013-NOTIF-001,F013,CRM-CAP-004,NOTIF,Notification behavior,"Notifications for Calls MUST be event-driven, permission-safe, preference-aware, deduplicated on retry and include a durable deep link when the recipient remains authorized.",P0,REQUIRED,CRM-P1-BE-025;CRM-P1-BE-026;CRM-P1-CODE-013,,,,APPROVED,CRM Pass 1,2026-08-30
F013-REP-001,F013,CRM-CAP-004,REP,Reporting contract,"Reports/KPIs for Calls MUST define formula, dimensions, time basis, freshness, currency/units where applicable, permission-safe aggregation and drill-down reconciliation.",P0,REQUIRED,CRM-P1-BE-025;CRM-P1-BE-026;CRM-P1-CODE-013,,,,APPROVED,CRM Pass 1,2026-08-30
F013-AI-001,F013,CRM-CAP-004,AI,AI authority boundary,"AI class is `AI_GENERATE`. AI MAY assist/recommend/generate only within the caller's normal data permissions and MUST expose provenance, model/version, uncertainty/reasons where applicable and a deterministic/human fallback; it MUST NOT bypass normal mutation authority.",P0,REQUIRED,CRM-P1-BE-025;CRM-P1-BE-026;CRM-P1-CODE-013,,,,APPROVED,CRM Pass 1,2026-08-30
F013-INT-001,F013,CRM-CAP-004,INT,Module/external contract,Telephony providers are adapters; CRM activity remains the domain owner and provider webhooks are idempotently reconciled.,P0,REQUIRED,CRM-P1-BE-025;CRM-P1-BE-026;CRM-P1-CODE-013,,,,APPROVED,CRM Pass 1,2026-08-30
F013-INT-002,F013,CRM-CAP-004,INT,Failure reconciliation,"Every external or cross-module effect for Calls MUST define idempotency, retry ownership, failure visibility, compensation/reversal where possible and an operator reconciliation path.",P0,REQUIRED,CRM-P1-BE-025;CRM-P1-BE-026;CRM-P1-CODE-013,,,,APPROVED,CRM Pass 1,2026-08-30
F013-API-001,F013,CRM-CAP-004,API,Command contract,"Mutating Calls APIs MUST have explicit request/response/error schemas, authorization, optimistic concurrency where records are editable, audit/correlation metadata and idempotency for non-repeatable commands.",P0,REQUIRED,CRM-P1-BE-025;CRM-P1-BE-026;CRM-P1-CODE-013,,,,APPROVED,CRM Pass 1,2026-08-30
F013-API-002,F013,CRM-CAP-004,API,Query contract,"Calls list/search/detail APIs MUST use bounded pagination, stable sorting/filter semantics, permission-safe counts and compatibility/versioning rules.",P0,REQUIRED,CRM-P1-BE-025;CRM-P1-BE-026;CRM-P1-CODE-013,,,,APPROVED,CRM Pass 1,2026-08-30
F013-PERF-001,F013,CRM-CAP-004,PERF,Performance envelope,"Normal Calls record reads SHOULD meet p95 <=400ms server response, filtered lists <=600ms and standard mutations <=750ms on representative datasets; large jobs MUST become asynchronous.",P1,REQUIRED,CRM-P1-BE-025;CRM-P1-BE-026;CRM-P1-CODE-013,,,,APPROVED,CRM Pass 1,2026-08-30
F013-OBS-001,F013,CRM-CAP-004,OBS,Observability,"The system MUST emit correlation IDs, structured non-PII logs, business/technical metrics and retry/dead-letter/reconciliation diagnostics sufficient to explain Calls failures without exposing sensitive content.",P0,REQUIRED,CRM-P1-BE-025;CRM-P1-BE-026;CRM-P1-CODE-013,,,,APPROVED,CRM Pass 1,2026-08-30
F013-E2E-001,F013,CRM-CAP-004,E2E,Happy/permission browser journey,"Browser E2E MUST prove an authorized user can schedule/log a call, complete it with outcome and preserve permitted interaction history and an unauthorized user cannot perform or infer the same action/data.",P0,REQUIRED,CRM-P1-BE-025;CRM-P1-BE-026;CRM-P1-CODE-013,,,,APPROVED,CRM Pass 1,2026-08-30
F013-E2E-002,F013,CRM-CAP-004,E2E,Conflict/failure browser journey,"Browser/API E2E MUST prove stale-write/conflict or retryable failure behavior for Calls is visible, recoverable and does not duplicate business effects.",P0,REQUIRED,CRM-P1-BE-025;CRM-P1-BE-026;CRM-P1-CODE-013,,,,APPROVED,CRM Pass 1,2026-08-30
F013-UAT-001,F013,CRM-CAP-004,UAT,Front-line UAT,"Human UAT MUST have a front-line persona execute the primary Calls job on desktop and a high-frequency mobile/tablet path, capturing visible result and audit evidence.",P0,REQUIRED,CRM-P1-BE-025;CRM-P1-BE-026;CRM-P1-CODE-013,,,,APPROVED,CRM Pass 1,2026-08-30
F013-UAT-002,F013,CRM-CAP-004,UAT,Manager/exception UAT,Human UAT MUST have a manager/operations persona exercise one permission/exception/override or reconciliation case and confirm reporting/history reflect the outcome.,P0,REQUIRED,CRM-P1-BE-025;CRM-P1-BE-026;CRM-P1-CODE-013,,,,APPROVED,CRM Pass 1,2026-08-30
F014-CAP-001,F014,CRM-CAP-004,CAP,Core operator outcome,"The Meetings capability MUST let authorized REP; MGR; EXT users schedule or book a meeting without double-booking, timezone ambiguity or context loss.",P0,REQUIRED,CRM-P1-BE-027;CRM-P1-BE-028;CRM-P1-CODE-014,,,,APPROVED,CRM Pass 1,2026-08-30
F014-CAP-002,F014,CRM-CAP-004,CAP,Enterprise completeness,"The capability MUST include the reviewed enterprise expectations for availability, booking token expiry, calendar sync, reschedule/no-show, reminders, DST, provider reconciliation and external privacy and MUST NOT treat the short canonical label as the full scope.",P0,REQUIRED,CRM-P1-BE-027;CRM-P1-BE-028;CRM-P1-CODE-014,,,,APPROVED,CRM Pass 1,2026-08-30
F014-CAP-003,F014,CRM-CAP-004,CAP,Boundary ownership,Calendar providers and public booking endpoints are adapters; token scope exposes only minimum availability/booking data.,P0,REQUIRED,CRM-P1-BE-027;CRM-P1-BE-028;CRM-P1-CODE-014,,,,APPROVED,CRM Pass 1,2026-08-30
F014-FR-001,F014,CRM-CAP-004,FR,Primary workflow,"The system MUST provide a complete server-backed workflow to schedule or book a meeting without double-booking, timezone ambiguity or context loss, including success, empty, validation, permission and conflict states.",P0,REQUIRED,CRM-P1-BE-027;CRM-P1-BE-028;CRM-P1-CODE-014,,,,APPROVED,CRM Pass 1,2026-08-30
F014-FR-002,F014,CRM-CAP-004,FR,History and recoverability,"Every material Meetings mutation MUST leave durable history sufficient to explain actor, time, previous state, new state and reason where applicable.",P0,REQUIRED,CRM-P1-BE-027;CRM-P1-BE-028;CRM-P1-CODE-014,,,,APPROVED,CRM Pass 1,2026-08-30
F014-FR-003,F014,CRM-CAP-004,FR,Enterprise volume,"The feature MUST remain usable for individual work and enterprise list/bulk volumes using pagination, virtualization or asynchronous jobs when thresholds are crossed.",P0,REQUIRED,CRM-P1-BE-027;CRM-P1-BE-028;CRM-P1-CODE-014,,,,APPROVED,CRM Pass 1,2026-08-30
F014-US-001,F014,CRM-CAP-004,US,Front-line job,"As an authorized front-line user, I can schedule or book a meeting without double-booking, timezone ambiguity or context loss without navigating to raw technical resources or losing related-record context.",P0,REQUIRED,CRM-P1-BE-027;CRM-P1-BE-028;CRM-P1-CODE-014,,,,APPROVED,CRM Pass 1,2026-08-30
F014-US-002,F014,CRM-CAP-004,US,Manager/operations job,"As a manager or operations user, I can inspect, govern and audit Meetings behavior across my permitted team/company scope.",P0,REQUIRED,CRM-P1-BE-027;CRM-P1-BE-028;CRM-P1-CODE-014,,,,APPROVED,CRM Pass 1,2026-08-30
F014-FLOW-001,F014,CRM-CAP-004,FLOW,Primary and alternate flow,"The primary flow MUST follow the governed lifecycle `SCHEDULED -> IN_PROGRESS -> COMPLETED; alternatives CANCELED, NO_SHOW, RESCHEDULED` and expose alternate/cancel paths where the lifecycle permits them.",P0,REQUIRED,CRM-P1-BE-027;CRM-P1-BE-028;CRM-P1-CODE-014,,,,APPROVED,CRM Pass 1,2026-08-30
F014-FLOW-002,F014,CRM-CAP-004,FLOW,Failure and retry flow,"Validation failures, authorization denials, concurrency conflicts and retryable integration failures MUST be visible, actionable and safe to retry without duplicate business effects.",P0,REQUIRED,CRM-P1-BE-027;CRM-P1-BE-028;CRM-P1-CODE-014,,,,APPROVED,CRM Pass 1,2026-08-30
F014-BR-001,F014,CRM-CAP-004,BR,Authoritative ownership,"The owning CRM domain command/service is authoritative for Meetings; UI, import, bulk, automation and AI paths MUST reuse the same business rules.",P0,REQUIRED,CRM-P1-BE-027;CRM-P1-BE-028;CRM-P1-CODE-014,,,,APPROVED,CRM Pass 1,2026-08-30
F014-BR-002,F014,CRM-CAP-004,BR,Historical truth,"Configuration or later edits MUST NOT rewrite historical Meetings events needed for audit, reporting or reproducibility.",P0,REQUIRED,CRM-P1-BE-027;CRM-P1-BE-028;CRM-P1-CODE-014,,,,APPROVED,CRM Pass 1,2026-08-30
F014-DATA-001,F014,CRM-CAP-004,DATA,Entity model,"The authoritative data model MUST explicitly govern crm_activities; crm_meeting_events; booking/meeting-link data; crm_communications with organization identifiers, stable keys, lifecycle timestamps and indexes appropriate to access patterns.",P0,REQUIRED,CRM-P1-BE-027;CRM-P1-BE-028;CRM-P1-CODE-014,,,,APPROVED,CRM Pass 1,2026-08-30
F014-DATA-002,F014,CRM-CAP-004,DATA,Lineage and retention,"System-derived and externally sourced values MUST retain provenance/lineage, and retention/deletion behavior MUST preserve legally or operationally required audit links.",P0,REQUIRED,CRM-P1-BE-027;CRM-P1-BE-028;CRM-P1-CODE-014,,,,APPROVED,CRM Pass 1,2026-08-30
F014-VAL-001,F014,CRM-CAP-004,VAL,Server validation,"All create/update/transition commands MUST validate required fields, references, organization/company scope, lifecycle legality and normalized input server-side before persistence.",P0,REQUIRED,CRM-P1-BE-027;CRM-P1-BE-028;CRM-P1-CODE-014,,,,APPROVED,CRM Pass 1,2026-08-30
F014-VAL-002,F014,CRM-CAP-004,VAL,Actionable errors,Validation failures MUST return stable CRM error codes plus user-actionable messages without leaking restricted record existence or sensitive values.,P0,REQUIRED,CRM-P1-BE-027;CRM-P1-BE-028;CRM-P1-CODE-014,,,,APPROVED,CRM Pass 1,2026-08-30
F014-CALC-001,F014,CRM-CAP-004,CALC,Deterministic calculations,Start/end and availability use timezone-aware instants; duration and no-show metrics are derived and reproducible across DST boundaries.,P0,REQUIRED,CRM-P1-BE-027;CRM-P1-BE-028;CRM-P1-CODE-014,,,,APPROVED,CRM Pass 1,2026-08-30
F014-UX-001,F014,CRM-CAP-004,UX,Workspace,The primary Meetings workspace MUST expose the next meaningful action above the fold and keep high-frequency context/actions within one consistent CRM shell.,P0,REQUIRED,CRM-P1-BE-027;CRM-P1-BE-028;CRM-P1-CODE-014,,,,APPROVED,CRM Pass 1,2026-08-30
F014-UX-002,F014,CRM-CAP-004,UX,States and feedback,"List/detail/create/edit surfaces MUST specify loading, empty, error, permission, stale/conflict and destructive-action states with immediate progress/confirmation feedback.",P0,REQUIRED,CRM-P1-BE-027;CRM-P1-BE-028;CRM-P1-CODE-014,,,,APPROVED,CRM Pass 1,2026-08-30
F014-UX-003,F014,CRM-CAP-004,UX,Responsive/accessibility,"Critical Meetings actions MUST work on desktop, tablet and phone with full keyboard operation, visible focus, semantic labels, non-drag alternatives and no horizontal content loss except intentional boards/tables.",P0,REQUIRED,CRM-P1-BE-027;CRM-P1-BE-028;CRM-P1-CODE-014,,,,APPROVED,CRM Pass 1,2026-08-30
F014-SEC-001,F014,CRM-CAP-004,SEC,Authorization,"Every Meetings query and command MUST enforce server-side organization, company/branch where applicable, team/owner/record scope and action permission before returning or mutating data.",P0,REQUIRED,CRM-P1-BE-027;CRM-P1-BE-028;CRM-P1-CODE-014,,,,APPROVED,CRM Pass 1,2026-08-30
F014-SEC-002,F014,CRM-CAP-004,SEC,Sensitive fields and negative tests,"Sensitive fields/content MUST support stricter field/content visibility than record visibility, and negative tests MUST prove unauthorized users cannot infer data via search counts, reports, timeline, exports, AI or errors.",P0,REQUIRED,CRM-P1-BE-027;CRM-P1-BE-028;CRM-P1-CODE-014,,,,APPROVED,CRM Pass 1,2026-08-30
F014-AUTO-001,F014,CRM-CAP-004,AUTO,Automation governance,"Approved automation may act on Meetings only through normal domain commands with trigger provenance, recursion control, retry policy, audit and operator visibility.",P0,REQUIRED,CRM-P1-BE-027;CRM-P1-BE-028;CRM-P1-CODE-014,,,,APPROVED,CRM Pass 1,2026-08-30
F014-APP-001,F014,CRM-CAP-004,APP,Approval/override policy,"Ordinary low-risk Meetings work does not require a universal approval; elevated overrides, destructive merges, high-impact bulk changes or configured thresholds MUST require the explicit permission/approval policy and reason.",P0,REQUIRED,CRM-P1-BE-027;CRM-P1-BE-028;CRM-P1-CODE-014,,,,APPROVED,CRM Pass 1,2026-08-30
F014-NOTIF-001,F014,CRM-CAP-004,NOTIF,Notification behavior,"Notifications for Meetings MUST be event-driven, permission-safe, preference-aware, deduplicated on retry and include a durable deep link when the recipient remains authorized.",P0,REQUIRED,CRM-P1-BE-027;CRM-P1-BE-028;CRM-P1-CODE-014,,,,APPROVED,CRM Pass 1,2026-08-30
F014-REP-001,F014,CRM-CAP-004,REP,Reporting contract,"Reports/KPIs for Meetings MUST define formula, dimensions, time basis, freshness, currency/units where applicable, permission-safe aggregation and drill-down reconciliation.",P0,REQUIRED,CRM-P1-BE-027;CRM-P1-BE-028;CRM-P1-CODE-014,,,,APPROVED,CRM Pass 1,2026-08-30
F014-AI-001,F014,CRM-CAP-004,AI,AI authority boundary,"AI class is `AI_GENERATE`. AI MAY assist/recommend/generate only within the caller's normal data permissions and MUST expose provenance, model/version, uncertainty/reasons where applicable and a deterministic/human fallback; it MUST NOT bypass normal mutation authority.",P0,REQUIRED,CRM-P1-BE-027;CRM-P1-BE-028;CRM-P1-CODE-014,,,,APPROVED,CRM Pass 1,2026-08-30
F014-INT-001,F014,CRM-CAP-004,INT,Module/external contract,Calendar providers and public booking endpoints are adapters; token scope exposes only minimum availability/booking data.,P0,REQUIRED,CRM-P1-BE-027;CRM-P1-BE-028;CRM-P1-CODE-014,,,,APPROVED,CRM Pass 1,2026-08-30
F014-INT-002,F014,CRM-CAP-004,INT,Failure reconciliation,"Every external or cross-module effect for Meetings MUST define idempotency, retry ownership, failure visibility, compensation/reversal where possible and an operator reconciliation path.",P0,REQUIRED,CRM-P1-BE-027;CRM-P1-BE-028;CRM-P1-CODE-014,,,,APPROVED,CRM Pass 1,2026-08-30
F014-API-001,F014,CRM-CAP-004,API,Command contract,"Mutating Meetings APIs MUST have explicit request/response/error schemas, authorization, optimistic concurrency where records are editable, audit/correlation metadata and idempotency for non-repeatable commands.",P0,REQUIRED,CRM-P1-BE-027;CRM-P1-BE-028;CRM-P1-CODE-014,,,,APPROVED,CRM Pass 1,2026-08-30
F014-API-002,F014,CRM-CAP-004,API,Query contract,"Meetings list/search/detail APIs MUST use bounded pagination, stable sorting/filter semantics, permission-safe counts and compatibility/versioning rules.",P0,REQUIRED,CRM-P1-BE-027;CRM-P1-BE-028;CRM-P1-CODE-014,,,,APPROVED,CRM Pass 1,2026-08-30
F014-PERF-001,F014,CRM-CAP-004,PERF,Performance envelope,"Normal Meetings record reads SHOULD meet p95 <=400ms server response, filtered lists <=600ms and standard mutations <=750ms on representative datasets; large jobs MUST become asynchronous.",P1,REQUIRED,CRM-P1-BE-027;CRM-P1-BE-028;CRM-P1-CODE-014,,,,APPROVED,CRM Pass 1,2026-08-30
F014-OBS-001,F014,CRM-CAP-004,OBS,Observability,"The system MUST emit correlation IDs, structured non-PII logs, business/technical metrics and retry/dead-letter/reconciliation diagnostics sufficient to explain Meetings failures without exposing sensitive content.",P0,REQUIRED,CRM-P1-BE-027;CRM-P1-BE-028;CRM-P1-CODE-014,,,,APPROVED,CRM Pass 1,2026-08-30
F014-E2E-001,F014,CRM-CAP-004,E2E,Happy/permission browser journey,"Browser E2E MUST prove an authorized user can schedule or book a meeting without double-booking, timezone ambiguity or context loss and an unauthorized user cannot perform or infer the same action/data.",P0,REQUIRED,CRM-P1-BE-027;CRM-P1-BE-028;CRM-P1-CODE-014,,,,APPROVED,CRM Pass 1,2026-08-30
F014-E2E-002,F014,CRM-CAP-004,E2E,Conflict/failure browser journey,"Browser/API E2E MUST prove stale-write/conflict or retryable failure behavior for Meetings is visible, recoverable and does not duplicate business effects.",P0,REQUIRED,CRM-P1-BE-027;CRM-P1-BE-028;CRM-P1-CODE-014,,,,APPROVED,CRM Pass 1,2026-08-30
F014-UAT-001,F014,CRM-CAP-004,UAT,Front-line UAT,"Human UAT MUST have a front-line persona execute the primary Meetings job on desktop and a high-frequency mobile/tablet path, capturing visible result and audit evidence.",P0,REQUIRED,CRM-P1-BE-027;CRM-P1-BE-028;CRM-P1-CODE-014,,,,APPROVED,CRM Pass 1,2026-08-30
F014-UAT-002,F014,CRM-CAP-004,UAT,Manager/exception UAT,Human UAT MUST have a manager/operations persona exercise one permission/exception/override or reconciliation case and confirm reporting/history reflect the outcome.,P0,REQUIRED,CRM-P1-BE-027;CRM-P1-BE-028;CRM-P1-CODE-014,,,,APPROVED,CRM Pass 1,2026-08-30
F015-CAP-001,F015,CRM-CAP-004,CAP,Core operator outcome,The Tasks capability MUST let authorized REP; MGR users work a prioritized task queue and complete/recur tasks without losing related-record context.,P0,REQUIRED,CRM-P1-BE-029;CRM-P1-BE-030;CRM-P1-CODE-015,,,,APPROVED,CRM Pass 1,2026-08-30
F015-CAP-002,F015,CRM-CAP-004,CAP,Enterprise completeness,"The capability MUST include the reviewed enterprise expectations for recurrence, team/queue tasks, dependencies, generated tasks, overdue derivation, linked-record privacy and idempotent recurrence and MUST NOT treat the short canonical label as the full scope.",P0,REQUIRED,CRM-P1-BE-029;CRM-P1-BE-030;CRM-P1-CODE-015,,,,APPROVED,CRM Pass 1,2026-08-30
F015-CAP-003,F015,CRM-CAP-004,CAP,Boundary ownership,"Approved workflows may create tasks, but task lifecycle always passes through CRM activity/task commands.",P0,REQUIRED,CRM-P1-BE-029;CRM-P1-BE-030;CRM-P1-CODE-015,,,,APPROVED,CRM Pass 1,2026-08-30
F015-FR-001,F015,CRM-CAP-004,FR,Primary workflow,"The system MUST provide a complete server-backed workflow to work a prioritized task queue and complete/recur tasks without losing related-record context, including success, empty, validation, permission and conflict states.",P0,REQUIRED,CRM-P1-BE-029;CRM-P1-BE-030;CRM-P1-CODE-015,,,,APPROVED,CRM Pass 1,2026-08-30
F015-FR-002,F015,CRM-CAP-004,FR,History and recoverability,"Every material Tasks mutation MUST leave durable history sufficient to explain actor, time, previous state, new state and reason where applicable.",P0,REQUIRED,CRM-P1-BE-029;CRM-P1-BE-030;CRM-P1-CODE-015,,,,APPROVED,CRM Pass 1,2026-08-30
F015-FR-003,F015,CRM-CAP-004,FR,Enterprise volume,"The feature MUST remain usable for individual work and enterprise list/bulk volumes using pagination, virtualization or asynchronous jobs when thresholds are crossed.",P0,REQUIRED,CRM-P1-BE-029;CRM-P1-BE-030;CRM-P1-CODE-015,,,,APPROVED,CRM Pass 1,2026-08-30
F015-US-001,F015,CRM-CAP-004,US,Front-line job,"As an authorized front-line user, I can work a prioritized task queue and complete/recur tasks without losing related-record context without navigating to raw technical resources or losing related-record context.",P0,REQUIRED,CRM-P1-BE-029;CRM-P1-BE-030;CRM-P1-CODE-015,,,,APPROVED,CRM Pass 1,2026-08-30
F015-US-002,F015,CRM-CAP-004,US,Manager/operations job,"As a manager or operations user, I can inspect, govern and audit Tasks behavior across my permitted team/company scope.",P0,REQUIRED,CRM-P1-BE-029;CRM-P1-BE-030;CRM-P1-CODE-015,,,,APPROVED,CRM Pass 1,2026-08-30
F015-FLOW-001,F015,CRM-CAP-004,FLOW,Primary and alternate flow,The primary flow MUST follow the governed lifecycle `OPEN -> IN_PROGRESS -> COMPLETED | CANCELED; OVERDUE is a derived condition` and expose alternate/cancel paths where the lifecycle permits them.,P0,REQUIRED,CRM-P1-BE-029;CRM-P1-BE-030;CRM-P1-CODE-015,,,,APPROVED,CRM Pass 1,2026-08-30
F015-FLOW-002,F015,CRM-CAP-004,FLOW,Failure and retry flow,"Validation failures, authorization denials, concurrency conflicts and retryable integration failures MUST be visible, actionable and safe to retry without duplicate business effects.",P0,REQUIRED,CRM-P1-BE-029;CRM-P1-BE-030;CRM-P1-CODE-015,,,,APPROVED,CRM Pass 1,2026-08-30
F015-BR-001,F015,CRM-CAP-004,BR,Authoritative ownership,"The owning CRM domain command/service is authoritative for Tasks; UI, import, bulk, automation and AI paths MUST reuse the same business rules.",P0,REQUIRED,CRM-P1-BE-029;CRM-P1-BE-030;CRM-P1-CODE-015,,,,APPROVED,CRM Pass 1,2026-08-30
F015-BR-002,F015,CRM-CAP-004,BR,Historical truth,"Configuration or later edits MUST NOT rewrite historical Tasks events needed for audit, reporting or reproducibility.",P0,REQUIRED,CRM-P1-BE-029;CRM-P1-BE-030;CRM-P1-CODE-015,,,,APPROVED,CRM Pass 1,2026-08-30
F015-DATA-001,F015,CRM-CAP-004,DATA,Entity model,"The authoritative data model MUST explicitly govern crm_activities; crm_task_events; users; related CRM records with organization identifiers, stable keys, lifecycle timestamps and indexes appropriate to access patterns.",P0,REQUIRED,CRM-P1-BE-029;CRM-P1-BE-030;CRM-P1-CODE-015,,,,APPROVED,CRM Pass 1,2026-08-30
F015-DATA-002,F015,CRM-CAP-004,DATA,Lineage and retention,"System-derived and externally sourced values MUST retain provenance/lineage, and retention/deletion behavior MUST preserve legally or operationally required audit links.",P0,REQUIRED,CRM-P1-BE-029;CRM-P1-BE-030;CRM-P1-CODE-015,,,,APPROVED,CRM Pass 1,2026-08-30
F015-VAL-001,F015,CRM-CAP-004,VAL,Server validation,"All create/update/transition commands MUST validate required fields, references, organization/company scope, lifecycle legality and normalized input server-side before persistence.",P0,REQUIRED,CRM-P1-BE-029;CRM-P1-BE-030;CRM-P1-CODE-015,,,,APPROVED,CRM Pass 1,2026-08-30
F015-VAL-002,F015,CRM-CAP-004,VAL,Actionable errors,Validation failures MUST return stable CRM error codes plus user-actionable messages without leaking restricted record existence or sensitive values.,P0,REQUIRED,CRM-P1-BE-029;CRM-P1-BE-030;CRM-P1-CODE-015,,,,APPROVED,CRM Pass 1,2026-08-30
F015-CALC-001,F015,CRM-CAP-004,CALC,Deterministic calculations,Overdue and aging derive from due timestamps and working calendar rules; recurring instances use deterministic schedules.,P0,REQUIRED,CRM-P1-BE-029;CRM-P1-BE-030;CRM-P1-CODE-015,,,,APPROVED,CRM Pass 1,2026-08-30
F015-UX-001,F015,CRM-CAP-004,UX,Workspace,The primary Tasks workspace MUST expose the next meaningful action above the fold and keep high-frequency context/actions within one consistent CRM shell.,P0,REQUIRED,CRM-P1-BE-029;CRM-P1-BE-030;CRM-P1-CODE-015,,,,APPROVED,CRM Pass 1,2026-08-30
F015-UX-002,F015,CRM-CAP-004,UX,States and feedback,"List/detail/create/edit surfaces MUST specify loading, empty, error, permission, stale/conflict and destructive-action states with immediate progress/confirmation feedback.",P0,REQUIRED,CRM-P1-BE-029;CRM-P1-BE-030;CRM-P1-CODE-015,,,,APPROVED,CRM Pass 1,2026-08-30
F015-UX-003,F015,CRM-CAP-004,UX,Responsive/accessibility,"Critical Tasks actions MUST work on desktop, tablet and phone with full keyboard operation, visible focus, semantic labels, non-drag alternatives and no horizontal content loss except intentional boards/tables.",P0,REQUIRED,CRM-P1-BE-029;CRM-P1-BE-030;CRM-P1-CODE-015,,,,APPROVED,CRM Pass 1,2026-08-30
F015-SEC-001,F015,CRM-CAP-004,SEC,Authorization,"Every Tasks query and command MUST enforce server-side organization, company/branch where applicable, team/owner/record scope and action permission before returning or mutating data.",P0,REQUIRED,CRM-P1-BE-029;CRM-P1-BE-030;CRM-P1-CODE-015,,,,APPROVED,CRM Pass 1,2026-08-30
F015-SEC-002,F015,CRM-CAP-004,SEC,Sensitive fields and negative tests,"Sensitive fields/content MUST support stricter field/content visibility than record visibility, and negative tests MUST prove unauthorized users cannot infer data via search counts, reports, timeline, exports, AI or errors.",P0,REQUIRED,CRM-P1-BE-029;CRM-P1-BE-030;CRM-P1-CODE-015,,,,APPROVED,CRM Pass 1,2026-08-30
F015-AUTO-001,F015,CRM-CAP-004,AUTO,Automation governance,"Approved automation may act on Tasks only through normal domain commands with trigger provenance, recursion control, retry policy, audit and operator visibility.",P0,REQUIRED,CRM-P1-BE-029;CRM-P1-BE-030;CRM-P1-CODE-015,,,,APPROVED,CRM Pass 1,2026-08-30
F015-APP-001,F015,CRM-CAP-004,APP,Approval/override policy,"Ordinary low-risk Tasks work does not require a universal approval; elevated overrides, destructive merges, high-impact bulk changes or configured thresholds MUST require the explicit permission/approval policy and reason.",P0,REQUIRED,CRM-P1-BE-029;CRM-P1-BE-030;CRM-P1-CODE-015,,,,APPROVED,CRM Pass 1,2026-08-30
F015-NOTIF-001,F015,CRM-CAP-004,NOTIF,Notification behavior,"Notifications for Tasks MUST be event-driven, permission-safe, preference-aware, deduplicated on retry and include a durable deep link when the recipient remains authorized.",P0,REQUIRED,CRM-P1-BE-029;CRM-P1-BE-030;CRM-P1-CODE-015,,,,APPROVED,CRM Pass 1,2026-08-30
F015-REP-001,F015,CRM-CAP-004,REP,Reporting contract,"Reports/KPIs for Tasks MUST define formula, dimensions, time basis, freshness, currency/units where applicable, permission-safe aggregation and drill-down reconciliation.",P0,REQUIRED,CRM-P1-BE-029;CRM-P1-BE-030;CRM-P1-CODE-015,,,,APPROVED,CRM Pass 1,2026-08-30
F015-AI-001,F015,CRM-CAP-004,AI,AI authority boundary,"AI class is `AI_RECOMMEND`. AI MAY assist/recommend/generate only within the caller's normal data permissions and MUST expose provenance, model/version, uncertainty/reasons where applicable and a deterministic/human fallback; it MUST NOT bypass normal mutation authority.",P0,REQUIRED,CRM-P1-BE-029;CRM-P1-BE-030;CRM-P1-CODE-015,,,,APPROVED,CRM Pass 1,2026-08-30
F015-INT-001,F015,CRM-CAP-004,INT,Module/external contract,"Approved workflows may create tasks, but task lifecycle always passes through CRM activity/task commands.",P0,REQUIRED,CRM-P1-BE-029;CRM-P1-BE-030;CRM-P1-CODE-015,,,,APPROVED,CRM Pass 1,2026-08-30
F015-INT-002,F015,CRM-CAP-004,INT,Failure reconciliation,"Every external or cross-module effect for Tasks MUST define idempotency, retry ownership, failure visibility, compensation/reversal where possible and an operator reconciliation path.",P0,REQUIRED,CRM-P1-BE-029;CRM-P1-BE-030;CRM-P1-CODE-015,,,,APPROVED,CRM Pass 1,2026-08-30
F015-API-001,F015,CRM-CAP-004,API,Command contract,"Mutating Tasks APIs MUST have explicit request/response/error schemas, authorization, optimistic concurrency where records are editable, audit/correlation metadata and idempotency for non-repeatable commands.",P0,REQUIRED,CRM-P1-BE-029;CRM-P1-BE-030;CRM-P1-CODE-015,,,,APPROVED,CRM Pass 1,2026-08-30
F015-API-002,F015,CRM-CAP-004,API,Query contract,"Tasks list/search/detail APIs MUST use bounded pagination, stable sorting/filter semantics, permission-safe counts and compatibility/versioning rules.",P0,REQUIRED,CRM-P1-BE-029;CRM-P1-BE-030;CRM-P1-CODE-015,,,,APPROVED,CRM Pass 1,2026-08-30
F015-PERF-001,F015,CRM-CAP-004,PERF,Performance envelope,"Normal Tasks record reads SHOULD meet p95 <=400ms server response, filtered lists <=600ms and standard mutations <=750ms on representative datasets; large jobs MUST become asynchronous.",P1,REQUIRED,CRM-P1-BE-029;CRM-P1-BE-030;CRM-P1-CODE-015,,,,APPROVED,CRM Pass 1,2026-08-30
F015-OBS-001,F015,CRM-CAP-004,OBS,Observability,"The system MUST emit correlation IDs, structured non-PII logs, business/technical metrics and retry/dead-letter/reconciliation diagnostics sufficient to explain Tasks failures without exposing sensitive content.",P0,REQUIRED,CRM-P1-BE-029;CRM-P1-BE-030;CRM-P1-CODE-015,,,,APPROVED,CRM Pass 1,2026-08-30
F015-E2E-001,F015,CRM-CAP-004,E2E,Happy/permission browser journey,Browser E2E MUST prove an authorized user can work a prioritized task queue and complete/recur tasks without losing related-record context and an unauthorized user cannot perform or infer the same action/data.,P0,REQUIRED,CRM-P1-BE-029;CRM-P1-BE-030;CRM-P1-CODE-015,,,,APPROVED,CRM Pass 1,2026-08-30
F015-E2E-002,F015,CRM-CAP-004,E2E,Conflict/failure browser journey,"Browser/API E2E MUST prove stale-write/conflict or retryable failure behavior for Tasks is visible, recoverable and does not duplicate business effects.",P0,REQUIRED,CRM-P1-BE-029;CRM-P1-BE-030;CRM-P1-CODE-015,,,,APPROVED,CRM Pass 1,2026-08-30
F015-UAT-001,F015,CRM-CAP-004,UAT,Front-line UAT,"Human UAT MUST have a front-line persona execute the primary Tasks job on desktop and a high-frequency mobile/tablet path, capturing visible result and audit evidence.",P0,REQUIRED,CRM-P1-BE-029;CRM-P1-BE-030;CRM-P1-CODE-015,,,,APPROVED,CRM Pass 1,2026-08-30
F015-UAT-002,F015,CRM-CAP-004,UAT,Manager/exception UAT,Human UAT MUST have a manager/operations persona exercise one permission/exception/override or reconciliation case and confirm reporting/history reflect the outcome.,P0,REQUIRED,CRM-P1-BE-029;CRM-P1-BE-030;CRM-P1-CODE-015,,,,APPROVED,CRM Pass 1,2026-08-30
F016-CAP-001,F016,CRM-CAP-004,CAP,Core operator outcome,"The Follow-ups and reminders capability MUST let authorized REP; MGR users schedule the next action, receive a reminder and snooze/complete it with visible history.",P0,REQUIRED,CRM-P1-BE-031;CRM-P1-BE-032;CRM-P1-CODE-016,,,,APPROVED,CRM Pass 1,2026-08-30
F016-CAP-002,F016,CRM-CAP-004,CAP,Enterprise completeness,"The capability MUST include the reviewed enterprise expectations for multiple reminders, working hours, escalation, no-activity rules, delivery receipts, deduplication and timezone behavior and MUST NOT treat the short canonical label as the full scope.",P0,REQUIRED,CRM-P1-BE-031;CRM-P1-BE-032;CRM-P1-CODE-016,,,,APPROVED,CRM Pass 1,2026-08-30
F016-CAP-003,F016,CRM-CAP-004,CAP,Boundary ownership,Notification channels consume reminder events idempotently; follow-up creation never bypasses record scope.,P0,REQUIRED,CRM-P1-BE-031;CRM-P1-BE-032;CRM-P1-CODE-016,,,,APPROVED,CRM Pass 1,2026-08-30
F016-FR-001,F016,CRM-CAP-004,FR,Primary workflow,"The system MUST provide a complete server-backed workflow to schedule the next action, receive a reminder and snooze/complete it with visible history, including success, empty, validation, permission and conflict states.",P0,REQUIRED,CRM-P1-BE-031;CRM-P1-BE-032;CRM-P1-CODE-016,,,,APPROVED,CRM Pass 1,2026-08-30
F016-FR-002,F016,CRM-CAP-004,FR,History and recoverability,"Every material Follow-ups and reminders mutation MUST leave durable history sufficient to explain actor, time, previous state, new state and reason where applicable.",P0,REQUIRED,CRM-P1-BE-031;CRM-P1-BE-032;CRM-P1-CODE-016,,,,APPROVED,CRM Pass 1,2026-08-30
F016-FR-003,F016,CRM-CAP-004,FR,Enterprise volume,"The feature MUST remain usable for individual work and enterprise list/bulk volumes using pagination, virtualization or asynchronous jobs when thresholds are crossed.",P0,REQUIRED,CRM-P1-BE-031;CRM-P1-BE-032;CRM-P1-CODE-016,,,,APPROVED,CRM Pass 1,2026-08-30
F016-US-001,F016,CRM-CAP-004,US,Front-line job,"As an authorized front-line user, I can schedule the next action, receive a reminder and snooze/complete it with visible history without navigating to raw technical resources or losing related-record context.",P0,REQUIRED,CRM-P1-BE-031;CRM-P1-BE-032;CRM-P1-CODE-016,,,,APPROVED,CRM Pass 1,2026-08-30
F016-US-002,F016,CRM-CAP-004,US,Manager/operations job,"As a manager or operations user, I can inspect, govern and audit Follow-ups and reminders behavior across my permitted team/company scope.",P0,REQUIRED,CRM-P1-BE-031;CRM-P1-BE-032;CRM-P1-CODE-016,,,,APPROVED,CRM Pass 1,2026-08-30
F016-FLOW-001,F016,CRM-CAP-004,FLOW,Primary and alternate flow,The primary flow MUST follow the governed lifecycle `SCHEDULED -> DUE/SENT -> COMPLETED; SNOOZED records a schedule change` and expose alternate/cancel paths where the lifecycle permits them.,P0,REQUIRED,CRM-P1-BE-031;CRM-P1-BE-032;CRM-P1-CODE-016,,,,APPROVED,CRM Pass 1,2026-08-30
F016-FLOW-002,F016,CRM-CAP-004,FLOW,Failure and retry flow,"Validation failures, authorization denials, concurrency conflicts and retryable integration failures MUST be visible, actionable and safe to retry without duplicate business effects.",P0,REQUIRED,CRM-P1-BE-031;CRM-P1-BE-032;CRM-P1-CODE-016,,,,APPROVED,CRM Pass 1,2026-08-30
F016-BR-001,F016,CRM-CAP-004,BR,Authoritative ownership,"The owning CRM domain command/service is authoritative for Follow-ups and reminders; UI, import, bulk, automation and AI paths MUST reuse the same business rules.",P0,REQUIRED,CRM-P1-BE-031;CRM-P1-BE-032;CRM-P1-CODE-016,,,,APPROVED,CRM Pass 1,2026-08-30
F016-BR-002,F016,CRM-CAP-004,BR,Historical truth,"Configuration or later edits MUST NOT rewrite historical Follow-ups and reminders events needed for audit, reporting or reproducibility.",P0,REQUIRED,CRM-P1-BE-031;CRM-P1-BE-032;CRM-P1-CODE-016,,,,APPROVED,CRM Pass 1,2026-08-30
F016-DATA-001,F016,CRM-CAP-004,DATA,Entity model,"The authoritative data model MUST explicitly govern crm_activities; reminder/notification state; crm_task_events; lead/opportunity records with organization identifiers, stable keys, lifecycle timestamps and indexes appropriate to access patterns.",P0,REQUIRED,CRM-P1-BE-031;CRM-P1-BE-032;CRM-P1-CODE-016,,,,APPROVED,CRM Pass 1,2026-08-30
F016-DATA-002,F016,CRM-CAP-004,DATA,Lineage and retention,"System-derived and externally sourced values MUST retain provenance/lineage, and retention/deletion behavior MUST preserve legally or operationally required audit links.",P0,REQUIRED,CRM-P1-BE-031;CRM-P1-BE-032;CRM-P1-CODE-016,,,,APPROVED,CRM Pass 1,2026-08-30
F016-VAL-001,F016,CRM-CAP-004,VAL,Server validation,"All create/update/transition commands MUST validate required fields, references, organization/company scope, lifecycle legality and normalized input server-side before persistence.",P0,REQUIRED,CRM-P1-BE-031;CRM-P1-BE-032;CRM-P1-CODE-016,,,,APPROVED,CRM Pass 1,2026-08-30
F016-VAL-002,F016,CRM-CAP-004,VAL,Actionable errors,Validation failures MUST return stable CRM error codes plus user-actionable messages without leaking restricted record existence or sensitive values.,P0,REQUIRED,CRM-P1-BE-031;CRM-P1-BE-032;CRM-P1-CODE-016,,,,APPROVED,CRM Pass 1,2026-08-30
F016-CALC-001,F016,CRM-CAP-004,CALC,Deterministic calculations,Reminder timing uses tenant/user timezone and working-hour policy; retries must not duplicate delivery.,P0,REQUIRED,CRM-P1-BE-031;CRM-P1-BE-032;CRM-P1-CODE-016,,,,APPROVED,CRM Pass 1,2026-08-30
F016-UX-001,F016,CRM-CAP-004,UX,Workspace,The primary Follow-ups and reminders workspace MUST expose the next meaningful action above the fold and keep high-frequency context/actions within one consistent CRM shell.,P0,REQUIRED,CRM-P1-BE-031;CRM-P1-BE-032;CRM-P1-CODE-016,,,,APPROVED,CRM Pass 1,2026-08-30
F016-UX-002,F016,CRM-CAP-004,UX,States and feedback,"List/detail/create/edit surfaces MUST specify loading, empty, error, permission, stale/conflict and destructive-action states with immediate progress/confirmation feedback.",P0,REQUIRED,CRM-P1-BE-031;CRM-P1-BE-032;CRM-P1-CODE-016,,,,APPROVED,CRM Pass 1,2026-08-30
F016-UX-003,F016,CRM-CAP-004,UX,Responsive/accessibility,"Critical Follow-ups and reminders actions MUST work on desktop, tablet and phone with full keyboard operation, visible focus, semantic labels, non-drag alternatives and no horizontal content loss except intentional boards/tables.",P0,REQUIRED,CRM-P1-BE-031;CRM-P1-BE-032;CRM-P1-CODE-016,,,,APPROVED,CRM Pass 1,2026-08-30
F016-SEC-001,F016,CRM-CAP-004,SEC,Authorization,"Every Follow-ups and reminders query and command MUST enforce server-side organization, company/branch where applicable, team/owner/record scope and action permission before returning or mutating data.",P0,REQUIRED,CRM-P1-BE-031;CRM-P1-BE-032;CRM-P1-CODE-016,,,,APPROVED,CRM Pass 1,2026-08-30
F016-SEC-002,F016,CRM-CAP-004,SEC,Sensitive fields and negative tests,"Sensitive fields/content MUST support stricter field/content visibility than record visibility, and negative tests MUST prove unauthorized users cannot infer data via search counts, reports, timeline, exports, AI or errors.",P0,REQUIRED,CRM-P1-BE-031;CRM-P1-BE-032;CRM-P1-CODE-016,,,,APPROVED,CRM Pass 1,2026-08-30
F016-AUTO-001,F016,CRM-CAP-004,AUTO,Automation governance,"Approved automation may act on Follow-ups and reminders only through normal domain commands with trigger provenance, recursion control, retry policy, audit and operator visibility.",P0,REQUIRED,CRM-P1-BE-031;CRM-P1-BE-032;CRM-P1-CODE-016,,,,APPROVED,CRM Pass 1,2026-08-30
F016-APP-001,F016,CRM-CAP-004,APP,Approval/override policy,"Ordinary low-risk Follow-ups and reminders work does not require a universal approval; elevated overrides, destructive merges, high-impact bulk changes or configured thresholds MUST require the explicit permission/approval policy and reason.",P0,REQUIRED,CRM-P1-BE-031;CRM-P1-BE-032;CRM-P1-CODE-016,,,,APPROVED,CRM Pass 1,2026-08-30
F016-NOTIF-001,F016,CRM-CAP-004,NOTIF,Notification behavior,"Notifications for Follow-ups and reminders MUST be event-driven, permission-safe, preference-aware, deduplicated on retry and include a durable deep link when the recipient remains authorized.",P0,REQUIRED,CRM-P1-BE-031;CRM-P1-BE-032;CRM-P1-CODE-016,,,,APPROVED,CRM Pass 1,2026-08-30
F016-REP-001,F016,CRM-CAP-004,REP,Reporting contract,"Reports/KPIs for Follow-ups and reminders MUST define formula, dimensions, time basis, freshness, currency/units where applicable, permission-safe aggregation and drill-down reconciliation.",P0,REQUIRED,CRM-P1-BE-031;CRM-P1-BE-032;CRM-P1-CODE-016,,,,APPROVED,CRM Pass 1,2026-08-30
F016-AI-001,F016,CRM-CAP-004,AI,AI authority boundary,"AI class is `AI_RECOMMEND`. AI MAY assist/recommend/generate only within the caller's normal data permissions and MUST expose provenance, model/version, uncertainty/reasons where applicable and a deterministic/human fallback; it MUST NOT bypass normal mutation authority.",P0,REQUIRED,CRM-P1-BE-031;CRM-P1-BE-032;CRM-P1-CODE-016,,,,APPROVED,CRM Pass 1,2026-08-30
F016-INT-001,F016,CRM-CAP-004,INT,Module/external contract,Notification channels consume reminder events idempotently; follow-up creation never bypasses record scope.,P0,REQUIRED,CRM-P1-BE-031;CRM-P1-BE-032;CRM-P1-CODE-016,,,,APPROVED,CRM Pass 1,2026-08-30
F016-INT-002,F016,CRM-CAP-004,INT,Failure reconciliation,"Every external or cross-module effect for Follow-ups and reminders MUST define idempotency, retry ownership, failure visibility, compensation/reversal where possible and an operator reconciliation path.",P0,REQUIRED,CRM-P1-BE-031;CRM-P1-BE-032;CRM-P1-CODE-016,,,,APPROVED,CRM Pass 1,2026-08-30
F016-API-001,F016,CRM-CAP-004,API,Command contract,"Mutating Follow-ups and reminders APIs MUST have explicit request/response/error schemas, authorization, optimistic concurrency where records are editable, audit/correlation metadata and idempotency for non-repeatable commands.",P0,REQUIRED,CRM-P1-BE-031;CRM-P1-BE-032;CRM-P1-CODE-016,,,,APPROVED,CRM Pass 1,2026-08-30
F016-API-002,F016,CRM-CAP-004,API,Query contract,"Follow-ups and reminders list/search/detail APIs MUST use bounded pagination, stable sorting/filter semantics, permission-safe counts and compatibility/versioning rules.",P0,REQUIRED,CRM-P1-BE-031;CRM-P1-BE-032;CRM-P1-CODE-016,,,,APPROVED,CRM Pass 1,2026-08-30
F016-PERF-001,F016,CRM-CAP-004,PERF,Performance envelope,"Normal Follow-ups and reminders record reads SHOULD meet p95 <=400ms server response, filtered lists <=600ms and standard mutations <=750ms on representative datasets; large jobs MUST become asynchronous.",P1,REQUIRED,CRM-P1-BE-031;CRM-P1-BE-032;CRM-P1-CODE-016,,,,APPROVED,CRM Pass 1,2026-08-30
F016-OBS-001,F016,CRM-CAP-004,OBS,Observability,"The system MUST emit correlation IDs, structured non-PII logs, business/technical metrics and retry/dead-letter/reconciliation diagnostics sufficient to explain Follow-ups and reminders failures without exposing sensitive content.",P0,REQUIRED,CRM-P1-BE-031;CRM-P1-BE-032;CRM-P1-CODE-016,,,,APPROVED,CRM Pass 1,2026-08-30
F016-E2E-001,F016,CRM-CAP-004,E2E,Happy/permission browser journey,"Browser E2E MUST prove an authorized user can schedule the next action, receive a reminder and snooze/complete it with visible history and an unauthorized user cannot perform or infer the same action/data.",P0,REQUIRED,CRM-P1-BE-031;CRM-P1-BE-032;CRM-P1-CODE-016,,,,APPROVED,CRM Pass 1,2026-08-30
F016-E2E-002,F016,CRM-CAP-004,E2E,Conflict/failure browser journey,"Browser/API E2E MUST prove stale-write/conflict or retryable failure behavior for Follow-ups and reminders is visible, recoverable and does not duplicate business effects.",P0,REQUIRED,CRM-P1-BE-031;CRM-P1-BE-032;CRM-P1-CODE-016,,,,APPROVED,CRM Pass 1,2026-08-30
F016-UAT-001,F016,CRM-CAP-004,UAT,Front-line UAT,"Human UAT MUST have a front-line persona execute the primary Follow-ups and reminders job on desktop and a high-frequency mobile/tablet path, capturing visible result and audit evidence.",P0,REQUIRED,CRM-P1-BE-031;CRM-P1-BE-032;CRM-P1-CODE-016,,,,APPROVED,CRM Pass 1,2026-08-30
F016-UAT-002,F016,CRM-CAP-004,UAT,Manager/exception UAT,Human UAT MUST have a manager/operations persona exercise one permission/exception/override or reconciliation case and confirm reporting/history reflect the outcome.,P0,REQUIRED,CRM-P1-BE-031;CRM-P1-BE-032;CRM-P1-CODE-016,,,,APPROVED,CRM Pass 1,2026-08-30
F017-CAP-001,F017,CRM-CAP-004,CAP,Core operator outcome,The Notes and attachments capability MUST let authorized REP; MGR; OPS users add a note or file and later retrieve it only when parent-record and content permissions allow.,P0,REQUIRED,CRM-P1-BE-033;CRM-P1-BE-034;CRM-P1-CODE-017,,,,APPROVED,CRM Pass 1,2026-08-30
F017-CAP-002,F017,CRM-CAP-004,CAP,Enterprise completeness,"The capability MUST include the reviewed enterprise expectations for private notes, malware scanning, MIME/content validation, versions, quarantine, retention, unauthorized download and AI file summarization scope and MUST NOT treat the short canonical label as the full scope.",P0,REQUIRED,CRM-P1-BE-033;CRM-P1-BE-034;CRM-P1-CODE-017,,,,APPROVED,CRM Pass 1,2026-08-30
F017-CAP-003,F017,CRM-CAP-004,CAP,Boundary ownership,Object storage and malware scanning are adapters; access can never exceed the parent CRM record and private-note policy.,P0,REQUIRED,CRM-P1-BE-033;CRM-P1-BE-034;CRM-P1-CODE-017,,,,APPROVED,CRM Pass 1,2026-08-30
F017-FR-001,F017,CRM-CAP-004,FR,Primary workflow,"The system MUST provide a complete server-backed workflow to add a note or file and later retrieve it only when parent-record and content permissions allow, including success, empty, validation, permission and conflict states.",P0,REQUIRED,CRM-P1-BE-033;CRM-P1-BE-034;CRM-P1-CODE-017,,,,APPROVED,CRM Pass 1,2026-08-30
F017-FR-002,F017,CRM-CAP-004,FR,History and recoverability,"Every material Notes and attachments mutation MUST leave durable history sufficient to explain actor, time, previous state, new state and reason where applicable.",P0,REQUIRED,CRM-P1-BE-033;CRM-P1-BE-034;CRM-P1-CODE-017,,,,APPROVED,CRM Pass 1,2026-08-30
F017-FR-003,F017,CRM-CAP-004,FR,Enterprise volume,"The feature MUST remain usable for individual work and enterprise list/bulk volumes using pagination, virtualization or asynchronous jobs when thresholds are crossed.",P0,REQUIRED,CRM-P1-BE-033;CRM-P1-BE-034;CRM-P1-CODE-017,,,,APPROVED,CRM Pass 1,2026-08-30
F017-US-001,F017,CRM-CAP-004,US,Front-line job,"As an authorized front-line user, I can add a note or file and later retrieve it only when parent-record and content permissions allow without navigating to raw technical resources or losing related-record context.",P0,REQUIRED,CRM-P1-BE-033;CRM-P1-BE-034;CRM-P1-CODE-017,,,,APPROVED,CRM Pass 1,2026-08-30
F017-US-002,F017,CRM-CAP-004,US,Manager/operations job,"As a manager or operations user, I can inspect, govern and audit Notes and attachments behavior across my permitted team/company scope.",P0,REQUIRED,CRM-P1-BE-033;CRM-P1-BE-034;CRM-P1-CODE-017,,,,APPROVED,CRM Pass 1,2026-08-30
F017-FLOW-001,F017,CRM-CAP-004,FLOW,Primary and alternate flow,The primary flow MUST follow the governed lifecycle `Note ACTIVE -> ARCHIVED; attachment UPLOADING -> READY | QUARANTINED | FAILED -> DELETED` and expose alternate/cancel paths where the lifecycle permits them.,P0,REQUIRED,CRM-P1-BE-033;CRM-P1-BE-034;CRM-P1-CODE-017,,,,APPROVED,CRM Pass 1,2026-08-30
F017-FLOW-002,F017,CRM-CAP-004,FLOW,Failure and retry flow,"Validation failures, authorization denials, concurrency conflicts and retryable integration failures MUST be visible, actionable and safe to retry without duplicate business effects.",P0,REQUIRED,CRM-P1-BE-033;CRM-P1-BE-034;CRM-P1-CODE-017,,,,APPROVED,CRM Pass 1,2026-08-30
F017-BR-001,F017,CRM-CAP-004,BR,Authoritative ownership,"The owning CRM domain command/service is authoritative for Notes and attachments; UI, import, bulk, automation and AI paths MUST reuse the same business rules.",P0,REQUIRED,CRM-P1-BE-033;CRM-P1-BE-034;CRM-P1-CODE-017,,,,APPROVED,CRM Pass 1,2026-08-30
F017-BR-002,F017,CRM-CAP-004,BR,Historical truth,"Configuration or later edits MUST NOT rewrite historical Notes and attachments events needed for audit, reporting or reproducibility.",P0,REQUIRED,CRM-P1-BE-033;CRM-P1-BE-034;CRM-P1-CODE-017,,,,APPROVED,CRM Pass 1,2026-08-30
F017-DATA-001,F017,CRM-CAP-004,DATA,Entity model,"The authoritative data model MUST explicitly govern crm_notes; attachment metadata/storage references; related CRM records with organization identifiers, stable keys, lifecycle timestamps and indexes appropriate to access patterns.",P0,REQUIRED,CRM-P1-BE-033;CRM-P1-BE-034;CRM-P1-CODE-017,,,,APPROVED,CRM Pass 1,2026-08-30
F017-DATA-002,F017,CRM-CAP-004,DATA,Lineage and retention,"System-derived and externally sourced values MUST retain provenance/lineage, and retention/deletion behavior MUST preserve legally or operationally required audit links.",P0,REQUIRED,CRM-P1-BE-033;CRM-P1-BE-034;CRM-P1-CODE-017,,,,APPROVED,CRM Pass 1,2026-08-30
F017-VAL-001,F017,CRM-CAP-004,VAL,Server validation,"All create/update/transition commands MUST validate required fields, references, organization/company scope, lifecycle legality and normalized input server-side before persistence.",P0,REQUIRED,CRM-P1-BE-033;CRM-P1-BE-034;CRM-P1-CODE-017,,,,APPROVED,CRM Pass 1,2026-08-30
F017-VAL-002,F017,CRM-CAP-004,VAL,Actionable errors,Validation failures MUST return stable CRM error codes plus user-actionable messages without leaking restricted record existence or sensitive values.,P0,REQUIRED,CRM-P1-BE-033;CRM-P1-BE-034;CRM-P1-CODE-017,,,,APPROVED,CRM Pass 1,2026-08-30
F017-CALC-001,F017,CRM-CAP-004,CALC,Deterministic calculations,File sizes/checksums and retention dates are deterministic metadata; no AI-derived document content becomes authoritative without user action.,P0,REQUIRED,CRM-P1-BE-033;CRM-P1-BE-034;CRM-P1-CODE-017,,,,APPROVED,CRM Pass 1,2026-08-30
F017-UX-001,F017,CRM-CAP-004,UX,Workspace,The primary Notes and attachments workspace MUST expose the next meaningful action above the fold and keep high-frequency context/actions within one consistent CRM shell.,P0,REQUIRED,CRM-P1-BE-033;CRM-P1-BE-034;CRM-P1-CODE-017,,,,APPROVED,CRM Pass 1,2026-08-30
F017-UX-002,F017,CRM-CAP-004,UX,States and feedback,"List/detail/create/edit surfaces MUST specify loading, empty, error, permission, stale/conflict and destructive-action states with immediate progress/confirmation feedback.",P0,REQUIRED,CRM-P1-BE-033;CRM-P1-BE-034;CRM-P1-CODE-017,,,,APPROVED,CRM Pass 1,2026-08-30
F017-UX-003,F017,CRM-CAP-004,UX,Responsive/accessibility,"Critical Notes and attachments actions MUST work on desktop, tablet and phone with full keyboard operation, visible focus, semantic labels, non-drag alternatives and no horizontal content loss except intentional boards/tables.",P0,REQUIRED,CRM-P1-BE-033;CRM-P1-BE-034;CRM-P1-CODE-017,,,,APPROVED,CRM Pass 1,2026-08-30
F017-SEC-001,F017,CRM-CAP-004,SEC,Authorization,"Every Notes and attachments query and command MUST enforce server-side organization, company/branch where applicable, team/owner/record scope and action permission before returning or mutating data.",P0,REQUIRED,CRM-P1-BE-033;CRM-P1-BE-034;CRM-P1-CODE-017,,,,APPROVED,CRM Pass 1,2026-08-30
F017-SEC-002,F017,CRM-CAP-004,SEC,Sensitive fields and negative tests,"Sensitive fields/content MUST support stricter field/content visibility than record visibility, and negative tests MUST prove unauthorized users cannot infer data via search counts, reports, timeline, exports, AI or errors.",P0,REQUIRED,CRM-P1-BE-033;CRM-P1-BE-034;CRM-P1-CODE-017,,,,APPROVED,CRM Pass 1,2026-08-30
F017-AUTO-001,F017,CRM-CAP-004,AUTO,Automation governance,"Approved automation may act on Notes and attachments only through normal domain commands with trigger provenance, recursion control, retry policy, audit and operator visibility.",P0,REQUIRED,CRM-P1-BE-033;CRM-P1-BE-034;CRM-P1-CODE-017,,,,APPROVED,CRM Pass 1,2026-08-30
F017-APP-001,F017,CRM-CAP-004,APP,Approval/override policy,"Ordinary low-risk Notes and attachments work does not require a universal approval; elevated overrides, destructive merges, high-impact bulk changes or configured thresholds MUST require the explicit permission/approval policy and reason.",P0,REQUIRED,CRM-P1-BE-033;CRM-P1-BE-034;CRM-P1-CODE-017,,,,APPROVED,CRM Pass 1,2026-08-30
F017-NOTIF-001,F017,CRM-CAP-004,NOTIF,Notification behavior,"Notifications for Notes and attachments MUST be event-driven, permission-safe, preference-aware, deduplicated on retry and include a durable deep link when the recipient remains authorized.",P0,REQUIRED,CRM-P1-BE-033;CRM-P1-BE-034;CRM-P1-CODE-017,,,,APPROVED,CRM Pass 1,2026-08-30
F017-REP-001,F017,CRM-CAP-004,REP,Reporting contract,"Reports/KPIs for Notes and attachments MUST define formula, dimensions, time basis, freshness, currency/units where applicable, permission-safe aggregation and drill-down reconciliation.",P0,REQUIRED,CRM-P1-BE-033;CRM-P1-BE-034;CRM-P1-CODE-017,,,,APPROVED,CRM Pass 1,2026-08-30
F017-AI-001,F017,CRM-CAP-004,AI,AI authority boundary,"AI class is `AI_ASSIST`. AI MAY assist/recommend/generate only within the caller's normal data permissions and MUST expose provenance, model/version, uncertainty/reasons where applicable and a deterministic/human fallback; it MUST NOT bypass normal mutation authority.",P0,REQUIRED,CRM-P1-BE-033;CRM-P1-BE-034;CRM-P1-CODE-017,,,,APPROVED,CRM Pass 1,2026-08-30
F017-INT-001,F017,CRM-CAP-004,INT,Module/external contract,Object storage and malware scanning are adapters; access can never exceed the parent CRM record and private-note policy.,P0,REQUIRED,CRM-P1-BE-033;CRM-P1-BE-034;CRM-P1-CODE-017,,,,APPROVED,CRM Pass 1,2026-08-30
F017-INT-002,F017,CRM-CAP-004,INT,Failure reconciliation,"Every external or cross-module effect for Notes and attachments MUST define idempotency, retry ownership, failure visibility, compensation/reversal where possible and an operator reconciliation path.",P0,REQUIRED,CRM-P1-BE-033;CRM-P1-BE-034;CRM-P1-CODE-017,,,,APPROVED,CRM Pass 1,2026-08-30
F017-API-001,F017,CRM-CAP-004,API,Command contract,"Mutating Notes and attachments APIs MUST have explicit request/response/error schemas, authorization, optimistic concurrency where records are editable, audit/correlation metadata and idempotency for non-repeatable commands.",P0,REQUIRED,CRM-P1-BE-033;CRM-P1-BE-034;CRM-P1-CODE-017,,,,APPROVED,CRM Pass 1,2026-08-30
F017-API-002,F017,CRM-CAP-004,API,Query contract,"Notes and attachments list/search/detail APIs MUST use bounded pagination, stable sorting/filter semantics, permission-safe counts and compatibility/versioning rules.",P0,REQUIRED,CRM-P1-BE-033;CRM-P1-BE-034;CRM-P1-CODE-017,,,,APPROVED,CRM Pass 1,2026-08-30
F017-PERF-001,F017,CRM-CAP-004,PERF,Performance envelope,"Normal Notes and attachments record reads SHOULD meet p95 <=400ms server response, filtered lists <=600ms and standard mutations <=750ms on representative datasets; large jobs MUST become asynchronous.",P1,REQUIRED,CRM-P1-BE-033;CRM-P1-BE-034;CRM-P1-CODE-017,,,,APPROVED,CRM Pass 1,2026-08-30
F017-OBS-001,F017,CRM-CAP-004,OBS,Observability,"The system MUST emit correlation IDs, structured non-PII logs, business/technical metrics and retry/dead-letter/reconciliation diagnostics sufficient to explain Notes and attachments failures without exposing sensitive content.",P0,REQUIRED,CRM-P1-BE-033;CRM-P1-BE-034;CRM-P1-CODE-017,,,,APPROVED,CRM Pass 1,2026-08-30
F017-E2E-001,F017,CRM-CAP-004,E2E,Happy/permission browser journey,Browser E2E MUST prove an authorized user can add a note or file and later retrieve it only when parent-record and content permissions allow and an unauthorized user cannot perform or infer the same action/data.,P0,REQUIRED,CRM-P1-BE-033;CRM-P1-BE-034;CRM-P1-CODE-017,,,,APPROVED,CRM Pass 1,2026-08-30
F017-E2E-002,F017,CRM-CAP-004,E2E,Conflict/failure browser journey,"Browser/API E2E MUST prove stale-write/conflict or retryable failure behavior for Notes and attachments is visible, recoverable and does not duplicate business effects.",P0,REQUIRED,CRM-P1-BE-033;CRM-P1-BE-034;CRM-P1-CODE-017,,,,APPROVED,CRM Pass 1,2026-08-30
F017-UAT-001,F017,CRM-CAP-004,UAT,Front-line UAT,"Human UAT MUST have a front-line persona execute the primary Notes and attachments job on desktop and a high-frequency mobile/tablet path, capturing visible result and audit evidence.",P0,REQUIRED,CRM-P1-BE-033;CRM-P1-BE-034;CRM-P1-CODE-017,,,,APPROVED,CRM Pass 1,2026-08-30
F017-UAT-002,F017,CRM-CAP-004,UAT,Manager/exception UAT,Human UAT MUST have a manager/operations persona exercise one permission/exception/override or reconciliation case and confirm reporting/history reflect the outcome.,P0,REQUIRED,CRM-P1-BE-033;CRM-P1-BE-034;CRM-P1-CODE-017,,,,APPROVED,CRM Pass 1,2026-08-30
F018-CAP-001,F018,CRM-CAP-004,CAP,Core operator outcome,The Email history capability MUST let authorized REP; MGR; OPS users read a permitted thread and send/log email without exposing restricted message content.,P0,REQUIRED,CRM-P1-BE-035;CRM-P1-BE-036;CRM-P1-CODE-018,,,,APPROVED,CRM Pass 1,2026-08-30
F018-CAP-002,F018,CRM-CAP-004,CAP,Enterprise completeness,"The capability MUST include the reviewed enterprise expectations for participant/team visibility, provider sync, webhook replay, suppression/consent, shared inbox, attachments, send failure and AI draft approval and MUST NOT treat the short canonical label as the full scope.",P0,REQUIRED,CRM-P1-BE-035;CRM-P1-BE-036;CRM-P1-CODE-018,,,,APPROVED,CRM Pass 1,2026-08-30
F018-CAP-003,F018,CRM-CAP-004,CAP,Boundary ownership,Email/calendar providers use signed OAuth/webhook adapters; normalized CRM communication history remains permission-aware.,P0,REQUIRED,CRM-P1-BE-035;CRM-P1-BE-036;CRM-P1-CODE-018,,,,APPROVED,CRM Pass 1,2026-08-30
F018-FR-001,F018,CRM-CAP-004,FR,Primary workflow,"The system MUST provide a complete server-backed workflow to read a permitted thread and send/log email without exposing restricted message content, including success, empty, validation, permission and conflict states.",P0,REQUIRED,CRM-P1-BE-035;CRM-P1-BE-036;CRM-P1-CODE-018,,,,APPROVED,CRM Pass 1,2026-08-30
F018-FR-002,F018,CRM-CAP-004,FR,History and recoverability,"Every material Email history mutation MUST leave durable history sufficient to explain actor, time, previous state, new state and reason where applicable.",P0,REQUIRED,CRM-P1-BE-035;CRM-P1-BE-036;CRM-P1-CODE-018,,,,APPROVED,CRM Pass 1,2026-08-30
F018-FR-003,F018,CRM-CAP-004,FR,Enterprise volume,"The feature MUST remain usable for individual work and enterprise list/bulk volumes using pagination, virtualization or asynchronous jobs when thresholds are crossed.",P0,REQUIRED,CRM-P1-BE-035;CRM-P1-BE-036;CRM-P1-CODE-018,,,,APPROVED,CRM Pass 1,2026-08-30
F018-US-001,F018,CRM-CAP-004,US,Front-line job,"As an authorized front-line user, I can read a permitted thread and send/log email without exposing restricted message content without navigating to raw technical resources or losing related-record context.",P0,REQUIRED,CRM-P1-BE-035;CRM-P1-BE-036;CRM-P1-CODE-018,,,,APPROVED,CRM Pass 1,2026-08-30
F018-US-002,F018,CRM-CAP-004,US,Manager/operations job,"As a manager or operations user, I can inspect, govern and audit Email history behavior across my permitted team/company scope.",P0,REQUIRED,CRM-P1-BE-035;CRM-P1-BE-036;CRM-P1-CODE-018,,,,APPROVED,CRM Pass 1,2026-08-30
F018-FLOW-001,F018,CRM-CAP-004,FLOW,Primary and alternate flow,The primary flow MUST follow the governed lifecycle `Outbound DRAFT -> QUEUED -> SENT | FAILED; inbound RECEIVED; sync state reconciled separately` and expose alternate/cancel paths where the lifecycle permits them.,P0,REQUIRED,CRM-P1-BE-035;CRM-P1-BE-036;CRM-P1-CODE-018,,,,APPROVED,CRM Pass 1,2026-08-30
F018-FLOW-002,F018,CRM-CAP-004,FLOW,Failure and retry flow,"Validation failures, authorization denials, concurrency conflicts and retryable integration failures MUST be visible, actionable and safe to retry without duplicate business effects.",P0,REQUIRED,CRM-P1-BE-035;CRM-P1-BE-036;CRM-P1-CODE-018,,,,APPROVED,CRM Pass 1,2026-08-30
F018-BR-001,F018,CRM-CAP-004,BR,Authoritative ownership,"The owning CRM domain command/service is authoritative for Email history; UI, import, bulk, automation and AI paths MUST reuse the same business rules.",P0,REQUIRED,CRM-P1-BE-035;CRM-P1-BE-036;CRM-P1-CODE-018,,,,APPROVED,CRM Pass 1,2026-08-30
F018-BR-002,F018,CRM-CAP-004,BR,Historical truth,"Configuration or later edits MUST NOT rewrite historical Email history events needed for audit, reporting or reproducibility.",P0,REQUIRED,CRM-P1-BE-035;CRM-P1-BE-036;CRM-P1-CODE-018,,,,APPROVED,CRM Pass 1,2026-08-30
F018-DATA-001,F018,CRM-CAP-004,DATA,Entity model,"The authoritative data model MUST explicitly govern crm_communications; crm_email_messages; crm_email_threads; inbox/connection metadata with organization identifiers, stable keys, lifecycle timestamps and indexes appropriate to access patterns.",P0,REQUIRED,CRM-P1-BE-035;CRM-P1-BE-036;CRM-P1-CODE-018,,,,APPROVED,CRM Pass 1,2026-08-30
F018-DATA-002,F018,CRM-CAP-004,DATA,Lineage and retention,"System-derived and externally sourced values MUST retain provenance/lineage, and retention/deletion behavior MUST preserve legally or operationally required audit links.",P0,REQUIRED,CRM-P1-BE-035;CRM-P1-BE-036;CRM-P1-CODE-018,,,,APPROVED,CRM Pass 1,2026-08-30
F018-VAL-001,F018,CRM-CAP-004,VAL,Server validation,"All create/update/transition commands MUST validate required fields, references, organization/company scope, lifecycle legality and normalized input server-side before persistence.",P0,REQUIRED,CRM-P1-BE-035;CRM-P1-BE-036;CRM-P1-CODE-018,,,,APPROVED,CRM Pass 1,2026-08-30
F018-VAL-002,F018,CRM-CAP-004,VAL,Actionable errors,Validation failures MUST return stable CRM error codes plus user-actionable messages without leaking restricted record existence or sensitive values.,P0,REQUIRED,CRM-P1-BE-035;CRM-P1-BE-036;CRM-P1-CODE-018,,,,APPROVED,CRM Pass 1,2026-08-30
F018-CALC-001,F018,CRM-CAP-004,CALC,Deterministic calculations,"Sync lag, delivery status and engagement timestamps are derived from provider events; provider IDs are idempotency anchors.",P0,REQUIRED,CRM-P1-BE-035;CRM-P1-BE-036;CRM-P1-CODE-018,,,,APPROVED,CRM Pass 1,2026-08-30
F018-UX-001,F018,CRM-CAP-004,UX,Workspace,The primary Email history workspace MUST expose the next meaningful action above the fold and keep high-frequency context/actions within one consistent CRM shell.,P0,REQUIRED,CRM-P1-BE-035;CRM-P1-BE-036;CRM-P1-CODE-018,,,,APPROVED,CRM Pass 1,2026-08-30
F018-UX-002,F018,CRM-CAP-004,UX,States and feedback,"List/detail/create/edit surfaces MUST specify loading, empty, error, permission, stale/conflict and destructive-action states with immediate progress/confirmation feedback.",P0,REQUIRED,CRM-P1-BE-035;CRM-P1-BE-036;CRM-P1-CODE-018,,,,APPROVED,CRM Pass 1,2026-08-30
F018-UX-003,F018,CRM-CAP-004,UX,Responsive/accessibility,"Critical Email history actions MUST work on desktop, tablet and phone with full keyboard operation, visible focus, semantic labels, non-drag alternatives and no horizontal content loss except intentional boards/tables.",P0,REQUIRED,CRM-P1-BE-035;CRM-P1-BE-036;CRM-P1-CODE-018,,,,APPROVED,CRM Pass 1,2026-08-30
F018-SEC-001,F018,CRM-CAP-004,SEC,Authorization,"Every Email history query and command MUST enforce server-side organization, company/branch where applicable, team/owner/record scope and action permission before returning or mutating data.",P0,REQUIRED,CRM-P1-BE-035;CRM-P1-BE-036;CRM-P1-CODE-018,,,,APPROVED,CRM Pass 1,2026-08-30
F018-SEC-002,F018,CRM-CAP-004,SEC,Sensitive fields and negative tests,"Sensitive fields/content MUST support stricter field/content visibility than record visibility, and negative tests MUST prove unauthorized users cannot infer data via search counts, reports, timeline, exports, AI or errors.",P0,REQUIRED,CRM-P1-BE-035;CRM-P1-BE-036;CRM-P1-CODE-018,,,,APPROVED,CRM Pass 1,2026-08-30
F018-AUTO-001,F018,CRM-CAP-004,AUTO,Automation governance,"Approved automation may act on Email history only through normal domain commands with trigger provenance, recursion control, retry policy, audit and operator visibility.",P0,REQUIRED,CRM-P1-BE-035;CRM-P1-BE-036;CRM-P1-CODE-018,,,,APPROVED,CRM Pass 1,2026-08-30
F018-APP-001,F018,CRM-CAP-004,APP,Approval/override policy,"Ordinary low-risk Email history work does not require a universal approval; elevated overrides, destructive merges, high-impact bulk changes or configured thresholds MUST require the explicit permission/approval policy and reason.",P0,REQUIRED,CRM-P1-BE-035;CRM-P1-BE-036;CRM-P1-CODE-018,,,,APPROVED,CRM Pass 1,2026-08-30
F018-NOTIF-001,F018,CRM-CAP-004,NOTIF,Notification behavior,"Notifications for Email history MUST be event-driven, permission-safe, preference-aware, deduplicated on retry and include a durable deep link when the recipient remains authorized.",P0,REQUIRED,CRM-P1-BE-035;CRM-P1-BE-036;CRM-P1-CODE-018,,,,APPROVED,CRM Pass 1,2026-08-30
F018-REP-001,F018,CRM-CAP-004,REP,Reporting contract,"Reports/KPIs for Email history MUST define formula, dimensions, time basis, freshness, currency/units where applicable, permission-safe aggregation and drill-down reconciliation.",P0,REQUIRED,CRM-P1-BE-035;CRM-P1-BE-036;CRM-P1-CODE-018,,,,APPROVED,CRM Pass 1,2026-08-30
F018-AI-001,F018,CRM-CAP-004,AI,AI authority boundary,"AI class is `AI_GENERATE`. AI MAY assist/recommend/generate only within the caller's normal data permissions and MUST expose provenance, model/version, uncertainty/reasons where applicable and a deterministic/human fallback; it MUST NOT bypass normal mutation authority.",P0,REQUIRED,CRM-P1-BE-035;CRM-P1-BE-036;CRM-P1-CODE-018,,,,APPROVED,CRM Pass 1,2026-08-30
F018-INT-001,F018,CRM-CAP-004,INT,Module/external contract,Email/calendar providers use signed OAuth/webhook adapters; normalized CRM communication history remains permission-aware.,P0,REQUIRED,CRM-P1-BE-035;CRM-P1-BE-036;CRM-P1-CODE-018,,,,APPROVED,CRM Pass 1,2026-08-30
F018-INT-002,F018,CRM-CAP-004,INT,Failure reconciliation,"Every external or cross-module effect for Email history MUST define idempotency, retry ownership, failure visibility, compensation/reversal where possible and an operator reconciliation path.",P0,REQUIRED,CRM-P1-BE-035;CRM-P1-BE-036;CRM-P1-CODE-018,,,,APPROVED,CRM Pass 1,2026-08-30
F018-API-001,F018,CRM-CAP-004,API,Command contract,"Mutating Email history APIs MUST have explicit request/response/error schemas, authorization, optimistic concurrency where records are editable, audit/correlation metadata and idempotency for non-repeatable commands.",P0,REQUIRED,CRM-P1-BE-035;CRM-P1-BE-036;CRM-P1-CODE-018,,,,APPROVED,CRM Pass 1,2026-08-30
F018-API-002,F018,CRM-CAP-004,API,Query contract,"Email history list/search/detail APIs MUST use bounded pagination, stable sorting/filter semantics, permission-safe counts and compatibility/versioning rules.",P0,REQUIRED,CRM-P1-BE-035;CRM-P1-BE-036;CRM-P1-CODE-018,,,,APPROVED,CRM Pass 1,2026-08-30
F018-PERF-001,F018,CRM-CAP-004,PERF,Performance envelope,"Normal Email history record reads SHOULD meet p95 <=400ms server response, filtered lists <=600ms and standard mutations <=750ms on representative datasets; large jobs MUST become asynchronous.",P1,REQUIRED,CRM-P1-BE-035;CRM-P1-BE-036;CRM-P1-CODE-018,,,,APPROVED,CRM Pass 1,2026-08-30
F018-OBS-001,F018,CRM-CAP-004,OBS,Observability,"The system MUST emit correlation IDs, structured non-PII logs, business/technical metrics and retry/dead-letter/reconciliation diagnostics sufficient to explain Email history failures without exposing sensitive content.",P0,REQUIRED,CRM-P1-BE-035;CRM-P1-BE-036;CRM-P1-CODE-018,,,,APPROVED,CRM Pass 1,2026-08-30
F018-E2E-001,F018,CRM-CAP-004,E2E,Happy/permission browser journey,Browser E2E MUST prove an authorized user can read a permitted thread and send/log email without exposing restricted message content and an unauthorized user cannot perform or infer the same action/data.,P0,REQUIRED,CRM-P1-BE-035;CRM-P1-BE-036;CRM-P1-CODE-018,,,,APPROVED,CRM Pass 1,2026-08-30
F018-E2E-002,F018,CRM-CAP-004,E2E,Conflict/failure browser journey,"Browser/API E2E MUST prove stale-write/conflict or retryable failure behavior for Email history is visible, recoverable and does not duplicate business effects.",P0,REQUIRED,CRM-P1-BE-035;CRM-P1-BE-036;CRM-P1-CODE-018,,,,APPROVED,CRM Pass 1,2026-08-30
F018-UAT-001,F018,CRM-CAP-004,UAT,Front-line UAT,"Human UAT MUST have a front-line persona execute the primary Email history job on desktop and a high-frequency mobile/tablet path, capturing visible result and audit evidence.",P0,REQUIRED,CRM-P1-BE-035;CRM-P1-BE-036;CRM-P1-CODE-018,,,,APPROVED,CRM Pass 1,2026-08-30
F018-UAT-002,F018,CRM-CAP-004,UAT,Manager/exception UAT,Human UAT MUST have a manager/operations persona exercise one permission/exception/override or reconciliation case and confirm reporting/history reflect the outcome.,P0,REQUIRED,CRM-P1-BE-035;CRM-P1-BE-036;CRM-P1-CODE-018,,,,APPROVED,CRM Pass 1,2026-08-30
F019-CAP-001,F019,CRM-CAP-004,CAP,Core operator outcome,The Activity timeline capability MUST let authorized REP; MGR; OPS users scan a trustworthy timeline and understand what happened without hidden authorization leaks.,P0,REQUIRED,CRM-P1-BE-037;CRM-P1-BE-038;CRM-P1-CODE-019,,,,APPROVED,CRM Pass 1,2026-08-30
F019-CAP-002,F019,CRM-CAP-004,CAP,Enterprise completeness,"The capability MUST include the reviewed enterprise expectations for system versus human events, cursor stability, per-item authorization, mixed visibility, virtualized history and cited AI summaries and MUST NOT treat the short canonical label as the full scope.",P0,REQUIRED,CRM-P1-BE-037;CRM-P1-BE-038;CRM-P1-CODE-019,,,,APPROVED,CRM Pass 1,2026-08-30
F019-CAP-003,F019,CRM-CAP-004,CAP,Boundary ownership,Timeline reads normalized events from owned domain records; it does not mutate source records.,P0,REQUIRED,CRM-P1-BE-037;CRM-P1-BE-038;CRM-P1-CODE-019,,,,APPROVED,CRM Pass 1,2026-08-30
F019-FR-001,F019,CRM-CAP-004,FR,Primary workflow,"The system MUST provide a complete server-backed workflow to scan a trustworthy timeline and understand what happened without hidden authorization leaks, including success, empty, validation, permission and conflict states.",P0,REQUIRED,CRM-P1-BE-037;CRM-P1-BE-038;CRM-P1-CODE-019,,,,APPROVED,CRM Pass 1,2026-08-30
F019-FR-002,F019,CRM-CAP-004,FR,History and recoverability,"Every material Activity timeline mutation MUST leave durable history sufficient to explain actor, time, previous state, new state and reason where applicable.",P0,REQUIRED,CRM-P1-BE-037;CRM-P1-BE-038;CRM-P1-CODE-019,,,,APPROVED,CRM Pass 1,2026-08-30
F019-FR-003,F019,CRM-CAP-004,FR,Enterprise volume,"The feature MUST remain usable for individual work and enterprise list/bulk volumes using pagination, virtualization or asynchronous jobs when thresholds are crossed.",P0,REQUIRED,CRM-P1-BE-037;CRM-P1-BE-038;CRM-P1-CODE-019,,,,APPROVED,CRM Pass 1,2026-08-30
F019-US-001,F019,CRM-CAP-004,US,Front-line job,"As an authorized front-line user, I can scan a trustworthy timeline and understand what happened without hidden authorization leaks without navigating to raw technical resources or losing related-record context.",P0,REQUIRED,CRM-P1-BE-037;CRM-P1-BE-038;CRM-P1-CODE-019,,,,APPROVED,CRM Pass 1,2026-08-30
F019-US-002,F019,CRM-CAP-004,US,Manager/operations job,"As a manager or operations user, I can inspect, govern and audit Activity timeline behavior across my permitted team/company scope.",P0,REQUIRED,CRM-P1-BE-037;CRM-P1-BE-038;CRM-P1-CODE-019,,,,APPROVED,CRM Pass 1,2026-08-30
F019-FLOW-001,F019,CRM-CAP-004,FLOW,Primary and alternate flow,The primary flow MUST follow the governed lifecycle `Append/query projection; source activities retain their own lifecycles` and expose alternate/cancel paths where the lifecycle permits them.,P0,REQUIRED,CRM-P1-BE-037;CRM-P1-BE-038;CRM-P1-CODE-019,,,,APPROVED,CRM Pass 1,2026-08-30
F019-FLOW-002,F019,CRM-CAP-004,FLOW,Failure and retry flow,"Validation failures, authorization denials, concurrency conflicts and retryable integration failures MUST be visible, actionable and safe to retry without duplicate business effects.",P0,REQUIRED,CRM-P1-BE-037;CRM-P1-BE-038;CRM-P1-CODE-019,,,,APPROVED,CRM Pass 1,2026-08-30
F019-BR-001,F019,CRM-CAP-004,BR,Authoritative ownership,"The owning CRM domain command/service is authoritative for Activity timeline; UI, import, bulk, automation and AI paths MUST reuse the same business rules.",P0,REQUIRED,CRM-P1-BE-037;CRM-P1-BE-038;CRM-P1-CODE-019,,,,APPROVED,CRM Pass 1,2026-08-30
F019-BR-002,F019,CRM-CAP-004,BR,Historical truth,"Configuration or later edits MUST NOT rewrite historical Activity timeline events needed for audit, reporting or reproducibility.",P0,REQUIRED,CRM-P1-BE-037;CRM-P1-BE-038;CRM-P1-CODE-019,,,,APPROVED,CRM Pass 1,2026-08-30
F019-DATA-001,F019,CRM-CAP-004,DATA,Entity model,"The authoritative data model MUST explicitly govern crm_activities; crm_communications; crm_notes; assignment/stage/probability/domain events with organization identifiers, stable keys, lifecycle timestamps and indexes appropriate to access patterns.",P0,REQUIRED,CRM-P1-BE-037;CRM-P1-BE-038;CRM-P1-CODE-019,,,,APPROVED,CRM Pass 1,2026-08-30
F019-DATA-002,F019,CRM-CAP-004,DATA,Lineage and retention,"System-derived and externally sourced values MUST retain provenance/lineage, and retention/deletion behavior MUST preserve legally or operationally required audit links.",P0,REQUIRED,CRM-P1-BE-037;CRM-P1-BE-038;CRM-P1-CODE-019,,,,APPROVED,CRM Pass 1,2026-08-30
F019-VAL-001,F019,CRM-CAP-004,VAL,Server validation,"All create/update/transition commands MUST validate required fields, references, organization/company scope, lifecycle legality and normalized input server-side before persistence.",P0,REQUIRED,CRM-P1-BE-037;CRM-P1-BE-038;CRM-P1-CODE-019,,,,APPROVED,CRM Pass 1,2026-08-30
F019-VAL-002,F019,CRM-CAP-004,VAL,Actionable errors,Validation failures MUST return stable CRM error codes plus user-actionable messages without leaking restricted record existence or sensitive values.,P0,REQUIRED,CRM-P1-BE-037;CRM-P1-BE-038;CRM-P1-CODE-019,,,,APPROVED,CRM Pass 1,2026-08-30
F019-CALC-001,F019,CRM-CAP-004,CALC,Deterministic calculations,Stable ordering uses authoritative event timestamp plus deterministic tie-breaker; summary metrics are permission-filtered before aggregation.,P0,REQUIRED,CRM-P1-BE-037;CRM-P1-BE-038;CRM-P1-CODE-019,,,,APPROVED,CRM Pass 1,2026-08-30
F019-UX-001,F019,CRM-CAP-004,UX,Workspace,The primary Activity timeline workspace MUST expose the next meaningful action above the fold and keep high-frequency context/actions within one consistent CRM shell.,P0,REQUIRED,CRM-P1-BE-037;CRM-P1-BE-038;CRM-P1-CODE-019,,,,APPROVED,CRM Pass 1,2026-08-30
F019-UX-002,F019,CRM-CAP-004,UX,States and feedback,"List/detail/create/edit surfaces MUST specify loading, empty, error, permission, stale/conflict and destructive-action states with immediate progress/confirmation feedback.",P0,REQUIRED,CRM-P1-BE-037;CRM-P1-BE-038;CRM-P1-CODE-019,,,,APPROVED,CRM Pass 1,2026-08-30
F019-UX-003,F019,CRM-CAP-004,UX,Responsive/accessibility,"Critical Activity timeline actions MUST work on desktop, tablet and phone with full keyboard operation, visible focus, semantic labels, non-drag alternatives and no horizontal content loss except intentional boards/tables.",P0,REQUIRED,CRM-P1-BE-037;CRM-P1-BE-038;CRM-P1-CODE-019,,,,APPROVED,CRM Pass 1,2026-08-30
F019-SEC-001,F019,CRM-CAP-004,SEC,Authorization,"Every Activity timeline query and command MUST enforce server-side organization, company/branch where applicable, team/owner/record scope and action permission before returning or mutating data.",P0,REQUIRED,CRM-P1-BE-037;CRM-P1-BE-038;CRM-P1-CODE-019,,,,APPROVED,CRM Pass 1,2026-08-30
F019-SEC-002,F019,CRM-CAP-004,SEC,Sensitive fields and negative tests,"Sensitive fields/content MUST support stricter field/content visibility than record visibility, and negative tests MUST prove unauthorized users cannot infer data via search counts, reports, timeline, exports, AI or errors.",P0,REQUIRED,CRM-P1-BE-037;CRM-P1-BE-038;CRM-P1-CODE-019,,,,APPROVED,CRM Pass 1,2026-08-30
F019-AUTO-001,F019,CRM-CAP-004,AUTO,Automation governance,"Approved automation may act on Activity timeline only through normal domain commands with trigger provenance, recursion control, retry policy, audit and operator visibility.",P0,REQUIRED,CRM-P1-BE-037;CRM-P1-BE-038;CRM-P1-CODE-019,,,,APPROVED,CRM Pass 1,2026-08-30
F019-APP-001,F019,CRM-CAP-004,APP,Approval/override policy,"Ordinary low-risk Activity timeline work does not require a universal approval; elevated overrides, destructive merges, high-impact bulk changes or configured thresholds MUST require the explicit permission/approval policy and reason.",P0,REQUIRED,CRM-P1-BE-037;CRM-P1-BE-038;CRM-P1-CODE-019,,,,APPROVED,CRM Pass 1,2026-08-30
F019-NOTIF-001,F019,CRM-CAP-004,NOTIF,Notification behavior,"Notifications for Activity timeline MUST be event-driven, permission-safe, preference-aware, deduplicated on retry and include a durable deep link when the recipient remains authorized.",P0,REQUIRED,CRM-P1-BE-037;CRM-P1-BE-038;CRM-P1-CODE-019,,,,APPROVED,CRM Pass 1,2026-08-30
F019-REP-001,F019,CRM-CAP-004,REP,Reporting contract,"Reports/KPIs for Activity timeline MUST define formula, dimensions, time basis, freshness, currency/units where applicable, permission-safe aggregation and drill-down reconciliation.",P0,REQUIRED,CRM-P1-BE-037;CRM-P1-BE-038;CRM-P1-CODE-019,,,,APPROVED,CRM Pass 1,2026-08-30
F019-AI-001,F019,CRM-CAP-004,AI,AI authority boundary,"AI class is `AI_ASSIST`. AI MAY assist/recommend/generate only within the caller's normal data permissions and MUST expose provenance, model/version, uncertainty/reasons where applicable and a deterministic/human fallback; it MUST NOT bypass normal mutation authority.",P0,REQUIRED,CRM-P1-BE-037;CRM-P1-BE-038;CRM-P1-CODE-019,,,,APPROVED,CRM Pass 1,2026-08-30
F019-INT-001,F019,CRM-CAP-004,INT,Module/external contract,Timeline reads normalized events from owned domain records; it does not mutate source records.,P0,REQUIRED,CRM-P1-BE-037;CRM-P1-BE-038;CRM-P1-CODE-019,,,,APPROVED,CRM Pass 1,2026-08-30
F019-INT-002,F019,CRM-CAP-004,INT,Failure reconciliation,"Every external or cross-module effect for Activity timeline MUST define idempotency, retry ownership, failure visibility, compensation/reversal where possible and an operator reconciliation path.",P0,REQUIRED,CRM-P1-BE-037;CRM-P1-BE-038;CRM-P1-CODE-019,,,,APPROVED,CRM Pass 1,2026-08-30
F019-API-001,F019,CRM-CAP-004,API,Command contract,"Mutating Activity timeline APIs MUST have explicit request/response/error schemas, authorization, optimistic concurrency where records are editable, audit/correlation metadata and idempotency for non-repeatable commands.",P0,REQUIRED,CRM-P1-BE-037;CRM-P1-BE-038;CRM-P1-CODE-019,,,,APPROVED,CRM Pass 1,2026-08-30
F019-API-002,F019,CRM-CAP-004,API,Query contract,"Activity timeline list/search/detail APIs MUST use bounded pagination, stable sorting/filter semantics, permission-safe counts and compatibility/versioning rules.",P0,REQUIRED,CRM-P1-BE-037;CRM-P1-BE-038;CRM-P1-CODE-019,,,,APPROVED,CRM Pass 1,2026-08-30
F019-PERF-001,F019,CRM-CAP-004,PERF,Performance envelope,"Normal Activity timeline record reads SHOULD meet p95 <=400ms server response, filtered lists <=600ms and standard mutations <=750ms on representative datasets; large jobs MUST become asynchronous.",P1,REQUIRED,CRM-P1-BE-037;CRM-P1-BE-038;CRM-P1-CODE-019,,,,APPROVED,CRM Pass 1,2026-08-30
F019-OBS-001,F019,CRM-CAP-004,OBS,Observability,"The system MUST emit correlation IDs, structured non-PII logs, business/technical metrics and retry/dead-letter/reconciliation diagnostics sufficient to explain Activity timeline failures without exposing sensitive content.",P0,REQUIRED,CRM-P1-BE-037;CRM-P1-BE-038;CRM-P1-CODE-019,,,,APPROVED,CRM Pass 1,2026-08-30
F019-E2E-001,F019,CRM-CAP-004,E2E,Happy/permission browser journey,Browser E2E MUST prove an authorized user can scan a trustworthy timeline and understand what happened without hidden authorization leaks and an unauthorized user cannot perform or infer the same action/data.,P0,REQUIRED,CRM-P1-BE-037;CRM-P1-BE-038;CRM-P1-CODE-019,,,,APPROVED,CRM Pass 1,2026-08-30
F019-E2E-002,F019,CRM-CAP-004,E2E,Conflict/failure browser journey,"Browser/API E2E MUST prove stale-write/conflict or retryable failure behavior for Activity timeline is visible, recoverable and does not duplicate business effects.",P0,REQUIRED,CRM-P1-BE-037;CRM-P1-BE-038;CRM-P1-CODE-019,,,,APPROVED,CRM Pass 1,2026-08-30
F019-UAT-001,F019,CRM-CAP-004,UAT,Front-line UAT,"Human UAT MUST have a front-line persona execute the primary Activity timeline job on desktop and a high-frequency mobile/tablet path, capturing visible result and audit evidence.",P0,REQUIRED,CRM-P1-BE-037;CRM-P1-BE-038;CRM-P1-CODE-019,,,,APPROVED,CRM Pass 1,2026-08-30
F019-UAT-002,F019,CRM-CAP-004,UAT,Manager/exception UAT,Human UAT MUST have a manager/operations persona exercise one permission/exception/override or reconciliation case and confirm reporting/history reflect the outcome.,P0,REQUIRED,CRM-P1-BE-037;CRM-P1-BE-038;CRM-P1-CODE-019,,,,APPROVED,CRM Pass 1,2026-08-30
F020-CAP-001,F020,CRM-CAP-005,CAP,Core operator outcome,"The Territories and sales teams capability MUST let authorized MGR; OPS; ADMIN; REP users configure teams/territories and inspect coverage without cycles, overlap ambiguity or stale assignments.",P0,REQUIRED,CRM-P1-BE-039;CRM-P1-BE-040;CRM-P1-CODE-020,,,,APPROVED,CRM Pass 1,2026-08-30
F020-CAP-002,F020,CRM-CAP-005,CAP,Enterprise completeness,"The capability MUST include the reviewed enterprise expectations for hierarchies, overlays, effective dates, quotas, temporary delegation, coverage gaps and forecast alignment and MUST NOT treat the short canonical label as the full scope.",P0,REQUIRED,CRM-P1-BE-039;CRM-P1-BE-040;CRM-P1-CODE-020,,,,APPROVED,CRM Pass 1,2026-08-30
F020-CAP-003,F020,CRM-CAP-005,CAP,Boundary ownership,F005 assignment and F025 forecast consume team/territory contracts; neither may invent independent hierarchy semantics.,P0,REQUIRED,CRM-P1-BE-039;CRM-P1-BE-040;CRM-P1-CODE-020,,,,APPROVED,CRM Pass 1,2026-08-30
F020-FR-001,F020,CRM-CAP-005,FR,Primary workflow,"The system MUST provide a complete server-backed workflow to configure teams/territories and inspect coverage without cycles, overlap ambiguity or stale assignments, including success, empty, validation, permission and conflict states.",P0,REQUIRED,CRM-P1-BE-039;CRM-P1-BE-040;CRM-P1-CODE-020,,,,APPROVED,CRM Pass 1,2026-08-30
F020-FR-002,F020,CRM-CAP-005,FR,History and recoverability,"Every material Territories and sales teams mutation MUST leave durable history sufficient to explain actor, time, previous state, new state and reason where applicable.",P0,REQUIRED,CRM-P1-BE-039;CRM-P1-BE-040;CRM-P1-CODE-020,,,,APPROVED,CRM Pass 1,2026-08-30
F020-FR-003,F020,CRM-CAP-005,FR,Enterprise volume,"The feature MUST remain usable for individual work and enterprise list/bulk volumes using pagination, virtualization or asynchronous jobs when thresholds are crossed.",P0,REQUIRED,CRM-P1-BE-039;CRM-P1-BE-040;CRM-P1-CODE-020,,,,APPROVED,CRM Pass 1,2026-08-30
F020-US-001,F020,CRM-CAP-005,US,Front-line job,"As an authorized front-line user, I can configure teams/territories and inspect coverage without cycles, overlap ambiguity or stale assignments without navigating to raw technical resources or losing related-record context.",P0,REQUIRED,CRM-P1-BE-039;CRM-P1-BE-040;CRM-P1-CODE-020,,,,APPROVED,CRM Pass 1,2026-08-30
F020-US-002,F020,CRM-CAP-005,US,Manager/operations job,"As a manager or operations user, I can inspect, govern and audit Territories and sales teams behavior across my permitted team/company scope.",P0,REQUIRED,CRM-P1-BE-039;CRM-P1-BE-040;CRM-P1-CODE-020,,,,APPROVED,CRM Pass 1,2026-08-30
F020-FLOW-001,F020,CRM-CAP-005,FLOW,Primary and alternate flow,The primary flow MUST follow the governed lifecycle `Team/territory ACTIVE -> INACTIVE; memberships/assignments are effective-dated` and expose alternate/cancel paths where the lifecycle permits them.,P0,REQUIRED,CRM-P1-BE-039;CRM-P1-BE-040;CRM-P1-CODE-020,,,,APPROVED,CRM Pass 1,2026-08-30
F020-FLOW-002,F020,CRM-CAP-005,FLOW,Failure and retry flow,"Validation failures, authorization denials, concurrency conflicts and retryable integration failures MUST be visible, actionable and safe to retry without duplicate business effects.",P0,REQUIRED,CRM-P1-BE-039;CRM-P1-BE-040;CRM-P1-CODE-020,,,,APPROVED,CRM Pass 1,2026-08-30
F020-BR-001,F020,CRM-CAP-005,BR,Authoritative ownership,"The owning CRM domain command/service is authoritative for Territories and sales teams; UI, import, bulk, automation and AI paths MUST reuse the same business rules.",P0,REQUIRED,CRM-P1-BE-039;CRM-P1-BE-040;CRM-P1-CODE-020,,,,APPROVED,CRM Pass 1,2026-08-30
F020-BR-002,F020,CRM-CAP-005,BR,Historical truth,"Configuration or later edits MUST NOT rewrite historical Territories and sales teams events needed for audit, reporting or reproducibility.",P0,REQUIRED,CRM-P1-BE-039;CRM-P1-BE-040;CRM-P1-CODE-020,,,,APPROVED,CRM Pass 1,2026-08-30
F020-DATA-001,F020,CRM-CAP-005,DATA,Entity model,"The authoritative data model MUST explicitly govern crm_sales_teams; crm_sales_team_members; crm_territories; crm_territory_assignments with organization identifiers, stable keys, lifecycle timestamps and indexes appropriate to access patterns.",P0,REQUIRED,CRM-P1-BE-039;CRM-P1-BE-040;CRM-P1-CODE-020,,,,APPROVED,CRM Pass 1,2026-08-30
F020-DATA-002,F020,CRM-CAP-005,DATA,Lineage and retention,"System-derived and externally sourced values MUST retain provenance/lineage, and retention/deletion behavior MUST preserve legally or operationally required audit links.",P0,REQUIRED,CRM-P1-BE-039;CRM-P1-BE-040;CRM-P1-CODE-020,,,,APPROVED,CRM Pass 1,2026-08-30
F020-VAL-001,F020,CRM-CAP-005,VAL,Server validation,"All create/update/transition commands MUST validate required fields, references, organization/company scope, lifecycle legality and normalized input server-side before persistence.",P0,REQUIRED,CRM-P1-BE-039;CRM-P1-BE-040;CRM-P1-CODE-020,,,,APPROVED,CRM Pass 1,2026-08-30
F020-VAL-002,F020,CRM-CAP-005,VAL,Actionable errors,Validation failures MUST return stable CRM error codes plus user-actionable messages without leaking restricted record existence or sensitive values.,P0,REQUIRED,CRM-P1-BE-039;CRM-P1-BE-040;CRM-P1-CODE-020,,,,APPROVED,CRM Pass 1,2026-08-30
F020-CALC-001,F020,CRM-CAP-005,CALC,Deterministic calculations,Coverage/capacity metrics are derived from effective-dated assignments; hierarchy rollups reject cycles and double counting.,P0,REQUIRED,CRM-P1-BE-039;CRM-P1-BE-040;CRM-P1-CODE-020,,,,APPROVED,CRM Pass 1,2026-08-30
F020-UX-001,F020,CRM-CAP-005,UX,Workspace,The primary Territories and sales teams workspace MUST expose the next meaningful action above the fold and keep high-frequency context/actions within one consistent CRM shell.,P0,REQUIRED,CRM-P1-BE-039;CRM-P1-BE-040;CRM-P1-CODE-020,,,,APPROVED,CRM Pass 1,2026-08-30
F020-UX-002,F020,CRM-CAP-005,UX,States and feedback,"List/detail/create/edit surfaces MUST specify loading, empty, error, permission, stale/conflict and destructive-action states with immediate progress/confirmation feedback.",P0,REQUIRED,CRM-P1-BE-039;CRM-P1-BE-040;CRM-P1-CODE-020,,,,APPROVED,CRM Pass 1,2026-08-30
F020-UX-003,F020,CRM-CAP-005,UX,Responsive/accessibility,"Critical Territories and sales teams actions MUST work on desktop, tablet and phone with full keyboard operation, visible focus, semantic labels, non-drag alternatives and no horizontal content loss except intentional boards/tables.",P0,REQUIRED,CRM-P1-BE-039;CRM-P1-BE-040;CRM-P1-CODE-020,,,,APPROVED,CRM Pass 1,2026-08-30
F020-SEC-001,F020,CRM-CAP-005,SEC,Authorization,"Every Territories and sales teams query and command MUST enforce server-side organization, company/branch where applicable, team/owner/record scope and action permission before returning or mutating data.",P0,REQUIRED,CRM-P1-BE-039;CRM-P1-BE-040;CRM-P1-CODE-020,,,,APPROVED,CRM Pass 1,2026-08-30
F020-SEC-002,F020,CRM-CAP-005,SEC,Sensitive fields and negative tests,"Sensitive fields/content MUST support stricter field/content visibility than record visibility, and negative tests MUST prove unauthorized users cannot infer data via search counts, reports, timeline, exports, AI or errors.",P0,REQUIRED,CRM-P1-BE-039;CRM-P1-BE-040;CRM-P1-CODE-020,,,,APPROVED,CRM Pass 1,2026-08-30
F020-AUTO-001,F020,CRM-CAP-005,AUTO,Automation governance,"Approved automation may act on Territories and sales teams only through normal domain commands with trigger provenance, recursion control, retry policy, audit and operator visibility.",P0,REQUIRED,CRM-P1-BE-039;CRM-P1-BE-040;CRM-P1-CODE-020,,,,APPROVED,CRM Pass 1,2026-08-30
F020-APP-001,F020,CRM-CAP-005,APP,Approval/override policy,"Ordinary low-risk Territories and sales teams work does not require a universal approval; elevated overrides, destructive merges, high-impact bulk changes or configured thresholds MUST require the explicit permission/approval policy and reason.",P0,REQUIRED,CRM-P1-BE-039;CRM-P1-BE-040;CRM-P1-CODE-020,,,,APPROVED,CRM Pass 1,2026-08-30
F020-NOTIF-001,F020,CRM-CAP-005,NOTIF,Notification behavior,"Notifications for Territories and sales teams MUST be event-driven, permission-safe, preference-aware, deduplicated on retry and include a durable deep link when the recipient remains authorized.",P0,REQUIRED,CRM-P1-BE-039;CRM-P1-BE-040;CRM-P1-CODE-020,,,,APPROVED,CRM Pass 1,2026-08-30
F020-REP-001,F020,CRM-CAP-005,REP,Reporting contract,"Reports/KPIs for Territories and sales teams MUST define formula, dimensions, time basis, freshness, currency/units where applicable, permission-safe aggregation and drill-down reconciliation.",P0,REQUIRED,CRM-P1-BE-039;CRM-P1-BE-040;CRM-P1-CODE-020,,,,APPROVED,CRM Pass 1,2026-08-30
F020-AI-001,F020,CRM-CAP-005,AI,AI authority boundary,"AI class is `AI_RECOMMEND`. AI MAY assist/recommend/generate only within the caller's normal data permissions and MUST expose provenance, model/version, uncertainty/reasons where applicable and a deterministic/human fallback; it MUST NOT bypass normal mutation authority.",P0,REQUIRED,CRM-P1-BE-039;CRM-P1-BE-040;CRM-P1-CODE-020,,,,APPROVED,CRM Pass 1,2026-08-30
F020-INT-001,F020,CRM-CAP-005,INT,Module/external contract,F005 assignment and F025 forecast consume team/territory contracts; neither may invent independent hierarchy semantics.,P0,REQUIRED,CRM-P1-BE-039;CRM-P1-BE-040;CRM-P1-CODE-020,,,,APPROVED,CRM Pass 1,2026-08-30
F020-INT-002,F020,CRM-CAP-005,INT,Failure reconciliation,"Every external or cross-module effect for Territories and sales teams MUST define idempotency, retry ownership, failure visibility, compensation/reversal where possible and an operator reconciliation path.",P0,REQUIRED,CRM-P1-BE-039;CRM-P1-BE-040;CRM-P1-CODE-020,,,,APPROVED,CRM Pass 1,2026-08-30
F020-API-001,F020,CRM-CAP-005,API,Command contract,"Mutating Territories and sales teams APIs MUST have explicit request/response/error schemas, authorization, optimistic concurrency where records are editable, audit/correlation metadata and idempotency for non-repeatable commands.",P0,REQUIRED,CRM-P1-BE-039;CRM-P1-BE-040;CRM-P1-CODE-020,,,,APPROVED,CRM Pass 1,2026-08-30
F020-API-002,F020,CRM-CAP-005,API,Query contract,"Territories and sales teams list/search/detail APIs MUST use bounded pagination, stable sorting/filter semantics, permission-safe counts and compatibility/versioning rules.",P0,REQUIRED,CRM-P1-BE-039;CRM-P1-BE-040;CRM-P1-CODE-020,,,,APPROVED,CRM Pass 1,2026-08-30
F020-PERF-001,F020,CRM-CAP-005,PERF,Performance envelope,"Normal Territories and sales teams record reads SHOULD meet p95 <=400ms server response, filtered lists <=600ms and standard mutations <=750ms on representative datasets; large jobs MUST become asynchronous.",P1,REQUIRED,CRM-P1-BE-039;CRM-P1-BE-040;CRM-P1-CODE-020,,,,APPROVED,CRM Pass 1,2026-08-30
F020-OBS-001,F020,CRM-CAP-005,OBS,Observability,"The system MUST emit correlation IDs, structured non-PII logs, business/technical metrics and retry/dead-letter/reconciliation diagnostics sufficient to explain Territories and sales teams failures without exposing sensitive content.",P0,REQUIRED,CRM-P1-BE-039;CRM-P1-BE-040;CRM-P1-CODE-020,,,,APPROVED,CRM Pass 1,2026-08-30
F020-E2E-001,F020,CRM-CAP-005,E2E,Happy/permission browser journey,"Browser E2E MUST prove an authorized user can configure teams/territories and inspect coverage without cycles, overlap ambiguity or stale assignments and an unauthorized user cannot perform or infer the same action/data.",P0,REQUIRED,CRM-P1-BE-039;CRM-P1-BE-040;CRM-P1-CODE-020,,,,APPROVED,CRM Pass 1,2026-08-30
F020-E2E-002,F020,CRM-CAP-005,E2E,Conflict/failure browser journey,"Browser/API E2E MUST prove stale-write/conflict or retryable failure behavior for Territories and sales teams is visible, recoverable and does not duplicate business effects.",P0,REQUIRED,CRM-P1-BE-039;CRM-P1-BE-040;CRM-P1-CODE-020,,,,APPROVED,CRM Pass 1,2026-08-30
F020-UAT-001,F020,CRM-CAP-005,UAT,Front-line UAT,"Human UAT MUST have a front-line persona execute the primary Territories and sales teams job on desktop and a high-frequency mobile/tablet path, capturing visible result and audit evidence.",P0,REQUIRED,CRM-P1-BE-039;CRM-P1-BE-040;CRM-P1-CODE-020,,,,APPROVED,CRM Pass 1,2026-08-30
F020-UAT-002,F020,CRM-CAP-005,UAT,Manager/exception UAT,Human UAT MUST have a manager/operations persona exercise one permission/exception/override or reconciliation case and confirm reporting/history reflect the outcome.,P0,REQUIRED,CRM-P1-BE-039;CRM-P1-BE-040;CRM-P1-CODE-020,,,,APPROVED,CRM Pass 1,2026-08-30
F021-CAP-001,F021,CRM-CAP-006,CAP,Core operator outcome,"The Lead import and export capability MUST let authorized OPS; ADMIN users upload, map, validate, review duplicates and commit an import with a recoverable result report.",P0,REQUIRED,CRM-P1-BE-041;CRM-P1-BE-042;CRM-P1-CODE-021,,,,APPROVED,CRM Pass 1,2026-08-30
F021-CAP-002,F021,CRM-CAP-006,CAP,Enterprise completeness,"The capability MUST include the reviewed enterprise expectations for dry run, upsert policy, formula injection, malicious content, async/resume, partial failure, idempotency and unauthorized export and MUST NOT treat the short canonical label as the full scope.",P0,REQUIRED,CRM-P1-BE-041;CRM-P1-BE-042;CRM-P1-CODE-021,,,,APPROVED,CRM Pass 1,2026-08-30
F021-CAP-003,F021,CRM-CAP-006,CAP,Boundary ownership,Imports use the same CRM create/update/duplicate policies as interactive commands; exports enforce identical row/field scope.,P0,REQUIRED,CRM-P1-BE-041;CRM-P1-BE-042;CRM-P1-CODE-021,,,,APPROVED,CRM Pass 1,2026-08-30
F021-FR-001,F021,CRM-CAP-006,FR,Primary workflow,"The system MUST provide a complete server-backed workflow to upload, map, validate, review duplicates and commit an import with a recoverable result report, including success, empty, validation, permission and conflict states.",P0,REQUIRED,CRM-P1-BE-041;CRM-P1-BE-042;CRM-P1-CODE-021,,,,APPROVED,CRM Pass 1,2026-08-30
F021-FR-002,F021,CRM-CAP-006,FR,History and recoverability,"Every material Lead import and export mutation MUST leave durable history sufficient to explain actor, time, previous state, new state and reason where applicable.",P0,REQUIRED,CRM-P1-BE-041;CRM-P1-BE-042;CRM-P1-CODE-021,,,,APPROVED,CRM Pass 1,2026-08-30
F021-FR-003,F021,CRM-CAP-006,FR,Enterprise volume,"The feature MUST remain usable for individual work and enterprise list/bulk volumes using pagination, virtualization or asynchronous jobs when thresholds are crossed.",P0,REQUIRED,CRM-P1-BE-041;CRM-P1-BE-042;CRM-P1-CODE-021,,,,APPROVED,CRM Pass 1,2026-08-30
F021-US-001,F021,CRM-CAP-006,US,Front-line job,"As an authorized front-line user, I can upload, map, validate, review duplicates and commit an import with a recoverable result report without navigating to raw technical resources or losing related-record context.",P0,REQUIRED,CRM-P1-BE-041;CRM-P1-BE-042;CRM-P1-CODE-021,,,,APPROVED,CRM Pass 1,2026-08-30
F021-US-002,F021,CRM-CAP-006,US,Manager/operations job,"As a manager or operations user, I can inspect, govern and audit Lead import and export behavior across my permitted team/company scope.",P0,REQUIRED,CRM-P1-BE-041;CRM-P1-BE-042;CRM-P1-CODE-021,,,,APPROVED,CRM Pass 1,2026-08-30
F021-FLOW-001,F021,CRM-CAP-006,FLOW,Primary and alternate flow,The primary flow MUST follow the governed lifecycle `UPLOADED -> MAPPED -> VALIDATED -> READY -> PROCESSING -> COMPLETED | PARTIAL | FAILED` and expose alternate/cancel paths where the lifecycle permits them.,P0,REQUIRED,CRM-P1-BE-041;CRM-P1-BE-042;CRM-P1-CODE-021,,,,APPROVED,CRM Pass 1,2026-08-30
F021-FLOW-002,F021,CRM-CAP-006,FLOW,Failure and retry flow,"Validation failures, authorization denials, concurrency conflicts and retryable integration failures MUST be visible, actionable and safe to retry without duplicate business effects.",P0,REQUIRED,CRM-P1-BE-041;CRM-P1-BE-042;CRM-P1-CODE-021,,,,APPROVED,CRM Pass 1,2026-08-30
F021-BR-001,F021,CRM-CAP-006,BR,Authoritative ownership,"The owning CRM domain command/service is authoritative for Lead import and export; UI, import, bulk, automation and AI paths MUST reuse the same business rules.",P0,REQUIRED,CRM-P1-BE-041;CRM-P1-BE-042;CRM-P1-CODE-021,,,,APPROVED,CRM Pass 1,2026-08-30
F021-BR-002,F021,CRM-CAP-006,BR,Historical truth,"Configuration or later edits MUST NOT rewrite historical Lead import and export events needed for audit, reporting or reproducibility.",P0,REQUIRED,CRM-P1-BE-041;CRM-P1-BE-042;CRM-P1-CODE-021,,,,APPROVED,CRM Pass 1,2026-08-30
F021-DATA-001,F021,CRM-CAP-006,DATA,Entity model,"The authoritative data model MUST explicitly govern crm_lead_import_batches; crm_lead_import_rows; crm_import_receipts; crm_leads with organization identifiers, stable keys, lifecycle timestamps and indexes appropriate to access patterns.",P0,REQUIRED,CRM-P1-BE-041;CRM-P1-BE-042;CRM-P1-CODE-021,,,,APPROVED,CRM Pass 1,2026-08-30
F021-DATA-002,F021,CRM-CAP-006,DATA,Lineage and retention,"System-derived and externally sourced values MUST retain provenance/lineage, and retention/deletion behavior MUST preserve legally or operationally required audit links.",P0,REQUIRED,CRM-P1-BE-041;CRM-P1-BE-042;CRM-P1-CODE-021,,,,APPROVED,CRM Pass 1,2026-08-30
F021-VAL-001,F021,CRM-CAP-006,VAL,Server validation,"All create/update/transition commands MUST validate required fields, references, organization/company scope, lifecycle legality and normalized input server-side before persistence.",P0,REQUIRED,CRM-P1-BE-041;CRM-P1-BE-042;CRM-P1-CODE-021,,,,APPROVED,CRM Pass 1,2026-08-30
F021-VAL-002,F021,CRM-CAP-006,VAL,Actionable errors,Validation failures MUST return stable CRM error codes plus user-actionable messages without leaking restricted record existence or sensitive values.,P0,REQUIRED,CRM-P1-BE-041;CRM-P1-BE-042;CRM-P1-CODE-021,,,,APPROVED,CRM Pass 1,2026-08-30
F021-CALC-001,F021,CRM-CAP-006,CALC,Deterministic calculations,"Import counts, error rates and progress are deterministic job metrics; export counts reflect authorization-filtered rows only.",P0,REQUIRED,CRM-P1-BE-041;CRM-P1-BE-042;CRM-P1-CODE-021,,,,APPROVED,CRM Pass 1,2026-08-30
F021-UX-001,F021,CRM-CAP-006,UX,Workspace,The primary Lead import and export workspace MUST expose the next meaningful action above the fold and keep high-frequency context/actions within one consistent CRM shell.,P0,REQUIRED,CRM-P1-BE-041;CRM-P1-BE-042;CRM-P1-CODE-021,,,,APPROVED,CRM Pass 1,2026-08-30
F021-UX-002,F021,CRM-CAP-006,UX,States and feedback,"List/detail/create/edit surfaces MUST specify loading, empty, error, permission, stale/conflict and destructive-action states with immediate progress/confirmation feedback.",P0,REQUIRED,CRM-P1-BE-041;CRM-P1-BE-042;CRM-P1-CODE-021,,,,APPROVED,CRM Pass 1,2026-08-30
F021-UX-003,F021,CRM-CAP-006,UX,Responsive/accessibility,"Critical Lead import and export actions MUST work on desktop, tablet and phone with full keyboard operation, visible focus, semantic labels, non-drag alternatives and no horizontal content loss except intentional boards/tables.",P0,REQUIRED,CRM-P1-BE-041;CRM-P1-BE-042;CRM-P1-CODE-021,,,,APPROVED,CRM Pass 1,2026-08-30
F021-SEC-001,F021,CRM-CAP-006,SEC,Authorization,"Every Lead import and export query and command MUST enforce server-side organization, company/branch where applicable, team/owner/record scope and action permission before returning or mutating data.",P0,REQUIRED,CRM-P1-BE-041;CRM-P1-BE-042;CRM-P1-CODE-021,,,,APPROVED,CRM Pass 1,2026-08-30
F021-SEC-002,F021,CRM-CAP-006,SEC,Sensitive fields and negative tests,"Sensitive fields/content MUST support stricter field/content visibility than record visibility, and negative tests MUST prove unauthorized users cannot infer data via search counts, reports, timeline, exports, AI or errors.",P0,REQUIRED,CRM-P1-BE-041;CRM-P1-BE-042;CRM-P1-CODE-021,,,,APPROVED,CRM Pass 1,2026-08-30
F021-AUTO-001,F021,CRM-CAP-006,AUTO,Automation governance,"Approved automation may act on Lead import and export only through normal domain commands with trigger provenance, recursion control, retry policy, audit and operator visibility.",P0,REQUIRED,CRM-P1-BE-041;CRM-P1-BE-042;CRM-P1-CODE-021,,,,APPROVED,CRM Pass 1,2026-08-30
F021-APP-001,F021,CRM-CAP-006,APP,Approval/override policy,"Ordinary low-risk Lead import and export work does not require a universal approval; elevated overrides, destructive merges, high-impact bulk changes or configured thresholds MUST require the explicit permission/approval policy and reason.",P0,REQUIRED,CRM-P1-BE-041;CRM-P1-BE-042;CRM-P1-CODE-021,,,,APPROVED,CRM Pass 1,2026-08-30
F021-NOTIF-001,F021,CRM-CAP-006,NOTIF,Notification behavior,"Notifications for Lead import and export MUST be event-driven, permission-safe, preference-aware, deduplicated on retry and include a durable deep link when the recipient remains authorized.",P0,REQUIRED,CRM-P1-BE-041;CRM-P1-BE-042;CRM-P1-CODE-021,,,,APPROVED,CRM Pass 1,2026-08-30
F021-REP-001,F021,CRM-CAP-006,REP,Reporting contract,"Reports/KPIs for Lead import and export MUST define formula, dimensions, time basis, freshness, currency/units where applicable, permission-safe aggregation and drill-down reconciliation.",P0,REQUIRED,CRM-P1-BE-041;CRM-P1-BE-042;CRM-P1-CODE-021,,,,APPROVED,CRM Pass 1,2026-08-30
F021-AI-001,F021,CRM-CAP-006,AI,AI authority boundary,"AI class is `AI_RECOMMEND`. AI MAY assist/recommend/generate only within the caller's normal data permissions and MUST expose provenance, model/version, uncertainty/reasons where applicable and a deterministic/human fallback; it MUST NOT bypass normal mutation authority.",P0,REQUIRED,CRM-P1-BE-041;CRM-P1-BE-042;CRM-P1-CODE-021,,,,APPROVED,CRM Pass 1,2026-08-30
F021-INT-001,F021,CRM-CAP-006,INT,Module/external contract,Imports use the same CRM create/update/duplicate policies as interactive commands; exports enforce identical row/field scope.,P0,REQUIRED,CRM-P1-BE-041;CRM-P1-BE-042;CRM-P1-CODE-021,,,,APPROVED,CRM Pass 1,2026-08-30
F021-INT-002,F021,CRM-CAP-006,INT,Failure reconciliation,"Every external or cross-module effect for Lead import and export MUST define idempotency, retry ownership, failure visibility, compensation/reversal where possible and an operator reconciliation path.",P0,REQUIRED,CRM-P1-BE-041;CRM-P1-BE-042;CRM-P1-CODE-021,,,,APPROVED,CRM Pass 1,2026-08-30
F021-API-001,F021,CRM-CAP-006,API,Command contract,"Mutating Lead import and export APIs MUST have explicit request/response/error schemas, authorization, optimistic concurrency where records are editable, audit/correlation metadata and idempotency for non-repeatable commands.",P0,REQUIRED,CRM-P1-BE-041;CRM-P1-BE-042;CRM-P1-CODE-021,,,,APPROVED,CRM Pass 1,2026-08-30
F021-API-002,F021,CRM-CAP-006,API,Query contract,"Lead import and export list/search/detail APIs MUST use bounded pagination, stable sorting/filter semantics, permission-safe counts and compatibility/versioning rules.",P0,REQUIRED,CRM-P1-BE-041;CRM-P1-BE-042;CRM-P1-CODE-021,,,,APPROVED,CRM Pass 1,2026-08-30
F021-PERF-001,F021,CRM-CAP-006,PERF,Performance envelope,"Normal Lead import and export record reads SHOULD meet p95 <=400ms server response, filtered lists <=600ms and standard mutations <=750ms on representative datasets; large jobs MUST become asynchronous.",P1,REQUIRED,CRM-P1-BE-041;CRM-P1-BE-042;CRM-P1-CODE-021,,,,APPROVED,CRM Pass 1,2026-08-30
F021-OBS-001,F021,CRM-CAP-006,OBS,Observability,"The system MUST emit correlation IDs, structured non-PII logs, business/technical metrics and retry/dead-letter/reconciliation diagnostics sufficient to explain Lead import and export failures without exposing sensitive content.",P0,REQUIRED,CRM-P1-BE-041;CRM-P1-BE-042;CRM-P1-CODE-021,,,,APPROVED,CRM Pass 1,2026-08-30
F021-E2E-001,F021,CRM-CAP-006,E2E,Happy/permission browser journey,"Browser E2E MUST prove an authorized user can upload, map, validate, review duplicates and commit an import with a recoverable result report and an unauthorized user cannot perform or infer the same action/data.",P0,REQUIRED,CRM-P1-BE-041;CRM-P1-BE-042;CRM-P1-CODE-021,,,,APPROVED,CRM Pass 1,2026-08-30
F021-E2E-002,F021,CRM-CAP-006,E2E,Conflict/failure browser journey,"Browser/API E2E MUST prove stale-write/conflict or retryable failure behavior for Lead import and export is visible, recoverable and does not duplicate business effects.",P0,REQUIRED,CRM-P1-BE-041;CRM-P1-BE-042;CRM-P1-CODE-021,,,,APPROVED,CRM Pass 1,2026-08-30
F021-UAT-001,F021,CRM-CAP-006,UAT,Front-line UAT,"Human UAT MUST have a front-line persona execute the primary Lead import and export job on desktop and a high-frequency mobile/tablet path, capturing visible result and audit evidence.",P0,REQUIRED,CRM-P1-BE-041;CRM-P1-BE-042;CRM-P1-CODE-021,,,,APPROVED,CRM Pass 1,2026-08-30
F021-UAT-002,F021,CRM-CAP-006,UAT,Manager/exception UAT,Human UAT MUST have a manager/operations persona exercise one permission/exception/override or reconciliation case and confirm reporting/history reflect the outcome.,P0,REQUIRED,CRM-P1-BE-041;CRM-P1-BE-042;CRM-P1-CODE-021,,,,APPROVED,CRM Pass 1,2026-08-30
F022-CAP-001,F022,CRM-CAP-007,CAP,Core operator outcome,The Lead-to-opportunity conversion capability MUST let authorized REP; MGR users preview exactly what will be reused/created and execute conversion once with complete audit history.,P0,REQUIRED,CRM-P1-BE-043;CRM-P1-BE-044;CRM-P1-CODE-022,,,,APPROVED,CRM Pass 1,2026-08-30
F022-CAP-002,F022,CRM-CAP-007,CAP,Enterprise completeness,"The capability MUST include the reviewed enterprise expectations for existing/new combinations, duplicate resolution, mapping, atomic rollback, idempotency, multiple opportunity policy and converted-lead immutability and MUST NOT treat the short canonical label as the full scope.",P0,REQUIRED,CRM-P1-BE-043;CRM-P1-BE-044;CRM-P1-CODE-022,,,,APPROVED,CRM Pass 1,2026-08-30
F022-CAP-003,F022,CRM-CAP-007,CAP,Boundary ownership,Conversion coordinates CRM-owned lead/account/contact/opportunity commands transactionally; later Sales handoff is separate F023.,P0,REQUIRED,CRM-P1-BE-043;CRM-P1-BE-044;CRM-P1-CODE-022,,,,APPROVED,CRM Pass 1,2026-08-30
F022-FR-001,F022,CRM-CAP-007,FR,Primary workflow,"The system MUST provide a complete server-backed workflow to preview exactly what will be reused/created and execute conversion once with complete audit history, including success, empty, validation, permission and conflict states.",P0,REQUIRED,CRM-P1-BE-043;CRM-P1-BE-044;CRM-P1-CODE-022,,,,APPROVED,CRM Pass 1,2026-08-30
F022-FR-002,F022,CRM-CAP-007,FR,History and recoverability,"Every material Lead-to-opportunity conversion mutation MUST leave durable history sufficient to explain actor, time, previous state, new state and reason where applicable.",P0,REQUIRED,CRM-P1-BE-043;CRM-P1-BE-044;CRM-P1-CODE-022,,,,APPROVED,CRM Pass 1,2026-08-30
F022-FR-003,F022,CRM-CAP-007,FR,Enterprise volume,"The feature MUST remain usable for individual work and enterprise list/bulk volumes using pagination, virtualization or asynchronous jobs when thresholds are crossed.",P0,REQUIRED,CRM-P1-BE-043;CRM-P1-BE-044;CRM-P1-CODE-022,,,,APPROVED,CRM Pass 1,2026-08-30
F022-US-001,F022,CRM-CAP-007,US,Front-line job,"As an authorized front-line user, I can preview exactly what will be reused/created and execute conversion once with complete audit history without navigating to raw technical resources or losing related-record context.",P0,REQUIRED,CRM-P1-BE-043;CRM-P1-BE-044;CRM-P1-CODE-022,,,,APPROVED,CRM Pass 1,2026-08-30
F022-US-002,F022,CRM-CAP-007,US,Manager/operations job,"As a manager or operations user, I can inspect, govern and audit Lead-to-opportunity conversion behavior across my permitted team/company scope.",P0,REQUIRED,CRM-P1-BE-043;CRM-P1-BE-044;CRM-P1-CODE-022,,,,APPROVED,CRM Pass 1,2026-08-30
F022-FLOW-001,F022,CRM-CAP-007,FLOW,Primary and alternate flow,The primary flow MUST follow the governed lifecycle `QUALIFIED -> CONVERSION_PREVIEW -> CONVERTED; any failed transaction leaves source state unchanged` and expose alternate/cancel paths where the lifecycle permits them.,P0,REQUIRED,CRM-P1-BE-043;CRM-P1-BE-044;CRM-P1-CODE-022,,,,APPROVED,CRM Pass 1,2026-08-30
F022-FLOW-002,F022,CRM-CAP-007,FLOW,Failure and retry flow,"Validation failures, authorization denials, concurrency conflicts and retryable integration failures MUST be visible, actionable and safe to retry without duplicate business effects.",P0,REQUIRED,CRM-P1-BE-043;CRM-P1-BE-044;CRM-P1-CODE-022,,,,APPROVED,CRM Pass 1,2026-08-30
F022-BR-001,F022,CRM-CAP-007,BR,Authoritative ownership,"The owning CRM domain command/service is authoritative for Lead-to-opportunity conversion; UI, import, bulk, automation and AI paths MUST reuse the same business rules.",P0,REQUIRED,CRM-P1-BE-043;CRM-P1-BE-044;CRM-P1-CODE-022,,,,APPROVED,CRM Pass 1,2026-08-30
F022-BR-002,F022,CRM-CAP-007,BR,Historical truth,"Configuration or later edits MUST NOT rewrite historical Lead-to-opportunity conversion events needed for audit, reporting or reproducibility.",P0,REQUIRED,CRM-P1-BE-043;CRM-P1-BE-044;CRM-P1-CODE-022,,,,APPROVED,CRM Pass 1,2026-08-30
F022-DATA-001,F022,CRM-CAP-007,DATA,Entity model,"The authoritative data model MUST explicitly govern crm_conversion_records; crm_leads; business_parties; contacts; crm_opportunities with organization identifiers, stable keys, lifecycle timestamps and indexes appropriate to access patterns.",P0,REQUIRED,CRM-P1-BE-043;CRM-P1-BE-044;CRM-P1-CODE-022,,,,APPROVED,CRM Pass 1,2026-08-30
F022-DATA-002,F022,CRM-CAP-007,DATA,Lineage and retention,"System-derived and externally sourced values MUST retain provenance/lineage, and retention/deletion behavior MUST preserve legally or operationally required audit links.",P0,REQUIRED,CRM-P1-BE-043;CRM-P1-BE-044;CRM-P1-CODE-022,,,,APPROVED,CRM Pass 1,2026-08-30
F022-VAL-001,F022,CRM-CAP-007,VAL,Server validation,"All create/update/transition commands MUST validate required fields, references, organization/company scope, lifecycle legality and normalized input server-side before persistence.",P0,REQUIRED,CRM-P1-BE-043;CRM-P1-BE-044;CRM-P1-CODE-022,,,,APPROVED,CRM Pass 1,2026-08-30
F022-VAL-002,F022,CRM-CAP-007,VAL,Actionable errors,Validation failures MUST return stable CRM error codes plus user-actionable messages without leaking restricted record existence or sensitive values.,P0,REQUIRED,CRM-P1-BE-043;CRM-P1-BE-044;CRM-P1-CODE-022,,,,APPROVED,CRM Pass 1,2026-08-30
F022-CALC-001,F022,CRM-CAP-007,CALC,Deterministic calculations,No probabilistic conversion math is authoritative; field mapping and record resolution are deterministic once user selections are confirmed.,P0,REQUIRED,CRM-P1-BE-043;CRM-P1-BE-044;CRM-P1-CODE-022,,,,APPROVED,CRM Pass 1,2026-08-30
F022-UX-001,F022,CRM-CAP-007,UX,Workspace,The primary Lead-to-opportunity conversion workspace MUST expose the next meaningful action above the fold and keep high-frequency context/actions within one consistent CRM shell.,P0,REQUIRED,CRM-P1-BE-043;CRM-P1-BE-044;CRM-P1-CODE-022,,,,APPROVED,CRM Pass 1,2026-08-30
F022-UX-002,F022,CRM-CAP-007,UX,States and feedback,"List/detail/create/edit surfaces MUST specify loading, empty, error, permission, stale/conflict and destructive-action states with immediate progress/confirmation feedback.",P0,REQUIRED,CRM-P1-BE-043;CRM-P1-BE-044;CRM-P1-CODE-022,,,,APPROVED,CRM Pass 1,2026-08-30
F022-UX-003,F022,CRM-CAP-007,UX,Responsive/accessibility,"Critical Lead-to-opportunity conversion actions MUST work on desktop, tablet and phone with full keyboard operation, visible focus, semantic labels, non-drag alternatives and no horizontal content loss except intentional boards/tables.",P0,REQUIRED,CRM-P1-BE-043;CRM-P1-BE-044;CRM-P1-CODE-022,,,,APPROVED,CRM Pass 1,2026-08-30
F022-SEC-001,F022,CRM-CAP-007,SEC,Authorization,"Every Lead-to-opportunity conversion query and command MUST enforce server-side organization, company/branch where applicable, team/owner/record scope and action permission before returning or mutating data.",P0,REQUIRED,CRM-P1-BE-043;CRM-P1-BE-044;CRM-P1-CODE-022,,,,APPROVED,CRM Pass 1,2026-08-30
F022-SEC-002,F022,CRM-CAP-007,SEC,Sensitive fields and negative tests,"Sensitive fields/content MUST support stricter field/content visibility than record visibility, and negative tests MUST prove unauthorized users cannot infer data via search counts, reports, timeline, exports, AI or errors.",P0,REQUIRED,CRM-P1-BE-043;CRM-P1-BE-044;CRM-P1-CODE-022,,,,APPROVED,CRM Pass 1,2026-08-30
F022-AUTO-001,F022,CRM-CAP-007,AUTO,Automation governance,"Approved automation may act on Lead-to-opportunity conversion only through normal domain commands with trigger provenance, recursion control, retry policy, audit and operator visibility.",P0,REQUIRED,CRM-P1-BE-043;CRM-P1-BE-044;CRM-P1-CODE-022,,,,APPROVED,CRM Pass 1,2026-08-30
F022-APP-001,F022,CRM-CAP-007,APP,Approval/override policy,"Ordinary low-risk Lead-to-opportunity conversion work does not require a universal approval; elevated overrides, destructive merges, high-impact bulk changes or configured thresholds MUST require the explicit permission/approval policy and reason.",P0,REQUIRED,CRM-P1-BE-043;CRM-P1-BE-044;CRM-P1-CODE-022,,,,APPROVED,CRM Pass 1,2026-08-30
F022-NOTIF-001,F022,CRM-CAP-007,NOTIF,Notification behavior,"Notifications for Lead-to-opportunity conversion MUST be event-driven, permission-safe, preference-aware, deduplicated on retry and include a durable deep link when the recipient remains authorized.",P0,REQUIRED,CRM-P1-BE-043;CRM-P1-BE-044;CRM-P1-CODE-022,,,,APPROVED,CRM Pass 1,2026-08-30
F022-REP-001,F022,CRM-CAP-007,REP,Reporting contract,"Reports/KPIs for Lead-to-opportunity conversion MUST define formula, dimensions, time basis, freshness, currency/units where applicable, permission-safe aggregation and drill-down reconciliation.",P0,REQUIRED,CRM-P1-BE-043;CRM-P1-BE-044;CRM-P1-CODE-022,,,,APPROVED,CRM Pass 1,2026-08-30
F022-AI-001,F022,CRM-CAP-007,AI,AI authority boundary,"AI class is `AI_RECOMMEND`. AI MAY assist/recommend/generate only within the caller's normal data permissions and MUST expose provenance, model/version, uncertainty/reasons where applicable and a deterministic/human fallback; it MUST NOT bypass normal mutation authority.",P0,REQUIRED,CRM-P1-BE-043;CRM-P1-BE-044;CRM-P1-CODE-022,,,,APPROVED,CRM Pass 1,2026-08-30
F022-INT-001,F022,CRM-CAP-007,INT,Module/external contract,Conversion coordinates CRM-owned lead/account/contact/opportunity commands transactionally; later Sales handoff is separate F023.,P0,REQUIRED,CRM-P1-BE-043;CRM-P1-BE-044;CRM-P1-CODE-022,,,,APPROVED,CRM Pass 1,2026-08-30
F022-INT-002,F022,CRM-CAP-007,INT,Failure reconciliation,"Every external or cross-module effect for Lead-to-opportunity conversion MUST define idempotency, retry ownership, failure visibility, compensation/reversal where possible and an operator reconciliation path.",P0,REQUIRED,CRM-P1-BE-043;CRM-P1-BE-044;CRM-P1-CODE-022,,,,APPROVED,CRM Pass 1,2026-08-30
F022-API-001,F022,CRM-CAP-007,API,Command contract,"Mutating Lead-to-opportunity conversion APIs MUST have explicit request/response/error schemas, authorization, optimistic concurrency where records are editable, audit/correlation metadata and idempotency for non-repeatable commands.",P0,REQUIRED,CRM-P1-BE-043;CRM-P1-BE-044;CRM-P1-CODE-022,,,,APPROVED,CRM Pass 1,2026-08-30
F022-API-002,F022,CRM-CAP-007,API,Query contract,"Lead-to-opportunity conversion list/search/detail APIs MUST use bounded pagination, stable sorting/filter semantics, permission-safe counts and compatibility/versioning rules.",P0,REQUIRED,CRM-P1-BE-043;CRM-P1-BE-044;CRM-P1-CODE-022,,,,APPROVED,CRM Pass 1,2026-08-30
F022-PERF-001,F022,CRM-CAP-007,PERF,Performance envelope,"Normal Lead-to-opportunity conversion record reads SHOULD meet p95 <=400ms server response, filtered lists <=600ms and standard mutations <=750ms on representative datasets; large jobs MUST become asynchronous.",P1,REQUIRED,CRM-P1-BE-043;CRM-P1-BE-044;CRM-P1-CODE-022,,,,APPROVED,CRM Pass 1,2026-08-30
F022-OBS-001,F022,CRM-CAP-007,OBS,Observability,"The system MUST emit correlation IDs, structured non-PII logs, business/technical metrics and retry/dead-letter/reconciliation diagnostics sufficient to explain Lead-to-opportunity conversion failures without exposing sensitive content.",P0,REQUIRED,CRM-P1-BE-043;CRM-P1-BE-044;CRM-P1-CODE-022,,,,APPROVED,CRM Pass 1,2026-08-30
F022-E2E-001,F022,CRM-CAP-007,E2E,Happy/permission browser journey,Browser E2E MUST prove an authorized user can preview exactly what will be reused/created and execute conversion once with complete audit history and an unauthorized user cannot perform or infer the same action/data.,P0,REQUIRED,CRM-P1-BE-043;CRM-P1-BE-044;CRM-P1-CODE-022,,,,APPROVED,CRM Pass 1,2026-08-30
F022-E2E-002,F022,CRM-CAP-007,E2E,Conflict/failure browser journey,"Browser/API E2E MUST prove stale-write/conflict or retryable failure behavior for Lead-to-opportunity conversion is visible, recoverable and does not duplicate business effects.",P0,REQUIRED,CRM-P1-BE-043;CRM-P1-BE-044;CRM-P1-CODE-022,,,,APPROVED,CRM Pass 1,2026-08-30
F022-UAT-001,F022,CRM-CAP-007,UAT,Front-line UAT,"Human UAT MUST have a front-line persona execute the primary Lead-to-opportunity conversion job on desktop and a high-frequency mobile/tablet path, capturing visible result and audit evidence.",P0,REQUIRED,CRM-P1-BE-043;CRM-P1-BE-044;CRM-P1-CODE-022,,,,APPROVED,CRM Pass 1,2026-08-30
F022-UAT-002,F022,CRM-CAP-007,UAT,Manager/exception UAT,Human UAT MUST have a manager/operations persona exercise one permission/exception/override or reconciliation case and confirm reporting/history reflect the outcome.,P0,REQUIRED,CRM-P1-BE-043;CRM-P1-BE-044;CRM-P1-CODE-022,,,,APPROVED,CRM Pass 1,2026-08-30
F023-CAP-001,F023,CRM-CAP-007,CAP,Core operator outcome,The Opportunity-to-quotation conversion capability MUST let authorized REP; MGR users create a Sales quotation from an authorized open opportunity exactly once and see the resulting linkage.,P0,REQUIRED,CRM-P1-BE-045;CRM-P1-BE-046;CRM-P1-CODE-023,,,,APPROVED,CRM Pass 1,2026-08-30
F023-CAP-002,F023,CRM-CAP-007,CAP,Enterprise completeness,"The capability MUST include the reviewed enterprise expectations for cross-module permission intersection, product-line mapping, multiple quotations/revisions, idempotency, compensation and quote-status back-reference and MUST NOT treat the short canonical label as the full scope.",P0,REQUIRED,CRM-P1-BE-045;CRM-P1-BE-046;CRM-P1-CODE-023,,,,APPROVED,CRM Pass 1,2026-08-30
F023-CAP-003,F023,CRM-CAP-007,CAP,Boundary ownership,CRM reads opportunity context; Sales creates quotation via its public command/orchestration using sourceOpportunityId and idempotency key.,P0,REQUIRED,CRM-P1-BE-045;CRM-P1-BE-046;CRM-P1-CODE-023,,,,APPROVED,CRM Pass 1,2026-08-30
F023-FR-001,F023,CRM-CAP-007,FR,Primary workflow,"The system MUST provide a complete server-backed workflow to create a Sales quotation from an authorized open opportunity exactly once and see the resulting linkage, including success, empty, validation, permission and conflict states.",P0,REQUIRED,CRM-P1-BE-045;CRM-P1-BE-046;CRM-P1-CODE-023,,,,APPROVED,CRM Pass 1,2026-08-30
F023-FR-002,F023,CRM-CAP-007,FR,History and recoverability,"Every material Opportunity-to-quotation conversion mutation MUST leave durable history sufficient to explain actor, time, previous state, new state and reason where applicable.",P0,REQUIRED,CRM-P1-BE-045;CRM-P1-BE-046;CRM-P1-CODE-023,,,,APPROVED,CRM Pass 1,2026-08-30
F023-FR-003,F023,CRM-CAP-007,FR,Enterprise volume,"The feature MUST remain usable for individual work and enterprise list/bulk volumes using pagination, virtualization or asynchronous jobs when thresholds are crossed.",P0,REQUIRED,CRM-P1-BE-045;CRM-P1-BE-046;CRM-P1-CODE-023,,,,APPROVED,CRM Pass 1,2026-08-30
F023-US-001,F023,CRM-CAP-007,US,Front-line job,"As an authorized front-line user, I can create a Sales quotation from an authorized open opportunity exactly once and see the resulting linkage without navigating to raw technical resources or losing related-record context.",P0,REQUIRED,CRM-P1-BE-045;CRM-P1-BE-046;CRM-P1-CODE-023,,,,APPROVED,CRM Pass 1,2026-08-30
F023-US-002,F023,CRM-CAP-007,US,Manager/operations job,"As a manager or operations user, I can inspect, govern and audit Opportunity-to-quotation conversion behavior across my permitted team/company scope.",P0,REQUIRED,CRM-P1-BE-045;CRM-P1-BE-046;CRM-P1-CODE-023,,,,APPROVED,CRM Pass 1,2026-08-30
F023-FLOW-001,F023,CRM-CAP-007,FLOW,Primary and alternate flow,The primary flow MUST follow the governed lifecycle `CRM opportunity stays OPEN while Sales quotation owns its independent lifecycle; linkage is recorded idempotently` and expose alternate/cancel paths where the lifecycle permits them.,P0,REQUIRED,CRM-P1-BE-045;CRM-P1-BE-046;CRM-P1-CODE-023,,,,APPROVED,CRM Pass 1,2026-08-30
F023-FLOW-002,F023,CRM-CAP-007,FLOW,Failure and retry flow,"Validation failures, authorization denials, concurrency conflicts and retryable integration failures MUST be visible, actionable and safe to retry without duplicate business effects.",P0,REQUIRED,CRM-P1-BE-045;CRM-P1-BE-046;CRM-P1-CODE-023,,,,APPROVED,CRM Pass 1,2026-08-30
F023-BR-001,F023,CRM-CAP-007,BR,Authoritative ownership,"The owning CRM domain command/service is authoritative for Opportunity-to-quotation conversion; UI, import, bulk, automation and AI paths MUST reuse the same business rules.",P0,REQUIRED,CRM-P1-BE-045;CRM-P1-BE-046;CRM-P1-CODE-023,,,,APPROVED,CRM Pass 1,2026-08-30
F023-BR-002,F023,CRM-CAP-007,BR,Historical truth,"Configuration or later edits MUST NOT rewrite historical Opportunity-to-quotation conversion events needed for audit, reporting or reproducibility.",P0,REQUIRED,CRM-P1-BE-045;CRM-P1-BE-046;CRM-P1-CODE-023,,,,APPROVED,CRM Pass 1,2026-08-30
F023-DATA-001,F023,CRM-CAP-007,DATA,Entity model,"The authoritative data model MUST explicitly govern crm_opportunities plus Sales-owned quotation aggregate referenced through public contract with organization identifiers, stable keys, lifecycle timestamps and indexes appropriate to access patterns.",P0,REQUIRED,CRM-P1-BE-045;CRM-P1-BE-046;CRM-P1-CODE-023,,,,APPROVED,CRM Pass 1,2026-08-30
F023-DATA-002,F023,CRM-CAP-007,DATA,Lineage and retention,"System-derived and externally sourced values MUST retain provenance/lineage, and retention/deletion behavior MUST preserve legally or operationally required audit links.",P0,REQUIRED,CRM-P1-BE-045;CRM-P1-BE-046;CRM-P1-CODE-023,,,,APPROVED,CRM Pass 1,2026-08-30
F023-VAL-001,F023,CRM-CAP-007,VAL,Server validation,"All create/update/transition commands MUST validate required fields, references, organization/company scope, lifecycle legality and normalized input server-side before persistence.",P0,REQUIRED,CRM-P1-BE-045;CRM-P1-BE-046;CRM-P1-CODE-023,,,,APPROVED,CRM Pass 1,2026-08-30
F023-VAL-002,F023,CRM-CAP-007,VAL,Actionable errors,Validation failures MUST return stable CRM error codes plus user-actionable messages without leaking restricted record existence or sensitive values.,P0,REQUIRED,CRM-P1-BE-045;CRM-P1-BE-046;CRM-P1-CODE-023,,,,APPROVED,CRM Pass 1,2026-08-30
F023-CALC-001,F023,CRM-CAP-007,CALC,Deterministic calculations,Commercial totals/taxes/pricing remain Sales-owned deterministic calculations; CRM may pass context only.,P0,REQUIRED,CRM-P1-BE-045;CRM-P1-BE-046;CRM-P1-CODE-023,,,,APPROVED,CRM Pass 1,2026-08-30
F023-UX-001,F023,CRM-CAP-007,UX,Workspace,The primary Opportunity-to-quotation conversion workspace MUST expose the next meaningful action above the fold and keep high-frequency context/actions within one consistent CRM shell.,P0,REQUIRED,CRM-P1-BE-045;CRM-P1-BE-046;CRM-P1-CODE-023,,,,APPROVED,CRM Pass 1,2026-08-30
F023-UX-002,F023,CRM-CAP-007,UX,States and feedback,"List/detail/create/edit surfaces MUST specify loading, empty, error, permission, stale/conflict and destructive-action states with immediate progress/confirmation feedback.",P0,REQUIRED,CRM-P1-BE-045;CRM-P1-BE-046;CRM-P1-CODE-023,,,,APPROVED,CRM Pass 1,2026-08-30
F023-UX-003,F023,CRM-CAP-007,UX,Responsive/accessibility,"Critical Opportunity-to-quotation conversion actions MUST work on desktop, tablet and phone with full keyboard operation, visible focus, semantic labels, non-drag alternatives and no horizontal content loss except intentional boards/tables.",P0,REQUIRED,CRM-P1-BE-045;CRM-P1-BE-046;CRM-P1-CODE-023,,,,APPROVED,CRM Pass 1,2026-08-30
F023-SEC-001,F023,CRM-CAP-007,SEC,Authorization,"Every Opportunity-to-quotation conversion query and command MUST enforce server-side organization, company/branch where applicable, team/owner/record scope and action permission before returning or mutating data.",P0,REQUIRED,CRM-P1-BE-045;CRM-P1-BE-046;CRM-P1-CODE-023,,,,APPROVED,CRM Pass 1,2026-08-30
F023-SEC-002,F023,CRM-CAP-007,SEC,Sensitive fields and negative tests,"Sensitive fields/content MUST support stricter field/content visibility than record visibility, and negative tests MUST prove unauthorized users cannot infer data via search counts, reports, timeline, exports, AI or errors.",P0,REQUIRED,CRM-P1-BE-045;CRM-P1-BE-046;CRM-P1-CODE-023,,,,APPROVED,CRM Pass 1,2026-08-30
F023-AUTO-001,F023,CRM-CAP-007,AUTO,Automation governance,"Approved automation may act on Opportunity-to-quotation conversion only through normal domain commands with trigger provenance, recursion control, retry policy, audit and operator visibility.",P0,REQUIRED,CRM-P1-BE-045;CRM-P1-BE-046;CRM-P1-CODE-023,,,,APPROVED,CRM Pass 1,2026-08-30
F023-APP-001,F023,CRM-CAP-007,APP,Approval/override policy,"Ordinary low-risk Opportunity-to-quotation conversion work does not require a universal approval; elevated overrides, destructive merges, high-impact bulk changes or configured thresholds MUST require the explicit permission/approval policy and reason.",P0,REQUIRED,CRM-P1-BE-045;CRM-P1-BE-046;CRM-P1-CODE-023,,,,APPROVED,CRM Pass 1,2026-08-30
F023-NOTIF-001,F023,CRM-CAP-007,NOTIF,Notification behavior,"Notifications for Opportunity-to-quotation conversion MUST be event-driven, permission-safe, preference-aware, deduplicated on retry and include a durable deep link when the recipient remains authorized.",P0,REQUIRED,CRM-P1-BE-045;CRM-P1-BE-046;CRM-P1-CODE-023,,,,APPROVED,CRM Pass 1,2026-08-30
F023-REP-001,F023,CRM-CAP-007,REP,Reporting contract,"Reports/KPIs for Opportunity-to-quotation conversion MUST define formula, dimensions, time basis, freshness, currency/units where applicable, permission-safe aggregation and drill-down reconciliation.",P0,REQUIRED,CRM-P1-BE-045;CRM-P1-BE-046;CRM-P1-CODE-023,,,,APPROVED,CRM Pass 1,2026-08-30
F023-AI-001,F023,CRM-CAP-007,AI,AI authority boundary,"AI class is `AI_GENERATE`. AI MAY assist/recommend/generate only within the caller's normal data permissions and MUST expose provenance, model/version, uncertainty/reasons where applicable and a deterministic/human fallback; it MUST NOT bypass normal mutation authority.",P0,REQUIRED,CRM-P1-BE-045;CRM-P1-BE-046;CRM-P1-CODE-023,,,,APPROVED,CRM Pass 1,2026-08-30
F023-INT-001,F023,CRM-CAP-007,INT,Module/external contract,CRM reads opportunity context; Sales creates quotation via its public command/orchestration using sourceOpportunityId and idempotency key.,P0,REQUIRED,CRM-P1-BE-045;CRM-P1-BE-046;CRM-P1-CODE-023,,,,APPROVED,CRM Pass 1,2026-08-30
F023-INT-002,F023,CRM-CAP-007,INT,Failure reconciliation,"Every external or cross-module effect for Opportunity-to-quotation conversion MUST define idempotency, retry ownership, failure visibility, compensation/reversal where possible and an operator reconciliation path.",P0,REQUIRED,CRM-P1-BE-045;CRM-P1-BE-046;CRM-P1-CODE-023,,,,APPROVED,CRM Pass 1,2026-08-30
F023-API-001,F023,CRM-CAP-007,API,Command contract,"Mutating Opportunity-to-quotation conversion APIs MUST have explicit request/response/error schemas, authorization, optimistic concurrency where records are editable, audit/correlation metadata and idempotency for non-repeatable commands.",P0,REQUIRED,CRM-P1-BE-045;CRM-P1-BE-046;CRM-P1-CODE-023,,,,APPROVED,CRM Pass 1,2026-08-30
F023-API-002,F023,CRM-CAP-007,API,Query contract,"Opportunity-to-quotation conversion list/search/detail APIs MUST use bounded pagination, stable sorting/filter semantics, permission-safe counts and compatibility/versioning rules.",P0,REQUIRED,CRM-P1-BE-045;CRM-P1-BE-046;CRM-P1-CODE-023,,,,APPROVED,CRM Pass 1,2026-08-30
F023-PERF-001,F023,CRM-CAP-007,PERF,Performance envelope,"Normal Opportunity-to-quotation conversion record reads SHOULD meet p95 <=400ms server response, filtered lists <=600ms and standard mutations <=750ms on representative datasets; large jobs MUST become asynchronous.",P1,REQUIRED,CRM-P1-BE-045;CRM-P1-BE-046;CRM-P1-CODE-023,,,,APPROVED,CRM Pass 1,2026-08-30
F023-OBS-001,F023,CRM-CAP-007,OBS,Observability,"The system MUST emit correlation IDs, structured non-PII logs, business/technical metrics and retry/dead-letter/reconciliation diagnostics sufficient to explain Opportunity-to-quotation conversion failures without exposing sensitive content.",P0,REQUIRED,CRM-P1-BE-045;CRM-P1-BE-046;CRM-P1-CODE-023,,,,APPROVED,CRM Pass 1,2026-08-30
F023-E2E-001,F023,CRM-CAP-007,E2E,Happy/permission browser journey,Browser E2E MUST prove an authorized user can create a Sales quotation from an authorized open opportunity exactly once and see the resulting linkage and an unauthorized user cannot perform or infer the same action/data.,P0,REQUIRED,CRM-P1-BE-045;CRM-P1-BE-046;CRM-P1-CODE-023,,,,APPROVED,CRM Pass 1,2026-08-30
F023-E2E-002,F023,CRM-CAP-007,E2E,Conflict/failure browser journey,"Browser/API E2E MUST prove stale-write/conflict or retryable failure behavior for Opportunity-to-quotation conversion is visible, recoverable and does not duplicate business effects.",P0,REQUIRED,CRM-P1-BE-045;CRM-P1-BE-046;CRM-P1-CODE-023,,,,APPROVED,CRM Pass 1,2026-08-30
F023-UAT-001,F023,CRM-CAP-007,UAT,Front-line UAT,"Human UAT MUST have a front-line persona execute the primary Opportunity-to-quotation conversion job on desktop and a high-frequency mobile/tablet path, capturing visible result and audit evidence.",P0,REQUIRED,CRM-P1-BE-045;CRM-P1-BE-046;CRM-P1-CODE-023,,,,APPROVED,CRM Pass 1,2026-08-30
F023-UAT-002,F023,CRM-CAP-007,UAT,Manager/exception UAT,Human UAT MUST have a manager/operations persona exercise one permission/exception/override or reconciliation case and confirm reporting/history reflect the outcome.,P0,REQUIRED,CRM-P1-BE-045;CRM-P1-BE-046;CRM-P1-CODE-023,,,,APPROVED,CRM Pass 1,2026-08-30
F024-CAP-001,F024,CRM-CAP-008,CAP,Core operator outcome,The Pipeline dashboard capability MUST let authorized MGR; EXEC; REP users see pipeline amount/count/aging/velocity and drill to the authorized deals behind each number.,P0,REQUIRED,CRM-P1-BE-047;CRM-P1-BE-048;CRM-P1-CODE-024,,,,APPROVED,CRM Pass 1,2026-08-30
F024-CAP-002,F024,CRM-CAP-008,CAP,Enterprise completeness,"The capability MUST include the reviewed enterprise expectations for metric formulas, currency, filters, stale/risk signals, target coverage, cache freshness, drilldown reconciliation and aggregate security and MUST NOT treat the short canonical label as the full scope.",P0,REQUIRED,CRM-P1-BE-047;CRM-P1-BE-048;CRM-P1-CODE-024,,,,APPROVED,CRM Pass 1,2026-08-30
F024-CAP-003,F024,CRM-CAP-008,CAP,Boundary ownership,Dashboard queries CRM read models only; downstream BI export uses governed report definitions.,P0,REQUIRED,CRM-P1-BE-047;CRM-P1-BE-048;CRM-P1-CODE-024,,,,APPROVED,CRM Pass 1,2026-08-30
F024-FR-001,F024,CRM-CAP-008,FR,Primary workflow,"The system MUST provide a complete server-backed workflow to see pipeline amount/count/aging/velocity and drill to the authorized deals behind each number, including success, empty, validation, permission and conflict states.",P0,REQUIRED,CRM-P1-BE-047;CRM-P1-BE-048;CRM-P1-CODE-024,,,,APPROVED,CRM Pass 1,2026-08-30
F024-FR-002,F024,CRM-CAP-008,FR,History and recoverability,"Every material Pipeline dashboard mutation MUST leave durable history sufficient to explain actor, time, previous state, new state and reason where applicable.",P0,REQUIRED,CRM-P1-BE-047;CRM-P1-BE-048;CRM-P1-CODE-024,,,,APPROVED,CRM Pass 1,2026-08-30
F024-FR-003,F024,CRM-CAP-008,FR,Enterprise volume,"The feature MUST remain usable for individual work and enterprise list/bulk volumes using pagination, virtualization or asynchronous jobs when thresholds are crossed.",P0,REQUIRED,CRM-P1-BE-047;CRM-P1-BE-048;CRM-P1-CODE-024,,,,APPROVED,CRM Pass 1,2026-08-30
F024-US-001,F024,CRM-CAP-008,US,Front-line job,"As an authorized front-line user, I can see pipeline amount/count/aging/velocity and drill to the authorized deals behind each number without navigating to raw technical resources or losing related-record context.",P0,REQUIRED,CRM-P1-BE-047;CRM-P1-BE-048;CRM-P1-CODE-024,,,,APPROVED,CRM Pass 1,2026-08-30
F024-US-002,F024,CRM-CAP-008,US,Manager/operations job,"As a manager or operations user, I can inspect, govern and audit Pipeline dashboard behavior across my permitted team/company scope.",P0,REQUIRED,CRM-P1-BE-047;CRM-P1-BE-048;CRM-P1-CODE-024,,,,APPROVED,CRM Pass 1,2026-08-30
F024-FLOW-001,F024,CRM-CAP-008,FLOW,Primary and alternate flow,The primary flow MUST follow the governed lifecycle `Read model; definitions/versioned metrics are governed separately` and expose alternate/cancel paths where the lifecycle permits them.,P0,REQUIRED,CRM-P1-BE-047;CRM-P1-BE-048;CRM-P1-CODE-024,,,,APPROVED,CRM Pass 1,2026-08-30
F024-FLOW-002,F024,CRM-CAP-008,FLOW,Failure and retry flow,"Validation failures, authorization denials, concurrency conflicts and retryable integration failures MUST be visible, actionable and safe to retry without duplicate business effects.",P0,REQUIRED,CRM-P1-BE-047;CRM-P1-BE-048;CRM-P1-CODE-024,,,,APPROVED,CRM Pass 1,2026-08-30
F024-BR-001,F024,CRM-CAP-008,BR,Authoritative ownership,"The owning CRM domain command/service is authoritative for Pipeline dashboard; UI, import, bulk, automation and AI paths MUST reuse the same business rules.",P0,REQUIRED,CRM-P1-BE-047;CRM-P1-BE-048;CRM-P1-CODE-024,,,,APPROVED,CRM Pass 1,2026-08-30
F024-BR-002,F024,CRM-CAP-008,BR,Historical truth,"Configuration or later edits MUST NOT rewrite historical Pipeline dashboard events needed for audit, reporting or reproducibility.",P0,REQUIRED,CRM-P1-BE-047;CRM-P1-BE-048;CRM-P1-CODE-024,,,,APPROVED,CRM Pass 1,2026-08-30
F024-DATA-001,F024,CRM-CAP-008,DATA,Entity model,"The authoritative data model MUST explicitly govern crm_dashboards; crm_dashboard_widgets; crm_opportunities; crm_opportunity_stage_history; crm_activities with organization identifiers, stable keys, lifecycle timestamps and indexes appropriate to access patterns.",P0,REQUIRED,CRM-P1-BE-047;CRM-P1-BE-048;CRM-P1-CODE-024,,,,APPROVED,CRM Pass 1,2026-08-30
F024-DATA-002,F024,CRM-CAP-008,DATA,Lineage and retention,"System-derived and externally sourced values MUST retain provenance/lineage, and retention/deletion behavior MUST preserve legally or operationally required audit links.",P0,REQUIRED,CRM-P1-BE-047;CRM-P1-BE-048;CRM-P1-CODE-024,,,,APPROVED,CRM Pass 1,2026-08-30
F024-VAL-001,F024,CRM-CAP-008,VAL,Server validation,"All create/update/transition commands MUST validate required fields, references, organization/company scope, lifecycle legality and normalized input server-side before persistence.",P0,REQUIRED,CRM-P1-BE-047;CRM-P1-BE-048;CRM-P1-CODE-024,,,,APPROVED,CRM Pass 1,2026-08-30
F024-VAL-002,F024,CRM-CAP-008,VAL,Actionable errors,Validation failures MUST return stable CRM error codes plus user-actionable messages without leaking restricted record existence or sensitive values.,P0,REQUIRED,CRM-P1-BE-047;CRM-P1-BE-048;CRM-P1-CODE-024,,,,APPROVED,CRM Pass 1,2026-08-30
F024-CALC-001,F024,CRM-CAP-008,CALC,Deterministic calculations,"Every KPI has a named formula, time basis, currency treatment and drill-down population; aggregates never include rows the viewer cannot access.",P0,REQUIRED,CRM-P1-BE-047;CRM-P1-BE-048;CRM-P1-CODE-024,,,,APPROVED,CRM Pass 1,2026-08-30
F024-UX-001,F024,CRM-CAP-008,UX,Workspace,The primary Pipeline dashboard workspace MUST expose the next meaningful action above the fold and keep high-frequency context/actions within one consistent CRM shell.,P0,REQUIRED,CRM-P1-BE-047;CRM-P1-BE-048;CRM-P1-CODE-024,,,,APPROVED,CRM Pass 1,2026-08-30
F024-UX-002,F024,CRM-CAP-008,UX,States and feedback,"List/detail/create/edit surfaces MUST specify loading, empty, error, permission, stale/conflict and destructive-action states with immediate progress/confirmation feedback.",P0,REQUIRED,CRM-P1-BE-047;CRM-P1-BE-048;CRM-P1-CODE-024,,,,APPROVED,CRM Pass 1,2026-08-30
F024-UX-003,F024,CRM-CAP-008,UX,Responsive/accessibility,"Critical Pipeline dashboard actions MUST work on desktop, tablet and phone with full keyboard operation, visible focus, semantic labels, non-drag alternatives and no horizontal content loss except intentional boards/tables.",P0,REQUIRED,CRM-P1-BE-047;CRM-P1-BE-048;CRM-P1-CODE-024,,,,APPROVED,CRM Pass 1,2026-08-30
F024-SEC-001,F024,CRM-CAP-008,SEC,Authorization,"Every Pipeline dashboard query and command MUST enforce server-side organization, company/branch where applicable, team/owner/record scope and action permission before returning or mutating data.",P0,REQUIRED,CRM-P1-BE-047;CRM-P1-BE-048;CRM-P1-CODE-024,,,,APPROVED,CRM Pass 1,2026-08-30
F024-SEC-002,F024,CRM-CAP-008,SEC,Sensitive fields and negative tests,"Sensitive fields/content MUST support stricter field/content visibility than record visibility, and negative tests MUST prove unauthorized users cannot infer data via search counts, reports, timeline, exports, AI or errors.",P0,REQUIRED,CRM-P1-BE-047;CRM-P1-BE-048;CRM-P1-CODE-024,,,,APPROVED,CRM Pass 1,2026-08-30
F024-AUTO-001,F024,CRM-CAP-008,AUTO,Automation governance,"Approved automation may act on Pipeline dashboard only through normal domain commands with trigger provenance, recursion control, retry policy, audit and operator visibility.",P0,REQUIRED,CRM-P1-BE-047;CRM-P1-BE-048;CRM-P1-CODE-024,,,,APPROVED,CRM Pass 1,2026-08-30
F024-APP-001,F024,CRM-CAP-008,APP,Approval/override policy,"Ordinary low-risk Pipeline dashboard work does not require a universal approval; elevated overrides, destructive merges, high-impact bulk changes or configured thresholds MUST require the explicit permission/approval policy and reason.",P0,REQUIRED,CRM-P1-BE-047;CRM-P1-BE-048;CRM-P1-CODE-024,,,,APPROVED,CRM Pass 1,2026-08-30
F024-NOTIF-001,F024,CRM-CAP-008,NOTIF,Notification behavior,"Notifications for Pipeline dashboard MUST be event-driven, permission-safe, preference-aware, deduplicated on retry and include a durable deep link when the recipient remains authorized.",P0,REQUIRED,CRM-P1-BE-047;CRM-P1-BE-048;CRM-P1-CODE-024,,,,APPROVED,CRM Pass 1,2026-08-30
F024-REP-001,F024,CRM-CAP-008,REP,Reporting contract,"Reports/KPIs for Pipeline dashboard MUST define formula, dimensions, time basis, freshness, currency/units where applicable, permission-safe aggregation and drill-down reconciliation.",P0,REQUIRED,CRM-P1-BE-047;CRM-P1-BE-048;CRM-P1-CODE-024,,,,APPROVED,CRM Pass 1,2026-08-30
F024-AI-001,F024,CRM-CAP-008,AI,AI authority boundary,"AI class is `AI_ASSIST`. AI MAY assist/recommend/generate only within the caller's normal data permissions and MUST expose provenance, model/version, uncertainty/reasons where applicable and a deterministic/human fallback; it MUST NOT bypass normal mutation authority.",P0,REQUIRED,CRM-P1-BE-047;CRM-P1-BE-048;CRM-P1-CODE-024,,,,APPROVED,CRM Pass 1,2026-08-30
F024-INT-001,F024,CRM-CAP-008,INT,Module/external contract,Dashboard queries CRM read models only; downstream BI export uses governed report definitions.,P0,REQUIRED,CRM-P1-BE-047;CRM-P1-BE-048;CRM-P1-CODE-024,,,,APPROVED,CRM Pass 1,2026-08-30
F024-INT-002,F024,CRM-CAP-008,INT,Failure reconciliation,"Every external or cross-module effect for Pipeline dashboard MUST define idempotency, retry ownership, failure visibility, compensation/reversal where possible and an operator reconciliation path.",P0,REQUIRED,CRM-P1-BE-047;CRM-P1-BE-048;CRM-P1-CODE-024,,,,APPROVED,CRM Pass 1,2026-08-30
F024-API-001,F024,CRM-CAP-008,API,Command contract,"Mutating Pipeline dashboard APIs MUST have explicit request/response/error schemas, authorization, optimistic concurrency where records are editable, audit/correlation metadata and idempotency for non-repeatable commands.",P0,REQUIRED,CRM-P1-BE-047;CRM-P1-BE-048;CRM-P1-CODE-024,,,,APPROVED,CRM Pass 1,2026-08-30
F024-API-002,F024,CRM-CAP-008,API,Query contract,"Pipeline dashboard list/search/detail APIs MUST use bounded pagination, stable sorting/filter semantics, permission-safe counts and compatibility/versioning rules.",P0,REQUIRED,CRM-P1-BE-047;CRM-P1-BE-048;CRM-P1-CODE-024,,,,APPROVED,CRM Pass 1,2026-08-30
F024-PERF-001,F024,CRM-CAP-008,PERF,Performance envelope,"Normal Pipeline dashboard record reads SHOULD meet p95 <=400ms server response, filtered lists <=600ms and standard mutations <=750ms on representative datasets; large jobs MUST become asynchronous.",P1,REQUIRED,CRM-P1-BE-047;CRM-P1-BE-048;CRM-P1-CODE-024,,,,APPROVED,CRM Pass 1,2026-08-30
F024-OBS-001,F024,CRM-CAP-008,OBS,Observability,"The system MUST emit correlation IDs, structured non-PII logs, business/technical metrics and retry/dead-letter/reconciliation diagnostics sufficient to explain Pipeline dashboard failures without exposing sensitive content.",P0,REQUIRED,CRM-P1-BE-047;CRM-P1-BE-048;CRM-P1-CODE-024,,,,APPROVED,CRM Pass 1,2026-08-30
F024-E2E-001,F024,CRM-CAP-008,E2E,Happy/permission browser journey,Browser E2E MUST prove an authorized user can see pipeline amount/count/aging/velocity and drill to the authorized deals behind each number and an unauthorized user cannot perform or infer the same action/data.,P0,REQUIRED,CRM-P1-BE-047;CRM-P1-BE-048;CRM-P1-CODE-024,,,,APPROVED,CRM Pass 1,2026-08-30
F024-E2E-002,F024,CRM-CAP-008,E2E,Conflict/failure browser journey,"Browser/API E2E MUST prove stale-write/conflict or retryable failure behavior for Pipeline dashboard is visible, recoverable and does not duplicate business effects.",P0,REQUIRED,CRM-P1-BE-047;CRM-P1-BE-048;CRM-P1-CODE-024,,,,APPROVED,CRM Pass 1,2026-08-30
F024-UAT-001,F024,CRM-CAP-008,UAT,Front-line UAT,"Human UAT MUST have a front-line persona execute the primary Pipeline dashboard job on desktop and a high-frequency mobile/tablet path, capturing visible result and audit evidence.",P0,REQUIRED,CRM-P1-BE-047;CRM-P1-BE-048;CRM-P1-CODE-024,,,,APPROVED,CRM Pass 1,2026-08-30
F024-UAT-002,F024,CRM-CAP-008,UAT,Manager/exception UAT,Human UAT MUST have a manager/operations persona exercise one permission/exception/override or reconciliation case and confirm reporting/history reflect the outcome.,P0,REQUIRED,CRM-P1-BE-047;CRM-P1-BE-048;CRM-P1-CODE-024,,,,APPROVED,CRM Pass 1,2026-08-30
F025-CAP-001,F025,CRM-CAP-008,CAP,Core operator outcome,"The Sales forecast capability MUST let authorized REP; MGR; EXEC; OPS users submit, roll up, adjust and later reproduce a forecast period with underlying deal drill-down.",P0,REQUIRED,CRM-P1-BE-049;CRM-P1-BE-050;CRM-P1-CODE-025,,,,APPROVED,CRM Pass 1,2026-08-30
F025-CAP-002,F025,CRM-CAP-008,CAP,Enterprise completeness,"The capability MUST include the reviewed enterprise expectations for categories, quotas/targets, hierarchy permissions, submissions, snapshots, manager adjustments, accuracy/backtesting and predictive confidence and MUST NOT treat the short canonical label as the full scope.",P0,REQUIRED,CRM-P1-BE-049;CRM-P1-BE-050;CRM-P1-CODE-025,,,,APPROVED,CRM Pass 1,2026-08-30
F025-CAP-003,F025,CRM-CAP-008,CAP,Boundary ownership,Consumes F009-F012 and F020 hierarchy; publishes forecast read models without becoming opportunity authority.,P0,REQUIRED,CRM-P1-BE-049;CRM-P1-BE-050;CRM-P1-CODE-025,,,,APPROVED,CRM Pass 1,2026-08-30
F025-FR-001,F025,CRM-CAP-008,FR,Primary workflow,"The system MUST provide a complete server-backed workflow to submit, roll up, adjust and later reproduce a forecast period with underlying deal drill-down, including success, empty, validation, permission and conflict states.",P0,REQUIRED,CRM-P1-BE-049;CRM-P1-BE-050;CRM-P1-CODE-025,,,,APPROVED,CRM Pass 1,2026-08-30
F025-FR-002,F025,CRM-CAP-008,FR,History and recoverability,"Every material Sales forecast mutation MUST leave durable history sufficient to explain actor, time, previous state, new state and reason where applicable.",P0,REQUIRED,CRM-P1-BE-049;CRM-P1-BE-050;CRM-P1-CODE-025,,,,APPROVED,CRM Pass 1,2026-08-30
F025-FR-003,F025,CRM-CAP-008,FR,Enterprise volume,"The feature MUST remain usable for individual work and enterprise list/bulk volumes using pagination, virtualization or asynchronous jobs when thresholds are crossed.",P0,REQUIRED,CRM-P1-BE-049;CRM-P1-BE-050;CRM-P1-CODE-025,,,,APPROVED,CRM Pass 1,2026-08-30
F025-US-001,F025,CRM-CAP-008,US,Front-line job,"As an authorized front-line user, I can submit, roll up, adjust and later reproduce a forecast period with underlying deal drill-down without navigating to raw technical resources or losing related-record context.",P0,REQUIRED,CRM-P1-BE-049;CRM-P1-BE-050;CRM-P1-CODE-025,,,,APPROVED,CRM Pass 1,2026-08-30
F025-US-002,F025,CRM-CAP-008,US,Manager/operations job,"As a manager or operations user, I can inspect, govern and audit Sales forecast behavior across my permitted team/company scope.",P0,REQUIRED,CRM-P1-BE-049;CRM-P1-BE-050;CRM-P1-CODE-025,,,,APPROVED,CRM Pass 1,2026-08-30
F025-FLOW-001,F025,CRM-CAP-008,FLOW,Primary and alternate flow,The primary flow MUST follow the governed lifecycle `OPEN -> SUBMITTED -> REVIEWED/ADJUSTED -> LOCKED -> CLOSED` and expose alternate/cancel paths where the lifecycle permits them.,P0,REQUIRED,CRM-P1-BE-049;CRM-P1-BE-050;CRM-P1-CODE-025,,,,APPROVED,CRM Pass 1,2026-08-30
F025-FLOW-002,F025,CRM-CAP-008,FLOW,Failure and retry flow,"Validation failures, authorization denials, concurrency conflicts and retryable integration failures MUST be visible, actionable and safe to retry without duplicate business effects.",P0,REQUIRED,CRM-P1-BE-049;CRM-P1-BE-050;CRM-P1-CODE-025,,,,APPROVED,CRM Pass 1,2026-08-30
F025-BR-001,F025,CRM-CAP-008,BR,Authoritative ownership,"The owning CRM domain command/service is authoritative for Sales forecast; UI, import, bulk, automation and AI paths MUST reuse the same business rules.",P0,REQUIRED,CRM-P1-BE-049;CRM-P1-BE-050;CRM-P1-CODE-025,,,,APPROVED,CRM Pass 1,2026-08-30
F025-BR-002,F025,CRM-CAP-008,BR,Historical truth,"Configuration or later edits MUST NOT rewrite historical Sales forecast events needed for audit, reporting or reproducibility.",P0,REQUIRED,CRM-P1-BE-049;CRM-P1-BE-050;CRM-P1-CODE-025,,,,APPROVED,CRM Pass 1,2026-08-30
F025-DATA-001,F025,CRM-CAP-008,DATA,Entity model,"The authoritative data model MUST explicitly govern crm_forecast_periods; crm_forecast_targets; crm_forecast_submissions; crm_forecast_snapshots; crm_predictive_forecast_snapshots with organization identifiers, stable keys, lifecycle timestamps and indexes appropriate to access patterns.",P0,REQUIRED,CRM-P1-BE-049;CRM-P1-BE-050;CRM-P1-CODE-025,,,,APPROVED,CRM Pass 1,2026-08-30
F025-DATA-002,F025,CRM-CAP-008,DATA,Lineage and retention,"System-derived and externally sourced values MUST retain provenance/lineage, and retention/deletion behavior MUST preserve legally or operationally required audit links.",P0,REQUIRED,CRM-P1-BE-049;CRM-P1-BE-050;CRM-P1-CODE-025,,,,APPROVED,CRM Pass 1,2026-08-30
F025-VAL-001,F025,CRM-CAP-008,VAL,Server validation,"All create/update/transition commands MUST validate required fields, references, organization/company scope, lifecycle legality and normalized input server-side before persistence.",P0,REQUIRED,CRM-P1-BE-049;CRM-P1-BE-050;CRM-P1-CODE-025,,,,APPROVED,CRM Pass 1,2026-08-30
F025-VAL-002,F025,CRM-CAP-008,VAL,Actionable errors,Validation failures MUST return stable CRM error codes plus user-actionable messages without leaking restricted record existence or sensitive values.,P0,REQUIRED,CRM-P1-BE-049;CRM-P1-BE-050;CRM-P1-CODE-025,,,,APPROVED,CRM Pass 1,2026-08-30
F025-CALC-001,F025,CRM-CAP-008,CALC,Deterministic calculations,"Rollups use explicit forecast category, scope, currency and snapshot rules; manager adjustment never mutates underlying opportunity amount/probability.",P0,REQUIRED,CRM-P1-BE-049;CRM-P1-BE-050;CRM-P1-CODE-025,,,,APPROVED,CRM Pass 1,2026-08-30
F025-UX-001,F025,CRM-CAP-008,UX,Workspace,The primary Sales forecast workspace MUST expose the next meaningful action above the fold and keep high-frequency context/actions within one consistent CRM shell.,P0,REQUIRED,CRM-P1-BE-049;CRM-P1-BE-050;CRM-P1-CODE-025,,,,APPROVED,CRM Pass 1,2026-08-30
F025-UX-002,F025,CRM-CAP-008,UX,States and feedback,"List/detail/create/edit surfaces MUST specify loading, empty, error, permission, stale/conflict and destructive-action states with immediate progress/confirmation feedback.",P0,REQUIRED,CRM-P1-BE-049;CRM-P1-BE-050;CRM-P1-CODE-025,,,,APPROVED,CRM Pass 1,2026-08-30
F025-UX-003,F025,CRM-CAP-008,UX,Responsive/accessibility,"Critical Sales forecast actions MUST work on desktop, tablet and phone with full keyboard operation, visible focus, semantic labels, non-drag alternatives and no horizontal content loss except intentional boards/tables.",P0,REQUIRED,CRM-P1-BE-049;CRM-P1-BE-050;CRM-P1-CODE-025,,,,APPROVED,CRM Pass 1,2026-08-30
F025-SEC-001,F025,CRM-CAP-008,SEC,Authorization,"Every Sales forecast query and command MUST enforce server-side organization, company/branch where applicable, team/owner/record scope and action permission before returning or mutating data.",P0,REQUIRED,CRM-P1-BE-049;CRM-P1-BE-050;CRM-P1-CODE-025,,,,APPROVED,CRM Pass 1,2026-08-30
F025-SEC-002,F025,CRM-CAP-008,SEC,Sensitive fields and negative tests,"Sensitive fields/content MUST support stricter field/content visibility than record visibility, and negative tests MUST prove unauthorized users cannot infer data via search counts, reports, timeline, exports, AI or errors.",P0,REQUIRED,CRM-P1-BE-049;CRM-P1-BE-050;CRM-P1-CODE-025,,,,APPROVED,CRM Pass 1,2026-08-30
F025-AUTO-001,F025,CRM-CAP-008,AUTO,Automation governance,"Approved automation may act on Sales forecast only through normal domain commands with trigger provenance, recursion control, retry policy, audit and operator visibility.",P0,REQUIRED,CRM-P1-BE-049;CRM-P1-BE-050;CRM-P1-CODE-025,,,,APPROVED,CRM Pass 1,2026-08-30
F025-APP-001,F025,CRM-CAP-008,APP,Approval/override policy,"Ordinary low-risk Sales forecast work does not require a universal approval; elevated overrides, destructive merges, high-impact bulk changes or configured thresholds MUST require the explicit permission/approval policy and reason.",P0,REQUIRED,CRM-P1-BE-049;CRM-P1-BE-050;CRM-P1-CODE-025,,,,APPROVED,CRM Pass 1,2026-08-30
F025-NOTIF-001,F025,CRM-CAP-008,NOTIF,Notification behavior,"Notifications for Sales forecast MUST be event-driven, permission-safe, preference-aware, deduplicated on retry and include a durable deep link when the recipient remains authorized.",P0,REQUIRED,CRM-P1-BE-049;CRM-P1-BE-050;CRM-P1-CODE-025,,,,APPROVED,CRM Pass 1,2026-08-30
F025-REP-001,F025,CRM-CAP-008,REP,Reporting contract,"Reports/KPIs for Sales forecast MUST define formula, dimensions, time basis, freshness, currency/units where applicable, permission-safe aggregation and drill-down reconciliation.",P0,REQUIRED,CRM-P1-BE-049;CRM-P1-BE-050;CRM-P1-CODE-025,,,,APPROVED,CRM Pass 1,2026-08-30
F025-AI-001,F025,CRM-CAP-008,AI,AI authority boundary,"AI class is `AI_RECOMMEND`. AI MAY assist/recommend/generate only within the caller's normal data permissions and MUST expose provenance, model/version, uncertainty/reasons where applicable and a deterministic/human fallback; it MUST NOT bypass normal mutation authority.",P0,REQUIRED,CRM-P1-BE-049;CRM-P1-BE-050;CRM-P1-CODE-025,,,,APPROVED,CRM Pass 1,2026-08-30
F025-INT-001,F025,CRM-CAP-008,INT,Module/external contract,Consumes F009-F012 and F020 hierarchy; publishes forecast read models without becoming opportunity authority.,P0,REQUIRED,CRM-P1-BE-049;CRM-P1-BE-050;CRM-P1-CODE-025,,,,APPROVED,CRM Pass 1,2026-08-30
F025-INT-002,F025,CRM-CAP-008,INT,Failure reconciliation,"Every external or cross-module effect for Sales forecast MUST define idempotency, retry ownership, failure visibility, compensation/reversal where possible and an operator reconciliation path.",P0,REQUIRED,CRM-P1-BE-049;CRM-P1-BE-050;CRM-P1-CODE-025,,,,APPROVED,CRM Pass 1,2026-08-30
F025-API-001,F025,CRM-CAP-008,API,Command contract,"Mutating Sales forecast APIs MUST have explicit request/response/error schemas, authorization, optimistic concurrency where records are editable, audit/correlation metadata and idempotency for non-repeatable commands.",P0,REQUIRED,CRM-P1-BE-049;CRM-P1-BE-050;CRM-P1-CODE-025,,,,APPROVED,CRM Pass 1,2026-08-30
F025-API-002,F025,CRM-CAP-008,API,Query contract,"Sales forecast list/search/detail APIs MUST use bounded pagination, stable sorting/filter semantics, permission-safe counts and compatibility/versioning rules.",P0,REQUIRED,CRM-P1-BE-049;CRM-P1-BE-050;CRM-P1-CODE-025,,,,APPROVED,CRM Pass 1,2026-08-30
F025-PERF-001,F025,CRM-CAP-008,PERF,Performance envelope,"Normal Sales forecast record reads SHOULD meet p95 <=400ms server response, filtered lists <=600ms and standard mutations <=750ms on representative datasets; large jobs MUST become asynchronous.",P1,REQUIRED,CRM-P1-BE-049;CRM-P1-BE-050;CRM-P1-CODE-025,,,,APPROVED,CRM Pass 1,2026-08-30
F025-OBS-001,F025,CRM-CAP-008,OBS,Observability,"The system MUST emit correlation IDs, structured non-PII logs, business/technical metrics and retry/dead-letter/reconciliation diagnostics sufficient to explain Sales forecast failures without exposing sensitive content.",P0,REQUIRED,CRM-P1-BE-049;CRM-P1-BE-050;CRM-P1-CODE-025,,,,APPROVED,CRM Pass 1,2026-08-30
F025-E2E-001,F025,CRM-CAP-008,E2E,Happy/permission browser journey,"Browser E2E MUST prove an authorized user can submit, roll up, adjust and later reproduce a forecast period with underlying deal drill-down and an unauthorized user cannot perform or infer the same action/data.",P0,REQUIRED,CRM-P1-BE-049;CRM-P1-BE-050;CRM-P1-CODE-025,,,,APPROVED,CRM Pass 1,2026-08-30
F025-E2E-002,F025,CRM-CAP-008,E2E,Conflict/failure browser journey,"Browser/API E2E MUST prove stale-write/conflict or retryable failure behavior for Sales forecast is visible, recoverable and does not duplicate business effects.",P0,REQUIRED,CRM-P1-BE-049;CRM-P1-BE-050;CRM-P1-CODE-025,,,,APPROVED,CRM Pass 1,2026-08-30
F025-UAT-001,F025,CRM-CAP-008,UAT,Front-line UAT,"Human UAT MUST have a front-line persona execute the primary Sales forecast job on desktop and a high-frequency mobile/tablet path, capturing visible result and audit evidence.",P0,REQUIRED,CRM-P1-BE-049;CRM-P1-BE-050;CRM-P1-CODE-025,,,,APPROVED,CRM Pass 1,2026-08-30
F025-UAT-002,F025,CRM-CAP-008,UAT,Manager/exception UAT,Human UAT MUST have a manager/operations persona exercise one permission/exception/override or reconciliation case and confirm reporting/history reflect the outcome.,P0,REQUIRED,CRM-P1-BE-049;CRM-P1-BE-050;CRM-P1-CODE-025,,,,APPROVED,CRM Pass 1,2026-08-30
F026-CAP-001,F026,CRM-CAP-003,CAP,Core operator outcome,The Won / lost reasons capability MUST let authorized REP; MGR; OPS users close a deal with a valid reason and later analyze outcomes without losing historical meaning.,P0,REQUIRED,CRM-P1-BE-051;CRM-P1-BE-052;CRM-P1-CODE-026,,,,APPROVED,CRM Pass 1,2026-08-30
F026-CAP-002,F026,CRM-CAP-003,CAP,Enterprise completeness,"The capability MUST include the reviewed enterprise expectations for mandatory-by-outcome rules, competitor/product dimensions, inactive reason handling, reopen history, label versioning and AI theme analysis and MUST NOT treat the short canonical label as the full scope.",P0,REQUIRED,CRM-P1-BE-051;CRM-P1-BE-052;CRM-P1-CODE-026,,,,APPROVED,CRM Pass 1,2026-08-30
F026-CAP-003,F026,CRM-CAP-003,CAP,Boundary ownership,Close reason feeds CRM reports/forecast accuracy analysis; it does not directly modify Sales orders/quotations.,P0,REQUIRED,CRM-P1-BE-051;CRM-P1-BE-052;CRM-P1-CODE-026,,,,APPROVED,CRM Pass 1,2026-08-30
F026-FR-001,F026,CRM-CAP-003,FR,Primary workflow,"The system MUST provide a complete server-backed workflow to close a deal with a valid reason and later analyze outcomes without losing historical meaning, including success, empty, validation, permission and conflict states.",P0,REQUIRED,CRM-P1-BE-051;CRM-P1-BE-052;CRM-P1-CODE-026,,,,APPROVED,CRM Pass 1,2026-08-30
F026-FR-002,F026,CRM-CAP-003,FR,History and recoverability,"Every material Won / lost reasons mutation MUST leave durable history sufficient to explain actor, time, previous state, new state and reason where applicable.",P0,REQUIRED,CRM-P1-BE-051;CRM-P1-BE-052;CRM-P1-CODE-026,,,,APPROVED,CRM Pass 1,2026-08-30
F026-FR-003,F026,CRM-CAP-003,FR,Enterprise volume,"The feature MUST remain usable for individual work and enterprise list/bulk volumes using pagination, virtualization or asynchronous jobs when thresholds are crossed.",P0,REQUIRED,CRM-P1-BE-051;CRM-P1-BE-052;CRM-P1-CODE-026,,,,APPROVED,CRM Pass 1,2026-08-30
F026-US-001,F026,CRM-CAP-003,US,Front-line job,"As an authorized front-line user, I can close a deal with a valid reason and later analyze outcomes without losing historical meaning without navigating to raw technical resources or losing related-record context.",P0,REQUIRED,CRM-P1-BE-051;CRM-P1-BE-052;CRM-P1-CODE-026,,,,APPROVED,CRM Pass 1,2026-08-30
F026-US-002,F026,CRM-CAP-003,US,Manager/operations job,"As a manager or operations user, I can inspect, govern and audit Won / lost reasons behavior across my permitted team/company scope.",P0,REQUIRED,CRM-P1-BE-051;CRM-P1-BE-052;CRM-P1-CODE-026,,,,APPROVED,CRM Pass 1,2026-08-30
F026-FLOW-001,F026,CRM-CAP-003,FLOW,Primary and alternate flow,The primary flow MUST follow the governed lifecycle `Close WON/LOST requires reason policy; reopen creates a new event and preserves prior close reason` and expose alternate/cancel paths where the lifecycle permits them.,P0,REQUIRED,CRM-P1-BE-051;CRM-P1-BE-052;CRM-P1-CODE-026,,,,APPROVED,CRM Pass 1,2026-08-30
F026-FLOW-002,F026,CRM-CAP-003,FLOW,Failure and retry flow,"Validation failures, authorization denials, concurrency conflicts and retryable integration failures MUST be visible, actionable and safe to retry without duplicate business effects.",P0,REQUIRED,CRM-P1-BE-051;CRM-P1-BE-052;CRM-P1-CODE-026,,,,APPROVED,CRM Pass 1,2026-08-30
F026-BR-001,F026,CRM-CAP-003,BR,Authoritative ownership,"The owning CRM domain command/service is authoritative for Won / lost reasons; UI, import, bulk, automation and AI paths MUST reuse the same business rules.",P0,REQUIRED,CRM-P1-BE-051;CRM-P1-BE-052;CRM-P1-CODE-026,,,,APPROVED,CRM Pass 1,2026-08-30
F026-BR-002,F026,CRM-CAP-003,BR,Historical truth,"Configuration or later edits MUST NOT rewrite historical Won / lost reasons events needed for audit, reporting or reproducibility.",P0,REQUIRED,CRM-P1-BE-051;CRM-P1-BE-052;CRM-P1-CODE-026,,,,APPROVED,CRM Pass 1,2026-08-30
F026-DATA-001,F026,CRM-CAP-003,DATA,Entity model,"The authoritative data model MUST explicitly govern crm_lost_reasons; crm_win_loss_reviews; crm_opportunities; crm_opportunity_stage_history with organization identifiers, stable keys, lifecycle timestamps and indexes appropriate to access patterns.",P0,REQUIRED,CRM-P1-BE-051;CRM-P1-BE-052;CRM-P1-CODE-026,,,,APPROVED,CRM Pass 1,2026-08-30
F026-DATA-002,F026,CRM-CAP-003,DATA,Lineage and retention,"System-derived and externally sourced values MUST retain provenance/lineage, and retention/deletion behavior MUST preserve legally or operationally required audit links.",P0,REQUIRED,CRM-P1-BE-051;CRM-P1-BE-052;CRM-P1-CODE-026,,,,APPROVED,CRM Pass 1,2026-08-30
F026-VAL-001,F026,CRM-CAP-003,VAL,Server validation,"All create/update/transition commands MUST validate required fields, references, organization/company scope, lifecycle legality and normalized input server-side before persistence.",P0,REQUIRED,CRM-P1-BE-051;CRM-P1-BE-052;CRM-P1-CODE-026,,,,APPROVED,CRM Pass 1,2026-08-30
F026-VAL-002,F026,CRM-CAP-003,VAL,Actionable errors,Validation failures MUST return stable CRM error codes plus user-actionable messages without leaking restricted record existence or sensitive values.,P0,REQUIRED,CRM-P1-BE-051;CRM-P1-BE-052;CRM-P1-CODE-026,,,,APPROVED,CRM Pass 1,2026-08-30
F026-CALC-001,F026,CRM-CAP-003,CALC,Deterministic calculations,"Reason distribution and win/loss rates use immutable close events, not the current mutable label text.",P0,REQUIRED,CRM-P1-BE-051;CRM-P1-BE-052;CRM-P1-CODE-026,,,,APPROVED,CRM Pass 1,2026-08-30
F026-UX-001,F026,CRM-CAP-003,UX,Workspace,The primary Won / lost reasons workspace MUST expose the next meaningful action above the fold and keep high-frequency context/actions within one consistent CRM shell.,P0,REQUIRED,CRM-P1-BE-051;CRM-P1-BE-052;CRM-P1-CODE-026,,,,APPROVED,CRM Pass 1,2026-08-30
F026-UX-002,F026,CRM-CAP-003,UX,States and feedback,"List/detail/create/edit surfaces MUST specify loading, empty, error, permission, stale/conflict and destructive-action states with immediate progress/confirmation feedback.",P0,REQUIRED,CRM-P1-BE-051;CRM-P1-BE-052;CRM-P1-CODE-026,,,,APPROVED,CRM Pass 1,2026-08-30
F026-UX-003,F026,CRM-CAP-003,UX,Responsive/accessibility,"Critical Won / lost reasons actions MUST work on desktop, tablet and phone with full keyboard operation, visible focus, semantic labels, non-drag alternatives and no horizontal content loss except intentional boards/tables.",P0,REQUIRED,CRM-P1-BE-051;CRM-P1-BE-052;CRM-P1-CODE-026,,,,APPROVED,CRM Pass 1,2026-08-30
F026-SEC-001,F026,CRM-CAP-003,SEC,Authorization,"Every Won / lost reasons query and command MUST enforce server-side organization, company/branch where applicable, team/owner/record scope and action permission before returning or mutating data.",P0,REQUIRED,CRM-P1-BE-051;CRM-P1-BE-052;CRM-P1-CODE-026,,,,APPROVED,CRM Pass 1,2026-08-30
F026-SEC-002,F026,CRM-CAP-003,SEC,Sensitive fields and negative tests,"Sensitive fields/content MUST support stricter field/content visibility than record visibility, and negative tests MUST prove unauthorized users cannot infer data via search counts, reports, timeline, exports, AI or errors.",P0,REQUIRED,CRM-P1-BE-051;CRM-P1-BE-052;CRM-P1-CODE-026,,,,APPROVED,CRM Pass 1,2026-08-30
F026-AUTO-001,F026,CRM-CAP-003,AUTO,Automation governance,"Approved automation may act on Won / lost reasons only through normal domain commands with trigger provenance, recursion control, retry policy, audit and operator visibility.",P0,REQUIRED,CRM-P1-BE-051;CRM-P1-BE-052;CRM-P1-CODE-026,,,,APPROVED,CRM Pass 1,2026-08-30
F026-APP-001,F026,CRM-CAP-003,APP,Approval/override policy,"Ordinary low-risk Won / lost reasons work does not require a universal approval; elevated overrides, destructive merges, high-impact bulk changes or configured thresholds MUST require the explicit permission/approval policy and reason.",P0,REQUIRED,CRM-P1-BE-051;CRM-P1-BE-052;CRM-P1-CODE-026,,,,APPROVED,CRM Pass 1,2026-08-30
F026-NOTIF-001,F026,CRM-CAP-003,NOTIF,Notification behavior,"Notifications for Won / lost reasons MUST be event-driven, permission-safe, preference-aware, deduplicated on retry and include a durable deep link when the recipient remains authorized.",P0,REQUIRED,CRM-P1-BE-051;CRM-P1-BE-052;CRM-P1-CODE-026,,,,APPROVED,CRM Pass 1,2026-08-30
F026-REP-001,F026,CRM-CAP-003,REP,Reporting contract,"Reports/KPIs for Won / lost reasons MUST define formula, dimensions, time basis, freshness, currency/units where applicable, permission-safe aggregation and drill-down reconciliation.",P0,REQUIRED,CRM-P1-BE-051;CRM-P1-BE-052;CRM-P1-CODE-026,,,,APPROVED,CRM Pass 1,2026-08-30
F026-AI-001,F026,CRM-CAP-003,AI,AI authority boundary,"AI class is `AI_ASSIST`. AI MAY assist/recommend/generate only within the caller's normal data permissions and MUST expose provenance, model/version, uncertainty/reasons where applicable and a deterministic/human fallback; it MUST NOT bypass normal mutation authority.",P0,REQUIRED,CRM-P1-BE-051;CRM-P1-BE-052;CRM-P1-CODE-026,,,,APPROVED,CRM Pass 1,2026-08-30
F026-INT-001,F026,CRM-CAP-003,INT,Module/external contract,Close reason feeds CRM reports/forecast accuracy analysis; it does not directly modify Sales orders/quotations.,P0,REQUIRED,CRM-P1-BE-051;CRM-P1-BE-052;CRM-P1-CODE-026,,,,APPROVED,CRM Pass 1,2026-08-30
F026-INT-002,F026,CRM-CAP-003,INT,Failure reconciliation,"Every external or cross-module effect for Won / lost reasons MUST define idempotency, retry ownership, failure visibility, compensation/reversal where possible and an operator reconciliation path.",P0,REQUIRED,CRM-P1-BE-051;CRM-P1-BE-052;CRM-P1-CODE-026,,,,APPROVED,CRM Pass 1,2026-08-30
F026-API-001,F026,CRM-CAP-003,API,Command contract,"Mutating Won / lost reasons APIs MUST have explicit request/response/error schemas, authorization, optimistic concurrency where records are editable, audit/correlation metadata and idempotency for non-repeatable commands.",P0,REQUIRED,CRM-P1-BE-051;CRM-P1-BE-052;CRM-P1-CODE-026,,,,APPROVED,CRM Pass 1,2026-08-30
F026-API-002,F026,CRM-CAP-003,API,Query contract,"Won / lost reasons list/search/detail APIs MUST use bounded pagination, stable sorting/filter semantics, permission-safe counts and compatibility/versioning rules.",P0,REQUIRED,CRM-P1-BE-051;CRM-P1-BE-052;CRM-P1-CODE-026,,,,APPROVED,CRM Pass 1,2026-08-30
F026-PERF-001,F026,CRM-CAP-003,PERF,Performance envelope,"Normal Won / lost reasons record reads SHOULD meet p95 <=400ms server response, filtered lists <=600ms and standard mutations <=750ms on representative datasets; large jobs MUST become asynchronous.",P1,REQUIRED,CRM-P1-BE-051;CRM-P1-BE-052;CRM-P1-CODE-026,,,,APPROVED,CRM Pass 1,2026-08-30
F026-OBS-001,F026,CRM-CAP-003,OBS,Observability,"The system MUST emit correlation IDs, structured non-PII logs, business/technical metrics and retry/dead-letter/reconciliation diagnostics sufficient to explain Won / lost reasons failures without exposing sensitive content.",P0,REQUIRED,CRM-P1-BE-051;CRM-P1-BE-052;CRM-P1-CODE-026,,,,APPROVED,CRM Pass 1,2026-08-30
F026-E2E-001,F026,CRM-CAP-003,E2E,Happy/permission browser journey,Browser E2E MUST prove an authorized user can close a deal with a valid reason and later analyze outcomes without losing historical meaning and an unauthorized user cannot perform or infer the same action/data.,P0,REQUIRED,CRM-P1-BE-051;CRM-P1-BE-052;CRM-P1-CODE-026,,,,APPROVED,CRM Pass 1,2026-08-30
F026-E2E-002,F026,CRM-CAP-003,E2E,Conflict/failure browser journey,"Browser/API E2E MUST prove stale-write/conflict or retryable failure behavior for Won / lost reasons is visible, recoverable and does not duplicate business effects.",P0,REQUIRED,CRM-P1-BE-051;CRM-P1-BE-052;CRM-P1-CODE-026,,,,APPROVED,CRM Pass 1,2026-08-30
F026-UAT-001,F026,CRM-CAP-003,UAT,Front-line UAT,"Human UAT MUST have a front-line persona execute the primary Won / lost reasons job on desktop and a high-frequency mobile/tablet path, capturing visible result and audit evidence.",P0,REQUIRED,CRM-P1-BE-051;CRM-P1-BE-052;CRM-P1-CODE-026,,,,APPROVED,CRM Pass 1,2026-08-30
F026-UAT-002,F026,CRM-CAP-003,UAT,Manager/exception UAT,Human UAT MUST have a manager/operations persona exercise one permission/exception/override or reconciliation case and confirm reporting/history reflect the outcome.,P0,REQUIRED,CRM-P1-BE-051;CRM-P1-BE-052;CRM-P1-CODE-026,,,,APPROVED,CRM Pass 1,2026-08-30
F027-CAP-001,F027,CRM-CAP-002,CAP,Core operator outcome,"The Basic lead scoring capability MUST let authorized REP; OPS; MGR users understand a lead score, its components and how/when it changed before using it to prioritize work.",P0,REQUIRED,CRM-P1-BE-053;CRM-P1-BE-054;CRM-P1-CODE-027,,,,APPROVED,CRM Pass 1,2026-08-30
F027-CAP-002,F027,CRM-CAP-002,CAP,Enterprise completeness,"The capability MUST include the reviewed enterprise expectations for multiple models, decay, caps, segmentation, versioning, recalculation determinism, explanation and separation from qualification/probability and MUST NOT treat the short canonical label as the full scope.",P0,REQUIRED,CRM-P1-BE-053;CRM-P1-BE-054;CRM-P1-CODE-027,,,,APPROVED,CRM Pass 1,2026-08-30
F027-CAP-003,F027,CRM-CAP-002,CAP,Boundary ownership,Scoring may inform assignment/qualification/work queues but may not silently make those decisions outside their governing policy.,P0,REQUIRED,CRM-P1-BE-053;CRM-P1-BE-054;CRM-P1-CODE-027,,,,APPROVED,CRM Pass 1,2026-08-30
F027-FR-001,F027,CRM-CAP-002,FR,Primary workflow,"The system MUST provide a complete server-backed workflow to understand a lead score, its components and how/when it changed before using it to prioritize work, including success, empty, validation, permission and conflict states.",P0,REQUIRED,CRM-P1-BE-053;CRM-P1-BE-054;CRM-P1-CODE-027,,,,APPROVED,CRM Pass 1,2026-08-30
F027-FR-002,F027,CRM-CAP-002,FR,History and recoverability,"Every material Basic lead scoring mutation MUST leave durable history sufficient to explain actor, time, previous state, new state and reason where applicable.",P0,REQUIRED,CRM-P1-BE-053;CRM-P1-BE-054;CRM-P1-CODE-027,,,,APPROVED,CRM Pass 1,2026-08-30
F027-FR-003,F027,CRM-CAP-002,FR,Enterprise volume,"The feature MUST remain usable for individual work and enterprise list/bulk volumes using pagination, virtualization or asynchronous jobs when thresholds are crossed.",P0,REQUIRED,CRM-P1-BE-053;CRM-P1-BE-054;CRM-P1-CODE-027,,,,APPROVED,CRM Pass 1,2026-08-30
F027-US-001,F027,CRM-CAP-002,US,Front-line job,"As an authorized front-line user, I can understand a lead score, its components and how/when it changed before using it to prioritize work without navigating to raw technical resources or losing related-record context.",P0,REQUIRED,CRM-P1-BE-053;CRM-P1-BE-054;CRM-P1-CODE-027,,,,APPROVED,CRM Pass 1,2026-08-30
F027-US-002,F027,CRM-CAP-002,US,Manager/operations job,"As a manager or operations user, I can inspect, govern and audit Basic lead scoring behavior across my permitted team/company scope.",P0,REQUIRED,CRM-P1-BE-053;CRM-P1-BE-054;CRM-P1-CODE-027,,,,APPROVED,CRM Pass 1,2026-08-30
F027-FLOW-001,F027,CRM-CAP-002,FLOW,Primary and alternate flow,The primary flow MUST follow the governed lifecycle `Versioned derived score snapshots; lifecycle remains owned by F007/F006` and expose alternate/cancel paths where the lifecycle permits them.,P0,REQUIRED,CRM-P1-BE-053;CRM-P1-BE-054;CRM-P1-CODE-027,,,,APPROVED,CRM Pass 1,2026-08-30
F027-FLOW-002,F027,CRM-CAP-002,FLOW,Failure and retry flow,"Validation failures, authorization denials, concurrency conflicts and retryable integration failures MUST be visible, actionable and safe to retry without duplicate business effects.",P0,REQUIRED,CRM-P1-BE-053;CRM-P1-BE-054;CRM-P1-CODE-027,,,,APPROVED,CRM Pass 1,2026-08-30
F027-BR-001,F027,CRM-CAP-002,BR,Authoritative ownership,"The owning CRM domain command/service is authoritative for Basic lead scoring; UI, import, bulk, automation and AI paths MUST reuse the same business rules.",P0,REQUIRED,CRM-P1-BE-053;CRM-P1-BE-054;CRM-P1-CODE-027,,,,APPROVED,CRM Pass 1,2026-08-30
F027-BR-002,F027,CRM-CAP-002,BR,Historical truth,"Configuration or later edits MUST NOT rewrite historical Basic lead scoring events needed for audit, reporting or reproducibility.",P0,REQUIRED,CRM-P1-BE-053;CRM-P1-BE-054;CRM-P1-CODE-027,,,,APPROVED,CRM Pass 1,2026-08-30
F027-DATA-001,F027,CRM-CAP-002,DATA,Entity model,"The authoritative data model MUST explicitly govern crm_lead_scoring_models; crm_lead_scoring_model_rules; crm_scoring_rules; crm_lead_score_history; crm_lead_score_snapshots with organization identifiers, stable keys, lifecycle timestamps and indexes appropriate to access patterns.",P0,REQUIRED,CRM-P1-BE-053;CRM-P1-BE-054;CRM-P1-CODE-027,,,,APPROVED,CRM Pass 1,2026-08-30
F027-DATA-002,F027,CRM-CAP-002,DATA,Lineage and retention,"System-derived and externally sourced values MUST retain provenance/lineage, and retention/deletion behavior MUST preserve legally or operationally required audit links.",P0,REQUIRED,CRM-P1-BE-053;CRM-P1-BE-054;CRM-P1-CODE-027,,,,APPROVED,CRM Pass 1,2026-08-30
F027-VAL-001,F027,CRM-CAP-002,VAL,Server validation,"All create/update/transition commands MUST validate required fields, references, organization/company scope, lifecycle legality and normalized input server-side before persistence.",P0,REQUIRED,CRM-P1-BE-053;CRM-P1-BE-054;CRM-P1-CODE-027,,,,APPROVED,CRM Pass 1,2026-08-30
F027-VAL-002,F027,CRM-CAP-002,VAL,Actionable errors,Validation failures MUST return stable CRM error codes plus user-actionable messages without leaking restricted record existence or sensitive values.,P0,REQUIRED,CRM-P1-BE-053;CRM-P1-BE-054;CRM-P1-CODE-027,,,,APPROVED,CRM Pass 1,2026-08-30
F027-CALC-001,F027,CRM-CAP-002,CALC,Deterministic calculations,Rule score = deterministic sum of versioned positive/negative rule effects with caps/decay; ML propensity is stored separately with model version/confidence.,P0,REQUIRED,CRM-P1-BE-053;CRM-P1-BE-054;CRM-P1-CODE-027,,,,APPROVED,CRM Pass 1,2026-08-30
F027-UX-001,F027,CRM-CAP-002,UX,Workspace,The primary Basic lead scoring workspace MUST expose the next meaningful action above the fold and keep high-frequency context/actions within one consistent CRM shell.,P0,REQUIRED,CRM-P1-BE-053;CRM-P1-BE-054;CRM-P1-CODE-027,,,,APPROVED,CRM Pass 1,2026-08-30
F027-UX-002,F027,CRM-CAP-002,UX,States and feedback,"List/detail/create/edit surfaces MUST specify loading, empty, error, permission, stale/conflict and destructive-action states with immediate progress/confirmation feedback.",P0,REQUIRED,CRM-P1-BE-053;CRM-P1-BE-054;CRM-P1-CODE-027,,,,APPROVED,CRM Pass 1,2026-08-30
F027-UX-003,F027,CRM-CAP-002,UX,Responsive/accessibility,"Critical Basic lead scoring actions MUST work on desktop, tablet and phone with full keyboard operation, visible focus, semantic labels, non-drag alternatives and no horizontal content loss except intentional boards/tables.",P0,REQUIRED,CRM-P1-BE-053;CRM-P1-BE-054;CRM-P1-CODE-027,,,,APPROVED,CRM Pass 1,2026-08-30
F027-SEC-001,F027,CRM-CAP-002,SEC,Authorization,"Every Basic lead scoring query and command MUST enforce server-side organization, company/branch where applicable, team/owner/record scope and action permission before returning or mutating data.",P0,REQUIRED,CRM-P1-BE-053;CRM-P1-BE-054;CRM-P1-CODE-027,,,,APPROVED,CRM Pass 1,2026-08-30
F027-SEC-002,F027,CRM-CAP-002,SEC,Sensitive fields and negative tests,"Sensitive fields/content MUST support stricter field/content visibility than record visibility, and negative tests MUST prove unauthorized users cannot infer data via search counts, reports, timeline, exports, AI or errors.",P0,REQUIRED,CRM-P1-BE-053;CRM-P1-BE-054;CRM-P1-CODE-027,,,,APPROVED,CRM Pass 1,2026-08-30
F027-AUTO-001,F027,CRM-CAP-002,AUTO,Automation governance,"Approved automation may act on Basic lead scoring only through normal domain commands with trigger provenance, recursion control, retry policy, audit and operator visibility.",P0,REQUIRED,CRM-P1-BE-053;CRM-P1-BE-054;CRM-P1-CODE-027,,,,APPROVED,CRM Pass 1,2026-08-30
F027-APP-001,F027,CRM-CAP-002,APP,Approval/override policy,"Ordinary low-risk Basic lead scoring work does not require a universal approval; elevated overrides, destructive merges, high-impact bulk changes or configured thresholds MUST require the explicit permission/approval policy and reason.",P0,REQUIRED,CRM-P1-BE-053;CRM-P1-BE-054;CRM-P1-CODE-027,,,,APPROVED,CRM Pass 1,2026-08-30
F027-NOTIF-001,F027,CRM-CAP-002,NOTIF,Notification behavior,"Notifications for Basic lead scoring MUST be event-driven, permission-safe, preference-aware, deduplicated on retry and include a durable deep link when the recipient remains authorized.",P0,REQUIRED,CRM-P1-BE-053;CRM-P1-BE-054;CRM-P1-CODE-027,,,,APPROVED,CRM Pass 1,2026-08-30
F027-REP-001,F027,CRM-CAP-002,REP,Reporting contract,"Reports/KPIs for Basic lead scoring MUST define formula, dimensions, time basis, freshness, currency/units where applicable, permission-safe aggregation and drill-down reconciliation.",P0,REQUIRED,CRM-P1-BE-053;CRM-P1-BE-054;CRM-P1-CODE-027,,,,APPROVED,CRM Pass 1,2026-08-30
F027-AI-001,F027,CRM-CAP-002,AI,AI authority boundary,"AI class is `AI_RECOMMEND`. AI MAY assist/recommend/generate only within the caller's normal data permissions and MUST expose provenance, model/version, uncertainty/reasons where applicable and a deterministic/human fallback; it MUST NOT bypass normal mutation authority.",P0,REQUIRED,CRM-P1-BE-053;CRM-P1-BE-054;CRM-P1-CODE-027,,,,APPROVED,CRM Pass 1,2026-08-30
F027-INT-001,F027,CRM-CAP-002,INT,Module/external contract,Scoring may inform assignment/qualification/work queues but may not silently make those decisions outside their governing policy.,P0,REQUIRED,CRM-P1-BE-053;CRM-P1-BE-054;CRM-P1-CODE-027,,,,APPROVED,CRM Pass 1,2026-08-30
F027-INT-002,F027,CRM-CAP-002,INT,Failure reconciliation,"Every external or cross-module effect for Basic lead scoring MUST define idempotency, retry ownership, failure visibility, compensation/reversal where possible and an operator reconciliation path.",P0,REQUIRED,CRM-P1-BE-053;CRM-P1-BE-054;CRM-P1-CODE-027,,,,APPROVED,CRM Pass 1,2026-08-30
F027-API-001,F027,CRM-CAP-002,API,Command contract,"Mutating Basic lead scoring APIs MUST have explicit request/response/error schemas, authorization, optimistic concurrency where records are editable, audit/correlation metadata and idempotency for non-repeatable commands.",P0,REQUIRED,CRM-P1-BE-053;CRM-P1-BE-054;CRM-P1-CODE-027,,,,APPROVED,CRM Pass 1,2026-08-30
F027-API-002,F027,CRM-CAP-002,API,Query contract,"Basic lead scoring list/search/detail APIs MUST use bounded pagination, stable sorting/filter semantics, permission-safe counts and compatibility/versioning rules.",P0,REQUIRED,CRM-P1-BE-053;CRM-P1-BE-054;CRM-P1-CODE-027,,,,APPROVED,CRM Pass 1,2026-08-30
F027-PERF-001,F027,CRM-CAP-002,PERF,Performance envelope,"Normal Basic lead scoring record reads SHOULD meet p95 <=400ms server response, filtered lists <=600ms and standard mutations <=750ms on representative datasets; large jobs MUST become asynchronous.",P1,REQUIRED,CRM-P1-BE-053;CRM-P1-BE-054;CRM-P1-CODE-027,,,,APPROVED,CRM Pass 1,2026-08-30
F027-OBS-001,F027,CRM-CAP-002,OBS,Observability,"The system MUST emit correlation IDs, structured non-PII logs, business/technical metrics and retry/dead-letter/reconciliation diagnostics sufficient to explain Basic lead scoring failures without exposing sensitive content.",P0,REQUIRED,CRM-P1-BE-053;CRM-P1-BE-054;CRM-P1-CODE-027,,,,APPROVED,CRM Pass 1,2026-08-30
F027-E2E-001,F027,CRM-CAP-002,E2E,Happy/permission browser journey,"Browser E2E MUST prove an authorized user can understand a lead score, its components and how/when it changed before using it to prioritize work and an unauthorized user cannot perform or infer the same action/data.",P0,REQUIRED,CRM-P1-BE-053;CRM-P1-BE-054;CRM-P1-CODE-027,,,,APPROVED,CRM Pass 1,2026-08-30
F027-E2E-002,F027,CRM-CAP-002,E2E,Conflict/failure browser journey,"Browser/API E2E MUST prove stale-write/conflict or retryable failure behavior for Basic lead scoring is visible, recoverable and does not duplicate business effects.",P0,REQUIRED,CRM-P1-BE-053;CRM-P1-BE-054;CRM-P1-CODE-027,,,,APPROVED,CRM Pass 1,2026-08-30
F027-UAT-001,F027,CRM-CAP-002,UAT,Front-line UAT,"Human UAT MUST have a front-line persona execute the primary Basic lead scoring job on desktop and a high-frequency mobile/tablet path, capturing visible result and audit evidence.",P0,REQUIRED,CRM-P1-BE-053;CRM-P1-BE-054;CRM-P1-CODE-027,,,,APPROVED,CRM Pass 1,2026-08-30
F027-UAT-002,F027,CRM-CAP-002,UAT,Manager/exception UAT,Human UAT MUST have a manager/operations persona exercise one permission/exception/override or reconciliation case and confirm reporting/history reflect the outcome.,P0,REQUIRED,CRM-P1-BE-053;CRM-P1-BE-054;CRM-P1-CODE-027,,,,APPROVED,CRM Pass 1,2026-08-30
F028-CAP-001,F028,CRM-CAP-006,CAP,Core operator outcome,The Custom fields and tags capability MUST let authorized OPS; ADMIN; REP users configure typed fields/tags and use them in records/search without breaking security or compatibility.,P0,REQUIRED,CRM-P1-BE-055;CRM-P1-BE-056;CRM-P1-CODE-028,,,,APPROVED,CRM Pass 1,2026-08-30
F028-CAP-002,F028,CRM-CAP-006,CAP,Enterprise completeness,"The capability MUST include the reviewed enterprise expectations for field lifecycle, role visibility, dependent options, search/indexing, migration, API exposure, required-field rollout and executable-expression prohibition and MUST NOT treat the short canonical label as the full scope.",P0,REQUIRED,CRM-P1-BE-055;CRM-P1-BE-056;CRM-P1-CODE-028,,,,APPROVED,CRM Pass 1,2026-08-30
F028-CAP-003,F028,CRM-CAP-006,CAP,Boundary ownership,Custom fields are exposed through governed metadata/API schemas and reports only when field permissions allow.,P0,REQUIRED,CRM-P1-BE-055;CRM-P1-BE-056;CRM-P1-CODE-028,,,,APPROVED,CRM Pass 1,2026-08-30
F028-FR-001,F028,CRM-CAP-006,FR,Primary workflow,"The system MUST provide a complete server-backed workflow to configure typed fields/tags and use them in records/search without breaking security or compatibility, including success, empty, validation, permission and conflict states.",P0,REQUIRED,CRM-P1-BE-055;CRM-P1-BE-056;CRM-P1-CODE-028,,,,APPROVED,CRM Pass 1,2026-08-30
F028-FR-002,F028,CRM-CAP-006,FR,History and recoverability,"Every material Custom fields and tags mutation MUST leave durable history sufficient to explain actor, time, previous state, new state and reason where applicable.",P0,REQUIRED,CRM-P1-BE-055;CRM-P1-BE-056;CRM-P1-CODE-028,,,,APPROVED,CRM Pass 1,2026-08-30
F028-FR-003,F028,CRM-CAP-006,FR,Enterprise volume,"The feature MUST remain usable for individual work and enterprise list/bulk volumes using pagination, virtualization or asynchronous jobs when thresholds are crossed.",P0,REQUIRED,CRM-P1-BE-055;CRM-P1-BE-056;CRM-P1-CODE-028,,,,APPROVED,CRM Pass 1,2026-08-30
F028-US-001,F028,CRM-CAP-006,US,Front-line job,"As an authorized front-line user, I can configure typed fields/tags and use them in records/search without breaking security or compatibility without navigating to raw technical resources or losing related-record context.",P0,REQUIRED,CRM-P1-BE-055;CRM-P1-BE-056;CRM-P1-CODE-028,,,,APPROVED,CRM Pass 1,2026-08-30
F028-US-002,F028,CRM-CAP-006,US,Manager/operations job,"As a manager or operations user, I can inspect, govern and audit Custom fields and tags behavior across my permitted team/company scope.",P0,REQUIRED,CRM-P1-BE-055;CRM-P1-BE-056;CRM-P1-CODE-028,,,,APPROVED,CRM Pass 1,2026-08-30
F028-FLOW-001,F028,CRM-CAP-006,FLOW,Primary and alternate flow,The primary flow MUST follow the governed lifecycle `Definition DRAFT -> ACTIVE -> DEPRECATED -> ARCHIVED; stored values remain readable under lifecycle policy` and expose alternate/cancel paths where the lifecycle permits them.,P0,REQUIRED,CRM-P1-BE-055;CRM-P1-BE-056;CRM-P1-CODE-028,,,,APPROVED,CRM Pass 1,2026-08-30
F028-FLOW-002,F028,CRM-CAP-006,FLOW,Failure and retry flow,"Validation failures, authorization denials, concurrency conflicts and retryable integration failures MUST be visible, actionable and safe to retry without duplicate business effects.",P0,REQUIRED,CRM-P1-BE-055;CRM-P1-BE-056;CRM-P1-CODE-028,,,,APPROVED,CRM Pass 1,2026-08-30
F028-BR-001,F028,CRM-CAP-006,BR,Authoritative ownership,"The owning CRM domain command/service is authoritative for Custom fields and tags; UI, import, bulk, automation and AI paths MUST reuse the same business rules.",P0,REQUIRED,CRM-P1-BE-055;CRM-P1-BE-056;CRM-P1-CODE-028,,,,APPROVED,CRM Pass 1,2026-08-30
F028-BR-002,F028,CRM-CAP-006,BR,Historical truth,"Configuration or later edits MUST NOT rewrite historical Custom fields and tags events needed for audit, reporting or reproducibility.",P0,REQUIRED,CRM-P1-BE-055;CRM-P1-BE-056;CRM-P1-CODE-028,,,,APPROVED,CRM Pass 1,2026-08-30
F028-DATA-001,F028,CRM-CAP-006,DATA,Entity model,"The authoritative data model MUST explicitly govern crm_custom_field_definitions; crm_tags; crm_lead_tags; custom-value storage with organization identifiers, stable keys, lifecycle timestamps and indexes appropriate to access patterns.",P0,REQUIRED,CRM-P1-BE-055;CRM-P1-BE-056;CRM-P1-CODE-028,,,,APPROVED,CRM Pass 1,2026-08-30
F028-DATA-002,F028,CRM-CAP-006,DATA,Lineage and retention,"System-derived and externally sourced values MUST retain provenance/lineage, and retention/deletion behavior MUST preserve legally or operationally required audit links.",P0,REQUIRED,CRM-P1-BE-055;CRM-P1-BE-056;CRM-P1-CODE-028,,,,APPROVED,CRM Pass 1,2026-08-30
F028-VAL-001,F028,CRM-CAP-006,VAL,Server validation,"All create/update/transition commands MUST validate required fields, references, organization/company scope, lifecycle legality and normalized input server-side before persistence.",P0,REQUIRED,CRM-P1-BE-055;CRM-P1-BE-056;CRM-P1-CODE-028,,,,APPROVED,CRM Pass 1,2026-08-30
F028-VAL-002,F028,CRM-CAP-006,VAL,Actionable errors,Validation failures MUST return stable CRM error codes plus user-actionable messages without leaking restricted record existence or sensitive values.,P0,REQUIRED,CRM-P1-BE-055;CRM-P1-BE-056;CRM-P1-CODE-028,,,,APPROVED,CRM Pass 1,2026-08-30
F028-CALC-001,F028,CRM-CAP-006,CALC,Deterministic calculations,Typed validation/derived indexing is deterministic; no tenant expression may execute arbitrary SQL or server code.,P0,REQUIRED,CRM-P1-BE-055;CRM-P1-BE-056;CRM-P1-CODE-028,,,,APPROVED,CRM Pass 1,2026-08-30
F028-UX-001,F028,CRM-CAP-006,UX,Workspace,The primary Custom fields and tags workspace MUST expose the next meaningful action above the fold and keep high-frequency context/actions within one consistent CRM shell.,P0,REQUIRED,CRM-P1-BE-055;CRM-P1-BE-056;CRM-P1-CODE-028,,,,APPROVED,CRM Pass 1,2026-08-30
F028-UX-002,F028,CRM-CAP-006,UX,States and feedback,"List/detail/create/edit surfaces MUST specify loading, empty, error, permission, stale/conflict and destructive-action states with immediate progress/confirmation feedback.",P0,REQUIRED,CRM-P1-BE-055;CRM-P1-BE-056;CRM-P1-CODE-028,,,,APPROVED,CRM Pass 1,2026-08-30
F028-UX-003,F028,CRM-CAP-006,UX,Responsive/accessibility,"Critical Custom fields and tags actions MUST work on desktop, tablet and phone with full keyboard operation, visible focus, semantic labels, non-drag alternatives and no horizontal content loss except intentional boards/tables.",P0,REQUIRED,CRM-P1-BE-055;CRM-P1-BE-056;CRM-P1-CODE-028,,,,APPROVED,CRM Pass 1,2026-08-30
F028-SEC-001,F028,CRM-CAP-006,SEC,Authorization,"Every Custom fields and tags query and command MUST enforce server-side organization, company/branch where applicable, team/owner/record scope and action permission before returning or mutating data.",P0,REQUIRED,CRM-P1-BE-055;CRM-P1-BE-056;CRM-P1-CODE-028,,,,APPROVED,CRM Pass 1,2026-08-30
F028-SEC-002,F028,CRM-CAP-006,SEC,Sensitive fields and negative tests,"Sensitive fields/content MUST support stricter field/content visibility than record visibility, and negative tests MUST prove unauthorized users cannot infer data via search counts, reports, timeline, exports, AI or errors.",P0,REQUIRED,CRM-P1-BE-055;CRM-P1-BE-056;CRM-P1-CODE-028,,,,APPROVED,CRM Pass 1,2026-08-30
F028-AUTO-001,F028,CRM-CAP-006,AUTO,Automation governance,"Approved automation may act on Custom fields and tags only through normal domain commands with trigger provenance, recursion control, retry policy, audit and operator visibility.",P0,REQUIRED,CRM-P1-BE-055;CRM-P1-BE-056;CRM-P1-CODE-028,,,,APPROVED,CRM Pass 1,2026-08-30
F028-APP-001,F028,CRM-CAP-006,APP,Approval/override policy,"Ordinary low-risk Custom fields and tags work does not require a universal approval; elevated overrides, destructive merges, high-impact bulk changes or configured thresholds MUST require the explicit permission/approval policy and reason.",P0,REQUIRED,CRM-P1-BE-055;CRM-P1-BE-056;CRM-P1-CODE-028,,,,APPROVED,CRM Pass 1,2026-08-30
F028-NOTIF-001,F028,CRM-CAP-006,NOTIF,Notification behavior,"Notifications for Custom fields and tags MUST be event-driven, permission-safe, preference-aware, deduplicated on retry and include a durable deep link when the recipient remains authorized.",P0,REQUIRED,CRM-P1-BE-055;CRM-P1-BE-056;CRM-P1-CODE-028,,,,APPROVED,CRM Pass 1,2026-08-30
F028-REP-001,F028,CRM-CAP-006,REP,Reporting contract,"Reports/KPIs for Custom fields and tags MUST define formula, dimensions, time basis, freshness, currency/units where applicable, permission-safe aggregation and drill-down reconciliation.",P0,REQUIRED,CRM-P1-BE-055;CRM-P1-BE-056;CRM-P1-CODE-028,,,,APPROVED,CRM Pass 1,2026-08-30
F028-AI-001,F028,CRM-CAP-006,AI,AI authority boundary,"AI class is `AI_ASSIST`. AI MAY assist/recommend/generate only within the caller's normal data permissions and MUST expose provenance, model/version, uncertainty/reasons where applicable and a deterministic/human fallback; it MUST NOT bypass normal mutation authority.",P0,REQUIRED,CRM-P1-BE-055;CRM-P1-BE-056;CRM-P1-CODE-028,,,,APPROVED,CRM Pass 1,2026-08-30
F028-INT-001,F028,CRM-CAP-006,INT,Module/external contract,Custom fields are exposed through governed metadata/API schemas and reports only when field permissions allow.,P0,REQUIRED,CRM-P1-BE-055;CRM-P1-BE-056;CRM-P1-CODE-028,,,,APPROVED,CRM Pass 1,2026-08-30
F028-INT-002,F028,CRM-CAP-006,INT,Failure reconciliation,"Every external or cross-module effect for Custom fields and tags MUST define idempotency, retry ownership, failure visibility, compensation/reversal where possible and an operator reconciliation path.",P0,REQUIRED,CRM-P1-BE-055;CRM-P1-BE-056;CRM-P1-CODE-028,,,,APPROVED,CRM Pass 1,2026-08-30
F028-API-001,F028,CRM-CAP-006,API,Command contract,"Mutating Custom fields and tags APIs MUST have explicit request/response/error schemas, authorization, optimistic concurrency where records are editable, audit/correlation metadata and idempotency for non-repeatable commands.",P0,REQUIRED,CRM-P1-BE-055;CRM-P1-BE-056;CRM-P1-CODE-028,,,,APPROVED,CRM Pass 1,2026-08-30
F028-API-002,F028,CRM-CAP-006,API,Query contract,"Custom fields and tags list/search/detail APIs MUST use bounded pagination, stable sorting/filter semantics, permission-safe counts and compatibility/versioning rules.",P0,REQUIRED,CRM-P1-BE-055;CRM-P1-BE-056;CRM-P1-CODE-028,,,,APPROVED,CRM Pass 1,2026-08-30
F028-PERF-001,F028,CRM-CAP-006,PERF,Performance envelope,"Normal Custom fields and tags record reads SHOULD meet p95 <=400ms server response, filtered lists <=600ms and standard mutations <=750ms on representative datasets; large jobs MUST become asynchronous.",P1,REQUIRED,CRM-P1-BE-055;CRM-P1-BE-056;CRM-P1-CODE-028,,,,APPROVED,CRM Pass 1,2026-08-30
F028-OBS-001,F028,CRM-CAP-006,OBS,Observability,"The system MUST emit correlation IDs, structured non-PII logs, business/technical metrics and retry/dead-letter/reconciliation diagnostics sufficient to explain Custom fields and tags failures without exposing sensitive content.",P0,REQUIRED,CRM-P1-BE-055;CRM-P1-BE-056;CRM-P1-CODE-028,,,,APPROVED,CRM Pass 1,2026-08-30
F028-E2E-001,F028,CRM-CAP-006,E2E,Happy/permission browser journey,Browser E2E MUST prove an authorized user can configure typed fields/tags and use them in records/search without breaking security or compatibility and an unauthorized user cannot perform or infer the same action/data.,P0,REQUIRED,CRM-P1-BE-055;CRM-P1-BE-056;CRM-P1-CODE-028,,,,APPROVED,CRM Pass 1,2026-08-30
F028-E2E-002,F028,CRM-CAP-006,E2E,Conflict/failure browser journey,"Browser/API E2E MUST prove stale-write/conflict or retryable failure behavior for Custom fields and tags is visible, recoverable and does not duplicate business effects.",P0,REQUIRED,CRM-P1-BE-055;CRM-P1-BE-056;CRM-P1-CODE-028,,,,APPROVED,CRM Pass 1,2026-08-30
F028-UAT-001,F028,CRM-CAP-006,UAT,Front-line UAT,"Human UAT MUST have a front-line persona execute the primary Custom fields and tags job on desktop and a high-frequency mobile/tablet path, capturing visible result and audit evidence.",P0,REQUIRED,CRM-P1-BE-055;CRM-P1-BE-056;CRM-P1-CODE-028,,,,APPROVED,CRM Pass 1,2026-08-30
F028-UAT-002,F028,CRM-CAP-006,UAT,Manager/exception UAT,Human UAT MUST have a manager/operations persona exercise one permission/exception/override or reconciliation case and confirm reporting/history reflect the outcome.,P0,REQUIRED,CRM-P1-BE-055;CRM-P1-BE-056;CRM-P1-CODE-028,,,,APPROVED,CRM Pass 1,2026-08-30
F029-CAP-001,F029,CRM-CAP-006,CAP,Core operator outcome,"The Bulk actions capability MUST let authorized REP; MGR; OPS users preview and run a bulk change with exact eligibility, progress and row-level result evidence.",P0,REQUIRED,CRM-P1-BE-057;CRM-P1-BE-058;CRM-P1-CODE-029,,,,APPROVED,CRM Pass 1,2026-08-30
F029-CAP-002,F029,CRM-CAP-006,CAP,Enterprise completeness,"The capability MUST include the reviewed enterprise expectations for all-results selection, filter snapshot, partial failure, async limits, cancellation, retries, idempotency, per-row audit and AI approval boundary and MUST NOT treat the short canonical label as the full scope.",P0,REQUIRED,CRM-P1-BE-057;CRM-P1-BE-058;CRM-P1-CODE-029,,,,APPROVED,CRM Pass 1,2026-08-30
F029-CAP-003,F029,CRM-CAP-006,CAP,Boundary ownership,Bulk jobs invoke normal CRM domain commands per record and never expand the caller's record/field scope.,P0,REQUIRED,CRM-P1-BE-057;CRM-P1-BE-058;CRM-P1-CODE-029,,,,APPROVED,CRM Pass 1,2026-08-30
F029-FR-001,F029,CRM-CAP-006,FR,Primary workflow,"The system MUST provide a complete server-backed workflow to preview and run a bulk change with exact eligibility, progress and row-level result evidence, including success, empty, validation, permission and conflict states.",P0,REQUIRED,CRM-P1-BE-057;CRM-P1-BE-058;CRM-P1-CODE-029,,,,APPROVED,CRM Pass 1,2026-08-30
F029-FR-002,F029,CRM-CAP-006,FR,History and recoverability,"Every material Bulk actions mutation MUST leave durable history sufficient to explain actor, time, previous state, new state and reason where applicable.",P0,REQUIRED,CRM-P1-BE-057;CRM-P1-BE-058;CRM-P1-CODE-029,,,,APPROVED,CRM Pass 1,2026-08-30
F029-FR-003,F029,CRM-CAP-006,FR,Enterprise volume,"The feature MUST remain usable for individual work and enterprise list/bulk volumes using pagination, virtualization or asynchronous jobs when thresholds are crossed.",P0,REQUIRED,CRM-P1-BE-057;CRM-P1-BE-058;CRM-P1-CODE-029,,,,APPROVED,CRM Pass 1,2026-08-30
F029-US-001,F029,CRM-CAP-006,US,Front-line job,"As an authorized front-line user, I can preview and run a bulk change with exact eligibility, progress and row-level result evidence without navigating to raw technical resources or losing related-record context.",P0,REQUIRED,CRM-P1-BE-057;CRM-P1-BE-058;CRM-P1-CODE-029,,,,APPROVED,CRM Pass 1,2026-08-30
F029-US-002,F029,CRM-CAP-006,US,Manager/operations job,"As a manager or operations user, I can inspect, govern and audit Bulk actions behavior across my permitted team/company scope.",P0,REQUIRED,CRM-P1-BE-057;CRM-P1-BE-058;CRM-P1-CODE-029,,,,APPROVED,CRM Pass 1,2026-08-30
F029-FLOW-001,F029,CRM-CAP-006,FLOW,Primary and alternate flow,The primary flow MUST follow the governed lifecycle `DRAFT -> VALIDATED -> QUEUED -> RUNNING -> COMPLETED | PARTIAL | FAILED | CANCELED` and expose alternate/cancel paths where the lifecycle permits them.,P0,REQUIRED,CRM-P1-BE-057;CRM-P1-BE-058;CRM-P1-CODE-029,,,,APPROVED,CRM Pass 1,2026-08-30
F029-FLOW-002,F029,CRM-CAP-006,FLOW,Failure and retry flow,"Validation failures, authorization denials, concurrency conflicts and retryable integration failures MUST be visible, actionable and safe to retry without duplicate business effects.",P0,REQUIRED,CRM-P1-BE-057;CRM-P1-BE-058;CRM-P1-CODE-029,,,,APPROVED,CRM Pass 1,2026-08-30
F029-BR-001,F029,CRM-CAP-006,BR,Authoritative ownership,"The owning CRM domain command/service is authoritative for Bulk actions; UI, import, bulk, automation and AI paths MUST reuse the same business rules.",P0,REQUIRED,CRM-P1-BE-057;CRM-P1-BE-058;CRM-P1-CODE-029,,,,APPROVED,CRM Pass 1,2026-08-30
F029-BR-002,F029,CRM-CAP-006,BR,Historical truth,"Configuration or later edits MUST NOT rewrite historical Bulk actions events needed for audit, reporting or reproducibility.",P0,REQUIRED,CRM-P1-BE-057;CRM-P1-BE-058;CRM-P1-CODE-029,,,,APPROVED,CRM Pass 1,2026-08-30
F029-DATA-001,F029,CRM-CAP-006,DATA,Entity model,"The authoritative data model MUST explicitly govern Bulk job/request and item-result records plus normal CRM aggregates with organization identifiers, stable keys, lifecycle timestamps and indexes appropriate to access patterns.",P0,REQUIRED,CRM-P1-BE-057;CRM-P1-BE-058;CRM-P1-CODE-029,,,,APPROVED,CRM Pass 1,2026-08-30
F029-DATA-002,F029,CRM-CAP-006,DATA,Lineage and retention,"System-derived and externally sourced values MUST retain provenance/lineage, and retention/deletion behavior MUST preserve legally or operationally required audit links.",P0,REQUIRED,CRM-P1-BE-057;CRM-P1-BE-058;CRM-P1-CODE-029,,,,APPROVED,CRM Pass 1,2026-08-30
F029-VAL-001,F029,CRM-CAP-006,VAL,Server validation,"All create/update/transition commands MUST validate required fields, references, organization/company scope, lifecycle legality and normalized input server-side before persistence.",P0,REQUIRED,CRM-P1-BE-057;CRM-P1-BE-058;CRM-P1-CODE-029,,,,APPROVED,CRM Pass 1,2026-08-30
F029-VAL-002,F029,CRM-CAP-006,VAL,Actionable errors,Validation failures MUST return stable CRM error codes plus user-actionable messages without leaking restricted record existence or sensitive values.,P0,REQUIRED,CRM-P1-BE-057;CRM-P1-BE-058;CRM-P1-CODE-029,,,,APPROVED,CRM Pass 1,2026-08-30
F029-CALC-001,F029,CRM-CAP-006,CALC,Deterministic calculations,"Progress, eligible/ineligible counts and failure totals are deterministic; selection uses stable filter snapshot or explicit record IDs.",P0,REQUIRED,CRM-P1-BE-057;CRM-P1-BE-058;CRM-P1-CODE-029,,,,APPROVED,CRM Pass 1,2026-08-30
F029-UX-001,F029,CRM-CAP-006,UX,Workspace,The primary Bulk actions workspace MUST expose the next meaningful action above the fold and keep high-frequency context/actions within one consistent CRM shell.,P0,REQUIRED,CRM-P1-BE-057;CRM-P1-BE-058;CRM-P1-CODE-029,,,,APPROVED,CRM Pass 1,2026-08-30
F029-UX-002,F029,CRM-CAP-006,UX,States and feedback,"List/detail/create/edit surfaces MUST specify loading, empty, error, permission, stale/conflict and destructive-action states with immediate progress/confirmation feedback.",P0,REQUIRED,CRM-P1-BE-057;CRM-P1-BE-058;CRM-P1-CODE-029,,,,APPROVED,CRM Pass 1,2026-08-30
F029-UX-003,F029,CRM-CAP-006,UX,Responsive/accessibility,"Critical Bulk actions actions MUST work on desktop, tablet and phone with full keyboard operation, visible focus, semantic labels, non-drag alternatives and no horizontal content loss except intentional boards/tables.",P0,REQUIRED,CRM-P1-BE-057;CRM-P1-BE-058;CRM-P1-CODE-029,,,,APPROVED,CRM Pass 1,2026-08-30
F029-SEC-001,F029,CRM-CAP-006,SEC,Authorization,"Every Bulk actions query and command MUST enforce server-side organization, company/branch where applicable, team/owner/record scope and action permission before returning or mutating data.",P0,REQUIRED,CRM-P1-BE-057;CRM-P1-BE-058;CRM-P1-CODE-029,,,,APPROVED,CRM Pass 1,2026-08-30
F029-SEC-002,F029,CRM-CAP-006,SEC,Sensitive fields and negative tests,"Sensitive fields/content MUST support stricter field/content visibility than record visibility, and negative tests MUST prove unauthorized users cannot infer data via search counts, reports, timeline, exports, AI or errors.",P0,REQUIRED,CRM-P1-BE-057;CRM-P1-BE-058;CRM-P1-CODE-029,,,,APPROVED,CRM Pass 1,2026-08-30
F029-AUTO-001,F029,CRM-CAP-006,AUTO,Automation governance,"Approved automation may act on Bulk actions only through normal domain commands with trigger provenance, recursion control, retry policy, audit and operator visibility.",P0,REQUIRED,CRM-P1-BE-057;CRM-P1-BE-058;CRM-P1-CODE-029,,,,APPROVED,CRM Pass 1,2026-08-30
F029-APP-001,F029,CRM-CAP-006,APP,Approval/override policy,"Ordinary low-risk Bulk actions work does not require a universal approval; elevated overrides, destructive merges, high-impact bulk changes or configured thresholds MUST require the explicit permission/approval policy and reason.",P0,REQUIRED,CRM-P1-BE-057;CRM-P1-BE-058;CRM-P1-CODE-029,,,,APPROVED,CRM Pass 1,2026-08-30
F029-NOTIF-001,F029,CRM-CAP-006,NOTIF,Notification behavior,"Notifications for Bulk actions MUST be event-driven, permission-safe, preference-aware, deduplicated on retry and include a durable deep link when the recipient remains authorized.",P0,REQUIRED,CRM-P1-BE-057;CRM-P1-BE-058;CRM-P1-CODE-029,,,,APPROVED,CRM Pass 1,2026-08-30
F029-REP-001,F029,CRM-CAP-006,REP,Reporting contract,"Reports/KPIs for Bulk actions MUST define formula, dimensions, time basis, freshness, currency/units where applicable, permission-safe aggregation and drill-down reconciliation.",P0,REQUIRED,CRM-P1-BE-057;CRM-P1-BE-058;CRM-P1-CODE-029,,,,APPROVED,CRM Pass 1,2026-08-30
F029-AI-001,F029,CRM-CAP-006,AI,AI authority boundary,"AI class is `AI_AUTOMATE_WITH_APPROVAL`. AI MAY assist/recommend/generate only within the caller's normal data permissions and MUST expose provenance, model/version, uncertainty/reasons where applicable and a deterministic/human fallback; it MUST NOT bypass normal mutation authority.",P0,REQUIRED,CRM-P1-BE-057;CRM-P1-BE-058;CRM-P1-CODE-029,,,,APPROVED,CRM Pass 1,2026-08-30
F029-INT-001,F029,CRM-CAP-006,INT,Module/external contract,Bulk jobs invoke normal CRM domain commands per record and never expand the caller's record/field scope.,P0,REQUIRED,CRM-P1-BE-057;CRM-P1-BE-058;CRM-P1-CODE-029,,,,APPROVED,CRM Pass 1,2026-08-30
F029-INT-002,F029,CRM-CAP-006,INT,Failure reconciliation,"Every external or cross-module effect for Bulk actions MUST define idempotency, retry ownership, failure visibility, compensation/reversal where possible and an operator reconciliation path.",P0,REQUIRED,CRM-P1-BE-057;CRM-P1-BE-058;CRM-P1-CODE-029,,,,APPROVED,CRM Pass 1,2026-08-30
F029-API-001,F029,CRM-CAP-006,API,Command contract,"Mutating Bulk actions APIs MUST have explicit request/response/error schemas, authorization, optimistic concurrency where records are editable, audit/correlation metadata and idempotency for non-repeatable commands.",P0,REQUIRED,CRM-P1-BE-057;CRM-P1-BE-058;CRM-P1-CODE-029,,,,APPROVED,CRM Pass 1,2026-08-30
F029-API-002,F029,CRM-CAP-006,API,Query contract,"Bulk actions list/search/detail APIs MUST use bounded pagination, stable sorting/filter semantics, permission-safe counts and compatibility/versioning rules.",P0,REQUIRED,CRM-P1-BE-057;CRM-P1-BE-058;CRM-P1-CODE-029,,,,APPROVED,CRM Pass 1,2026-08-30
F029-PERF-001,F029,CRM-CAP-006,PERF,Performance envelope,"Normal Bulk actions record reads SHOULD meet p95 <=400ms server response, filtered lists <=600ms and standard mutations <=750ms on representative datasets; large jobs MUST become asynchronous.",P1,REQUIRED,CRM-P1-BE-057;CRM-P1-BE-058;CRM-P1-CODE-029,,,,APPROVED,CRM Pass 1,2026-08-30
F029-OBS-001,F029,CRM-CAP-006,OBS,Observability,"The system MUST emit correlation IDs, structured non-PII logs, business/technical metrics and retry/dead-letter/reconciliation diagnostics sufficient to explain Bulk actions failures without exposing sensitive content.",P0,REQUIRED,CRM-P1-BE-057;CRM-P1-BE-058;CRM-P1-CODE-029,,,,APPROVED,CRM Pass 1,2026-08-30
F029-E2E-001,F029,CRM-CAP-006,E2E,Happy/permission browser journey,"Browser E2E MUST prove an authorized user can preview and run a bulk change with exact eligibility, progress and row-level result evidence and an unauthorized user cannot perform or infer the same action/data.",P0,REQUIRED,CRM-P1-BE-057;CRM-P1-BE-058;CRM-P1-CODE-029,,,,APPROVED,CRM Pass 1,2026-08-30
F029-E2E-002,F029,CRM-CAP-006,E2E,Conflict/failure browser journey,"Browser/API E2E MUST prove stale-write/conflict or retryable failure behavior for Bulk actions is visible, recoverable and does not duplicate business effects.",P0,REQUIRED,CRM-P1-BE-057;CRM-P1-BE-058;CRM-P1-CODE-029,,,,APPROVED,CRM Pass 1,2026-08-30
F029-UAT-001,F029,CRM-CAP-006,UAT,Front-line UAT,"Human UAT MUST have a front-line persona execute the primary Bulk actions job on desktop and a high-frequency mobile/tablet path, capturing visible result and audit evidence.",P0,REQUIRED,CRM-P1-BE-057;CRM-P1-BE-058;CRM-P1-CODE-029,,,,APPROVED,CRM Pass 1,2026-08-30
F029-UAT-002,F029,CRM-CAP-006,UAT,Manager/exception UAT,Human UAT MUST have a manager/operations persona exercise one permission/exception/override or reconciliation case and confirm reporting/history reflect the outcome.,P0,REQUIRED,CRM-P1-BE-057;CRM-P1-BE-058;CRM-P1-CODE-029,,,,APPROVED,CRM Pass 1,2026-08-30
F030-CAP-001,F030,CRM-CAP-008,CAP,Core operator outcome,The CRM reports capability MUST let authorized REP; MGR; EXEC; OPS users run/save/drill/export an authorized report and reconcile every KPI to underlying CRM records.,P0,REQUIRED,CRM-P1-BE-059;CRM-P1-BE-060;CRM-P1-CODE-030,,,,APPROVED,CRM Pass 1,2026-08-30
F030-CAP-002,F030,CRM-CAP-008,CAP,Enterprise completeness,"The capability MUST include the reviewed enterprise expectations for semantic dimensions/measures, row/field security before aggregation, scheduled delivery, cache/freshness, formula versioning, safe custom builder and NL query transparency and MUST NOT treat the short canonical label as the full scope.",P0,REQUIRED,CRM-P1-BE-059;CRM-P1-BE-060;CRM-P1-CODE-030,,,,APPROVED,CRM Pass 1,2026-08-30
F030-CAP-003,F030,CRM-CAP-008,CAP,Boundary ownership,Reports may export to files/BI through permission-filtered datasets but never run arbitrary tenant SQL against private tables.,P0,REQUIRED,CRM-P1-BE-059;CRM-P1-BE-060;CRM-P1-CODE-030,,,,APPROVED,CRM Pass 1,2026-08-30
F030-FR-001,F030,CRM-CAP-008,FR,Primary workflow,"The system MUST provide a complete server-backed workflow to run/save/drill/export an authorized report and reconcile every KPI to underlying CRM records, including success, empty, validation, permission and conflict states.",P0,REQUIRED,CRM-P1-BE-059;CRM-P1-BE-060;CRM-P1-CODE-030,,,,APPROVED,CRM Pass 1,2026-08-30
F030-FR-002,F030,CRM-CAP-008,FR,History and recoverability,"Every material CRM reports mutation MUST leave durable history sufficient to explain actor, time, previous state, new state and reason where applicable.",P0,REQUIRED,CRM-P1-BE-059;CRM-P1-BE-060;CRM-P1-CODE-030,,,,APPROVED,CRM Pass 1,2026-08-30
F030-FR-003,F030,CRM-CAP-008,FR,Enterprise volume,"The feature MUST remain usable for individual work and enterprise list/bulk volumes using pagination, virtualization or asynchronous jobs when thresholds are crossed.",P0,REQUIRED,CRM-P1-BE-059;CRM-P1-BE-060;CRM-P1-CODE-030,,,,APPROVED,CRM Pass 1,2026-08-30
F030-US-001,F030,CRM-CAP-008,US,Front-line job,"As an authorized front-line user, I can run/save/drill/export an authorized report and reconcile every KPI to underlying CRM records without navigating to raw technical resources or losing related-record context.",P0,REQUIRED,CRM-P1-BE-059;CRM-P1-BE-060;CRM-P1-CODE-030,,,,APPROVED,CRM Pass 1,2026-08-30
F030-US-002,F030,CRM-CAP-008,US,Manager/operations job,"As a manager or operations user, I can inspect, govern and audit CRM reports behavior across my permitted team/company scope.",P0,REQUIRED,CRM-P1-BE-059;CRM-P1-BE-060;CRM-P1-CODE-030,,,,APPROVED,CRM Pass 1,2026-08-30
F030-FLOW-001,F030,CRM-CAP-008,FLOW,Primary and alternate flow,The primary flow MUST follow the governed lifecycle `Report definition DRAFT -> ACTIVE -> ARCHIVED; executions are stateless or asynchronous jobs` and expose alternate/cancel paths where the lifecycle permits them.,P0,REQUIRED,CRM-P1-BE-059;CRM-P1-BE-060;CRM-P1-CODE-030,,,,APPROVED,CRM Pass 1,2026-08-30
F030-FLOW-002,F030,CRM-CAP-008,FLOW,Failure and retry flow,"Validation failures, authorization denials, concurrency conflicts and retryable integration failures MUST be visible, actionable and safe to retry without duplicate business effects.",P0,REQUIRED,CRM-P1-BE-059;CRM-P1-BE-060;CRM-P1-CODE-030,,,,APPROVED,CRM Pass 1,2026-08-30
F030-BR-001,F030,CRM-CAP-008,BR,Authoritative ownership,"The owning CRM domain command/service is authoritative for CRM reports; UI, import, bulk, automation and AI paths MUST reuse the same business rules.",P0,REQUIRED,CRM-P1-BE-059;CRM-P1-BE-060;CRM-P1-CODE-030,,,,APPROVED,CRM Pass 1,2026-08-30
F030-BR-002,F030,CRM-CAP-008,BR,Historical truth,"Configuration or later edits MUST NOT rewrite historical CRM reports events needed for audit, reporting or reproducibility.",P0,REQUIRED,CRM-P1-BE-059;CRM-P1-BE-060;CRM-P1-CODE-030,,,,APPROVED,CRM Pass 1,2026-08-30
F030-DATA-001,F030,CRM-CAP-008,DATA,Entity model,"The authoritative data model MUST explicitly govern crm_report_definitions; crm_dashboards; crm_dashboard_widgets; governed CRM read models with organization identifiers, stable keys, lifecycle timestamps and indexes appropriate to access patterns.",P0,REQUIRED,CRM-P1-BE-059;CRM-P1-BE-060;CRM-P1-CODE-030,,,,APPROVED,CRM Pass 1,2026-08-30
F030-DATA-002,F030,CRM-CAP-008,DATA,Lineage and retention,"System-derived and externally sourced values MUST retain provenance/lineage, and retention/deletion behavior MUST preserve legally or operationally required audit links.",P0,REQUIRED,CRM-P1-BE-059;CRM-P1-BE-060;CRM-P1-CODE-030,,,,APPROVED,CRM Pass 1,2026-08-30
F030-VAL-001,F030,CRM-CAP-008,VAL,Server validation,"All create/update/transition commands MUST validate required fields, references, organization/company scope, lifecycle legality and normalized input server-side before persistence.",P0,REQUIRED,CRM-P1-BE-059;CRM-P1-BE-060;CRM-P1-CODE-030,,,,APPROVED,CRM Pass 1,2026-08-30
F030-VAL-002,F030,CRM-CAP-008,VAL,Actionable errors,Validation failures MUST return stable CRM error codes plus user-actionable messages without leaking restricted record existence or sensitive values.,P0,REQUIRED,CRM-P1-BE-059;CRM-P1-BE-060;CRM-P1-CODE-030,,,,APPROVED,CRM Pass 1,2026-08-30
F030-CALC-001,F030,CRM-CAP-008,CALC,Deterministic calculations,"Every standard measure has a versioned formula, filter/time/currency basis and source reconciliation; natural-language analytics compiles to governed semantics only.",P0,REQUIRED,CRM-P1-BE-059;CRM-P1-BE-060;CRM-P1-CODE-030,,,,APPROVED,CRM Pass 1,2026-08-30
F030-UX-001,F030,CRM-CAP-008,UX,Workspace,The primary CRM reports workspace MUST expose the next meaningful action above the fold and keep high-frequency context/actions within one consistent CRM shell.,P0,REQUIRED,CRM-P1-BE-059;CRM-P1-BE-060;CRM-P1-CODE-030,,,,APPROVED,CRM Pass 1,2026-08-30
F030-UX-002,F030,CRM-CAP-008,UX,States and feedback,"List/detail/create/edit surfaces MUST specify loading, empty, error, permission, stale/conflict and destructive-action states with immediate progress/confirmation feedback.",P0,REQUIRED,CRM-P1-BE-059;CRM-P1-BE-060;CRM-P1-CODE-030,,,,APPROVED,CRM Pass 1,2026-08-30
F030-UX-003,F030,CRM-CAP-008,UX,Responsive/accessibility,"Critical CRM reports actions MUST work on desktop, tablet and phone with full keyboard operation, visible focus, semantic labels, non-drag alternatives and no horizontal content loss except intentional boards/tables.",P0,REQUIRED,CRM-P1-BE-059;CRM-P1-BE-060;CRM-P1-CODE-030,,,,APPROVED,CRM Pass 1,2026-08-30
F030-SEC-001,F030,CRM-CAP-008,SEC,Authorization,"Every CRM reports query and command MUST enforce server-side organization, company/branch where applicable, team/owner/record scope and action permission before returning or mutating data.",P0,REQUIRED,CRM-P1-BE-059;CRM-P1-BE-060;CRM-P1-CODE-030,,,,APPROVED,CRM Pass 1,2026-08-30
F030-SEC-002,F030,CRM-CAP-008,SEC,Sensitive fields and negative tests,"Sensitive fields/content MUST support stricter field/content visibility than record visibility, and negative tests MUST prove unauthorized users cannot infer data via search counts, reports, timeline, exports, AI or errors.",P0,REQUIRED,CRM-P1-BE-059;CRM-P1-BE-060;CRM-P1-CODE-030,,,,APPROVED,CRM Pass 1,2026-08-30
F030-AUTO-001,F030,CRM-CAP-008,AUTO,Automation governance,"Approved automation may act on CRM reports only through normal domain commands with trigger provenance, recursion control, retry policy, audit and operator visibility.",P0,REQUIRED,CRM-P1-BE-059;CRM-P1-BE-060;CRM-P1-CODE-030,,,,APPROVED,CRM Pass 1,2026-08-30
F030-APP-001,F030,CRM-CAP-008,APP,Approval/override policy,"Ordinary low-risk CRM reports work does not require a universal approval; elevated overrides, destructive merges, high-impact bulk changes or configured thresholds MUST require the explicit permission/approval policy and reason.",P0,REQUIRED,CRM-P1-BE-059;CRM-P1-BE-060;CRM-P1-CODE-030,,,,APPROVED,CRM Pass 1,2026-08-30
F030-NOTIF-001,F030,CRM-CAP-008,NOTIF,Notification behavior,"Notifications for CRM reports MUST be event-driven, permission-safe, preference-aware, deduplicated on retry and include a durable deep link when the recipient remains authorized.",P0,REQUIRED,CRM-P1-BE-059;CRM-P1-BE-060;CRM-P1-CODE-030,,,,APPROVED,CRM Pass 1,2026-08-30
F030-REP-001,F030,CRM-CAP-008,REP,Reporting contract,"Reports/KPIs for CRM reports MUST define formula, dimensions, time basis, freshness, currency/units where applicable, permission-safe aggregation and drill-down reconciliation.",P0,REQUIRED,CRM-P1-BE-059;CRM-P1-BE-060;CRM-P1-CODE-030,,,,APPROVED,CRM Pass 1,2026-08-30
F030-AI-001,F030,CRM-CAP-008,AI,AI authority boundary,"AI class is `AI_ASSIST`. AI MAY assist/recommend/generate only within the caller's normal data permissions and MUST expose provenance, model/version, uncertainty/reasons where applicable and a deterministic/human fallback; it MUST NOT bypass normal mutation authority.",P0,REQUIRED,CRM-P1-BE-059;CRM-P1-BE-060;CRM-P1-CODE-030,,,,APPROVED,CRM Pass 1,2026-08-30
F030-INT-001,F030,CRM-CAP-008,INT,Module/external contract,Reports may export to files/BI through permission-filtered datasets but never run arbitrary tenant SQL against private tables.,P0,REQUIRED,CRM-P1-BE-059;CRM-P1-BE-060;CRM-P1-CODE-030,,,,APPROVED,CRM Pass 1,2026-08-30
F030-INT-002,F030,CRM-CAP-008,INT,Failure reconciliation,"Every external or cross-module effect for CRM reports MUST define idempotency, retry ownership, failure visibility, compensation/reversal where possible and an operator reconciliation path.",P0,REQUIRED,CRM-P1-BE-059;CRM-P1-BE-060;CRM-P1-CODE-030,,,,APPROVED,CRM Pass 1,2026-08-30
F030-API-001,F030,CRM-CAP-008,API,Command contract,"Mutating CRM reports APIs MUST have explicit request/response/error schemas, authorization, optimistic concurrency where records are editable, audit/correlation metadata and idempotency for non-repeatable commands.",P0,REQUIRED,CRM-P1-BE-059;CRM-P1-BE-060;CRM-P1-CODE-030,,,,APPROVED,CRM Pass 1,2026-08-30
F030-API-002,F030,CRM-CAP-008,API,Query contract,"CRM reports list/search/detail APIs MUST use bounded pagination, stable sorting/filter semantics, permission-safe counts and compatibility/versioning rules.",P0,REQUIRED,CRM-P1-BE-059;CRM-P1-BE-060;CRM-P1-CODE-030,,,,APPROVED,CRM Pass 1,2026-08-30
F030-PERF-001,F030,CRM-CAP-008,PERF,Performance envelope,"Normal CRM reports record reads SHOULD meet p95 <=400ms server response, filtered lists <=600ms and standard mutations <=750ms on representative datasets; large jobs MUST become asynchronous.",P1,REQUIRED,CRM-P1-BE-059;CRM-P1-BE-060;CRM-P1-CODE-030,,,,APPROVED,CRM Pass 1,2026-08-30
F030-OBS-001,F030,CRM-CAP-008,OBS,Observability,"The system MUST emit correlation IDs, structured non-PII logs, business/technical metrics and retry/dead-letter/reconciliation diagnostics sufficient to explain CRM reports failures without exposing sensitive content.",P0,REQUIRED,CRM-P1-BE-059;CRM-P1-BE-060;CRM-P1-CODE-030,,,,APPROVED,CRM Pass 1,2026-08-30
F030-E2E-001,F030,CRM-CAP-008,E2E,Happy/permission browser journey,Browser E2E MUST prove an authorized user can run/save/drill/export an authorized report and reconcile every KPI to underlying CRM records and an unauthorized user cannot perform or infer the same action/data.,P0,REQUIRED,CRM-P1-BE-059;CRM-P1-BE-060;CRM-P1-CODE-030,,,,APPROVED,CRM Pass 1,2026-08-30
F030-E2E-002,F030,CRM-CAP-008,E2E,Conflict/failure browser journey,"Browser/API E2E MUST prove stale-write/conflict or retryable failure behavior for CRM reports is visible, recoverable and does not duplicate business effects.",P0,REQUIRED,CRM-P1-BE-059;CRM-P1-BE-060;CRM-P1-CODE-030,,,,APPROVED,CRM Pass 1,2026-08-30
F030-UAT-001,F030,CRM-CAP-008,UAT,Front-line UAT,"Human UAT MUST have a front-line persona execute the primary CRM reports job on desktop and a high-frequency mobile/tablet path, capturing visible result and audit evidence.",P0,REQUIRED,CRM-P1-BE-059;CRM-P1-BE-060;CRM-P1-CODE-030,,,,APPROVED,CRM Pass 1,2026-08-30
F030-UAT-002,F030,CRM-CAP-008,UAT,Manager/exception UAT,Human UAT MUST have a manager/operations persona exercise one permission/exception/override or reconciliation case and confirm reporting/history reflect the outcome.,P0,REQUIRED,CRM-P1-BE-059;CRM-P1-BE-060;CRM-P1-CODE-030,,,,APPROVED,CRM Pass 1,2026-08-30
